episode,episode_step,global_step,reward,terminated,truncated,model_steering,model_drive,obs_lidar_00,obs_lidar_01,obs_lidar_02,obs_lidar_03,obs_lidar_04,obs_lidar_05,obs_lidar_06,obs_lidar_07,obs_lidar_08,obs_lidar_09,obs_lidar_10,obs_lidar_11,obs_lidar_min,obs_front_lidar_min,obs_left_lidar_min,obs_back_lidar_min,obs_right_lidar_min,obs_vision_visible,obs_pursuer_dx,obs_pursuer_dy,obs_pursuer_distance,obs_pursuer_sin_bearing,obs_ego_speed,obs_ego_acceleration,obs_ego_steering,obs_ego_yaw_rate,obs_ego_heading_sin,obs_ego_heading_cos,obs_ego_touch,obs_avoidance_front_risk,obs_avoidance_danger_delta,obs_avoidance_turn_direction,obs_avoidance_heading_progress,obs_avoidance_heading_remaining,distance_to_pursuer,obstacle_distance,front_obstacle_distance,left_obstacle_distance,right_obstacle_distance,back_obstacle_distance,front_corridor_risk,obstacle_risk_escape_scale,min_lidar,front_lidar,pursuer_visible,front_pursuer_visible,left_pursuer_visible,right_pursuer_visible,back_pursuer_visible,pursuer_reward_total,obstacle_reward_total,movement_reward_total,stability_reward_total,survival_reward_total,front_obstacle_penalty,side_obstacle_penalty,back_obstacle_penalty,obstacle_clearance_delta_reward,obstacle_collision_free_reward,back_approach_penalty,front_blocked_speed_penalty,front_blocked_drive_penalty,front_blocked_straight_penalty,front_blocked_brake_reward,obstacle_action_reward,obstacle_action_penalty,obstacle_target_steering,obstacle_target_drive,obstacle_steering_error,obstacle_drive_error,obstacle_turn_commitment_reward,obstacle_turn_switch_penalty,obstacle_turn_progress_reward,obstacle_wrong_heading_penalty,obstacle_insufficient_turn_penalty,obstacle_heading_progress,obstacle_heading_goal,obstacle_safety_intervention_penalty,moving_away_reward,visual_moving_away_reward,radial_escape_reward,tangential_orbit_penalty,raw_distance_delta,distance_delta,exploration_reward,movement_reward,rewarded_moved_distance,still_penalty,obstacle_stall_penalty,fast_turn_penalty,tight_turn_penalty,long_curve_penalty,straight_drive_reward,clear_path_straight_reward,unnecessary_turn_penalty,avoidance_turn_reward,over_avoidance_turn_penalty,clear_front_turn_penalty,straighten_reward,turn_towards_obstacle_penalty,turn_towards_visible_pursuer_penalty,path_prediction_reward,action_smoothness_penalty,tilt_penalty,overspeed_penalty,survival_reward,captured,obstacle_collision,rollover,touch_contact,raw_touch_sensor_contact,touch_collision_plausible,moved_distance,speed_kmh,target_speed,throttle,brake,policy_steering,policy_drive,policy_steering_index,policy_drive_index,quantized_steering,quantized_drive,applied_steering,applied_drive,current_steering,steering_direction_streak,obstacle_turn_direction,obstacle_safety_active,obstacle_safety_action_delta,evader_steering_target,evader_steering_command_target,evader_steering_stabilization_active,evader_steering_stabilization_delta,evader_steering_commit_direction,evader_steering_commit_steps_left,pursuer_avoidance_active,pursuer_avoidance_obstacle_count,pursuer_avoidance_side,pursuer_avoidance_commit_steps_left,pursuer_return_to_chase_steps_left,pursuer_contact_active,pursuer_contact_source,pursuer_contact_memory_steps_left,pursuer_x,pursuer_y,pursuer_next_x,pursuer_next_y,pursuer_move_x,pursuer_move_y,pursuer_move_distance,pursuer_heading,pursuer_guidance_x,pursuer_guidance_y,pursuer_knows_exact_position,pursuer_target_x,pursuer_target_y,pursuer_lidar_avoidance_active,pursuer_lidar_front_distance,pursuer_lidar_left_distance,pursuer_lidar_right_distance,pursuer_lidar_danger_count,pursuer_planner_active,pursuer_planner_path_length,pursuer_planner_replan,pursuer_planner_stuck_recovery,pursuer_count,pursuer_direct_chase_hold_steps_left,pursuer_behavior_limited,pursuer_line_of_sight,pursuer_info_mode,pursuer_hint_refresh,pursuer_hint_age_seconds,timing_total_ms,timing_control_ms,timing_pursuer_ms,timing_webots_ms,timing_webots_max_step_ms,timing_webots_steps,timing_observation_ms,timing_reward_ms,timing_finish_ms,timing_display_ms
1,1,1,-1.3070429740713554,0,0,3.0,3.0,1.0,0.5914269089698792,1.0,1.0,0.5079379081726074,0.6168651580810547,1.0,1.0,1.0,1.0,1.0,1.0,0.5079379081726074,0.5914269089698792,0.5079379081726074,1.0,1.0,0.0,0.38250836730003357,-1.0,1.0,-0.9496878385543823,-7.675859592382039e-07,-4.6641507651656866e-05,0.0,-0.020573485642671585,0.004126009531319141,-0.9999914765357971,0.0,0.0,0.0,0.0,0.0,0.0,146.5539093017578,12.701138496398926,14.789814949035645,12.701138496398926,25.0,25.0,0.0,1.0,0.508045539855957,0.5915925979614258,0.0,0.0,0.0,0.0,0.0,0.9942900598980486,0.15010697394470215,-2.991858202398289,0.5404181944841828,0.0,-0.0,-0.010317180734572216,-1.3619978928745457e-05,0.010437774658203124,0.15,-0.0,0.0,0.0,-0.0,0.0,0.0,0.0,0.0,0.35,0.0,0.0,0.0,0.0,0.0,0.0,0.0,0.0,0.25,-0.0,-0.015625,0.0,-0.005709940101951361,-0.0,-0.001953125,-0.001953125,-0.05,0.0021417985553853214,0.0014278657035902143,-3.0,0.0,-0.00025598447375638146,-0.0,-0.0,0.4378181743621827,0.5472727179527282,-0.15272727012634274,0.0,-0.06664462696422228,-0.11851313365589487,0.0,0.0,0.0,0.0,-0.10653168261051178,-0.0,-0.0,0.0,0.0,0.0,0.0,0.0,0.0,0.0,0.0014278657035902143,0.24887379392981532,32.4,0.7326086850269979,0.0,0.25,0.699999988079071,3.0,3.0,0.25,0.699999988079071,0.11999999731779099,0.699999988079071,0.12,1.0,0.0,0.0,0.0,0.25,0.25,1.0,0.13,0.0,0.0,0.0,0.0,0.0,0.0,0.0,0.0,0.0,0.0,0.0,0.0,0.0,0.0,0.0,0.0,0.0,0.0,0.0,0.0,0.0,0.0,0.0,0.0,28.0,28.0,28.0,0.0,0.0,0.0,0.0,0.0,1.0,0.0,1.0,0.0,0.0,0.0,0.04,71.03689992800355,0.6827999604865909,0.001800013706088066,61.54689996037632,28.280299971811473,4.0,4.606499918736517,2.8834000695496798,1.2593999272212386,0.001700012944638729
1,2,2,-1.964331350343518,0,0,3.0,3.0,1.0,0.5915926098823547,1.0,1.0,0.5080455541610718,0.617988109588623,1.0,1.0,1.0,1.0,1.0,1.0,0.5080455541610718,0.5915926098823547,0.5080455541610718,1.0,1.0,0.0,0.3825245201587677,-1.0,1.0,-0.9496821165084839,0.0035553399939090014,0.21603627502918243,0.2181818187236786,-0.014582278206944466,0.005079937633126974,-0.9999871253967285,0.0,0.0,0.0,0.0,0.0,0.0,146.55441284179688,12.701138496398926,14.789814949035645,12.701138496398926,25.0,25.0,0.0,1.0,0.508045539855957,0.5915925979614258,0.0,0.0,0.0,0.0,0.0,1.0041893320158124,0.13966919928649904,-2.990640577818267,-0.11754930382756251,0.0,-0.0,-0.010317180734572216,-1.3619978928745457e-05,0.0,0.15,-0.0,0.0,0.0,-0.0,0.0,0.0,0.0,0.0,0.35,0.0,0.0,0.0,0.0,0.0,0.0,0.0,0.0,0.25,-0.0,0.00201416015625,0.0,0.004189332015812397,-0.0,0.0005035400390625,0.0005035400390625,-0.05,0.003359423135407269,0.002239615423604846,-3.0,0.0,-0.000671794896023614,-0.0,-0.0,0.3156363582611085,0.39454544782638556,-0.3054545402526855,0.0,-0.26657850785688914,-0.23702626731178975,0.0,0.0,0.0,0.0,-0.017999999597668646,-0.0,-0.0,0.0,0.0,0.0,0.0,0.0,0.0,0.0,0.002239615423604846,0.3265669633448124,32.4,0.7326086850269979,0.0,0.25,0.699999988079071,3.0,3.0,0.25,0.699999988079071,0.23999999463558197,0.699999988079071,0.24,2.0,0.0,0.0,0.0,0.25,0.25,1.0,0.010000000000000009,0.0,0.0,0.0,0.0,0.0,0.0,0.0,0.0,0.0,0.0,0.0,0.0,0.0,0.0,0.0,0.0,0.0,0.0,0.0,0.0,0.0,0.0,0.0,0.0,28.0,28.0,28.0,0.0,0.0,0.0,0.0,0.0,1.0,0.0,1.0,0.0,0.0,0.0,0.08,39.39480008557439,0.6924000335857272,0.00300002284348011,29.758799937553704,14.801600016653538,4.0,5.0539999501779675,3.023700090125203,0.803499948233366,0.001700012944638729
1,3,3,0.4864253273590547,0,0,2.0,3.0,1.0,0.5915926098823547,1.0,1.0,0.5080455541610718,0.617988109588623,1.0,1.0,1.0,1.0,1.0,1.0,0.5080455541610718,0.5915926098823547,0.5080455541610718,1.0,1.0,0.0,0.382563054561615,-1.0,1.0,-0.9496720433235168,0.00466524250805378,0.06744198501110077,0.4363636374473572,-0.014582278206944466,0.004879101179540157,-0.9999880790710449,0.0,0.0,0.0,0.0,0.0,0.0,146.55616760253906,12.700995445251465,14.789292335510254,12.700995445251465,25.0,25.0,0.0,1.0,0.5080398178100586,0.5915716934204102,0.0,0.0,0.0,0.0,0.0,1.00676532369107,0.13949476514133102,-1.4365588113479317,0.7767240498745853,0.0,-0.0,-0.01031766468442774,-1.3619978928745457e-05,-0.0001739501953125,0.15,-0.0,0.0,0.0,-0.0,0.0,0.0,0.0,0.0,0.35,0.0,0.0,0.0,0.0,0.0,0.0,0.0,0.0,0.25,-0.0,0.00701904296875,0.0,0.00676532369107008,-0.0,0.0017547607421875,0.0017547607421875,1.5,0.007441189605742693,0.004960793070495129,-3.0,0.0,-0.00062092917278409,-0.0,-0.0,0.4378181743621827,0.5472727179527282,-0.15272727012634274,0.0,-0.06664462696422228,-0.1185040116743608,0.14812999509505287,0.0,0.0,0.0,-0.017999999597668646,-0.0,-0.0,0.0,0.0,0.0,0.0,0.0,0.0,0.0,0.004960793070495129,0.6036811402067542,32.4,0.7326086850269979,0.0,0.0,0.699999988079071,2.0,3.0,0.0,0.699999988079071,0.11999999731779099,0.699999988079071,0.12,3.0,0.0,0.0,0.0,0.0,0.0,1.0,0.12,0.0,0.0,0.0,0.0,0.0,0.0,0.0,0.0,0.0,0.0,0.0,0.0,0.0,0.0,0.0,0.0,0.0,0.0,0.0,0.0,0.0,0.0,0.0,0.0,28.0,28.0,28.0,0.0,0.0,0.0,0.0,0.0,1.0,0.0,1.0,0.0,0.0,0.0,0.12,57.05309996847063,0.7499000057578087,0.000600004568696022,48.981300089508295,36.23720002360642,4.0,4.156899987719953,2.505000098608434,0.6194000598043203,0.000300002284348011
1,4,4,-1.9356608361465975,0,0,3.0,3.0,1.0,0.5915716886520386,1.0,1.0,0.5080398321151733,0.618010938167572,1.0,1.0,1.0,1.0,1.0,1.0,0.5080398321151733,0.5915716886520386,0.5080398321151733,1.0,1.0,0.0,0.3826128840446472,-1.0,1.0,-0.9496598243713379,0.008624016307294369,0.24055050313472748,0.2181818187236786,-0.0009767109295353293,0.0052099949680268764,-0.9999864101409912,0.0,0.0,0.0,0.0,0.0,0.0,146.55955505371094,12.70604419708252,14.784870147705078,12.70604419708252,25.0,25.0,0.0,1.0,0.5082417678833008,0.5913948059082031,0.0,0.0,0.0,0.0,0.0,1.0110674798488617,0.1541360523911717,-2.982420923495665,-0.11844344489096567,0.0,-0.0,-0.010300598438201402,-1.3619978928745457e-05,0.0027123451232910155,0.15,-0.0,0.0,0.0,-0.0,0.0,0.0,0.0,0.0,0.35,0.0,0.0,0.0,0.0,0.0,0.0,0.0,0.0,0.25,-0.0,0.0135498046875,0.0,0.011067479848861694,-0.0,0.003387451171875,0.003387451171875,-0.05,0.011579077458009124,0.0077193849720060825,-3.0,0.0,-0.0017385544786027499,-0.0,-0.0,0.3156363582611085,0.39454544782638556,-0.3054545402526855,0.0,-0.26657850785688914,-0.2368536487926136,0.0,0.0,0.0,0.01173792568501085,-0.017999999597668646,-0.0,-0.0,0.0,0.0,0.0,0.0,0.0,0.0,0.0,0.0077193849720060825,0.8451306493207812,32.4,0.7326086850269979,0.0,0.25,0.699999988079071,3.0,3.0,0.25,0.699999988079071,0.23999999463558197,0.699999988079071,0.24,4.0,0.0,0.0,0.0,0.25,0.25,1.0,0.010000000000000009,0.0,0.0,0.0,0.0,0.0,0.0,0.0,0.0,0.0,0.0,0.0,0.0,0.0,0.0,0.0,0.0,0.0,0.0,0.0,0.0,0.0,0.0,0.0,0.0,28.0,28.0,28.0,0.0,0.0,0.0,0.0,0.0,1.0,0.0,1.0,0.0,0.0,0.0,0.16,38.562500034458935,0.5171999800950289,0.000600004568696022,30.129100079648197,15.171300037764013,4.0,4.37370000872761,2.824599971063435,0.6744000129401684,0.000500003807246685
1,5,5,-1.9810245492246927,0,0,3.0,3.0,1.0,0.5913947820663452,1.0,1.0,0.5082417726516724,0.618482232093811,1.0,1.0,1.0,1.0,1.0,1.0,0.5082417726516724,0.5913947820663452,0.5082417726516724,1.0,1.0,0.0,0.38268959522247314,-1.0,1.0,-0.9496415257453918,0.012073295190930367,0.2095915824174881,0.4363636374473572,-0.00330229545943439,0.0055299480445683,-0.9999846816062927,0.0,0.0,0.0,0.0,0.0,0.0,146.5639190673828,12.70604419708252,14.784870147705078,12.70604419708252,25.0,25.0,0.0,1.0,0.5082417678833008,0.5913948059082031,0.0,0.0,0.0,0.0,0.0,1.0141709931194782,0.1542090235963988,-2.978775994926691,-0.17062857101387888,0.0,-0.0,-0.010300598438201402,-1.3619978928745457e-05,0.0,0.15,-0.0,0.0,0.0,-0.0,0.0,0.0,0.0,0.0,0.35,0.0,0.0,0.0,0.0,0.0,0.0,0.0,0.0,0.25,-0.0,0.0174560546875,0.0,0.014170993119478226,-0.0,0.004364013671875,0.004364013671875,-0.05,0.015224006026983261,0.010149337351322174,-3.0,0.0,-0.002240728767801608,-0.0,-0.0,0.30545454025268554,0.3818181753158569,-0.3181818127632141,0.0,-0.2892561934211037,-0.2467225508256392,0.0,0.0,0.0,0.014523242013528942,-0.0015000008046627043,-0.0,-0.0,0.0,0.0,0.0,0.0,0.0,0.0,0.0,0.010149337351322174,1.0456734249740838,32.4,0.7326086850269979,0.0,0.25,0.699999988079071,3.0,3.0,0.25,0.699999988079071,0.25,0.699999988079071,0.25,5.0,0.0,0.0,0.0,0.25,0.25,0.0,0.0,0.0,0.0,0.0,0.0,0.0,0.0,0.0,0.0,0.0,0.0,0.0,0.0,0.0,0.0,0.0,0.0,0.0,0.0,0.0,0.0,0.0,0.0,0.0,0.0,28.0,28.0,28.0,0.0,0.0,0.0,0.0,0.0,1.0,0.0,1.0,0.0,0.0,0.0,0.2,45.87680008262396,0.5979000125080347,0.000500003807246685,37.13760001119226,18.643999937921762,4.0,4.513900028541684,2.907100017182529,0.6920000305399299,0.000500003807246685
1,6,6,-1.9677780792613437,0,0,3.0,3.0,1.0,0.5913947820663452,1.0,1.0,0.5082417726516724,0.618482232093811,1.0,1.0,1.0,1.0,1.0,1.0,0.5082417726516724,0.5913947820663452,0.5082417726516724,1.0,1.0,0.0,0.3827853500843048,-1.0,1.0,-0.9496186971664429,0.014938191510736942,0.17408226430416107,0.4545454680919647,-0.00330229545943439,0.006046641618013382,-0.999981701374054,0.0,0.0,0.0,0.0,0.0,0.0,146.5688018798828,12.715292930603027,14.770881652832031,12.715292930603027,25.0,25.0,0.0,1.0,0.5086117172241211,0.5908352661132813,0.0,0.0,0.0,0.0,0.0,1.0165177527815104,0.15999513461721826,-2.9752772572264075,-0.16901370943366475,0.0,-0.0,-0.010269409435768359,-1.3619978928745457e-05,0.0032024383544921884,0.15,-0.0,0.0,0.0,-0.0,0.0,0.0,0.0,0.0,0.35,0.0,0.0,0.0,0.0,0.0,0.0,0.0,0.0,0.25,-0.0,0.01953125,0.0,0.016517752781510353,-0.0,0.0048828125,0.0048828125,-0.05,0.01872274372726679,0.012481829151511192,-3.0,0.0,-0.0026345405330881473,-0.0,-0.0,0.30545454025268554,0.3818181753158569,-0.3181818127632141,0.0,-0.2892561934211037,-0.24621387828480115,0.0,0.0,0.0,0.01707572567742318,-0.0,-0.0,-0.0,0.0,0.0,0.0,0.0,0.0,0.0,0.0,0.012481829151511192,1.2294522487744688,32.4,0.7326086850269979,0.0,0.25,0.699999988079071,3.0,3.0,0.25,0.699999988079071,0.25,0.699999988079071,0.25,6.0,0.0,0.0,0.0,0.25,0.25,0.0,0.0,0.0,0.0,0.0,0.0,0.0,0.0,0.0,0.0,0.0,0.0,0.0,0.0,0.0,0.0,0.0,0.0,0.0,0.0,0.0,0.0,0.0,0.0,0.0,0.0,28.0,28.0,28.0,0.0,0.0,0.0,0.0,0.0,1.0,0.0,1.0,0.0,0.0,0.0,0.24,31.16399992723018,0.484099960885942,0.000600004568696022,23.49649998359382,14.702199958264828,4.0,4.075900069437921,2.427399973385036,0.632900046184659,0.000400003045797348
1,7,7,-1.9623905342911292,0,0,3.0,3.0,1.0,0.5908352732658386,1.0,1.0,0.5086117386817932,0.6193388104438782,1.0,1.0,1.0,1.0,1.0,1.0,0.5086117386817932,0.5908352732658386,0.5086117386817932,1.0,1.0,0.0,0.38289710879325867,-1.0,1.0,-0.9495919346809387,0.017563603818416595,0.15953022241592407,0.4545454680919647,-0.010756449773907661,0.006876494735479355,-0.9999763369560242,0.0,0.0,0.0,0.0,0.0,0.0,146.5741729736328,12.715292930603027,14.770881652832031,12.715292930603027,25.0,25.0,0.0,1.0,0.5086117172241211,0.5908352661132813,0.0,0.0,0.0,0.0,0.0,1.0194473043084145,0.15927823646461356,-2.9717188822850584,-0.1693971927790988,0.0,-0.0,-0.010269409435768359,-1.3619978928745457e-05,0.0,0.15,-0.0,0.0,0.0,-0.0,0.0,0.0,0.0,0.0,0.35,0.0,0.0,0.0,0.0,0.0,0.0,0.0,0.0,0.25,-0.0,0.021484375,0.0,0.01944730430841446,-0.0,0.00537109375,0.00537109375,-0.05,0.022281118668615818,0.014854079112410545,-3.0,0.0,-0.003018023878522217,-0.0,-0.0,0.30545454025268554,0.3818181753158569,-0.3181818127632141,0.0,-0.2892561934211037,-0.24621387828480115,0.0,0.0,0.0,0.01956126587931067,-0.0,-0.0,-0.0,0.0,0.0,0.0,0.0,0.0,0.0,0.0,0.014854079112410545,1.408411143310368,32.4,0.7326086850269979,0.0,0.25,0.699999988079071,3.0,3.0,0.25,0.699999988079071,0.25,0.699999988079071,0.25,7.0,0.0,0.0,0.0,0.25,0.25,0.0,0.0,0.0,0.0,0.0,0.0,0.0,0.0,0.0,0.0,0.0,0.0,0.0,0.0,0.0,0.0,0.0,0.0,0.0,0.0,0.0,0.0,0.0,0.0,0.0,0.0,28.0,28.0,28.0,0.0,0.0,0.0,0.0,0.0,1.0,0.0,1.0,0.0,0.0,0.0,0.28,25.291500031016767,0.6162000354379416,0.000500003807246685,17.017100006341934,10.941899963654578,4.0,4.633100004866719,2.224199939519167,0.7590000750496984,0.000500003807246685
1,8,8,-1.9317886007818696,0,0,3.0,4.0,1.0,0.5908352732658386,1.0,1.0,0.5086117386817932,0.6193388104438782,1.0,1.0,1.0,1.0,1.0,1.0,0.5086117386817932,0.5908352732658386,0.5086117386817932,1.0,1.0,0.0,0.383025199174881,-1.0,1.0,-0.9495611190795898,0.020120158791542053,0.15534625947475433,0.4545454680919647,-0.010756449773907661,0.007911831140518188,-0.9999687075614929,0.0,0.0,0.0,0.0,0.0,0.0,146.58013916015625,12.730386734008789,14.74515151977539,12.730386734008789,25.0,25.0,0.0,1.0,0.5092154693603516,0.5898060607910156,0.0,0.0,0.0,0.0,0.0,1.0235770586878061,0.1676083389208978,-2.943121996968985,-0.1798520014215887,0.0,-0.0,-0.010218715475357321,-1.3619978928745457e-05,0.004356002807617188,0.15,-0.0,0.0,0.0,-0.0,0.0,0.0,0.0,0.0,0.35,0.0,0.0,0.0,0.0,0.0,0.0,0.0,0.0,0.25,-0.0,0.02386474609375,0.0,0.02357705868780613,-0.0,0.0059661865234375,0.0059661865234375,-0.05,0.026878003031015396,0.017918668687343597,-3.0,0.0,-0.003623349327567432,-0.0,-0.0,0.43636363636363634,0.5454545454545454,-0.45454545454545453,0.0,-0.4132231404958677,-0.2452782370827415,0.0,0.0,0.0,0.02348467156756669,-0.04500000178813934,-0.0,-0.0,0.0,0.0,0.0,0.0,0.0,0.0,0.0,0.017918668687343597,1.6908963528648018,32.4,1.0,0.0,0.25,1.0,3.0,4.0,0.25,1.0,0.25,1.0,0.25,8.0,0.0,0.0,0.0,0.25,0.25,0.0,0.0,0.0,0.0,0.0,0.0,0.0,0.0,0.0,0.0,0.0,0.0,0.0,0.0,0.0,0.0,0.0,0.0,0.0,0.0,0.0,0.0,0.0,0.0,0.0,0.0,28.0,28.0,28.0,0.0,0.0,0.0,0.0,0.0,1.0,0.0,1.0,0.0,0.0,0.0,0.32,39.52600003685802,0.6707999855279922,0.000600004568696022,29.789299936965108,18.471500021405518,4.0,5.031400010921061,3.2688999781385064,0.7289000786840916,0.000400003045797348
1,9,9,-1.988674444942343,0,0,3.0,3.0,1.0,0.589806079864502,1.0,0.9320822954177856,0.5092154741287231,0.6207494139671326,1.0,1.0,1.0,1.0,1.0,1.0,0.5092154741287231,0.589806079864502,0.5092154741287231,1.0,1.0,0.0,0.3831748962402344,-1.0,1.0,-0.9495248794555664,0.024155661463737488,0.2452128529548645,0.4545454680919647,-0.015341515652835369,0.009183184243738651,-0.9999578595161438,0.0,0.0,0.0,0.0,0.0,0.0,146.5864715576172,12.730386734008789,14.74515151977539,12.730386734008789,25.0,25.0,0.0,1.0,0.5092154693603516,0.5898060607910156,0.0,0.0,0.0,0.0,0.0,1.0272760950028896,0.16633413699505387,-2.962774044908583,-0.21951063203170362,0.0,-0.0,-0.010218715475357321,-1.3619978928745457e-05,0.0,0.15,-0.0,0.0,0.0,-0.0,0.0,0.0,0.0,0.0,0.35,0.0,0.0,0.0,0.0,0.0,0.0,0.0,0.0,0.25,-0.0,0.02532958984375,0.0,0.027276095002889633,-0.0,0.0063323974609375,0.0063323974609375,-0.05,0.031225956045091152,0.020817304030060768,-3.0,0.0,-0.00409882717789816,-0.0,-0.004968275367149285,0.30545454025268554,0.3818181753158569,-0.3181818127632141,0.0,-0.2892561934211037,-0.2452782370827415,0.0,0.0,0.0,0.02656647244933993,-0.04500000178813934,-0.0,-0.0,0.0,0.0,0.0,0.0,0.0,0.0,0.0,0.020817304030060768,1.9127860163524748,32.4,0.7326086850269979,0.0,0.25,0.699999988079071,3.0,3.0,0.25,0.699999988079071,0.25,0.699999988079071,0.25,9.0,0.0,0.0,0.0,0.25,0.25,0.0,0.0,0.0,0.0,0.0,0.0,0.0,0.0,0.0,0.0,0.0,0.0,0.0,0.0,0.0,0.0,0.0,0.0,0.0,0.0,0.0,0.0,0.0,0.0,0.0,0.0,28.0,28.0,28.0,0.0,0.0,0.0,0.0,0.0,1.0,0.0,1.0,0.0,0.0,0.0,0.36,35.02009995281696,0.4115999909117818,0.000500003807246685,24.161299923434854,11.589400004595518,4.0,5.591999972239137,3.643800038844347,1.1681999312713742,0.000400003045797348
1,10,10,-1.0404915230777474,0,0,2.0,3.0,1.0,0.589806079864502,1.0,0.9320822954177856,0.5092154741287231,0.6207494139671326,1.0,1.0,1.0,1.0,1.0,1.0,0.5092154741287231,0.589806079864502,0.5092154741287231,1.0,1.0,0.0,0.3833449184894562,-1.0,1.0,-0.949483335018158,0.02732551470398903,0.19261255860328674,0.4545454680919647,-0.015341515652835369,0.010736111551523209,-0.9999423623085022,0.0,0.0,0.0,0.0,0.0,0.0,146.5930633544922,12.75153923034668,14.709525108337402,12.75153923034668,25.0,25.0,0.0,1.0,0.5100615692138671,0.588381004333496,0.0,0.0,0.0,0.0,0.0,1.0301829129457474,0.17635237507761495,-2.958739211857319,0.711712400756209,0.0,-0.0,-0.010148100630763716,-1.3619978928745457e-05,0.006234073638916015,0.15,-0.0,0.0,0.0,-0.0,0.0,0.0,0.0,0.0,0.35,0.0,0.0,0.0,0.0,0.0,0.0,0.0,0.0,0.25,-0.0,0.0263671875,0.0,0.030182912945747375,-0.0,0.006591796875,0.006591796875,-0.05,0.03526078909635544,0.023507192730903625,-3.0,0.0,-0.002429322911768087,-0.0,-0.005889267664892332,0.4276363563537598,0.5345454454421997,-0.16545454263687134,0.0,-0.07821487470106644,-0.12687102023037997,0.14638962782048348,0.0,0.0,0.030280022048391406,-0.018000000715255735,-0.0,-0.0,0.0,0.0,0.0,0.0,0.0,0.0,0.0,0.023507192730903625,2.180161587484181,32.4,0.7326086850269979,0.0,0.0,0.699999988079071,2.0,3.0,0.0,0.699999988079071,0.12999999523162842,0.699999988079071,0.13,10.0,0.0,0.0,0.0,0.0,0.0,1.0,0.13,0.0,0.0,0.0,0.0,0.0,0.0,0.0,0.0,0.0,0.0,0.0,0.0,0.0,0.0,0.0,0.0,0.0,0.0,0.0,0.0,0.0,0.0,0.0,0.0,28.0,28.0,28.0,0.0,0.0,0.0,0.0,0.0,1.0,0.0,1.0,0.0,0.0,0.0,0.4,64.77870000526309,0.6074999691918492,0.000500003807246685,53.37460001464933,33.687900053337216,4.0,5.107000004500151,4.419300006702542,1.2220999924466014,0.000400003045797348
1,11,11,-1.9650223263167619,0,0,3.0,3.0,1.0,0.5883809924125671,1.0,0.8620022535324097,0.5100615620613098,0.6227906942367554,1.0,1.0,1.0,1.0,1.0,1.0,0.5100615620613098,0.5883809924125671,0.5100615620613098,1.0,1.0,0.0,0.38353458046913147,-1.0,1.0,-0.9494366645812988,0.031145164743065834,0.2320968508720398,0.23636363446712494,-0.022110410034656525,0.012647589668631554,-0.9999200105667114,0.0,0.0,0.0,0.0,0.0,0.0,146.60084533691406,12.730685234069824,14.668486595153809,12.730685234069824,25.0,25.0,0.0,1.0,0.509227409362793,0.5867394638061524,0.0,0.0,0.0,0.0,0.0,1.0353607684373856,0.15901813552819638,-2.9543790519982576,-0.20502217828408614,0.0,-0.0,-0.01021771550444647,-1.3619978928745457e-05,-0.01481403350830078,0.15,-0.0,0.0,0.0,-0.0,0.0,0.0,0.0,0.0,0.35,0.0,0.0,0.0,0.0,0.0,0.0,0.0,0.0,0.25,-0.0,0.0311279296875,0.0,0.03536076843738556,-0.0,0.007781982421875,0.007781982421875,-0.05,0.03962094895541668,0.026413965970277786,-3.0,0.0,-0.0052555121259231655,-0.0,-0.01911095318517515,0.30545454025268554,0.3818181753158569,-0.3181818127632141,0.0,-0.2892561934211037,-0.2424904216419567,0.0,0.0,0.0,0.034063504519872376,-0.018000000715255735,-0.0,-0.0,0.0,0.0,0.0,0.0,0.0,0.0,0.0,0.026413965970277786,2.4525723254308107,32.4,0.7326086850269979,0.0,0.25,0.699999988079071,3.0,3.0,0.25,0.699999988079071,0.25,0.699999988079071,0.25,11.0,0.0,0.0,0.0,0.25,0.25,0.0,0.0,0.0,0.0,0.0,0.0,0.0,0.0,0.0,0.0,0.0,0.0,0.0,0.0,0.0,0.0,0.0,0.0,0.0,0.0,0.0,0.0,0.0,0.0,0.0,0.0,28.0,28.0,28.0,0.0,0.0,0.0,0.0,0.0,1.0,0.0,1.0,0.0,0.0,0.0,0.44,59.75020001642406,0.7610999746248126,0.000700005330145359,44.45509996730834,21.76360005978495,4.0,8.433999959379435,3.0258999904617667,3.0267999973148108,0.000500003807246685
1,12,12,-1.9153833564815848,0,0,3.0,4.0,1.0,0.5867394804954529,1.0,0.7842054963111877,0.5092273950576782,0.6252171993255615,1.0,1.0,1.0,1.0,1.0,1.0,0.5092273950576782,0.5867394804954529,0.5092273950576782,1.0,1.0,0.0,0.38374799489974976,-1.0,1.0,-0.9493843913078308,0.03503674641251564,0.2364676594734192,0.4545454680919647,-0.020546505227684975,0.014378447085618973,-0.9998966455459595,0.0,0.0,0.0,0.0,0.0,0.0,146.6100311279297,12.730685234069824,14.668486595153809,12.730685234069824,25.0,25.0,0.0,1.0,0.509227409362793,0.5867394638061524,0.0,0.0,0.0,0.0,0.0,1.0400540456175804,0.17882670756068525,-2.9255797297507526,-0.2086843799090979,0.0,-0.0,-0.01021771550444647,-1.3619978928745457e-05,0.0,0.15,-0.0,0.0,0.0,-0.0,0.0,0.0,0.0,0.0,0.35,0.0,0.0,0.0,0.0,0.0,0.0,0.0,0.0,0.25,-0.0,0.0367431640625,0.0,0.040054045617580414,-0.0,0.009185791015625,0.009185791015625,-0.05,0.04442027024924755,0.029613513499498367,-3.0,0.0,-0.0060260980696550445,-0.0,-0.029217445186206278,0.43636363636363634,0.5454545454545454,-0.45454545454545453,0.0,-0.4132231404958677,-0.2424904216419567,0.0,0.0,0.0,0.03905804304406047,-0.04500000178813934,-0.0,-0.0,0.0,0.0,0.0,0.0,0.0,0.0,0.0,0.029613513499498367,2.812179099172354,32.4,1.0,0.0,0.25,1.0,3.0,4.0,0.25,1.0,0.25,1.0,0.25,12.0,0.0,0.0,0.0,0.25,0.25,0.0,0.0,0.0,0.0,0.0,0.0,0.0,0.0,0.0,0.0,0.0,0.0,0.0,0.0,0.0,0.0,0.0,0.0,0.0,0.0,0.0,0.0,0.0,0.0,0.0,0.0,28.0,28.0,28.0,0.0,0.0,0.0,0.0,0.0,1.0,0.0,1.0,0.0,0.0,0.0,0.48,61.73990003298968,0.7935999892652035,0.000700005330145359,51.73170007765293,28.45989994239062,4.0,5.56640001013875,2.785800024867058,0.8204999612644315,0.000400003045797348
1,13,13,-1.8575394168000647,0,0,3.0,4.0,1.0,0.5867394804954529,1.0,0.7842054963111877,0.5092273950576782,0.6252171993255615,1.0,1.0,1.0,1.0,1.0,1.0,0.5092273950576782,0.5867394804954529,0.5092273950576782,1.0,1.0,0.0,0.3839896321296692,-1.0,1.0,-0.949325442314148,0.04017398878931999,0.31215864419937134,0.4545454680919647,-0.020546505227684975,0.016382740810513496,-0.9998657703399658,0.0,0.0,0.0,0.0,0.0,0.0,146.6207733154297,12.759499549865723,14.622007369995117,12.759499549865723,25.0,25.0,0.0,1.0,0.5103799819946289,0.5848802947998046,0.0,0.0,0.0,0.0,0.0,1.044478539377451,0.1929996241008762,-2.920305825099349,-0.17471175517904275,0.0,-0.0,-0.010121654822112084,-1.3619978928745457e-05,0.009107685089111328,0.15,-0.0,0.0,0.0,-0.0,0.0,0.0,0.0,0.0,0.35,0.0,0.0,0.0,0.0,0.0,0.0,0.0,0.0,0.25,-0.0,0.04296875,0.0,0.04447853937745094,-0.0,0.0107421875,0.0107421875,-0.05,0.04969417490065098,0.03312944993376732,-3.0,0.0,-0.006792770131118594,-0.0,-0.04116830382496118,0.43636363636363634,0.5454545454545454,-0.45454545454545453,0.0,-0.4132231404958677,-0.24080026799982246,0.0,0.0,0.0,0.044027213812805714,-0.0,-0.0,-0.0,0.0,0.0,0.0,0.0,0.0,0.0,0.0,0.03312944993376732,3.169959394522011,32.4,1.0,0.0,0.25,1.0,3.0,4.0,0.25,1.0,0.25,1.0,0.25,13.0,0.0,0.0,0.0,0.25,0.25,0.0,0.0,0.0,0.0,0.0,0.0,0.0,0.0,0.0,0.0,0.0,0.0,0.0,0.0,0.0,0.0,0.0,0.0,0.0,0.0,0.0,0.0,0.0,0.0,0.0,0.0,28.0,28.0,28.0,0.0,0.0,0.0,0.0,0.0,1.0,0.0,1.0,0.0,0.0,0.0,0.52,45.712599996477365,0.7028999971225858,0.000500003807246685,37.94000006746501,16.67259994428605,4.0,3.9693000726401806,2.3852000012993813,0.6730000022798777,0.000400003045797348
1,14,14,-1.8659651891570517,0,0,3.0,4.0,1.0,0.5848802924156189,1.0,0.6949591040611267,0.5103799700737,0.6281464695930481,1.0,1.0,1.0,1.0,1.0,1.0,0.5103799700737,0.5848802924156189,0.5103799700737,1.0,1.0,0.0,0.3842633366584778,-1.0,1.0,-0.9492589235305786,0.04528513550758362,0.31057316064834595,0.4545454680919647,-0.032006364315748215,0.018889496102929115,-0.9998216032981873,0.0,0.0,0.0,0.0,0.0,0.0,146.63320922851562,12.759499549865723,14.622007369995117,12.759499549865723,25.0,25.0,0.0,1.0,0.5103799819946289,0.5848802947998046,0.0,0.0,0.0,0.0,0.0,1.049450233578682,0.18868607035222387,-2.9150370222330095,-0.1890644708549481,0.0,-0.0,-0.010121654822112084,-1.3619978928745457e-05,0.0,0.15,-0.0,0.0,0.0,-0.0,0.0,0.0,0.0,0.0,0.35,0.0,0.0,0.0,0.0,0.0,0.0,0.0,0.0,0.25,-0.0,0.04974365234375,0.0,0.049450233578681946,-0.0,0.0124359130859375,0.0124359130859375,-0.05,0.05496297776699066,0.036641985177993774,-3.0,0.0,-0.007532436109360839,-0.0,-0.054781353522624296,0.43636363636363634,0.5454545454545454,-0.45454545454545453,0.0,-0.4132231404958677,-0.24080026799982246,0.0,0.0,0.0,0.0488213451532647,-0.0,-0.0,-0.0,0.0,0.0,0.0,0.0,0.0,0.0,0.0,0.036641985177993774,3.5151368510350585,32.4,1.0,0.0,0.25,1.0,3.0,4.0,0.25,1.0,0.25,1.0,0.25,14.0,0.0,0.0,0.0,0.25,0.25,0.0,0.0,0.0,0.0,0.0,0.0,0.0,0.0,0.0,0.0,0.0,0.0,0.0,0.0,0.0,0.0,0.0,0.0,0.0,0.0,0.0,0.0,0.0,0.0,0.0,0.0,28.0,28.0,28.0,0.0,0.0,0.0,0.0,0.0,1.0,0.0,1.0,0.0,0.0,0.0,0.56,13.761000009253621,0.5413000471889973,0.000600004568696022,4.8584999749436975,1.3294999953359365,4.0,4.000700078904629,3.4330999478697777,0.8944999426603317,0.000700005330145359
1,15,15,-1.8529410417957988,0,0,3.0,4.0,1.0,0.5848802924156189,1.0,0.6949591040611267,0.5103799700737,0.6281464695930481,1.0,1.0,1.0,1.0,1.0,1.0,0.5103799700737,0.5848802924156189,0.5103799700737,1.0,1.0,0.0,0.3845690190792084,-1.0,1.0,-0.9491848349571228,0.05021623894572258,0.2996332049369812,0.4545454680919647,-0.032006364315748215,0.021773837506771088,-0.9997628927230835,0.0,0.0,0.0,0.0,0.0,0.0,146.6472625732422,12.794971466064453,14.566858291625977,12.794971466064453,25.0,25.0,0.0,1.0,0.5117988586425781,0.582674331665039,0.0,0.0,0.0,0.0,0.0,1.0545392259955406,0.20519728122191191,-2.90981321901083,-0.202864330002421,0.0,-0.0,-0.010004659183254055,-1.3619978928745457e-05,0.01183280944824219,0.15,-0.0,0.0,0.0,-0.0,0.0,0.0,0.0,0.0,0.35,0.0,0.0,0.0,0.0,0.0,0.0,0.0,0.0,0.25,-0.0,0.05621337890625,0.0,0.05453922599554062,-0.0,0.0140533447265625,0.0140533447265625,-0.05,0.060186780989170074,0.040124520659446716,-3.0,0.0,-0.00823619585867439,-0.0,-0.06988287395238876,0.43636363636363634,0.5454545454545454,-0.45454545454545453,0.0,-0.4132231404958677,-0.23879484696821734,0.0,0.0,0.0,0.053382750935852534,-0.0,-0.0,-0.0,0.0,0.0,0.0,0.0,0.0,0.0,0.0,0.040124520659446716,3.843558067381382,32.4,1.0,0.0,0.25,1.0,3.0,4.0,0.25,1.0,0.25,1.0,0.25,15.0,0.0,0.0,0.0,0.25,0.25,0.0,0.0,0.0,0.0,0.0,0.0,0.0,0.0,0.0,0.0,0.0,0.0,0.0,0.0,0.0,0.0,0.0,0.0,0.0,0.0,0.0,0.0,0.0,0.0,0.0,0.0,28.0,28.0,28.0,0.0,0.0,0.0,0.0,0.0,1.0,0.0,1.0,0.0,0.0,0.0,0.6,48.27430006116629,0.6780000403523445,0.000600004568696022,39.77039991877973,18.08599999640137,4.0,4.412499954923987,2.792899962514639,0.5854000337421894,0.000300002284348011
1,16,16,-0.4215438227633939,0,0,3.0,3.0,1.0,0.5826743245124817,1.0,0.5952963829040527,0.5117988586425781,0.6319350600242615,1.0,1.0,1.0,1.0,1.0,1.0,0.5117988586425781,0.5826743245124817,0.5117988586425781,1.0,1.0,0.0,0.384905606508255,-1.0,1.0,-0.9491034746170044,0.05490797385573387,0.28508785367012024,0.4545454680919647,-0.03989148512482643,0.02500874176621437,-0.9996872544288635,0.0,0.0,0.0,0.0,0.0,0.0,146.66253662109375,12.794971466064453,14.566858291625977,12.794971466064453,25.0,25.0,0.0,1.0,0.5117988586425781,0.582674331665039,0.0,0.0,0.0,0.0,0.0,1.0587498359382153,0.19650565681891202,-1.3795526594668628,-0.2972466560536584,0.0,-0.0,-0.010004659183254055,-1.3619978928745457e-05,0.0,0.15,-0.0,0.0,0.0,-0.0,0.0,0.0,0.0,0.0,0.35,0.0,0.0,0.0,0.0,0.0,0.0,0.0,0.0,0.25,-0.0,0.06109619140625,0.0,0.058749835938215256,-0.0,0.0152740478515625,0.0152740478515625,1.5,0.06444734148681164,0.04296489432454109,-3.0,0.0,-0.008720835837083203,-0.0,-0.08456568084444319,0.30545454025268554,0.3818181753158569,-0.3181818127632141,0.0,-0.2892561934211037,-0.23879484696821734,0.0,0.0,0.0,0.05652393598109484,-0.04500000178813934,-0.0,-0.0,0.0,0.0,0.0,0.0,0.0,0.0,0.0,0.04296489432454109,4.069723390638829,32.4,0.7326086850269979,0.0,0.25,0.699999988079071,3.0,3.0,0.25,0.699999988079071,0.25,0.699999988079071,0.25,16.0,0.0,0.0,0.0,0.25,0.25,0.0,0.0,0.0,0.0,0.0,0.0,0.0,0.0,0.0,0.0,0.0,0.0,0.0,0.0,0.0,0.0,0.0,0.0,0.0,0.0,0.0,0.0,0.0,0.0,0.0,0.0,28.0,28.0,28.0,0.0,0.0,0.0,0.0,0.0,1.0,0.0,1.0,0.0,0.0,0.0,0.64,22.643100004643202,0.4146000137552619,0.000400003045797348,14.800000004470348,10.205299942754209,4.0,4.550500074401498,2.082799910567701,0.7527000270783901,0.000400003045797348
1,17,17,-2.0668198690457134,0,0,3.0,2.0,1.0,0.5826743245124817,1.0,0.5952963829040527,0.5117988586425781,0.6319350600242615,1.0,1.0,1.0,1.0,1.0,1.0,0.5117988586425781,0.5826743245124817,0.5117988586425781,1.0,1.0,0.0,0.3852667212486267,-1.0,1.0,-0.949016273021698,0.058138906955718994,0.19632406532764435,0.4545454680919647,-0.03989148512482643,0.028542477637529373,-0.9995926022529602,0.0,0.0,0.0,0.0,0.0,0.0,146.67849731445312,12.798076629638672,14.506255149841309,12.798076629638672,25.0,25.0,0.0,1.0,0.5119230651855469,0.5802502059936523,0.0,0.0,0.0,0.0,0.0,1.061660647392273,0.1824005027956911,-2.954944233074784,-0.3559367861588934,0.0,-0.0,-0.009994483239594633,-1.3619978928745457e-05,-0.01569681167602539,0.15,-0.0,0.0,0.0,-0.0,0.0,0.0,0.0,0.0,0.35,0.0,0.0,0.0,0.0,0.0,0.0,0.0,0.0,0.25,-0.0,0.0638427734375,0.0,0.06166064739227295,-0.0,0.015960693359375,0.015960693359375,-0.05,0.06705576740205288,0.04470384493470192,-3.0,0.0,-0.008964835872208435,-0.0,-0.0977982095150011,0.15272727012634277,0.19090908765792844,-0.15909090638160706,0.0,-0.14462809671055185,-0.2365910963578658,0.0,0.0,0.0,0.05810541769023985,-0.052499999105930326,-0.0,-0.0,0.0,0.0,0.0,0.0,0.0,0.0,0.0,0.04470384493470192,4.183590073697269,23.26086922832157,0.4206521686004555,0.0,0.25,0.3499999940395355,3.0,2.0,0.25,0.3499999940395355,0.25,0.3499999940395355,0.25,17.0,0.0,0.0,0.0,0.25,0.25,0.0,0.0,0.0,0.0,0.0,0.0,0.0,0.0,0.0,0.0,0.0,0.0,0.0,0.0,0.0,0.0,0.0,0.0,0.0,0.0,0.0,0.0,0.0,0.0,0.0,0.0,28.0,28.0,28.0,0.0,0.0,0.0,0.0,0.0,1.0,0.0,1.0,0.0,0.0,0.0,0.68,39.26839993800968,0.7180999964475632,0.000600004568696022,31.346799922175705,17.018800019286573,4.0,3.7935000145807862,2.661899896338582,0.7041000062599778,0.000400003045797348
1,18,18,-1.973549083156874,0,0,3.0,3.0,1.0,0.5802502036094666,1.0,0.51192307472229,0.513491690158844,0.636462390422821,1.0,1.0,1.0,1.0,1.0,1.0,0.51192307472229,0.5802502036094666,0.51192307472229,1.0,1.0,0.0,0.3856421411037445,-1.0,1.0,-0.9489256143569946,0.05976557359099388,0.09884260594844818,0.4545454680919647,-0.045867886394262314,0.03225480392575264,-0.9994796514511108,0.0,0.0,0.0,0.0,0.0,0.0,146.69528198242188,12.842435836791992,14.43424129486084,12.842435836791992,25.0,25.0,0.0,1.0,0.5136974334716797,0.5773696517944336,0.0,0.0,0.0,0.0,0.0,1.0655305311083794,0.2150895956979266,-2.9238999151438474,-0.3302692948193326,0.0,-0.0,-0.009850257645238135,-1.3619978928745457e-05,0.01388320922851563,0.15,-0.0,0.0,0.0,-0.0,0.0,0.0,0.0,0.0,0.35,0.0,0.0,0.0,0.0,0.0,0.0,0.0,0.0,0.25,-0.0,0.067138671875,0.0,0.06553053110837936,-0.0,0.01678466796875,0.01678466796875,-0.05,0.07010008580982685,0.04673339053988457,-3.0,0.0,-0.009422269317294871,-0.0,-0.11420932505811965,0.30545454025268554,0.3818181753158569,-0.3181818127632141,0.0,-0.2892561934211037,-0.23397241072221237,0.0,0.0,0.0,0.06107026409357787,-0.052499999105930326,-0.0,-0.0,0.0,0.0,0.0,0.0,0.0,0.0,0.0,0.04673339053988457,4.397059014737606,32.4,0.7326086850269979,0.0,0.25,0.699999988079071,3.0,3.0,0.25,0.699999988079071,0.25,0.699999988079071,0.25,18.0,0.0,0.0,0.0,0.25,0.25,0.0,0.0,0.0,0.0,0.0,0.0,0.0,0.0,0.0,0.0,0.0,0.0,0.0,0.0,0.0,0.0,0.0,0.0,0.0,0.0,0.0,0.0,0.0,0.0,0.0,0.0,28.0,28.0,28.0,0.0,0.0,0.0,0.0,0.0,1.0,0.0,1.0,0.0,0.0,0.0,0.72,56.335899978876114,0.6588000105693936,0.000700005330145359,46.04529996868223,24.467900046147406,4.0,4.8414000775665045,3.844499937258661,0.9040000149980187,0.000500003807246685
1,19,19,-1.9421242779768906,0,0,3.0,3.0,1.0,0.5773696303367615,1.0,0.5136974453926086,0.5153872966766357,0.6415430307388306,1.0,1.0,1.0,1.0,1.0,1.0,0.5136974453926086,0.5773696303367615,0.5136974453926086,1.0,1.0,0.0,0.38603368401527405,-1.0,1.0,-0.9488310813903809,0.06281512975692749,0.18530289828777313,0.4545454680919647,-0.04919477552175522,0.03609807416796684,-0.9993482232093811,0.0,0.0,0.0,0.0,0.0,0.0,146.71292114257812,12.842435836791992,14.43424129486084,12.842435836791992,25.0,25.0,0.0,1.0,0.5136974334716797,0.5773696517944336,0.0,0.0,0.0,0.0,0.0,1.0697179734706879,0.20424813377960982,-2.9201735500991344,-0.295916835128054,0.0,-0.0,-0.009850257645238135,-1.3619978928745457e-05,0.0,0.15,-0.0,0.0,0.0,-0.0,0.0,0.0,0.0,0.0,0.35,0.0,0.0,0.0,0.0,0.0,0.0,0.0,0.0,0.25,-0.0,0.070556640625,0.0,0.06971797347068787,-0.0,0.01763916015625,0.01763916015625,-0.05,0.07382645085453987,0.04921763390302658,-3.0,0.0,-0.009891567473725549,-0.0,-0.13188756631634066,0.30545454025268554,0.3818181753158569,-0.3181818127632141,0.0,-0.2892561934211037,-0.23397241072221237,0.0,0.0,0.0,0.0641120114037767,-0.0,-0.0,-0.0,0.0,0.0,0.0,0.0,0.0,0.0,0.0,0.04921763390302658,4.616064821071923,32.4,0.7326086850269979,0.0,0.25,0.699999988079071,3.0,3.0,0.25,0.699999988079071,0.25,0.699999988079071,0.25,19.0,0.0,0.0,0.0,0.25,0.25,0.0,0.0,0.0,0.0,0.0,0.0,0.0,0.0,0.0,0.0,0.0,0.0,0.0,0.0,0.0,0.0,0.0,0.0,0.0,0.0,0.0,0.0,0.0,0.0,0.0,0.0,28.0,28.0,28.0,0.0,0.0,0.0,0.0,0.0,1.0,0.0,1.0,0.0,0.0,0.0,0.76,57.12460004724562,0.8090999908745289,0.000700005330145359,49.30650000460446,28.416900080628693,4.0,3.7314000073820353,2.5911000557243824,0.6455000257119536,0.000500003807246685
1,20,20,-1.8940998720434417,0,0,3.0,3.0,1.0,0.5773696303367615,1.0,0.5136974453926086,0.5153872966766357,0.6415430307388306,1.0,1.0,1.0,1.0,1.0,1.0,0.5136974453926086,0.5773696303367615,0.5136974453926086,1.0,1.0,0.0,0.38644471764564514,-1.0,1.0,-0.9487317800521851,0.06594378501176834,0.19010920822620392,0.4545454680919647,-0.04919477552175522,0.04016910865902901,-0.9991928935050964,0.0,0.0,0.0,0.0,0.0,0.0,146.73146057128906,12.93796443939209,14.356841087341309,12.93796443939209,25.0,25.0,0.0,1.0,0.5175185775756836,0.5742736434936524,0.0,0.0,0.0,0.0,0.0,1.0741181299090385,0.2609355560484467,-2.916431678533554,-0.31272187946737307,0.0,-0.0,-0.009546811963495631,-1.3619978928745457e-05,0.05320281982421876,0.15,-0.0,0.0,0.0,-0.0,0.0,0.0,0.0,0.0,0.35,0.0,0.0,0.0,0.0,0.0,0.0,0.0,0.0,0.25,-0.0,0.07415771484375,0.0,0.07411812990903854,-0.0,0.0185394287109375,0.0185394287109375,-0.05,0.07756832242012024,0.051712214946746826,-3.0,0.0,-0.010382374517140644,-0.0,-0.15101635661295484,0.30545454025268554,0.3818181753158569,-0.3181818127632141,0.0,-0.2892561934211037,-0.23115785772150213,0.0,0.0,0.0,0.06729316816665232,-0.0,-0.0,-0.0,0.0,0.0,0.0,0.0,0.0,0.0,0.0,0.051712214946746826,4.845108107998967,32.4,0.7326086850269979,0.0,0.25,0.699999988079071,3.0,3.0,0.25,0.699999988079071,0.25,0.699999988079071,0.25,20.0,0.0,0.0,0.0,0.25,0.25,0.0,0.0,0.0,0.0,0.0,0.0,0.0,0.0,0.0,0.0,0.0,0.0,0.0,0.0,0.0,0.0,0.0,0.0,0.0,0.0,0.0,0.0,0.0,0.0,0.0,0.0,28.0,28.0,28.0,0.0,0.0,0.0,0.0,0.0,1.0,0.0,1.0,0.0,0.0,0.0,0.8,49.79050008114427,0.6591000128537416,0.000500003807246685,40.65340000670403,18.903999938629568,4.0,4.510300001129508,3.2401999924331903,0.6710999878123403,0.000400003045797348
1,21,21,-1.9435056863673719,0,0,3.0,4.0,1.0,0.5742736458778381,1.0,0.5175363421440125,0.5175185799598694,0.6472287774085999,1.0,1.0,1.0,1.0,1.0,1.0,0.5175185799598694,0.5742736458778381,0.5175185799598694,1.0,1.0,0.0,0.3868754208087921,-1.0,1.0,-0.9486276507377625,0.06921582669019699,0.19882230460643768,0.4545454680919647,-0.0539812333881855,0.044456157833337784,-0.9990113377571106,0.0,0.0,0.0,0.0,0.0,0.0,146.751220703125,12.93796443939209,14.356841087341309,12.93796443939209,25.0,25.0,0.0,1.0,0.5175185775756836,0.5742736434936524,0.0,0.0,0.0,0.0,0.0,1.0797176212072372,0.21221463048170638,-2.8877585039287808,-0.34767943412753466,0.0,-0.0,-0.009546811963495631,-1.3619978928745457e-05,0.0,0.15,-0.0,0.0,0.0,-0.0,0.0,0.0,0.0,0.0,0.35,0.0,0.0,0.0,0.0,0.0,0.0,0.0,0.0,0.25,-0.0,0.07904052734375,0.0,0.07971762120723724,-0.0,0.0197601318359375,0.0197601318359375,-0.05,0.08224149607121944,0.05482766404747963,-3.0,0.0,-0.011073866774008744,-0.0,-0.17449729462074387,0.43636363636363634,0.5454545454545454,-0.45454545454545453,0.0,-0.4132231404958677,-0.23115785772150213,0.0,0.0,0.0,0.07177506242413076,-0.04500000178813934,-0.0,-0.0,0.0,0.0,0.0,0.0,0.0,0.0,0.0,0.05482766404747963,5.167804494537414,32.4,1.0,0.0,0.25,1.0,3.0,4.0,0.25,1.0,0.25,1.0,0.25,21.0,0.0,0.0,0.0,0.25,0.25,0.0,0.0,0.0,0.0,0.0,0.0,0.0,0.0,0.0,0.0,0.0,0.0,0.0,0.0,0.0,0.0,0.0,0.0,0.0,0.0,0.0,0.0,0.0,0.0,0.0,0.0,28.0,28.0,28.0,0.0,0.0,0.0,0.0,0.0,1.0,0.0,1.0,0.0,0.0,0.0,0.84,23.94250000361353,0.5976000102236867,0.000400003045797348,16.20429998729378,10.185200022533536,4.0,3.8618999533355236,2.5153999449685216,0.7248000474646688,0.001200009137392044
1,22,22,-2.0367809492201836,0,0,3.0,3.0,1.0,0.5742736458778381,1.0,0.5175363421440125,0.5175185799598694,0.6472287774085999,1.0,1.0,1.0,1.0,1.0,1.0,0.5175185799598694,0.5742736458778381,0.5175185799598694,1.0,1.0,0.0,0.3873309791088104,-1.0,1.0,-0.9485175609588623,0.07382577657699585,0.2801184058189392,0.4545454680919647,-0.0539812333881855,0.04898708686232567,-0.9987993836402893,0.0,0.0,0.0,0.0,0.0,0.0,146.77212524414062,12.915184020996094,14.272538185119629,12.915184020996094,25.0,25.0,0.0,1.0,0.5166073608398437,0.5709015274047852,0.0,0.0,0.0,0.0,0.0,1.0846631079912186,0.18742814564460442,-2.9074450378119945,-0.40142716504401205,0.0,-0.0,-0.009618298826373207,-1.3619978928745457e-05,-0.028024520874023434,0.15,-0.0,0.0,0.0,-0.0,0.0,0.0,0.0,0.0,0.35,0.0,0.0,0.0,0.0,0.0,0.0,0.0,0.0,0.25,-0.0,0.0836181640625,0.0,0.08466310799121857,-0.0,0.020904541015625,0.020904541015625,-0.05,0.08655496314167976,0.05770330876111984,-3.0,0.0,-0.011584478878549166,-0.0,-0.19658509612083436,0.30545454025268554,0.3818181753158569,-0.3181818127632141,0.0,-0.2892561934211037,-0.22809229764071381,0.0,0.0,0.0,0.0750845853239298,-0.04500000178813934,-0.0,-0.0,0.0,0.0,0.0,0.0,0.0,0.0,0.0,0.05770330876111984,5.4060901433229445,32.4,0.7326086850269979,0.0,0.25,0.699999988079071,3.0,3.0,0.25,0.699999988079071,0.25,0.699999988079071,0.25,22.0,0.0,0.0,0.0,0.25,0.25,0.0,0.0,0.0,0.0,0.0,0.0,0.0,0.0,0.0,0.0,0.0,0.0,0.0,0.0,0.0,0.0,0.0,0.0,0.0,0.0,0.0,0.0,0.0,0.0,0.0,0.0,28.0,28.0,28.0,0.0,0.0,0.0,0.0,0.0,1.0,0.0,1.0,0.0,0.0,0.0,0.88,36.03090008255094,0.6077000871300697,0.000500003807246685,28.721500071696937,17.178900074213743,4.0,3.7957000313326716,2.218300011008978,0.6469000363722444,0.000500003807246685
1,23,23,-2.095610705221799,0,0,3.0,2.0,1.0,0.5709015130996704,1.0,0.5166073441505432,0.5199488997459412,0.6536252498626709,1.0,1.0,1.0,1.0,1.0,1.0,0.5166073441505432,0.5709015130996704,0.5166073441505432,1.0,1.0,0.0,0.3878098428249359,-1.0,1.0,-0.9484018087387085,0.07722985744476318,0.20684517920017242,0.4545454680919647,-0.06000139191746712,0.0538056381046772,-0.9985514283180237,0.0,0.0,0.0,0.0,0.0,0.0,146.7939453125,12.915184020996094,14.272538185119629,12.915184020996094,25.0,25.0,0.0,1.0,0.5166073608398437,0.5709015274047852,0.0,0.0,0.0,0.0,0.0,1.0882855504751205,0.21733755814691558,-2.9327692041546105,-0.4684646096892245,0.0,-0.0,-0.009618298826373207,-1.3619978928745457e-05,0.0,0.15,-0.0,0.0,0.0,-0.0,0.0,0.0,0.0,0.0,0.35,0.0,0.0,0.0,0.0,0.0,0.0,0.0,0.0,0.25,-0.0,0.0872802734375,0.0,0.08828555047512054,-0.0,0.021820068359375,0.021820068359375,-0.05,0.08923079632222652,0.059487197548151016,-3.0,0.0,-0.011875290729770704,-0.0,-0.2159143769049219,0.15272727012634277,0.19090908765792844,-0.15909090638160706,0.0,-0.14462809671055185,-0.22809229764071381,0.0,0.0,0.0,0.07696947695221752,-0.052499999105930326,-0.0,-0.0,0.0,0.0,0.0,0.0,0.0,0.0,0.0,0.059487197548151016,5.541802340559662,23.26086922832157,0.4206521686004555,0.0,0.25,0.3499999940395355,3.0,2.0,0.25,0.3499999940395355,0.25,0.3499999940395355,0.25,23.0,0.0,0.0,0.0,0.25,0.25,0.0,0.0,0.0,0.0,0.0,0.0,0.0,0.0,0.0,0.0,0.0,0.0,0.0,0.0,0.0,0.0,0.0,0.0,0.0,0.0,0.0,0.0,0.0,0.0,0.0,0.0,28.0,28.0,28.0,0.0,0.0,0.0,0.0,0.0,1.0,0.0,1.0,0.0,0.0,0.0,0.92,23.21250003296882,0.5555000388994813,0.000500003807246685,16.76620007492602,10.641100001521409,4.0,3.06979997549206,2.170200110413134,0.6233000895008445,0.000400003045797348
1,24,24,-5.722117430992265,0,0,2.0,3.0,1.0,0.5709015130996704,1.0,0.5166073441505432,0.5199488997459412,0.6536252498626709,1.0,1.0,1.0,1.0,1.0,1.0,0.5166073441505432,0.5709015130996704,0.5166073441505432,1.0,1.0,0.0,0.38830336928367615,-1.0,1.0,-0.9482825994491577,0.07916860282421112,0.11780572682619095,0.4545454680919647,-0.06000139191746712,0.058795589953660965,-0.9982700347900391,0.0,0.0,0.0,0.0,0.0,0.0,146.81678771972656,12.950346946716309,14.182476997375488,12.950346946716309,25.0,20.435693740844727,0.0,1.0,0.5180138778686524,0.5672990798950195,0.0,0.0,0.0,0.0,0.0,1.0922726020216942,-4.462384532696624,-2.9014506247639655,0.5494451244466302,0.0,-0.0,-0.00950818173974353,-8.454299802431683e-05,-0.11888801574707031,0.15,-4.564306259155273,0.0,0.0,-0.0,0.0,0.0,0.0,0.0,0.35,0.0,0.0,0.0,0.0,0.0,0.0,0.0,0.0,0.25,-0.0,0.09136962890625,0.0,0.09227260202169418,-0.0,0.0228424072265625,0.0228424072265625,-0.05,0.09254937618970871,0.06169958412647247,-3.0,0.0,-0.006450575062208943,-0.0,-0.12510206181253705,0.4276363563537598,0.5345454454421997,-0.16545454263687134,0.0,-0.07821487470106644,-0.11690501958673649,0.13489039716534668,0.0,0.0,0.08040246694348753,-0.05550000071525574,-0.0,-0.0,0.0,0.0,0.0,0.0,0.0,0.0,0.0,0.06169958412647247,5.788977619931102,32.4,0.7326086850269979,0.0,0.0,0.699999988079071,2.0,3.0,0.0,0.699999988079071,0.12999999523162842,0.699999988079071,0.13,24.0,0.0,0.0,0.0,0.0,0.0,1.0,0.13,0.0,0.0,0.0,0.0,0.0,0.0,0.0,0.0,0.0,0.0,0.0,0.0,0.0,0.0,0.0,0.0,0.0,0.0,0.0,0.0,0.0,0.0,0.0,0.0,28.0,28.0,28.0,0.0,0.0,0.0,0.0,0.0,1.0,0.0,1.0,0.0,0.0,0.0,0.96,39.72470003645867,0.5505000008270144,0.000400003045797348,31.067100004293025,18.175399978645146,4.0,4.459999967366457,2.771700033918023,0.8317000465467572,0.000600004568696022
1,25,25,-1.8197175121072817,0,0,2.0,3.0,1.0,0.5672990679740906,1.0,0.5180138945579529,0.5226283073425293,0.6607635021209717,1.0,1.0,0.8174277544021606,1.0,1.0,1.0,0.5180138945579529,0.5672990679740906,0.5180138945579529,0.8174277544021606,1.0,0.0,0.3888154625892639,-1.0,1.0,-0.9481589794158936,0.08269967883825302,0.21456187963485718,0.23636363446712494,-0.06402535736560822,0.06395745277404785,-0.9979526400566101,0.0,0.0,0.0,0.0,0.0,0.0,146.8411102294922,13.00964069366455,14.088517189025879,13.00964069366455,25.0,18.941579818725586,0.0,1.0,0.520385627746582,0.5635406875610351,0.0,0.0,0.0,0.0,0.0,1.097794122993946,-1.3393322415734301,-2.8967758809030055,1.318596487375208,0.0,-0.0,-0.009325394368981948,-0.00015368511881070883,-0.07039978027343749,0.15,-1.4941139221191406,0.0,0.0,-0.0,0.0,0.0,0.0,0.0,0.35,0.0,0.0,0.0,0.0,0.0,0.0,0.0,0.0,0.25,-0.0,0.0972900390625,0.0,0.09779412299394608,-0.0,0.024322509765625,0.024322509765625,-0.05,0.09722412005066872,0.06481608003377914,-3.0,0.0,-0.0005224764773228344,-0.0,-0.010766181956955374,0.549818172454834,0.6872727155685425,-0.012727272510528574,0.0,-0.0004628099094737666,-0.008856025002219468,0.13284036480600006,0.0,0.0,0.08466054030694069,-0.017999999597668646,-0.0,-0.0,0.0,0.0,0.0,0.0,0.0,0.0,0.0,0.06481608003377914,6.095558902099729,32.4,0.7326086850269979,0.0,0.0,0.699999988079071,2.0,3.0,0.0,0.699999988079071,0.009999999776482582,0.699999988079071,0.010000000000000009,25.0,0.0,0.0,0.0,0.0,0.0,1.0,0.010000000000000009,0.0,0.0,0.0,0.0,0.0,0.0,0.0,0.0,0.0,0.0,0.0,0.0,0.0,0.0,0.0,0.0,0.0,0.0,0.0,0.0,0.0,0.0,0.0,0.0,28.0,28.0,28.0,0.0,0.0,0.0,0.0,0.0,1.0,0.0,1.0,0.0,0.0,0.0,1.0,55.612699943594635,0.7790999952703714,0.000400003045797348,46.252100029960275,23.59610004350543,4.0,4.549399949610233,3.1293999636545777,0.8580000139772892,0.000500003807246685
1,26,26,0.2342465989279061,0,0,2.0,4.0,1.0,0.5635406970977783,1.0,0.5203856229782104,0.5254787802696228,0.668128490447998,1.0,1.0,0.7576631903648376,1.0,1.0,1.0,0.5203856229782104,0.5635406970977783,0.5203856229782104,0.7576631903648376,1.0,0.0,0.38935384154319763,-1.0,1.0,-0.9480290412902832,0.08707941323518753,0.26612958312034607,0.0181818176060915,-0.05337684601545334,0.06863924860954285,-0.9976415634155273,0.0,0.0,0.0,0.0,0.0,0.0,146.86749267578125,13.00964069366455,14.088517189025879,13.00964069366455,25.0,18.941579818725586,0.0,1.0,0.520385627746582,0.5635406875610351,0.0,0.0,0.0,0.0,0.0,1.1056977286934853,0.22953645708592285,-2.8670326222479345,1.7660450353964325,0.0,-0.0,-0.009325394368981948,-0.00015368511881070883,0.0,0.15,-0.0,0.0,0.0,-0.0,0.0,0.0,0.0,0.0,0.35,0.0,0.0,0.0,0.0,0.0,0.0,0.0,0.0,0.25,-0.0,0.10552978515625,0.0,0.10569772869348526,-0.0,0.0263824462890625,0.0263824462890625,-0.05,0.10296737775206566,0.0686449185013771,-3.0,0.0,-0.0,-0.0,-0.0,0.8,1.0,-0.0,0.0,-0.0,-0.0,0.011070030902242145,0.0,0.0,0.08901553657371551,-0.04502499550580978,-0.0,-0.0,0.0,0.0,0.0,0.0,0.0,0.0,0.0,0.0686449185013771,6.409118633307516,32.4,1.0,0.0,0.0,1.0,2.0,4.0,0.0,1.0,0.0,1.0,0.0,0.0,0.0,0.0,0.0,0.0,0.0,0.0,0.0,0.0,0.0,0.0,0.0,0.0,0.0,0.0,0.0,0.0,0.0,0.0,0.0,0.0,0.0,0.0,0.0,0.0,0.0,0.0,0.0,0.0,0.0,0.0,0.0,28.0,28.0,28.0,0.0,0.0,0.0,0.0,0.0,1.0,0.0,1.0,0.0,0.0,0.0,1.04,52.431599935516715,0.4366999492049217,0.000500003807246685,45.97310000099242,23.241400020197034,4.0,3.590799984522164,1.7861999804154038,0.6080999737605453,0.000400003045797348
1,27,27,-2.5903629058033126,0,0,3.0,2.0,1.0,0.5635406970977783,1.0,0.5203856229782104,0.5254787802696228,0.668128490447998,1.0,1.0,0.7576631903648376,1.0,1.0,1.0,0.5203856229782104,0.5635406970977783,0.5203856229782104,0.7576631903648376,1.0,0.0,0.38992422819137573,-1.0,1.0,-0.9478917121887207,0.09155883640050888,0.2721872627735138,0.0,-0.05337684601545334,0.0720178484916687,-0.9974033236503601,0.0,0.0,0.0,0.0,0.0,0.0,146.89529418945312,13.06985092163086,13.981413841247559,13.06985092163086,25.0,17.862154006958008,0.001047534984536469,0.9989524650154635,0.5227940368652344,0.5592565536499023,0.0,0.0,0.0,0.0,0.0,1.1098926658443662,-0.9508005040556244,-2.9158143873957654,0.16635931980371116,0.0,-0.0,-0.009143441965825278,-0.00023667222117731285,-0.048728370666503894,0.15,-1.0794258117675781,0.0,0.0,-0.05316449522350462,0.0,0.0,0.0,0.0,0.35,0.0,0.0,0.0,0.0,0.0,0.0,0.0,0.0,0.2506808977399487,-0.0,0.11108956245472257,0.0,0.11094020082890269,-0.0,0.027801513671875,0.027801513671875,-0.05,0.10677223266242233,0.07124492526054382,-3.0,0.0,-0.006657610341399907,-0.0,-0.0,0.2143227886359886,0.2679034857949857,-0.07476376347767041,3.45658800419229e-07,-0.03308276481778652,-0.10221554681251388,0.0,0.0,0.0,0.0898982877889648,-0.09914761483669281,-0.0,-0.0,0.0,0.0,0.0,0.0,0.0,0.0,0.0,0.07124492526054382,6.472676720805466,23.26086922832157,0.4206521686004555,0.0,0.25,0.3499999940395355,3.0,2.0,0.25,0.3499999940395355,0.11999999731779099,0.3499999940395355,0.12,1.0,0.0,0.0,0.0,0.25,0.25,1.0,0.13,0.0,0.0,0.0,0.0,0.0,0.0,0.0,0.0,0.0,0.0,0.0,0.0,0.0,0.0,0.0,0.0,0.0,0.0,0.0,0.0,0.0,0.0,0.0,0.0,28.0,28.0,28.0,0.0,0.0,0.0,0.0,0.0,1.0,0.0,1.0,0.0,0.0,0.0,1.08,76.65419997647405,0.44299999717622995,0.000500003807246685,59.67919994145632,28.140799957327545,4.0,8.570800069719553,6.005299976095557,1.9090999849140644,0.000400003045797348
1,28,28,-0.3696104126728501,0,0,2.0,3.0,1.0,0.5592565536499023,1.0,0.5227940082550049,0.5281162261962891,1.0,1.0,1.0,0.7144861817359924,1.0,1.0,1.0,0.5227940082550049,0.5592565536499023,0.5227940082550049,0.7144861817359924,1.0,0.0,0.3905165493488312,-1.0,1.0,-0.9477492570877075,0.0924668088555336,0.05517195165157318,0.2181818187236786,-0.026589754968881607,0.0742875188589096,-0.9972368478775024,0.0,0.001047534984536469,7.96687018009834e-05,0.0,0.0,0.0,146.92398071289062,13.06985092163086,13.981413841247559,13.06985092163086,25.0,17.862154006958008,0.001047534984536469,0.9989524650154635,0.5227940368652344,0.5592565536499023,0.0,0.0,0.0,0.0,0.0,1.1132427634547055,0.09637448005911944,-2.8850991779596753,1.3058715217730001,0.0,-0.0,-0.009143441965825278,-0.00023667222117731285,0.0,0.15,-0.0,0.0,0.0,-0.13743658877237608,0.0,0.0,0.0,0.0,0.35,0.0,0.0,0.0,0.0,0.0,0.0,0.0,0.0,0.2506808977399487,-0.0,0.11462589320245797,0.0,0.11429029843924199,-0.0,0.0286865234375,0.0286865234375,-0.05,0.1100740621566999,0.07344810664653778,-3.0,0.0,-0.0,-0.0,-0.0,0.5482675988362499,0.6853344985453123,-0.0,0.0,-0.0,-0.0,0.12776942510669362,0.0,0.0,0.09319118301849812,-0.05550000071525574,-0.0,-0.0,0.0,0.0,0.0,0.0,0.0,0.0,0.0,0.07344810664653778,6.709765177331865,32.4,0.7326086850269979,0.0,0.0,0.699999988079071,2.0,3.0,0.0,0.699999988079071,0.0,0.699999988079071,0.0,0.0,0.0,0.0,0.0,0.0,0.0,0.0,0.0,0.0,0.0,0.0,0.0,0.0,0.0,0.0,0.0,0.0,0.0,0.0,0.0,0.0,0.0,0.0,0.0,0.0,0.0,0.0,0.0,0.0,0.0,0.0,0.0,28.0,28.0,28.0,0.0,0.0,0.0,0.0,0.0,1.0,0.0,1.0,0.0,0.0,0.0,1.12,62.638199888169765,0.7445999654009938,0.000400003045797348,46.559999929741025,21.859099972061813,4.0,6.357799982652068,4.850699915550649,4.0796000976115465,0.0004998873919248581
1,29,29,-2.4563236631571597,0,0,2.0,3.0,1.0,0.5592565536499023,1.0,0.5227940082550049,0.5281162261962891,1.0,1.0,1.0,0.7144861817359924,1.0,1.0,1.0,0.5227940082550049,0.5592565536499023,0.5227940082550049,0.7144861817359924,1.0,0.0,0.39112740755081177,-1.0,1.0,-0.9476021528244019,0.095853790640831,0.2058059573173523,0.0,-0.026589754968881607,0.0766025185585022,-0.9970617294311523,0.0,0.001047534984536469,7.96687018009834e-05,0.0,0.0,0.0,146.9539031982422,13.128534317016602,13.865818977355957,13.128534317016602,25.0,16.914133071899414,0.007562580518424511,0.9924374194815755,0.5251413726806641,0.5546327590942383,0.0,0.0,0.0,0.0,0.0,1.1108584736499676,-1.74777376611404,-2.8888313234166247,1.0694229527235377,0.0,-0.0,-0.00896958320257619,-0.00034580828257263073,-0.04461299896240234,0.15,-0.9480209350585938,0.0,0.0,-0.9922105553626093,0.0,0.0,0.0,0.0,0.35,0.0,0.0,0.0,0.0,0.0,0.0,0.0,0.0,0.25491567733697595,-0.0,0.11878477658711972,0.0,0.118421054168392,-0.0,0.0299224853515625,0.0299224853515625,-0.05,0.11363876757344026,0.07624932378530502,-3.0,0.0,-0.0,-0.0,-0.0,0.4752990900993501,0.5941238626241876,-0.0,0.0,-0.0,-0.0,0.0,0.0,0.0,0.09638611475471408,-0.0,-0.0,-0.0,0.0,0.0,0.0,0.0,0.0,0.0,0.0,0.07624932378530502,6.939800262339413,32.4,0.7326086850269979,0.0,0.0,0.699999988079071,2.0,3.0,0.0,0.699999988079071,0.0,0.699999988079071,0.0,0.0,0.0,0.0,0.0,0.0,0.0,0.0,0.0,0.0,0.0,0.0,0.0,0.0,0.0,0.0,0.0,0.0,0.0,0.0,0.0,0.0,0.0,0.0,0.0,0.0,0.0,0.0,0.0,0.0,0.0,0.0,0.0,28.0,28.0,28.0,0.0,0.0,0.0,0.0,0.0,1.0,0.0,1.0,0.0,0.0,0.0,1.16,76.00489992182702,0.7867999374866486,0.000600004568696022,60.50490005873144,25.767499930225313,4.0,7.536199991591275,4.310799995437264,2.819900051690638,0.000600004568696022
1,30,30,-1.231601198094945,0,0,2.0,4.0,1.0,0.5546327829360962,1.0,0.5251413583755493,0.5306898355484009,1.0,1.0,1.0,0.6765653491020203,1.0,1.0,1.0,0.5251413583755493,0.5546327829360962,0.5251413583755493,0.6765653491020203,1.0,0.0,0.39176151156425476,-1.0,1.0,-0.9474493861198425,0.09914000332355499,0.19968323409557343,0.0,-0.023826375603675842,0.0783906877040863,-0.9969227313995361,0.0,0.007562580518424511,0.0010724153835326433,0.0,0.0,0.0,146.98544311523438,13.128534317016602,13.865818977355957,13.128534317016602,25.0,16.914133071899414,0.007562580518424511,0.9924374194815755,0.5251413726806641,0.5546327590942383,0.0,0.0,0.0,0.0,0.0,1.117437139301256,-0.9683932209476249,-2.8633922159971545,1.4827470995485783,0.0,-0.0,-0.00896958320257619,-0.00034580828257263073,0.0,0.15,-0.0,0.0,0.0,-1.2100128829479218,0.0,0.0,0.0,0.0,0.35,0.0,0.0,0.0,0.0,0.0,0.0,0.0,0.0,0.25491567733697595,-0.0,0.12520557532155863,0.0,0.12499971981968061,-0.0,0.0315399169921875,0.0315399169921875,-0.05,0.11870791283232472,0.07965061813592911,-3.0,0.0,-0.0,-0.0,-0.0,0.6789987117052079,0.8487483896315098,-0.0,0.0,-0.0,-0.0,0.0,0.0,0.0,0.10093505348544568,-0.04500000178813934,-0.0,-0.0,0.0,0.0,0.0,0.0,0.0,0.0,0.0,0.07965061813592911,7.2673238509520885,32.4,1.0,0.0,0.0,1.0,2.0,4.0,0.0,1.0,0.0,1.0,0.0,0.0,0.0,0.0,0.0,0.0,0.0,0.0,0.0,0.0,0.0,0.0,0.0,0.0,0.0,0.0,0.0,0.0,0.0,0.0,0.0,0.0,0.0,0.0,0.0,0.0,0.0,0.0,0.0,0.0,0.0,0.0,0.0,28.0,28.0,28.0,0.0,0.0,0.0,0.0,0.0,1.0,0.0,1.0,0.0,0.0,0.0,1.2,67.10669992025942,0.6351999472826719,0.000500003807246685,28.352899942547083,15.455499989911914,4.0,31.829699990339577,4.786500008776784,1.4574999222531915,0.000500003807246685
1,31,31,-3.4573681123571705,0,0,2.0,4.0,1.0,0.5546327829360962,1.0,0.5251413583755493,0.5306898355484009,1.0,1.0,1.0,0.6765653491020203,1.0,1.0,1.0,0.5251413583755493,0.5546327829360962,0.5251413583755493,0.6765653491020203,1.0,0.0,0.3924236297607422,-1.0,1.0,-0.9472899436950684,0.10381891578435898,0.28430867195129395,0.0,-0.023826375603675842,0.07948652654886246,-0.9968359470367432,0.0,0.007562580518424511,0.0010724153835326433,0.0,0.0,0.0,147.01856994628906,13.16983413696289,13.738962173461914,13.16983413696289,25.0,16.102266311645508,0.014712359756231308,0.9852876402437687,0.5267933654785156,0.5495584869384765,0.0,0.0,0.0,0.0,0.0,1.1156553674092897,-2.9733692870411845,-2.870009241500948,1.270355048775673,0.0,-0.0,-0.008849249026347131,-0.0004784880463040035,-0.05372919082641601,0.15,-0.8118667602539062,0.0,0.0,-2.3539775609970093,0.0,0.0,0.0,0.0,0.35,0.0,0.0,0.0,0.0,0.0,0.0,0.0,0.0,0.25956303384155033,-0.0,0.13055782879450817,0.0,0.13036772716552103,-0.0,0.0331268310546875,0.0331268310546875,-0.05,0.12353053410902215,0.08339660614728928,-3.0,0.0,-0.0,-0.0,-0.0,0.5646022439002991,0.7057528048753738,-0.0,0.0,-0.0,-0.0,0.0,0.0,0.0,0.10553196210879832,-0.0,-0.0,-0.0,0.0,0.0,0.0,0.0,0.0,0.0,0.0,0.08339660614728928,7.598301271833479,32.4,1.0,0.0,0.0,1.0,2.0,4.0,0.0,1.0,0.0,1.0,0.0,0.0,0.0,0.0,0.0,0.0,0.0,0.0,0.0,0.0,0.0,0.0,0.0,0.0,0.0,0.0,0.0,0.0,0.0,0.0,0.0,0.0,0.0,0.0,0.0,0.0,0.0,0.0,0.0,0.0,0.0,0.0,0.0,28.0,28.0,28.0,0.0,0.0,0.0,0.0,0.0,1.0,0.0,1.0,0.0,0.0,0.0,1.24,88.50620000157505,0.7847999222576618,0.000800006091594696,70.70599996950477,44.0756999887526,4.0,9.856899967417121,4.459099960513413,2.653400064446032,0.000800006091594696
1,32,32,-4.681351610586759,0,0,2.0,4.0,1.0,0.5495584607124329,1.0,0.526793360710144,0.5331876873970032,1.0,1.0,1.0,0.6440906524658203,1.0,1.0,1.0,0.526793360710144,0.5495584607124329,0.526793360710144,0.6440906524658203,1.0,0.0,0.39311662316322327,-1.0,1.0,-0.9471229314804077,0.1085471585392952,0.2873067855834961,0.0,-0.01087780948728323,0.08023473620414734,-0.9967759847640991,0.0,0.014712359756231308,0.0025776000693440437,0.0,0.0,0.0,147.05323791503906,13.231368064880371,13.599943161010742,13.231368064880371,25.0,15.578187942504883,0.022547615692019463,0.9774523843079805,0.5292547225952149,0.5439977264404297,0.0,0.0,0.0,0.0,0.0,1.1129956893858954,-3.904729682321031,-2.877903452738923,0.9882858350872994,0.0,-0.0,-0.008673004232071116,-0.0005900826292301587,-0.02392326354980468,0.15,-0.524078369140625,0.0,0.0,-3.607618510723114,0.0,0.0,0.0,0.0,0.35,0.0,0.0,0.0,0.0,0.0,0.0,0.0,0.0,0.26465595019981264,-0.0,0.13554515485520824,0.0,0.13554330507791493,-0.0,0.03466796875,0.03466796875,-0.05,0.12817273236830795,0.08711814880371094,-3.0,0.0,-0.0,-0.0,-0.0,0.43923814892768864,0.5490476861596107,-0.0,0.0,-0.0,-0.0,0.0,0.0,0.0,0.11015354795381427,-0.0,-0.0,-0.0,0.0,0.0,0.0,0.0,0.0,0.0,0.0,0.08711814880371094,7.931055452674627,32.4,1.0,0.0,0.0,1.0,2.0,4.0,0.0,1.0,0.0,1.0,0.0,0.0,0.0,0.0,0.0,0.0,0.0,0.0,0.0,0.0,0.0,0.0,0.0,0.0,0.0,0.0,0.0,0.0,0.0,0.0,0.0,0.0,0.0,0.0,0.0,0.0,0.0,0.0,0.0,0.0,0.0,0.0,0.0,28.0,28.0,28.0,0.0,0.0,0.0,0.0,0.0,1.0,0.0,1.0,0.0,0.0,0.0,1.28,58.775900048203766,0.7922999793663621,0.000500003807246685,49.982800032012165,24.076299974694848,4.0,3.9109999779611826,3.213800024241209,0.8390999864786863,0.000600004568696022
1,33,33,-4.1171398382912905,0,0,2.0,4.0,1.0,0.5439977049827576,1.0,0.5292547345161438,0.5357553362846375,1.0,1.0,1.0,0.6231275200843811,1.0,1.0,1.0,0.5292547345161438,0.5439977049827576,0.5292547345161438,0.6231275200843811,1.0,0.0,0.39384031295776367,-1.0,1.0,-0.9469482898712158,0.11330079287290573,0.2888491153717041,0.0,-0.005099006462842226,0.08072399348020554,-0.996736466884613,0.0,0.022547615692019463,0.005654079839587212,0.0,0.0,0.0,147.08944702148438,13.231368064880371,13.599943161010742,13.231368064880371,25.0,15.578187942504883,0.022547615692019463,0.9774523843079805,0.5292547225952149,0.5439977264404297,0.0,0.0,0.0,0.0,0.0,1.1191431984599947,-3.3521237219053543,-2.87244514993323,0.9882858350872994,0.0,-0.0,-0.008673004232071116,-0.0005900826292301587,0.0,0.15,-0.0,0.0,0.0,-3.607618510723114,0.0,0.0,0.0,0.0,0.35,0.0,0.0,0.0,0.0,0.0,0.0,0.0,0.0,0.26465595019981264,-0.0,0.14157070971452868,0.0,0.14169081415201407,-0.0,0.0362091064453125,0.0362091064453125,-0.05,0.13363103517400077,0.09082812070846558,-3.0,0.0,-0.0,-0.0,-0.0,0.43923814892768864,0.5490476861596107,-0.0,0.0,-0.0,-0.0,0.0,0.0,0.0,0.11475787567906082,-0.0,-0.0,-0.0,0.0,0.0,0.0,0.0,0.0,0.0,0.0,0.09082812070846558,8.262567048892379,32.4,1.0,0.0,0.0,1.0,2.0,4.0,0.0,1.0,0.0,1.0,0.0,0.0,0.0,0.0,0.0,0.0,0.0,0.0,0.0,0.0,0.0,0.0,0.0,0.0,0.0,0.0,0.0,0.0,0.0,0.0,0.0,0.0,0.0,0.0,0.0,0.0,0.0,0.0,0.0,0.0,0.0,0.0,0.0,28.0,28.0,28.0,0.0,0.0,0.0,0.0,0.0,1.0,0.0,1.0,0.0,0.0,0.0,1.32,21.9157999381423,0.6187999388203025,0.000500003807246685,12.866600067354739,7.535199983976781,4.0,3.8219999987632036,3.8496999768540263,0.7227000314742327,0.0004998873919248581
1,34,34,-6.2460964357198,0,0,2.0,4.0,1.0,0.5439977049827576,1.0,0.5292547345161438,0.5357553362846375,1.0,1.0,1.0,0.6231275200843811,1.0,1.0,1.0,0.5292547345161438,0.5439977049827576,0.5292547345161438,0.6231275200843811,1.0,0.0,0.39459460973739624,-1.0,1.0,-0.9467661380767822,0.1180366724729538,0.28777047991752625,0.0,-0.005099006462842226,0.08103316277265549,-0.9967114329338074,0.0,0.022547615692019463,0.005654079839587212,0.0,0.0,0.0,147.12718200683594,13.296903610229492,13.448594093322754,13.296903610229492,25.0,15.148198127746582,0.031077802181243896,0.9689221978187561,0.5318761444091797,0.5379437637329102,0.0,0.0,0.0,0.0,0.0,1.1154244723836815,-5.1610489092659435,-2.8816711203127583,0.6811991214752198,0.0,-0.0,-0.008489231105302046,-0.0007008252032657895,-0.018775672912597647,0.15,-0.4299898147583008,0.0,0.0,-4.972448348999023,0.0,0.0,0.0,0.0,0.35,0.0,0.0,0.0,0.0,0.0,0.0,0.0,0.0,0.2702005714178085,-0.0,0.14624905976597802,0.0,0.14650227456492537,-0.0,0.0377349853515625,0.0377349853515625,-0.05,0.13805336317723185,0.09453276544809341,-3.0,0.0,-0.0,-0.0,-0.0,0.3027551651000977,0.37844395637512207,-0.0,0.0,-0.0,-0.0,0.0,0.0,0.0,0.11935498371254655,-0.0,-0.0,-0.0,0.0,0.0,0.0,0.0,0.0,0.0,0.0,0.09453276544809341,8.593558827303351,32.4,1.0,0.0,0.0,1.0,2.0,4.0,0.0,1.0,0.0,1.0,0.0,0.0,0.0,0.0,0.0,0.0,0.0,0.0,0.0,0.0,0.0,0.0,0.0,0.0,0.0,0.0,0.0,0.0,0.0,0.0,0.0,0.0,0.0,0.0,0.0,0.0,0.0,0.0,0.0,0.0,0.0,0.0,0.0,28.0,28.0,28.0,0.0,0.0,0.0,0.0,0.0,1.0,0.0,1.0,0.0,0.0,0.0,1.36,54.471699986606836,0.7067000260576606,0.000500003807246685,41.47249995730817,20.001300028525293,4.0,6.011700024828315,3.4528999822214246,2.7837000088766217,0.000500003807246685
1,35,35,-4.409364318287036,0,0,2.0,2.0,1.0,0.5379437804222107,1.0,0.5318761467933655,0.5384435057640076,1.0,1.0,1.0,0.6059279441833496,1.0,1.0,1.0,0.5318761467933655,0.5379437804222107,0.5318761467933655,0.6059279441833496,1.0,0.0,0.3953794538974762,-1.0,1.0,-0.9465763568878174,0.12276512384414673,0.28731924295425415,0.0,-0.0021617820020765066,0.08121897280216217,-0.9966962933540344,0.0,0.031077802181243896,0.008655914105474949,0.0,0.0,0.0,147.16580200195312,13.296903610229492,13.448594093322754,13.296903610229492,25.0,15.148198127746582,0.031077802181243896,0.9689221978187561,0.5318761444091797,0.5379437637329102,0.0,0.0,0.0,0.0,0.0,1.118840663145395,-2.7711487519175027,-2.897975921547271,0.14091969203234245,0.0,-0.0,-0.008489231105302046,-0.0007008252032657895,0.0,0.15,-0.0,0.0,0.0,-3.0331934751065432,0.0,0.0,0.0,0.0,0.35,0.0,0.0,0.0,0.0,0.0,0.0,0.0,0.0,0.2702005714178085,-0.0,0.14967908219477977,0.0,0.149918465326639,-0.0,0.0386199951171875,0.0386199951171875,-0.05,0.14142764785468165,0.09684332460165024,-3.0,0.0,-0.0,-0.0,-0.0,0.10596430598047278,0.13245538247559097,-0.0,0.0,-0.0,-0.0,0.0,0.0,0.0,0.12123477949760855,-0.09749999642372131,-0.0,-0.0,0.0,0.0,0.0,0.0,0.0,0.0,0.0,0.09684332460165024,8.728904123827816,23.26086922832157,0.4206521686004555,0.0,0.0,0.3499999940395355,2.0,2.0,0.0,0.3499999940395355,0.0,0.3499999940395355,0.0,0.0,0.0,0.0,0.0,0.0,0.0,0.0,0.0,0.0,0.0,0.0,0.0,0.0,0.0,0.0,0.0,0.0,0.0,0.0,0.0,0.0,0.0,0.0,0.0,0.0,0.0,0.0,0.0,0.0,0.0,0.0,0.0,28.0,28.0,28.0,0.0,0.0,0.0,0.0,0.0,1.0,0.0,1.0,0.0,0.0,0.0,1.4,75.74090000707656,0.767999910749495,0.000500003807246685,63.96210007369518,33.855400048196316,4.0,6.668200017884374,3.134500002488494,1.1656000278890133,0.000400003045797348
1,36,36,-4.747228903283381,0,0,3.0,3.0,1.0,0.5379437804222107,1.0,0.5318761467933655,0.5384435057640076,1.0,1.0,1.0,0.6059279441833496,1.0,1.0,1.0,0.5318761467933655,0.5379437804222107,0.5318761467933655,0.6059279441833496,1.0,0.0,0.396183580160141,-1.0,1.0,-0.9463816285133362,0.12469863146543503,0.11748723685741425,0.0,-0.0021617820020765066,0.08141281455755234,-0.9966804385185242,0.0,0.031077802181243896,0.008655914105474949,0.0,0.0,0.0,147.2056884765625,13.289257049560547,13.289257049560547,13.361283302307129,25.0,14.701689720153809,0.04078717529773712,0.9592128247022629,0.5315702819824218,0.5315702819824218,0.0,0.0,0.0,0.0,0.0,1.112489653099085,-2.986871010387077,-2.89626332609235,0.02341578009695991,0.0,-0.0,-0.008312566274556801,-0.0008378690853763686,-0.02308786392211913,0.15,-0.44650840759277344,0.0,0.0,-2.782664223240664,0.0,0.0,0.0,0.0,0.35,0.0,0.0,0.0,0.0,0.0,0.0,0.0,0.0,0.2765116639435291,-0.0,0.15303847190989472,0.0,0.15327682839682222,-0.0,0.039886474609375,0.039886474609375,-0.05,0.1434183104168363,0.09904604405164719,-3.0,0.0,-0.009223070626744203,-0.0,-0.0,0.08067084183727105,0.10083855229658881,-0.028140991338582916,0.0010480639934756287,-0.04926676513790284,-0.017010850211889854,0.0,0.0,0.0,0.12453991972841323,-0.05550000071525574,-0.0,-0.0,0.0,0.0,0.0,0.0,0.0,0.0,0.0,0.09904604405164719,8.966874220445753,32.4,0.7326086850269979,0.0,0.25,0.699999988079071,3.0,3.0,0.25,0.699999988079071,0.11999999731779099,0.699999988079071,0.12,1.0,0.0,0.0,0.0,0.25,0.25,1.0,0.13,0.0,0.0,0.0,0.0,0.0,0.0,0.0,0.0,0.0,0.0,0.0,0.0,0.0,0.0,0.0,0.0,0.0,0.0,0.0,0.0,0.0,0.0,0.0,0.0,28.0,28.0,28.0,0.0,0.0,0.0,0.0,0.0,1.0,0.0,1.0,0.0,0.0,0.0,1.44,61.106299981474876,0.6726999999955297,0.000700005330145359,49.921900033950806,23.480899981223047,4.0,6.058799917809665,3.44480003695935,0.9577999589964747,0.000600004568696022
1,37,37,-3.4039524198350577,0,0,2.0,3.0,1.0,0.5315702557563782,1.0,0.5344513058662415,0.5412278175354004,1.0,1.0,1.0,0.5880675911903381,1.0,1.0,1.0,0.5315702557563782,0.5315702557563782,0.5344513058662415,0.5880675911903381,1.0,0.0,0.39700570702552795,-1.0,1.0,-0.9461825489997864,0.12809820473194122,0.20657126605510712,0.2181818187236786,0.0004608022281900048,0.08149802684783936,-0.9966735243797302,0.0,0.04078717529773712,0.012069448828697205,0.0,0.0,0.0,147.24639892578125,13.289257049560547,13.289257049560547,13.361283302307129,25.0,14.701689720153809,0.04078717529773712,0.9592128247022629,0.5315702819824218,0.5315702819824218,0.0,0.0,0.0,0.0,0.0,1.115627537064133,-5.082555079441041,0.3075483822307756,0.23542674031107405,0.02,-0.0,-0.008312566274556801,-0.0008378690853763686,0.0,0.15,-0.0,0.0,0.0,-5.3512773523858925,0.0,0.0,0.0,0.0,0.35,0.0,0.0,0.0,0.0,0.0,0.0,0.0,0.0,0.2765116639435291,-0.0,0.15619993996006087,0.0,0.1564147123618702,-0.0,0.04071044921875,0.04071044921875,-0.05,0.1472300187399618,0.10167844593524933,0.2,0.0,-0.0,-0.0,-0.0,0.10318363490813738,0.12897954363517172,-0.0,0.0,-0.0,-0.0,0.02126356136543364,0.0,0.0,0.1278727083047852,-0.017999999597668646,-0.0,-0.0,0.02,0.0,0.0,0.0,0.0,0.0,0.0,0.10167844593524933,9.206834997944533,32.4,0.7326086850269979,0.0,0.0,0.699999988079071,2.0,3.0,0.0,0.699999988079071,0.0,0.699999988079071,0.0,0.0,0.0,0.0,0.0,0.0,0.0,0.0,0.0,0.0,0.0,0.0,0.0,0.0,0.0,0.0,0.0,0.0,0.0,0.0,0.0,0.0,0.0,0.0,0.0,0.0,0.0,0.0,0.0,0.0,0.0,0.0,0.0,28.0,28.0,28.0,0.0,0.0,0.0,0.0,0.0,1.0,0.0,1.0,0.0,0.0,0.0,1.48,37.24559990223497,0.8203999605029821,0.000700005330145359,28.72990001924336,16.931999940425158,4.0,3.8840000052005053,3.057299996726215,0.7106000557541847,0.0008998904377222061
1,38,38,-6.88355792240803,0,0,2.0,4.0,1.0,0.5315702557563782,1.0,0.5344513058662415,0.5412278175354004,1.0,1.0,1.0,0.5880675911903381,1.0,1.0,1.0,0.5315702557563782,0.5315702557563782,0.5344513058662415,0.5880675911903381,1.0,0.0,0.39785003662109375,-1.0,1.0,-0.9459775686264038,0.13152621686458588,0.20829927921295166,0.0,0.0004608022281900048,0.08266979455947876,-0.9965769648551941,0.0,0.04078717529773712,0.012069448828697205,0.0,0.0,0.0,147.28868103027344,13.124332427978516,13.124332427978516,13.43453598022461,25.0,14.18342113494873,0.050796471536159515,0.9492035284638405,0.5249732971191406,0.5249732971191406,0.0,0.0,0.0,0.0,0.0,1.1099503098246624,-8.26920943072547,0.300701200280917,-0.04500000178813934,0.02,-0.0,-0.008116110406893064,-0.0010308812517658853,-0.02197135925292968,0.15,-0.5182685852050781,0.0,0.0,-8.0,0.0,0.0018292169251510335,-0.0032011296190143086,0.25,0.0,0.45454545454545453,0.0,0.0,-0.0,0.0,-0.0,-0.0009633558981194417,0.0,0.28301770649850366,-0.0,0.1605372910994447,0.0,0.16074678136082177,-0.0,0.0422821044921875,0.0422821044921875,-0.05,0.150701200280917,0.10500109940767288,0.2,0.0,-0.0,-0.0,-0.0,0.0,0.0,-0.0,0.0,-0.0,-0.0,0.0,0.0,0.0,0.13251277398318057,-0.04500000178813934,-0.0,-0.0,0.02,0.0,0.0,0.0,0.0,0.0,0.0,0.10500109940767288,9.540919726789,32.4,1.0,0.0,0.0,1.0,2.0,4.0,0.0,1.0,0.0,1.0,0.0,0.0,1.0,0.0,0.0,0.0,0.0,0.0,0.0,0.0,0.0,0.0,0.0,0.0,0.0,0.0,0.0,0.0,0.0,0.0,0.0,0.0,0.0,0.0,0.0,0.0,0.0,0.0,0.0,0.0,0.0,0.0,0.0,28.0,28.0,28.0,0.0,0.0,0.0,0.0,0.0,1.0,0.0,1.0,0.0,0.0,0.0,1.52,50.209500011987984,0.6303000263869762,0.0006998889148235321,41.9195001013577,33.852700027637184,4.0,4.080899991095066,2.8690999606624246,0.6776000373065472,0.000500003807246685
1,39,39,-2.237464788929624,0,0,1.0,3.0,1.0,0.5249732732772827,1.0,0.5373814105987549,0.5443382263183594,1.0,1.0,1.0,0.5673368573188782,1.0,1.0,1.0,0.5249732732772827,0.5249732732772827,0.5373814105987549,0.5673368573188782,1.0,0.0,0.398721843957901,-1.0,1.0,-0.9457657933235168,0.13629885017871857,0.29000410437583923,0.0,-0.01630546897649765,0.08368078619241714,-0.9964926242828369,0.0,0.050796471536159515,0.016009867191314697,0.0,0.0,0.0,147.33226013183594,12.950193405151367,12.950193405151367,13.510810852050781,25.0,13.941411972045898,0.061385493725538254,0.9386145062744617,0.5180077362060547,0.5180077362060547,0.0,0.0,0.0,0.0,0.0,1.102327549730209,-3.5658504538641433,0.3036758597313698,-0.09761774452705976,0.02,-0.0,-0.00791658384052419,-0.0011356642088903275,-0.005742359161376954,0.15,-0.24200916290283203,0.0,0.0,-3.4111999702453613,0.0,0.015689101401698647,-0.06772462105066579,0.25,0.0,0.6727272727272726,0.0,0.0,-0.11984730237408686,0.0,-5.364440394097484e-05,-0.009812991472890463,-0.0005444530081084586,0.2899005709215999,-0.0,0.16361590758788225,0.0,0.16371304345574728,-0.0,0.0435791015625,0.0435791015625,-0.05,0.1536758597313698,0.10809048265218735,0.2,0.0,-0.010038861803195305,-0.0,-0.0,0.0,0.0,-0.0,0.002373952628726528,-0.041486351103952844,-0.0,0.0,-0.0016528740897774697,0.0,0.13555561848450454,-0.04846648424863815,-0.0,-0.0,0.02,0.0,0.0,0.0,0.0,0.0,0.0,0.10809048265218735,9.760004530884325,32.4,0.7326086850269979,0.0,-0.25,0.699999988079071,1.0,3.0,-0.25,0.699999988079071,-0.11999999731779099,0.699999988079071,-0.12,1.0,1.0,0.0,0.0,-0.25,-0.25,1.0,0.13,0.0,0.0,0.0,0.0,0.0,0.0,0.0,0.0,0.0,0.0,0.0,0.0,0.0,0.0,0.0,0.0,0.0,0.0,0.0,0.0,0.0,0.0,0.0,0.0,28.0,28.0,28.0,0.0,0.0,0.0,0.0,0.0,1.0,0.0,1.0,0.0,0.0,0.0,1.56,43.17540000192821,0.73490000795573,0.000800006091594696,34.55859993118793,17.855800106190145,4.0,4.583399975672364,2.5023999623954296,0.7525000255554914,0.000400003045797348
1,40,40,-1.7442876313823652,0,0,3.0,0.0,1.0,0.518007755279541,1.0,0.5404324531555176,0.5475789308547974,1.0,1.0,1.0,0.557656466960907,1.0,1.0,1.0,0.518007755279541,0.518007755279541,0.5404324531555176,0.557656466960907,1.0,0.0,0.3996194899082184,-1.0,1.0,-0.9455474615097046,0.13942863047122955,0.190177783370018,-0.2181818187236786,-0.001426564296707511,0.08422332257032394,-0.9964469075202942,0.0,0.061385493725538254,0.019981399178504944,1.0,-0.001878068083897233,0.0,147.3748016357422,12.950193405151367,12.950193405151367,13.510810852050781,25.0,13.941411972045898,0.061385493725538254,0.9386145062744617,0.5180077362060547,0.5180077362060547,0.0,0.0,0.0,0.0,0.0,1.0983586578919864,-2.980999949416697,0.2992514205335808,-0.18089776039123534,0.02,-0.0,-0.00791658384052419,-0.0011356642088903275,0.0,0.15,-0.0,0.0,0.0,-3.2,0.0,0.01743233489077627,-0.06813137553145057,0.25,0.0,0.45454545454545453,0.3333333333333333,0.0,-0.0,5.368715016844301e-06,-0.0,-0.0,7.569661217665669e-05,0.2899005709215999,-0.0,0.15972029074055172,0.0,0.15974415161752475,-0.0,0.04254150390625,0.04254150390625,-0.05,0.14925142053358076,0.10497847944498062,0.2,0.0,-0.0,-0.0,-0.0,0.0,0.0,0.0,0.0,0.0,-0.0,0.0,0.0,0.0,0.1287459705583751,-0.18089776039123534,-0.0,-0.0,0.02,0.0,0.0,0.0,0.0,0.0,0.0,0.10497847944498062,9.269709880203008,0.0,0.0,0.45652173913043476,0.25,-0.5,3.0,0.0,0.25,-0.5,0.0,-0.5,0.0,0.0,1.0,0.0,0.0,0.25,0.25,1.0,0.25,0.0,0.0,0.0,0.0,0.0,0.0,0.0,0.0,0.0,0.0,0.0,0.0,0.0,0.0,0.0,0.0,0.0,0.0,0.0,0.0,0.0,0.0,0.0,0.0,28.0,28.0,28.0,0.0,0.0,0.0,0.0,0.0,1.0,0.0,1.0,0.0,0.0,0.0,1.6,17.9291000822559,0.431500026024878,0.000400003045797348,9.525700006633997,6.680799997411668,4.0,4.435300012119114,2.8229999588802457,0.6828000769019127,0.000400003045797348
1,41,41,-0.9719334627906228,0,0,3.0,2.0,1.0,0.518007755279541,1.0,0.5404324531555176,0.5475789308547974,1.0,1.0,1.0,0.557656466960907,1.0,1.0,1.0,0.518007755279541,0.518007755279541,0.5404324531555176,0.557656466960907,1.0,0.0,0.4004911482334137,-1.0,1.0,-0.9453352689743042,0.13242442905902863,-0.4256030023097992,0.0,-0.001426564296707511,0.08360535651445389,-0.9964989423751831,0.0,0.061385493725538254,0.019981399178504944,1.0,0.00026111232000403106,0.0,147.41696166992188,12.774846076965332,12.774846076965332,13.5833101272583,25.0,14.015595436096191,0.07216976583003998,0.92783023416996,0.5109938430786133,0.5109938430786133,0.0,0.0,0.0,0.0,0.0,1.0844499514173742,-2.21641695610266,0.29559342879587674,-0.15555988690121395,0.02,-0.0,-0.007731578976815647,-0.0011024602797119719,0.03506860733032227,0.15,-0.0,0.0,0.0,-2.5375999851226805,0.0,0.0712826920468271,-0.046333749830437615,0.25,0.0,0.23636363636363636,0.0,0.0,-0.0,0.00011479128283534562,-0.0,-0.009697879209475806,0.0008481965400006786,0.29691034778952596,-0.0,0.15646941754221189,0.0,0.1566197172474142,-0.0,0.0421600341796875,0.0421600341796875,-0.05,0.14559342879587675,0.10340563207864761,0.2,0.0,-0.009596517612959654,-0.0,-0.0,0.0,0.0,-0.0,0.0016406696285478461,-0.018839713536476822,-0.0,0.0,0.0,0.0,0.12958260665647686,-0.1287643253803253,-0.0,-0.0,0.02,0.0,0.0,0.0,0.0,0.0,0.0,0.10340563207864761,9.329947679266333,23.26086922832157,0.4206521686004555,0.0,0.25,0.3499999940395355,3.0,2.0,0.25,0.3499999940395355,0.11999999731779099,0.3499999940395355,0.12,1.0,1.0,0.0,0.0,0.25,0.25,1.0,0.13,0.0,0.0,0.0,0.0,0.0,0.0,0.0,0.0,0.0,0.0,0.0,0.0,0.0,0.0,0.0,0.0,0.0,0.0,0.0,0.0,0.0,0.0,0.0,0.0,28.0,28.0,28.0,0.0,0.0,0.0,0.0,0.0,1.0,0.0,1.0,0.0,0.0,0.0,1.64,61.110799899324775,0.7524999091401696,0.000600004568696022,41.90710000693798,17.305799992755055,4.0,15.054400078952312,2.756599918939173,0.5939999828115106,0.000300002284348011
1,42,42,1.21150019263469,0,0,3.0,3.0,1.0,0.5109938383102417,1.0,0.5433323979377747,0.55039381980896,1.0,1.0,1.0,0.560623824596405,1.0,1.0,1.0,0.5109938383102417,0.5109938383102417,0.5433323979377747,0.560623824596405,1.0,0.0,0.40134966373443604,-1.0,1.0,-0.9451261162757874,0.13328497111797333,0.05228975787758827,0.2181818187236786,0.008776982314884663,0.08283554017543793,-0.9965632557868958,0.0,0.07216976583003998,0.023677820339798927,1.0,0.0028567430563271046,0.0,147.4600067138672,12.774846076965332,12.774846076965332,13.5833101272583,25.0,14.015595436096191,0.07216976583003998,0.92783023416996,0.5109938430786133,0.5109938430786133,0.0,0.0,0.0,0.0,0.0,1.0876034662512988,0.08176055280331453,0.2988027561878861,-0.27666658260780935,0.02,-0.0,-0.007731578976815647,-0.0011024602797119719,0.0,0.15,-0.0,0.0,0.0,-0.26239999771118255,0.0,0.0916491754887777,-0.003564134602341358,0.25,0.0,0.018181818181818195,0.0,0.0,-0.0,0.0,-4.875670161246976e-06,-0.019451325856775767,-2.6076611459924237e-05,0.29691034778952596,-0.0,0.15975397281454207,0.0,0.15977323208133876,-0.0,0.0430450439453125,0.0430450439453125,-0.05,0.14880275618788608,0.10568501055240631,0.2,0.0,-0.019901487146667066,-0.0,-0.0,0.0,0.0,-0.0,0.0032813392570956923,-0.20454643400298225,-0.0,0.0,0.0,0.0,0.13436575041152538,-0.05550000071525574,-0.0,-0.0,0.02,0.0,0.0,0.0,0.0,0.0,0.0,0.10568501055240631,9.674334029629826,32.4,0.7326086850269979,0.0,0.25,0.699999988079071,3.0,3.0,0.25,0.699999988079071,0.23999999463558197,0.699999988079071,0.24,2.0,1.0,0.0,0.0,0.25,0.25,1.0,0.010000000000000009,0.0,0.0,0.0,0.0,0.0,0.0,0.0,0.0,0.0,0.0,0.0,0.0,0.0,0.0,0.0,0.0,0.0,0.0,0.0,0.0,0.0,0.0,0.0,0.0,28.0,28.0,28.0,0.0,0.0,0.0,0.0,0.0,1.0,0.0,1.0,0.0,0.0,0.0,1.68,25.242900010198355,0.5521000130102038,0.000500003807246685,17.582800006493926,13.50350002758205,4.0,3.8618999533355236,2.5393000105395913,0.6788000464439392,0.000300002284348011
1,43,43,1.7295119018542326,0,0,3.0,3.0,1.0,0.5109938383102417,1.0,0.5433323979377747,0.55039381980896,1.0,1.0,1.0,0.560623824596405,1.0,1.0,1.0,0.5109938383102417,0.5109938383102417,0.5433323979377747,0.560623824596405,1.0,0.0,0.4022271931171417,-1.0,1.0,-0.9449120163917542,0.13820476830005646,0.29894647002220154,0.4363636374473572,0.008776982314884663,0.08370677381753922,-0.9964904189109802,0.0,0.07216976583003998,0.023677820339798927,1.0,-8.782654913375154e-05,0.0,147.50396728515625,12.604008674621582,12.604008674621582,13.659913063049316,25.0,14.093327522277832,0.08251616358757019,0.9174838364124298,0.5041603469848632,0.5041603469848632,0.0,0.0,0.0,0.0,0.0,1.078895927722805,0.5642678927875063,0.30068861529961227,-0.2343405339556909,0.02,-0.0,-0.0075408995895679,-0.0010687090938168342,0.041123962402343756,0.15,-0.0,0.0,0.0,-0.0,0.0,0.13691016247397975,-0.0,0.25,0.0,0.0,0.0,0.13691016247397975,-0.0,0.0,-0.0009631730113671209,-0.029012445950810404,-0.003571834125851492,0.3036355063319206,-0.0,0.1613324543886847,0.0,0.16141209131037515,-0.0,0.0439605712890625,0.0439605712890625,-0.05,0.15068861529961228,0.10803662985563278,0.2,0.0,-0.021277362818483796,-0.0,-0.0,0.0,0.0,-0.0,0.004289617796470949,-0.21585278812901537,-0.0,0.0,0.0,0.0,0.13790883308276533,-0.0015000008046627043,-0.0,-0.0,0.02,0.0,0.0,0.0,0.0,0.0,0.0,0.10803662985563278,9.929435981959104,32.4,0.7326086850269979,0.0,0.25,0.699999988079071,3.0,3.0,0.25,0.699999988079071,0.25,0.699999988079071,0.25,3.0,1.0,0.0,0.0,0.25,0.25,0.0,0.0,0.0,0.0,0.0,0.0,0.0,0.0,0.0,0.0,0.0,0.0,0.0,0.0,0.0,0.0,0.0,0.0,0.0,0.0,0.0,0.0,0.0,0.0,0.0,0.0,28.0,28.0,28.0,0.0,0.0,0.0,0.0,0.0,1.0,0.0,1.0,0.0,0.0,0.0,1.72,53.95400000270456,0.5157999694347382,0.000500003807246685,39.1009000595659,25.907200062647462,4.0,8.283999981358647,4.537799977697432,1.4747000532224774,0.000500003807246685
1,44,44,1.7627949984453204,0,0,3.0,2.0,1.0,0.5041603446006775,1.0,0.5463964939117432,0.5537111163139343,1.0,1.0,1.0,0.5637331008911133,1.0,1.0,1.0,0.5041603446006775,0.5041603446006775,0.5463964939117432,0.5637331008911133,1.0,0.0,0.40312427282333374,-1.0,1.0,-0.9446927905082703,0.141849085688591,0.22144266963005066,0.4545454680919647,-0.04085320234298706,0.08723955601453781,-0.9961873888969421,0.0,0.08251616358757019,0.02696782723069191,1.0,-0.011763558723032475,1.0,147.5489501953125,12.604008674621582,12.604008674621582,13.659913063049316,25.0,14.093327522277832,0.08251616358757019,0.9174838364124298,0.5041603469848632,0.5041603469848632,0.0,0.0,0.0,0.0,0.0,1.0826499917039305,0.5372012392948834,0.3026635647266062,-0.17971979728009968,0.02,-0.0,-0.0075408995895679,-0.0010687090938168342,0.0,0.15,-0.0,0.0,0.0,-0.0,0.0,0.13691016247397975,-0.0,0.25,0.0,0.0,0.0,0.13691016247397975,-0.0,0.0,-0.002454634601026868,-0.014506222975405202,-0.009087922862959896,0.3036355063319206,-0.0,0.1650843719326076,0.0,0.1651661552915007,-0.0,0.04498291015625,0.04498291015625,-0.05,0.1526635647266062,0.10945257544517517,0.2,0.0,-0.02143821300789714,-0.0,-0.0,0.0,0.0,-0.0,0.0021448088982354745,-0.10792639406450769,-0.0,0.0,0.0,0.0,0.1389513806067407,-0.052499999105930326,-0.0,-0.0,0.02,0.0,0.0,0.0,0.0,0.0,0.0,0.10945257544517517,10.004499403685331,23.26086922832157,0.4206521686004555,0.0,0.25,0.3499999940395355,3.0,2.0,0.25,0.3499999940395355,0.25,0.3499999940395355,0.25,4.0,1.0,0.0,0.0,0.25,0.25,0.0,0.0,0.0,0.0,0.0,0.0,0.0,0.0,0.0,0.0,0.0,0.0,0.0,0.0,0.0,0.0,0.0,0.0,0.0,0.0,0.0,0.0,0.0,0.0,0.0,0.0,28.0,28.0,28.0,0.0,0.0,0.0,0.0,0.0,1.0,0.0,1.0,0.0,0.0,0.0,1.76,40.89850001037121,0.7328001083806157,0.0005998881533741951,27.705100015737116,15.930699999444187,4.0,6.367599940858781,4.516200046055019,1.5360999386757612,0.000300002284348011
1,45,45,1.6656101863067034,0,0,3.0,3.0,1.0,0.5041603446006775,1.0,0.5463964939117432,0.5537111163139343,1.0,1.0,1.0,0.5637331008911133,1.0,1.0,1.0,0.5041603446006775,0.5041603446006775,0.5463964939117432,0.5637331008911133,1.0,0.0,0.404032826423645,-1.0,1.0,-0.9444707036018372,0.14292141795158386,0.06515921652317047,0.4545454680919647,-0.04085320234298706,0.09273325651884079,-0.9956910014152527,0.0,0.08251616358757019,0.02696782723069191,1.0,-0.029930369928479195,1.0,147.59542846679688,12.434910774230957,12.434910774230957,13.749221801757812,25.0,14.024259567260742,0.092098668217659,0.907901331782341,0.4973964309692383,0.4973964309692383,0.0,0.0,0.0,0.0,0.0,1.0768722058609603,0.5422607878489959,0.3036068613910463,-0.277129668794299,0.02,-0.0,-0.007324653909488332,-0.0010986461485691654,0.01657354354858399,0.15,-0.06906795501708984,0.0,0.0,-0.0,0.0,0.17725755039014315,-0.0,0.25,0.0,0.0,0.0,0.17725755039014315,-0.0,0.0,-0.005462421723946636,-0.03814204338467204,-0.01585858103507576,0.30986413434147836,-0.0,0.16879073831842106,0.0,0.16897087407861933,-0.0,0.046478271484375,0.046478271484375,-0.05,0.1536068613910463,0.11110207438468933,0.2,0.0,-0.021949898971457566,-0.0,-0.0,0.0,0.0,-0.0,0.005343763662100097,-0.2080235343790112,-0.0,0.0,0.0,0.0,0.14226786370389163,-0.052499999105930326,-0.0,-0.0,0.02,0.0,0.0,0.0,0.0,0.0,0.0,0.11110207438468933,10.243286186680198,32.4,0.7326086850269979,0.0,0.25,0.699999988079071,3.0,3.0,0.25,0.699999988079071,0.25,0.699999988079071,0.25,5.0,1.0,0.0,0.0,0.25,0.25,0.0,0.0,0.0,0.0,0.0,0.0,0.0,0.0,0.0,0.0,0.0,0.0,0.0,0.0,0.0,0.0,0.0,0.0,0.0,0.0,0.0,0.0,0.0,0.0,0.0,0.0,28.0,28.0,28.0,0.0,0.0,0.0,0.0,0.0,1.0,0.0,1.0,0.0,0.0,0.0,1.8,63.866600045003,0.735200010240078,0.000500003807246685,49.76879991590977,31.95819992106408,4.0,7.07159994635731,3.8978999946266413,2.3481000680476427,0.000500003807246685
1,46,46,1.9749492691686807,0,0,3.0,2.0,0.5018721222877502,0.49739643931388855,1.0,0.5499688982963562,0.5581930875778198,1.0,1.0,1.0,0.5609703660011292,1.0,1.0,1.0,0.49739643931388855,0.49739643931388855,0.5499688982963562,0.5609703660011292,1.0,0.0,0.40495437383651733,-1.0,1.0,-0.9442458152770996,0.14633266627788544,0.20728018879890442,0.4545454680919647,-0.07898911088705063,0.09947255998849869,-0.9950402975082397,0.0,0.092098668217659,0.03422536700963974,1.0,-0.05117914453148842,1.0,147.64329528808594,12.268152236938477,12.268152236938477,13.850765228271484,25.0,14.115509033203125,0.10120879113674164,0.8987912088632584,0.49072608947753904,0.49072608947753904,0.0,0.0,0.0,0.0,0.0,1.0709994525723248,0.7515818116868623,0.3042244943100319,-0.17185648940053827,0.02,-0.0,-0.00708647919510321,-0.001059268802755189,0.06770696640014649,0.15,-0.0,0.0,0.0,-0.0,0.0,0.21561596268101743,-0.0,0.25,0.0,0.0,0.0,0.21561596268101743,-0.0,0.0,-0.009735183975124241,-0.023533134323448734,-0.02361348899495841,0.3157857142388821,-0.0,0.17208911268335214,0.0,0.1722082437090664,-0.0,0.0478668212890625,0.0478668212890625,-0.05,0.15422449431003188,0.11249389499425888,0.2,0.0,-0.022225935016971614,-0.0,-0.0,0.0,0.0,-0.0,0.0032266140571096755,-0.100357169334746,-0.0,0.0,0.0,0.0,0.14405698622111232,-0.052499999105930326,-0.0,-0.0,0.02,0.0,0.0,0.0,0.0,0.0,0.0,0.11249389499425888,10.372103007920087,23.26086922832157,0.4206521686004555,0.0,0.25,0.3499999940395355,3.0,2.0,0.25,0.3499999940395355,0.25,0.3499999940395355,0.25,6.0,1.0,0.0,0.0,0.25,0.25,0.0,0.0,0.0,0.0,0.0,0.0,0.0,0.0,0.0,0.0,0.0,0.0,0.0,0.0,0.0,0.0,0.0,0.0,0.0,0.0,0.0,0.0,0.0,0.0,0.0,0.0,28.0,28.0,28.0,0.0,0.0,0.0,0.0,0.0,1.0,0.0,1.0,0.0,0.0,0.0,1.84,42.53269999753684,0.6427000043913722,0.000500003807246685,34.85300007741898,17.999300034716725,4.0,3.8571000332012773,2.5559000205248594,0.5822998937219381,0.000400003045797348
1,47,47,1.794238657587454,0,0,3.0,3.0,0.4943798780441284,0.4907260835170746,1.0,0.5540305972099304,0.5635512471199036,1.0,1.0,1.0,0.5646203756332397,1.0,1.0,1.0,0.4907260835170746,0.4907260835170746,0.5540305972099304,0.5646203756332397,1.0,0.0,0.40588676929473877,-1.0,1.0,-0.9440184831619263,0.14817290008068085,0.11182015389204025,0.4545454680919647,-0.10077055543661118,0.10718594491481781,-0.9942389726638794,0.0,0.10120879113674164,0.03763815760612488,1.0,-0.07477694004774094,1.0,147.69288635253906,12.268152236938477,12.268152236938477,13.850765228271484,25.0,14.115509033203125,0.10120879113674164,0.8987912088632584,0.49072608947753904,0.49072608947753904,0.0,0.0,0.0,0.0,0.0,1.0771978150631272,0.6599316558243745,0.30657745161332384,-0.2694682649133712,0.02,-0.0,-0.00708647919510321,-0.001059268802755189,0.0,0.15,-0.0,0.0,0.0,-0.0,0.0,0.21561596268101743,-0.0,0.25,0.0,0.0,0.0,0.21561596268101743,-0.0,0.0,-0.013264259156957824,-0.04706626864689747,-0.03201849274413515,0.3157857142388821,-0.0,0.17828805107455992,0.0,0.1784066061998688,-0.0,0.049591064453125,0.049591064453125,-0.05,0.15657745161332384,0.11421018093824387,0.2,0.0,-0.022707155252168224,-0.0,-0.0,0.0,0.0,-0.0,0.006453228114219351,-0.200714338669492,-0.0,0.0,0.0,0.0,0.1471760062640533,-0.052499999105930326,-0.0,-0.0,0.02,0.0,0.0,0.0,0.0,0.0,0.0,0.11421018093824387,10.596672451011838,32.4,0.7326086850269979,0.0,0.25,0.699999988079071,3.0,3.0,0.25,0.699999988079071,0.25,0.699999988079071,0.25,7.0,1.0,0.0,0.0,0.25,0.25,0.0,0.0,0.0,0.0,0.0,0.0,0.0,0.0,0.0,0.0,0.0,0.0,0.0,0.0,0.0,0.0,0.0,0.0,0.0,0.0,0.0,0.0,0.0,0.0,0.0,0.0,28.0,28.0,28.0,0.0,0.0,0.0,0.0,0.0,1.0,0.0,1.0,0.0,0.0,0.0,1.88,16.815399983897805,0.4735999973490834,0.000500003807246685,9.32830001693219,6.50290003977716,4.0,3.7267000880092382,2.7390000177547336,0.5190999945625663,0.000400003045797348
1,48,48,1.9799717509613828,0,0,3.0,2.0,0.4943798780441284,0.4907260835170746,1.0,0.5540305972099304,0.5635512471199036,1.0,1.0,1.0,0.5646203756332397,1.0,1.0,1.0,0.4907260835170746,0.4907260835170746,0.5540305972099304,0.5646203756332397,1.0,0.0,0.4068324863910675,-1.0,1.0,-0.943788468837738,0.15138103067874908,0.1949387490749359,0.4545454680919647,-0.10077055543661118,0.11553864181041718,-0.9933030009269714,0.0,0.10120879113674164,0.03763815760612488,1.0,-0.10139310359954834,1.0,147.7439727783203,12.103015899658203,12.103015899658203,13.957326889038086,25.0,14.082356452941895,0.10999451577663422,0.8900054842233658,0.48412063598632815,0.48412063598632815,0.0,0.0,0.0,0.0,0.0,1.0720757852601985,0.7491167176997382,0.30731702403311917,-0.16853777603167336,0.02,-0.0,-0.006845053344416724,-0.0010734093522731568,0.0337192726135254,0.15,-0.03315258026123047,0.0,0.0,-0.0,0.0,0.25260848748056514,-0.0,0.25,0.0,0.0,0.0,0.25260848748056514,-0.0,0.0,-0.019576926352699604,-0.027949313483420137,-0.040964296869864025,0.32149643525481225,-0.0,0.18186879645872978,0.0,0.18207030103683275,-0.0,0.05108642578125,0.05108642578125,-0.05,0.15731702403311915,0.11569495499134064,0.2,0.0,-0.022954281878950343,-0.0,-0.0,0.0,0.0,-0.0,0.003811119887891927,-0.09689461493468464,-0.0,0.0,0.0,0.0,0.1487777529191226,-0.052499999105930326,-0.0,-0.0,0.02,0.0,0.0,0.0,0.0,0.0,0.0,0.11569495499134064,10.711998210176827,23.26086922832157,0.4206521686004555,0.0,0.25,0.3499999940395355,3.0,2.0,0.25,0.3499999940395355,0.25,0.3499999940395355,0.25,8.0,1.0,0.0,0.0,0.25,0.25,0.0,0.0,0.0,0.0,0.0,0.0,0.0,0.0,0.0,0.0,0.0,0.0,0.0,0.0,0.0,0.0,0.0,0.0,0.0,0.0,0.0,0.0,0.0,0.0,0.0,0.0,28.0,28.0,28.0,0.0,0.0,0.0,0.0,0.0,1.0,0.0,1.0,0.0,0.0,0.0,1.92,56.836700066924095,0.6077999714761972,0.000500003807246685,25.78170003835112,16.394500038586557,4.0,26.531499926932156,3.0835000798106194,0.7939999923110008,0.000500003807246685
1,49,49,1.6397584506353502,0,0,4.0,2.0,0.48702701926231384,0.484120637178421,1.0,0.5582931041717529,0.5696118474006653,1.0,1.0,1.0,0.5632942318916321,1.0,1.0,1.0,0.484120637178421,0.484120637178421,0.5582931041717529,0.5632942318916321,1.0,0.0,0.4077896177768707,-1.0,1.0,-0.9435559511184692,0.15302854776382446,0.10010916739702225,0.4545454680919647,-0.11256707459688187,0.12441979348659515,-0.9922296404838562,0.0,0.10999451577663422,0.0410018265247345,1.0,-0.12741757929325104,1.0,147.79666137695312,12.103015899658203,12.103015899658203,13.957326889038086,25.0,14.082356452941895,0.10999451577663422,0.8900054842233658,0.48412063598632815,0.48412063598632815,0.0,0.0,0.0,0.0,0.0,1.077678312771143,0.5730914513434825,0.3086164841937414,-0.33962779767301665,0.02,-0.0,-0.006845053344416724,-0.0010734093522731568,0.0,0.15,-0.0,0.0,0.0,-0.0,0.0,0.19749390839389633,-0.11574061608200446,0.25,0.0,0.21818181818181837,0.0,0.25260848748056514,-0.0,0.0,-0.02401379859766545,-0.027949313483420137,-0.05026125588869945,0.32149643525481225,-0.0,0.18757256695698743,0.0,0.18767282854777712,-0.0,0.0526885986328125,0.0526885986328125,-0.05,0.15861648419374136,0.11665061116218567,0.2,0.0,-0.033934316590279345,-0.015061983471074398,-0.032581458710524806,0.0,0.0,-0.0,0.003811119887891927,-0.24386115807377426,-0.0,0.0,0.0,0.0,0.14861124632880093,-0.018000000715255735,-0.0,-0.0,0.02,0.0,0.0,0.0,0.0,0.0,0.0,0.11665061116218567,10.700009735673666,23.26086922832157,0.4206521686004555,0.0,0.5,0.3499999940395355,4.0,2.0,0.5,0.3499999940395355,0.3700000047683716,0.3499999940395355,0.3700000000000001,9.0,1.0,0.0,0.0,0.5,0.5,1.0,0.1299999999999999,0.0,0.0,0.0,0.0,0.0,0.0,0.0,0.0,0.0,0.0,0.0,0.0,0.0,0.0,0.0,0.0,0.0,0.0,0.0,0.0,0.0,0.0,0.0,0.0,28.0,28.0,28.0,0.0,0.0,0.0,0.0,0.0,1.0,0.0,1.0,0.0,0.0,0.0,1.96,25.62269999179989,0.6692999741062522,0.000700005330145359,16.731200041249394,10.454699979163706,4.0,4.258499946445227,3.130700089968741,0.8039999520406127,0.000500003807246685
1,50,50,1.957861373841649,0,0,3.0,3.0,0.48702701926231384,0.484120637178421,1.0,0.5582931041717529,0.5696118474006653,1.0,1.0,1.0,0.5632942318916321,1.0,1.0,1.0,0.484120637178421,0.484120637178421,0.5582931041717529,0.5632942318916321,1.0,0.0,0.4087533950805664,-1.0,1.0,-0.9433224201202393,0.15285728871822357,-0.01040666177868843,0.6727272868156433,-0.11256707459688187,0.13363900780677795,-0.9910300970077515,0.0,0.10999451577663422,0.0410018265247345,1.0,-0.15633533895015717,1.0,147.85076904296875,11.941563606262207,11.941563606262207,14.074028015136719,25.0,14.179332733154297,0.11846990138292313,0.8815300986170769,0.47766254425048826,0.47766254425048826,0.0,0.0,0.0,0.0,0.0,1.0724285612408615,0.8587148228506364,0.3089750542508236,-0.30225706450067236,0.02,-0.0,-0.006590310444239856,-0.0010325684937182867,0.08371572494506836,0.15,-0.0,0.0,0.0,-0.0,0.0,0.2882943216123079,-0.0,0.25,0.0,0.0,0.0,0.2882943216123079,-0.0,0.0,-0.033010574035159945,-0.06462920119467286,-0.06109983884389303,0.3270054358989,-0.0,0.19079014463477506,0.0,0.19089846262378463,-0.0,0.054107666015625,0.054107666015625,-0.05,0.15897505425082362,0.1178508847951889,0.2,0.0,-0.023709565365234657,-0.0,-0.04466567796486192,0.0,0.0,-0.0,0.008842123895637629,-0.18722394435095768,-0.0,0.0,0.0,0.0,0.15367310884874316,-0.05550000071525574,-0.0,-0.0,0.02,0.0,0.0,0.0,0.0,0.0,0.0,0.1178508847951889,11.064463837109507,32.4,0.7326086850269979,0.0,0.25,0.699999988079071,3.0,3.0,0.25,0.699999988079071,0.25,0.699999988079071,0.25,10.0,1.0,0.0,0.0,0.25,0.25,0.0,0.0,0.0,0.0,0.0,0.0,0.0,0.0,0.0,0.0,0.0,0.0,0.0,0.0,0.0,0.0,0.0,0.0,0.0,0.0,0.0,0.0,0.0,0.0,0.0,0.0,28.0,28.0,28.0,0.0,0.0,0.0,0.0,0.0,1.0,0.0,1.0,0.0,0.0,0.0,2.0,54.2242000810802,0.546199968084693,0.000500003807246685,41.6432999772951,18.19870003964752,4.0,6.068999995477498,3.849599976092577,2.072200062684715,0.000800006091594696
1,51,51,1.6291459354142828,0,0,3.0,0.0,0.4795890748500824,0.4776625335216522,1.0,0.5629611015319824,0.5763459801673889,1.0,1.0,1.0,0.5671733021736145,1.0,1.0,1.0,0.4776625335216522,0.4776625335216522,0.5629611015319824,0.5671733021736145,1.0,0.0,0.4097261130809784,-1.0,1.0,-0.9430871605873108,0.15806376934051514,0.31636640429496765,0.4545454680919647,-0.13359034061431885,0.14437229931354523,-0.9895234107971191,0.0,0.11846990138292313,0.05003053694963455,1.0,-0.1868465542793274,1.0,147.90440368652344,11.941563606262207,11.941563606262207,14.074028015136719,25.0,14.179332733154297,0.11846990138292313,0.8815300986170769,0.47766254425048826,0.47766254425048826,0.0,0.0,0.0,0.0,0.0,1.0708056304208116,0.4999258293822505,0.3045965079032057,-0.26618203229198495,0.02,-0.0,-0.006590310444239856,-0.0010325684937182867,0.0,0.15,-0.0,0.0,0.0,-0.0,0.0,0.19219621440820528,-0.1345373500857437,0.25,0.0,0.0,0.3333333333333333,0.19219621440820528,-0.0,0.0,-0.038311658940599354,-0.0,-0.0717534011709744,0.3270054358989,-0.0,0.18912221048822175,0.0,0.1892755318037347,-0.0,0.0536346435546875,0.0536346435546875,-0.05,0.15459650790320567,0.11460499465465546,0.2,0.0,-0.02252653023036463,-0.0,-0.06365549490906296,0.0,0.0,0.0,0.0,0.0,-0.0,0.0,0.0,0.0,0.14600528853014114,-0.18000000715255737,-0.0,-0.0,0.02,0.0,0.0,0.0,0.0,0.0,0.0,0.11460499465465546,10.512380774170161,0.0,0.0,0.45652173913043476,0.25,-0.5,3.0,0.0,0.25,-0.5,0.25,-0.5,0.25,11.0,1.0,0.0,0.0,0.25,0.25,0.0,0.0,0.0,0.0,0.0,0.0,0.0,0.0,0.0,0.0,0.0,0.0,0.0,0.0,0.0,0.0,0.0,0.0,0.0,0.0,0.0,0.0,0.0,0.0,0.0,0.0,28.0,28.0,28.0,0.0,0.0,0.0,0.0,0.0,1.0,0.0,1.0,0.0,0.0,0.0,2.04,49.50899991672486,0.7963000098243356,0.000700005330145359,32.82920003402978,16.805300023406744,4.0,8.934899931773543,6.157199968583882,0.7473001023754478,0.000400003045797348
1,52,52,1.947761934190574,0,0,3.0,2.0,0.4795890748500824,0.4776625335216522,1.0,0.5629611015319824,0.5763459801673889,1.0,1.0,1.0,0.5671733021736145,1.0,1.0,1.0,0.4776625335216522,0.4776625335216522,0.5629611015319824,0.5671733021736145,1.0,0.0,0.4106706976890564,-1.0,1.0,-0.9428591728210449,0.15017686784267426,-0.4792387783527374,0.4545454680919647,-0.13359034061431885,0.15490585565567017,-0.9879292249679565,0.0,0.11846990138292313,0.05003053694963455,1.0,-0.21942570805549622,1.0,147.9586944580078,11.782063484191895,11.782063484191895,14.193619728088379,25.0,14.168244361877441,0.12614084780216217,0.8738591521978378,0.4712825393676758,0.4712825393676758,0.0,0.0,0.0,0.0,0.0,1.0637555673280907,0.8821407540146061,0.3013017497402416,-0.3194361368923645,0.02,-0.0,-0.006339337991058431,-0.0010371584663887497,0.047158031463623046,0.15,-0.011088371276855469,0.0,0.0,-0.0,0.0,0.3205930433775249,-0.0,0.25,0.0,0.0,0.0,0.3205930433775249,-0.0,0.0,-0.04784238545997637,-0.0363545394746177,-0.08174738789832992,0.33199155107140543,-0.0,0.18976995016600995,0.0,0.1898964151302529,-0.0,0.054290771484375,0.054290771484375,-0.05,0.1513017497402416,0.11298169940710068,0.2,0.0,-0.02259644324885948,-0.0,-0.08366214711689987,0.0,0.0,-0.0,0.005012126662182186,-0.09068966961250861,-0.0,0.0,0.0,0.0,0.14645842846482993,-0.1275000035762787,-0.0,-0.0,0.02,0.0,0.0,0.0,0.0,0.0,0.0,0.11298169940710068,10.545006849467756,23.26086922832157,0.4206521686004555,0.0,0.25,0.3499999940395355,3.0,2.0,0.25,0.3499999940395355,0.25,0.3499999940395355,0.25,12.0,1.0,0.0,0.0,0.25,0.25,0.0,0.0,0.0,0.0,0.0,0.0,0.0,0.0,0.0,0.0,0.0,0.0,0.0,0.0,0.0,0.0,0.0,0.0,0.0,0.0,0.0,0.0,0.0,0.0,0.0,0.0,28.0,28.0,28.0,0.0,0.0,0.0,0.0,0.0,1.0,0.0,1.0,0.0,0.0,0.0,2.08,62.70710006356239,0.7482999935746193,0.000800006091594696,52.22930002491921,33.71380001772195,4.0,4.262799979187548,3.882799996063113,1.5459000132977962,0.000500003807246685
1,53,53,2.124337746930488,0,0,3.0,2.0,0.47251132130622864,0.4712825417518616,1.0,0.567744791507721,0.5838136076927185,1.0,1.0,1.0,0.5667297840118408,1.0,1.0,1.0,0.4712825417518616,0.4712825417518616,0.567744791507721,0.5667297840118408,1.0,0.0,0.4115999937057495,-1.0,1.0,-0.9426358342170715,0.15064296126365662,0.028321245685219765,0.4545454680919647,-0.1252274215221405,0.16477130353450775,-0.9863318204879761,0.0,0.12614084780216217,0.059648554772138596,1.0,-0.24623334407806396,1.0,148.0146942138672,11.626764297485352,11.626764297485352,14.313880920410156,25.0,14.181489944458008,0.1335206776857376,0.8664793223142624,0.4650705718994141,0.4650705718994141,0.0,0.0,0.0,0.0,0.0,1.0606875201903985,0.9507157594069074,0.3020667539271944,-0.2091322865940122,0.02,-0.0,-0.006096850318399963,-0.001031677890646747,0.05491743087768555,0.15,-0.0,0.0,0.0,-0.0,0.0,0.3516660113083689,-0.0,0.25,0.0,0.0,0.0,0.3516660113083689,-0.0,0.0,-0.05819013242914795,-0.040320957085206374,-0.09171890466388222,0.3367884404957294,-0.0,0.19409052202718158,0.0,0.19420819787613608,-0.0,0.055999755859375,0.055999755859375,-0.05,0.15206675392719438,0.11435644328594208,0.2,0.0,-0.022850628218107995,-0.0,-0.10397540159503187,0.0,0.0,-0.0,0.00561574788580685,-0.08792200466667918,-0.0,0.0,0.0,0.0,0.14810592363588512,-0.0,-0.0,-0.0,0.02,0.0,0.0,0.0,0.0,0.0,0.0,0.11435644328594208,10.66362650178373,23.26086922832157,0.4206521686004555,0.0,0.25,0.3499999940395355,3.0,2.0,0.25,0.3499999940395355,0.25,0.3499999940395355,0.25,13.0,1.0,0.0,0.0,0.25,0.25,0.0,0.0,1.0,8.0,0.0,0.0,0.0,0.0,0.0,0.0,0.0,0.0,0.0,0.0,0.0,0.0,0.0,0.0,0.0,0.0,0.0,0.0,0.0,0.0,0.0,0.0,28.0,28.0,28.0,0.0,0.0,0.0,0.0,0.0,1.0,0.0,1.0,0.0,0.0,0.0,2.12,41.840999969281256,0.7432000711560249,0.000500003807246685,32.533999998122454,18.009399995207787,4.0,4.67439997009933,3.1774999806657434,0.6634000455960631,0.000600004568696022
1,54,54,2.0497603638372173,0,0,3.0,2.0,0.4658081829547882,0.46507057547569275,1.0,0.5725552439689636,0.591373085975647,1.0,1.0,1.0,0.5672596096992493,1.0,1.0,1.0,0.46507057547569275,0.46507057547569275,0.5725552439689636,0.5672596096992493,1.0,0.0,0.4125390946865082,-1.0,1.0,-0.9424106478691101,0.15233752131462097,0.10296844691038132,0.4545454680919647,-0.12473335862159729,0.17459818720817566,-0.9846397638320923,0.0,0.1335206776857376,0.06369371712207794,1.0,-0.27233389019966125,1.0,148.07240295410156,11.626764297485352,11.626764297485352,14.313880920410156,25.0,14.181489944458008,0.1335206776857376,0.8664793223142624,0.4650705718994141,0.4650705718994141,0.0,0.0,0.0,0.0,0.0,1.0665969162379125,0.8910667525108225,0.3037884581619974,-0.23169176307351516,0.02,-0.0,-0.006096850318399963,-0.001031677890646747,0.0,0.15,-0.0,0.0,0.0,-0.0,0.0,0.3516660113083689,-0.0,0.25,0.0,0.0,0.0,0.3516660113083689,-0.0,0.0,-0.06469189919313949,-0.040320957085206374,-0.1016892000483578,0.3367884404957294,-0.0,0.20001372051956423,0.0,0.20011759392365014,-0.0,0.057708740234375,0.057708740234375,-0.05,0.15378845816199738,0.1156511902809143,0.2,0.0,-0.02312374336171363,-0.0,-0.1262617629309292,0.0,0.0,-0.0,0.00561574788580685,-0.08792200466667918,-0.0,0.0,0.0,0.0,0.14987611438147724,-0.0,-0.0,-0.0,0.02,0.0,0.0,0.0,0.0,0.0,0.0,0.1156511902809143,10.79108023546636,23.26086922832157,0.4206521686004555,0.0,0.25,0.3499999940395355,3.0,2.0,0.25,0.3499999940395355,0.25,0.3499999940395355,0.25,14.0,1.0,0.0,0.0,0.25,0.25,0.0,0.0,1.0,8.0,0.0,0.0,0.0,0.0,0.0,0.0,0.0,0.0,0.0,0.0,0.0,0.0,0.0,0.0,0.0,0.0,0.0,0.0,0.0,0.0,0.0,0.0,28.0,28.0,28.0,0.0,0.0,0.0,0.0,0.0,1.0,0.0,1.0,0.0,0.0,0.0,2.16,52.7716000797227,0.7656000088900328,0.000700005330145359,43.7921000411734,32.66789996996522,4.0,4.196399939246476,3.2190000638365746,0.7637999951839447,0.000600004568696022
1,55,55,1.7168209959538199,0,0,3.0,0.0,0.4658081829547882,0.46507057547569275,1.0,0.5725552439689636,0.591373085975647,1.0,1.0,1.0,0.5672596096992493,1.0,1.0,1.0,0.46507057547569275,0.46507057547569275,0.5725552439689636,0.5672596096992493,1.0,0.0,0.41348710656166077,-1.0,1.0,-0.9421840310096741,0.15415829420089722,0.11063691973686218,0.4545454680919647,-0.12473335862159729,0.18440648913383484,-0.9828500747680664,0.0,0.1335206776857376,0.06369371712207794,1.0,-0.30193790793418884,1.0,148.1292724609375,11.476982116699219,11.476982116699219,14.437054634094238,25.0,14.271592140197754,0.14064009487628937,0.8593599051237106,0.45907928466796877,0.45907928466796877,0.0,0.0,0.0,0.0,0.0,1.0549608935675414,0.6310182977261758,0.2979459316450411,-0.28710412698493837,0.02,-0.0,-0.005858364139630133,-0.0009951573820441164,0.08964519500732422,0.15,-0.0,0.0,0.0,-0.0,0.0,0.25442833649484736,-0.17809983554639314,0.25,0.0,0.0,0.3333333333333333,0.25442833649484736,-0.0,0.0,-0.07490059722630055,-0.0,-0.11126426544490098,0.3414160616695881,-0.0,0.19548549599585385,0.0,0.19560098844383078,-0.0,0.0568695068359375,0.0568695068359375,-0.05,0.14794593164504108,0.11202221363782883,0.2,0.0,-0.021965716392200973,-0.0,-0.1376384070164587,0.0,0.0,0.0,0.0,0.0,-0.0,0.0,0.0,0.0,0.14237038402352484,-0.1275000035762787,-0.0,-0.0,0.02,0.0,0.0,0.0,0.0,0.0,0.0,0.11202221363782883,10.250667649693787,0.0,0.0,0.45652173913043476,0.25,-0.5,3.0,0.0,0.25,-0.5,0.25,-0.5,0.25,15.0,1.0,0.0,0.0,0.25,0.25,0.0,0.0,1.0,8.0,0.0,0.0,0.0,0.0,0.0,0.0,0.0,0.0,0.0,0.0,0.0,0.0,0.0,0.0,0.0,0.0,0.0,0.0,0.0,0.0,0.0,0.0,28.0,28.0,28.0,0.0,0.0,0.0,0.0,0.0,1.0,0.0,1.0,0.0,0.0,0.0,2.2,38.844099966809154,0.6204999517649412,0.000800006091594696,29.91799998562783,17.864499939605594,4.0,4.490099963732064,3.1123999506235123,0.6558999884873629,0.000600004568696022
1,56,56,1.5855052807108487,0,0,3.0,4.0,0.4593471586704254,0.4590792953968048,1.0,0.5774821639060974,0.599271833896637,1.0,1.0,1.0,0.570863664150238,1.0,1.0,1.0,0.4590792953968048,0.4590792953968048,0.5774821639060974,0.570863664150238,1.0,0.0,0.4144037663936615,-1.0,1.0,-0.9419654607772827,0.1464381068944931,-0.46910813450813293,0.4545454680919647,-0.11851827055215836,0.19380874931812286,-0.9810393452644348,0.0,0.14064009487628937,0.06760567426681519,1.0,-0.32589054107666016,1.0,148.18711853027344,11.476982116699219,11.476982116699219,14.437054634094238,25.0,14.271592140197754,0.14064009487628937,0.8593599051237106,0.45907928466796877,0.45907928466796877,0.0,0.0,0.0,0.0,0.0,1.0583117240195892,0.8440094257732528,0.29734571976205315,-0.6341615888440465,0.02,-0.0,-0.005858364139630133,-0.0009951573820441164,0.0,0.15,-0.0,0.0,0.0,-0.0,0.0,0.381642504742271,-0.0,0.25,0.0,0.0,0.0,0.381642504742271,-0.0,0.0,-0.0816243857111685,-0.12634734855678778,-0.12065524211489942,0.3414160616695881,-0.0,0.19884237062524335,0.0,0.19895181889587854,-0.0,0.0578460693359375,0.0578460693359375,-0.05,0.14734571976205316,0.11156774312257767,0.2,0.0,-0.022456235120658367,-0.0,-0.1608137426215642,0.0,0.0,-0.0,0.01780167265813051,-0.24369328375995447,-0.0,0.0,0.0,0.0,0.14554967207834124,-0.22499999999999998,-0.0,-0.0,0.02,0.0,0.0,0.0,0.0,0.0,0.0,0.11156774312257767,10.47957638964057,32.4,1.0,0.0,0.25,1.0,3.0,4.0,0.25,1.0,0.25,1.0,0.25,16.0,1.0,0.0,0.0,0.25,0.25,0.0,0.0,1.0,8.0,0.0,0.0,0.0,0.0,0.0,0.0,0.0,0.0,0.0,0.0,0.0,0.0,0.0,0.0,0.0,0.0,0.0,0.0,0.0,0.0,0.0,0.0,28.0,28.0,28.0,0.0,0.0,0.0,0.0,0.0,1.0,0.0,1.0,0.0,0.0,0.0,2.24,23.866400006227195,0.7421000627800822,0.000500003807246685,15.208199969492853,11.338199954479933,4.0,4.189700004644692,2.952300012111664,0.7344000041484833,0.000500003807246685
1,57,57,1.5134826158715822,0,0,4.0,2.0,0.4593471586704254,0.4590792953968048,1.0,0.5774821639060974,0.599271833896637,1.0,1.0,1.0,0.570863664150238,1.0,1.0,1.0,0.4590792953968048,0.4590792953968048,0.5774821639060974,0.570863664150238,1.0,0.0,0.4153144955635071,-1.0,1.0,-0.941749095916748,0.14970824122428894,0.1987055093050003,0.4545454680919647,-0.11851827055215836,0.20301298797130585,-0.9791760444641113,0.0,0.14064009487628937,0.06760567426681519,1.0,-0.3533965051174164,1.0,148.24693298339844,11.332054138183594,11.332054138183594,14.564491271972656,25.0,14.302873611450195,0.14731138944625854,0.8526886105537415,0.45328216552734374,0.45328216552734374,0.0,0.0,0.0,0.0,0.0,1.0568280954688847,0.7652948441136531,0.2989065849053686,-0.6275469086163243,0.02,-0.0,-0.005621716678057307,-0.0009827829666621704,0.07098350524902344,0.15,-0.0,0.0,0.0,-0.0,0.0,0.32149745137205177,-0.18529290090666173,0.2515589863061905,0.0,0.21534729762510835,0.0,0.4097321660895097,-0.0,0.0,-0.09362870649925728,-0.04794276232406302,-0.13034680246639319,0.34575240314006805,-0.0,0.2040124117047526,0.0,0.20413948491514322,-0.0,0.059814453125,0.059814453125,-0.05,0.14890658490536857,0.11348047852516174,0.2,0.0,-0.03346378061416959,-0.015061983471074398,-0.2654266278136622,0.0,0.0,-0.0,0.006835703203673651,-0.221282605084399,-0.0,0.0,0.0,0.0,0.14655059077776972,-0.09914761483669281,-0.0,-0.0,0.02,0.0,0.0,0.0,0.0,0.0,0.0,0.11348047852516174,10.551642535999418,23.26086922832157,0.4206521686004555,0.0,0.5,0.3499999940395355,4.0,2.0,0.5,0.3499999940395355,0.3700000047683716,0.3499999940395355,0.3700000000000001,17.0,1.0,0.0,0.0,0.5,0.5,1.0,0.1299999999999999,1.0,8.0,0.0,0.0,0.0,0.0,0.0,0.0,0.0,0.0,0.0,0.0,0.0,0.0,0.0,0.0,0.0,0.0,0.0,0.0,0.0,0.0,0.0,0.0,28.0,28.0,28.0,0.0,0.0,0.0,0.0,0.0,1.0,0.0,1.0,0.0,0.0,0.0,2.28,37.14420006144792,0.5876000504940748,0.000700005330145359,29.573599924333394,19.223300041630864,4.0,3.820899990387261,2.5276000378653407,0.6073999684303999,0.000400003045797348
1,58,58,1.5593285731745203,0,0,3.0,0.0,0.4532821774482727,0.45345455408096313,1.0,0.5825796723365784,0.607307493686676,1.0,1.0,1.0,0.5721149444580078,1.0,1.0,1.0,0.4532821774482727,0.4532821774482727,0.5825796723365784,0.5721149444580078,1.0,0.0,0.4162389934062958,-1.0,1.0,-0.9415301084518433,0.15073774755001068,0.06255742162466049,0.6727272868156433,-0.11973296105861664,0.21249304711818695,-0.9771625995635986,0.0,0.14731138944625854,0.08039627224206924,1.0,-0.37699463963508606,1.0,148.3052215576172,11.332054138183594,11.332054138183594,14.564491271972656,25.0,14.302873611450195,0.14731138944625854,0.8526886105537415,0.45328216552734374,0.45328216552734374,0.0,0.0,0.0,0.0,0.0,1.051532404238742,0.5350540915149687,0.29327402766775984,-0.3405319502469502,0.02,-0.0,-0.005621716678057307,-0.0009827829666621704,0.0,0.15,-0.0,0.0,0.0,-0.0,0.0,0.27238051456132245,-0.19364727209490917,0.2515589863061905,0.0,0.0028345205567100033,0.3333333333333333,0.2731547773930065,-0.0,0.0,-0.10010090943009371,-0.0,-0.14081182928806157,0.34575240314006805,-0.0,0.1988080134469783,0.0,0.1988437936850005,-0.0,0.05828857421875,0.05828857421875,-0.05,0.14327402766775982,0.10918795317411423,0.2,0.0,-0.02158017131268446,-0.0,-0.19018745355394043,0.0,0.0,0.0,0.0,0.0,-0.0,0.0,0.0,0.0,0.13987148073036224,-0.1287643253803253,-0.0,-0.0,0.02,0.0,0.0,0.0,0.0,0.0,0.0,0.10918795317411423,10.070746612586081,0.0,0.0,0.45652173913043476,0.25,-0.5,3.0,0.0,0.25,-0.5,0.25,-0.5,0.25,18.0,1.0,0.0,0.0,0.25,0.25,0.0,0.0,1.0,8.0,0.0,0.0,0.0,0.0,0.0,0.0,0.0,0.0,0.0,0.0,0.0,0.0,0.0,0.0,0.0,0.0,0.0,0.0,0.0,0.0,0.0,0.0,28.0,28.0,28.0,0.0,0.0,0.0,0.0,0.0,1.0,0.0,1.0,0.0,0.0,0.0,2.32,27.204900048673153,0.8304000366479158,0.000700005330145359,19.00610001757741,12.731999973766506,4.0,3.675999934785068,2.9114000499248505,0.7387000368908048,0.000400003045797348
1,59,59,1.755111485716803,0,0,3.0,0.0,0.4532821774482727,0.45345455408096313,1.0,0.5825796723365784,0.607307493686676,1.0,1.0,1.0,0.5721149444580078,1.0,1.0,1.0,0.4532821774482727,0.4532821774482727,0.5825796723365784,0.5721149444580078,1.0,0.0,0.41712719202041626,-1.0,1.0,-0.9413200616836548,0.14386780560016632,-0.4174443781375885,0.4545454680919647,-0.11973296105861664,0.22270725667476654,-0.9748853445053101,0.0,0.14731138944625854,0.08039627224206924,1.0,-0.40726202726364136,1.0,148.3610076904297,11.190943717956543,11.190943717956543,14.691315650939941,25.0,14.396045684814453,0.15314939618110657,0.8468506038188934,0.44763774871826173,0.44763774871826173,0.0,0.0,0.0,0.0,0.0,1.0359468880394433,0.6290562311431961,0.28387529911079656,-0.21376693257663282,0.02,-0.0,-0.005395978014017204,-0.0009468299213152439,0.09639520645141603,0.15,-0.0,0.0,0.0,-0.0,0.0,0.28764577479609654,-0.20865314356004405,0.2536022886633873,0.0,0.00654961575161327,0.3333333333333333,0.28954216471889566,-0.0,0.0,-0.11071028697593817,-0.0,-0.15057975045294292,0.3495471075177193,-0.0,0.18897008102794643,0.0,0.18909628422054992,-0.0,0.0557861328125,0.0557861328125,-0.05,0.13387529911079654,0.10260730981826782,0.2,0.0,-0.020239095648564402,-0.0,-0.1935278369280684,0.0,0.0,0.0,0.0,0.0,-0.0,0.0,0.0,0.0,0.13117932364810259,-0.0,-0.0,-0.0,0.02,0.0,0.0,0.0,0.0,0.0,0.0,0.10260730981826782,9.444911302663387,0.0,0.0,0.45652173913043476,0.25,-0.5,3.0,0.0,0.25,-0.5,0.25,-0.5,0.25,19.0,1.0,0.0,0.0,0.25,0.25,0.0,0.0,1.0,8.0,0.0,0.0,0.0,0.0,0.0,0.0,0.0,0.0,0.0,0.0,0.0,0.0,0.0,0.0,0.0,0.0,0.0,0.0,0.0,0.0,0.0,0.0,28.0,28.0,28.0,0.0,0.0,0.0,0.0,0.0,1.0,0.0,1.0,0.0,0.0,0.0,2.36,45.1542999362573,0.6036999402567744,0.000500003807246685,35.97790002822876,21.299200016073883,4.0,4.543000017292798,3.0989000806584954,0.8895999053493142,0.000500003807246685
1,60,60,1.554328219059781,0,0,4.0,2.0,0.44763773679733276,0.448276162147522,1.0,0.5876526236534119,0.6159883141517639,1.0,1.0,1.0,0.5758418440818787,1.0,1.0,1.0,0.44763773679733276,0.44763773679733276,0.5876526236534119,0.5758418440818787,1.0,0.0,0.41795966029167175,-1.0,1.0,-0.9411239624023438,0.13492730259895325,-0.5432597994804382,0.4545454680919647,-0.12832164764404297,0.23221908509731293,-0.9726635217666626,0.0,0.15314939618110657,0.08433931320905685,1.0,-0.43078529834747314,1.0,148.41712951660156,11.065574645996094,11.065574645996094,14.815796852111816,25.0,14.485006332397461,0.15833701193332672,0.8416629880666733,0.4426229858398438,0.4426229858398438,0.0,0.0,0.0,0.0,0.0,1.030711709342263,0.8141804415551133,0.28107481527887906,-0.5916387471164745,0.02,-0.0,-0.005183499173333831,-0.0009137300892529724,0.09755849838256837,0.15,-0.0,0.0,0.0,-0.0,0.0,0.3611244409387329,-0.1995659374391288,0.25541795417666435,0.0,0.20833099240606498,0.0,0.45615583971927043,-0.0,0.0,-0.12223290394557491,-0.05423293826932945,-0.15974436252297863,0.3529190577566624,-0.0,0.18894265564631496,0.0,0.1890487212755898,-0.0,0.056121826171875,0.056121826171875,-0.05,0.13107481527887904,0.10097277909517288,0.2,0.0,-0.03002038874508122,-0.015061983471074398,-0.3093285946449078,0.0,0.0,-0.0,0.016625385969870666,-0.1250888408449564,-0.0,0.0,0.0,0.0,0.13147067143116148,-0.1287643253803253,-0.0,-0.0,0.02,0.0,0.0,0.0,0.0,0.0,0.0,0.10097277909517288,9.465888343043625,23.26086922832157,0.4206521686004555,0.0,0.5,0.3499999940395355,4.0,2.0,0.5,0.3499999940395355,0.3700000047683716,0.3499999940395355,0.3700000000000001,20.0,1.0,0.0,0.0,0.5,0.5,1.0,0.1299999999999999,1.0,8.0,0.0,0.0,0.0,0.0,0.0,0.0,0.0,0.0,0.0,0.0,0.0,0.0,0.0,0.0,0.0,0.0,0.0,0.0,0.0,0.0,0.0,0.0,28.0,28.0,28.0,0.0,0.0,0.0,0.0,0.0,1.0,0.0,1.0,0.0,0.0,0.0,2.4,68.0049000075087,0.6342999404296279,0.000500003807246685,51.058399956673384,29.85890000127256,4.0,7.0183000061661005,6.306099938228726,2.9425000539049506,0.000500003807246685
1,61,61,1.9421685461461835,0,0,3.0,3.0,0.44262298941612244,0.443672776222229,1.0,0.5926318764686584,0.6244175434112549,1.0,1.0,1.0,0.5794002413749695,1.0,1.0,1.0,0.44262298941612244,0.44262298941612244,0.5926318764686584,0.5794002413749695,1.0,0.0,0.41877609491348267,-1.0,1.0,-0.9409326314926147,0.13522697985172272,0.01820923574268818,0.6727272868156433,-0.1171041876077652,0.2411232888698578,-0.9704945087432861,0.0,0.15833701193332672,0.09575390070676804,1.0,-0.4526374042034149,1.0,148.15478515625,11.065574645996094,11.065574645996094,14.815796852111816,25.0,14.485006332397461,0.15833701193332672,0.8416629880666733,0.4426229858398438,0.4426229858398438,0.0,0.0,0.0,0.0,0.0,1.0353687768355209,0.9380532533955477,0.2830945765015747,-0.3343480605864597,0.02,-0.0,-0.005183499173333831,-0.0009137300892529724,0.0,0.15,-0.0,0.0,0.0,-0.0,0.0,0.4516623280156034,-0.009436374577700721,0.25541795417666435,0.0,0.009850825775753367,0.0,0.45615583971927043,-0.0,0.0,-0.13086913770695188,-0.1084658765386589,-0.17005256655665102,0.3529190577566624,-0.0,-2.0987548828125,0.0,0.1937057887688476,-0.0,-0.2623443603515625,-0.2623443603515625,-0.05,0.1330945765015747,0.10252869129180908,0.2,0.0,-0.020844571435185415,-0.0,-0.23267988120798638,0.0,0.0,-0.0,0.03325077193974133,-0.0585743791677735,-0.0,0.0,0.0,0.0,0.13510370374657216,-0.05550000071525574,-0.0,-0.0,0.02,0.0,0.0,0.0,0.0,0.0,0.0,0.10252869129180908,9.727466669753195,32.4,0.7326086850269979,0.0,0.25,0.699999988079071,3.0,3.0,0.25,0.699999988079071,0.25,0.699999988079071,0.25,21.0,1.0,0.0,0.0,0.25,0.25,0.0,0.0,1.0,8.0,0.0,0.0,0.0,0.0,0.0,0.0,0.0,0.0,45.91257095336914,-139.18504333496094,45.81232833862305,-138.8811492919922,-0.10024261474609375,0.30389404296875,0.3200002610683441,1.889417991863793,-0.3132636547088623,0.9496662020683289,0.0,0.0,0.0,0.0,28.0,28.0,28.0,0.0,0.0,0.0,0.0,0.0,1.0,120.0,1.0,0.0,0.0,0.0,2.44,222.721999976784,0.7021999917924404,160.82709992770106,51.750199985690415,32.433000043965876,4.0,5.087299970909953,3.577600000426173,0.734600005671382,0.000400003045797348
1,62,62,0.6039018329328246,0,0,4.0,2.0,0.44262298941612244,0.443672776222229,1.0,0.5926318764686584,0.6244175434112549,1.0,1.0,1.0,0.5794002413749695,1.0,1.0,1.0,0.44262298941612244,0.44262298941612244,0.5926318764686584,0.5794002413749695,1.0,0.0,0.41876891255378723,-1.0,1.0,-0.9407187104225159,0.13896380364894867,0.22706452012062073,0.4545454680919647,-0.1171041876077652,0.2511143684387207,-0.9679574370384216,0.0,0.15833701193332672,0.09575390070676804,1.0,-0.48184579610824585,1.0,147.8942413330078,6.596230506896973,6.596230506896973,14.941995620727539,25.0,14.522363662719727,0.16273535788059235,0.8372646421194077,0.2638492202758789,0.2638492202758789,0.0,0.0,0.0,0.0,0.0,1.0365287408586394,-0.15628722421122593,0.28473553943254554,-0.5810752231471344,0.02,-0.3994769752025604,-0.004976902616390841,-0.000900177790261976,-0.4840980529785156,0.15,-0.0,0.0,0.0,-0.0,0.0,0.37711422835060887,-0.20487802172369587,0.25695737525820733,0.0,0.20553204498507777,0.0,0.47467519107617834,-0.0,0.0,-0.14364570672334234,-0.05679095554262464,-0.18037476482959258,0.355777982622385,-0.0,-2.0843505859375,0.0,0.1992640987392318,-0.0,-0.2605438232421875,-0.2605438232421875,-0.05,0.13473553943254551,0.10424312949180603,0.2,0.0,-0.03121221915210039,-0.015061983471074398,-0.37129939125021627,0.0,0.0,-0.0,0.0170872122864687,-0.1250888408449564,-0.0,0.0,0.0,0.0,0.13669014893937856,-0.05550000071525574,-0.0,-0.0,0.02,0.0,0.0,0.0,0.0,0.0,0.0,0.10424312949180603,9.841690723635256,23.26086922832157,0.4206521686004555,0.0,0.5,0.3499999940395355,4.0,2.0,0.5,0.3499999940395355,0.3700000047683716,0.3499999940395355,0.3700000000000001,22.0,1.0,0.0,0.0,0.5,0.5,1.0,0.1299999999999999,1.0,8.0,0.0,0.0,0.0,0.0,0.0,0.0,0.0,0.0,45.81235885620117,-138.8811492919922,45.71211624145508,-138.57725524902344,-0.10024261474609375,0.30389404296875,0.3200002610683441,1.889417991863793,-0.313263863325119,0.9496661424636841,0.0,0.0,0.0,0.0,28.0,28.0,28.0,0.0,0.0,0.0,0.0,0.0,1.0,120.0,1.0,0.0,0.0,0.0,2.48,256.9373999722302,0.6789000472053885,175.02610001247376,65.57760003488511,32.65639999881387,4.0,11.015999945811927,3.5595999797806144,1.0352999670431018,0.000400003045797348
1,63,63,0.3604148727867258,0,0,4.0,2.0,0.2638492286205292,0.43943899869918823,1.0,0.597679853439331,0.6336614489555359,1.0,1.0,1.0,0.5808945298194885,1.0,1.0,1.0,0.2638492286205292,0.2638492286205292,0.597679853439331,0.5808945298194885,1.0,0.0,0.41877275705337524,-1.0,1.0,-0.9405019283294678,0.14059558510780334,0.0991528257727623,0.6727272868156433,-0.12757901847362518,0.26109224557876587,-0.9653138518333435,0.0,0.16273535788059235,0.12477787584066391,1.0,-0.5069868564605713,1.0,147.63516235351562,6.596230506896973,6.596230506896973,14.941995620727539,25.0,14.522363662719727,0.16273535788059235,0.8372646421194077,0.2638492202758789,0.2638492202758789,0.0,0.0,0.0,0.0,0.0,1.0408535710201532,0.0002097358386965643,0.28529741917241136,-0.9859458532445353,0.02,-0.3994769752025604,-0.004976902616390841,-0.000900177790261976,0.0,0.15,-0.0,0.0,0.0,-0.0,0.0,0.2735487321158062,-0.4223655638167814,0.25695737525820733,0.0,0.42371386316689613,0.0,0.47467519107617834,-0.0,0.0,-0.15334533137036782,-0.05679095554262464,-0.19160606976151984,0.355777982622385,-0.0,-2.0726318359375,0.0,0.20358892890074554,-0.0,-0.2590789794921875,-0.2590789794921875,-0.05,0.13529741917241134,0.10467784851789474,0.2,0.0,-0.04228813582127543,-0.11621900826446298,-0.5389908016597614,0.0,0.0,-0.0,0.0170872122864687,-0.2875351190702484,-0.0,0.0,0.0,0.0,0.13984171898569914,-0.018000000715255735,-0.0,-0.0,0.02,0.0,0.0,0.0,0.0,0.0,0.0,0.10467784851789474,10.068603766970337,23.26086922832157,0.4206521686004555,0.0,0.5,0.3499999940395355,4.0,2.0,0.5,0.3499999940395355,0.49000000953674316,0.3499999940395355,0.4900000000000002,23.0,1.0,0.0,0.0,0.5,0.5,1.0,0.009999999999999787,1.0,8.0,0.0,0.0,0.0,0.0,0.0,0.0,0.0,0.0,45.712100982666016,-138.57711791992188,45.61185836791992,-138.27322387695312,-0.10024261474609375,0.30389404296875,0.3200002610683441,1.889417991863793,-0.31326407194137573,0.9496661424636841,0.0,0.0,0.0,0.0,28.0,28.0,28.0,0.0,0.0,0.0,0.0,0.0,1.0,120.0,1.0,0.0,0.0,0.0,2.52,352.183899958618,0.6263999966904521,285.7124999864027,46.95350001566112,34.9559000460431,4.0,11.595000047236681,4.2549999197945,2.9971000039950013,0.000600004568696022
1,64,64,5.594949646594965,0,0,3.0,2.0,0.2638492286205292,0.43943899869918823,1.0,0.597679853439331,0.6336614489555359,1.0,1.0,1.0,0.5808945298194885,1.0,1.0,1.0,0.2638492286205292,0.2638492286205292,0.597679853439331,0.5808945298194885,1.0,0.0,0.4187779128551483,-1.0,1.0,-0.940284788608551,0.14383719861507416,0.19697313010692596,0.8909090757369995,-0.12757901847362518,0.27191728353500366,-0.9623206257820129,0.0,0.16273535788059235,0.12477787584066391,1.0,-0.5385551452636719,1.0,147.3768310546875,10.823540687561035,10.823540687561035,15.074593544006348,25.0,14.578838348388672,0.16624511778354645,0.8337548822164536,0.4329416275024414,0.4329416275024414,0.0,0.0,0.0,0.0,0.0,1.0386630985903822,4.856981740513572,0.284694255031872,-0.6053894475408599,0.02,-0.0,-0.004768992469667768,-0.0008800708488452122,4.128668212890625,0.15,-0.0,0.0,0.0,-0.0,0.0,0.3899480108090978,-0.20896074507119997,0.25818579122424123,0.0,0.20329856141047065,0.0,0.48945312750966924,-0.0,0.0,-0.16815344429325274,-0.05885212361472831,-0.20485209666323367,0.35805932655930517,-0.0,-2.066650390625,0.0,0.20490821637392864,-0.0,-0.258331298828125,-0.258331298828125,-0.05,0.13469425503187202,0.10457324236631393,0.2,0.0,-0.032088511505433494,-0.015061983471074398,-0.43260584807414276,0.0,0.0,-0.0,0.01745573707000294,-0.1250888408449564,-0.0,0.0,0.0,0.0,0.14052776560187338,-0.018000000715255735,-0.0,-0.0,0.02,0.0,0.0,0.0,0.0,0.0,0.0,0.10457324236631393,10.117999123334885,23.26086922832157,0.4206521686004555,0.0,0.25,0.3499999940395355,3.0,2.0,0.25,0.3499999940395355,0.3700000047683716,0.3499999940395355,0.3700000000000001,24.0,1.0,0.0,0.0,0.25,0.25,1.0,0.1200000000000001,1.0,8.0,0.0,0.0,0.0,0.0,0.0,0.0,0.0,0.0,45.611900329589844,-138.27325439453125,45.511653900146484,-137.9693603515625,-0.10024642944335938,0.30389404296875,0.3200014531612396,1.8894293106247948,-0.31326425075531006,0.9496659636497498,0.0,0.0,0.0,0.0,28.0,28.0,28.0,0.0,0.0,0.0,0.0,0.0,1.0,120.0,1.0,0.0,0.0,0.0,2.56,273.8478999817744,0.7332999957725406,177.6592000387609,87.23469998221844,30.90919996611774,4.0,3.9431999903172255,3.5031000152230263,0.7310999790206552,0.000500003807246685
1,65,65,1.9886477059749068,0,0,3.0,2.0,0.43294161558151245,0.43561458587646484,1.0,0.6029837131500244,0.6440918445587158,1.0,1.0,1.0,0.5831535458564758,1.0,1.0,1.0,0.43294161558151245,0.43294161558151245,0.6029837131500244,0.5831535458564758,1.0,0.0,0.41878068447113037,-1.0,1.0,-0.9400677680969238,0.1445428431034088,0.042877912521362305,0.6727272868156433,-0.16330406069755554,0.28463998436927795,-0.9586344957351685,0.0,0.16624511778354645,0.12240815162658691,1.0,-0.5721177458763123,1.0,147.12026977539062,10.823540687561035,10.823540687561035,15.074593544006348,25.0,14.578838348388672,0.16624511778354645,0.8337548822164536,0.4329416275024414,0.4329416275024414,0.0,0.0,0.0,0.0,0.0,1.0443186638889252,1.0041460422039803,0.286085708369727,-0.36590270848772555,0.02,-0.0,-0.004768992469667768,-0.0008800708488452122,0.0,0.15,-0.0,0.0,0.0,-0.0,0.0,0.48216847093540366,-0.015297778805957745,0.25818579122424123,0.0,0.014883256771347698,0.0,0.48945312750966924,-0.0,0.0,-0.17981994304117205,-0.05885212361472831,-0.21851359939281112,0.35805932655930517,-0.0,-2.052490234375,0.0,0.2105637816724717,-0.0,-0.256561279296875,-0.256561279296875,-0.05,0.13608570836972703,0.10565353184938431,0.2,0.0,-0.021930688677488694,-0.0,-0.31414056658109724,0.0,0.0,-0.0,0.01745573707000294,-0.02928718958388675,-0.0,0.0,0.0,0.0,0.14214335253927857,-0.018000000715255735,-0.0,-0.0,0.02,0.0,0.0,0.0,0.0,0.0,0.0,0.10565353184938431,10.234321382828057,23.26086922832157,0.4206521686004555,0.0,0.25,0.3499999940395355,3.0,2.0,0.25,0.3499999940395355,0.25,0.3499999940395355,0.25,25.0,1.0,0.0,0.0,0.25,0.25,0.0,0.0,1.0,8.0,0.0,0.0,0.0,0.0,0.0,0.0,0.0,0.0,45.5117301940918,-137.96946716308594,45.41148376464844,-137.6655731201172,-0.10024642944335938,0.30389404296875,0.3200014531612396,1.8894293106247948,-0.31326448917388916,0.9496658444404602,0.0,0.0,0.0,0.0,28.0,28.0,28.0,0.0,0.0,0.0,0.0,0.0,1.0,120.0,1.0,0.0,0.0,0.0,2.6,163.97540003526956,0.6832999642938375,140.07870003115386,14.246299979276955,11.261799954809248,4.0,4.989700042642653,3.3270999556407332,0.6206000689417124,0.000400003045797348
1,66,66,1.4968554197593873,0,0,3.0,0.0,0.43294161558151245,0.43561458587646484,1.0,0.6029837131500244,0.6440918445587158,1.0,1.0,1.0,0.5831535458564758,1.0,1.0,1.0,0.43294161558151245,0.43294161558151245,0.6029837131500244,0.5831535458564758,1.0,0.0,0.4187893271446228,-1.0,1.0,-0.939849317073822,0.14620459079742432,0.1009741872549057,0.4545454680919647,-0.16330406069755554,0.2977094054222107,-0.9546565413475037,0.0,0.16624511778354645,0.12240815162658691,1.0,-0.6102720499038696,1.0,146.86337280273438,10.715869903564453,10.715869903564453,15.219656944274902,25.0,14.658683776855469,0.16822929680347443,0.8317707031965256,0.4286347961425781,0.4286347961425781,0.0,0.0,0.0,0.0,0.0,1.0406448391361032,0.6135838702004599,0.28228265212113585,-0.4596559416983117,0.02,-0.0,-0.004551819396115362,-0.0008524071113230113,0.11568765640258791,0.15,-0.0,0.0,0.0,-0.0,0.0,0.32651333751884376,-0.24918907156898004,0.25888025388121605,0.0,0.016145916147665543,0.3333333333333333,0.3318717103255423,-0.0,0.0,-0.18965736277959142,-0.0,-0.2304238103494134,0.3593490429222584,-0.0,-2.05517578125,0.0,0.2088741359395776,-0.0,-0.25689697265625,-0.25689697265625,-0.05,0.13228265212113585,0.10290304571390152,0.2,0.0,-0.020637538993465054,-0.0,-0.31151839912856794,0.0,0.0,0.0,0.0,0.0,-0.0,0.0,0.0,0.0,0.13376182680949572,-0.1275000035762787,-0.0,-0.0,0.02,0.0,0.0,0.0,0.0,0.0,0.0,0.10290304571390152,9.63085153028369,0.0,0.0,0.45652173913043476,0.25,-0.5,3.0,0.0,0.25,-0.5,0.25,-0.5,0.25,26.0,1.0,0.0,0.0,0.25,0.25,0.0,0.0,1.0,8.0,0.0,0.0,0.0,0.0,0.0,0.0,0.0,0.0,45.411582946777344,-137.6657257080078,45.311336517333984,-137.36183166503906,-0.10024642944335938,0.30389404296875,0.3200014531612396,1.8894293106247948,-0.3132648169994354,0.9496658444404602,0.0,0.0,0.0,0.0,28.0,28.0,28.0,0.0,0.0,0.0,0.0,0.0,1.0,120.0,1.0,0.0,0.0,0.0,2.64,189.87090000882745,0.5356000037863851,123.24760004412383,56.57540005631745,30.91510001104325,4.0,6.589399999938905,2.1458000410348177,0.7341000018641353,0.000400003045797348
1,67,67,1.96918906965836,0,0,3.0,2.0,0.42863479256629944,0.4324897527694702,1.0,0.6087862849235535,0.6562404036521912,1.0,1.0,1.0,0.5863473415374756,1.0,1.0,1.0,0.42863479256629944,0.42863479256629944,0.6087862849235535,0.5863473415374756,1.0,0.0,0.41877231001853943,-1.0,1.0,-0.9396370053291321,0.13758359849452972,-0.523845374584198,0.4545454680919647,-0.15963399410247803,0.30905818939208984,-0.9510431289672852,0.0,0.16822929680347443,0.1258201003074646,1.0,-0.6412256360054016,1.0,146.6070098876953,10.610227584838867,10.610227584838867,15.358868598937988,25.0,14.735506057739258,0.17096084356307983,0.8290391564369202,0.4244091033935547,0.4244091033935547,0.0,0.0,0.0,0.0,0.0,1.038878362145807,1.1157779957853278,0.2805326919466336,-0.4859999802194084,0.02,-0.0,-0.0043530525892092505,-0.0008266119266552127,0.11040554046630861,0.15,-0.0,0.0,0.0,-0.0,0.0,0.500200247954617,-0.019127990800431253,0.25983629524707796,0.0,0.017884173176505386,0.0,0.5093088150024414,-0.0,0.0,-0.20188645361640498,-0.06164938323384896,-0.24094798361674208,0.3611245483160019,-0.0,-2.0509033203125,0.0,0.20983920570888692,-0.0,-0.2563629150390625,-0.2563629150390625,-0.05,0.1305326919466336,0.10181759297847748,0.2,0.0,-0.02062906218439873,-0.0,-0.3265346131432657,0.0,0.0,-0.0,0.01795088826842157,-0.02928718958388675,-0.0,0.0,0.0,0.0,0.1337068845285103,-0.1275000035762787,-0.0,-0.0,0.02,0.0,0.0,0.0,0.0,0.0,0.0,0.10181759297847748,9.62689568605274,23.26086922832157,0.4206521686004555,0.0,0.25,0.3499999940395355,3.0,2.0,0.25,0.3499999940395355,0.25,0.3499999940395355,0.25,27.0,1.0,0.0,0.0,0.25,0.25,0.0,0.0,1.0,8.0,0.0,0.0,0.0,0.0,0.0,0.0,0.0,0.0,45.31145095825195,-137.3620147705078,45.211204528808594,-137.05812072753906,-0.10024642944335938,0.30389404296875,0.3200014531612396,1.8894293106247948,-0.3132651448249817,0.9496657252311707,0.0,0.0,0.0,0.0,28.0,28.0,28.0,0.0,0.0,0.0,0.0,0.0,1.0,120.0,1.0,0.0,0.0,0.0,2.68,201.3304999563843,0.700599979609251,141.9274000218138,47.38210001960397,26.13580005709082,4.0,7.229499984532595,3.0765000265091658,0.9688999271020293,0.000500003807246685
1,68,68,1.9661304798351726,0,0,3.0,2.0,0.42440909147262573,0.4292421042919159,1.0,0.6143547296524048,1.0,1.0,1.0,1.0,0.5894202589988708,1.0,1.0,1.0,0.42440909147262573,0.42440909147262573,0.6143547296524048,0.5894202589988708,1.0,0.0,0.4187431335449219,-1.0,1.0,-0.9394276142120361,0.13752707839012146,-0.0034338925033807755,0.4545454680919647,-0.12844648957252502,0.3190498352050781,-0.9477379322052002,0.0,0.17096084356307983,0.13786496222019196,1.0,-0.6672157645225525,1.0,146.35250854492188,10.610227584838867,10.610227584838867,15.358868598937988,25.0,14.735506057739258,0.17096084356307983,0.8290391564369202,0.4244091033935547,0.4244091033935547,0.0,0.0,0.0,0.0,0.0,1.0450050046883632,0.9978931064498373,0.28270065170418646,-0.37946828300721436,0.02,-0.0,-0.0043530525892092505,-0.0008266119266552127,0.0,0.15,-0.0,0.0,0.0,-0.0,0.0,0.500200247954617,-0.019127990800431253,0.25983629524707796,0.0,0.017884173176505386,0.0,0.5093088150024414,-0.0,0.0,-0.2107537988937438,-0.06164938323384896,-0.25098128688378685,0.3611245483160019,-0.0,-2.0360107421875,0.0,0.21596584825144305,-0.0,-0.2545013427734375,-0.2545013427734375,-0.05,0.13270065170418646,0.10350863635540009,0.2,0.0,-0.020843210201657247,-0.0,-0.3472887714900919,0.0,0.0,-0.0,0.01795088826842157,-0.02928718958388675,-0.0,0.0,0.0,0.0,0.13509488093666733,-0.0,-0.0,-0.0,0.02,0.0,0.0,0.0,0.0,0.0,0.0,0.10350863635540009,9.726831427440048,23.26086922832157,0.4206521686004555,0.0,0.25,0.3499999940395355,3.0,2.0,0.25,0.3499999940395355,0.25,0.3499999940395355,0.25,28.0,1.0,0.0,0.0,0.25,0.25,0.0,0.0,1.0,8.0,0.0,0.0,0.0,0.0,0.0,0.0,0.0,0.0,45.211326599121094,-137.05831909179688,45.111080169677734,-136.75442504882812,-0.10024642944335938,0.30389404296875,0.3200014531612396,1.8894293106247948,-0.31326547265052795,0.9496655464172363,0.0,0.0,0.0,0.0,28.0,28.0,28.0,0.0,0.0,0.0,0.0,0.0,1.0,120.0,1.0,0.0,0.0,0.0,2.72,199.30430001113564,0.7374000269919634,147.44889992289245,40.25199997704476,14.486299944110215,4.0,4.857999971136451,3.304600017145276,2.6639000279828906,0.000400003045797348
1,69,69,1.4314342262803792,0,0,3.0,0.0,0.42440909147262573,0.4292421042919159,1.0,0.6143547296524048,1.0,1.0,1.0,1.0,0.5894202589988708,1.0,1.0,1.0,0.42440909147262573,0.42440909147262573,0.6143547296524048,0.5894202589988708,1.0,0.0,0.41872483491897583,-1.0,1.0,-0.9392154216766357,0.13895472884178162,0.08674977719783783,0.4545454680919647,-0.12844648957252502,0.328542560338974,-0.9444891810417175,0.0,0.17096084356307983,0.13786496222019196,1.0,-0.6949992179870605,1.0,146.09661865234375,10.495165824890137,10.495165824890137,15.496811866760254,25.0,14.819804191589355,0.17418217658996582,0.8258178234100342,0.41980663299560544,0.41980663299560544,0.0,0.0,0.0,0.0,0.0,1.0362597756961307,0.5860349355233097,0.2779772003239018,-0.4888376852629631,0.02,-0.0,-0.004164988044663918,-0.0007992038758642651,0.10955533981323246,0.15,-0.0,0.0,0.0,-0.0,0.0,0.34163288456644386,-0.2658953746581397,0.26096376180648806,0.0,0.019934112375432834,0.3333333333333333,0.34858154832271115,-0.0,0.0,-0.22043978140128562,-0.0,-0.2602750414601114,0.36321841478347777,-0.0,-2.047119140625,0.0,0.21044195228609652,-0.0,-0.255889892578125,-0.255889892578125,-0.05,0.12797720032390175,0.10014510154724121,0.2,0.0,-0.019681381666420826,-0.0,-0.34165630002026365,0.0,0.0,0.0,0.0,0.0,-0.0,0.0,0.0,0.0,0.12756451080087572,-0.1275000035762787,-0.0,-0.0,0.02,0.0,0.0,0.0,0.0,0.0,0.0,0.10014510154724121,9.184644777663053,0.0,0.0,0.45652173913043476,0.25,-0.5,3.0,0.0,0.25,-0.5,0.25,-0.5,0.25,29.0,1.0,0.0,0.0,0.25,0.25,0.0,0.0,1.0,8.0,0.0,0.0,0.0,0.0,0.0,0.0,0.0,0.0,45.1112060546875,-136.754638671875,45.01095962524414,-136.45074462890625,-0.10024642944335938,0.30389404296875,0.3200014531612396,1.8894293106247948,-0.3132658302783966,0.9496654868125916,0.0,0.0,0.0,0.0,28.0,28.0,28.0,0.0,0.0,0.0,0.0,0.0,1.0,120.0,1.0,0.0,0.0,0.0,2.76,172.98959998879582,0.5949999904260039,121.28379999194294,45.52990000229329,26.318900054320693,4.0,3.464199951849878,1.6784999752417207,0.40300004184246063,0.000300002284348011
1,70,70,-1.793511814577198,0,0,3.0,0.0,0.4198066294193268,0.42586830258369446,1.0,0.6198724508285522,1.0,1.0,1.0,1.0,0.5927921533584595,1.0,1.0,1.0,0.4198066294193268,0.4198066294193268,0.6198724508285522,0.5927921533584595,1.0,0.0,0.4186777174472809,-1.0,1.0,-0.9390095472335815,0.13120920956134796,-0.4706481397151947,0.4545454680919647,-0.11452244967222214,0.33730608224868774,-0.9413950443267822,0.0,0.17418217658996582,0.13767246901988983,1.0,-0.7165799736976624,1.0,145.8373260498047,10.495165824890137,10.495165824890137,15.496811866760254,25.0,14.819804191589355,0.17418217658996582,0.8258178234100342,0.41980663299560544,0.41980663299560544,0.0,0.0,0.0,0.0,0.0,1.0250487182713215,0.46391465104107815,-2.9302776861811624,-0.35219749770843517,0.0,-0.0,-0.004164988044663918,-0.0007992038758642651,0.0,0.15,-0.0,0.0,0.0,-0.0,0.0,0.34163288456644386,-0.2658953746581397,0.26096376180648806,0.0,0.019934112375432834,0.3333333333333333,0.34858154832271115,-0.0,0.0,-0.22442079034757598,-0.0,-0.2686500934357743,0.36321841478347777,-0.0,-2.0743408203125,0.0,0.1992308948612873,-0.0,-0.2592926025390625,-0.2592926025390625,-0.05,0.11972231381883747,0.09368546307086945,-3.0,0.0,-0.018357003012060055,-0.0,-0.3338404946963751,0.0,0.0,0.0,0.0,0.0,-0.0,0.0,0.0,0.0,0.11898057507816702,-0.0,-0.0,-0.0,0.0,0.0,0.0,0.0,0.0,0.0,0.0,0.09368546307086945,8.566601405628026,0.0,0.0,0.45652173913043476,0.25,-0.5,3.0,0.0,0.25,-0.5,0.25,-0.5,0.25,30.0,1.0,0.0,0.0,0.25,0.25,0.0,0.0,1.0,8.0,0.0,0.0,0.0,0.0,0.0,0.0,0.0,0.0,45.01108932495117,-136.45095825195312,44.91084289550781,-136.14706420898438,-0.10024642944335938,0.30389404296875,0.3200014531612396,1.8894293106247948,-0.31326618790626526,0.949665367603302,0.0,0.0,0.0,0.0,28.0,28.0,28.0,0.0,0.0,0.0,0.0,0.0,1.0,120.0,1.0,0.0,0.0,0.0,2.8,167.94369998387992,0.3874000394716859,131.89109996892512,27.771599940024316,12.751700007356703,4.0,4.354100092314184,2.745899953879416,0.7602999685332179,0.000600004568696022
1,71,71,-1.3159248308068183,0,0,3.0,2.0,0.4198066294193268,0.42586830258369446,1.0,0.6198724508285522,1.0,1.0,1.0,1.0,0.5927921533584595,1.0,1.0,1.0,0.4198066294193268,0.4198066294193268,0.6198724508285522,0.5927921533584595,1.0,0.0,0.4185773730278015,-1.0,1.0,-0.938815712928772,0.12238001823425293,-0.5364959836006165,0.4545454680919647,-0.11452244967222214,0.34517839550971985,-0.9385371208190918,0.0,0.17418217658996582,0.13767246901988983,1.0,-0.7396378517150879,1.0,145.5777130126953,10.391555786132812,10.391555786132812,15.62309741973877,25.0,14.900614738464355,0.17733405530452728,0.8226659446954727,0.4156622314453125,0.4156622314453125,0.0,0.0,0.0,0.0,0.0,1.0200973698149345,1.101559945894853,-2.9326184442919434,-0.5049637022246624,0.0,-0.0,-0.004000236925358945,-0.0007737832984703525,0.10226964950561523,0.15,-0.0,0.0,0.0,-0.0,0.0,0.5243804833744184,-0.024702105501120585,0.26206691935658455,0.0,0.02193985337560827,0.0,0.5361433907559044,-0.0,0.0,-0.23593716029330716,-0.06548059760190687,-0.2766948253831223,0.36526713594794274,-0.0,-2.076904296875,0.0,0.19743142511946177,-0.0,-0.259613037109375,-0.259613037109375,-0.05,0.11738155570805676,0.09214352816343307,-3.0,0.0,-0.01846187576420073,-0.0,-0.3483347087901736,0.0,0.0,-0.0,0.018620075489877364,-0.02928718958388675,-0.0,0.0,0.0,0.0,0.11966030587907882,-0.1275000035762787,-0.0,-0.0,0.0,0.0,0.0,0.0,0.0,0.0,0.0,0.09214352816343307,8.615542023293674,23.26086922832157,0.4206521686004555,0.0,0.25,0.3499999940395355,3.0,2.0,0.25,0.3499999940395355,0.25,0.3499999940395355,0.25,31.0,1.0,0.0,0.0,0.25,0.25,0.0,0.0,1.0,8.0,0.0,0.0,0.0,0.0,0.0,0.0,0.0,0.0,44.910972595214844,-136.14727783203125,44.810726165771484,-135.8433837890625,-0.10024642944335938,0.30389404296875,0.3200014531612396,1.8894293106247948,-0.3132665455341339,0.9496651887893677,0.0,0.0,0.0,0.0,28.0,28.0,28.0,0.0,0.0,0.0,0.0,0.0,1.0,120.0,1.0,0.0,0.0,0.0,2.84,190.26730000041425,0.5291000707075,130.96870004665107,50.703899934887886,28.871299931779504,4.0,4.743099911138415,2.662200015038252,0.6261999951675534,0.000300002284348011
1,72,72,-1.3109618677129122,0,0,3.0,2.0,0.4156622290611267,0.42274704575538635,1.0,0.6249238848686218,1.0,1.0,1.0,1.0,0.5960245728492737,1.0,1.0,1.0,0.4156622290611267,0.4156622290611267,0.6249238848686218,0.5960245728492737,1.0,0.0,0.4184625744819641,-1.0,1.0,-0.938624918460846,0.12307917326688766,0.04248317331075668,0.4545454680919647,-0.10033667087554932,0.35271742939949036,-0.9357298612594604,0.0,0.17733405530452728,0.15039542317390442,1.0,-0.7575135827064514,1.0,145.3196258544922,10.391555786132812,10.391555786132812,15.62309741973877,25.0,14.900614738464355,0.17733405530452728,0.8226659446954727,0.4156622314453125,0.4156622314453125,0.0,0.0,0.0,0.0,0.0,1.0250453644731263,0.9935526912352994,-2.9307799343956056,-0.3987799890257324,0.0,-0.0,-0.004000236925358945,-0.0007737832984703525,0.0,0.15,-0.0,0.0,0.0,-0.0,0.0,0.5243804833744184,-0.024702105501120585,0.26206691935658455,0.0,0.02193985337560827,0.0,0.5361433907559044,-0.0,0.0,-0.24360820255810164,-0.06548059760190687,-0.2848023965744444,0.36526713594794274,-0.0,-2.064697265625,0.0,0.2023794197776536,-0.0,-0.258087158203125,-0.258087158203125,-0.05,0.11922006560439458,0.0935867428779602,-3.0,0.0,-0.01876017748987568,-0.0,-0.36935269744184734,0.0,0.0,-0.0,0.018620075489877364,-0.02928718958388675,-0.0,0.0,0.0,0.0,0.12159374298993497,-0.0,-0.0,-0.0,0.0,0.0,0.0,0.0,0.0,0.0,0.0,0.0935867428779602,8.754749495275318,23.26086922832157,0.4206521686004555,0.0,0.25,0.3499999940395355,3.0,2.0,0.25,0.3499999940395355,0.25,0.3499999940395355,0.25,32.0,1.0,0.0,0.0,0.25,0.25,0.0,0.0,1.0,8.0,0.0,0.0,0.0,0.0,0.0,0.0,0.0,0.0,44.810855865478516,-135.84359741210938,44.710609436035156,-135.53970336914062,-0.10024642944335938,0.30389404296875,0.3200014531612396,1.8894293106247948,-0.31326693296432495,0.9496651291847229,0.0,0.0,0.0,0.0,28.0,28.0,28.0,0.0,0.0,0.0,0.0,0.0,1.0,120.0,1.0,0.0,0.0,0.0,2.88,198.3000000473112,0.3920000744983554,143.34389998111874,47.131899977102876,30.51379998214543,4.0,3.99719993583858,2.6851000729948282,0.7134999614208937,0.000400003045797348
1,73,73,-1.8695475693390662,0,0,3.0,0.0,0.4156622290611267,0.42274704575538635,1.0,0.6249238848686218,1.0,1.0,1.0,1.0,0.5960245728492737,1.0,1.0,1.0,0.4156622290611267,0.4156622290611267,0.6249238848686218,0.5960245728492737,1.0,0.0,0.4183569550514221,-1.0,1.0,-0.9384316802024841,0.1250678449869156,0.12083981931209564,0.4545454680919647,-0.10033667087554932,0.3602922558784485,-0.9328394532203674,0.0,0.17733405530452728,0.15039542317390442,1.0,-0.7797098755836487,1.0,145.0597686767578,10.29343318939209,10.29343318939209,15.750457763671875,25.0,14.988532066345215,0.18025462329387665,0.8197453767061234,0.4117373275756836,0.4117373275756836,0.0,0.0,0.0,0.0,0.0,1.01560141217396,0.554915867793453,-2.9355931174073047,-0.5044717318991745,0.0,-0.0,-0.0038409610602463786,-0.0007470446285827602,0.10761842727661133,0.15,-0.0,0.0,0.0,-0.0,0.0,0.3569256760823363,-0.2833481194463957,0.26308911815285685,0.0,0.023798396641557907,0.3333333333333333,0.3656270127547415,-0.0,0.0,-0.2516908502846534,-0.0,-0.2925480917167005,0.3671655051410198,-0.0,-2.078857421875,0.0,0.1958560354678367,-0.0,-0.259857177734375,-0.259857177734375,-0.05,0.11440688259269514,0.09007172286510468,-3.0,0.0,-0.017645923609659078,-0.0,-0.3593258047132368,0.0,0.0,0.0,0.0,0.0,-0.0,0.0,0.0,0.0,0.11437172709964216,-0.1275000035762787,-0.0,-0.0,0.0,0.0,0.0,0.0,0.0,0.0,0.0,0.09007172286510468,8.234764351174237,0.0,0.0,0.45652173913043476,0.25,-0.5,3.0,0.0,0.25,-0.5,0.25,-0.5,0.25,33.0,1.0,0.0,0.0,0.25,0.25,0.0,0.0,1.0,8.0,0.0,0.0,0.0,0.0,0.0,0.0,0.0,0.0,44.71073913574219,-135.5399169921875,44.61049270629883,-135.23602294921875,-0.10024642944335938,0.30389404296875,0.3200014531612396,1.8894293106247948,-0.313267320394516,0.9496650099754333,0.0,0.0,0.0,0.0,28.0,28.0,28.0,0.0,0.0,0.0,0.0,0.0,1.0,120.0,1.0,0.0,0.0,0.0,2.92,202.00039993505925,0.66509994212538,139.20099998358637,52.14689997956157,39.65459996834397,4.0,5.766000016592443,3.292500041425228,0.8951999479904771,0.000500003807246685
1,74,74,-1.3569153610607168,0,0,3.0,2.0,0.411737322807312,0.41980522871017456,1.0,0.6300182938575745,1.0,1.0,1.0,1.0,0.5995413064956665,1.0,1.0,1.0,0.411737322807312,0.411737322807312,0.6300182938575745,0.5995413064956665,1.0,0.0,0.41822198033332825,-1.0,1.0,-0.9382448196411133,0.11763948947191238,-0.4513759911060333,0.4545454680919647,-0.10007429122924805,0.36750686168670654,-0.930020809173584,0.0,0.18025462329387665,0.15451444685459137,1.0,-0.7967744469642639,1.0,144.79945373535156,10.197306632995605,10.197306632995605,15.869492530822754,25.0,15.060290336608887,0.18282580375671387,0.8171741962432861,0.4078922653198242,0.4078922653198242,0.0,0.0,0.0,0.0,0.0,1.0109318889672316,1.098965628958107,-2.9380323308964433,-0.5287805480896118,0.0,-0.0,-0.00369808785795658,-0.0007259067906113876,0.09509315490722657,0.15,-0.0,0.0,0.0,-0.0,0.0,0.5450418200039798,-0.029871916472059865,0.26398903131484985,0.0,0.025434602390636094,0.0,0.5592665421335321,-0.0,0.0,-0.2623256414414093,-0.06882873797186288,-0.30005409294766716,0.368836772441864,-0.0,-2.08251953125,0.0,0.1937576927239455,-0.0,-0.26031494140625,-0.26031494140625,-0.05,0.1119676691035568,0.08837945014238358,-3.0,0.0,-0.017745079234721406,-0.0,-0.37344498476226196,0.0,0.0,-0.0,0.019196709067536944,-0.02928718958388675,-0.0,0.0,0.0,0.0,0.11501440244726838,-0.1275000035762787,-0.0,-0.0,0.0,0.0,0.0,0.0,0.0,0.0,0.0,0.08837945014238358,8.281036976203323,23.26086922832157,0.4206521686004555,0.0,0.25,0.3499999940395355,3.0,2.0,0.25,0.3499999940395355,0.25,0.3499999940395355,0.25,34.0,1.0,0.0,0.0,0.25,0.25,0.0,0.0,1.0,8.0,0.0,0.0,0.0,0.0,0.0,0.0,0.0,0.0,44.61062240600586,-135.23623657226562,44.5103759765625,-134.93234252929688,-0.10024642944335938,0.30389404296875,0.3200014531612396,1.8894293106247948,-0.31326764822006226,0.949664831161499,0.0,0.0,0.0,0.0,28.0,28.0,28.0,0.0,0.0,0.0,0.0,0.0,1.0,120.0,1.0,0.0,0.0,0.0,2.96,225.86659993976355,0.8660999592393637,145.98340005613863,68.78899992443621,29.344099923036993,4.0,5.511900060810149,3.5057999193668365,1.1616999981924891,0.000400003045797348
1,75,75,-1.315338269275594,0,0,3.0,1.0,0.40789225697517395,0.417146235704422,1.0,0.634779691696167,1.0,1.0,1.0,1.0,0.6024116277694702,1.0,1.0,1.0,0.40789225697517395,0.40789225697517395,0.634779691696167,0.6024116277694702,1.0,0.0,0.41807126998901367,-1.0,1.0,-0.9380613565444946,0.11830052733421326,0.04016720876097679,0.4545454680919647,-0.09462706744670868,0.37447717785835266,-0.9272361397743225,0.0,0.18282580375671387,0.16149410605430603,1.0,-0.8135145902633667,1.0,144.53988647460938,10.197306632995605,10.197306632995605,15.869492530822754,25.0,15.060290336608887,0.18282580375671387,0.8171741962432861,0.4078922653198242,0.4078922653198242,0.0,0.0,0.0,0.0,0.0,1.0132671763672647,1.0658982129476975,-2.937531774418359,-0.45697188417219703,0.0,-0.0,-0.00369808785795658,-0.0007259067906113876,0.0,0.15,-0.0,0.0,0.0,-0.0,0.0,0.5450418200039798,-0.029871916472059865,0.26398903131484985,0.0,0.025434602390636094,0.0,0.5592665421335321,-0.0,0.0,-0.26882194337786974,-0.0,-0.307638126148448,0.368836772441864,-0.0,-2.0765380859375,0.0,0.19609298012397858,-0.0,-0.2595672607421875,-0.2595672607421875,-0.05,0.11246822558164102,0.08877455443143845,-3.0,0.0,-0.01769776024762541,-0.0,-0.38677412481864126,0.0,0.0,0.0,0.0,0.0,-0.0,0.0,0.0,0.0,0.11470770530868322,-0.052499999105930326,-0.0,-0.0,0.0,0.0,0.0,0.0,0.0,0.0,0.0,0.08877455443143845,8.258954782225192,0.0,0.0,0.0,0.25,0.0,3.0,1.0,0.25,0.0,0.25,0.0,0.25,35.0,1.0,0.0,0.0,0.25,0.25,0.0,0.0,1.0,8.0,0.0,0.0,0.0,0.0,0.0,0.0,0.0,0.0,44.51050567626953,-134.93255615234375,44.41025924682617,-134.628662109375,-0.10024642944335938,0.30389404296875,0.3200014531612396,1.8894293106247948,-0.3132680356502533,0.9496647715568542,0.0,0.0,0.0,0.0,28.0,28.0,28.0,0.0,0.0,0.0,0.0,0.0,1.0,120.0,1.0,0.0,0.0,0.0,3.0,147.50709990039468,0.6324999267235398,126.10400002449751,11.630299966782331,8.410400012508035,4.0,4.924100008793175,3.405400086194277,0.7799998857080936,0.000600004568696022
1,76,76,-1.3011555729620015,0,0,3.0,2.0,0.40789225697517395,0.417146235704422,1.0,0.634779691696167,1.0,1.0,1.0,1.0,0.6024116277694702,1.0,1.0,1.0,0.40789225697517395,0.40789225697517395,0.634779691696167,0.6024116277694702,1.0,0.0,0.41792184114456177,-1.0,1.0,-0.9378772377967834,0.1179850697517395,-0.019168570637702942,0.4545454680919647,-0.09462706744670868,0.3814985156059265,-0.9243694543838501,0.0,0.18282580375671387,0.16149410605430603,1.0,-0.8340766429901123,1.0,144.28140258789062,10.103317260742188,10.103317260742188,15.992928504943848,25.0,15.14280891418457,0.18523825705051422,0.8147617429494858,0.4041326904296875,0.4041326904296875,0.0,0.0,0.0,0.0,0.0,1.0138725112816993,1.1065798181718063,-2.936906792107449,-0.48470111030805796,0.0,-0.0,-0.0035557992177583275,-0.0007023375914727423,0.10355939865112306,0.15,-0.0,0.0,0.0,-0.0,0.0,0.5540669823724648,-0.03225024146447622,0.26483338996767997,0.0,0.0269697999412363,0.0,0.5694242402126916,-0.0,0.0,-0.27999084260361295,-0.07031323148570898,-0.3152040351633705,0.37040486708283427,-0.0,-2.06787109375,0.0,0.19911076833221353,-0.0,-0.25848388671875,-0.25848388671875,-0.05,0.11309320789255103,0.08948513120412827,-3.0,0.0,-0.017949854463205808,-0.0,-0.40441408381410726,0.0,0.0,-0.0,0.019450016659072176,-0.02928718958388675,-0.0,0.0,0.0,0.0,0.11634164929855616,-0.052499999105930326,-0.0,-0.0,0.0,0.0,0.0,0.0,0.0,0.0,0.0,0.08948513120412827,8.376598749496043,23.26086922832157,0.4206521686004555,0.0,0.25,0.3499999940395355,3.0,2.0,0.25,0.3499999940395355,0.25,0.3499999940395355,0.25,36.0,1.0,0.0,0.0,0.25,0.25,0.0,0.0,1.0,8.0,0.0,0.0,0.0,0.0,0.0,0.0,0.0,0.0,44.4103889465332,-134.62887573242188,44.310142517089844,-134.32498168945312,-0.10024642944335938,0.30389404296875,0.3200014531612396,1.8894293106247948,-0.31326842308044434,0.9496646523475647,0.0,0.0,0.0,0.0,28.0,28.0,28.0,0.0,0.0,0.0,0.0,0.0,1.0,120.0,1.0,0.0,0.0,0.0,3.04,215.24279995355755,0.6540999747812748,127.76149995625019,77.81809999141842,33.03960000630468,4.0,5.094600026495755,3.222999977879226,0.6522999610751867,0.000400003045797348
1,77,77,-1.3721634442412105,0,0,3.0,2.0,0.4041326940059662,0.4145991802215576,1.0,0.639717161655426,1.0,1.0,1.0,1.0,0.605712354183197,1.0,1.0,1.0,0.4041326940059662,0.4041326940059662,0.639717161655426,0.605712354183197,1.0,0.0,0.41777533292770386,-1.0,1.0,-0.9376921653747559,0.11966569721698761,0.102121502161026,0.4545454680919647,-0.09473924338817596,0.3884812295436859,-0.9214566349983215,0.0,0.18523825705051422,0.16549097001552582,1.0,-0.8509716391563416,1.0,144.0243377685547,10.103317260742188,10.103317260742188,15.992928504943848,25.0,15.14280891418457,0.18523825705051422,0.8147617429494858,0.4041326904296875,0.4041326904296875,0.0,0.0,0.0,0.0,0.0,1.018405800463884,0.9970033105424182,-2.9352962826032902,-0.4522762726442225,0.0,-0.0,-0.0035557992177583275,-0.0007023375914727423,0.0,0.15,-0.0,0.0,0.0,-0.0,0.0,0.5540669823724648,-0.03225024146447622,0.26483338996767997,0.0,0.0269697999412363,0.0,0.5694242402126916,-0.0,0.0,-0.287507956400541,-0.07031323148570898,-0.3228807403805951,0.37040486708283427,-0.0,-2.0565185546875,0.0,0.2036440575143983,-0.0,-0.2570648193359375,-0.2570648193359375,-0.05,0.11470371739670956,0.09075944870710373,-3.0,0.0,-0.018181283778085238,-0.0,-0.42425781594132267,0.0,0.0,-0.0,0.019450016659072176,-0.02928718958388675,-0.0,0.0,0.0,0.0,0.11784165411721914,-0.0,-0.0,-0.0,0.0,0.0,0.0,0.0,0.0,0.0,0.0,0.09075944870710373,8.484599096439778,23.26086922832157,0.4206521686004555,0.0,0.25,0.3499999940395355,3.0,2.0,0.25,0.3499999940395355,0.25,0.3499999940395355,0.25,37.0,1.0,0.0,0.0,0.25,0.25,0.0,0.0,1.0,8.0,0.0,0.0,0.0,0.0,0.0,0.0,0.0,0.0,44.310272216796875,-134.3251953125,44.210025787353516,-134.02130126953125,-0.10024642944335938,0.30389404296875,0.3200014531612396,1.8894293106247948,-0.313268780708313,0.9496644735336304,0.0,0.0,0.0,0.0,28.0,28.0,28.0,0.0,0.0,0.0,0.0,0.0,1.0,120.0,1.0,0.0,0.0,0.0,3.08,175.70869997143745,0.6615000311285257,151.6020999988541,14.113300014287233,11.11810002475977,4.0,5.098899942822754,3.574600093998015,0.6287000142037868,0.000400003045797348
1,78,78,-1.6267989561136125,0,0,3.0,2.0,0.4041326940059662,0.4145991802215576,1.0,0.639717161655426,1.0,1.0,1.0,1.0,0.605712354183197,1.0,1.0,1.0,0.4041326940059662,0.4041326940059662,0.639717161655426,0.605712354183197,1.0,0.0,0.4176364839076996,-1.0,1.0,-0.9375050663948059,0.121208555996418,0.09375029802322388,0.4545454680919647,-0.09473924338817596,0.3955434560775757,-0.9184472560882568,0.0,0.18523825705051422,0.16549097001552582,1.0,-0.8716968297958374,1.0,143.76869201660156,10.011089324951172,10.011089324951172,11.423391342163086,25.0,15.230884552001953,0.18753628432750702,0.812463715672493,0.4004435729980469,0.4004435729980469,0.0,0.0,0.0,0.0,0.0,1.0201316491869559,0.7569857872033428,-2.933986854806838,-0.46992953769707285,0.0,-0.0,-0.015706174487073635,-0.0006780248456955065,-0.23243812561035157,0.15,-0.0,0.0,0.0,-0.0,0.0,0.5626350644475173,-0.03457666818764427,0.26563769951462746,0.0,0.028432180935686283,0.0,0.5791001445368718,-0.0,0.0,-0.2989442151298272,-0.07173509017972816,-0.3306499033069037,0.3718985848128796,-0.0,-2.045166015625,0.0,0.2076679335144629,-0.0,-0.255645751953125,-0.255645751953125,-0.05,0.11601314519316167,0.09200884401798248,-3.0,0.0,-0.018410740970288,-0.0,-0.44192291666194533,0.0,0.0,-0.0,0.019691309519047226,-0.02928718958388675,-0.0,0.0,0.0,0.0,0.11932887665927411,-0.0,-0.0,-0.0,0.0,0.0,0.0,0.0,0.0,0.0,0.0,0.09200884401798248,8.591679119467734,23.26086922832157,0.4206521686004555,0.0,0.25,0.3499999940395355,3.0,2.0,0.25,0.3499999940395355,0.25,0.3499999940395355,0.25,38.0,1.0,0.0,0.0,0.25,0.25,0.0,0.0,1.0,8.0,0.0,0.0,0.0,0.0,0.0,0.0,0.0,0.0,44.21015548706055,-134.02151489257812,44.10990905761719,-133.71762084960938,-0.10024642944335938,0.30389404296875,0.3200014531612396,1.8894293106247948,-0.31326916813850403,0.9496643543243408,0.0,0.0,0.0,0.0,28.0,28.0,28.0,0.0,0.0,0.0,0.0,0.0,1.0,120.0,1.0,0.0,0.0,0.0,3.12,279.40989995840937,0.6537999724969268,133.7678999407217,133.95539997145534,54.70350000541657,4.0,6.050499971024692,4.10539994481951,0.8277000160887837,0.000700005330145359
1,79,79,-1.4150640488909427,0,0,3.0,2.0,0.40044358372688293,0.41213810443878174,1.0,0.6449612975120544,1.0,0.4569356441497803,1.0,1.0,0.609235405921936,1.0,1.0,1.0,0.40044358372688293,0.40044358372688293,0.4569356441497803,0.609235405921936,1.0,0.0,0.41750481724739075,-1.0,1.0,-0.9373160600662231,0.12273827195167542,0.09295140951871872,0.4545454680919647,-0.09691373258829117,0.40266701579093933,-0.9153465032577515,0.0,0.18753628432750702,0.169385626912117,1.0,-0.8890861868858337,1.0,143.51446533203125,10.011089324951172,10.011089324951172,11.423391342163086,25.0,15.230884552001953,0.18753628432750702,0.812463715672493,0.4004435729980469,0.4004435729980469,0.0,0.0,0.0,0.0,0.0,1.0247711606696717,0.9830548716172178,-2.9324218839880265,-0.49046819718980567,0.0,-0.0,-0.015706174487073635,-0.0006780248456955065,0.0,0.15,-0.0,0.0,0.0,-0.0,0.0,0.5626350644475173,-0.03457666818764427,0.26563769951462746,0.0,0.028432180935686283,0.0,0.5791001445368718,-0.0,0.0,-0.3067721103822672,-0.07173509017972816,-0.3385106409331109,0.3718985848128796,-0.0,-2.0338134765625,0.0,0.21230744499717868,-0.0,-0.2542266845703125,-0.2542266845703125,-0.05,0.11757811601197368,0.09325000643730164,-3.0,0.0,-0.018635821310350936,-0.0,-0.46223649581461523,0.0,0.0,-0.0,0.019691309519047226,-0.02928718958388675,-0.0,0.0,0.0,0.0,0.12078773071523757,-0.0,-0.0,-0.0,0.0,0.0,0.0,0.0,0.0,0.0,0.0,0.09325000643730164,8.696716611497104,23.26086922832157,0.4206521686004555,0.0,0.25,0.3499999940395355,3.0,2.0,0.25,0.3499999940395355,0.25,0.3499999940395355,0.25,39.0,1.0,0.0,0.0,0.25,0.25,0.0,0.0,1.0,8.0,0.0,0.0,0.0,0.0,0.0,0.0,0.0,0.0,44.11003875732422,-133.71783447265625,44.00979232788086,-133.4139404296875,-0.10024642944335938,0.30389404296875,0.3200014531612396,1.8894293106247948,-0.31326955556869507,0.949664294719696,0.0,0.0,0.0,0.0,28.0,28.0,28.0,0.0,0.0,0.0,0.0,0.0,1.0,120.0,1.0,0.0,0.0,0.0,3.16,218.0088999448344,0.7622999837622046,157.0799999171868,48.61719999462366,35.99829995073378,4.0,6.17980002425611,4.624800058081746,0.7108999416232109,0.000500003807246685
1,80,80,-1.3991264413396447,0,0,3.0,1.0,0.40044358372688293,0.41213810443878174,1.0,0.6449612975120544,1.0,0.4569356441497803,1.0,1.0,0.609235405921936,1.0,1.0,1.0,0.40044358372688293,0.40044358372688293,0.4569356441497803,0.609235405921936,1.0,0.0,0.4173801839351654,-1.0,1.0,-0.9371251463890076,0.12423881143331528,0.09117837995290756,0.4545454680919647,-0.09691373258829117,0.4098498225212097,-0.9121530055999756,0.0,0.18753628432750702,0.169385626912117,1.0,-0.9102230072021484,1.0,143.26095581054688,9.919713020324707,9.919713020324707,11.275053024291992,25.0,15.327337265014648,0.19002076983451843,0.8099792301654816,0.39678852081298827,0.39678852081298827,0.0,0.0,0.0,0.0,0.0,1.0239390768195396,1.0528266424403312,-2.932361118934942,-0.5435310416645733,0.0,-0.0,-0.016493775357038158,-0.0006523641039077447,-0.006632404327392573,0.15,-0.0,0.0,0.0,-0.0,0.0,0.5718665097327393,-0.037158715466463134,0.2665072694420815,0.0,0.03001321716742086,0.0,0.5895611361453409,-0.0,0.0,-0.3180009394862386,-0.0,-0.34642303409679265,0.37351350039243697,-0.0,-2.028076171875,0.0,0.21395984665405798,-0.0,-0.253509521484375,-0.253509521484375,-0.05,0.11763888106505772,0.09353318065404892,-3.0,0.0,-0.018566310132507768,-0.0,-0.4724647324261353,0.0,0.0,0.0,0.0,0.0,-0.0,0.0,0.0,0.0,0.12033719530329108,-0.052499999105930326,-0.0,-0.0,0.0,0.0,0.0,0.0,0.0,0.0,0.0,0.09353318065404892,8.664278061836958,0.0,0.0,0.0,0.25,0.0,3.0,1.0,0.25,0.0,0.25,0.0,0.25,40.0,1.0,0.0,0.0,0.25,0.25,0.0,0.0,1.0,8.0,0.0,0.0,0.0,0.0,0.0,0.0,0.0,0.0,44.00992202758789,-133.41415405273438,43.90967559814453,-133.11026000976562,-0.10024642944335938,0.30389404296875,0.3200014531612396,1.8894293106247948,-0.3132699728012085,0.9496641755104065,0.0,0.0,0.0,0.0,28.0,28.0,28.0,0.0,0.0,0.0,0.0,0.0,1.0,120.0,1.0,0.0,0.0,0.0,3.2,190.39639993570745,0.6749000167474151,139.6980999270454,42.521300027146935,32.19110006466508,4.0,4.318100051023066,2.521799993701279,0.6313999183475971,0.000300002284348011
1,81,81,-1.3568617014551476,0,0,3.0,1.0,0.39678850769996643,0.4097205102443695,1.0,0.6502763628959656,1.0,0.4510021209716797,1.0,1.0,0.6130934953689575,1.0,1.0,1.0,0.39678850769996643,0.39678850769996643,0.4510021209716797,0.6130934953689575,1.0,0.0,0.41725537180900574,-1.0,1.0,-0.9369339346885681,0.12377540022134781,-0.028158463537693024,0.4545454680919647,-0.09902253746986389,0.4170542061328888,-0.9088816046714783,0.0,0.19002076983451843,0.17573656141757965,1.0,-0.9274712800979614,1.0,143.00784301757812,9.827201843261719,9.827201843261719,11.12887954711914,25.0,15.42077922821045,0.19234046339988708,0.8076595366001129,0.3930880737304687,0.3930880737304687,0.0,0.0,0.0,0.0,0.0,1.022247536697872,1.0551668371040182,-2.9329935383297707,-0.501282536927267,0.0,-0.0,-0.017308925498175226,-0.000628430890372457,-0.007917385101318362,0.15,-0.0,0.0,0.0,-0.0,0.0,0.5804557879282001,-0.039632205939255406,0.2673191621899605,0.0,0.03148938579992816,0.0,0.5993282669468931,-0.0,0.0,-0.32905447942259003,-0.0,-0.35428201751081945,0.3750213012099266,-0.0,-2.02490234375,0.0,0.21458800009775914,-0.0,-0.25311279296875,-0.25311279296875,-0.05,0.11700646167022949,0.09324963390827179,-3.0,0.0,-0.018502592258155346,-0.0,-0.4827799446691116,0.0,0.0,0.0,0.0,0.0,-0.0,0.0,0.0,0.0,0.1199242090806365,-0.0,-0.0,-0.0,0.0,0.0,0.0,0.0,0.0,0.0,0.0,0.09324963390827179,8.634543053805828,0.0,0.0,0.0,0.25,0.0,3.0,1.0,0.25,0.0,0.25,0.0,0.25,41.0,1.0,0.0,0.0,0.25,0.25,0.0,0.0,1.0,8.0,0.0,0.0,0.0,0.0,0.0,0.0,0.0,0.0,43.90980529785156,-133.1104736328125,43.8095588684082,-132.80657958984375,-0.10024642944335938,0.30389404296875,0.3200014531612396,1.8894293106247948,-0.31327033042907715,0.9496639966964722,0.0,0.0,0.0,0.0,28.0,28.0,28.0,0.0,0.0,0.0,0.0,0.0,1.0,120.0,1.0,0.0,0.0,0.0,3.24,221.45329997874796,0.6503000622615218,150.3468999871984,61.164600076153874,32.80249994713813,4.0,5.260300007648766,3.008499974384904,0.9758999804034829,0.000300002284348011
1,82,82,-2.1610166878463293,0,0,4.0,2.0,0.39308807253837585,0.40741458535194397,1.0,0.655660092830658,1.0,0.44515517354011536,1.0,1.0,0.6168311834335327,1.0,1.0,1.0,0.39308807253837585,0.39308807253837585,0.44515517354011536,0.6168311834335327,1.0,0.0,0.4171257019042969,-1.0,1.0,-0.9367436170578003,0.1233506128191948,-0.025811638683080673,0.4545454680919647,-0.09819365292787552,0.4241841435432434,-0.9055759310722351,0.0,0.19234046339988708,0.18926376104354858,1.0,-0.9446983933448792,1.0,142.75588989257812,9.827201843261719,9.827201843261719,11.12887954711914,25.0,15.42077922821045,0.19234046339988708,0.8076595366001129,0.3930880737304687,0.3930880737304687,0.0,0.0,0.0,0.0,0.0,1.0259351287371654,0.6933035598430166,-2.9323226918369,-0.9479326845896116,0.0,-0.0,-0.017308925498175226,-0.000628430890372457,0.0,0.15,-0.0,0.0,0.0,-0.0,0.0,0.4874382149953549,-0.2349691090982304,0.2673191621899605,0.0,0.1866924323818902,0.0,0.5993282669468931,-0.0,0.0,-0.33715073834413684,-0.07473209319678341,-0.36217979960687474,0.3750213012099266,-0.0,-2.015625,0.0,0.2182755921370525,-0.0,-0.251953125,-0.251953125,-0.05,0.11767730816310018,0.09378427267074585,-3.0,0.0,-0.027704011097951668,-0.015061983471074398,-0.7447735967734299,0.0,0.0,-0.0,0.020195748313056594,-0.1250888408449564,-0.0,0.0,0.0,0.0,0.12132637492846698,-0.05550000071525574,-0.0,-0.0,0.0,0.0,0.0,0.0,0.0,0.0,0.0,0.09378427267074585,8.735498994849623,23.26086922832157,0.4206521686004555,0.0,0.5,0.3499999940395355,4.0,2.0,0.5,0.3499999940395355,0.3700000047683716,0.3499999940395355,0.3700000000000001,42.0,1.0,0.0,0.0,0.5,0.5,1.0,0.1299999999999999,1.0,8.0,0.0,0.0,0.0,0.0,0.0,0.0,0.0,0.0,43.809688568115234,-132.80679321289062,43.709442138671875,-132.50289916992188,-0.10024642944335938,0.30389404296875,0.3200014531612396,1.8894293106247948,-0.3132707178592682,0.9496638774871826,0.0,0.0,0.0,0.0,28.0,28.0,28.0,0.0,0.0,0.0,0.0,0.0,1.0,120.0,1.0,0.0,0.0,0.0,3.28,192.9012999171391,0.672499998472631,153.15989998634905,18.657199922017753,10.772300069220364,4.0,8.736900053918362,5.4441000102087855,6.1916999984532595,0.000300002284348011
1,83,83,-1.6266397307526108,0,0,3.0,3.0,0.39308807253837585,0.40741458535194397,1.0,0.655660092830658,1.0,0.44515517354011536,1.0,1.0,0.6168311834335327,1.0,1.0,1.0,0.39308807253837585,0.39308807253837585,0.44515517354011536,0.6168311834335327,1.0,0.0,0.41699638962745667,-1.0,1.0,-0.9365532398223877,0.12479284405708313,0.08763536810874939,0.6727272868156433,-0.09819365292787552,0.4313229024410248,-0.9021976590156555,0.0,0.19234046339988708,0.18926376104354858,1.0,-0.9657579660415649,1.0,142.50531005859375,9.735004425048828,9.735004425048828,10.985203742980957,25.0,15.514994621276855,0.19422359764575958,0.8057764023542404,0.3894001770019531,0.3894001770019531,0.0,0.0,0.0,0.0,0.0,1.0279738410082393,0.8989216188687965,-2.9307533779283914,-0.6227818127012553,0.0,-0.0,-0.01814980003517393,-0.000605188454838869,-0.00721416473388671,0.15,-0.0,0.0,0.0,-0.0,0.0,0.5874073836355589,-0.041684726180463795,0.26797825917601586,0.0,0.03268774395639248,0.0,0.6072572532453036,-0.0,0.0,-0.35102645496536256,-0.1518318013720784,-0.37131922429216496,0.37624533846974373,-0.0,-2.004638671875,0.0,0.22219743865399888,-0.0,-0.250579833984375,-0.250579833984375,-0.05,0.1192466220716086,0.09521715342998505,-3.0,0.0,-0.01925009244973106,-0.0,-0.5302442951795068,0.0,0.0,-0.0,0.0407869548110118,-0.0585743791677735,-0.0,0.0,0.0,0.0,0.12476911772973837,-0.05550000071525574,-0.0,-0.0,0.0,0.0,0.0,0.0,0.0,0.0,0.0,0.09521715342998505,8.983376476541162,32.4,0.7326086850269979,0.0,0.25,0.699999988079071,3.0,3.0,0.25,0.699999988079071,0.25,0.699999988079071,0.25,43.0,1.0,0.0,0.0,0.25,0.25,0.0,0.0,1.0,8.0,0.0,0.0,0.0,0.0,0.0,0.0,0.0,0.0,43.709571838378906,-132.50311279296875,43.60932540893555,-132.19921875,-0.10024642944335938,0.30389404296875,0.3200014531612396,1.8894293106247948,-0.31327107548713684,0.9496636986732483,0.0,0.0,0.0,0.0,28.0,28.0,28.0,0.0,0.0,0.0,0.0,0.0,1.0,120.0,1.0,0.0,0.0,0.0,3.32,203.28689995221794,0.672199996188283,144.0229999134317,51.63950007408857,19.594799960032105,4.0,3.7104999646544456,2.6355000445619226,0.5633999826386571,0.000400003045797348
1,84,84,-1.5134684646414236,0,0,3.0,1.0,0.3894001841545105,0.40536412596702576,1.0,0.6611868143081665,1.0,0.43940815329551697,1.0,1.0,0.6205998063087463,1.0,1.0,1.0,0.3894001841545105,0.3894001841545105,0.43940815329551697,0.6205998063087463,1.0,0.0,0.41687625646591187,-1.0,1.0,-0.936360239982605,0.1283339560031891,0.2151714265346527,0.4545454680919647,-0.11734942346811295,0.43955034017562866,-0.8982179760932922,0.0,0.19422359764575958,0.1851993054151535,1.0,-0.9869071841239929,1.0,142.25588989257812,9.735004425048828,9.735004425048828,10.985203742980957,25.0,15.514994621276855,0.19422359764575958,0.8057764023542404,0.3894001770019531,0.3894001770019531,0.0,0.0,0.0,0.0,0.0,1.0316853020185004,1.0532210473339583,-2.9296724554366786,-0.6687023585572036,0.0,-0.0,-0.01814980003517393,-0.000605188454838869,0.0,0.15,-0.0,0.0,0.0,-0.0,0.0,0.5874073836355589,-0.041684726180463795,0.26797825917601586,0.0,0.03268774395639248,0.0,0.6072572532453036,-0.0,0.0,-0.35556486938230986,-0.0,-0.3805093807974207,0.37624533846974373,-0.0,-1.995361328125,0.0,0.22590889966425998,-0.0,-0.249420166015625,-0.249420166015625,-0.05,0.1203275445633212,0.09608025848865509,-3.0,0.0,-0.019217982009478978,-0.0,-0.5444843783358639,0.0,0.0,0.0,0.0,0.0,-0.0,0.0,0.0,0.0,0.12456099450588227,-0.10499999821186065,-0.0,-0.0,0.0,0.0,0.0,0.0,0.0,0.0,0.0,0.09608025848865509,8.968391604423523,0.0,0.0,0.0,0.25,0.0,3.0,1.0,0.25,0.0,0.25,0.0,0.25,44.0,1.0,0.0,0.0,0.25,0.25,0.0,0.0,1.0,8.0,0.0,0.0,0.0,0.0,0.0,0.0,0.0,0.0,43.60945510864258,-132.19943237304688,43.50920867919922,-131.89553833007812,-0.10024642944335938,0.30389404296875,0.3200014531612396,1.8894293106247948,-0.31327149271965027,0.9496636390686035,0.0,0.0,0.0,0.0,28.0,28.0,28.0,0.0,0.0,0.0,0.0,0.0,1.0,120.0,1.0,0.0,0.0,0.0,3.36,140.97880001645535,0.5200000014156103,118.67380002513528,14.65330005157739,11.20079995598644,4.0,4.007900017313659,2.4511999217793345,0.6428000051528215,0.000500003807246685
1,85,85,-1.561487262696947,0,0,3.0,2.0,0.3894001841545105,0.40536412596702576,1.0,0.6611868143081665,1.0,0.43940815329551697,1.0,1.0,0.6205998063087463,1.0,1.0,1.0,0.3894001841545105,0.3894001841545105,0.43940815329551697,0.6205998063087463,1.0,0.0,0.4167599678039551,-1.0,1.0,-0.9361661076545715,0.12811988592147827,-0.013007701374590397,0.4545454680919647,-0.11734942346811295,0.447786420583725,-0.8941405415534973,0.0,0.19422359764575958,0.1851993054151535,1.0,-1.0,1.0,142.00791931152344,9.649147987365723,9.649147987365723,10.842621803283691,25.0,15.61448860168457,0.19536100327968597,0.804638996720314,0.3859659194946289,0.3859659194946289,0.0,0.0,0.0,0.0,0.0,1.0349329018975917,0.9782703755546741,-2.928686302131704,-0.6460042380175087,0.0,-0.0,-0.019025048747528264,-0.0005815763798106581,-0.003069171905517573,0.15,-0.0,0.0,0.0,-0.0,0.0,0.5915969145596186,-0.04294377158202443,0.2683763511478901,0.0,0.03341154754161837,0.0,0.6120463295986779,-0.0,0.0,-0.35929535591265144,-0.07663338391813529,-0.3892695588392807,0.3769846521317959,-0.0,-1.9837646484375,0.0,0.23029390517727766,-0.0,-0.2479705810546875,-0.2479705810546875,-0.05,0.12131369786829602,0.09697999060153961,-3.0,0.0,-0.019467067861344133,-0.0,-0.5652628864613819,0.0,0.0,-0.0,0.02051290499503433,-0.02928718958388675,-0.0,0.0,0.0,0.0,0.12617543984204532,-0.052499999105930326,-0.0,-0.0,0.0,0.0,0.0,0.0,0.0,0.0,0.0,0.09697999060153961,9.084631668627262,23.26086922832157,0.4206521686004555,0.0,0.25,0.3499999940395355,3.0,2.0,0.25,0.3499999940395355,0.25,0.3499999940395355,0.25,45.0,1.0,0.0,0.0,0.25,0.25,0.0,0.0,1.0,8.0,0.0,0.0,0.0,0.0,0.0,0.0,0.0,0.0,43.50933837890625,-131.895751953125,43.40909194946289,-131.59185791015625,-0.10024642944335938,0.30389404296875,0.3200014531612396,1.8894293106247948,-0.3132718503475189,0.9496634006500244,0.0,0.0,0.0,0.0,28.0,28.0,28.0,0.0,0.0,0.0,0.0,0.0,1.0,120.0,1.0,0.0,0.0,0.0,3.4,182.90529993828386,0.6633999291807413,125.34999998752028,49.41790003795177,28.76560005825013,4.0,4.164200043305755,2.653299947269261,0.6240999791771173,0.000500003807246685
1,86,86,-2.2284067926232587,0,0,3.0,0.0,0.38596591353416443,0.40374159812927246,1.0,0.6670582294464111,1.0,0.4337048828601837,1.0,1.0,0.6245795488357544,1.0,1.0,1.0,0.38596591353416443,0.38596591353416443,0.4337048828601837,0.6245795488357544,1.0,0.0,0.41664618253707886,-1.0,1.0,-0.9359714984893799,0.12978045642375946,0.10090283304452896,0.4545454680919647,-0.10951757431030273,0.4556019604206085,-0.8901836276054382,0.0,0.19536100327968597,0.19876718521118164,1.0,-1.0,1.0,141.75791931152344,9.649147987365723,9.649147987365723,10.842621803283691,25.0,15.61448860168457,0.19536100327968597,0.804638996720314,0.3859659194946289,0.3859659194946289,0.0,0.0,0.0,0.0,0.0,1.0283003149956325,0.36791830535170794,-2.9330290684115248,-0.6915963445590743,0.0,-0.0,-0.019025048747528264,-0.0005815763798106581,0.0,0.15,-0.0,0.0,0.0,-0.0,0.0,0.3943979430397458,-0.3285653920614075,0.2683763511478901,0.0,0.03341154754161837,0.3333333333333333,0.4080308863991186,-0.0,0.0,-0.35496223101255986,-0.0,-0.3975520627635554,0.3769846521317959,-0.0,-2.0,0.0,0.22366131827531843,-0.0,-0.25,-0.25,-0.05,0.11697093158847535,0.09350831806659698,-3.0,0.0,-0.018301946006183116,-0.0,-0.5457943949766125,0.0,0.0,0.0,0.0,0.0,-0.0,0.0,0.0,0.0,0.11862372411414984,-0.1275000035762787,-0.0,-0.0,0.0,0.0,0.0,0.0,0.0,0.0,0.0,0.09350831806659698,8.540908136218787,0.0,0.0,0.45652173913043476,0.25,-0.5,3.0,0.0,0.25,-0.5,0.25,-0.5,0.25,46.0,1.0,0.0,0.0,0.25,0.25,0.0,0.0,1.0,8.0,0.0,0.0,0.0,0.0,0.0,0.0,0.0,0.0,43.40922164916992,-131.59207153320312,43.30897521972656,-131.28817749023438,-0.10024642944335938,0.30389404296875,0.3200014531612396,1.8894293106247948,-0.31327226758003235,0.9496633410453796,0.0,0.0,0.0,0.0,28.0,28.0,28.0,0.0,0.0,0.0,0.0,0.0,1.0,120.0,1.0,0.0,0.0,0.0,3.44,139.17730003595352,0.3981000045314431,113.80269995424896,16.21490006800741,13.289200025610626,4.0,4.642600077204406,3.4681999823078513,0.6255999905988574,0.000300002284348011
1,87,87,-2.0748491015890838,0,0,4.0,1.0,0.38596591353416443,0.40374159812927246,1.0,0.6670582294464111,1.0,0.4337048828601837,1.0,1.0,0.6245795488357544,1.0,1.0,1.0,0.38596591353416443,0.38596591353416443,0.4337048828601837,0.6245795488357544,1.0,0.0,0.4165039658546448,-1.0,1.0,-0.9357830882072449,0.12201297283172607,-0.4719822406768799,0.4545454680919647,-0.10951757431030273,0.4629592001438141,-0.886379599571228,0.0,0.19536100327968597,0.19876718521118164,1.0,-1.0,1.0,141.50656127929688,9.565417289733887,9.565417289733887,10.70892333984375,25.0,15.72010326385498,0.1967920958995819,0.8032079041004181,0.38261669158935546,0.38261669158935546,0.0,0.0,0.0,0.0,0.0,1.0221167739885795,0.7740282610277932,-2.936646674442558,-0.9343474621628985,0.0,-0.0,-0.019884430812476935,-0.0005575189245260475,0.0010828399658203147,0.15,-0.0,0.0,0.0,-0.0,0.0,0.5044335304619408,-0.23864074977359606,0.26887723356485366,0.0,0.1838595753366299,0.0,0.6180719827350818,-0.0,0.0,-0.3575692228435928,-0.0,-0.40546173036562205,0.37791486233472826,-0.0,-2.0108642578125,0.0,0.21890886988816138,-0.0,-0.2513580322265625,-0.2513580322265625,-0.05,0.11335332555744206,0.09074871987104416,-3.0,0.0,-0.026737083060325264,-0.015061983471074398,-0.8154186322667071,0.0,0.0,0.0,0.0,0.0,-0.0,0.0,0.0,0.0,0.11709183021914214,-0.07712976336479187,-0.0,-0.0,0.0,0.0,0.0,0.0,0.0,0.0,0.0,0.09074871987104416,8.430611775778234,0.0,0.0,0.0,0.5,0.0,4.0,1.0,0.5,0.0,0.3700000047683716,0.0,0.3700000000000001,47.0,1.0,0.0,0.0,0.5,0.5,1.0,0.1299999999999999,1.0,8.0,0.0,0.0,0.0,0.0,0.0,0.0,0.0,0.0,43.309104919433594,-131.28839111328125,43.208858489990234,-130.9844970703125,-0.10024642944335938,0.30389404296875,0.3200014531612396,1.8894293106247948,-0.3132726550102234,0.9496632218360901,0.0,0.0,0.0,0.0,28.0,28.0,28.0,0.0,0.0,0.0,0.0,0.0,1.0,120.0,1.0,0.0,0.0,0.0,3.48,219.96140002738684,0.390100060030818,107.64800000470132,104.46399997454137,42.09970007650554,4.0,4.241700051352382,2.6203999295830727,0.5662000039592385,0.000500003807246685
1,88,88,-2.192599477808867,0,0,3.0,0.0,0.38261669874191284,0.4019958972930908,1.0,0.6730034351348877,1.0,0.42835694551467896,1.0,1.0,0.6288041472434998,1.0,1.0,1.0,0.38261669874191284,0.38261669874191284,0.42835694551467896,0.6288041472434998,1.0,0.0,0.4163374900817871,-1.0,1.0,-0.9356001615524292,0.12043730914592743,-0.09574336558580399,0.6727272868156433,-0.09821244329214096,0.4699556231498718,-0.8826900720596313,0.0,0.1967920958995819,0.2028159648180008,1.0,-1.0,1.0,141.25204467773438,9.4893798828125,9.4893798828125,10.586286544799805,25.0,15.815372467041016,0.19753128290176392,0.8024687170982361,0.3795751953125,0.3795751953125,0.0,0.0,0.0,0.0,0.0,1.0109943708096036,0.3626476202526876,-2.9424188370087414,-0.6238226318624168,0.0,-0.0,-0.020707107377048933,-0.0005366728907006141,0.0005800437927246105,0.15,-0.0,0.0,0.0,-0.0,0.0,0.39971447266681165,-0.3352725736870276,0.2691359490156174,0.0,0.03479263457384978,0.3333333333333333,0.4141228993733725,-0.0,0.0,-0.3552207770880142,-0.0,-0.41386682271418795,0.37839533388614655,-0.0,-2.0361328125,0.0,0.20852565371136755,-0.0,-0.2545166015625,-0.2545166015625,-0.05,0.1075811629912588,0.08619266003370285,-3.0,0.0,-0.0169663888999394,-0.0,-0.5297264795976856,0.0,0.0,0.0,0.0,0.0,-0.0,0.0,0.0,0.0,0.10996733546257019,-0.07712976336479187,-0.0,-0.0,0.0,0.0,0.0,0.0,0.0,0.0,0.0,0.08619266003370285,7.917648153305053,0.0,0.0,0.45652173913043476,0.25,-0.5,3.0,0.0,0.25,-0.5,0.25,-0.5,0.25,48.0,1.0,0.0,0.0,0.25,0.25,0.0,0.0,1.0,8.0,0.0,0.0,0.0,0.0,0.0,0.0,0.0,0.0,43.208988189697266,-130.98471069335938,43.108741760253906,-130.68081665039062,-0.10024642944335938,0.30389404296875,0.3200014531612396,1.8894293106247948,-0.31327304244041443,0.9496630430221558,0.0,0.0,0.0,0.0,28.0,28.0,28.0,0.0,0.0,0.0,0.0,0.0,1.0,120.0,1.0,0.0,0.0,0.0,3.52,123.74069995712489,0.41939993388950825,84.58180003799498,32.729299971833825,19.11409990862012,4.0,3.6495999665930867,1.8464999739080667,0.4778000293299556,0.000300002284348011
1,89,89,-1.6543115187694024,0,0,3.0,2.0,0.3795751929283142,0.40072327852249146,1.0,0.6788363456726074,1.0,0.4234514534473419,1.0,1.0,0.6326149106025696,1.0,1.0,1.0,0.3795751929283142,0.3795751929283142,0.4234514534473419,0.6326149106025696,1.0,0.0,0.41613614559173584,-1.0,1.0,-0.9354245066642761,0.11310926079750061,-0.44528090953826904,0.4545454680919647,-0.1052883192896843,0.47735801339149475,-0.8787088990211487,0.0,0.19753128290176392,0.20708437263965607,1.0,-1.0,1.0,140.99693298339844,9.4893798828125,9.4893798828125,10.586286544799805,25.0,15.815372467041016,0.19753128290176392,0.8024687170982361,0.3795751953125,0.3795751953125,0.0,0.0,0.0,0.0,0.0,1.0090498788277067,0.9812157231796742,-2.9443153151231845,-0.700261805653599,0.0,-0.0,-0.020707107377048933,-0.0005366728907006141,0.0,0.15,-0.0,0.0,0.0,-0.0,0.0,0.5995717090002174,-0.045386544125666874,0.2691359490156174,0.0,0.03479263457384978,0.0,0.6211843490600587,-0.0,0.0,-0.3557102137947957,-0.0780075683658158,-0.42199827424024283,0.37839533388614655,-0.0,-2.0408935546875,0.0,0.2065811617294706,-0.0,-0.2551116943359375,-0.2551116943359375,-0.05,0.10568468487681537,0.08467322587966919,-3.0,0.0,-0.017096056201042875,-0.0,-0.5471193406438625,0.0,0.0,-0.0,0.020740784351471753,-0.02928718958388675,-0.0,0.0,0.0,0.0,0.11080777167342604,-0.1275000035762787,-0.0,-0.0,0.0,0.0,0.0,0.0,0.0,0.0,0.0,0.08467322587966919,7.978159560486675,23.26086922832157,0.4206521686004555,0.0,0.25,0.3499999940395355,3.0,2.0,0.25,0.3499999940395355,0.25,0.3499999940395355,0.25,49.0,1.0,0.0,0.0,0.25,0.25,0.0,0.0,1.0,8.0,0.0,0.0,0.0,0.0,0.0,0.0,0.0,0.0,43.10887145996094,-130.6810302734375,43.00862503051758,-130.37713623046875,-0.10024642944335938,0.30389404296875,0.3200014531612396,1.8894293106247948,-0.31327345967292786,0.9496629238128662,0.0,0.0,0.0,0.0,28.0,28.0,28.0,0.0,0.0,0.0,0.0,0.0,1.0,120.0,1.0,0.0,0.0,0.0,3.56,131.99620007071644,0.3847000189125538,99.79010000824928,22.71140005905181,12.391399941407144,4.0,4.816600005142391,3.522000042721629,0.7354000117629766,0.000500003807246685
1,90,90,-1.4999519313098504,0,0,3.0,1.0,0.3795751929283142,0.40072327852249146,1.0,0.6788363456726074,1.0,0.4234514534473419,1.0,1.0,0.6326149106025696,1.0,1.0,1.0,0.3795751929283142,0.3795751929283142,0.4234514534473419,0.6326149106025696,1.0,0.0,0.41592052578926086,-1.0,1.0,-0.9352520108222961,0.1139737069606781,0.05252726376056671,0.4545454680919647,-0.1052883192896843,0.4844873249530792,-0.8747982978820801,0.0,0.19753128290176392,0.20708437263965607,1.0,-1.0,1.0,140.74276733398438,9.417081832885742,9.417081832885742,10.472558975219727,25.0,15.905973434448242,0.19792379438877106,0.8020762056112289,0.37668327331542967,0.37668327331542967,0.0,0.0,0.0,0.0,0.0,1.0115833477146712,1.061011341912852,-2.9435307263365216,-0.6290158946008519,0.0,-0.0,-0.0215006650240202,-0.000517571862306445,0.000903663635253911,0.15,-0.0,0.0,0.0,-0.0,0.0,0.6010113155998404,-0.045833998151574046,0.26927332803606985,0.0,0.035042414611036084,0.0,0.6228370290053519,-0.0,0.0,-0.35660100421728036,-0.0,-0.42984560225244994,0.37865046635270116,-0.0,-2.0333251953125,0.0,0.20950714210344223,-0.0,-0.2541656494140625,-0.2541656494140625,-0.05,0.10646927366347839,0.08533604443073273,-3.0,0.0,-0.017081368394541954,-0.0,-0.5594345271003797,0.0,0.0,0.0,0.0,0.0,-0.0,0.0,0.0,0.0,0.11071257292758674,-0.052499999105930326,-0.0,-0.0,0.0,0.0,0.0,0.0,0.0,0.0,0.0,0.08533604443073273,7.971305250786245,0.0,0.0,0.0,0.25,0.0,3.0,1.0,0.25,0.0,0.25,0.0,0.25,50.0,1.0,0.0,0.0,0.25,0.25,0.0,0.0,1.0,8.0,0.0,0.0,0.0,0.0,0.0,0.0,0.0,0.0,43.00875473022461,-130.37734985351562,42.90850830078125,-130.07345581054688,-0.10024642944335938,0.30389404296875,0.3200014531612396,1.8894293106247948,-0.3132738769054413,0.9496628642082214,0.0,0.0,0.0,0.0,28.0,28.0,28.0,0.0,0.0,0.0,0.0,0.0,1.0,120.0,1.0,0.0,0.0,0.0,3.6,136.7459000321105,0.5749000702053308,91.75869997125119,37.932700011879206,17.928100074641407,4.0,3.3059000270441175,2.590899937786162,0.5387000273913145,0.000200001522898674
1,91,91,-1.6050977562316535,0,0,3.0,2.0,0.3766832649707794,0.3996978998184204,1.0,0.6846327185630798,1.0,0.41890236735343933,1.0,1.0,0.6362389326095581,1.0,1.0,1.0,0.3766832649707794,0.3766832649707794,0.41890236735343933,0.6362389326095581,1.0,0.0,0.41570717096328735,-1.0,1.0,-0.9350787997245789,0.11387579143047333,-0.005949921440333128,0.4545454680919647,-0.09768287092447281,0.4913371801376343,-0.8709694743156433,0.0,0.19792379438877106,0.2200179249048233,1.0,-1.0,1.0,140.48977661132812,9.417081832885742,9.417081832885742,10.472558975219727,25.0,15.905973434448242,0.19792379438877106,0.8020762056112289,0.37668327331542967,0.37668327331542967,0.0,0.0,0.0,0.0,0.0,1.0153364490327568,0.982613694610032,-2.9424395325009067,-0.6606083673735356,0.0,-0.0,-0.0215006650240202,-0.000517571862306445,0.0,0.15,-0.0,0.0,0.0,-0.0,0.0,0.6010113155998404,-0.045833998151574046,0.26927332803606985,0.0,0.035042414611036084,0.0,0.6228370290053519,-0.0,0.0,-0.3576715149578309,-0.07825682269601913,-0.4375211943686539,0.37865046635270116,-0.0,-2.02392578125,0.0,0.21326024342152783,-0.0,-0.25299072265625,-0.25299072265625,-0.05,0.10756046749909307,0.08621064573526382,-3.0,0.0,-0.017364228073188236,-0.0,-0.5822389486674359,0.0,0.0,-0.0,0.020781998056905636,-0.02928718958388675,-0.0,0.0,0.0,0.0,0.11254592269659043,-0.052499999105930326,-0.0,-0.0,0.0,0.0,0.0,0.0,0.0,0.0,0.0,0.08621064573526382,8.103306434154511,23.26086922832157,0.4206521686004555,0.0,0.25,0.3499999940395355,3.0,2.0,0.25,0.3499999940395355,0.25,0.3499999940395355,0.25,51.0,1.0,0.0,0.0,0.25,0.25,0.0,0.0,1.0,8.0,0.0,0.0,0.0,0.0,0.0,0.0,0.0,0.0,42.90863800048828,-130.07366943359375,42.80839157104492,-129.769775390625,-0.10024642944335938,0.30389404296875,0.3200014531612396,1.8894293106247948,-0.3132742643356323,0.9496627449989319,0.0,0.0,0.0,0.0,28.0,28.0,28.0,0.0,0.0,0.0,0.0,0.0,1.0,120.0,1.0,0.0,0.0,0.0,3.64,209.46289994753897,0.431500026024878,145.85259999148548,51.58350011333823,32.70480001810938,4.0,6.160699995234609,4.268400021828711,1.1239999439567327,0.000500003807246685
1,92,92,-2.823564834477774,0,0,4.0,0.0,0.3766832649707794,0.3996978998184204,1.0,0.6846327185630798,1.0,0.41890236735343933,1.0,1.0,0.6362389326095581,1.0,1.0,1.0,0.3766832649707794,0.3766832649707794,0.41890236735343933,0.6362389326095581,1.0,0.0,0.41549715399742126,-1.0,1.0,-0.9349046945571899,0.11576151847839355,0.11458436399698257,0.4545454680919647,-0.09768287092447281,0.4980078339576721,-0.8671725392341614,0.0,0.19792379438877106,0.2200179249048233,1.0,-1.0,1.0,140.2344970703125,9.346948623657227,9.346948623657227,10.363110542297363,25.0,16.001720428466797,0.19501087069511414,0.8049891293048859,0.37387794494628906,0.37387794494628906,0.0,0.0,0.0,0.0,0.0,1.011601033483755,0.10661945911233728,-2.9466598278271694,-0.9951254992466974,0.0,-0.0,-0.022293302073398982,-0.0004981242691052802,0.004125022888183595,0.15,-0.0,0.0,0.0,-0.0,0.0,0.3317469831870988,-0.5221320266131009,0.26825380474328997,0.0,0.1849930822849275,0.3333333333333333,0.4070480580915486,-0.0,0.0,-0.34621742750665735,-0.0,-0.4447343672517583,0.37675706595182423,-0.0,-2.042236328125,0.0,0.2066119041788692,-0.0,-0.255279541015625,-0.255279541015625,-0.05,0.10334017217283069,0.08258221298456192,-3.0,0.0,-0.023939528030253954,-0.015061983471074398,-0.8273596623650437,0.0,0.0,0.0,0.0,0.0,-0.0,0.0,0.0,0.0,0.1048402754077688,-0.1287643253803253,-0.0,-0.0,0.0,0.0,0.0,0.0,0.0,0.0,0.0,0.08258221298456192,7.548499829359353,0.0,0.0,0.45652173913043476,0.5,-0.5,4.0,0.0,0.5,-0.5,0.3700000047683716,-0.5,0.3700000000000001,52.0,1.0,0.0,0.0,0.5,0.5,1.0,0.1299999999999999,1.0,8.0,0.0,0.0,0.0,0.0,0.0,0.0,0.0,0.0,42.80852127075195,-129.76998901367188,42.708274841308594,-129.46609497070312,-0.10024642944335938,0.30389404296875,0.3200014531612396,1.8894293106247948,-0.31327465176582336,0.9496625661849976,0.0,0.0,0.0,0.0,28.0,28.0,28.0,0.0,0.0,0.0,0.0,0.0,1.0,120.0,1.0,0.0,0.0,0.0,3.68,196.85419998131692,0.7397999288514256,133.2613000413403,51.46670003887266,26.229299954138696,4.0,6.072300020605326,4.485300043597817,0.790799967944622,0.000500003807246685
1,93,93,-1.7041837680494183,0,0,3.0,2.0,0.37387794256210327,0.3986334204673767,1.0,0.6905349493026733,1.0,0.4145244359970093,1.0,1.0,0.6400688290596008,1.0,1.0,1.0,0.37387794256210327,0.37387794256210327,0.4145244359970093,0.6400688290596008,1.0,0.0,0.4152578115463257,-1.0,1.0,-0.9347370862960815,0.10783571004867554,-0.4816029667854309,0.6727272868156433,-0.0905320793390274,0.5042498707771301,-0.863557755947113,0.0,0.19501087069511414,0.21374984085559845,1.0,-1.0,1.0,139.97776794433594,9.346948623657227,9.346948623657227,10.363110542297363,25.0,16.001720428466797,0.19501087069511414,0.8049891293048859,0.37387794494628906,0.37387794494628906,0.0,0.0,0.0,0.0,0.0,1.006936839598989,0.9680701912058253,-2.949437035104125,-0.7297537637501075,0.0,-0.0,-0.022293302073398982,-0.0004981242691052802,0.0,0.15,-0.0,0.0,0.0,-0.0,0.0,0.5903079713913088,-0.042554643066629476,0.26825380474328997,0.0,0.03318873589689085,0.0,0.6105720871373228,-0.0,0.0,-0.34665340612197176,-0.07641231986281971,-0.4526222792556345,0.37675706595182423,-0.0,-2.0538330078125,0.0,0.2019477102941032,-0.0,-0.2567291259765625,-0.2567291259765625,-0.05,0.10056296489587509,0.08036286383867264,-3.0,0.0,-0.0162928689024012,-0.0,-0.5758855209577746,0.0,0.0,-0.0,0.020476141074280373,-0.02928718958388675,-0.0,0.0,0.0,0.0,0.1056019280711189,-0.1287643253803253,-0.0,-0.0,0.0,0.0,0.0,0.0,0.0,0.0,0.0,0.08036286383867264,7.603338821120561,23.26086922832157,0.4206521686004555,0.0,0.25,0.3499999940395355,3.0,2.0,0.25,0.3499999940395355,0.25,0.3499999940395355,0.25,53.0,1.0,0.0,0.0,0.25,0.25,0.0,0.0,1.0,8.0,0.0,0.0,0.0,0.0,0.0,0.0,0.0,0.0,42.708404541015625,-129.46630859375,42.608158111572266,-129.16241455078125,-0.10024642944335938,0.30389404296875,0.3200014531612396,1.8894293106247948,-0.3132750689983368,0.949662446975708,0.0,0.0,0.0,0.0,28.0,28.0,28.0,0.0,0.0,0.0,0.0,0.0,1.0,120.0,1.0,0.0,0.0,0.0,3.72,175.2940999576822,0.624599982984364,127.31819995678961,39.06860004644841,15.145499957725406,4.0,4.771800013259053,2.8192000463604927,0.650899950414896,0.000400003045797348
1,94,94,-2.2808700482076114,0,0,3.0,0.0,0.37387794256210327,0.3986334204673767,1.0,0.6905349493026733,1.0,0.4145244359970093,1.0,1.0,0.6400688290596008,1.0,1.0,1.0,0.37387794256210327,0.37387794256210327,0.4145244359970093,0.6400688290596008,1.0,0.0,0.4150007665157318,-1.0,1.0,-0.9345729947090149,0.10861912369728088,0.047603290528059006,0.4545454680919647,-0.0905320793390274,0.5110458135604858,-0.8595534563064575,0.0,0.19501087069511414,0.21374984085559845,1.0,-1.0,1.0,139.71875,9.286452293395996,9.286452293395996,10.262879371643066,25.0,16.095380783081055,0.19540710747241974,0.8045928925275803,0.3714580917358398,0.3714580917358398,0.0,0.0,0.0,0.0,0.0,0.9990471155867109,0.36251683981058413,-2.9536778025659904,-0.6887562010389157,0.0,-0.0,-0.02304499567446072,-0.00047980772004426207,0.007287502288818359,0.15,-0.0,0.0,0.0,-0.0,0.0,0.3945110593248407,-0.32870732458307766,0.2683924876153469,0.0,0.033440886573357996,0.3333333333333333,0.40816030167696776,-0.0,0.0,-0.34327423026288006,-0.0,-0.46011204663316896,0.37701461985707285,-0.0,-2.0721435546875,0.0,0.19445422305913063,-0.0,-0.2590179443359375,-0.2590179443359375,-0.05,0.0963221974340096,0.07700502872467041,-3.0,0.0,-0.015129925934464803,-0.0,-0.5461262715281722,0.0,0.0,0.0,0.0,0.0,-0.0,0.0,0.0,0.0,0.09806433476042004,-0.1275000035762787,-0.0,-0.0,0.0,0.0,0.0,0.0,0.0,0.0,0.0,0.07700502872467041,7.060632102750242,0.0,0.0,0.45652173913043476,0.25,-0.5,3.0,0.0,0.25,-0.5,0.25,-0.5,0.25,54.0,1.0,0.0,0.0,0.25,0.25,0.0,0.0,1.0,8.0,0.0,0.0,0.0,0.0,0.0,0.0,0.0,0.0,42.6082878112793,-129.16262817382812,42.50804138183594,-128.85873413085938,-0.10024642944335938,0.30389404296875,0.3200014531612396,1.8894293106247948,-0.31327545642852783,0.9496622085571289,0.0,0.0,0.0,0.0,28.0,28.0,28.0,0.0,0.0,0.0,0.0,0.0,1.0,120.0,1.0,0.0,0.0,0.0,3.76,208.8098000967875,0.4396000877022743,143.0002999259159,57.09929997101426,44.909299933351576,4.0,4.400800098665059,2.95259989798069,0.8832000894472003,0.000400003045797348
1,95,95,-1.7318611950604539,0,0,3.0,2.0,0.3714580833911896,0.39797142148017883,1.0,0.6963931918144226,1.0,0.4105151891708374,1.0,1.0,0.6438152194023132,1.0,1.0,1.0,0.3714580833911896,0.3714580833911896,0.4105151891708374,0.6438152194023132,1.0,0.0,0.41471755504608154,-1.0,1.0,-0.9344143867492676,0.1008661761879921,-0.4710995852947235,0.4545454680919647,-0.09986511617898941,0.5174692869186401,-0.8557018041610718,0.0,0.19540710747241974,0.22632111608982086,1.0,-1.0,1.0,139.45912170410156,9.230484962463379,9.230484962463379,10.169404029846191,25.0,16.186939239501953,0.18690481781959534,0.8130951821804047,0.36921939849853513,0.36921939849853513,0.0,0.0,0.0,0.0,0.0,1.0076044241760491,0.9409757909446155,-2.954669518333949,-0.7257718918471693,0.0,-0.0,-0.023769020447411887,-0.0004625534222444468,0.008616142272949219,0.15,-0.0,0.0,0.0,-0.0,0.0,0.5602834922881416,-0.033931476389219624,0.2654166862368584,0.0,0.028030338612469778,0.0,0.5764413381877699,-0.0,0.0,-0.32353067557085396,-0.07134362678119137,-0.46698804197258115,0.37148813158273697,-0.0,-2.0770263671875,0.0,0.19450924199564446,-0.0,-0.2596282958984375,-0.2596282958984375,-0.05,0.09533048166605099,0.07555738836526871,-3.0,0.0,-0.015223706353030036,-0.0,-0.5733859978708195,0.0,0.0,-0.0,0.019625005536845652,-0.02928718958388675,-0.0,0.0,0.0,0.0,0.09867217080667616,-0.1275000035762787,-0.0,-0.0,0.0,0.0,0.0,0.0,0.0,0.0,0.0,0.07555738836526871,7.104396298080683,23.26086922832157,0.4206521686004555,0.0,0.25,0.3499999940395355,3.0,2.0,0.25,0.3499999940395355,0.25,0.3499999940395355,0.25,55.0,1.0,0.0,0.0,0.25,0.25,0.0,0.0,1.0,8.0,0.0,0.0,0.0,0.0,0.0,0.0,0.0,0.0,42.50817108154297,-128.85894775390625,42.40792465209961,-128.5550537109375,-0.10024642944335938,0.30389404296875,0.3200014531612396,1.8894293106247948,-0.31327587366104126,0.9496621489524841,0.0,0.0,0.0,0.0,28.0,28.0,28.0,0.0,0.0,0.0,0.0,0.0,1.0,120.0,1.0,0.0,0.0,0.0,3.8,235.2303999941796,0.611299998126924,153.79030001349747,71.35940005537122,26.023600017651916,4.0,5.096999928355217,3.3641000045463443,0.876000034622848,0.000600004568696022
1,96,96,-2.338857488242602,0,0,4.0,2.0,0.3692193925380707,0.39739322662353516,1.0,0.7020759582519531,1.0,0.40677616000175476,1.0,1.0,0.6474775671958923,1.0,1.0,1.0,0.3692193925380707,0.3692193925380707,0.40677616000175476,0.6474775671958923,1.0,0.0,0.4144204556941986,-1.0,1.0,-0.9342589974403381,0.10149137675762177,0.03798975422978401,0.4545454680919647,-0.08578705787658691,0.5233408212661743,-0.852123498916626,0.0,0.18690481781959534,0.21876978874206543,1.0,-1.0,1.0,139.20098876953125,9.230484962463379,9.230484962463379,10.169404029846191,25.0,16.186939239501953,0.18690481781959534,0.8130951821804047,0.36921939849853513,0.36921939849853513,0.0,0.0,0.0,0.0,0.0,1.0124433977479326,0.6433653096604232,-2.9530015260107634,-1.0416646696401946,0.0,-0.0,-0.023769020447411887,-0.0004625534222444468,0.0,0.15,-0.0,0.0,0.0,-0.0,0.0,0.4668301648464302,-0.23018346401681328,0.2654166862368584,0.0,0.19015147956934858,0.0,0.5764413381877699,-0.0,0.0,-0.3243666911059965,-0.07134362678119137,-0.47382846884114294,0.37148813158273697,-0.0,-2.0650634765625,0.0,0.1993482155675279,-0.0,-0.2581329345703125,-0.2581329345703125,-0.05,0.09699847398923656,0.07687941193580627,-3.0,0.0,-0.022884329882852737,-0.015061983471074398,-0.8802545202629011,0.0,0.0,-0.0,0.019625005536845652,-0.1250888408449564,-0.0,0.0,0.0,0.0,0.10021916239988059,-0.018000000715255735,-0.0,-0.0,0.0,0.0,0.0,0.0,0.0,0.0,0.0,0.07687941193580627,7.2157796927914015,23.26086922832157,0.4206521686004555,0.0,0.5,0.3499999940395355,4.0,2.0,0.5,0.3499999940395355,0.3700000047683716,0.3499999940395355,0.3700000000000001,56.0,1.0,0.0,0.0,0.5,0.5,1.0,0.1299999999999999,1.0,8.0,0.0,0.0,0.0,0.0,0.0,0.0,0.0,0.0,42.40805435180664,-128.55526733398438,42.307804107666016,-128.25137329101562,-0.100250244140625,0.30389404296875,0.32000264525413513,1.8894406480580088,-0.3132763206958771,0.9496620297431946,0.0,0.0,0.0,0.0,28.0,28.0,28.0,0.0,0.0,0.0,0.0,0.0,1.0,120.0,1.0,0.0,0.0,0.0,3.84,147.12879993021488,0.6397999823093414,128.56989994179457,10.920000029727817,8.158899960108101,4.0,4.157199990004301,2.1939000580459833,0.6167999235913157,0.000400003045797348
1,97,97,-3.575894444901798,0,0,4.0,0.0,0.3692193925380707,0.39739322662353516,1.0,0.7020759582519531,1.0,0.40677616000175476,1.0,1.0,0.6474775671958923,1.0,1.0,1.0,0.3692193925380707,0.3692193925380707,0.40677616000175476,0.6474775671958923,1.0,0.0,0.41412970423698425,-1.0,1.0,-0.9341021776199341,0.1030825674533844,0.09668697416782379,0.6727272868156433,-0.08578705787658691,0.5291574001312256,-0.8485236763954163,0.0,0.18690481781959534,0.21876978874206543,1.0,-1.0,1.0,138.93980407714844,9.172196388244629,9.172196388244629,10.077449798583984,25.0,16.272357940673828,0.18739494681358337,0.8126050531864166,0.36688785552978515,0.36688785552978515,0.0,0.0,0.0,0.0,0.0,1.001869386356371,-0.24984598919677622,-2.9584638964824372,-1.3694539455789556,0.0,-0.0,-0.02450361779389425,-0.0004470160845809736,0.00564640045166016,0.15,-0.0,0.0,0.0,-0.0,0.0,0.22830840310934333,-0.7656581308576277,0.2655882313847542,0.0,0.40802139748226546,0.3333333333333333,0.385670026143392,-0.0,0.0,-0.32131707853971775,-0.0,-0.48091590289696606,0.3718067154288292,-0.0,-2.0894775390625,0.0,0.1892643331699544,-0.0,-0.2611846923828125,-0.2611846923828125,-0.05,0.09153610351756256,0.07258597761392593,-3.0,0.0,-0.02795839937089385,-0.11621900826446298,-1.0965122125632736,0.0,0.0,0.0,0.0,0.0,-0.0,0.0,0.0,0.0,0.09245502437464893,-0.1287643253803253,-0.0,-0.0,0.0,0.0,0.0,0.0,0.0,0.0,0.0,0.07258597761392593,6.656761754974723,0.0,0.0,0.45652173913043476,0.5,-0.5,4.0,0.0,0.5,-0.5,0.49000000953674316,-0.5,0.4900000000000002,57.0,1.0,0.0,0.0,0.5,0.5,1.0,0.009999999999999787,1.0,8.0,0.0,0.0,0.0,0.0,0.0,0.0,0.0,0.0,42.30793380737305,-128.2515869140625,42.20768356323242,-127.94769287109375,-0.100250244140625,0.30389404296875,0.32000264525413513,1.8894406480580088,-0.3132767081260681,0.949661910533905,0.0,0.0,0.0,0.0,28.0,28.0,28.0,0.0,0.0,0.0,0.0,0.0,1.0,120.0,1.0,0.0,0.0,0.0,3.88,240.4856999637559,0.5274000577628613,122.73910001385957,111.26270005479455,68.93109995871782,4.0,3.42550000641495,1.9309999188408256,0.5635999841615558,0.000400003045797348
1,98,98,-2.450320588936311,0,0,3.0,2.0,0.3668878674507141,0.396966814994812,1.0,0.7078664898872375,1.0,0.4030979871749878,1.0,1.0,0.6508943438529968,1.0,1.0,1.0,0.3668878674507141,0.3668878674507141,0.4030979871749878,0.6508943438529968,1.0,0.0,0.41380608081817627,-1.0,1.0,-0.9339523911476135,0.09509659558534622,-0.48525863885879517,0.8909090757369995,-0.08890483528375626,0.5351579189300537,-0.8447520136833191,0.0,0.18739494681358337,0.2222839742898941,1.0,-1.0,1.0,138.67642211914062,9.172196388244629,9.172196388244629,10.077449798583984,25.0,16.272357940673828,0.18739494681358337,0.8126050531864166,0.36688785552978515,0.36688785552978515,0.0,0.0,0.0,0.0,0.0,0.9947235960408456,0.6415445155452573,-2.962227744514638,-1.1243609560077756,0.0,-0.0,-0.02450361779389425,-0.0004470160845809736,0.0,0.15,-0.0,0.0,0.0,-0.0,0.0,0.46868188594730703,-0.23062862186234004,0.2655882313847542,0.0,0.18983957930044712,0.0,0.578505039215088,-0.0,0.0,-0.3218460003945201,-0.07164742141276455,-0.4893874214377725,0.3718067154288292,-0.0,-2.1070556640625,0.0,0.18211854285442897,-0.0,-0.2633819580078125,-0.2633819580078125,-0.05,0.08777225548536208,0.06960133463144302,-3.0,0.0,-0.02133413432297856,-0.015061983471074398,-0.853788141068779,0.0,0.0,-0.0,0.019676469080337978,-0.1250888408449564,-0.0,0.0,0.0,0.0,0.09343026793096215,-0.1287643253803253,-0.0,-0.0,0.0,0.0,0.0,0.0,0.0,0.0,0.0,0.06960133463144302,6.7269792910292745,23.26086922832157,0.4206521686004555,0.0,0.25,0.3499999940395355,3.0,2.0,0.25,0.3499999940395355,0.3700000047683716,0.3499999940395355,0.3700000000000001,58.0,1.0,0.0,0.0,0.25,0.25,1.0,0.1200000000000001,1.0,8.0,0.0,0.0,0.0,0.0,0.0,0.0,0.0,0.0,42.20781326293945,-127.94790649414062,42.10756301879883,-127.64401245117188,-0.100250244140625,0.30389404296875,0.32000264525413513,1.8894406480580088,-0.31327706575393677,0.9496617317199707,0.0,0.0,0.0,0.0,28.0,28.0,28.0,0.0,0.0,0.0,0.0,0.0,1.0,120.0,1.0,0.0,0.0,0.0,3.92,148.39880005456507,0.4264999879524112,131.07880007009953,7.397899986244738,3.437399980612099,4.0,4.9631999572739005,3.7078000605106354,0.7952000014483929,0.000500003807246685
1,99,99,-3.0292194293455625,0,0,4.0,1.0,0.3668878674507141,0.396966814994812,1.0,0.7078664898872375,1.0,0.4030979871749878,1.0,1.0,0.6508943438529968,1.0,1.0,1.0,0.3668878674507141,0.3668878674507141,0.4030979871749878,0.6508943438529968,1.0,0.0,0.4134601354598999,-1.0,1.0,-0.9338070750236511,0.09609970450401306,0.060952723026275635,0.6727272868156433,-0.08890483528375626,0.542294979095459,-0.840188205242157,0.0,0.18739494681358337,0.2222839742898941,1.0,-1.0,1.0,138.41331481933594,9.12991714477539,9.12991714477539,9.99144172668457,25.0,16.3512020111084,0.17372773587703705,0.826272264122963,0.3651966857910156,0.3651966857910156,0.0,0.0,0.0,0.0,0.0,1.012384297196599,0.30514643106164335,-2.9612445348212617,-1.3855056227825433,0.0,-0.0,-0.025211394169574478,-0.00043313824484051506,0.00853288650512695,0.15,-0.0,0.0,0.0,-0.0,0.0,0.3038655703327694,-0.4558959668981435,0.26080470755696294,0.0,0.416718713532795,0.0,0.5209588879033139,-0.0,0.0,-0.2895730091252061,-0.0,-0.4982900692122465,0.36292302832007406,-0.0,-2.1048583984375,0.0,0.1861120330736361,-0.0,-0.2631072998046875,-0.2631072998046875,-0.05,0.08875546517873832,0.06942171603441238,-3.0,0.0,-0.028093744654878985,-0.11621900826446298,-1.1856928691479456,0.0,0.0,0.0,0.0,0.0,-0.0,0.0,0.0,0.0,0.09290259475819768,-0.05550000071525574,-0.0,-0.0,0.0,0.0,0.0,0.0,0.0,0.0,0.0,0.06942171603441238,6.688986822590232,0.0,0.0,0.0,0.5,0.0,4.0,1.0,0.5,0.0,0.49000000953674316,0.0,0.4900000000000002,59.0,1.0,0.0,0.0,0.5,0.5,1.0,0.009999999999999787,1.0,8.0,0.0,0.0,0.0,0.0,0.0,0.0,0.0,0.0,42.10769271850586,-127.64422607421875,42.007442474365234,-127.34033203125,-0.100250244140625,0.30389404296875,0.32000264525413513,1.8894406480580088,-0.3132774829864502,0.9496616125106812,0.0,0.0,0.0,0.0,28.0,28.0,28.0,0.0,0.0,0.0,0.0,0.0,1.0,120.0,1.0,0.0,0.0,0.0,3.96,158.54930004570633,0.7109999423846602,123.24340001214296,29.165699961595237,23.81659997627139,4.0,3.055499983020127,1.7594000091776252,0.5880000535398722,0.000400003045797348
1,100,100,-3.4934665104989358,0,0,4.0,2.0,0.36519667506217957,1.0,1.0,0.713909387588501,1.0,0.399657666683197,1.0,1.0,0.6540480852127075,1.0,1.0,1.0,0.36519667506217957,0.36519667506217957,0.399657666683197,0.6540480852127075,1.0,0.0,0.41310977935791016,-1.0,1.0,-0.9336628317832947,0.09555695205926895,-0.0329795740544796,0.8909090757369995,-0.11071905493736267,0.5497532486915588,-0.8353270888328552,0.0,0.17372773587703705,0.21295595169067383,1.0,-1.0,1.0,138.15032958984375,9.12991714477539,9.12991714477539,9.99144172668457,25.0,16.3512020111084,0.17372773587703705,0.826272264122963,0.3651966857910156,0.3651966857910156,0.0,0.0,0.0,0.0,0.0,1.0127353364948117,0.20467877488263508,-2.961802150756234,-1.7490784711201484,0.0,-0.0,-0.025211394169574478,-0.00043313824484051506,0.0,0.15,-0.0,0.0,0.0,-0.0,0.0,0.2943935905527093,-0.47578712443626964,0.26080470755696294,0.0,0.4349005317146128,0.0,0.5209588879033139,-0.0,0.0,-0.29027360759718135,-0.06330551375175929,-0.5079865299304478,0.36292302832007406,-0.0,-2.1038818359375,0.0,0.18646307237184878,-0.0,-0.2629852294921875,-0.2629852294921875,-0.05,0.08819784924376582,0.06898556649684906,-3.0,0.0,-0.029109725884667467,-0.1289462809917355,-1.2526618773806386,0.0,0.0,-0.0,0.01824141195643949,-0.3040805733339353,-0.0,0.0,0.0,0.0,0.09433707462623715,-0.05252142548561096,-0.0,-0.0,0.0,0.0,0.0,0.0,0.0,0.0,0.0,0.06898556649684906,6.792269373089075,23.26086922832157,0.4206521686004555,0.0,0.5,0.3499999940395355,4.0,2.0,0.5,0.3499999940395355,0.5,0.3499999940395355,0.5,60.0,1.0,0.0,0.0,0.5,0.5,0.0,0.0,1.0,8.0,0.0,0.0,0.0,0.0,0.0,0.0,0.0,0.0,42.007572174072266,-127.34054565429688,41.90732192993164,-127.03665161132812,-0.100250244140625,0.30389404296875,0.32000264525413513,1.8894406480580088,-0.31327787041664124,0.9496615529060364,0.0,0.0,0.0,0.0,28.0,28.0,28.0,0.0,0.0,0.0,0.0,0.0,1.0,120.0,1.0,0.0,0.0,0.0,4.0,178.80699993111193,0.5771999713033438,134.50589997228235,35.19670001696795,31.12689999397844,4.0,5.042000091634691,2.6377999456599355,0.8181000594049692,0.000500003807246685
1,101,101,-2.392394132070013,0,0,3.0,1.0,0.36519667506217957,1.0,1.0,0.713909387588501,1.0,0.399657666683197,1.0,1.0,0.6540480852127075,1.0,1.0,1.0,0.36519667506217957,0.36519667506217957,0.399657666683197,0.6540480852127075,1.0,0.0,0.41275280714035034,-1.0,1.0,-0.9335201382637024,0.09703242033720016,0.08965498954057693,0.9090909361839294,-0.11071905493736267,0.5578269958496094,-0.8299572467803955,0.0,0.17372773587703705,0.21295595169067383,1.0,-1.0,1.0,137.88710021972656,9.099438667297363,9.099438667297363,9.909419059753418,25.0,16.431015014648438,0.17262814939022064,0.8273718506097794,0.3639775466918945,0.3639775466918945,0.0,0.0,0.0,0.0,0.0,1.0132268536891154,0.6279508659550485,-2.962358659822222,-1.0712131918919547,0.0,-0.0,-0.025905541824409906,-0.00041952862005142466,0.01293893814086914,0.15,-0.0,0.0,0.0,-0.0,0.0,0.4040695881088238,-0.23574487010605258,0.2604198522865772,0.0,0.21741845038804122,0.0,0.5163290500640869,-0.0,0.0,-0.2877314872515049,-0.0,-0.5186239400210564,0.36220829710364344,-0.0,-2.1058349609375,0.0,0.185855003079336,-0.0,-0.2632293701171875,-0.2632293701171875,-0.05,0.08764134017777823,0.06847519427537918,-3.0,0.0,-0.022141600022128644,-0.019855371900826372,-0.9737162192537441,0.0,0.0,0.0,0.0,0.0,-0.0,0.0,0.0,0.0,0.09441471744328739,-0.05550000071525574,-0.0,-0.0,0.0,0.0,0.0,0.0,0.0,0.0,0.0,0.06847519427537918,6.7978596559166915,0.0,0.0,0.0,0.25,0.0,3.0,1.0,0.25,0.0,0.3799999952316284,0.0,0.3799999999999999,61.0,1.0,0.0,0.0,0.25,0.25,1.0,0.1299999999999999,1.0,8.0,0.0,0.0,0.0,0.0,0.0,0.0,0.0,0.0,41.90745162963867,-127.036865234375,41.80720138549805,-126.73297119140625,-0.100250244140625,0.30389404296875,0.32000264525413513,1.8894406480580088,-0.31327828764915466,0.9496614336967468,0.0,0.0,0.0,0.0,28.0,28.0,28.0,0.0,0.0,0.0,0.0,0.0,1.0,120.0,1.0,0.0,0.0,0.0,4.04,214.35810008551925,0.7752000819891691,142.68389996141195,62.090300023555756,36.249600001610816,4.0,4.958199919201434,3.0941000441089272,0.7206000154837966,0.000500003807246685
1,102,102,-1.9206835707145338,0,0,3.0,2.0,0.3639775514602661,1.0,1.0,0.7204592227935791,1.0,0.39637675881385803,1.0,1.0,0.657240629196167,1.0,1.0,1.0,0.3639775514602661,0.3639775514602661,0.39637675881385803,0.657240629196167,1.0,0.0,0.41239121556282043,-1.0,1.0,-0.9333781003952026,0.09711228311061859,0.004852676298469305,0.6909090876579285,-0.13072778284549713,0.566623866558075,-0.8239765763282776,0.0,0.17262814939022064,0.2152392864227295,1.0,-1.0,1.0,137.6253204345703,9.07919692993164,9.07919692993164,9.830970764160156,25.0,16.510459899902344,0.15597353875637054,0.8440264612436295,0.3631678771972656,0.3631678771972656,0.0,0.0,0.0,0.0,0.0,1.038499109379455,0.8122677573107396,-2.9593143776458555,-0.8121360597588733,0.0,-0.0,-0.0265874338464429,-0.00040640646076005,0.016291637420654294,0.15,-0.0,0.0,0.0,-0.0,0.0,0.4418159444183722,-0.009215701514589595,0.2545907385647297,0.0,0.009835020791400174,0.0,0.4462043737110339,-0.0,0.0,-0.24956975751794805,-0.05286985626128571,-0.5289795905343162,0.35138280019164086,-0.0,-2.09423828125,0.0,0.19447264813582565,-0.0,-0.26177978515625,-0.26177978515625,-0.05,0.09068562235414433,0.06969738751649857,-3.0,0.0,-0.015500955444095379,-0.0,-0.7227871188698353,0.0,0.0,-0.0,0.016377221290516487,-0.03472520602020336,-0.0,0.0,0.0,0.0,0.0966049573617056,-0.05550000071525574,-0.0,-0.0,0.0,0.0,0.0,0.0,0.0,0.0,0.0,0.06969738751649857,6.955556930042803,23.26086922832157,0.4206521686004555,0.0,0.25,0.3499999940395355,3.0,2.0,0.25,0.3499999940395355,0.25999999046325684,0.3499999940395355,0.2599999999999998,62.0,1.0,0.0,0.0,0.25,0.25,1.0,0.009999999999999787,1.0,8.0,0.0,0.0,0.0,0.0,0.0,0.0,0.0,0.0,41.80733108520508,-126.73318481445312,41.70708084106445,-126.42929077148438,-0.100250244140625,0.30389404296875,0.32000264525413513,1.8894406480580088,-0.3132786452770233,0.9496611952781677,0.0,0.0,0.0,0.0,28.0,28.0,28.0,0.0,0.0,0.0,0.0,0.0,1.0,120.0,1.0,0.0,0.0,0.0,4.08,189.6775000495836,0.4841999616473913,143.18750007078052,37.374099949374795,21.725900005549192,4.0,4.449000000022352,3.382700029760599,0.7529000286012888,0.000400003045797348
1,103,103,-1.8594043653050818,0,0,3.0,2.0,0.3631678819656372,1.0,1.0,0.7275652289390564,1.0,0.3932388424873352,1.0,1.0,0.6604183912277222,1.0,1.0,1.0,0.3631678819656372,0.3631678819656372,0.3932388424873352,0.6604183912277222,1.0,0.0,0.4120344817638397,-1.0,1.0,-0.9332351088523865,0.09936510026454926,0.1368899941444397,0.4727272689342499,-0.12435551732778549,0.5751261711120605,-0.8180647492408752,0.0,0.15597353875637054,0.20453596115112305,1.0,-1.0,1.0,137.3661346435547,9.07919692993164,9.07919692993164,9.830970764160156,25.0,16.510459899902344,0.15597353875637054,0.8440264612436295,0.3631678771972656,0.3631678771972656,0.0,0.0,0.0,0.0,0.0,1.0472235426780856,0.798996867316172,-2.956076611192357,-0.7495481641069824,0.0,-0.0,-0.0265874338464429,-0.00040640646076005,0.0,0.15,-0.0,0.0,0.0,-0.0,0.0,0.4424799962089497,-0.007821192754376788,0.2545907385647297,0.0,0.008346797390417618,0.0,0.4462043737110339,-0.0,0.0,-0.2502617125278801,-0.05286985626128571,-0.5381308748789051,0.35138280019164086,-0.0,-2.073486328125,0.0,0.20319708143445614,-0.0,-0.259185791015625,-0.259185791015625,-0.05,0.09392338880764307,0.07218580693006516,-3.0,0.0,-0.015159975312384113,-0.0,-0.7199782219317394,0.0,0.0,-0.0,0.016377221290516487,-0.02928718958388675,-0.0,0.0,0.0,0.0,0.09825909924693406,-0.0014999985694885253,-0.0,-0.0,0.0,0.0,0.0,0.0,0.0,0.0,0.0,0.07218580693006516,7.074655145779253,23.26086922832157,0.4206521686004555,0.0,0.25,0.3499999940395355,3.0,2.0,0.25,0.3499999940395355,0.25,0.3499999940395355,0.25,63.0,1.0,0.0,0.0,0.25,0.25,0.0,0.0,1.0,8.0,0.0,0.0,0.0,0.0,0.0,0.0,0.0,0.0,41.707210540771484,-126.42950439453125,41.60696029663086,-126.1256103515625,-0.100250244140625,0.30389404296875,0.32000264525413513,1.8894406480580088,-0.31327906250953674,0.949661135673523,0.0,0.0,0.0,0.0,28.0,28.0,28.0,0.0,0.0,0.0,0.0,0.0,1.0,120.0,1.0,0.0,0.0,0.0,4.12,218.66070001851767,0.5691000260412693,154.7471999656409,50.044699921272695,31.884699943475425,4.0,8.644399931654334,3.343900083564222,1.2657999759539962,0.000400003045797348
1,104,104,-1.8598477550136672,0,0,3.0,2.0,0.3631678819656372,1.0,1.0,0.7275652289390564,1.0,0.3932388424873352,1.0,1.0,0.6604183912277222,1.0,1.0,1.0,0.3631678819656372,0.3631678819656372,0.3932388424873352,0.6604183912277222,1.0,0.0,0.4116904139518738,-1.0,1.0,-0.9330897331237793,0.10106649994850159,0.103383868932724,0.4545454680919647,-0.12435551732778549,0.5825883150100708,-0.8127673864364624,0.0,0.15597353875637054,0.20453596115112305,1.0,-1.0,1.0,137.10903930664062,9.044328689575195,9.044328689575195,9.750204086303711,25.0,16.594640731811523,0.1554623395204544,0.8445376604795456,0.3617731475830078,0.3617731475830078,0.0,0.0,0.0,0.0,0.0,1.0549552069113917,0.8102432148279803,-2.953374648573385,-0.7716715281796542,0.0,-0.0,-0.027308357745393256,-0.0003929496399013921,0.013519859313964842,0.15,-0.0,0.0,0.0,-0.0,0.0,0.4404899980912539,-0.007480111347121664,0.254411818832159,0.0,0.008021488785743672,0.0,0.44405195587559754,-0.0,0.0,-0.2495781971862515,-0.05257608890609988,-0.5464071527855293,0.35105052068829534,-0.0,-2.0567626953125,0.0,0.21041754643184607,-0.0,-0.2570953369140625,-0.2570953369140625,-0.05,0.09662535142661526,0.07422524690628052,-3.0,0.0,-0.015354067840240897,-0.0,-0.743353816127186,0.0,0.0,-0.0,0.016323545371659386,-0.02928718958388675,-0.0,0.0,0.0,0.0,0.09951710637193173,-0.0,-0.0,-0.0,0.0,0.0,0.0,0.0,0.0,0.0,0.0,0.07422524690628052,7.165231658779085,23.26086922832157,0.4206521686004555,0.0,0.25,0.3499999940395355,3.0,2.0,0.25,0.3499999940395355,0.25,0.3499999940395355,0.25,64.0,1.0,0.0,0.0,0.25,0.25,0.0,0.0,1.0,8.0,0.0,0.0,0.0,0.0,0.0,0.0,0.0,0.0,41.60708999633789,-126.12582397460938,41.506839752197266,-125.82192993164062,-0.100250244140625,0.30389404296875,0.32000264525413513,1.8894406480580088,-0.31327947974205017,0.9496610164642334,0.0,0.0,0.0,0.0,28.0,28.0,28.0,0.0,0.0,0.0,0.0,0.0,1.0,120.0,1.0,0.0,0.0,0.0,4.16,207.5431999983266,0.6665999535471201,143.99560005404055,51.667500054463744,27.569200028665364,4.0,5.451899953186512,3.814399940893054,1.904300064779818,0.000500003807246685
1,105,105,-2.99635564996166,0,0,4.0,0.0,0.36177313327789307,1.0,1.0,0.7346504926681519,1.0,0.3900081515312195,1.0,1.0,0.6637856364250183,1.0,1.0,1.0,0.36177313327789307,0.36177313327789307,0.3900081515312195,0.6637856364250183,1.0,0.0,0.4113568067550659,-1.0,1.0,-0.932942271232605,0.10236044973134995,0.07862544804811478,0.4545454680919647,-0.10239288210868835,0.589294970035553,-0.8079179525375366,0.0,0.1554623395204544,0.20666570961475372,1.0,-1.0,1.0,136.84957885742188,9.044328689575195,9.044328689575195,9.750204086303711,25.0,16.594640731811523,0.1554623395204544,0.8445376604795456,0.3617731475830078,0.3617731475830078,0.0,0.0,0.0,0.0,0.0,1.0468954050847041,0.09343714668421801,-2.957609140870443,-1.179079060860139,0.0,-0.0,-0.027308357745393256,-0.0003929496399013921,0.0,0.15,-0.0,0.0,0.0,-0.0,0.0,0.2338199003732072,-0.40320066723843107,0.254411818832159,0.0,0.21016032939607468,0.3333333333333333,0.2960346372503984,-0.0,0.0,-0.24568814469491893,-0.0,-0.5537323518198072,0.35105052068829534,-0.0,-2.07568359375,0.0,0.20235774460515854,-0.0,-0.25946044921875,-0.25946044921875,-0.05,0.09239085912955715,0.07097241282463074,-3.0,0.0,-0.020590298434486353,-0.015061983471074398,-1.014662453574253,0.0,0.0,0.0,0.0,0.0,-0.0,0.0,0.0,0.0,0.09017272837925704,-0.1287643253803253,-0.0,-0.0,0.0,0.0,0.0,0.0,0.0,0.0,0.0,0.07097241282463074,6.492436443306506,0.0,0.0,0.45652173913043476,0.5,-0.5,4.0,0.0,0.5,-0.5,0.3700000047683716,-0.5,0.3700000000000001,65.0,1.0,0.0,0.0,0.5,0.5,1.0,0.1299999999999999,1.0,8.0,0.0,0.0,0.0,0.0,0.0,0.0,0.0,0.0,41.5069694519043,-125.8221435546875,41.40671920776367,-125.51824951171875,-0.100250244140625,0.30389404296875,0.32000264525413513,1.8894406480580088,-0.3132798373699188,0.9496607780456543,0.0,0.0,0.0,0.0,28.0,28.0,28.0,0.0,0.0,0.0,0.0,0.0,1.0,120.0,1.0,0.0,0.0,0.0,4.2,181.81960005313158,0.9275999618694186,134.91690007504076,38.3546999655664,13.42630002181977,4.0,4.0559000335633755,2.830199897289276,0.6821000715717673,0.000400003045797348
1,106,106,-1.974125897852908,0,0,3.0,2.0,0.36177313327789307,1.0,1.0,0.7346504926681519,1.0,0.3900081515312195,1.0,1.0,0.6637856364250183,1.0,1.0,1.0,0.36177313327789307,0.36177313327789307,0.3900081515312195,0.6637856364250183,1.0,0.0,0.41099825501441956,-1.0,1.0,-0.9328001141548157,0.09274908900260925,-0.5840235948562622,0.6727272868156433,-0.10239288210868835,0.5951972603797913,-0.8035796284675598,0.0,0.1554623395204544,0.20666570961475372,1.0,-1.0,1.0,136.5886993408203,9.00495719909668,9.00495719909668,9.673205375671387,25.0,16.6851863861084,0.15532207489013672,0.8446779251098633,0.3601982879638672,0.3601982879638672,0.0,0.0,0.0,0.0,0.0,1.0422927834554514,0.8057433114802361,-2.960080291501817,-0.8620817012867785,0.0,-0.0,-0.02801395827885274,-0.00037897233177864106,0.015166969299316407,0.15,-0.0,0.0,0.0,-0.0,0.0,0.4399437306242862,-0.007387038401786763,0.2543627262115479,0.0,0.007932229475541588,0.0,0.4434613679584704,-0.0,0.0,-0.24581352896490732,-0.05249554964140641,-0.5612009423960438,0.35095934867858886,-0.0,-2.0870361328125,0.0,0.19761485834558812,-0.0,-0.2608795166015625,-0.2608795166015625,-0.05,0.08991970849818287,0.06906464695930481,-3.0,0.0,-0.014080159216320942,-0.0,-0.7062588446919723,0.0,0.0,-0.0,0.016308817585726842,-0.02928718958388675,-0.0,0.0,0.0,0.0,0.091260291216895,-0.1287643253803253,-0.0,-0.0,0.0,0.0,0.0,0.0,0.0,0.0,0.0,0.06906464695930481,6.570740967616439,23.26086922832157,0.4206521686004555,0.0,0.25,0.3499999940395355,3.0,2.0,0.25,0.3499999940395355,0.25,0.3499999940395355,0.25,66.0,1.0,0.0,0.0,0.25,0.25,0.0,0.0,1.0,8.0,0.0,0.0,0.0,0.0,0.0,0.0,0.0,0.0,41.4068489074707,-125.51846313476562,41.30659866333008,-125.21456909179688,-0.100250244140625,0.30389404296875,0.32000264525413513,1.8894406480580088,-0.31328025460243225,0.9496607184410095,0.0,0.0,0.0,0.0,28.0,28.0,28.0,0.0,0.0,0.0,0.0,0.0,1.0,120.0,1.0,0.0,0.0,0.0,4.24,187.56700004450977,0.647700042463839,132.33569997828454,45.39530002512038,24.5427000336349,4.0,5.06999995559454,3.2625000458210707,0.8246999932453036,0.000400003045797348
1,107,107,-1.0902112443603529,0,0,4.0,2.0,0.3601982891559601,1.0,1.0,0.7414254546165466,1.0,0.3869282007217407,1.0,0.6765570640563965,0.6674074530601501,1.0,1.0,1.0,0.3601982891559601,0.3601982891559601,0.3869282007217407,0.6674074530601501,1.0,0.0,0.4106251895427704,-1.0,1.0,-0.932660698890686,0.093867726624012,0.06797267496585846,0.4545454680919647,-0.09284602850675583,0.601182222366333,-0.7991119623184204,0.0,0.15532207489013672,0.20884807407855988,1.0,-1.0,1.0,136.32949829101562,9.00495719909668,9.00495719909668,9.673205375671387,25.0,16.6851863861084,0.15532207489013672,0.8446779251098633,0.3601982879638672,0.3601982879638672,0.0,0.0,0.0,0.0,0.0,1.047843031887794,0.5132940637406379,-1.408109948212374,-1.2432383917764107,0.0,-0.0,-0.02801395827885274,-0.00037897233177864106,0.0,0.15,-0.0,0.0,0.0,-0.0,0.0,0.35022379773807916,-0.19579889746282167,0.2543627262115479,0.0,0.21024958870627677,0.0,0.4434613679584704,-0.0,0.0,-0.24641802706958757,-0.05249554964140641,-0.5684963704158368,0.35095934867858886,-0.0,-2.0736083984375,0.0,0.20316510677793076,-0.0,-0.2592010498046875,-0.2592010498046875,1.5,0.09189005178762599,0.07057800889015198,-3.0,0.0,-0.021170648805875866,-0.015061983471074398,-1.0802257355249754,0.0,0.0,-0.0,0.016308817585726842,-0.1250888408449564,-0.0,0.0,0.0,0.0,0.09271430282853543,-0.018000000715255735,-0.0,-0.0,0.0,0.0,0.0,0.0,0.0,0.0,0.0,0.07057800889015198,6.675429803654551,23.26086922832157,0.4206521686004555,0.0,0.5,0.3499999940395355,4.0,2.0,0.5,0.3499999940395355,0.3700000047683716,0.3499999940395355,0.3700000000000001,67.0,1.0,0.0,0.0,0.5,0.5,1.0,0.1299999999999999,1.0,8.0,0.0,0.0,0.0,0.0,0.0,0.0,0.0,0.0,41.30672836303711,-125.21478271484375,41.206478118896484,-124.910888671875,-0.100250244140625,0.30389404296875,0.32000264525413513,1.8894406480580088,-0.3132806718349457,0.94966059923172,0.0,0.0,0.0,0.0,28.0,28.0,28.0,0.0,0.0,0.0,0.0,0.0,1.0,120.0,1.0,0.0,0.0,0.0,4.28,145.7999999402091,0.5959999980404973,98.243199987337,39.48139993008226,12.893500039353967,4.0,3.6518999841064215,2.6531999465078115,1.132400007918477,0.000300002284348011
1,108,108,-2.059286823411786,0,0,3.0,2.0,0.3601982891559601,1.0,1.0,0.7414254546165466,1.0,0.3869282007217407,1.0,0.6765570640563965,0.6674074530601501,1.0,1.0,1.0,0.3601982891559601,0.3601982891559601,0.3869282007217407,0.6674074530601501,1.0,0.0,0.4102589786052704,-1.0,1.0,-0.9325199723243713,0.09536328166723251,0.09087572246789932,0.6727272868156433,-0.09284602850675583,0.6069960594177246,-0.7947048544883728,0.0,0.15532207489013672,0.20884807407855988,1.0,-1.0,1.0,136.0714111328125,8.96855640411377,8.96855640411377,9.595925331115723,25.0,16.777048110961914,0.1382506936788559,0.8617493063211441,0.3587422561645508,0.3587422561645508,0.0,0.0,0.0,0.0,0.0,1.072936908015186,0.7252768819077837,-2.9551003392360258,-0.9024002740987299,0.0,-0.0,-0.028740582662157257,-0.0003652998449127711,0.016550846099853515,0.15,-0.0,0.0,0.0,-0.0,0.0,0.3715818681214985,-0.0,0.25,0.0,0.0,0.0,0.3715818681214985,-0.0,0.0,-0.2071904335382435,-0.04290433723436557,-0.5762740415448238,0.33986295089125634,-0.0,-2.064697265625,0.0,0.21118760169404194,-0.0,-0.258087158203125,-0.258087158203125,-0.05,0.09489966076397405,0.07169108092784882,-3.0,0.0,-0.01462056986745447,-0.0,-0.7896297225505295,0.0,0.0,-0.0,0.00602067500281424,-0.08617065596830438,-0.0,0.0,0.0,0.0,0.0947629528446123,-0.018000000715255735,-0.0,-0.0,0.0,0.0,0.0,0.0,0.0,0.0,0.0,0.07169108092784882,6.8229326048120855,23.26086922832157,0.4206521686004555,0.0,0.25,0.3499999940395355,3.0,2.0,0.25,0.3499999940395355,0.25,0.3499999940395355,0.25,68.0,1.0,0.0,0.0,0.25,0.25,0.0,0.0,1.0,8.0,0.0,0.0,0.0,0.0,0.0,0.0,0.0,0.0,41.206607818603516,-124.91110229492188,41.10635757446289,-124.60720825195312,-0.100250244140625,0.30389404296875,0.32000264525413513,1.8894406480580088,-0.3132810890674591,0.9496604800224304,0.0,0.0,0.0,0.0,28.0,28.0,28.0,0.0,0.0,0.0,0.0,0.0,1.0,120.0,1.0,0.0,0.0,0.0,4.32,190.6584999524057,0.5053000058978796,127.64049996621907,52.742799976840615,38.80899993237108,4.0,4.910500021651387,4.123499966226518,0.7010000990703702,0.000300002284348011
1,109,109,-2.0623465232239826,0,0,3.0,2.0,0.35874226689338684,1.0,1.0,0.7483519911766052,1.0,0.3838370144367218,1.0,0.6787114143371582,0.6710819005966187,1.0,1.0,1.0,0.35874226689338684,0.35874226689338684,0.3838370144367218,0.6710819005966187,1.0,0.0,0.40989845991134644,-1.0,1.0,-0.932377815246582,0.09747046232223511,0.1280406266450882,0.4545454680919647,-0.09338616579771042,0.6131585836410522,-0.7899598479270935,0.0,0.1382506936788559,0.1977808028459549,1.0,-1.0,1.0,135.8150634765625,8.935715675354004,8.935715675354004,9.51982593536377,25.0,16.865341186523438,0.13810290396213531,0.8618970960378647,0.35742862701416017,0.35742862701416017,0.0,0.0,0.0,0.0,0.0,1.079083018001663,0.7246783124212836,-2.9528984902745377,-0.9132093633723914,0.0,-0.0,-0.029474632288537635,-0.0003526236281880298,0.016333084106445316,0.15,-0.0,0.0,0.0,-0.0,0.0,0.37095959563004344,-0.0,0.25,0.0,0.0,0.0,0.37095959563004344,-0.0,0.0,-0.2074603516090704,-0.04282313280216916,-0.5838591240237453,0.339766887575388,-0.0,-2.05078125,0.0,0.21718592196379838,-0.0,-0.25634765625,-0.25634765625,-0.05,0.09710150972546246,0.07334400713443756,-3.0,0.0,-0.014894245653333407,-0.0,-0.8180978170783701,0.0,0.0,-0.0,0.006007809703761661,-0.08622511034444952,-0.0,0.0,0.0,0.0,0.09653677738271654,-0.0,-0.0,-0.0,0.0,0.0,0.0,0.0,0.0,0.0,0.0,0.07334400713443756,6.950647971555591,23.26086922832157,0.4206521686004555,0.0,0.25,0.3499999940395355,3.0,2.0,0.25,0.3499999940395355,0.25,0.3499999940395355,0.25,69.0,1.0,0.0,0.0,0.25,0.25,0.0,0.0,1.0,8.0,0.0,0.0,0.0,0.0,0.0,0.0,0.0,0.0,41.10648727416992,-124.607421875,41.0062370300293,-124.30352783203125,-0.100250244140625,0.30389404296875,0.32000264525413513,1.8894406480580088,-0.31328147649765015,0.9496602416038513,0.0,0.0,0.0,0.0,28.0,28.0,28.0,0.0,0.0,0.0,0.0,0.0,1.0,120.0,1.0,0.0,0.0,0.0,4.36,221.94479999598116,0.699999975040555,143.55669997166842,70.47709997277707,28.27339991927147,4.0,3.8749000523239374,2.5790000800043344,0.7180999964475632,0.000500003807246685
1,110,110,-2.097248706794579,0,0,3.0,2.0,0.357428640127182,1.0,1.0,1.0,1.0,0.380793035030365,1.0,0.6811542510986328,0.6746136546134949,1.0,1.0,1.0,0.357428640127182,0.357428640127182,0.380793035030365,0.6746136546134949,1.0,0.0,0.4095458984375,-1.0,1.0,-0.932233989238739,0.09929496794939041,0.11086403578519821,0.4545454680919647,-0.09193838387727737,0.6191327571868896,-0.7852863073348999,0.0,0.13810290396213531,0.19968193769454956,1.0,-1.0,1.0,135.56051635742188,8.935715675354004,8.935715675354004,9.51982593536377,25.0,16.865341186523438,0.13810290396213531,0.8618970960378647,0.35742862701416017,0.35742862701416017,0.0,0.0,0.0,0.0,0.0,1.0852346349247544,0.7094294715919884,-2.9507168379662314,-0.9411959753450903,0.0,-0.0,-0.029474632288537635,-0.0003526236281880298,0.0,0.15,-0.0,0.0,0.0,-0.0,0.0,0.37095959563004344,-0.0,0.25,0.0,0.0,0.0,0.37095959563004344,-0.0,0.0,-0.20803848350452026,-0.04282313280216916,-0.5910514402980502,0.339766887575388,-0.0,-2.036376953125,0.0,0.22333753888688967,-0.0,-0.254547119140625,-0.254547119140625,-0.05,0.09928316203376875,0.07499188184738159,-3.0,0.0,-0.015150726394248859,-0.0,-0.8458279483101535,0.0,0.0,-0.0,0.006007809703761661,-0.08622511034444952,-0.0,0.0,0.0,0.0,0.0981991525553167,-0.0,-0.0,-0.0,0.0,0.0,0.0,0.0,0.0,0.0,0.0,0.07499188184738159,7.0703389839828015,23.26086922832157,0.4206521686004555,0.0,0.25,0.3499999940395355,3.0,2.0,0.25,0.3499999940395355,0.25,0.3499999940395355,0.25,70.0,1.0,0.0,0.0,0.25,0.25,0.0,0.0,1.0,8.0,0.0,0.0,0.0,0.0,0.0,0.0,0.0,0.0,41.00636672973633,-124.30374145507812,40.9061164855957,-123.99984741210938,-0.100250244140625,0.30389404296875,0.32000264525413513,1.8894406480580088,-0.3132818937301636,0.9496601819992065,0.0,0.0,0.0,0.0,28.0,28.0,28.0,0.0,0.0,0.0,0.0,0.0,1.0,120.0,1.0,0.0,0.0,0.0,4.4,117.15820000972599,0.4886999959126115,93.02900009788573,11.23520010150969,7.9480999847874045,4.0,5.263500032015145,3.385899937711656,3.726899973116815,0.000500003807246685
1,111,111,-3.0341461580485847,0,0,4.0,2.0,0.357428640127182,1.0,1.0,1.0,1.0,0.380793035030365,1.0,0.6811542510986328,0.6746136546134949,1.0,1.0,1.0,0.357428640127182,0.357428640127182,0.380793035030365,0.6746136546134949,1.0,0.0,0.4092005491256714,-1.0,1.0,-0.9320887923240662,0.10100483894348145,0.10389845073223114,0.4545454680919647,-0.09193838387727737,0.6247647404670715,-0.7808130383491516,0.0,0.13810290396213531,0.19968193769454956,1.0,-1.0,1.0,135.30747985839844,8.897278785705566,8.897278785705566,9.441003799438477,25.0,16.960023880004883,0.12074842303991318,0.8792515769600868,0.35589115142822264,0.35589115142822264,0.0,0.0,0.0,0.0,0.0,1.1124369204867999,0.4290851189434378,-2.947299061691459,-1.628369135787363,0.0,-0.0,-0.030254833922072975,-0.0003395184199491562,0.016883354187011722,0.15,-0.0,0.0,0.0,-0.0,0.0,0.23289433038976196,-0.13648690990283738,0.25,0.0,0.21818181818181837,0.0,0.2978880970101607,-0.0,0.0,-0.1673948255386205,-0.03350576734350879,-0.5981073369891803,0.3284864749759436,-0.0,-2.0242919921875,0.0,0.23318534352671305,-0.0,-0.2530364990234375,-0.2530364990234375,-0.05,0.10270093830854098,0.07629825174808502,-3.0,0.0,-0.02269755229508771,-0.015061983471074398,-1.3399603207155877,0.0,0.0,-0.0,0.004592757146772948,-0.23724203573713046,-0.0,0.0,0.0,0.0,0.0994011924834922,-0.018000000715255735,-0.0,-0.0,0.0,0.0,0.0,0.0,0.0,0.0,0.0,0.07629825174808502,7.156885858811438,23.26086922832157,0.4206521686004555,0.0,0.5,0.3499999940395355,4.0,2.0,0.5,0.3499999940395355,0.3700000047683716,0.3499999940395355,0.3700000000000001,71.0,1.0,0.0,0.0,0.5,0.5,1.0,0.1299999999999999,1.0,8.0,0.0,0.0,0.0,0.0,0.0,0.0,0.0,0.0,40.906246185302734,-124.00006103515625,40.80599594116211,-123.6961669921875,-0.100250244140625,0.30389404296875,0.32000264525413513,1.8894406480580088,-0.3132823407649994,0.949660062789917,0.0,0.0,0.0,0.0,28.0,28.0,28.0,0.0,0.0,0.0,0.0,0.0,1.0,120.0,1.0,0.0,0.0,0.0,4.44,204.29069991223514,0.7363999029621482,141.61380007863045,53.07920009363443,18.931099912151694,4.0,4.659600090235472,3.2146999146789312,0.8866999996826053,0.000400003045797348
1,112,112,-2.544159534806666,0,0,3.0,0.0,0.3558911383152008,1.0,1.0,1.0,0.40603864192962646,0.37764015793800354,1.0,0.6839591264724731,0.6784009337425232,1.0,1.0,1.0,0.3558911383152008,0.3558911383152008,0.37764015793800354,0.6784009337425232,1.0,0.0,0.4088597595691681,-1.0,1.0,-0.9319429397583008,0.10224122554063797,0.0751274973154068,0.6727272868156433,-0.08791784197092056,0.6302585005760193,-0.7763853669166565,0.0,0.12074842303991318,0.1879912167787552,1.0,-1.0,1.0,135.0511474609375,8.897278785705566,8.897278785705566,9.441003799438477,25.0,16.960023880004883,0.12074842303991318,0.8792515769600868,0.35589115142822264,0.35589115142822264,0.0,0.0,0.0,0.0,0.0,1.1007762042437,0.3044434869770705,-2.9525945607397728,-0.9967846652876639,0.0,-0.0,-0.030254833922072975,-0.0003395184199491562,0.0,0.15,-0.0,0.0,0.0,-0.0,0.0,0.1985920646734405,-0.13901444527140833,0.25,0.0,0.0,0.3333333333333333,0.1985920646734405,-0.0,0.0,-0.16540385939292643,-0.0,-0.6054504906041758,0.3284864749759436,-0.0,-2.0506591796875,0.0,0.2215246272836131,-0.0,-0.2563323974609375,-0.2563323974609375,-0.05,0.09740543926022728,0.07236413657665253,-3.0,0.0,-0.014236253686781442,-0.0,-0.8537840862205571,0.0,0.0,0.0,0.0,0.0,-0.0,0.0,0.0,0.0,0.09227201463654638,-0.1287643253803253,-0.0,-0.0,0.0,0.0,0.0,0.0,0.0,0.0,0.0,0.07236413657665253,6.643585053831339,0.0,0.0,0.45652173913043476,0.25,-0.5,3.0,0.0,0.25,-0.5,0.25,-0.5,0.25,72.0,1.0,0.0,0.0,0.25,0.25,0.0,0.0,1.0,8.0,0.0,0.0,0.0,0.0,0.0,0.0,0.0,0.0,40.80612564086914,-123.69638061523438,40.705875396728516,-123.39248657226562,-0.100250244140625,0.30389404296875,0.32000264525413513,1.8894406480580088,-0.31328272819519043,0.9496598243713379,0.0,0.0,0.0,0.0,28.0,28.0,28.0,0.0,0.0,0.0,0.0,0.0,1.0,120.0,1.0,0.0,0.0,0.0,4.48,184.11599996034056,0.7573999464511871,152.50170009676367,15.116800088435411,11.988900019787252,4.0,4.293399979360402,10.133599978871644,1.285000005736947,0.000500003807246685
1,113,113,-2.332511587009958,0,0,3.0,2.0,0.3558911383152008,1.0,1.0,1.0,0.40603864192962646,0.37764015793800354,1.0,0.6839591264724731,0.6784009337425232,1.0,1.0,1.0,0.3558911383152008,0.3558911383152008,0.37764015793800354,0.6784009337425232,1.0,0.0,0.4084925651550293,-1.0,1.0,-0.931801974773407,0.09490835666656494,-0.445573627948761,0.4545454680919647,-0.08791784197092056,0.6359425783157349,-0.7717363834381104,0.0,0.12074842303991318,0.1879912167787552,1.0,-1.0,1.0,134.7938690185547,8.8610258102417,8.8610258102417,9.367166519165039,25.0,17.05628776550293,0.1207902729511261,0.8792097270488739,0.35444103240966796,0.35444103240966796,0.0,0.0,0.0,0.0,0.0,1.097366118280494,0.6272327657673763,-2.9545906287631936,-1.1025198422946347,0.0,-0.0,-0.0310045255734122,-0.0003266935734920161,0.018769187927246096,0.15,-0.0,0.0,0.0,-0.0,0.0,0.2980643071626362,-0.0,0.25,0.0,0.0,0.0,0.2980643071626362,-0.0,0.0,-0.1656659671716288,-0.03352771542598831,-0.6124055218152922,0.32851367741823195,-0.0,-2.0582275390625,0.0,0.21815639123162,-0.0,-0.2572784423828125,-0.2572784423828125,-0.05,0.09540937123680635,0.07088403403759003,-3.0,0.0,-0.014326950640018496,-0.0,-0.8725657080643626,0.0,0.0,-0.0,0.004595941284207962,-0.0927231212981827,-0.0,0.0,0.0,0.0,0.09285986525937916,-0.1275000035762787,-0.0,-0.0,0.0,0.0,0.0,0.0,0.0,0.0,0.0,0.07088403403759003,6.6859102986752985,23.26086922832157,0.4206521686004555,0.0,0.25,0.3499999940395355,3.0,2.0,0.25,0.3499999940395355,0.25,0.3499999940395355,0.25,73.0,1.0,0.0,0.0,0.25,0.25,0.0,0.0,1.0,8.0,0.0,0.0,0.0,0.0,0.0,0.0,0.0,0.0,40.70600509643555,-123.3927001953125,40.60575485229492,-123.08880615234375,-0.100250244140625,0.30389404296875,0.32000264525413513,1.8894406480580088,-0.31328314542770386,0.9496597051620483,0.0,0.0,0.0,0.0,28.0,28.0,28.0,0.0,0.0,0.0,0.0,0.0,1.0,120.0,1.0,0.0,0.0,0.0,4.52,199.83920000959188,0.7411999395117164,132.59020005352795,55.70959998294711,33.04150002077222,4.0,6.235799985006452,3.243700019083917,1.2892000377178192,0.000600004568696022
1,114,114,-2.8107866603782865,0,0,4.0,1.0,0.3544410467147827,1.0,1.0,1.0,0.4009017050266266,0.37468665838241577,1.0,0.6868134140968323,0.682251513004303,1.0,1.0,1.0,0.3544410467147827,0.3544410467147827,0.37468665838241577,0.682251513004303,1.0,0.0,0.40811237692832947,-1.0,1.0,-0.9316639304161072,0.0955130010843277,0.03674066439270973,0.4545454680919647,-0.08745025098323822,0.6412945985794067,-0.7672947645187378,0.0,0.1207902729511261,0.1897156685590744,1.0,-1.0,1.0,134.53738403320312,8.8610258102417,8.8610258102417,9.367166519165039,25.0,17.05628776550293,0.1207902729511261,0.8792097270488739,0.35444103240966796,0.35444103240966796,0.0,0.0,0.0,0.0,0.0,1.1001431893667002,0.44009451390054294,-2.953906439476175,-1.3971179241693545,0.0,-0.0,-0.0310045255734122,-0.0003266935734920161,0.0,0.15,-0.0,0.0,0.0,-0.0,0.0,0.23303209469078826,-0.1365676461908807,0.25,0.0,0.21818181818181837,0.0,0.2980643071626362,-0.0,0.0,-0.16555082120247847,-0.0,-0.6190428525120595,0.32851367741823195,-0.0,-2.0518798828125,0.0,0.2209334623178263,-0.0,-0.2564849853515625,-0.2564849853515625,-0.05,0.096093560523825,0.07139234989881516,-3.0,0.0,-0.021109794466010166,-0.015061983471074398,-1.3054461455170143,0.0,0.0,0.0,0.0,0.0,-0.0,0.0,0.0,0.0,0.09244779858738184,-0.05550000071525574,-0.0,-0.0,0.0,0.0,0.0,0.0,0.0,0.0,0.0,0.07139234989881516,6.656241498291492,0.0,0.0,0.0,0.5,0.0,4.0,1.0,0.5,0.0,0.3700000047683716,0.0,0.3700000000000001,74.0,1.0,0.0,0.0,0.5,0.5,1.0,0.1299999999999999,1.0,8.0,0.0,0.0,0.0,0.0,0.0,0.0,0.0,0.0,40.60588455200195,-123.08901977539062,40.50563430786133,-122.78512573242188,-0.100250244140625,0.30389404296875,0.32000264525413513,1.8894406480580088,-0.3132835924625397,0.9496595859527588,0.0,0.0,0.0,0.0,28.0,28.0,28.0,0.0,0.0,0.0,0.0,0.0,1.0,120.0,1.0,0.0,0.0,0.0,4.56,201.38119999319315,0.6480000447481871,161.80090000852942,26.490700081922114,17.246300005353987,4.0,7.8520000679418445,3.3659000182524323,1.183199929073453,0.000400003045797348
1,115,115,-3.740209868245106,0,0,4.0,0.0,0.3544410467147827,1.0,1.0,1.0,0.4009017050266266,0.37468665838241577,1.0,0.6868134140968323,0.682251513004303,1.0,1.0,1.0,0.3544410467147827,0.3544410467147827,0.37468665838241577,0.682251513004303,1.0,0.0,0.40773168206214905,-1.0,1.0,-0.9315261244773865,0.09508916735649109,-0.025754166767001152,0.6727272868156433,-0.08745025098323822,0.6463732123374939,-0.7630214095115662,0.0,0.1207902729511261,0.1897156685590744,1.0,-1.0,1.0,134.27700805664062,8.826839447021484,8.826839447021484,9.297829627990723,25.0,17.15439796447754,0.12087320536375046,0.8791267946362495,0.35307357788085936,0.35307357788085936,0.0,0.0,0.0,0.0,0.0,1.0863528672373541,-0.04197829345910477,-2.9603300015213097,-1.8242544405020458,0.0,-0.0,-0.03172552238656867,-0.0003141210960735968,0.02066774368286133,0.15,-0.0,0.0,0.0,-0.0,0.0,0.11213113193116495,-0.41271490817244955,0.25,0.0,0.43636363636363673,0.3333333333333333,0.19894233084561536,-0.0,0.0,-0.16354314785979884,-0.0,-0.6257209860138793,0.3285675834864378,-0.0,-2.0830078125,0.0,0.2072260726011046,-0.0,-0.2603759765625,-0.2603759765625,-0.05,0.08966999847869037,0.06662522256374359,-3.0,0.0,-0.025576447557874037,-0.11621900826446298,-1.6053292213149168,0.0,0.0,0.0,0.0,0.0,-0.0,0.0,0.0,0.0,0.08457819959614427,-0.07712976336479187,-0.0,-0.0,0.0,0.0,0.0,0.0,0.0,0.0,0.0,0.06662522256374359,6.089630370922387,0.0,0.0,0.45652173913043476,0.5,-0.5,4.0,0.0,0.5,-0.5,0.49000000953674316,-0.5,0.4900000000000002,75.0,1.0,0.0,0.0,0.5,0.5,1.0,0.009999999999999787,1.0,8.0,0.0,0.0,0.0,0.0,0.0,0.0,0.0,0.0,40.50576400756836,-122.78533935546875,40.405513763427734,-122.4814453125,-0.100250244140625,0.30389404296875,0.32000264525413513,1.8894406480580088,-0.3132840096950531,0.949659526348114,0.0,0.0,0.0,0.0,28.0,28.0,28.0,0.0,0.0,0.0,0.0,0.0,1.0,120.0,1.0,0.0,0.0,0.0,4.6,227.2458999650553,0.6825999589636922,155.4194000782445,64.91590000223368,42.36800002399832,4.0,3.62099998164922,1.9129000138491392,0.6622999208047986,0.000400003045797348
1,116,116,-3.1951748968163423,0,0,3.0,2.0,0.3530735671520233,1.0,1.0,1.0,0.3961566090583801,0.37191319465637207,1.0,0.6898144483566284,0.6861759424209595,1.0,1.0,1.0,0.3530735671520233,0.3530735671520233,0.37191319465637207,0.6861759424209595,1.0,0.0,0.4073173701763153,-1.0,1.0,-0.9313952922821045,0.0869947224855423,-0.4918499290943146,0.8909090757369995,-0.08279687911272049,0.6514543294906616,-0.7586878538131714,0.0,0.12087320536375046,0.19133253395557404,1.0,-1.0,1.0,134.01429748535156,8.805356979370117,8.805356979370117,9.235112190246582,25.0,17.246244430541992,0.10323042422533035,0.8967695757746696,0.3522142791748047,0.3522142791748047,0.0,0.0,0.0,0.0,0.0,1.0997129682842055,0.3749315124763156,-2.9626016480321913,-1.7072177295446722,0.0,-0.0,-0.032392197034961635,-0.00030279014700538713,0.022767753601074223,0.15,-0.0,0.0,0.0,-0.0,0.0,0.17522742520108744,-0.1026914212806374,0.25,0.0,0.21818181818181837,0.0,0.22412810200139097,-0.0,0.0,-0.12309433317638502,-0.024539492116450932,-0.6335877983135921,0.31709977574646475,-0.0,-2.1016845703125,0.0,0.20294339250953586,-0.0,-0.2627105712890625,-0.2627105712890625,-0.05,0.08739835196780853,0.0638698861002922,-3.0,0.0,-0.019598317020062896,-0.015061983471074398,-1.2990787362618317,0.0,0.0,-0.0,0.003356803895842596,-0.24807117130722084,-0.0,0.0,0.0,0.0,0.08582846542820335,-0.1287643253803253,-0.0,-0.0,0.0,0.0,0.0,0.0,0.0,0.0,0.0,0.0638698861002922,6.179649510830641,23.26086922832157,0.4206521686004555,0.0,0.25,0.3499999940395355,3.0,2.0,0.25,0.3499999940395355,0.3700000047683716,0.3499999940395355,0.3700000000000001,76.0,1.0,0.0,0.0,0.25,0.25,1.0,0.1200000000000001,1.0,8.0,0.0,0.0,0.0,0.0,0.0,0.0,0.0,0.0,40.405643463134766,-122.48165893554688,40.30539321899414,-122.17776489257812,-0.100250244140625,0.30389404296875,0.32000264525413513,1.8894406480580088,-0.3132844567298889,0.9496594071388245,0.0,0.0,0.0,0.0,28.0,28.0,28.0,0.0,0.0,0.0,0.0,0.0,1.0,120.0,1.0,0.0,0.0,0.0,4.64,172.04710002988577,0.4723999882116914,123.30060009844601,39.223200059495866,22.261400008574128,4.0,4.303400055505335,3.791700000874698,0.9106999495998025,0.000500003807246685
1,117,117,-3.741446434426365,0,0,4.0,0.0,0.3522142767906189,1.0,1.0,1.0,0.39165034890174866,0.36940449476242065,1.0,0.6924556493759155,0.6898497939109802,1.0,1.0,1.0,0.3522142767906189,0.3522142767906189,0.36940449476242065,0.6898497939109802,1.0,0.0,0.4068848192691803,-1.0,1.0,-0.9312677383422852,0.08828070759773254,0.07814161479473114,0.6727272868156433,-0.10550794750452042,0.6574025750160217,-0.7535395622253418,0.0,0.10323042422533035,0.17832094430923462,1.0,-1.0,1.0,133.74847412109375,8.805356979370117,8.805356979370117,9.235112190246582,25.0,17.246244430541992,0.10323042422533035,0.8967695757746696,0.3522142791748047,0.3522142791748047,0.0,0.0,0.0,0.0,0.0,1.0885709221402085,-0.0022982229735367845,-2.9678240294571165,-1.8598951041359197,0.0,-0.0,-0.032392197034961635,-0.00030279014700538713,0.0,0.15,-0.0,0.0,0.0,-0.0,0.0,0.08421783226718929,-0.3099759568285906,0.25,0.0,0.43636363636363673,0.3333333333333333,0.149418734667594,-0.0,0.0,-0.12149877955440283,-0.0,-0.6412812996429005,0.31709977574646475,-0.0,-2.1265869140625,0.0,0.1918013463655388,-0.0,-0.2658233642578125,-0.2658233642578125,-0.05,0.08217597054288328,0.060053419321775436,-3.0,0.0,-0.023658243937768053,-0.11621900826446298,-1.5912535265533636,0.0,0.0,0.0,0.0,0.0,-0.0,0.0,0.0,0.0,0.07823493365664036,-0.1287643253803253,-0.0,-0.0,0.0,0.0,0.0,0.0,0.0,0.0,0.0,0.060053419321775436,5.632915223278105,0.0,0.0,0.45652173913043476,0.5,-0.5,4.0,0.0,0.5,-0.5,0.49000000953674316,-0.5,0.4900000000000002,77.0,1.0,0.0,0.0,0.5,0.5,1.0,0.009999999999999787,1.0,7.0,0.0,0.0,0.0,0.0,0.0,0.0,0.0,0.0,40.30552291870117,-122.177978515625,40.20527267456055,-121.87408447265625,-0.100250244140625,0.30389404296875,0.32000264525413513,1.8894406480580088,-0.31328487396240234,0.9496592879295349,0.0,0.0,0.0,0.0,28.0,28.0,28.0,0.0,0.0,0.0,0.0,0.0,1.0,120.0,1.0,0.0,0.0,0.0,4.68,166.31499992217869,0.7457999745383859,134.6122999675572,23.434999980963767,13.267899979837239,4.0,4.141699988394976,2.674999996088445,0.6741000106558204,0.000500003807246685
1,118,118,-4.128798529812919,0,0,4.0,2.0,0.3522142767906189,1.0,1.0,1.0,0.39165034890174866,0.36940449476242065,1.0,0.6924556493759155,0.6898497939109802,1.0,1.0,1.0,0.3522142767906189,0.3522142767906189,0.36940449476242065,0.6898497939109802,1.0,0.0,0.4064250886440277,-1.0,1.0,-0.9311457276344299,0.08047021925449371,-0.47459572553634644,0.8909090757369995,-0.10550794750452042,0.663180410861969,-0.7484595775604248,0.0,0.10323042422533035,0.17832094430923462,1.0,-1.0,1.0,133.4807586669922,8.789765357971191,8.789765357971191,9.180381774902344,25.0,17.325340270996094,0.10283893346786499,0.897161066532135,0.35159061431884764,0.35159061431884764,0.0,0.0,0.0,0.0,0.0,1.082204517715657,0.2030658834032412,-2.971154802691257,-2.44291412824056,0.0,-0.0,-0.0329854687593453,-0.0002933603289966272,0.020393199920654304,0.15,-0.0,0.0,0.0,-0.0,0.0,0.12135257447165164,-0.21236700532539038,0.25,0.0,0.45454545454545453,0.0,0.2224797198646947,-0.0,0.0,-0.12092162019116055,-0.02434415169223306,-0.649246970716753,0.31684530675411227,-0.0,-2.1417236328125,0.0,0.18504345118352195,-0.0,-0.2677154541015625,-0.2677154541015625,-0.05,0.07884519730874291,0.057598311454057693,-3.0,0.0,-0.024609187165381654,-0.1289462809917355,-1.6806690321406548,0.0,0.0,-0.0,0.003331391507861248,-0.4845121914067114,-0.0,0.0,0.0,0.0,0.07975199544336647,-0.12750882804393768,-0.0,-0.0,0.0,0.0,0.0,0.0,0.0,0.0,0.0,0.057598311454057693,5.742143671922386,23.26086922832157,0.4206521686004555,0.0,0.5,0.3499999940395355,4.0,2.0,0.5,0.3499999940395355,0.5,0.3499999940395355,0.5,78.0,1.0,0.0,0.0,0.5,0.5,0.0,0.0,1.0,6.0,0.0,0.0,0.0,0.0,0.0,0.0,0.0,0.0,40.20540237426758,-121.87429809570312,40.10515213012695,-121.57040405273438,-0.100250244140625,0.30389404296875,0.32000264525413513,1.8894406480580088,-0.31328529119491577,0.9496590495109558,0.0,0.0,0.0,0.0,28.0,28.0,28.0,0.0,0.0,0.0,0.0,0.0,1.0,120.0,1.0,0.0,0.0,0.0,4.72,174.02939999010414,0.444800010882318,119.63420000392944,45.213400037027895,22.1839000005275,4.0,4.499200033023953,2.8928000247105956,1.3033999130129814,0.000400003045797348
1,119,119,-3.732656490347467,0,0,4.0,0.0,0.3515906035900116,1.0,1.0,1.0,0.3875114917755127,0.36721527576446533,1.0,0.6948423981666565,0.693013608455658,1.0,1.0,1.0,0.3515906035900116,0.3515906035900116,0.36721527576446533,0.693013608455658,1.0,0.0,0.4059467315673828,-1.0,1.0,-0.9310277104377747,0.08203062415122986,0.09481636434793472,0.9090909361839294,-0.10182666778564453,0.669121265411377,-0.7431532144546509,0.0,0.10283893346786499,0.1791069358587265,1.0,-1.0,1.0,133.20938110351562,8.789765357971191,8.789765357971191,9.180381774902344,25.0,17.325340270996094,0.10283893346786499,0.897161066532135,0.35159061431884764,0.35159061431884764,0.0,0.0,0.0,0.0,0.0,1.0690332992045803,-0.017948776362136112,-2.9769414135061636,-1.8067995996837476,0.0,-0.0,-0.0329854687593453,-0.0002933603289966272,0.0,0.15,-0.0,0.0,0.0,-0.0,0.0,0.08090171631443444,-0.3161908745955812,0.25,0.0,0.45454545454545453,0.3333333333333333,0.14831981324312982,-0.0,0.0,-0.1192004255582969,-0.0,-0.6574657962676871,0.31684530675411227,-0.0,-2.1710205078125,0.0,0.17187223267244534,-0.0,-0.2713775634765625,-0.2713775634765625,-0.05,0.07305858649383655,0.05337105318903923,-3.0,0.0,-0.022062802625234634,-0.1289462809917355,-1.5282905124904986,0.0,0.0,0.0,0.0,0.0,-0.0,0.0,0.0,0.0,0.07149982332251967,-0.1275000035762787,-0.0,-0.0,0.0,0.0,0.0,0.0,0.0,0.0,0.0,0.05337105318903923,5.147987279221415,0.0,0.0,0.45652173913043476,0.5,-0.5,4.0,0.0,0.5,-0.5,0.5,-0.5,0.5,79.0,1.0,0.0,0.0,0.5,0.5,0.0,0.0,1.0,5.0,0.0,0.0,0.0,0.0,0.0,0.0,0.0,0.0,40.105281829833984,-121.57061767578125,40.00503158569336,-121.2667236328125,-0.100250244140625,0.30389404296875,0.32000264525413513,1.8894406480580088,-0.3132857382297516,0.9496589303016663,0.0,0.0,0.0,0.0,28.0,28.0,28.0,0.0,0.0,0.0,0.0,0.0,1.0,120.0,1.0,0.0,0.0,0.0,4.76,212.56519993767142,0.6136998999863863,157.77580009307712,45.03780009690672,29.69709993340075,4.0,4.968399996869266,3.334100008942187,0.8008999284356833,0.000300002284348011
1,120,120,-4.099002591724156,0,0,4.0,2.0,0.3515906035900116,1.0,1.0,1.0,0.3875114917755127,0.36721527576446533,1.0,0.6948423981666565,0.693013608455658,1.0,1.0,1.0,0.3515906035900116,0.3515906035900116,0.36721527576446533,0.693013608455658,1.0,0.0,0.4054408371448517,-1.0,1.0,-0.9309148192405701,0.07354267686605453,-0.5157607793807983,0.9090909361839294,-0.10182666778564453,0.6752064824104309,-0.7376288175582886,0.0,0.10283893346786499,0.1791069358587265,1.0,-1.0,1.0,132.9362030029297,8.784452438354492,8.784452438354492,9.131872177124023,25.0,17.39192771911621,0.0855976864695549,0.9144023135304451,0.3513780975341797,0.3513780975341797,0.0,0.0,0.0,0.0,0.0,1.0830092908643665,0.19986159669059742,-2.978901995402531,-2.4029714838765894,0.0,-0.0,-0.03352043213405844,-0.0002856498231316825,0.019219951629638674,0.15,-0.0,0.0,0.0,-0.0,0.0,0.08175545217888207,-0.14307204131304363,0.25,0.0,0.45454545454545453,0.0,0.1498849956612838,-0.0,0.0,-0.0804109661570797,-0.015959769842195753,-0.6658124769718081,0.30563849620521066,-0.0,-2.1854248046875,0.0,0.16860697733392138,-0.0,-0.2731781005859375,-0.2731781005859375,-0.05,0.07109800459746891,0.0511179082095623,-3.0,0.0,-0.02229430314557893,-0.1289462809917355,-1.6268483920688717,0.0,0.0,-0.0,0.002307993598311273,-0.49969049769243584,-0.0,0.0,0.0,0.0,0.07225005649030208,-0.1275000035762787,-0.0,-0.0,0.0,0.0,0.0,0.0,0.0,0.0,0.0,0.0511179082095623,5.2020040673017505,23.26086922832157,0.4206521686004555,0.0,0.5,0.3499999940395355,4.0,2.0,0.5,0.3499999940395355,0.5,0.3499999940395355,0.5,80.0,1.0,0.0,0.0,0.5,0.5,0.0,0.0,1.0,4.0,0.0,0.0,0.0,0.0,0.0,0.0,0.0,0.0,40.00516128540039,-121.26693725585938,39.904911041259766,-120.96304321289062,-0.100250244140625,0.30389404296875,0.32000264525413513,1.8894406480580088,-0.313286155462265,0.9496587514877319,0.0,0.0,0.0,0.0,28.0,28.0,28.0,0.0,0.0,0.0,0.0,0.0,1.0,120.0,1.0,0.0,0.0,0.0,4.8,202.73820008151233,0.743800075724721,141.15519996266812,51.35209998115897,25.45369998551905,4.0,5.108200013637543,3.508900059387088,0.8390999864786863,0.000700005330145359
1,121,121,-3.620128845502122,0,0,4.0,0.0,0.35137808322906494,1.0,1.0,1.0,0.3836561143398285,0.3652748763561249,1.0,0.6969287991523743,0.6956771016120911,1.0,1.0,1.0,0.35137808322906494,0.35137808322906494,0.3652748763561249,0.6956771016120911,1.0,0.0,0.40491828322410583,-1.0,1.0,-0.9308053851127625,0.07431434094905853,0.04688957333564758,0.9090909361839294,-0.10334193706512451,0.6813396215438843,-0.7319674491882324,0.0,0.0855976864695549,0.1649903506040573,1.0,-1.0,1.0,132.6597900390625,8.784452438354492,8.784452438354492,9.131872177124023,25.0,17.39192771911621,0.0855976864695549,0.9144023135304451,0.3513780975341797,0.3513780975341797,0.0,0.0,0.0,0.0,0.0,1.071149928416695,0.042823140769479996,-2.9840940372743314,-1.7500078774139651,0.0,-0.0,-0.03352043213405844,-0.0002856498231316825,0.0,0.15,-0.0,0.0,0.0,-0.0,0.0,0.054503634785921386,-0.21301837262164272,0.25,0.0,0.45454545454545453,0.3333333333333333,0.09992333044085587,-0.0,0.0,-0.07932891149620808,-0.0,-0.6738269359665443,0.30563849620521066,-0.0,-2.2113037109375,0.0,0.1567476148862499,-0.0,-0.2764129638671875,-0.2764129638671875,-0.05,0.06590596272566862,0.047384943813085556,-3.0,0.0,-0.019918144270618048,-0.1289462809917355,-1.473643448575333,0.0,0.0,0.0,0.0,0.0,-0.0,0.0,0.0,0.0,0.06454954161774366,-0.1275000035762787,-0.0,-0.0,0.0,0.0,0.0,0.0,0.0,0.0,0.0,0.047384943813085556,4.647566996477544,0.0,0.0,0.45652173913043476,0.5,-0.5,4.0,0.0,0.5,-0.5,0.5,-0.5,0.5,81.0,1.0,0.0,0.0,0.5,0.5,0.0,0.0,1.0,3.0,0.0,0.0,0.0,0.0,0.0,0.0,0.0,0.0,39.9050407409668,-120.9632568359375,39.80479049682617,-120.65936279296875,-0.100250244140625,0.30389404296875,0.32000264525413513,1.8894406480580088,-0.31328660249710083,0.9496586322784424,0.0,0.0,0.0,0.0,28.0,28.0,28.0,0.0,0.0,0.0,0.0,0.0,1.0,120.0,1.0,0.0,0.0,0.0,4.84,228.78030000720173,0.9916999842971563,163.45669992733747,53.103100042790174,18.89049995224923,4.0,5.0675999373197556,4.99160005711019,1.130299991928041,0.000700005330145359
1,122,122,-3.3994025011088063,0,0,4.0,1.0,0.35137808322906494,1.0,1.0,1.0,0.3836561143398285,0.3652748763561249,1.0,0.6969287991523743,0.6956771016120911,1.0,1.0,1.0,0.35137808322906494,0.35137808322906494,0.3652748763561249,0.6956771016120911,1.0,0.0,0.40437138080596924,-1.0,1.0,-0.9307005405426025,0.06639381498098373,-0.48128217458724976,0.9090909361839294,-0.10334193706512451,0.6871839761734009,-0.7264834046363831,0.0,0.0855976864695549,0.1649903506040573,1.0,-1.0,1.0,132.3809814453125,8.786164283752441,8.786164283752441,9.089860916137695,25.0,17.454622268676758,0.08504793792963028,0.9149520620703697,0.35144657135009766,0.35144657135009766,0.0,0.0,0.0,0.0,0.0,1.0629492698981462,0.21160522668557377,-2.9880338204171184,-1.6859231772754077,0.0,-0.0,-0.033990773340719246,-0.00027857542433537883,0.023460159301757814,0.15,-0.0,0.0,0.0,-0.0,0.0,0.08049287180010781,-0.14086252565018864,0.25,0.0,0.45454545454545453,0.0,0.14757026496686432,-0.0,0.0,-0.07790600598777311,-0.0,-0.6815396348460778,0.30528115965425967,-0.0,-2.23046875,0.0,0.1479972078277766,-0.0,-0.27880859375,-0.27880859375,-0.05,0.061966179582881725,0.044529885053634644,-3.0,0.0,-0.01947697025755686,-0.1289462809917355,-1.4624999260261153,0.0,0.0,0.0,0.0,0.0,-0.0,0.0,0.0,0.0,0.06311981101986021,-0.075,-0.0,-0.0,0.0,0.0,0.0,0.0,0.0,0.0,0.0,0.044529885053634644,4.544626393429935,0.0,0.0,0.0,0.5,0.0,4.0,1.0,0.5,0.0,0.5,0.0,0.5,82.0,1.0,0.0,0.0,0.5,0.5,0.0,0.0,1.0,2.0,0.0,0.0,0.0,0.0,0.0,0.0,0.0,0.0,39.8049201965332,-120.65957641601562,39.70466995239258,-120.35568237304688,-0.100250244140625,0.30389404296875,0.32000264525413513,1.8894406480580088,-0.31328701972961426,0.9496585130691528,0.0,0.0,0.0,0.0,28.0,28.0,28.0,0.0,0.0,0.0,0.0,0.0,1.0,120.0,1.0,0.0,0.0,0.0,4.88,286.38669999781996,0.7071000291034579,164.02680007740855,111.4811000879854,55.780199938453734,4.0,5.253600073046982,2.869199961423874,1.9774000393226743,0.000600004568696022
1,123,123,-2.891611103694878,0,0,3.0,0.0,0.35144656896591187,1.0,1.0,1.0,0.3802119791507721,0.3635944426059723,1.0,0.6988580226898193,0.6981849074363708,1.0,1.0,1.0,0.35144656896591187,0.35144656896591187,0.3635944426059723,0.6981849074363708,1.0,0.0,0.4038049876689911,-1.0,1.0,-0.9305995106697083,0.0649232342839241,-0.08935816586017609,0.9090909361839294,-0.09565703570842743,0.6927666664123535,-0.7211618423461914,0.0,0.08504793792963028,0.1651918739080429,1.0,-1.0,1.0,132.0986785888672,8.791933059692383,8.791933059692383,9.05443286895752,25.0,17.514432907104492,0.08446486294269562,0.9155351370573044,0.35167732238769533,0.35167732238769533,0.0,0.0,0.0,0.0,0.0,1.0508984867080104,0.1575779741981613,-2.9933640892185935,-1.1067234753824564,0.0,-0.0,-0.03439256299061923,-0.00027198980685514583,0.03121044158935547,0.15,-0.0,0.0,0.0,-0.0,0.0,0.07387683539869687,-0.13975034696253477,0.25,0.0,0.23636363636363614,0.3333333333333333,0.0967434749268649,-0.0,0.0,-0.07561035034858313,-0.0,-0.688781648776458,0.30490216091275213,-0.0,-2.2584228515625,0.0,0.13536334965070607,-0.0,-0.2823028564453125,-0.2823028564453125,-0.05,0.056635910781406285,0.040677737444639206,-3.0,0.0,-0.013079441525491215,-0.019855371900826372,-0.9966588985913469,0.0,0.0,0.0,0.0,0.0,-0.0,0.0,0.0,0.0,0.05577247239183635,-0.07712976336479187,-0.0,-0.0,0.0,0.0,0.0,0.0,0.0,0.0,0.0,0.040677737444639206,4.015618012212217,0.0,0.0,0.45652173913043476,0.25,-0.5,3.0,0.0,0.25,-0.5,0.3799999952316284,-0.5,0.3799999999999999,83.0,1.0,0.0,0.0,0.25,0.25,1.0,0.1299999999999999,1.0,1.0,0.0,0.0,0.0,0.0,0.0,0.0,0.0,0.0,39.70479965209961,-120.35589599609375,39.604549407958984,-120.052001953125,-0.100250244140625,0.30389404296875,0.32000264525413513,1.8894406480580088,-0.3132874667644501,0.9496583938598633,0.0,0.0,0.0,0.0,28.0,28.0,28.0,0.0,0.0,0.0,0.0,0.0,1.0,120.0,1.0,0.0,0.0,0.0,4.92,400.77890001703054,0.7996999192982912,198.62190005369484,165.12100002728403,110.00700003933161,4.0,32.378299976699054,2.7981000021100044,1.0157000506296754,0.000500003807246685
1,124,124,-2.3504948836419746,0,0,3.0,0.0,0.3516773283481598,1.0,1.0,1.0,0.37725377082824707,0.362177312374115,1.0,0.7007278203964233,0.7005773186683655,1.0,1.0,1.0,0.3516773283481598,0.3516773283481598,0.362177312374115,0.7005773186683655,1.0,0.0,0.4032151401042938,-1.0,1.0,-0.9305025339126587,0.05736597254872322,-0.4592086672782898,0.6909090876579285,-0.08557888865470886,0.6979711055755615,-0.7161259055137634,0.0,0.08446486294269562,0.16523687541484833,1.0,-1.0,1.0,131.8115234375,8.791933059692383,8.791933059692383,9.05443286895752,25.0,17.514432907104492,0.08446486294269562,0.9155351370573044,0.35167732238769533,0.35167732238769533,0.0,0.0,0.0,0.0,0.0,1.0330407063612146,0.20499002577722392,-3.000926778833297,-0.5875988369471158,0.0,-0.0,-0.03439256299061923,-0.00027198980685514583,0.0,0.15,-0.0,0.0,0.0,-0.0,0.0,0.0949845026554674,-0.07326119510370756,0.25,0.0,0.018181818181817792,0.3333333333333333,0.0967434749268649,-0.0,0.0,-0.07419717780152513,-0.0,-0.694833969726961,0.30490216091275213,-0.0,-2.2972412109375,0.0,0.1175055693039102,-0.0,-0.2871551513671875,-0.2871551513671875,-0.05,0.04907322116670294,0.03524596989154816,-3.0,0.0,-0.007282343240254686,-0.0,-0.5623164929916054,0.0,0.0,0.0,0.0,0.0,-0.0,0.0,0.0,0.0,0.045384973897598685,-0.018000000715255735,-0.0,-0.0,0.0,0.0,0.0,0.0,0.0,0.0,0.0,0.03524596989154816,3.2677181206271055,0.0,0.0,0.45652173913043476,0.25,-0.5,3.0,0.0,0.25,-0.5,0.25999999046325684,-0.5,0.2599999999999998,84.0,1.0,0.0,0.0,0.25,0.25,1.0,0.009999999999999787,1.0,0.0,0.0,0.0,0.0,0.0,0.0,0.0,0.0,0.0,39.604679107666016,-120.05221557617188,39.50442886352539,-119.74832153320312,-0.100250244140625,0.30389404296875,0.32000264525413513,1.8894406480580088,-0.3132879137992859,0.949658215045929,0.0,0.0,0.0,0.0,28.0,28.0,28.0,0.0,0.0,0.0,0.0,0.0,1.0,120.0,1.0,0.0,0.0,0.0,4.96,271.39300003182143,1.0237999958917499,196.2815000442788,59.286899981088936,39.47540000081062,4.0,8.09839996509254,5.896200076676905,0.7602999685332179,0.000500003807246685
1,125,125,-2.2541169903267626,0,0,3.0,0.0,0.3516773283481598,1.0,1.0,1.0,0.37725377082824707,0.362177312374115,1.0,0.7007278203964233,0.7005773186683655,1.0,1.0,1.0,0.3516773283481598,0.3516773283481598,0.362177312374115,0.7005773186683655,1.0,0.0,0.40259191393852234,-1.0,1.0,-0.9304117560386658,0.046681687235832214,-0.6492186784744263,0.4727272689342499,-0.08557888865470886,0.7022925019264221,-0.7118884921073914,0.0,0.08446486294269562,0.16523687541484833,1.0,-1.0,1.0,131.51980590820312,8.795598983764648,8.795598983764648,9.02523422241211,25.0,17.557090759277344,0.06914287060499191,0.9308571293950081,0.3518239593505859,0.3518239593505859,0.0,0.0,0.0,0.0,0.0,1.033350402409876,0.20322695559134948,-3.007419873707533,-0.483274474620455,0.0,-0.0,-0.03472729040154631,-0.0002673881772397779,0.020891151428222655,0.15,-0.0,0.0,0.0,-0.0,0.0,0.05373437362804748,-0.037614061539633224,0.25,0.0,0.0,0.3333333333333333,0.05373437362804748,-0.0,0.0,-0.04066397367607642,-0.0,-0.6993400189423933,0.29494286589324475,-0.0,-2.333740234375,0.0,0.10249327301486794,-0.0,-0.291717529296875,-0.291717529296875,-0.05,0.04258012629246695,0.030159253627061844,-3.0,0.0,-0.0058844217653785435,-0.0,-0.4758900542855879,0.0,0.0,0.0,0.0,0.0,-0.0,0.0,0.0,0.0,0.0381397707015276,-0.0014999985694885253,-0.0,-0.0,0.0,0.0,0.0,0.0,0.0,0.0,0.0,0.030159253627061844,2.746063490509987,0.0,0.0,0.45652173913043476,0.25,-0.5,3.0,0.0,0.25,-0.5,0.25,-0.5,0.25,85.0,1.0,0.0,0.0,0.25,0.25,0.0,0.0,1.0,0.0,0.0,0.0,0.0,0.0,0.0,0.0,0.0,0.0,39.50455856323242,-119.74853515625,39.40430450439453,-119.44464111328125,-0.10025405883789062,0.30389404296875,0.32000383734703064,1.8894519668182586,-0.3132883608341217,0.9496580362319946,0.0,0.0,0.0,0.0,28.0,28.0,28.0,0.0,0.0,0.0,0.0,0.0,1.0,120.0,1.0,0.0,0.0,0.0,5.0,299.49020000640303,1.2222999939695,190.4682000167668,99.40020006615669,32.56720001809299,4.0,4.2271000565961,2.546299947425723,1.5779000241309404,0.000600004568696022
1,126,126,-2.4651047328976707,0,0,3.0,2.0,0.35182395577430725,1.0,1.0,1.0,0.3750438690185547,0.3610093593597412,1.0,0.7022836208343506,0.7025308012962341,1.0,1.0,1.0,0.35182395577430725,0.35182395577430725,0.3610093593597412,0.7022836208343506,1.0,0.0,0.40193721652030945,-1.0,1.0,-0.9303268194198608,0.03922947868704796,-0.4528251886367798,0.4545454680919647,-0.053458526730537415,0.705493152141571,-0.7087166905403137,0.0,0.06914287060499191,0.15067774057388306,1.0,-1.0,0.0,131.22769165039062,8.795598983764648,8.795598983764648,9.02523422241211,25.0,17.557090759277344,0.06914287060499191,0.9308571293950081,0.3518239593505859,0.3518239593505859,0.0,0.0,0.0,0.0,0.0,1.0318434869049384,0.2674010672504272,-3.0082003687253107,-0.7561489183277256,0.0,-0.0,-0.03472729040154631,-0.0002673881772397779,0.0,0.15,-0.0,0.0,0.0,-0.0,0.0,0.0806015604420712,-0.0,0.25,0.0,0.0,0.0,0.0806015604420712,-0.0,0.0,-0.040833421401854766,-0.008356165317765887,-0.7028914402879187,0.29494286589324475,-0.0,-2.3369140625,0.0,0.1009863575099304,-0.0,-0.2921142578125,-0.2921142578125,-0.05,0.04179963127468923,0.02960643358528614,-3.0,0.0,-0.006230398371123842,-0.0,-0.5104139425355603,0.0,0.0,-0.0,0.0015059319893362068,-0.1135105058340991,-0.0,0.0,0.0,0.0,0.040382211664691574,-0.1275000035762787,-0.0,-0.0,0.0,0.0,0.0,0.0,0.0,0.0,0.0,0.02960643358528614,2.907519239857793,23.26086922832157,0.4206521686004555,0.0,0.25,0.3499999940395355,3.0,2.0,0.25,0.3499999940395355,0.25,0.3499999940395355,0.25,86.0,1.0,0.0,0.0,0.25,0.25,0.0,0.0,1.0,0.0,0.0,0.0,0.0,0.0,0.0,0.0,0.0,0.0,39.40443420410156,-119.44485473632812,39.30418014526367,-119.14096069335938,-0.10025405883789062,0.30389404296875,0.32000383734703064,1.8894519668182586,-0.31328877806663513,0.9496579170227051,0.0,0.0,0.0,0.0,28.0,28.0,28.0,0.0,0.0,0.0,0.0,0.0,1.0,120.0,1.0,0.0,0.0,0.0,5.04,163.38969999924302,0.5005999701097608,134.91180003620684,18.053999985568225,13.691699947230518,4.0,5.061000003479421,3.928599995560944,0.8941000560298562,0.000300002284348011
1,127,127,-2.3499754680302907,0,0,3.0,2.0,0.35182395577430725,1.0,1.0,1.0,0.3750438690185547,0.3610093593597412,1.0,0.7022836208343506,0.7025308012962341,1.0,1.0,1.0,0.35182395577430725,0.35182395577430725,0.3610093593597412,0.7022836208343506,1.0,0.0,0.4012778103351593,-1.0,1.0,-0.930242657661438,0.041535988450050354,0.14015255868434906,0.4545454680919647,-0.053458526730537415,0.7080056667327881,-0.706206738948822,0.0,0.06914287060499191,0.15067774057388306,1.0,-1.0,0.0,130.93740844726562,8.791847229003906,8.791847229003906,8.999971389770508,25.0,17.59662437438965,0.06906192749738693,0.9309380725026131,0.35167388916015624,0.35167388916015624,0.0,0.0,0.0,0.0,0.0,1.0387683836676695,0.2803193632538704,-3.0054026631842095,-0.6636605517676212,0.0,-0.0,-0.035019538857122,-0.00026319310541662665,0.011656379699707033,0.15,-0.0,0.0,0.0,-0.0,0.0,0.08026074735741866,-0.0,0.25,0.0,0.0,0.0,0.08026074735741866,-0.0,0.0,-0.04082532677004945,-0.008319723898505889,-0.7063078729724444,0.2948902528733015,-0.0,-2.322265625,0.0,0.10783031116505648,-0.0,-0.290283203125,-0.290283203125,-0.05,0.04459733681579034,0.03158572316169739,-3.0,0.0,-0.0065678304554362375,-0.0,-0.5450503964850048,0.0,0.0,-0.0,0.0015024081707552546,-0.11354473299793558,-0.0,0.0,0.0,0.0,0.04256927147042006,-0.0,-0.0,-0.0,0.0,0.0,0.0,0.0,0.0,0.0,0.0,0.03158572316169739,3.0649875458702445,23.26086922832157,0.4206521686004555,0.0,0.25,0.3499999940395355,3.0,2.0,0.25,0.3499999940395355,0.25,0.3499999940395355,0.25,87.0,1.0,0.0,0.0,0.25,0.25,0.0,0.0,1.0,0.0,0.0,0.0,0.0,0.0,0.0,0.0,0.0,0.0,39.3043098449707,-119.14117431640625,39.20405578613281,-118.8372802734375,-0.10025405883789062,0.30389404296875,0.32000383734703064,1.8894519668182586,-0.31328919529914856,0.9496577978134155,0.0,0.0,0.0,0.0,28.0,28.0,28.0,0.0,0.0,0.0,0.0,0.0,1.0,120.0,1.0,0.0,0.0,0.0,5.08,239.13219990208745,0.767699908465147,156.42280003521591,60.44979998841882,33.51290000136942,4.0,9.904100093990564,5.279699922539294,6.26419996842742,0.000500003807246685
1,128,128,-2.3847086070061905,0,0,3.0,2.0,0.3516739010810852,1.0,1.0,1.0,0.3733551502227783,0.3599988520145416,1.0,0.7038649916648865,0.7043611407279968,1.0,1.0,1.0,0.3516739010810852,0.3516739010810852,0.3599988520145416,0.7038649916648865,1.0,0.0,0.40062981843948364,-1.0,1.0,-0.9301559925079346,0.04378553479909897,0.13669124245643616,0.4545454680919647,-0.04289073869585991,0.7104142308235168,-0.7037837505340576,0.0,0.06906192749738693,0.15094564855098724,1.0,-1.0,0.0,130.6487579345703,8.791847229003906,8.791847229003906,8.999971389770508,25.0,17.59662437438965,0.06906192749738693,0.9309380725026131,0.35167388916015624,0.35167388916015624,0.0,0.0,0.0,0.0,0.0,1.0448175651857352,0.2705325610812803,-3.0029737003759336,-0.6970850328972725,0.0,-0.0,-0.035019538857122,-0.00026319310541662665,0.0,0.15,-0.0,0.0,0.0,-0.0,0.0,0.08026074735741866,-0.0,0.25,0.0,0.0,0.0,0.08026074735741866,-0.0,0.0,-0.04097744841351456,-0.008319723898505889,-0.7096576622266122,0.2948902528733015,-0.0,-2.3092041015625,0.0,0.11387949268312209,-0.0,-0.2886505126953125,-0.2886505126953125,-0.05,0.047026299624066556,0.03330601751804352,-3.0,0.0,-0.006879749756040317,-0.0,-0.578162958314052,0.0,0.0,-0.0,0.0015024081707552546,-0.11354473299793558,-0.0,0.0,0.0,0.0,0.044590970641002065,-0.0,-0.0,-0.0,0.0,0.0,0.0,0.0,0.0,0.0,0.0,0.03330601751804352,3.2105498861521484,23.26086922832157,0.4206521686004555,0.0,0.25,0.3499999940395355,3.0,2.0,0.25,0.3499999940395355,0.25,0.3499999940395355,0.25,88.0,1.0,0.0,0.0,0.25,0.25,0.0,0.0,1.0,0.0,0.0,0.0,0.0,0.0,0.0,0.0,0.0,0.0,39.204185485839844,-118.83749389648438,39.10393142700195,-118.53359985351562,-0.10025405883789062,0.30389404296875,0.32000383734703064,1.8894519668182586,-0.3132896423339844,0.949657678604126,0.0,0.0,0.0,0.0,28.0,28.0,28.0,0.0,0.0,0.0,0.0,0.0,1.0,120.0,1.0,0.0,0.0,0.0,5.12,169.7342999977991,0.770400045439601,137.09179998841137,21.566699957475066,16.013899934478104,4.0,5.043899989686906,4.354799981229007,0.8656999561935663,0.000700005330145359
1,129,129,-2.4808287171787433,0,0,3.0,2.0,0.3516739010810852,1.0,1.0,1.0,0.3733551502227783,0.3599988520145416,1.0,0.7038649916648865,0.7043611407279968,1.0,1.0,1.0,0.3516739010810852,0.3516739010810852,0.3599988520145416,0.7038649916648865,1.0,0.0,0.39999133348464966,-1.0,1.0,-0.930067241191864,0.045864999294281006,0.12635619938373566,0.4545454680919647,-0.04289073869585991,0.7127677798271179,-0.701400101184845,0.0,0.06906192749738693,0.15094564855098724,1.0,-1.0,0.0,130.36163330078125,8.782764434814453,8.782764434814453,8.973136901855469,25.0,17.63995361328125,0.055659860372543335,0.9443401396274567,0.35131057739257815,0.35131057739257815,0.0,0.0,0.0,0.0,0.0,1.0655910475628874,0.2051753758093721,-3.000146450652438,-0.751448689898565,0.0,-0.0,-0.03533267600109612,-0.00025867082523513675,0.011386718750000002,0.15,-0.0,0.0,0.0,-0.0,0.0,0.023830991042287714,-0.0,0.25,0.0,0.0,0.0,0.023830991042287714,-0.0,0.0,-0.012206082400927373,-0.002415794317162693,-0.7129723895412359,0.28617890924215317,-0.0,-2.2969970703125,0.0,0.1212509079354307,-0.0,-0.2871246337890625,-0.2871246337890625,-0.05,0.0498535493475622,0.0348861962556839,-3.0,0.0,-0.007149584342965059,-0.0,-0.6259919726769633,0.0,0.0,-0.0,0.0009758763012385967,-0.11928300917987526,-0.0,0.0,0.0,0.0,0.04633989851921797,-0.0,-0.0,-0.0,0.0,0.0,0.0,0.0,0.0,0.0,0.0,0.0348861962556839,3.336472693383694,23.26086922832157,0.4206521686004555,0.0,0.25,0.3499999940395355,3.0,2.0,0.25,0.3499999940395355,0.25,0.3499999940395355,0.25,89.0,1.0,0.0,0.0,0.25,0.25,0.0,0.0,1.0,0.0,0.0,0.0,0.0,0.0,0.0,0.0,0.0,0.0,39.104061126708984,-118.5338134765625,39.003807067871094,-118.22991943359375,-0.10025405883789062,0.30389404296875,0.32000383734703064,1.8894519668182586,-0.3132900595664978,0.9496574997901917,0.0,0.0,0.0,0.0,28.0,28.0,28.0,0.0,0.0,0.0,0.0,0.0,1.0,120.0,1.0,0.0,0.0,0.0,5.16,261.9375999784097,0.7399000460281968,158.41919998638332,83.92070000991225,38.98220008704811,4.0,8.582399925217032,6.351600051857531,3.8283999310806394,0.000500003807246685
1,130,130,-2.4442902435897373,0,0,3.0,0.0,0.3513105809688568,1.0,1.0,1.0,0.37164413928985596,0.358925461769104,1.0,0.7055981159210205,0.7063356637954712,1.0,1.0,1.0,0.3513105809688568,0.3513105809688568,0.358925461769104,0.7055981159210205,1.0,0.0,0.39936116337776184,-1.0,1.0,-0.9299767017364502,0.04766389727592468,0.10930798947811127,0.4545454680919647,-0.0415484718978405,0.7150887846946716,-0.6990336179733276,0.0,0.055659860372543335,0.13637913763523102,1.0,-1.0,0.0,130.0715789794922,8.771767616271973,8.771767616271973,8.946393966674805,25.0,17.685815811157227,0.055689092725515366,0.9443109072744846,0.3508707046508789,0.3508707046508789,0.0,0.0,0.0,0.0,0.0,1.0544938461764903,0.1736513829720476,-3.004754521716205,-0.66768095102207,0.0,-0.0,-0.035647543909471786,-0.00025396880110409715,0.011836681365966797,0.15,-0.0,0.0,0.0,-0.0,0.0,0.015969383089165932,-0.01117856816241615,0.25,0.0,0.0,0.3333333333333333,0.015969383089165932,-0.0,0.0,-0.012105678822350365,-0.0,-0.7158813397260992,0.286197910271585,-0.0,-2.3204345703125,0.0,0.11018293890200564,-0.0,-0.2900543212890625,-0.2900543212890625,-0.05,0.045245478283794924,0.03166241571307182,-3.0,0.0,-0.00602666153327695,-0.0,-0.5341542859125145,0.0,0.0,0.0,0.0,0.0,-0.0,0.0,0.0,0.0,0.03906169512309134,-0.1275000035762787,-0.0,-0.0,0.0,0.0,0.0,0.0,0.0,0.0,0.0,0.03166241571307182,2.8124420488625765,0.0,0.0,0.45652173913043476,0.25,-0.5,3.0,0.0,0.25,-0.5,0.25,-0.5,0.25,90.0,1.0,0.0,0.0,0.25,0.25,0.0,0.0,0.0,0.0,0.0,0.0,0.0,0.0,0.0,0.0,0.0,0.0,39.003936767578125,-118.23013305664062,38.903682708740234,-117.92623901367188,-0.10025405883789062,0.30389404296875,0.32000383734703064,1.8894519668182586,-0.31329047679901123,0.9496573209762573,0.0,0.0,0.0,0.0,28.0,28.0,28.0,0.0,0.0,0.0,0.0,0.0,1.0,120.0,1.0,0.0,0.0,0.0,5.2,270.2440000139177,0.928599969483912,186.7385000223294,72.93649995699525,30.929300002753735,4.0,5.423799972049892,3.428200026974082,0.7438999600708485,0.000500003807246685
1,131,131,-2.25791610519219,0,0,3.0,0.0,0.35087069869041443,1.0,1.0,1.0,0.3699951171875,0.35785576701164246,1.0,0.7074326276779175,0.7084033489227295,1.0,1.0,1.0,0.35087069869041443,0.35087069869041443,0.35785576701164246,0.7074326276779175,1.0,0.0,0.3987116515636444,-1.0,1.0,-0.9298895001411438,0.04017774388194084,-0.454887717962265,0.4545454680919647,-0.03296145796775818,0.7171192169189453,-0.6969504952430725,0.0,0.055689092725515366,0.13675673305988312,1.0,-1.0,0.0,129.7759246826172,8.771767616271973,8.771767616271973,8.946393966674805,25.0,17.685815811157227,0.055689092725515366,0.9443109072744846,0.3508707046508789,0.3508707046508789,0.0,0.0,0.0,0.0,0.0,1.0332853772174637,0.15376111535303352,-3.0135723916833648,-0.43139020607932255,0.0,-0.0,-0.035647543909471786,-0.00025396880110409715,0.0,0.15,-0.0,0.0,0.0,-0.0,0.0,0.015969383089165932,-0.01117856816241615,0.25,0.0,0.0,0.3333333333333333,0.015969383089165932,-0.0,0.0,-0.011920665034611685,-0.0,-0.7181119022115467,0.286197910271585,-0.0,-2.365234375,0.0,0.08897446994297906,-0.0,-0.295654296875,-0.295654296875,-0.05,0.03642760831663513,0.0254917424172163,-3.0,0.0,-0.004755563241269972,-0.0,-0.4266346428380526,0.0,0.0,0.0,0.0,0.0,-0.0,0.0,0.0,0.0,0.030823095082305376,-0.0,-0.0,-0.0,0.0,0.0,0.0,0.0,0.0,0.0,0.0,0.0254917424172163,2.219262845925987,0.0,0.0,0.45652173913043476,0.25,-0.5,3.0,0.0,0.25,-0.5,0.25,-0.5,0.25,91.0,1.0,0.0,0.0,0.25,0.25,0.0,0.0,0.0,0.0,0.0,0.0,0.0,0.0,0.0,0.0,0.0,0.0,38.903812408447266,-117.92645263671875,38.803558349609375,-117.62255859375,-0.10025405883789062,0.30389404296875,0.32000383734703064,1.8894519668182586,-0.31329089403152466,0.9496572017669678,0.0,0.0,0.0,0.0,28.0,28.0,28.0,0.0,0.0,0.0,0.0,0.0,1.0,120.0,1.0,0.0,0.0,0.0,5.24,205.670400056988,0.699699972756207,178.00569999963045,17.590400064364076,12.853500084020197,4.0,5.519099999219179,2.8971999417990446,0.9240000508725643,0.000500003807246685
1,132,132,-2.377529534818117,0,0,4.0,0.0,0.35087069869041443,1.0,1.0,1.0,0.3699951171875,0.35785576701164246,1.0,0.7074326276779175,0.7084033489227295,1.0,1.0,1.0,0.35087069869041443,0.35087069869041443,0.35785576701164246,0.7074326276779175,1.0,0.0,0.3980250358581543,-1.0,1.0,-0.9298090934753418,0.031703755259513855,-0.514912486076355,0.4545454680919647,-0.03296145796775818,0.7186720371246338,-0.6953491568565369,0.0,0.055689092725515366,0.13675673305988312,1.0,-1.0,0.0,129.47476196289062,8.761931419372559,8.761931419372559,8.92676830291748,25.0,17.722476959228516,0.055738821625709534,0.9442611783742905,0.3504772567749023,0.3504772567749023,0.0,0.0,0.0,0.0,0.0,1.0124368075818935,0.14040893036925833,-3.022285824025421,-0.5080894487438476,0.0,-0.0,-0.0358804062664473,-0.0002502716605132026,0.0093585205078125,0.15,-0.0,0.0,0.0,-0.0,0.0,0.012594287969659192,-0.022347538885697602,0.25,0.0,0.21818181818181837,0.3333333333333333,0.01610897298444781,-0.0,0.0,-0.011840067195094584,-0.0,-0.719606937211994,0.2862302340567112,-0.0,-2.4093017578125,0.0,0.068175629207603,-0.0,-0.3011627197265625,-0.3011627197265625,-0.05,0.02771417597457901,0.0193950142711401,-3.0,0.0,-0.005175489710211755,-0.015061983471074398,-0.4698519748473058,0.0,0.0,0.0,0.0,0.0,-0.0,0.0,0.0,0.0,0.022665432915091516,-0.018000000715255735,-0.0,-0.0,0.0,0.0,0.0,0.0,0.0,0.0,0.0,0.0193950142711401,1.6319111698865891,0.0,0.0,0.45652173913043476,0.5,-0.5,4.0,0.0,0.5,-0.5,0.3700000047683716,-0.5,0.3700000000000001,92.0,1.0,0.0,0.0,0.5,0.5,1.0,0.1299999999999999,0.0,0.0,0.0,0.0,0.0,0.0,0.0,0.0,0.0,0.0,38.803688049316406,-117.62277221679688,38.703433990478516,-117.31887817382812,-0.10025405883789062,0.30389404296875,0.32000383734703064,1.8894519668182586,-0.3132913410663605,0.9496570825576782,0.0,0.0,0.0,0.0,28.0,28.0,28.0,0.0,0.0,0.0,0.0,0.0,1.0,120.0,1.0,0.0,0.0,0.0,5.28,265.7530000433326,0.7050000131130219,157.0320000173524,95.14809993561357,36.36629995889962,4.0,8.427700027823448,3.422899986617267,0.9685000404715538,0.000500003807246685
1,133,133,-3.292154434258145,0,0,4.0,2.0,0.3504772484302521,1.0,1.0,1.0,0.36883628368377686,0.3570707440376282,1.0,0.7088990807533264,0.7100042104721069,1.0,1.0,1.0,0.3504772484302521,0.3504772484302521,0.3570707440376282,0.7088990807533264,1.0,0.0,0.39730104804039,-1.0,1.0,-0.9297358393669128,0.023313017562031746,-0.5098538994789124,0.6727272868156433,-0.017347514629364014,0.7197108268737793,-0.6942739486694336,0.0,0.055738821625709534,0.13707463443279266,1.0,-1.0,0.0,129.1720428466797,8.761931419372559,8.761931419372559,8.92676830291748,25.0,17.722476959228516,0.055738821625709534,0.9442611783742905,0.3504772567749023,0.3504772567749023,0.0,0.0,0.0,0.0,0.0,1.0065371366570253,0.138843166926633,-3.0248214804544125,-1.4127132573873908,0.0,-0.0,-0.0358804062664473,-0.0002502716605132026,0.0,0.15,-0.0,0.0,0.0,-0.0,0.0,0.013619404432305865,-0.022142515593168276,0.25,0.0,0.43636363636363673,0.0,0.02416345947667171,-0.0,0.0,-0.011862270939225658,-0.002449822843219642,-0.7210518750857808,0.2862302340567112,-0.0,-2.4217529296875,0.0,0.0622759582827348,-0.0,-0.3027191162109375,-0.3027191162109375,-0.05,0.02517851954558743,0.017620503902435303,-3.0,0.0,-0.007150426512837414,-0.11621900826446298,-0.6568726722921648,0.0,0.0,-0.0,0.0009786470977438783,-0.5046854720353443,-0.0,0.0,0.0,0.0,0.02364559032022953,-0.1287643253803253,-0.0,-0.0,0.0,0.0,0.0,0.0,0.0,0.0,0.0,0.017620503902435303,1.7024825030565263,23.26086922832157,0.4206521686004555,0.0,0.5,0.3499999940395355,4.0,2.0,0.5,0.3499999940395355,0.49000000953674316,0.3499999940395355,0.4900000000000002,93.0,1.0,0.0,0.0,0.5,0.5,1.0,0.009999999999999787,0.0,0.0,0.0,0.0,0.0,0.0,0.0,0.0,0.0,0.0,38.70356369018555,-117.319091796875,38.603309631347656,-117.01520538330078,-0.10025405883789062,0.30388641357421875,0.31999659538269043,1.8894594309615775,-0.3132917582988739,0.9496569037437439,0.0,0.0,0.0,0.0,28.0,28.0,28.0,0.0,0.0,0.0,0.0,0.0,1.0,120.0,1.0,0.0,0.0,0.0,5.32,191.43999996595085,0.6433000089600682,158.3781000226736,21.749199950136244,15.70360001642257,4.0,7.272799964994192,2.5390000082552433,0.8197999559342861,0.000400003045797348
1,134,134,-2.40417260536087,0,0,3.0,0.0,0.3504772484302521,1.0,1.0,1.0,0.36883628368377686,0.3570707440376282,1.0,0.7088990807533264,0.7100042104721069,1.0,1.0,1.0,0.3504772484302521,0.3504772484302521,0.3570707440376282,0.7088990807533264,1.0,0.0,0.39656543731689453,-1.0,1.0,-0.9296647310256958,0.0243211779743433,0.061259835958480835,0.8909090757369995,-0.017347514629364014,0.7207132577896118,-0.6932333111763,0.0,0.055738821625709534,0.13707463443279266,1.0,-1.0,0.0,128.8659210205078,8.756021499633789,8.756021499633789,8.913447380065918,25.0,17.749330520629883,0.055738188326358795,0.9442618116736412,0.35024085998535154,0.35024085998535154,0.0,0.0,0.0,0.0,0.0,0.9936683543290658,0.1323556917295521,-3.0298520927918084,-0.5003445586276796,0.0,-0.0,-0.03603933176554122,-0.0002475977727430213,0.007369937896728516,0.15,-0.0,0.0,0.0,-0.0,0.0,0.012592898145246726,-0.022345072755402925,0.25,0.0,0.21818181818181837,0.3333333333333333,0.01610719530205977,-0.0,0.0,-0.011701815226128775,-0.0,-0.7226965712403066,0.28622982241213324,-0.0,-2.448974609375,0.0,0.04940654265542452,-0.0,-0.306121826171875,-0.306121826171875,-0.05,0.020147907208191526,0.01409995835274458,-3.0,0.0,-0.003794939069126334,-0.015061983471074398,-0.35272331070715357,0.0,0.0,0.0,0.0,0.0,-0.0,0.0,0.0,0.0,0.016619477905333045,-0.1287643253803253,-0.0,-0.0,0.0,0.0,0.0,0.0,0.0,0.0,0.0,0.01409995835274458,1.196602409183979,0.0,0.0,0.45652173913043476,0.25,-0.5,3.0,0.0,0.25,-0.5,0.3700000047683716,-0.5,0.3700000000000001,94.0,1.0,0.0,0.0,0.25,0.25,1.0,0.1200000000000001,0.0,0.0,0.0,0.0,0.0,0.0,0.0,0.0,0.0,0.0,38.60343933105469,-117.01541900634766,38.5031852722168,-116.71153259277344,-0.10025405883789062,0.30388641357421875,0.31999659538269043,1.8894594309615775,-0.3132922053337097,0.9496567845344543,0.0,0.0,0.0,0.0,28.0,28.0,28.0,0.0,0.0,0.0,0.0,0.0,1.0,120.0,1.0,0.0,0.0,0.0,5.36,257.99009995535016,0.7957000052556396,167.12939995341003,78.35560000967234,49.72699994686991,4.0,7.264000014401972,3.45509999897331,0.9534999262541533,0.000400003045797348
1,135,135,-2.393329229849218,0,0,3.0,2.0,0.3502408564090729,1.0,1.0,1.0,0.36802688241004944,0.35653790831565857,1.0,0.7099732160568237,0.7111929059028625,1.0,1.0,1.0,0.3502408564090729,0.3502408564090729,0.35653790831565857,0.7099732160568237,1.0,0.0,0.3958120048046112,-0.998276948928833,1.0,-0.9295958876609802,0.017094319686293602,-0.43913203477859497,0.6727272868156433,-0.020847005769610405,0.7218524217605591,-0.6920469999313354,0.0,0.055738188326358795,0.13726535439491272,1.0,-1.0,0.0,128.55857849121094,8.756021499633789,8.756021499633789,8.913447380065918,25.0,17.749330520629883,0.055738188326358795,0.9442618116736412,0.35024085998535154,0.35024085998535154,0.0,0.0,0.0,0.0,0.0,0.9889975526652397,0.16625252587077147,-3.0316344775527293,-0.5169448308324998,0.0,-0.0,-0.03603933176554122,-0.0002475977727430213,0.0,0.15,-0.0,0.0,0.0,-0.0,0.0,0.024160792953089653,-0.0,0.25,0.0,0.0,0.0,0.024160792953089653,-0.0,0.0,-0.011742367045204868,-0.0024495498858315493,-0.7245095216529811,0.28622982241213324,-0.0,-2.458740234375,0.0,0.04473574099159855,-0.0,-0.307342529296875,-0.307342529296875,-0.05,0.01836552244727078,0.012852605432271957,-3.0,0.0,-0.002840367049803691,-0.0,-0.2670697021797278,0.0,0.0,-0.0,0.0009786248592740792,-0.11924906108191706,-0.0,0.0,0.0,0.0,0.018409786433912816,-0.1287643253803253,-0.0,-0.0,0.0,0.0,0.0,0.0,0.0,0.0,0.0,0.012852605432271957,1.3255046232417227,23.26086922832157,0.4206521686004555,0.0,0.25,0.3499999940395355,3.0,2.0,0.25,0.3499999940395355,0.25,0.3499999940395355,0.25,95.0,1.0,0.0,0.0,0.25,0.25,0.0,0.0,0.0,0.0,0.0,0.0,0.0,0.0,0.0,0.0,0.0,0.0,38.50331497192383,-116.71174621582031,38.40306091308594,-116.4078598022461,-0.10025405883789062,0.30388641357421875,0.31999659538269043,1.8894594309615775,-0.31329262256622314,0.9496566653251648,0.0,0.0,0.0,0.0,28.0,28.0,28.0,0.0,0.0,0.0,0.0,0.0,1.0,120.0,1.0,0.0,0.0,0.0,5.4,268.7810999341309,0.6461999146267772,173.51920006331056,85.23480000440031,46.241600066423416,4.0,4.414600087329745,2.9997999081388116,1.9289000192657113,0.000400003045797348
1,136,136,-2.2261499771114464,0,0,3.0,0.0,0.3502408564090729,1.0,1.0,1.0,0.36802688241004944,0.35653790831565857,1.0,0.7099732160568237,0.7111929059028625,1.0,1.0,1.0,0.3502408564090729,0.3502408564090729,0.35653790831565857,0.7099732160568237,1.0,0.0,0.3950527012348175,-0.9958227872848511,1.0,-0.9295275211334229,0.018935780972242355,0.11189427971839905,0.4545454680919647,-0.020847005769610405,0.7231059074401855,-0.6907371878623962,0.0,0.055738188326358795,0.13726535439491272,1.0,-1.0,0.0,128.2490692138672,8.755353927612305,8.755353927612305,8.904221534729004,25.0,17.76706314086914,0.05569332093000412,0.9443066790699959,0.35021415710449216,0.35021415710449216,0.0,0.0,0.0,0.0,0.0,0.9809300581766004,0.14117730890666344,-3.0349441105424053,-0.3133132336523047,0.0,-0.0,-0.03614981521993999,-0.00024584776361910913,0.005785675048828125,0.15,-0.0,0.0,0.0,-0.0,0.0,0.015981251733344894,-0.011186876213341423,0.25,0.0,0.0,0.3333333333333333,0.015981251733344894,-0.0,0.0,-0.01151841415674062,-0.0,-0.7258673706905778,0.28620065860450267,-0.0,-2.47607421875,0.0,0.03662337910660449,-0.0,-0.30950927734375,-0.30950927734375,-0.05,0.015055889457594734,0.010536028072237968,-3.0,0.0,-0.0019332129206242306,-0.0,-0.18388001715540173,0.0,0.0,0.0,0.0,0.0,-0.0,0.0,0.0,0.0,0.012530083744786681,-0.1275000035762787,-0.0,-0.0,0.0,0.0,0.0,0.0,0.0,0.0,0.0,0.010536028072237968,0.902166029624641,0.0,0.0,0.45652173913043476,0.25,-0.5,3.0,0.0,0.25,-0.5,0.25,-0.5,0.25,96.0,1.0,0.0,0.0,0.25,0.25,0.0,0.0,0.0,0.0,0.0,0.0,0.0,0.0,0.0,0.0,0.0,0.0,38.40319061279297,-116.40807342529297,38.30293655395508,-116.10418701171875,-0.10025405883789062,0.30388641357421875,0.31999659538269043,1.8894594309615775,-0.3132930397987366,0.9496565461158752,0.0,0.0,0.0,0.0,28.0,28.0,28.0,0.0,0.0,0.0,0.0,0.0,1.0,120.0,1.0,0.0,0.0,0.0,5.44,242.71990009583533,0.4976000636816025,166.58339998684824,64.37619996722788,50.687900045886636,4.0,5.751400021836162,3.7321000127121806,1.7425999976694584,0.000500003807246685
1,137,137,-2.3477195460222466,0,0,3.0,2.0,0.3502141535282135,1.0,1.0,1.0,0.36734238266944885,0.35616886615753174,1.0,0.7106825113296509,0.7120301127433777,1.0,1.0,1.0,0.3502141535282135,0.3502141535282135,0.35616886615753174,0.7106825113296509,1.0,0.0,0.3942800462245941,-0.9933545589447021,1.0,-0.9294613003730774,0.012888086028397083,-0.36748141050338745,0.4545454680919647,-0.021522246301174164,0.7240431308746338,-0.6897546648979187,0.0,0.05569332093000412,0.1373264640569687,1.0,-1.0,0.0,127.93883514404297,8.754288673400879,8.754288673400879,8.89718246459961,25.0,17.779571533203125,0.05567242577672005,0.94432757422328,0.35017154693603514,0.35017154693603514,0.0,0.0,0.0,0.0,0.0,0.9781442061083752,0.16513506447973073,-3.0362028548970406,-0.45479596171331216,0.0,-0.0,-0.036234339910424476,-0.0002446207716055622,0.0038390922546386727,0.15,-0.0,0.0,0.0,-0.0,0.0,0.023883898007242294,-0.0,0.25,0.0,0.0,0.0,0.023883898007242294,-0.0,0.0,-0.011507619540022105,-0.002421208806410743,-0.7268859857660539,0.28618707675486804,-0.0,-2.48187255859375,0.0,0.03381663188509526,-0.0,-0.31023406982421875,-0.31023406982421875,-0.05,0.013797145102959383,0.00965498574078083,-3.0,0.0,-0.0021501203511708547,-0.0,-0.20684459186570156,0.0,0.0,-0.0,0.0009763169658107077,-0.11927756288597183,-0.0,0.0,0.0,0.0,0.013935965239070355,-0.1275000035762787,-0.0,-0.0,0.0,0.0,0.0,0.0,0.0,0.0,0.0,0.00965498574078083,1.0033894972130657,23.26086922832157,0.4206521686004555,0.0,0.25,0.3499999940395355,3.0,2.0,0.25,0.3499999940395355,0.25,0.3499999940395355,0.25,97.0,1.0,0.0,0.0,0.25,0.25,0.0,0.0,0.0,0.0,0.0,0.0,0.0,0.0,0.0,0.0,0.0,0.0,38.30306625366211,-116.10440063476562,38.20281219482422,-115.8005142211914,-0.10025405883789062,0.30388641357421875,0.31999659538269043,1.8894594309615775,-0.31329345703125,0.9496563673019409,0.0,0.0,0.0,0.0,28.0,28.0,28.0,0.0,0.0,0.0,0.0,0.0,1.0,120.0,1.0,0.0,0.0,0.0,5.48,245.79869990702718,0.6941999308764935,160.34960001707077,75.70099993608892,32.47510001529008,4.0,4.886499955318868,3.4631999442353845,0.6570999976247549,0.000500003807246685
1,138,138,-2.911465423257473,0,0,4.0,3.0,0.3501715362071991,1.0,1.0,1.0,0.36685866117477417,0.3558872938156128,1.0,0.7111828327178955,0.7126075625419617,1.0,1.0,1.0,0.3501715362071991,0.3501715362071991,0.3558872938156128,0.7111828327178955,1.0,0.0,0.3935012221336365,-0.990882158279419,1.0,-0.9293961524963379,0.014334135688841343,0.08786759525537491,0.4545454680919647,-0.013352443464100361,0.7247453331947327,-0.6890168190002441,0.0,0.05567242577672005,0.1373862624168396,1.0,-1.0,0.0,127.63084411621094,8.754288673400879,8.754288673400879,8.89718246459961,25.0,17.779571533203125,0.05567242577672005,0.94432757422328,0.35017154693603514,0.35017154693603514,0.0,0.0,0.0,0.0,0.0,0.9865974740523783,0.145870190150704,-3.0328912151787826,-1.0110418722817724,0.0,-0.0,-0.036234339910424476,-0.0002446207716055622,0.0,0.15,-0.0,0.0,0.0,-0.0,0.0,0.018672865714753063,-0.010943167814227385,0.25,0.0,0.21818181818181837,0.0,0.023883898007242294,-0.0,0.0,-0.011579758597588264,-0.004842417612821486,-0.7279238705984215,0.28618707675486804,-0.0,-2.46392822265625,0.0,0.04226989982909832,-0.0,-0.30799102783203125,-0.30799102783203125,-0.05,0.017108784821217284,0.011972409673035145,-3.0,0.0,-0.003917845349540669,-0.015061983471074398,-0.38113707108766703,0.0,0.0,-0.0,0.0019526339316214155,-0.557377605589856,-0.0,0.0,0.0,0.0,0.0171577311353758,-0.05550000071525574,-0.0,-0.0,0.0,0.0,0.0,0.0,0.0,0.0,0.0,0.011972409673035145,1.2353566417470574,32.4,0.7326086850269979,0.0,0.5,0.699999988079071,4.0,3.0,0.5,0.699999988079071,0.3700000047683716,0.699999988079071,0.3700000000000001,98.0,1.0,0.0,0.0,0.5,0.5,1.0,0.1299999999999999,0.0,0.0,0.0,0.0,0.0,0.0,0.0,0.0,0.0,0.0,38.20294189453125,-115.80072784423828,38.10268783569336,-115.49684143066406,-0.10025405883789062,0.30388641357421875,0.31999659538269043,1.8894594309615775,-0.3132939040660858,0.9496562480926514,0.0,0.0,0.0,0.0,28.0,28.0,28.0,0.0,0.0,0.0,0.0,0.0,1.0,120.0,1.0,0.0,0.0,0.0,5.52,169.43030001129955,0.5360000068321824,145.127399940975,14.772400027140975,9.748499956913292,4.0,4.401199985295534,3.101699985563755,1.450899988412857,0.000400003045797348
1,139,139,-2.3326265505755783,0,0,3.0,2.0,0.3501715362071991,1.0,1.0,1.0,0.36685866117477417,0.3558872938156128,1.0,0.7111828327178955,0.7126075625419617,1.0,1.0,1.0,0.3501715362071991,0.3501715362071991,0.3558872938156128,0.7111828327178955,1.0,0.0,0.39273425936698914,-0.9884251356124878,1.0,-0.9293287992477417,0.01764795184135437,0.20136037468910217,0.6727272868156433,-0.013352443464100361,0.7254601120948792,-0.6882642507553101,0.0,0.05567242577672005,0.1373862624168396,1.0,-1.0,0.0,127.32430267333984,8.751701354980469,8.751701354980469,8.887950897216797,25.0,17.79623031616211,0.055662885308265686,0.9443371146917343,0.35006805419921877,0.35006805419921877,0.0,0.0,0.0,0.0,0.0,0.9920834899372266,0.1708614958618758,-3.0304592901131744,-0.46511224626150616,0.0,-0.0,-0.036345492995427574,-0.00024299615670179907,0.004779529571533204,0.15,-0.0,0.0,0.0,-0.0,0.0,0.023843727613750247,-0.0,0.25,0.0,0.0,0.0,0.023843727613750247,-0.0,0.0,-0.011601499424408829,-0.002417097754855122,-0.729464948483602,0.2861808754503727,-0.0,-2.45233154296875,0.0,0.047746375245492245,-0.0,-0.30654144287109375,-0.30654144287109375,-0.05,0.019540709886825536,0.013674109242856503,-3.0,0.0,-0.0029316750265391805,-0.0,-0.2883748548417706,0.0,0.0,-0.0,0.0009759823756440779,-0.11928169805358467,-0.0,0.0,0.0,0.0,0.01900159739423543,-0.05550000071525574,-0.0,-0.0,0.0,0.0,0.0,0.0,0.0,0.0,0.0,0.013674109242856503,1.368115012384951,23.26086922832157,0.4206521686004555,0.0,0.25,0.3499999940395355,3.0,2.0,0.25,0.3499999940395355,0.25,0.3499999940395355,0.25,99.0,1.0,0.0,0.0,0.25,0.25,0.0,0.0,0.0,0.0,0.0,0.0,0.0,0.0,0.0,0.0,0.0,0.0,38.10281753540039,-115.49705505371094,38.0025634765625,-115.19316864013672,-0.10025405883789062,0.30388641357421875,0.31999659538269043,1.8894594309615775,-0.31329432129859924,0.949656069278717,0.0,0.0,0.0,0.0,28.0,28.0,28.0,0.0,0.0,0.0,0.0,0.0,1.0,120.0,1.0,0.0,0.0,0.0,5.56,219.04689993243665,0.6818999536335468,137.22370006144047,74.35530005022883,31.223699916154146,4.0,3.7316998932510614,2.12340010330081,0.8885998977348208,0.000500003807246685
1,140,140,-2.663075748258407,0,0,4.0,2.0,0.350068062543869,1.0,1.0,1.0,0.36628448963165283,0.35551804304122925,1.0,0.7118492126464844,0.7133646607398987,1.0,1.0,1.0,0.350068062543869,0.350068062543869,0.35551804304122925,0.7118492126464844,1.0,0.0,0.3919791877269745,-0.9859763383865356,1.0,-0.9292582869529724,0.01954450085759163,0.115241639316082,0.4545454680919647,-0.02057631127536297,0.7265198826789856,-0.6871454119682312,0.0,0.055662885308265686,0.13748590648174286,1.0,-1.0,0.0,127.01924133300781,8.751701354980469,8.751701354980469,8.887950897216797,25.0,17.79623031616211,0.055662885308265686,0.9443371146917343,0.35006805419921877,0.35006805419921877,0.0,0.0,0.0,0.0,0.0,0.9976717250883421,0.15154675561598058,-3.028344361777992,-0.7839498671847372,0.0,-0.0,-0.036345492995427574,-0.00024299615670179907,0.0,0.15,-0.0,0.0,0.0,-0.0,0.0,0.01864145977075019,-0.010924762470300121,0.25,0.0,0.21818181818181837,0.0,0.023843727613750247,-0.0,0.0,-0.011637895741040998,-0.002417097754855122,-0.730951561805532,0.2861808754503727,-0.0,-2.44049072265625,0.0,0.05333461039660781,-0.0,-0.30506134033203125,-0.30506134033203125,-0.05,0.021655638222007667,0.01515408419072628,-3.0,0.0,-0.0047106705226185085,-0.015061983471074398,-0.4684580712543376,0.0,0.0,-0.0,0.0009759823756440779,-0.27869512359709503,-0.0,0.0,0.0,0.0,0.020629813349805775,-0.018000000715255735,-0.0,-0.0,0.0,0.0,0.0,0.0,0.0,0.0,0.0,0.01515408419072628,1.4853465611860157,23.26086922832157,0.4206521686004555,0.0,0.5,0.3499999940395355,4.0,2.0,0.5,0.3499999940395355,0.3700000047683716,0.3499999940395355,0.3700000000000001,100.0,1.0,0.0,0.0,0.5,0.5,1.0,0.1299999999999999,0.0,0.0,0.0,0.0,0.0,0.0,0.0,0.0,0.0,0.0,38.00269317626953,-115.1933822631836,37.90243911743164,-114.88949584960938,-0.10025405883789062,0.30388641357421875,0.31999659538269043,1.8894594309615775,-0.31329476833343506,0.9496559500694275,0.0,0.0,0.0,0.0,28.0,28.0,28.0,0.0,0.0,0.0,0.0,0.0,1.0,120.0,1.0,0.0,0.0,0.0,5.6,175.0952999573201,0.5921999691054225,147.80280005652457,17.090799985453486,14.25119990017265,4.0,5.501599982380867,3.520699916407466,0.5540000274777412,0.000300002284348011
1,141,141,-2.249177710241341,0,0,3.0,0.0,0.350068062543869,1.0,1.0,1.0,0.36628448963165283,0.35551804304122925,1.0,0.7118492126464844,0.7133646607398987,1.0,1.0,1.0,0.350068062543869,0.350068062543869,0.35551804304122925,0.7118492126464844,1.0,0.0,0.3912309408187866,-0.9835380911827087,1.0,-0.9291865825653076,0.02121923677623272,0.10176349431276321,0.6727272868156433,-0.02057631127536297,0.7275406122207642,-0.686064600944519,0.0,0.055662885308265686,0.13748590648174286,1.0,-1.0,0.0,126.71121215820312,8.749029159545898,8.749029159545898,8.876690864562988,25.0,17.816513061523438,0.055648572742938995,0.944351427257061,0.34996116638183594,0.34996116638183594,0.0,0.0,0.0,0.0,0.0,0.9864321844771431,0.14219769704839821,-3.03280877683372,-0.34499881493316187,0.0,-0.0,-0.036481533753029136,-0.0002410326807403634,0.005960235595703125,0.15,-0.0,0.0,0.0,-0.0,0.0,0.015855642787197175,-0.011098949951038021,0.25,0.0,0.0,0.3333333333333333,0.015855642787197175,-0.0,0.0,-0.011456286108325648,-0.0,-0.7323001357704766,0.28617157228291035,-0.0,-2.4642333984375,0.0,0.04208075722008214,-0.0,-0.3080291748046875,-0.3080291748046875,-0.05,0.017191223166279933,0.012029842473566532,-3.0,0.0,-0.0021297566630212325,-0.0,-0.21410473288981532,0.0,0.0,0.0,0.0,0.0,-0.0,0.0,0.0,0.0,0.013803978371433915,-0.1287643253803253,-0.0,-0.0,0.0,0.0,0.0,0.0,0.0,0.0,0.0,0.012029842473566532,0.9938864427432419,0.0,0.0,0.45652173913043476,0.25,-0.5,3.0,0.0,0.25,-0.5,0.25,-0.5,0.25,101.0,1.0,0.0,0.0,0.25,0.25,0.0,0.0,0.0,0.0,0.0,0.0,0.0,0.0,0.0,0.0,0.0,0.0,37.90256881713867,-114.88970947265625,37.80231475830078,-114.58582305908203,-0.10025405883789062,0.30388641357421875,0.31999659538269043,1.8894594309615775,-0.3132951855659485,0.9496557712554932,0.0,0.0,0.0,0.0,28.0,28.0,28.0,0.0,0.0,0.0,0.0,0.0,1.0,120.0,1.0,0.0,0.0,0.0,5.64,234.36070000752807,0.6223999662324786,149.4864000706002,76.0660000378266,53.61780000384897,4.0,5.076400004327297,2.314399927854538,0.7554000476375222,0.000400003045797348
1,142,142,-2.0580627243238045,0,0,3.0,0.0,0.34996116161346436,1.0,1.0,1.0,0.36559346318244934,0.355067640542984,1.0,0.712660551071167,0.7142903804779053,1.0,1.0,1.0,0.34996116161346436,0.34996116161346436,0.355067640542984,0.712660551071167,1.0,0.0,0.3904660642147064,-0.9810798168182373,1.0,-0.9291172623634338,0.01419837772846222,-0.4266146719455719,0.4545454680919647,-0.017553554847836494,0.7284651398658752,-0.6850828528404236,0.0,0.055648572742938995,0.13759802281856537,1.0,-1.0,0.0,126.39825439453125,8.749029159545898,8.749029159545898,8.876690864562988,25.0,17.816513061523438,0.055648572742938995,0.944351427257061,0.34996116638183594,0.34996116638183594,0.0,0.0,0.0,0.0,0.0,0.9678489764201678,0.12258903665360094,-3.0404109878191536,-0.10808974957841987,0.0,-0.0,-0.036481533753029136,-0.0002410326807403634,0.0,0.15,-0.0,0.0,0.0,-0.0,0.0,0.015855642787197175,-0.011098949951038021,0.25,0.0,0.0,0.3333333333333333,0.015855642787197175,-0.0,0.0,-0.01130073253598589,-0.0,-0.7330226673739655,0.28617157228291035,-0.0,-2.503662109375,0.0,0.023497549163106785,-0.0,-0.312957763671875,-0.312957763671875,-0.05,0.009589012180846545,0.006710069719702005,-3.0,0.0,-0.001053392285454486,-0.0,-0.10703635729296539,0.0,0.0,0.0,0.0,0.0,-0.0,0.0,0.0,0.0,0.0,-0.0,-0.0,-0.0,0.0,0.0,0.0,0.0,0.0,0.0,0.0,0.006710069719702005,0.49158306654542683,0.0,0.0,0.45652173913043476,0.25,-0.5,3.0,0.0,0.25,-0.5,0.25,-0.5,0.25,102.0,1.0,0.0,0.0,0.25,0.25,0.0,0.0,0.0,0.0,0.0,0.0,0.0,0.0,0.0,0.0,0.0,0.0,37.80244445800781,-114.5860366821289,37.70219039916992,-114.28215026855469,-0.10025405883789062,0.30388641357421875,0.31999659538269043,1.8894594309615775,-0.3132956326007843,0.9496556520462036,0.0,0.0,0.0,0.0,28.0,28.0,28.0,0.0,0.0,0.0,0.0,0.0,1.0,120.0,1.0,0.0,0.0,0.0,5.68,184.31399995461106,0.6755000213161111,157.92309993412346,17.00600003823638,13.693799963220954,4.0,5.050700041465461,2.8876999858766794,0.7374000269919634,0.000400003045797348
1,143,143,-1.9908730843111098,0,0,3.0,0.0,0.34996116161346436,1.0,1.0,1.0,0.36559346318244934,0.355067640542984,1.0,0.712660551071167,0.7142903804779053,1.0,1.0,1.0,0.34996116161346436,0.34996116161346436,0.355067640542984,0.712660551071167,1.0,0.0,0.38967031240463257,-0.9785895943641663,1.0,-0.929053544998169,0.007022615056484938,-0.4360272288322449,0.4545454680919647,-0.017553554847836494,0.7289599776268005,-0.6845563650131226,0.0,0.055648572742938995,0.13759802281856537,1.0,-1.0,0.0,126.08132934570312,8.746402740478516,8.746402740478516,8.869869232177734,25.0,17.829256057739258,0.05565164238214493,0.9443483576178551,0.3498561096191406,0.3498561096191406,0.0,0.0,0.0,0.0,0.0,0.9528033885378965,0.12612328641791368,-3.046591631201668,-0.023208128065251823,0.0,-0.0,-0.03656419964131715,-0.00023980721519876793,0.0034906768798828127,0.15,-0.0,0.0,0.0,-0.0,0.0,0.015864259318301547,-0.011104981522811083,0.25,0.0,0.0,0.3333333333333333,0.015864259318301547,-0.0,0.0,-0.011186920719245217,-0.0,-0.7332073431802342,0.2861735675483942,-0.0,-2.535400390625,0.0,0.008455030920041372,-0.0,-0.316925048828125,-0.316925048828125,-0.05,0.003408368798331889,0.002385068917647004,-3.0,0.0,-0.00022381919723536285,-0.0,-0.02298430886801646,0.0,0.0,0.0,0.0,0.0,-0.0,0.0,0.0,0.0,0.0,-0.0,-0.0,-0.0,0.0,0.0,0.0,0.0,0.0,0.0,0.0,0.002385068917647004,0.104448958709836,0.0,0.0,0.45652173913043476,0.25,-0.5,3.0,0.0,0.25,-0.5,0.25,-0.5,0.25,103.0,1.0,0.0,0.0,0.25,0.25,0.0,0.0,0.0,0.0,0.0,0.0,0.0,0.0,0.0,0.0,0.0,0.0,37.70232009887695,-114.28236389160156,37.60206604003906,-113.97847747802734,-0.10025405883789062,0.30388641357421875,0.31999659538269043,1.8894594309615775,-0.3132960796356201,0.9496554732322693,0.0,0.0,0.0,0.0,28.0,28.0,28.0,0.0,0.0,0.0,0.0,0.0,1.0,120.0,1.0,0.0,0.0,0.0,5.72,213.57970009557903,0.6180000491440296,148.01580004859716,55.90809998102486,32.781100017018616,4.0,5.472799995914102,3.0520999571308494,0.4854000872001052,0.000300002284348011
1,144,144,-1.9804375626709159,0,0,3.0,0.0,0.34985610842704773,1.0,1.0,1.0,0.36518681049346924,0.35479477047920227,1.0,0.7131702303886414,0.7148593068122864,1.0,1.0,1.0,0.34985610842704773,0.34985610842704773,0.35479477047920227,0.7131702303886414,1.0,0.0,0.3888492286205292,-0.9760738015174866,1.0,-0.9289944171905518,0.0014921280089765787,-0.33605390787124634,0.4545454680919647,-0.0040281848050653934,0.7290863394737244,-0.684421718120575,0.0,0.05565164238214493,0.13768789172172546,1.0,-1.0,0.0,125.76250457763672,8.745003700256348,8.745003700256348,8.86827564239502,25.0,17.832901000976562,0.05566681548953056,0.9443331845104694,0.3498001480102539,0.3498001480102539,0.0,0.0,0.0,0.0,0.0,0.9456134140045893,0.12351833871758458,-3.04949624836587,-7.306702721987e-05,0.0,-0.0,-0.03658353817705204,-0.0002394578364788597,0.0008470344543457034,0.15,-0.0,0.0,0.0,-0.0,0.0,0.01590685049692789,-0.011134795347849523,0.25,0.0,0.0,0.3333333333333333,0.01590685049692789,-0.0,0.0,-0.01118460536923648,-0.0,-0.7332161362615803,0.28618343006819486,-0.0,-2.55059814453125,0.0,0.0012802294941199294,-0.0,-0.31882476806640625,-0.31882476806640625,-0.05,0.000503751634129781,0.0003525142674334347,-3.0,0.0,-6.974105057971818e-07,-0.0,-7.236961671407282e-05,0.0,0.0,0.0,0.0,0.0,-0.0,0.0,0.0,0.0,0.0,-0.0,-0.0,-0.0,0.0,0.0,0.0,0.0,0.0,0.0,0.0,0.0003525142674334347,0.00032545823603868484,0.0,0.0,0.45652173913043476,0.25,-0.5,3.0,0.0,0.25,-0.5,0.25,-0.5,0.25,104.0,1.0,0.0,0.0,0.25,0.25,0.0,0.0,0.0,0.0,0.0,0.0,0.0,0.0,0.0,0.0,0.0,0.0,37.602195739746094,-113.97869110107422,37.5019416809082,-113.6748046875,-0.10025405883789062,0.30388641357421875,0.31999659538269043,1.8894594309615775,-0.31329652667045593,0.9496553540229797,0.0,0.0,0.0,0.0,28.0,28.0,28.0,0.0,0.0,0.0,0.0,0.0,1.0,120.0,1.0,0.0,0.0,0.0,5.76,161.01870010606945,0.6082000909373164,116.06659996323287,35.9639999223873,19.545800052583218,4.0,4.841099958866835,2.9149999609217048,0.5765000823885202,0.000400003045797348
1,145,145,-1.98280433716863,0,0,3.0,0.0,0.34980013966560364,1.0,1.0,1.0,0.3651088774204254,0.354731023311615,1.0,0.713316023349762,0.7150143980979919,1.0,1.0,1.0,0.34980013966560364,0.34980013966560364,0.354731023311615,0.713316023349762,1.0,0.0,0.3880166709423065,-0.973545491695404,1.0,-0.9289371371269226,4.6494033085764386e-06,-0.09038498252630234,0.4545454680919647,-2.9170032576075755e-05,0.7290923595428467,-0.6844152808189392,0.0,0.05566681548953056,0.13772788643836975,1.0,-1.0,0.0,125.4433822631836,8.745003700256348,8.745003700256348,8.86827564239502,25.0,17.832901000976562,0.05566681548953056,0.9443331845104694,0.3498001480102539,0.3498001480102539,0.0,0.0,0.0,0.0,0.0,0.9444670627192504,0.12267140525995113,-3.049942719822217,-8.532561440259093e-08,0.0,-0.0,-0.03658353817705204,-0.0002394578364788597,0.0,0.15,-0.0,0.0,0.0,-0.0,0.0,0.01590685049692789,-0.011134795347849523,0.25,0.0,0.0,0.3333333333333333,0.01590685049692789,-0.0,0.0,-0.011184504372524223,-0.0,-0.7332214110993229,0.28618343006819486,-0.0,-2.552978515625,0.0,0.00013387820878094802,-0.0,-0.319122314453125,-0.319122314453125,-0.05,5.7280177783053226e-05,4.008340329164639e-05,-3.0,0.0,-8.060996021543231e-10,-0.0,-8.451951480043661e-08,0.0,0.0,0.0,0.0,0.0,-0.0,0.0,0.0,0.0,0.0,-0.0,-0.0,-0.0,0.0,0.0,0.0,0.0,0.0,0.0,0.0,4.008340329164639e-05,3.761798143386841e-07,0.0,0.0,0.45652173913043476,0.25,-0.5,3.0,0.0,0.25,-0.5,0.25,-0.5,0.25,105.0,1.0,0.0,0.0,0.25,0.25,0.0,0.0,0.0,0.0,0.0,0.0,0.0,0.0,0.0,0.0,0.0,0.0,37.502071380615234,-113.67501831054688,37.401817321777344,-113.37113189697266,-0.10025405883789062,0.30388641357421875,0.31999659538269043,1.8894594309615775,-0.31329697370529175,0.9496552348136902,0.0,0.0,0.0,0.0,28.0,28.0,28.0,0.0,0.0,0.0,0.0,0.0,1.0,120.0,1.0,0.0,0.0,0.0,5.8,186.98700005188584,0.41910004802048206,137.8923999145627,40.27560004033148,26.344499900005758,4.0,5.455099977552891,2.310600015334785,0.5987000185996294,0.000400003045797348
1,146,146,-2.0302645390023217,0,0,4.0,0.0,0.34980013966560364,1.0,1.0,1.0,0.3651088774204254,0.354731023311615,1.0,0.713316023349762,0.7150143980979919,1.0,1.0,1.0,0.34980013966560364,0.34980013966560364,0.354731023311615,0.713316023349762,1.0,0.0,0.3871825635433197,-0.9710150957107544,1.0,-0.9288797378540039,5.373997247204443e-09,-0.00028218928491696715,0.4545454680919647,-2.9170032576075755e-05,0.729095995426178,-0.6844114661216736,0.0,0.05566681548953056,0.13772788643836975,1.0,-1.0,0.0,125.12410736083984,8.745031356811523,8.745031356811523,8.868412971496582,25.0,17.8332462310791,0.05566715449094772,0.9443328455090523,0.34980125427246095,0.34980125427246095,0.0,0.0,0.0,0.0,0.0,0.9438760557677597,0.10857314535598596,-3.049646610560152,-0.03306712956591564,0.0,-0.0,-0.0365818712559975,-0.0002394247715405381,0.0003032684326171875,0.15,-0.0,0.0,0.0,-0.0,0.0,0.01243700889879436,-0.022068459976232795,0.25,0.0,0.21818181818181837,0.3333333333333333,0.015907802079853255,-0.0,0.0,-0.011185178051508003,-0.0,-0.7330782608473281,0.28618365041911603,-0.0,-2.55419921875,0.0,-0.00045678974129259586,-0.0,-0.31927490234375,-0.31927490234375,-0.05,0.0003533894398480384,0.00024729419965296984,-3.0,0.0,-4.81187722512654e-08,-0.015061983471074398,-5.097260813257175e-06,0.0,0.0,0.0,0.0,0.0,-0.0,0.0,0.0,0.0,0.0,-0.018000000715255735,-0.0,-0.0,0.0,0.0,0.0,0.0,0.0,0.0,0.0,0.00024729419965296984,1.517258584499359e-05,0.0,0.0,0.45652173913043476,0.5,-0.5,4.0,0.0,0.5,-0.5,0.3700000047683716,-0.5,0.3700000000000001,106.0,1.0,0.0,0.0,0.5,0.5,1.0,0.1299999999999999,0.0,0.0,0.0,0.0,0.0,0.0,0.0,0.0,0.0,0.0,37.401947021484375,-113.37134552001953,37.301692962646484,-113.06745910644531,-0.10025405883789062,0.30388641357421875,0.31999659538269043,1.8894594309615775,-0.31329742074012756,0.9496551156044006,0.0,0.0,0.0,0.0,28.0,28.0,28.0,0.0,0.0,0.0,0.0,0.0,1.0,120.0,1.0,0.0,0.0,0.0,5.84,184.13300008978695,0.4403000930324197,141.32209995295852,34.51100003439933,15.828700037673116,4.0,4.68350003939122,2.5068999966606498,0.6289000157266855,0.000400003045797348
1,147,147,-2.0018450780441293,0,0,3.0,0.0,0.349801242351532,1.0,1.0,1.0,0.36512428522109985,0.3547365069389343,1.0,0.7133298516273499,0.7150219678878784,1.0,1.0,1.0,0.349801242351532,0.349801242351532,0.3547365069389343,0.7133298516273499,1.0,0.0,0.38634613156318665,-0.9684842824935913,1.0,-0.9288227558135986,-2.1675123207387514e-07,-1.3497192412614822e-05,0.6727272868156433,0.002187867183238268,0.7289980053901672,-0.6845158338546753,0.0,0.05566715449094772,0.13772426545619965,1.0,-1.0,0.0,124.80461883544922,8.745031356811523,8.745031356811523,8.868412971496582,25.0,17.8332462310791,0.05566715449094772,0.9443328455090523,0.34980125427246095,0.34980125427246095,0.0,0.0,0.0,0.0,0.0,0.9430091280955821,0.12267367146881374,-3.0495264838017033,-0.01800139380682177,0.0,-0.0,-0.0365818712559975,-0.0002394247715405381,0.0,0.15,-0.0,0.0,0.0,-0.0,0.0,0.015907802079853255,-0.011135461455897278,0.25,0.0,0.0,0.3333333333333333,0.015907802079853255,-0.0,0.0,-0.011185175207457454,-0.0,-0.733129505785235,0.28618365041911603,-0.0,-2.555908203125,0.0,-0.001323717413470149,-0.0,-0.319488525390625,-0.319488525390625,-0.05,0.0004735161982966468,0.0003313562774565071,-3.0,0.0,-1.2897593634469169e-08,-0.0,-1.3801939724007792e-06,0.0,0.0,0.0,0.0,0.0,-0.0,0.0,0.0,0.0,0.0,-0.018000000715255735,-0.0,-0.0,0.0,0.0,0.0,0.0,0.0,0.0,0.0,0.0003313562774565071,6.0188770294189455e-06,0.0,0.0,0.45652173913043476,0.25,-0.5,3.0,0.0,0.25,-0.5,0.25,-0.5,0.25,107.0,1.0,0.0,0.0,0.25,0.25,0.0,0.0,0.0,0.0,0.0,0.0,0.0,0.0,0.0,0.0,0.0,0.0,37.301822662353516,-113.06767272949219,37.201568603515625,-112.76378631591797,-0.10025405883789062,0.30388641357421875,0.31999659538269043,1.8894594309615775,-0.3132978677749634,0.9496549367904663,0.0,0.0,0.0,0.0,28.0,28.0,28.0,0.0,0.0,0.0,0.0,0.0,1.0,120.0,1.0,0.0,0.0,0.0,5.88,154.5575000345707,0.9329000022262335,107.99920000135899,37.201000028289855,14.0485999872908,4.0,4.924700013361871,2.682300051674247,0.7734999526292086,0.000400003045797348
1,148,148,-1.9838606800342908,0,0,3.0,0.0,0.349801242351532,1.0,1.0,1.0,0.36512428522109985,0.3547365069389343,1.0,0.7133298516273499,0.7150219678878784,1.0,1.0,1.0,0.349801242351532,0.349801242351532,0.3547365069389343,0.7133298516273499,1.0,0.0,0.3855105936527252,-0.965951144695282,1.0,-0.928764820098877,8.598395595527109e-08,-7.945927791297436e-06,0.4545454680919647,0.002187867183238268,0.7290331125259399,-0.6844784617424011,0.0,0.05566715449094772,0.13772426545619965,1.0,-1.0,0.0,124.48512268066406,8.746237754821777,8.746237754821777,8.869361877441406,25.0,17.83028221130371,0.055654168128967285,0.9443458318710327,0.3498495101928711,0.3498495101928711,0.0,0.0,0.0,0.0,0.0,0.9429489362519234,0.12269320458003785,-3.0495008861432646,-1.9347229873790912e-06,0.0,-0.0,-0.03657035537951079,-0.00023970880378573086,0.00299407958984375,0.15,-0.002964019775390625,0.0,0.0,-0.0,0.0,0.015871349133943252,-0.011109944393760276,0.25,0.0,0.0,0.3333333333333333,0.015871349133943252,-0.0,0.0,-0.011159544925244975,-0.0,-0.7331832017471274,0.2861752092838287,-0.0,-2.55596923828125,0.0,-0.001396895619109273,-0.0,-0.31949615478515625,-0.31949615478515625,-0.05,0.0004991138567355199,0.0003492649120744318,-3.0,0.0,-1.7734191247395106e-08,-0.0,-1.9169887961316963e-06,0.0,0.0,0.0,0.0,0.0,-0.0,0.0,0.0,0.0,0.0,-0.0,-0.0,-0.0,0.0,0.0,0.0,0.0,0.0,0.0,0.0,0.0003492649120744318,8.27595591545105e-06,0.0,0.0,0.45652173913043476,0.25,-0.5,3.0,0.0,0.25,-0.5,0.25,-0.5,0.25,108.0,1.0,0.0,0.0,0.25,0.25,0.0,0.0,0.0,0.0,0.0,0.0,0.0,0.0,0.0,0.0,0.0,0.0,37.201698303222656,-112.76399993896484,37.101444244384766,-112.46011352539062,-0.10025405883789062,0.30388641357421875,0.31999659538269043,1.8894594309615775,-0.3132983148097992,0.9496548175811768,0.0,0.0,0.0,0.0,28.0,28.0,28.0,0.0,0.0,0.0,0.0,0.0,1.0,120.0,1.0,0.0,0.0,0.0,5.92,190.02850004471838,0.694400048814714,136.1320000141859,44.939199928194284,24.589900043793023,4.0,4.549999954178929,2.333299955353141,1.3371000532060862,0.000300002284348011
1,149,149,-2.030805100886139,0,0,4.0,0.0,0.34984952211380005,1.0,1.0,1.0,0.3651610314846039,0.35477447509765625,1.0,0.7132112979888916,0.7149069309234619,1.0,1.0,1.0,0.34984952211380005,0.34984952211380005,0.35477447509765625,0.7132112979888916,1.0,0.0,0.38467511534690857,-0.9634178876876831,1.0,-0.9287065267562866,1.1822794476756826e-07,1.959269866347313e-06,0.4545454680919647,-0.0007744187023490667,0.7290698289871216,-0.6844393014907837,0.0,0.055654168128967285,0.13769276440143585,1.0,-1.0,0.0,124.16576385498047,8.746237754821777,8.746237754821777,8.869361877441406,25.0,17.83028221130371,0.055654168128967285,0.9443458318710327,0.3498495101928711,0.3498495101928711,0.0,0.0,0.0,0.0,0.0,0.943537641200237,0.1082923581115579,-3.04956860311115,-0.03306649708678342,0.0,-0.0,-0.03657035537951079,-0.00023970880378573086,0.0,0.15,-0.0,0.0,0.0,-0.0,0.0,0.012408509322901084,-0.0220178897985431,0.25,0.0,0.21818181818181837,0.3333333333333333,0.015871349133943252,-0.0,0.0,-0.01115954636344682,-0.0,-0.7330505858648073,0.2861752092838287,-0.0,-2.55487060546875,0.0,-0.0008081906707957387,-0.0,-0.31935882568359375,-0.31935882568359375,-0.05,0.0004313968888499031,0.00030187860829755664,-3.0,0.0,-4.096060778413501e-08,-0.015061983471074398,-4.4719398455021075e-06,0.0,0.0,0.0,0.0,0.0,-0.0,0.0,0.0,0.0,0.0,-0.018000000715255735,-0.0,-0.0,0.0,0.0,0.0,0.0,0.0,0.0,0.0,0.00030187860829755664,1.2915506958961487e-05,0.0,0.0,0.45652173913043476,0.5,-0.5,4.0,0.0,0.5,-0.5,0.3700000047683716,-0.5,0.3700000000000001,109.0,1.0,0.0,0.0,0.5,0.5,1.0,0.1299999999999999,0.0,0.0,0.0,0.0,0.0,0.0,0.0,0.0,0.0,0.0,37.1015739440918,-112.4603271484375,37.001319885253906,-112.15644073486328,-0.10025405883789062,0.30388641357421875,0.31999659538269043,1.8894594309615775,-0.313298761844635,0.9496546387672424,0.0,0.0,0.0,0.0,28.0,28.0,28.0,0.0,0.0,0.0,0.0,0.0,1.0,120.0,1.0,0.0,0.0,0.0,5.96,172.29219991713762,0.47670002095401287,124.96989988721907,38.48300001118332,12.594099971465766,4.0,5.007999949157238,2.6949000312015414,0.6142000202089548,0.000500003807246685
1,150,150,-2.2329915914525627,0,0,3.0,2.0,0.34984952211380005,1.0,1.0,1.0,0.3651610314846039,0.35477447509765625,1.0,0.7132112979888916,0.7149069309234619,1.0,1.0,1.0,0.34984952211380005,0.34984952211380005,0.35477447509765625,0.7132112979888916,1.0,0.0,0.38383838534355164,-0.9608863592147827,1.0,-0.9286485910415649,-1.8450724326157797e-07,-1.8395367078483105e-05,0.6727272868156433,-0.0007744187023490667,0.7289790511131287,-0.6845359802246094,0.0,0.055654168128967285,0.13769276440143585,1.0,-1.0,0.0,123.8471908569336,8.746347427368164,8.746347427368164,8.87005615234375,25.0,17.829294204711914,0.055654458701610565,0.9443455412983894,0.3498538970947266,0.3498538970947266,0.0,0.0,0.0,0.0,0.0,0.9464801509368858,0.14692933572360092,-3.0490891285138115,-0.2773119495992377,0.0,-0.0,-0.036561932000184025,-0.00023980355605897262,0.000715484619140625,0.15,-0.000988006591796875,0.0,0.0,-0.0,0.0,0.02380824716467605,-0.0,0.25,0.0,0.0,0.0,0.02380824716467605,-0.0,0.0,-0.011199434294296234,-0.002413466782555696,-0.7331938035523402,0.28617539815604687,-0.0,-2.548583984375,0.0,0.0021346096384963105,-0.0,-0.318572998046875,-0.318572998046875,-0.05,0.0009108714861884176,0.0006374007207341492,-3.0,0.0,-0.0002717836014128157,-0.0,-0.02996617701974969,0.0,0.0,-0.0,0.0009756868969954728,-0.11928535049474537,-0.0,0.0,0.0,0.0,0.0,-0.1287643253803253,-0.0,-0.0,0.0,0.0,0.0,0.0,0.0,0.0,0.0,0.0006374007207341492,0.12683234732598067,23.26086922832157,0.4206521686004555,0.0,0.25,0.3499999940395355,3.0,2.0,0.25,0.3499999940395355,0.25,0.3499999940395355,0.25,110.0,1.0,0.0,0.0,0.25,0.25,0.0,0.0,0.0,0.0,0.0,0.0,0.0,0.0,0.0,0.0,0.0,0.0,37.00144958496094,-112.15665435791016,36.90119552612305,-111.85276794433594,-0.10025405883789062,0.30388641357421875,0.31999659538269043,1.8894594309615775,-0.3132992088794708,0.9496544599533081,0.0,0.0,0.0,0.0,28.0,28.0,28.0,0.0,0.0,0.0,0.0,0.0,1.0,120.0,1.0,0.0,0.0,0.0,6.0,167.5560000585392,0.4678000696003437,120.69759995210916,37.30530000757426,28.091800049878657,4.0,5.327800055965781,3.078000037930906,0.650899950414896,0.000500003807246685
1,151,151,-2.1078250445233735,0,0,3.0,0.0,0.34985390305519104,1.0,1.0,1.0,0.3651999533176422,0.3548022508621216,1.0,0.7131717801094055,0.7148630023002625,1.0,1.0,1.0,0.34985390305519104,0.34985390305519104,0.3548022508621216,0.7131717801094055,1.0,0.0,0.38300803303718567,-0.9583593010902405,1.0,-0.9285888075828552,0.0018118906300514936,0.11008631438016891,0.4545454680919647,0.0013876743614673615,0.7290771007537842,-0.6844315528869629,0.0,0.055654458701610565,0.13768869638442993,1.0,-1.0,0.0,123.52831268310547,8.747078895568848,8.747078895568848,8.869930267333984,25.0,17.829776763916016,0.0556410476565361,0.9443589523434639,0.3498831558227539,0.3498831558227539,0.0,0.0,0.0,0.0,0.0,0.9453721303467925,0.12428823074158292,-3.049490605355934,-0.12799480025581508,0.0,-0.0,-0.036563459171534196,-0.00023975727276074154,0.0016408538818359377,0.15,-0.0,0.0,0.0,-0.0,0.0,0.015834519737645197,-0.011084163816351635,0.25,0.0,0.0,0.3333333333333333,0.015834519737645197,-0.0,0.0,-0.011134282354896828,-0.0,-0.7333024138270718,0.28616668097674847,-0.0,-2.551025390625,0.0,0.0010131780033285458,-0.0,-0.318878173828125,-0.318878173828125,-0.05,0.0005093946440660919,0.00035645492607727647,-3.0,0.0,-4.404393876237528e-06,-0.0,-0.0004903922856601501,0.0,0.0,0.0,0.0,0.0,-0.0,0.0,0.0,0.0,0.0,-0.1275000035762787,-0.0,-0.0,0.0,0.0,0.0,0.0,0.0,0.0,0.0,0.00035645492607727647,0.0020553838089108468,0.0,0.0,0.45652173913043476,0.25,-0.5,3.0,0.0,0.25,-0.5,0.25,-0.5,0.25,111.0,1.0,0.0,0.0,0.25,0.25,0.0,0.0,0.0,0.0,0.0,0.0,0.0,0.0,0.0,0.0,0.0,0.0,36.90132522583008,-111.85298156738281,36.80107116699219,-111.5490951538086,-0.10025405883789062,0.30388641357421875,0.31999659538269043,1.8894594309615775,-0.31329965591430664,0.9496542811393738,0.0,0.0,0.0,0.0,28.0,28.0,28.0,0.0,0.0,0.0,0.0,0.0,1.0,120.0,1.0,0.0,0.0,0.0,6.04,203.06899992283434,0.599999912083149,151.40830003656447,43.20840002037585,17.375700059346855,4.0,4.5402999967336655,2.5538000045344234,0.7116999477148056,0.000500003807246685
1,152,152,-2.4348570268283716,0,0,4.0,2.0,0.34988316893577576,1.0,1.0,1.0,0.36517083644866943,0.35479721426963806,1.0,0.7131910920143127,0.7148895859718323,1.0,1.0,1.0,0.34988316893577576,0.34988316893577576,0.35479721426963806,0.7131910920143127,1.0,0.0,0.38217633962631226,-0.9558299779891968,1.0,-0.9285288453102112,2.9362625355133787e-05,-0.10831333696842194,0.4545454680919647,-0.0001642215356696397,0.7291514277458191,-0.6843523979187012,0.0,0.0556410476565361,0.13767120242118835,1.0,-1.0,0.0,123.2100830078125,8.747078895568848,8.747078895568848,8.869930267333984,25.0,17.829776763916016,0.0556410476565361,0.9443589523434639,0.3498831558227539,0.3498831558227539,0.0,0.0,0.0,0.0,0.0,0.9478087711165791,0.13105678988609742,-3.0486874051988915,-0.4650351826321567,0.0,-0.0,-0.036563459171534196,-0.00023975727276074154,0.0,0.15,-0.0,0.0,0.0,-0.0,0.0,0.018569573146874813,-0.01088263356514525,0.25,0.0,0.21818181818181837,0.0,0.02375177960646779,-0.0,0.0,-0.011171024600603454,-0.002407688257201545,-0.7332239495660988,0.28616668097674847,-0.0,-2.54583740234375,0.0,0.0034498187731152093,-0.0,-0.31822967529296875,-0.31822967529296875,-0.05,0.001312594801108481,0.0009185037342831492,-3.0,0.0,-0.0003832966420182161,-0.015061983471074398,-0.04309120200551314,0.0,0.0,-0.0,0.0009752167314519881,-0.2787095918646776,-0.0,0.0,0.0,0.0,0.0,-0.1287643253803253,-0.0,-0.0,0.0,0.0,0.0,0.0,0.0,0.0,0.0,0.0009185037342831492,0.12085930153727531,23.26086922832157,0.4206521686004555,0.0,0.5,0.3499999940395355,4.0,2.0,0.5,0.3499999940395355,0.3700000047683716,0.3499999940395355,0.3700000000000001,112.0,1.0,0.0,0.0,0.5,0.5,1.0,0.1299999999999999,0.0,0.0,0.0,0.0,0.0,0.0,0.0,0.0,0.0,0.0,36.80120086669922,-111.54930877685547,36.70094299316406,-111.24542236328125,-0.10025787353515625,0.30388641357421875,0.31999778747558594,1.8894707683953404,-0.31330016255378723,0.949654221534729,0.0,0.0,0.0,0.0,28.0,28.0,28.0,0.0,0.0,0.0,0.0,0.0,1.0,120.0,1.0,0.0,0.0,0.0,6.08,190.9700999967754,0.8020999375730753,160.55949998553842,19.190300023183227,12.951700016856194,4.0,5.553200026042759,3.210199996829033,1.617399975657463,0.000600004568696022
1,153,153,-2.679417167080539,0,0,4.0,2.0,0.34988316893577576,1.0,1.0,1.0,0.36517083644866943,0.35479721426963806,1.0,0.7131910920143127,0.7148895859718323,1.0,1.0,1.0,0.34988316893577576,0.34988316893577576,0.35479721426963806,0.7131910920143127,1.0,0.0,0.3813454806804657,-0.9533061385154724,1.0,-0.9284689426422119,0.0017265614587813616,0.10312840342521667,0.6727272868156433,-0.0001642215356696397,0.7290977239608765,-0.6844096183776855,0.0,0.0556410476565361,0.13767120242118835,1.0,-1.0,0.0,122.89292907714844,8.746123313903809,8.746123313903809,8.868790626525879,25.0,17.8319149017334,0.055652741342782974,0.944347258657217,0.34984493255615234,0.34984493255615234,0.0,0.0,0.0,0.0,0.0,0.9518580000453679,0.11541159388921167,-3.0470990380874365,-0.6995877229276821,0.0,-0.0,-0.03657728761652872,-0.00023955230678558297,0.00043182373046875007,0.15,-0.0,0.0,0.0,-0.0,0.0,0.013415118210623694,-0.021810385735981777,0.25,0.0,0.43636363636363673,0.0,0.02380101618013883,-0.0,0.0,-0.011196411776869851,-0.002412726795853664,-0.7333238514570728,0.2861742818728089,-0.0,-2.5372314453125,0.0,0.0075107413881509155,-0.0,-0.3171539306640625,-0.3171539306640625,-0.05,0.0029009619125636384,0.002030003583058715,-3.0,0.0,-0.0005378315032124522,-0.11621900826446298,-0.061044288420180115,0.0,0.0,-0.0,0.0009756266833596884,-0.5047622207079305,-0.0,0.0,0.0,0.0,0.0,-0.018000000715255735,-0.0,-0.0,0.0,0.0,0.0,0.0,0.0,0.0,0.0,0.002030003583058715,0.12805511981248857,23.26086922832157,0.4206521686004555,0.0,0.5,0.3499999940395355,4.0,2.0,0.5,0.3499999940395355,0.49000000953674316,0.3499999940395355,0.4900000000000002,113.0,1.0,0.0,0.0,0.5,0.5,1.0,0.009999999999999787,0.0,0.0,0.0,0.0,0.0,0.0,0.0,0.0,0.0,0.0,36.701072692871094,-111.24563598632812,36.60081481933594,-110.9417495727539,-0.10025787353515625,0.30388641357421875,0.31999778747558594,1.8894707683953404,-0.31330057978630066,0.9496539831161499,0.0,0.0,0.0,0.0,28.0,28.0,28.0,0.0,0.0,0.0,0.0,0.0,1.0,120.0,1.0,0.0,0.0,0.0,6.12,314.5300999749452,0.9055000264197588,196.19179994333535,104.12959998939186,41.26470000483096,4.0,6.6633999813348055,5.25240006390959,1.3414999702945352,0.000500003807246685
1,154,154,-2.1390578644404314,0,0,3.0,0.0,0.34984493255615234,1.0,1.0,1.0,0.36512619256973267,0.3547516167163849,1.0,0.7132766246795654,0.7149748206138611,1.0,1.0,1.0,0.34984493255615234,0.34984493255615234,0.3547516167163849,0.7132766246795654,1.0,0.0,0.38052043318748474,-0.9507896304130554,1.0,-0.9284077882766724,0.001829358865506947,0.006246370263397694,0.8909090757369995,-0.0017828852869570255,0.7291660904884338,-0.68433678150177,0.0,0.055652741342782974,0.13769777119159698,1.0,-1.0,0.0,122.57447052001953,8.746123313903809,8.746123313903809,8.868790626525879,25.0,17.8319149017334,0.055652741342782974,0.944347258657217,0.34984493255615234,0.34984493255615234,0.0,0.0,0.0,0.0,0.0,0.9468753320171305,0.10828564113358065,-3.0489955201954473,-0.14522331739569538,0.0,-0.0,-0.03657728761652872,-0.00023955230678558297,0.0,0.15,-0.0,0.0,0.0,-0.0,0.0,0.012405378130254175,-0.022012333752055677,0.25,0.0,0.21818181818181837,0.3333333333333333,0.015867344120092556,-0.0,0.0,-0.011157907441396102,-0.0,-0.7334428479340054,0.2861742818728089,-0.0,-2.54766845703125,0.0,0.0025280733599134025,-0.0,-0.31845855712890625,-0.31845855712890625,-0.05,0.0010044798045525582,0.0007029039552435279,-3.0,0.0,-1.2086759540651527e-05,-0.015061983471074398,-0.001384921784755023,0.0,0.0,0.0,0.0,0.0,-0.0,0.0,0.0,0.0,0.0,-0.1287643253803253,-0.0,-0.0,0.0,0.0,0.0,0.0,0.0,0.0,0.0,0.0007029039552435279,0.0038111403957009314,0.0,0.0,0.45652173913043476,0.25,-0.5,3.0,0.0,0.25,-0.5,0.3700000047683716,-0.5,0.3700000000000001,114.0,1.0,0.0,0.0,0.25,0.25,1.0,0.1200000000000001,0.0,0.0,0.0,0.0,0.0,0.0,0.0,0.0,0.0,0.0,36.60094451904297,-110.94196319580078,36.50068664550781,-110.63807678222656,-0.10025787353515625,0.30388641357421875,0.31999778747558594,1.8894707683953404,-0.3133009970188141,0.9496538639068604,0.0,0.0,0.0,0.0,28.0,28.0,28.0,0.0,0.0,0.0,0.0,0.0,1.0,120.0,1.0,0.0,0.0,0.0,6.16,311.9985000230372,0.7269000634551048,198.67720000911504,90.24729998782277,47.05970000941306,4.0,11.626700055785477,4.614799981936812,6.059399922378361,0.000500003807246685
1,155,155,-2.1444953330049223,0,0,4.0,0.0,0.34984493255615234,1.0,1.0,1.0,0.36512619256973267,0.3547516167163849,1.0,0.7132766246795654,0.7149748206138611,1.0,1.0,1.0,0.34984493255615234,0.34984493255615234,0.3547516167163849,0.7132766246795654,1.0,0.0,0.3796897530555725,-0.9482635259628296,1.0,-0.9283468723297119,5.444486305350438e-05,-0.10785067826509476,0.6727272868156433,-0.0017828852869570255,0.729247510433197,-0.684249997138977,0.0,0.055652741342782974,0.13769777119159698,1.0,-1.0,0.0,122.25550842285156,8.745821952819824,8.745821952819824,8.868159294128418,25.0,17.83357810974121,0.05565418675541878,0.9443458132445812,0.34983287811279296,0.34983287811279296,0.0,0.0,0.0,0.0,0.0,0.9449947433858407,0.09440634884632923,-3.049676986174429,-0.1342194390626629,0.0,-0.0,-0.03658495048932277,-0.0002393929896609884,0.000499114990234375,0.15,-0.0,0.0,0.0,-0.0,0.0,0.008945698981460002,-0.03292594367047056,0.25,0.0,0.43636363636363673,0.3333333333333333,0.01587140141871937,-0.0,0.0,-0.011159579394630192,-0.0,-0.7333221832834013,0.2861752213910222,-0.0,-2.55169677734375,0.0,0.0006489301412593894,-0.0,-0.31896209716796875,-0.31896209716796875,-0.05,0.00032301382557095066,0.00022603539400734007,-3.0,0.0,-3.686562180519106e-09,-0.11621900826446298,-4.2639638200862683e-07,0.0,0.0,0.0,0.0,0.0,-0.0,0.0,0.0,0.0,0.0,-0.018000000715255735,-0.0,-0.0,0.0,0.0,0.0,0.0,0.0,0.0,0.0,0.00022603539400734007,8.777529001235962e-07,0.0,0.0,0.45652173913043476,0.5,-0.5,4.0,0.0,0.5,-0.5,0.49000000953674316,-0.5,0.4900000000000002,115.0,1.0,0.0,0.0,0.5,0.5,1.0,0.009999999999999787,0.0,0.0,0.0,0.0,0.0,0.0,0.0,0.0,0.0,0.0,36.500816345214844,-110.63829040527344,36.40055847167969,-110.33440399169922,-0.10025787353515625,0.30388641357421875,0.31999778747558594,1.8894707683953404,-0.3133014440536499,0.9496537446975708,0.0,0.0,0.0,0.0,28.0,28.0,28.0,0.0,0.0,0.0,0.0,0.0,1.0,120.0,1.0,0.0,0.0,0.0,6.2,309.57010004203767,0.7227000314742327,182.1205000160262,101.03149991482496,32.695300062187016,4.0,14.96109995059669,6.28800003323704,4.397899960167706,0.000500003807246685
1,156,156,-2.820869744542116,0,0,4.0,2.0,0.3498328924179077,1.0,1.0,1.0,0.36508792638778687,0.3547263741493225,1.0,0.7133431434631348,0.7150485515594482,1.0,1.0,1.0,0.3498328924179077,0.3498328924179077,0.3547263741493225,0.7133431434631348,1.0,0.0,0.37885475158691406,-0.9457347393035889,1.0,-0.9282867312431335,1.25393269101437e-08,-0.0033075197134166956,0.8909090757369995,0.001320508774369955,0.7291649580001831,-0.6843379735946655,0.0,0.05565418675541878,0.1377074122428894,1.0,-1.0,0.0,121.93716430664062,8.745821952819824,8.745821952819824,8.868159294128418,25.0,17.83357810974121,0.05565418675541878,0.9443458132445812,0.34983287811279296,0.34983287811279296,0.0,0.0,0.0,0.0,0.0,0.9473071648657423,0.11363932292568273,-3.0488786173182922,-0.8329376150152488,0.0,-0.0,-0.03658495048932277,-0.0002393929896609884,0.0,0.15,-0.0,0.0,0.0,-0.0,0.0,0.012985692069861299,-0.022724961122257276,0.25,0.0,0.45454545454545453,0.0,0.02380710212807905,-0.0,0.0,-0.011190817066680916,-0.0024133496043356713,-0.733290556946129,0.2861752213910222,-0.0,-2.5467529296875,0.0,0.002961351621161042,-0.0,-0.3183441162109375,-0.3183441162109375,-0.05,0.001121382681707768,0.0007847099914215505,-3.0,0.0,-0.00043187726634953704,-0.1289462809917355,-0.05041877261963396,0.0,0.0,-0.0,0.0009756773619575279,-0.5266075334555496,-0.0,0.0,0.0,0.0,0.0,-0.12750882804393768,-0.0,-0.0,0.0,0.0,0.0,0.0,0.0,0.0,0.0,0.0007847099914215505,0.10077136214822531,23.26086922832157,0.4206521686004555,0.0,0.5,0.3499999940395355,4.0,2.0,0.5,0.3499999940395355,0.5,0.3499999940395355,0.5,116.0,1.0,0.0,0.0,0.5,0.5,0.0,0.0,0.0,0.0,0.0,0.0,0.0,0.0,0.0,0.0,0.0,0.0,36.40068817138672,-110.3346176147461,36.30043029785156,-110.03073120117188,-0.10025787353515625,0.30388641357421875,0.31999778747558594,1.8894707683953404,-0.3133018910884857,0.9496536254882812,0.0,0.0,0.0,0.0,28.0,28.0,28.0,0.0,0.0,0.0,0.0,0.0,1.0,120.0,1.0,0.0,0.0,0.0,6.24,185.41330005973577,0.7816000143066049,147.80699997209013,25.52090003155172,15.776299987919629,4.0,5.5738999508321285,3.743199980817735,1.9487000536173582,0.000400003045797348
1,157,157,-2.3977977043416203,0,0,3.0,2.0,0.3498328924179077,1.0,1.0,1.0,0.36508792638778687,0.3547263741493225,1.0,0.7133431434631348,0.7150485515594482,1.0,1.0,1.0,0.3498328924179077,0.3498328924179077,0.3547263741493225,0.7133431434631348,1.0,0.0,0.37802305817604065,-0.9432100653648376,1.0,-0.9282256960868835,0.0014395909383893013,0.08747437596321106,0.9090909361839294,0.001320508774369955,0.7291433215141296,-0.6843610405921936,0.0,0.05565418675541878,0.1377074122428894,1.0,-1.0,0.0,121.61990356445312,8.745349884033203,8.745349884033203,8.867936134338379,25.0,17.834959030151367,0.05566052719950676,0.9443394728004932,0.3498139953613281,0.3498139953613281,0.0,0.0,0.0,0.0,0.0,0.9513678745337624,0.1300923447548761,-3.047057151823576,-0.4322007718066826,0.0,-0.0,-0.036587659503848194,-0.00023926079310874454,0.00038396835327148443,0.15,-0.0,0.0,0.0,-0.0,0.0,0.018200355397457138,-0.011830231008347125,0.25,0.0,0.23636363636363614,0.0,0.023833798734765294,-0.0,0.0,-0.011252544775109605,-0.0024160816502041254,-0.7337492234677963,0.28617934267967937,-0.0,-2.5380859375,0.0,0.007028401733269116,-0.0,-0.3172607421875,-0.3172607421875,-0.05,0.0029428481764238513,0.0020593286026269197,-3.0,0.0,-0.000844383120915719,-0.019855371900826372,-0.09948746828021589,0.0,0.0,-0.0,0.0009758996841405421,-0.2949894474736094,-0.0,0.0,0.0,0.0,0.0,-0.018000000715255735,-0.0,-0.0,0.0,0.0,0.0,0.0,0.0,0.0,0.0,0.0020593286026269197,0.25924043186008927,23.26086922832157,0.4206521686004555,0.0,0.25,0.3499999940395355,3.0,2.0,0.25,0.3499999940395355,0.3799999952316284,0.3499999940395355,0.3799999999999999,117.0,1.0,0.0,0.0,0.25,0.25,1.0,0.1299999999999999,0.0,0.0,0.0,0.0,0.0,0.0,0.0,0.0,0.0,0.0,36.300559997558594,-110.03094482421875,36.20030212402344,-109.72705841064453,-0.10025787353515625,0.30388641357421875,0.31999778747558594,1.8894707683953404,-0.31330233812332153,0.9496534466743469,0.0,0.0,0.0,0.0,28.0,28.0,28.0,0.0,0.0,0.0,0.0,0.0,1.0,120.0,1.0,0.0,0.0,0.0,6.28,217.84350008238107,0.8309000404551625,141.67110004927963,67.5725000910461,45.11449998244643,4.0,4.682199913077056,2.3209000937640667,0.7309999782592058,0.000400003045797348
1,158,158,-2.8549754723749388,0,0,4.0,2.0,0.3498139977455139,1.0,1.0,1.0,0.3650839924812317,0.3547174334526062,1.0,0.7133983373641968,0.7151020765304565,1.0,1.0,1.0,0.3498139977455139,0.3498139977455139,0.3547174334526062,0.7133983373641968,1.0,0.0,0.37720122933387756,-0.9406911134719849,1.0,-0.9281617403030396,0.003703434718772769,0.1375599503517151,0.6909090876579285,-0.003251637564972043,0.7294571399688721,-0.6840265393257141,0.0,0.05566052719950676,0.13771961629390717,1.0,-1.0,0.0,121.30426788330078,8.745712280273438,8.745712280273438,8.865741729736328,25.0,17.839656829833984,0.05563991516828537,0.9443600848317146,0.3498284912109375,0.3498284912109375,0.0,0.0,0.0,0.0,0.0,0.9575329340131346,0.11585418695602964,-3.044716851024909,-0.883645742319194,0.0,-0.0,-0.036614308882871247,-0.0002388116155589769,0.0023405838012695314,0.15,-0.0,0.0,0.0,-0.0,0.0,0.012952915219028594,-0.02266760163330004,0.25,0.0,0.45454545454545453,0.0,0.02374701123488576,-0.0,0.0,-0.011258400862753001,-0.002407200304670974,-0.7342289663171973,0.2861659448593855,-0.0,-2.52508544921875,0.0,0.013172849181419914,-0.0,-0.31563568115234375,-0.31563568115234375,-0.05,0.005283148975091058,0.003696942236274481,-3.0,0.0,-0.0017601219744022402,-0.1289462809917355,-0.20929398474785957,0.0,0.0,-0.0,0.0009751770337720413,-0.526620530923713,-0.0,0.0,0.0,0.0,0.0,-0.018000000715255735,-0.0,-0.0,0.0,0.0,0.0,0.0,0.0,0.0,0.0,0.003696942236274481,0.4106951273605227,23.26086922832157,0.4206521686004555,0.0,0.5,0.3499999940395355,4.0,2.0,0.5,0.3499999940395355,0.5,0.3499999940395355,0.5,118.0,1.0,0.0,0.0,0.5,0.5,0.0,0.0,0.0,0.0,0.0,0.0,0.0,0.0,0.0,0.0,0.0,0.0,36.20043182373047,-109.7272720336914,36.10017395019531,-109.42338562011719,-0.10025787353515625,0.30388641357421875,0.31999778747558594,1.8894707683953404,-0.31330278515815735,0.9496532678604126,0.0,0.0,0.0,0.0,28.0,28.0,28.0,0.0,0.0,0.0,0.0,0.0,1.0,120.0,1.0,0.0,0.0,0.0,6.32,223.42549997847527,0.5071000196039677,154.6361999353394,58.10279992874712,32.62379998341203,4.0,6.0946999583393335,3.2531999750062823,0.7844000356271863,0.000300002284348011
1,159,159,-2.5025354420158905,0,0,3.0,2.0,0.34982848167419434,1.0,1.0,1.0,0.36491525173187256,0.35462966561317444,1.0,0.7135862708091736,0.7153238654136658,1.0,1.0,1.0,0.34982848167419434,0.34982848167419434,0.35462966561317444,0.7135862708091736,1.0,0.0,0.3763871490955353,-0.9381837248802185,1.0,-0.9280962944030762,0.0058670733124017715,0.13147108256816864,0.9090909361839294,-0.005308606196194887,0.7297852039337158,-0.6836764812469482,0.0,0.05563991516828537,0.13772130012512207,1.0,-1.0,0.0,120.9897689819336,8.745712280273438,8.745712280273438,8.865741729736328,25.0,17.839656829833984,0.05563991516828537,0.9443600848317146,0.3498284912109375,0.3498284912109375,0.0,0.0,0.0,0.0,0.0,0.9618201609177284,0.12953026349922167,-3.042860748969416,-0.5510251174634246,0.0,-0.0,-0.036614308882871247,-0.0002388116155589769,0.0,0.15,-0.0,0.0,0.0,-0.0,0.0,0.01813408130664004,-0.01178715284931601,0.25,0.0,0.23636363636363614,0.0,0.02374701123488576,-0.0,0.0,-0.011303355389886924,-0.002407200304670974,-0.7350938359236561,0.2861659448593855,-0.0,-2.5159912109375,0.0,0.017460076086013715,-0.0,-0.3144989013671875,-0.3144989013671875,-0.05,0.007139251030584049,0.004995770286768675,-3.0,0.0,-0.001811239060993705,-0.019855371900826372,-0.21733018556798614,0.0,0.0,-0.0,0.0009751770337720413,-0.2950034972521347,-0.0,0.0,0.0,0.0,0.0,-0.018000000715255735,-0.0,-0.0,0.0,0.0,0.0,0.0,0.0,0.0,0.0,0.004995770286768675,0.5560821678489447,23.26086922832157,0.4206521686004555,0.0,0.25,0.3499999940395355,3.0,2.0,0.25,0.3499999940395355,0.3799999952316284,0.3499999940395355,0.3799999999999999,119.0,1.0,0.0,0.0,0.25,0.25,1.0,0.1299999999999999,0.0,0.0,0.0,0.0,0.0,0.0,0.0,0.0,0.0,0.0,36.100303649902344,-109.42359924316406,36.00004577636719,-109.11971282958984,-0.10025787353515625,0.30388641357421875,0.31999778747558594,1.8894707683953404,-0.31330323219299316,0.949653148651123,0.0,0.0,0.0,0.0,28.0,28.0,28.0,0.0,0.0,0.0,0.0,0.0,1.0,120.0,1.0,0.0,0.0,0.0,6.36,214.17159994598478,0.8340999484062195,157.9448999837041,45.917400042526424,17.466200049966574,4.0,5.056500085629523,3.5507999127730727,0.8258000016212463,0.000400003045797348
1,160,160,-2.1539274220724742,0,0,3.0,0.0,0.34982848167419434,1.0,1.0,1.0,0.36491525173187256,0.35462966561317444,1.0,0.7135862708091736,0.7153238654136658,1.0,1.0,1.0,0.34982848167419434,0.34982848167419434,0.35462966561317444,0.7135862708091736,1.0,0.0,0.3755817413330078,-0.9356829524040222,1.0,-0.9280284643173218,0.007944030687212944,0.12620402872562408,0.6909090876579285,-0.005308606196194887,0.7303762435913086,-0.6830450892448425,0.0,0.05563991516828537,0.13772130012512207,1.0,-1.0,0.0,120.67355346679688,8.746882438659668,8.746882438659668,8.862166404724121,25.0,17.845497131347656,0.05560242384672165,0.9443975761532784,0.34987529754638674,0.34987529754638674,0.0,0.0,0.0,0.0,0.0,0.9553529493877768,0.1254827843446365,-3.045322952989251,-0.18944020281563653,0.0,-0.0,-0.036657770267507314,-0.00023825437396825244,0.004247398376464843,0.15,-0.0,0.0,0.0,-0.0,0.0,0.015440172898141964,-0.011908948170511321,0.25,0.0,0.018181818181817792,0.3333333333333333,0.015726102025885327,-0.0,0.0,-0.011125916143868729,-0.0,-0.7358189005160942,0.28614157550036906,-0.0,-2.52972412109375,0.0,0.010955373234498522,-0.0,-0.31621551513671875,-0.31621551513671875,-0.05,0.00467704701074873,0.003272706177085638,-3.0,0.0,-0.0004970157676488157,-0.0,-0.06017886166766241,0.0,0.0,0.0,0.0,0.0,-0.0,0.0,0.0,0.0,0.0,-0.1287643253803253,-0.0,-0.0,0.0,0.0,0.0,0.0,0.0,0.0,0.0,0.003272706177085638,0.22301989573985337,0.0,0.0,0.45652173913043476,0.25,-0.5,3.0,0.0,0.25,-0.5,0.25999999046325684,-0.5,0.2599999999999998,120.0,1.0,0.0,0.0,0.25,0.25,1.0,0.009999999999999787,0.0,0.0,0.0,0.0,0.0,0.0,0.0,0.0,0.0,0.0,36.00017547607422,-109.11992645263672,35.89991760253906,-108.8160400390625,-0.10025787353515625,0.30388641357421875,0.31999778747558594,1.8894707683953404,-0.313303679227829,0.9496529698371887,0.0,0.0,0.0,0.0,28.0,28.0,28.0,0.0,0.0,0.0,0.0,0.0,1.0,120.0,1.0,0.0,0.0,0.0,6.4,207.1555000729859,0.6330000469461083,142.33890001196414,55.06969999987632,29.291699989698827,4.0,5.404300056397915,2.8520000632852316,0.8131000213325024,0.000400003045797348
1,161,161,-1.9852000069007831,0,0,3.0,0.0,0.3498753011226654,1.0,1.0,1.0,0.3646383583545685,0.3544866442680359,1.0,0.7138198614120483,0.7156168222427368,1.0,1.0,1.0,0.3498753011226654,0.3498753011226654,0.3544866442680359,0.7138198614120483,1.0,0.0,0.37476810812950134,-0.9331700801849365,1.0,-0.9279614090919495,0.0031859984155744314,-0.2891165614128113,0.4727272689342499,-0.007937419228255749,0.7308712601661682,-0.6825153231620789,0.0,0.05560242384672165,0.13771165907382965,1.0,-1.0,0.0,120.35493469238281,8.746882438659668,8.746882438659668,8.862166404724121,25.0,17.845497131347656,0.05560242384672165,0.9443975761532784,0.34987529754638674,0.34987529754638674,0.0,0.0,0.0,0.0,0.0,0.9462302966201308,0.12248662931780306,-3.0490975104509555,-0.004819422387761468,0.0,-0.0,-0.036657770267507314,-0.00023825437396825244,0.0,0.15,-0.0,0.0,0.0,-0.0,0.0,0.015726102025885327,-0.011008271418119726,0.25,0.0,0.0,0.3333333333333333,0.015726102025885327,-0.0,0.0,-0.01106127867437229,-0.0,-0.7360119723608749,0.28614157550036906,-0.0,-2.5489501953125,0.0,0.0018327204668524624,-0.0,-0.3186187744140625,-0.3186187744140625,-0.05,0.0009024895490446152,0.0006315059727057815,-3.0,0.0,-2.6951805848096098e-05,-0.0,-0.0032924720124248466,0.0,0.0,0.0,0.0,0.0,-0.0,0.0,0.0,0.0,0.0,-0.0014999985694885253,-0.0,-0.0,0.0,0.0,0.0,0.0,0.0,0.0,0.0,0.0006315059727057815,0.012577509395778178,0.0,0.0,0.45652173913043476,0.25,-0.5,3.0,0.0,0.25,-0.5,0.25,-0.5,0.25,121.0,1.0,0.0,0.0,0.25,0.25,0.0,0.0,0.0,0.0,0.0,0.0,0.0,0.0,0.0,0.0,0.0,0.0,35.900047302246094,-108.81625366210938,35.79978942871094,-108.51236724853516,-0.10025787353515625,0.30388641357421875,0.31999778747558594,1.8894707683953404,-0.3133041262626648,0.9496528506278992,0.0,0.0,0.0,0.0,28.0,28.0,28.0,0.0,0.0,0.0,0.0,0.0,1.0,120.0,1.0,0.0,0.0,0.0,6.44,241.88630003482103,0.6274000043049455,174.25399995408952,58.35609999485314,36.633400013670325,4.0,5.206699948757887,2.7188999811187387,0.6836000829935074,0.000500003807246685
1,162,162,-2.0392364099485327,0,0,3.0,1.0,0.3498753011226654,1.0,1.0,1.0,0.3646383583545685,0.3544866442680359,1.0,0.7138198614120483,0.7156168222427368,1.0,1.0,1.0,0.3498753011226654,0.3498753011226654,0.3544866442680359,0.7138198614120483,1.0,0.0,0.37393829226493835,-0.9306419491767883,1.0,-0.9278974533081055,0.00017967871099244803,-0.18267568945884705,0.4545454680919647,-0.007937419228255749,0.7310030460357666,-0.6823741793632507,0.0,0.05560242384672165,0.13771165907382965,1.0,-1.0,0.0,120.03622436523438,8.747238159179688,8.747238159179688,8.861089706420898,25.0,17.84730339050293,0.055592916905879974,0.94440708309412,0.3498895263671875,0.3498895263671875,0.0,0.0,0.0,0.0,0.0,0.9459031221599016,0.15044242135580735,-3.0493252438398986,-0.08625670962434333,0.0,-0.0,-0.03667086868296091,-0.00023808229648133967,0.0013047409057617186,0.15,-0.0,0.0,0.0,-0.0,0.0,0.02354912381423146,-0.0,0.25,0.0,0.0,0.0,0.02354912381423146,-0.0,0.0,-0.011051616198975026,-0.0,-0.736103251500412,0.286135395988822,-0.0,-2.5496826171875,0.0,0.0014960390657816052,-0.0,-0.3187103271484375,-0.3187103271484375,-0.05,0.0006747561601015179,0.000472148327389732,-3.0,0.0,-9.060089303446668e-05,-0.0,-0.011166108731308858,0.0,0.0,0.0,0.0,0.0,-0.0,0.0,0.0,0.0,0.0,-0.075,-0.0,-0.0,0.0,0.0,0.0,0.0,0.0,0.0,0.0,0.000472148327389732,0.042280416749417786,0.0,0.0,0.0,0.25,0.0,3.0,1.0,0.25,0.0,0.25,0.0,0.25,122.0,1.0,0.0,0.0,0.25,0.25,0.0,0.0,0.0,0.0,0.0,0.0,0.0,0.0,0.0,0.0,0.0,0.0,35.79991912841797,-108.51258087158203,35.69966125488281,-108.20869445800781,-0.10025787353515625,0.30388641357421875,0.31999778747558594,1.8894707683953404,-0.313304603099823,0.9496527314186096,0.0,0.0,0.0,0.0,28.0,28.0,28.0,0.0,0.0,0.0,0.0,0.0,1.0,120.0,1.0,0.0,0.0,0.0,6.48,342.8274999605492,0.5990000208839774,196.78140000905842,127.77280004229397,42.29919996578246,4.0,10.964300017803907,3.3732999581843615,3.2894000178202987,0.000500003807246685
1,163,163,-2.0884972007155644,0,0,4.0,0.0,0.34988951683044434,1.0,1.0,1.0,0.3645690679550171,0.35444357991218567,1.0,0.7138921618461609,0.7157070636749268,1.0,1.0,1.0,0.34988951683044434,0.34988951683044434,0.35444357991218567,0.7138921618461609,1.0,0.0,0.3731071352958679,-0.9281136393547058,1.0,-0.9278335571289062,0.0006040059379301965,0.025783773511648178,0.4545454680919647,-0.001109747332520783,0.7310653328895569,-0.6823074817657471,0.0,0.055592916905879974,0.13770835101604462,1.0,-1.0,0.0,119.71732330322266,8.747238159179688,8.747238159179688,8.861089706420898,25.0,17.84730339050293,0.055592916905879974,0.94440708309412,0.3498895263671875,0.3498895263671875,0.0,0.0,0.0,0.0,0.0,0.9451739130175588,0.1082465050290934,-3.0496929780784128,-0.09222464068380377,0.0,-0.0,-0.03667086868296091,-0.00023808229648133967,0.0,0.15,-0.0,0.0,0.0,-0.0,0.0,0.012274088775902458,-0.021779371479101348,0.25,0.0,0.21818181818181837,0.3333333333333333,0.01569941587615431,-0.0,0.0,-0.011038677164419764,-0.0,-0.7360024697537493,0.286135395988822,-0.0,-2.55120849609375,0.0,0.0007668299234387913,-0.0,-0.31890106201171875,-0.31890106201171875,-0.05,0.0003070219215872437,0.00021483299497049302,-3.0,0.0,-2.624660304614477e-07,-0.015061983471074398,-3.2631381907043865e-05,0.0,0.0,0.0,0.0,0.0,-0.0,0.0,0.0,0.0,0.0,-0.07712976336479187,-0.0,-0.0,0.0,0.0,0.0,0.0,0.0,0.0,0.0,0.00021483299497049302,8.27595591545105e-05,0.0,0.0,0.45652173913043476,0.5,-0.5,4.0,0.0,0.5,-0.5,0.3700000047683716,-0.5,0.3700000000000001,123.0,1.0,0.0,0.0,0.5,0.5,1.0,0.1299999999999999,0.0,0.0,0.0,0.0,0.0,0.0,0.0,0.0,0.0,0.0,35.699790954589844,-108.20890808105469,35.59953308105469,-107.90502166748047,-0.10025787353515625,0.30388641357421875,0.31999778747558594,1.8894707683953404,-0.3133050501346588,0.9496525526046753,0.0,0.0,0.0,0.0,28.0,28.0,28.0,0.0,0.0,0.0,0.0,0.0,1.0,120.0,1.0,0.0,0.0,0.0,6.52,253.77699988894165,0.7400999311357737,183.54590004310012,60.62409991864115,36.427500075660646,4.0,4.987400025129318,3.1346000032499433,0.7075000321492553,0.0003998866304755211
1,164,164,-2.2454685133859966,0,0,3.0,2.0,0.34988951683044434,1.0,1.0,1.0,0.3645690679550171,0.35444357991218567,1.0,0.7138921618461609,0.7157070636749268,1.0,1.0,1.0,0.34988951683044434,0.34988951683044434,0.35444357991218567,0.7138921618461609,1.0,0.0,0.3722728192806244,-0.9255847930908203,0.9976443648338318,-0.9277703166007996,1.1822794476756826e-06,-0.03662991151213646,0.6727272868156433,-0.001109747332520783,0.7309965491294861,-0.6823811531066895,0.0,0.055592916905879974,0.13770835101604462,1.0,-1.0,0.0,119.3991470336914,8.746664047241211,8.746664047241211,8.860591888427734,25.0,17.84772491455078,0.05559990555047989,0.9444000944495201,0.34986656188964843,0.34986656188964843,0.0,0.0,0.0,0.0,0.0,0.947878486109457,0.14668599238616148,-3.0484946930394647,-0.29153829884215043,0.0,-0.0,-0.03667692640424748,-0.0002380421569000605,-6.336212158203125e-05,0.15,-0.0,0.0,0.0,-0.0,0.0,0.0235785496862311,-0.0,0.25,0.0,0.0,0.0,0.0235785496862311,-0.0,0.0,-0.011102813665592542,-0.00238996263797859,-0.7362527034423394,0.28613993860781195,-0.0,-2.54541015625,0.0,0.0034783916599369358,-0.0,-0.31817626953125,-0.31817626953125,-0.05,0.0015053069605352502,0.0010533176828175783,-3.0,0.0,-0.00035155750199088024,-0.0,-0.04408719358679471,0.0,0.0,-0.0,0.0009737750750417285,-0.11930899744808125,-0.0,0.0,0.0,0.0,0.0,-0.1287643253803253,-0.0,-0.0,0.0,0.0,0.0,0.0,0.0,0.0,0.0,0.0010533176828175783,0.16406016759574413,23.26086922832157,0.4206521686004555,0.0,0.25,0.3499999940395355,3.0,2.0,0.25,0.3499999940395355,0.25,0.3499999940395355,0.25,124.0,1.0,0.0,0.0,0.25,0.25,0.0,0.0,0.0,0.0,0.0,0.0,0.0,0.0,0.0,0.0,0.0,0.0,35.59966278076172,-107.90523529052734,35.49940490722656,-107.60134887695312,-0.10025787353515625,0.30388641357421875,0.31999778747558594,1.8894707683953404,-0.31330549716949463,0.949652373790741,0.0,0.0,0.0,0.0,28.0,28.0,28.0,0.0,0.0,0.0,0.0,0.0,1.0,120.0,1.0,0.0,0.0,0.0,6.56,217.43820002302527,0.7202000124379992,154.55600002314895,54.21910004224628,41.06750001665205,4.0,4.860799992457032,2.072799950838089,0.9764999849721789,0.000300002284348011
1,165,165,-2.1556196330678734,0,0,3.0,2.0,0.3498665690422058,1.0,1.0,1.0,0.3645533323287964,0.3544236719608307,1.0,0.7139089703559875,0.7157223224639893,1.0,1.0,1.0,0.3498665690422058,0.3498665690422058,0.3544236719608307,0.7139089703559875,1.0,0.0,0.3714452385902405,-0.9230597019195557,0.9949929118156433,-0.9277048707008362,0.0023437165655195713,0.1423414945602417,0.4545454680919647,-0.00045817080535925925,0.7311673164367676,-0.6821982264518738,0.0,0.05559990555047989,0.13772325217723846,1.0,-1.0,0.0,119.082763671875,8.747030258178711,8.747030258178711,8.859014511108398,25.0,17.8498592376709,0.055585332214832306,0.9444146677851677,0.3498812103271484,0.3498812103271484,0.0,0.0,0.0,0.0,0.0,0.9546651653732687,0.1479843664848201,-3.045765107369876,-0.21250405755608615,0.0,-0.0,-0.036696127433183304,-0.00023783902007271045,0.0013968658447265625,0.15,-0.0,0.0,0.0,-0.0,0.0,0.02351718827297812,-0.0,0.25,0.0,0.0,0.0,0.02351718827297812,-0.0,0.0,-0.011129224991023805,-0.0023836844615828614,-0.7366679726104607,0.286130465939641,-0.0,-2.53106689453125,0.0,0.010250497588101051,-0.0,-0.31638336181640625,-0.31638336181640625,-0.05,0.004234892630124031,0.0029632688965648413,-3.0,0.0,-0.0007385815055774792,-0.0,-0.09342342582369383,0.0,0.0,-0.0,0.0009732646680168824,-0.11931531489483173,-0.0,0.0,0.0,0.0,0.0,-0.0,-0.0,-0.0,0.0,0.0,0.0,0.0,0.0,0.0,0.0,0.0029632688965648413,0.34467136926949027,23.26086922832157,0.4206521686004555,0.0,0.25,0.3499999940395355,3.0,2.0,0.25,0.3499999940395355,0.25,0.3499999940395355,0.25,125.0,1.0,0.0,0.0,0.25,0.25,0.0,0.0,0.0,0.0,0.0,0.0,0.0,0.0,0.0,0.0,0.0,0.0,35.499534606933594,-107.6015625,35.39927673339844,-107.29767608642578,-0.10025787353515625,0.30388641357421875,0.31999778747558594,1.8894707683953404,-0.31330597400665283,0.9496521949768066,0.0,0.0,0.0,0.0,28.0,28.0,28.0,0.0,0.0,0.0,0.0,0.0,1.0,120.0,1.0,0.0,0.0,0.0,6.6,258.3995999302715,0.5682000191882253,160.60730000026524,86.22330008074641,38.61200006213039,4.0,4.785800003446639,4.225500044412911,1.943000010214746,0.000500003807246685
1,166,166,-2.1938787671017765,0,0,3.0,2.0,0.34988120198249817,1.0,1.0,1.0,0.364429771900177,0.35436058044433594,1.0,0.7139943838119507,0.7158383131027222,1.0,1.0,1.0,0.34988120198249817,0.34988120198249817,0.35436058044433594,0.7139943838119507,1.0,0.0,0.3706284761428833,-0.9205464124679565,0.9923563599586487,-0.9276369214057922,0.004923876840621233,0.15678055584430695,0.4545454680919647,-0.0052113765850663185,0.7314504981040955,-0.6818945407867432,0.0,0.055585332214832306,0.13772113621234894,1.0,-1.0,0.0,118.76809692382812,8.747030258178711,8.747030258178711,8.859014511108398,25.0,17.8498592376709,0.055585332214832306,0.9444146677851677,0.3498812103271484,0.3498812103271484,0.0,0.0,0.0,0.0,0.0,0.9611127639693541,0.14653746470895382,-3.0432074742506448,-0.2583215215294396,0.0,-0.0,-0.036696127433183304,-0.00023783902007271045,0.0,0.15,-0.0,0.0,0.0,-0.0,0.0,0.02351718827297812,-0.0,0.25,0.0,0.0,0.0,0.02351718827297812,-0.0,0.0,-0.011179260922163536,-0.0023836844615828614,-0.7371622661410355,0.286130465939641,-0.0,-2.517333984375,0.0,0.01669809618418641,-0.0,-0.314666748046875,-0.314666748046875,-0.05,0.006792525749355233,0.00475291395559907,-3.0,0.0,-0.0010887290050142575,-0.0,-0.13889074229761053,0.0,0.0,-0.0,0.0009732646680168824,-0.11931531489483173,-0.0,0.0,0.0,0.0,0.0,-0.0,-0.0,-0.0,0.0,0.0,0.0,0.0,0.0,0.0,0.0,0.00475291395559907,0.5080735356733203,23.26086922832157,0.4206521686004555,0.0,0.25,0.3499999940395355,3.0,2.0,0.25,0.3499999940395355,0.25,0.3499999940395355,0.25,126.0,1.0,0.0,0.0,0.25,0.25,0.0,0.0,0.0,0.0,0.0,0.0,0.0,0.0,0.0,0.0,0.0,0.0,35.39940643310547,-107.29788970947266,35.29914855957031,-106.99400329589844,-0.10025787353515625,0.30388641357421875,0.31999778747558594,1.8894707683953404,-0.31330645084381104,0.9496520757675171,0.0,0.0,0.0,0.0,28.0,28.0,28.0,0.0,0.0,0.0,0.0,0.0,1.0,120.0,1.0,0.0,0.0,0.0,6.64,177.361199981533,0.5366000114008784,141.16829994600266,22.106399992480874,10.191399953328073,4.0,8.884700015187263,3.61799995880574,1.006099977530539,0.000400003045797348
1,167,167,-2.414337907754058,0,0,3.0,3.0,0.34988120198249817,1.0,1.0,1.0,0.364429771900177,0.35436058044433594,1.0,0.7139943838119507,0.7158383131027222,1.0,1.0,1.0,0.34988120198249817,0.34988120198249817,0.35436058044433594,0.7139943838119507,1.0,0.0,0.36982136964797974,-0.9180445075035095,0.9897341132164001,-0.9275668263435364,0.00725819356739521,0.14184215664863586,0.4545454680919647,-0.0052113765850663185,0.7317875027656555,-0.6815328598022461,0.0,0.055585332214832306,0.13772113621234894,1.0,-1.0,0.0,118.45567321777344,8.746001243591309,8.746001243591309,8.855057716369629,25.0,17.85765838623047,0.055578332394361496,0.9444216676056385,0.34984004974365235,0.34984004974365235,0.0,0.0,0.0,0.0,0.0,0.9696307928127844,0.1569191538691797,-3.0397868043077487,-0.5011010501282732,0.0,-0.0,-0.03674433697843547,-0.00023709819948716942,0.0023361396789550785,0.15,-0.0,0.0,0.0,-0.0,0.0,0.02348771534467997,-0.0,0.25,0.0,0.0,0.0,0.02348771534467997,-0.0,0.0,-0.011243132372134475,-0.004761338110770763,-0.7378433565065006,0.286125916056335,-0.0,-2.4993896484375,0.0,0.02520912520714591,-0.0,-0.3124237060546875,-0.3124237060546875,-0.05,0.01021319569225138,0.007146404590457678,-3.0,0.0,-0.001634424042089709,-0.0,-0.21027596743471913,0.0,0.0,-0.0,0.0019460391168541742,-0.2386366986623882,-0.0,0.0,0.0,0.0,0.01059348916169256,-0.052499999105930326,-0.0,-0.0,0.0,0.0,0.0,0.0,0.0,0.0,0.0,0.007146404590457678,0.7627312196418643,32.4,0.7326086850269979,0.0,0.25,0.699999988079071,3.0,3.0,0.25,0.699999988079071,0.25,0.699999988079071,0.25,127.0,1.0,0.0,0.0,0.25,0.25,0.0,0.0,0.0,0.0,0.0,0.0,0.0,0.0,0.0,0.0,0.0,0.0,35.299278259277344,-106.99421691894531,35.19902038574219,-106.6903305053711,-0.10025787353515625,0.30388641357421875,0.31999778747558594,1.8894707683953404,-0.31330692768096924,0.9496519565582275,0.0,0.0,0.0,0.0,28.0,28.0,28.0,0.0,0.0,0.0,0.0,0.0,1.0,120.0,1.0,0.0,0.0,0.0,6.68,223.0549999512732,1.233199960552156,141.76469994708896,68.79290007054806,27.065400034189224,4.0,5.128699936904013,4.651900031603873,1.4374000020325184,0.000700005330145359
1,168,168,-2.3245982485721135,0,0,3.0,2.0,0.34984004497528076,1.0,1.0,1.0,0.3641835153102875,0.3542023003101349,1.0,0.7143063545227051,0.7161867618560791,1.0,1.0,1.0,0.34984004497528076,0.34984004497528076,0.3542023003101349,0.7143063545227051,1.0,0.0,0.3690275251865387,-0.9155575037002563,0.9871305823326111,-0.9274937510490417,0.010896160267293453,0.2210570126771927,0.4545454680919647,-0.008886674419045448,0.7322515249252319,-0.6810343265533447,0.0,0.055578332394361496,0.1377640664577484,1.0,-1.0,0.0,118.14517211914062,8.746001243591309,8.746001243591309,8.855057716369629,25.0,17.85765838623047,0.055578332394361496,0.9444216676056385,0.34984004974365235,0.34984004974365235,0.0,0.0,0.0,0.0,0.0,0.9768283618881637,0.1588488510054017,-3.036871529685523,-0.42340393178015556,0.0,-0.0,-0.03674433697843547,-0.00023709819948716942,0.0,0.15,-0.0,0.0,0.0,-0.0,0.0,0.02348771534467997,-0.0,0.25,0.0,0.0,0.0,0.02348771534467997,-0.0,0.0,-0.011285577902369573,-0.0023806690553853814,-0.738676792354009,0.286125916056335,-0.0,-2.4840087890625,0.0,0.032406694282525184,-0.0,-0.3105010986328125,-0.3105010986328125,-0.05,0.013128470314477073,0.009186288341879845,-3.0,0.0,-0.0019318272354081273,-0.0,-0.2506267756660501,0.0,0.0,-0.0,0.0009730195584270871,-0.1193183493311941,-0.0,0.0,0.0,0.0,0.012521102451719343,-0.052499999105930326,-0.0,-0.0,0.0,0.0,0.0,0.0,0.0,0.0,0.0,0.009186288341879845,0.9015193765237928,23.26086922832157,0.4206521686004555,0.0,0.25,0.3499999940395355,3.0,2.0,0.25,0.3499999940395355,0.25,0.3499999940395355,0.25,128.0,1.0,0.0,0.0,0.25,0.25,0.0,0.0,0.0,0.0,0.0,0.0,0.0,0.0,0.0,0.0,0.0,0.0,35.19915008544922,-106.69054412841797,35.09889221191406,-106.38665771484375,-0.10025787353515625,0.30388641357421875,0.31999778747558594,1.8894707683953404,-0.31330737471580505,0.9496517777442932,0.0,0.0,0.0,0.0,28.0,28.0,28.0,0.0,0.0,0.0,0.0,0.0,1.0,120.0,1.0,0.0,0.0,0.0,6.72,185.88929995894432,0.5722000496461987,147.9791000019759,26.77090000361204,19.50399996712804,4.0,5.284899962134659,4.257700056768954,0.982699915766716,0.000700005330145359
1,169,169,-2.367063398435736,0,0,4.0,1.0,0.34984004497528076,1.0,1.0,1.0,0.3641835153102875,0.3542023003101349,1.0,0.7143063545227051,0.7161867618560791,1.0,1.0,1.0,0.34984004497528076,0.34984004497528076,0.3542023003101349,0.7143063545227051,1.0,0.0,0.3682452440261841,-0.9130829572677612,0.9845430850982666,-0.9274179935455322,0.012878848239779472,0.12047582864761353,0.4545454680919647,-0.008886674419045448,0.7328188419342041,-0.6804237961769104,0.0,0.055578332394361496,0.1377640664577484,1.0,-1.0,0.0,117.83514404296875,8.74351978302002,8.74351978302002,8.848102569580078,25.0,17.871091842651367,0.04394090175628662,0.9560590982437134,0.34974079132080077,0.34974079132080077,0.0,0.0,0.0,0.0,0.0,0.9907089525289403,0.1288933908561065,-3.0361118032082537,-0.4505539386125291,0.0,-0.0,-0.03682923268204847,-0.0002358275969290737,0.003794326782226563,0.15,-0.0,0.0,0.0,-0.0,0.0,0.0,0.0,0.0,0.35,0.0,0.0,0.0,0.0,0.0,0.0,0.0,0.0,0.2785615861415863,-0.0,-2.480224609375,0.0,0.03464985428522693,-0.0,-0.310028076171875,-0.310028076171875,-0.05,0.013888196791746354,0.009618028998374939,-3.0,0.0,-0.002777590909372484,-0.015061983471074398,-0.37236528138667024,0.0,0.0,0.0,0.0,0.0,-0.004849082130156273,0.0,0.0,0.0,0.01216412435285747,-0.05550000071525574,-0.0,-0.0,0.0,0.0,0.0,0.0,0.0,0.0,0.0,0.009618028998374939,0.875816953405738,0.0,0.0,0.0,0.5,0.0,4.0,1.0,0.5,0.0,0.3700000047683716,0.0,0.3700000000000001,129.0,0.0,0.0,0.0,0.5,0.5,1.0,0.1299999999999999,0.0,0.0,0.0,0.0,0.0,0.0,0.0,0.0,0.0,0.0,35.099021911621094,-106.38687133789062,34.99876403808594,-106.0829849243164,-0.10025787353515625,0.30388641357421875,0.31999778747558594,1.8894707683953404,-0.31330788135528564,0.9496516585350037,0.0,0.0,0.0,0.0,28.0,28.0,28.0,0.0,0.0,0.0,0.0,0.0,1.0,120.0,1.0,0.0,0.0,0.0,6.76,252.03859992325306,0.8023999398574233,150.27039998676628,90.9389000153169,64.33590000960976,4.0,5.943299969658256,3.131499979645014,0.9157999884337187,0.000400003045797348
1,170,170,-2.3606581861454154,0,0,3.0,2.0,0.34974080324172974,1.0,1.0,1.0,0.36377230286598206,0.35392409563064575,1.0,0.7148436903953552,0.7167852520942688,1.0,1.0,1.0,0.34974080324172974,0.34974080324172974,0.35392409563064575,0.7148436903953552,1.0,0.0,0.3674640357494354,-0.9106122851371765,0.9819595217704773,-0.9273419380187988,0.012511670589447021,-0.022311130538582802,0.6727272868156433,-0.009127601981163025,0.7333050966262817,-0.6798997521400452,0.0,0.04394090175628662,0.12264720350503922,0.0,0.0,0.0,117.52564239501953,8.74351978302002,8.74351978302002,8.848102569580078,25.0,17.871091842651367,0.04394090175628662,0.9560590982437134,0.34974079132080077,0.34974079132080077,0.0,0.0,0.0,0.0,0.0,0.992665078139825,0.1267372409574508,-3.031834722334418,-0.4482257829082732,0.0,-0.0,-0.03682923268204847,-0.0002358275969290737,0.0,0.15,-0.0,0.0,0.0,-0.0,0.0,0.0,0.0,0.0,0.35,0.0,0.0,0.0,0.0,0.0,0.0,0.0,0.0,0.2785615861415863,-0.0,-2.47601318359375,0.0,0.036605979896111585,-0.0,-0.30950164794921875,-0.30950164794921875,-0.05,0.014772182706886548,0.010230218060314655,-3.0,0.0,-0.002129497905048941,-0.0,-0.2878409483173322,0.018507790683793244,0.023134738354741557,-0.019278948628951298,0.0006082028864963907,-0.12441655665577397,-0.0032764068447001834,0.0019658442337580034,0.0,0.0,0.013802301236428323,-0.05550000071525574,-0.0,-0.0,0.0,0.0,0.0,0.0,0.0,0.0,0.0,0.010230218060314655,0.9937656890228391,23.26086922832157,0.4206521686004555,0.0,0.25,0.3499999940395355,3.0,2.0,0.25,0.3499999940395355,0.25,0.3499999940395355,0.25,130.0,0.0,0.0,0.0,0.25,0.25,0.0,0.0,0.0,0.0,0.0,0.0,0.0,0.0,0.0,0.0,0.0,0.0,34.99889373779297,-106.08319854736328,34.89863586425781,-105.77931213378906,-0.10025787353515625,0.30388641357421875,0.31999778747558594,1.8894707683953404,-0.31330832839012146,0.9496514201164246,0.0,0.0,0.0,0.0,28.0,28.0,28.0,0.0,0.0,0.0,0.0,0.0,1.0,120.0,1.0,0.0,0.0,0.0,6.8,170.18799996003509,0.5682999035343528,138.51690001320094,20.507800043560565,15.800899942405522,4.0,6.273300037719309,3.263200051151216,1.019099960103631,0.000500003807246685
1,171,171,-2.5129101913085297,0,0,3.0,3.0,0.34974080324172974,1.0,1.0,1.0,0.36377230286598206,0.35392409563064575,1.0,0.7148436903953552,0.7167852520942688,1.0,1.0,1.0,0.34974080324172974,0.34974080324172974,0.35392409563064575,0.7148436903953552,1.0,0.0,0.3666873872280121,-0.9081443548202515,0.9793803691864014,-0.9272642731666565,0.014196652919054031,0.10238605737686157,0.4545454680919647,-0.009127601981163025,0.734002947807312,-0.6791462898254395,0.0,0.04394090175628662,0.12264720350503922,0.0,0.0,0.0,117.21831512451172,8.741334915161133,8.741334915161133,8.840462684631348,25.0,17.887733459472656,0.04394533857703209,0.9560546614229679,0.3496533966064453,0.3496533966064453,0.0,0.0,0.0,0.0,0.0,1.0009681693418748,0.1351738957788761,-3.0250965076710226,-0.6239557487582583,0.0,-0.0,-0.03692271353663618,-0.00023426298922529144,0.005084400177001953,0.15,-0.0,0.0,0.0,-0.0,0.0,0.0,0.0,0.0,0.35,0.0,0.0,0.0,0.0,0.0,0.0,0.0,0.0,0.27856447007507085,-0.0,-2.4586181640625,0.0,0.04491350791890693,-0.0,-0.3073272705078125,-0.3073272705078125,-0.05,0.01812227165073702,0.012550313025712967,-3.0,0.0,-0.0026608842711363517,-0.0,-0.3626123537451493,0.03698847642676668,0.04623559553345835,-0.038529662944548626,0.0012166514323500397,-0.24882918523874142,-0.003264386845327491,0.0,0.0,0.0,0.017246472127735616,-0.052499999105930326,-0.0,-0.0,0.0,0.0,0.0,0.0,0.0,0.0,0.0,0.012550313025712967,1.2417459931969643,32.4,0.7326086850269979,0.0,0.25,0.699999988079071,3.0,3.0,0.25,0.699999988079071,0.25,0.699999988079071,0.25,131.0,0.0,0.0,0.0,0.25,0.25,0.0,0.0,0.0,0.0,0.0,0.0,0.0,0.0,0.0,0.0,0.0,0.0,34.898765563964844,-105.77952575683594,34.79850769042969,-105.47563934326172,-0.10025787353515625,0.30388641357421875,0.31999778747558594,1.8894707683953404,-0.31330880522727966,0.949651300907135,0.0,0.0,0.0,0.0,28.0,28.0,28.0,0.0,0.0,0.0,0.0,0.0,1.0,120.0,1.0,0.0,0.0,0.0,6.84,297.7047999156639,0.6841999711468816,174.95579994283617,106.54850001446903,64.86029992811382,4.0,7.199699990451336,7.201200001873076,1.06519996188581,0.000500003807246685
1,172,172,-4.849790558472477,0,0,2.0,3.0,0.3496533930301666,1.0,1.0,1.0,0.36331623792648315,0.3536185026168823,1.0,0.7155093550682068,0.7175238132476807,1.0,1.0,1.0,0.3496533930301666,0.3496533930301666,0.3536185026168823,0.7155093550682068,1.0,0.0,0.36592385172843933,-0.9056907296180725,0.9768192768096924,-0.9271835088729858,0.017739228904247284,0.21526068449020386,0.4545454680919647,-0.015238911844789982,0.7348322868347168,-0.6782488822937012,0.0,0.04394533857703209,0.12273204326629639,0.0,0.0,0.0,116.91363525390625,8.737409591674805,8.737409591674805,8.829305648803711,25.0,17.909196853637695,0.04395721107721329,0.9560427889227867,0.3494963836669922,0.3494963836669922,0.0,0.0,0.0,0.0,0.0,1.0110657421920841,-2.6284583830484265,-3.0209492587134097,-0.21144865890272455,0.0,-0.0,-0.03705965828509945,-0.00023226036659149482,0.006068916320800781,0.15,-0.0,0.0,0.0,-2.7682493006521667,0.0,0.0,0.0,0.0,0.35,0.0,0.0,0.0,0.0,0.0,0.0,0.0,0.0,0.2785721872001886,-0.0,-2.43743896484375,0.0,0.0550229532692974,-0.0,-0.30467987060546875,-0.30467987060546875,-0.05,0.022282817808326406,0.015431799925863743,-3.0,0.0,-0.0016859167764697756,-0.0,-0.2316106520154738,0.05168232474310742,0.06460290592888428,-0.019996137549416558,0.0012173089148519623,-0.05791775008151318,-0.001685182157314309,0.0019444408058751396,0.0,0.0,0.021013919934630393,-0.018000000715255735,-0.0,-0.0,0.0,0.0,0.0,0.0,0.0,0.0,0.0,0.015431799925863743,1.5130022352933883,32.4,0.7326086850269979,0.0,0.0,0.699999988079071,2.0,3.0,0.0,0.699999988079071,0.12999999523162842,0.699999988079071,0.13,132.0,0.0,0.0,0.0,0.0,0.0,1.0,0.13,0.0,0.0,0.0,0.0,0.0,0.0,0.0,0.0,0.0,0.0,34.79863739013672,-105.4758529663086,34.69837951660156,-105.17196655273438,-0.10025787353515625,0.30388641357421875,0.31999778747558594,1.8894707683953404,-0.31330931186676025,0.9496511220932007,0.0,0.0,0.0,0.0,28.0,28.0,28.0,0.0,0.0,0.0,0.0,0.0,1.0,120.0,1.0,0.0,0.0,0.0,6.88,350.61069997027516,0.6510999519377947,188.76429996453226,141.23720000497997,57.54599999636412,4.0,10.689500020816922,6.882800022140145,2.3469000589102507,0.000500003807246685
1,173,173,-2.5235750361676756,0,0,3.0,2.0,0.34949639439582825,1.0,1.0,1.0,0.3626490831375122,0.3531722128391266,1.0,0.7163679003715515,0.7184851169586182,1.0,1.0,1.0,0.34949639439582825,0.34949639439582825,0.3531722128391266,0.7163679003715515,1.0,0.0,0.3651774823665619,-0.9032538533210754,0.9742802977561951,-0.9270985722541809,0.02161431685090065,0.23546548187732697,0.23636363446712494,-0.01940683089196682,0.7358447909355164,-0.6771502494812012,0.0,0.04395721107721329,0.12287207692861557,0.0,0.0,0.0,116.61116790771484,8.737409591674805,8.737409591674805,8.829305648803711,25.0,17.909196853637695,0.04395721107721329,0.9560427889227867,0.3494963836669922,0.3494963836669922,0.0,0.0,0.0,0.0,0.0,1.0194734339221503,0.13582774529370828,-3.0210813750675327,-0.6577948403160016,0.0,-0.0,-0.03705965828509945,-0.00023226036659149482,0.0,0.15,-0.0,0.0,0.0,-0.0,0.0,0.0,0.0,0.0,0.35,0.0,0.0,0.0,0.0,0.0,0.0,0.0,0.0,0.2785721872001886,-0.0,-2.41973876953125,0.0,0.06343064499936346,-0.0,-0.30246734619140625,-0.30246734619140625,-0.05,0.02553466319333509,0.017683841288089752,-3.0,0.0,-0.0035670338658615945,-0.0,-0.493989772338642,0.01845797312253836,0.023072466403172953,-0.01922705533597746,0.0006086544574259811,-0.1244093371254899,-0.003240734917912133,0.0,0.0,0.0,0.023119663945399226,-0.05550000071525574,-0.0,-0.0,0.0,0.0,0.0,0.0,0.0,0.0,0.0,0.017683841288089752,1.6646158040687442,23.26086922832157,0.4206521686004555,0.0,0.25,0.3499999940395355,3.0,2.0,0.25,0.3499999940395355,0.25,0.3499999940395355,0.25,133.0,0.0,0.0,0.0,0.25,0.25,0.0,0.0,0.0,0.0,0.0,0.0,0.0,0.0,0.0,0.0,0.0,0.0,34.698509216308594,-105.17218017578125,34.59825134277344,-104.86829376220703,-0.10025787353515625,0.30388641357421875,0.31999778747558594,1.8894707683953404,-0.31330978870391846,0.9496510028839111,0.0,0.0,0.0,0.0,28.0,28.0,28.0,0.0,0.0,0.0,0.0,0.0,1.0,120.0,1.0,0.0,0.0,0.0,6.92,244.8745999718085,0.714499969035387,174.20690006110817,57.787799974903464,39.80719996616244,4.0,6.18580006994307,4.502599942497909,1.4336000895127654,0.0004998873919248581
1,174,174,-2.823319943234595,0,0,3.0,4.0,0.34949639439582825,1.0,1.0,1.0,0.3626490831375122,0.3531722128391266,1.0,0.7163679003715515,0.7184851169586182,1.0,1.0,1.0,0.34949639439582825,0.34949639439582825,0.3531722128391266,0.7163679003715515,1.0,0.0,0.36444228887557983,-0.9008322358131409,0.9717597365379333,-0.9270113110542297,0.023780224844813347,0.1316090077161789,0.4545454680919647,-0.01940683089196682,0.7367302775382996,-0.676186740398407,0.0,0.04395721107721329,0.12287207692861557,0.0,0.0,0.0,116.31132507324219,8.731035232543945,8.731035232543945,8.815164566040039,25.0,17.938631057739258,0.043991848826408386,0.9560081511735916,0.3492414093017578,0.3492414093017578,0.0,0.0,0.0,0.0,0.0,1.02953383732565,0.14833032015256906,-3.010888978838573,-0.9902951218742411,0.0,-0.0,-0.03723396355180756,-0.00022954184190294237,0.008164443969726563,0.15,-0.0,0.0,0.0,-0.0,0.0,0.0,0.0,0.0,0.35,0.0,0.0,0.0,0.0,0.0,0.0,0.0,0.0,0.27859470173716544,-0.0,-2.39874267578125,0.0,0.07352568615205823,-0.0,-0.29984283447265625,-0.29984283447265625,-0.05,0.029497979283680684,0.020429231226444244,-3.0,0.0,-0.004262818871811032,-0.0,-0.5950269917347639,0.05243477387861772,0.06554346734827214,-0.05461955612356012,0.0017417544868490121,-0.35541144884114484,-0.003194305592978708,0.0,0.0,0.0,0.027629381576552987,-0.09749999642372131,-0.0,-0.0,0.0,0.0,0.0,0.0,0.0,0.0,0.0,0.020429231226444244,1.989315473511815,32.4,1.0,0.0,0.25,1.0,3.0,4.0,0.25,1.0,0.25,1.0,0.25,134.0,0.0,0.0,0.0,0.25,0.25,0.0,0.0,0.0,0.0,0.0,0.0,0.0,0.0,0.0,0.0,0.0,0.0,34.59838104248047,-104.8685073852539,34.49812316894531,-104.56462097167969,-0.10025787353515625,0.30388641357421875,0.31999778747558594,1.8894707683953404,-0.31331026554107666,0.9496508240699768,0.0,0.0,0.0,0.0,28.0,28.0,28.0,0.0,0.0,0.0,0.0,0.0,1.0,120.0,1.0,0.0,0.0,0.0,6.96,246.04440003167838,0.79109997022897,157.21970004960895,71.97690010070801,33.78609998617321,4.0,8.725399966351688,4.281500005163252,3.0031000496819615,0.000400003045797348
1,175,175,-2.753462597576173,0,0,3.0,3.0,0.3492414057254791,1.0,1.0,1.0,0.3618652820587158,0.3526065945625305,1.0,0.7175452709197998,0.7197644114494324,1.0,1.0,1.0,0.3492414057254791,0.3492414057254791,0.3526065945625305,0.7175452709197998,1.0,0.0,0.3637213408946991,-0.8984285593032837,0.9692610502243042,-0.9269210696220398,0.02841879241168499,0.28185734152793884,0.4545454680919647,-0.01896832324564457,0.7377048134803772,-0.6751234531402588,0.0,0.043991848826408386,0.12307044118642807,0.0,0.0,0.0,116.01416015625,8.731035232543945,8.731035232543945,8.815164566040039,25.0,17.938631057739258,0.043991848826408386,0.9560081511735916,0.3492414093017578,0.3492414093017578,0.0,0.0,0.0,0.0,0.0,1.0397097982323722,0.143440649472292,-3.009598217932786,-0.9270148273480509,0.0,-0.0,-0.03723396355180756,-0.00022954184190294237,0.0,0.15,-0.0,0.0,0.0,-0.0,0.0,0.0,0.0,0.0,0.35,0.0,0.0,0.0,0.0,0.0,0.0,0.0,0.0,0.27859470173716544,-0.0,-2.3773193359375,0.0,0.08370164705878058,-0.0,-0.2971649169921875,-0.2971649169921875,-0.05,0.03367265286738778,0.023320458829402924,-3.0,0.0,-0.004768069607897528,-0.0,-0.6708347473441358,0.036704341089961186,0.04588042636245149,-0.03823368863537624,0.001219228120030977,-0.24878800995196676,-0.003194305592978708,0.0,0.0,0.0,0.0309041548660025,-0.04500000178813934,-0.0,-0.0,0.0,0.0,0.0,0.0,0.0,0.0,0.0,0.023320458829402924,2.2250991503521798,32.4,0.7326086850269979,0.0,0.25,0.699999988079071,3.0,3.0,0.25,0.699999988079071,0.25,0.699999988079071,0.25,135.0,0.0,0.0,0.0,0.25,0.25,0.0,0.0,0.0,0.0,0.0,0.0,0.0,0.0,0.0,0.0,0.0,0.0,34.498252868652344,-104.56483459472656,34.39799499511719,-104.26094818115234,-0.10025787353515625,0.30388641357421875,0.31999778747558594,1.8894707683953404,-0.31331077218055725,0.9496507048606873,0.0,0.0,0.0,0.0,28.0,28.0,28.0,0.0,0.0,0.0,0.0,0.0,1.0,120.0,1.0,0.0,0.0,0.0,7.0,209.17759998701513,0.7637999951839447,147.03640004154295,51.272899960167706,35.00620007980615,4.0,4.699999932199717,4.126999992877245,1.2509000953286886,0.000500003807246685
1,176,176,-3.232880719816001,0,0,4.0,2.0,0.3492414057254791,1.0,1.0,1.0,0.3618652820587158,0.3526065945625305,1.0,0.7175452709197998,0.7197644114494324,1.0,1.0,1.0,0.3492414057254791,0.3492414057254791,0.3526065945625305,0.7175452709197998,1.0,0.0,0.36301758885383606,-0.8960418105125427,0.966784656047821,-0.9268265962600708,0.03178713098168373,0.20467333495616913,0.4545454680919647,-0.01896832324564457,0.7389503717422485,-0.6737598776817322,0.0,0.043991848826408386,0.12307044118642807,0.0,0.0,0.0,115.71866607666016,8.723876953125,8.723876953125,8.797540664672852,25.0,17.97529411315918,0.04402494058012962,0.9559750594198704,0.348955078125,0.348955078125,0.0,0.0,0.0,0.0,0.0,1.046010830255757,0.1552028848718182,-3.010555698675372,-1.423538736268204,0.0,-0.0,-0.037452351841878076,-0.00022620012320951014,0.010402870178222657,0.15,-0.0,0.0,0.0,-0.0,0.0,0.0,0.0,0.0,0.35,0.0,0.0,0.0,0.0,0.0,0.0,0.0,0.0,0.27861621137708426,-0.0,-2.36395263671875,0.0,0.09003577083588654,-0.0,-0.29549407958984375,-0.29549407958984375,-0.05,0.03609826810648345,0.025001082569360733,-3.0,0.0,-0.0074162487067484465,-0.015061983471074398,-1.0515584820040462,0.0109506541684739,0.013688317710592375,-0.028137097516217673,0.000610531538424152,-0.28645893086853896,-0.004655496403813067,0.0,0.0,0.0,0.03247856665868312,-0.05550000071525574,-0.0,-0.0,0.0,0.0,0.0,0.0,0.0,0.0,0.0,0.025001082569360733,2.338456799425185,23.26086922832157,0.4206521686004555,0.0,0.5,0.3499999940395355,4.0,2.0,0.5,0.3499999940395355,0.3700000047683716,0.3499999940395355,0.3700000000000001,136.0,0.0,0.0,0.0,0.5,0.5,1.0,0.1299999999999999,0.0,0.0,0.0,0.0,0.0,0.0,0.0,0.0,0.0,0.0,34.39812469482422,-104.26116180419922,34.29786682128906,-103.957275390625,-0.10025787353515625,0.30388641357421875,0.31999778747558594,1.8894707683953404,-0.31331124901771545,0.9496504664421082,0.0,0.0,0.0,0.0,28.0,28.0,28.0,0.0,0.0,0.0,0.0,0.0,1.0,120.0,1.0,0.0,0.0,0.0,7.04,207.55930000450462,0.6777000380679965,147.26650004740804,50.222599995322526,23.775399895384908,4.0,5.0027999095618725,3.588200081139803,0.768599915318191,0.000400003045797348
1,177,177,-2.857701583492724,0,0,3.0,3.0,0.34895506501197815,1.0,1.0,1.0,0.36086735129356384,0.3519016206264496,1.0,0.7190117835998535,0.7213699817657471,1.0,1.0,1.0,0.34895506501197815,0.34895506501197815,0.3519016206264496,0.7190117835998535,1.0,0.0,0.3623218238353729,-0.893666684627533,0.9643222093582153,-0.9267303943634033,0.03340652585029602,0.09840073436498642,0.6727272868156433,-0.02366250939667225,0.7402644157409668,-0.6723158359527588,0.0,0.04402494058012962,0.12330283969640732,0.0,0.0,0.0,115.42477416992188,8.723876953125,8.723876953125,8.797540664672852,25.0,17.97529411315918,0.04402494058012962,0.9559750594198704,0.348955078125,0.348955078125,0.0,0.0,0.0,0.0,0.0,1.052161610384167,0.14804223885045206,-3.004659608727386,-1.053245823999957,0.0,-0.0,-0.037452351841878076,-0.00022620012320951014,0.0,0.15,-0.0,0.0,0.0,-0.0,0.0,0.0,0.0,0.0,0.35,0.0,0.0,0.0,0.0,0.0,0.0,0.0,0.0,0.27861621137708426,-0.0,-2.35113525390625,0.0,0.09618655096429657,-0.0,-0.29389190673828125,-0.29389190673828125,-0.05,0.03864832483632456,0.02676721103489399,-3.0,0.0,-0.005511207725826119,-0.0,-0.7875455219327728,0.036502180561579674,0.0456277257019746,-0.0380231047516455,0.001221063076848304,-0.2487587160654288,-0.0031456056782520714,0.001887363528821504,0.0,0.0,0.03572079081553966,-0.05550000071525574,-0.0,-0.0,0.0,0.0,0.0,0.0,0.0,0.0,0.0,0.02676721103489399,2.5718969387188557,32.4,0.7326086850269979,0.0,0.25,0.699999988079071,3.0,3.0,0.25,0.699999988079071,0.25,0.699999988079071,0.25,137.0,0.0,0.0,0.0,0.25,0.25,0.0,0.0,0.0,0.0,0.0,0.0,0.0,0.0,0.0,0.0,0.0,0.0,34.297996520996094,-103.95748901367188,34.19773864746094,-103.65360260009766,-0.10025787353515625,0.30388641357421875,0.31999778747558594,1.8894707683953404,-0.31331175565719604,0.9496502876281738,0.0,0.0,0.0,0.0,28.0,28.0,28.0,0.0,0.0,0.0,0.0,0.0,1.0,120.0,1.0,0.0,0.0,0.0,7.08,201.34969998616725,0.4863000940531492,142.57850009016693,46.59619997255504,29.931900091469288,4.0,7.702200091443956,3.1792999943718314,0.7652000058442354,0.000400003045797348
1,178,178,-2.7021501014230407,0,0,3.0,1.0,0.34895506501197815,1.0,1.0,1.0,0.36086735129356384,0.3519016206264496,1.0,0.7190117835998535,0.7213699817657471,1.0,1.0,1.0,0.34895506501197815,0.34895506501197815,0.3519016206264496,0.7190117835998535,1.0,0.0,0.3616369068622589,-0.891301691532135,0.9618731141090393,-0.9266312122344971,0.036741383373737335,0.20263901352882385,0.4545454680919647,-0.02366250939667225,0.7419716715812683,-0.6704312562942505,0.0,0.04402494058012962,0.12330283969640732,0.0,0.0,0.0,115.13178253173828,8.71773910522461,8.71773910522461,8.778247833251953,25.0,18.013999938964844,0.044039592146873474,0.9559604078531265,0.34870956420898436,0.34870956420898436,0.0,0.0,0.0,0.0,0.0,1.055569158594695,0.15911589137945303,-3.0099245934939245,-0.906910557903264,0.0,-0.0,-0.037692896385399195,-0.0002227249891857422,0.011325836181640627,0.15,-0.0,0.0,0.0,-0.0,0.0,0.0,0.0,0.0,0.35,0.0,0.0,0.0,0.0,0.0,0.0,0.0,0.0,0.27862573489546777,-0.0,-2.34393310546875,0.0,0.0996087507415685,-0.0,-0.29299163818359375,-0.29299163818359375,-0.05,0.04007540650607546,0.027755944058299065,-3.0,0.0,-0.005508875814027019,-0.0,-0.793290398205175,0.0,0.0,0.0,0.0,0.0,-0.0031112856722012856,0.0,0.0,0.0,0.03570567657239736,-0.10499999821186065,-0.0,-0.0,0.0,0.0,0.0,0.0,0.0,0.0,0.0,0.027755944058299065,2.5708087132126094,0.0,0.0,0.0,0.25,0.0,3.0,1.0,0.25,0.0,0.25,0.0,0.25,138.0,0.0,0.0,0.0,0.25,0.25,0.0,0.0,0.0,0.0,0.0,0.0,0.0,0.0,0.0,0.0,0.0,0.0,34.19786834716797,-103.65381622314453,34.09760665893555,-103.34992980957031,-0.10026168823242188,0.30388641357421875,0.31999900937080383,1.8894820962032186,-0.31331226229667664,0.9496501684188843,0.0,0.0,0.0,0.0,28.0,28.0,28.0,0.0,0.0,0.0,0.0,0.0,1.0,120.0,1.0,0.0,0.0,0.0,7.12,197.68680003471673,0.7663000142201781,136.1771000083536,50.25600001681596,40.294500067830086,4.0,4.812799976207316,4.253100021742284,1.373999984934926,0.000600004568696022
1,179,179,-2.549429313743844,0,0,3.0,0.0,0.3487095534801483,1.0,1.0,1.0,0.3597145974636078,0.3511299192905426,1.0,0.7205600142478943,0.723217248916626,1.0,1.0,1.0,0.3487095534801483,0.3487095534801483,0.3511299192905426,0.7205600142478943,1.0,0.0,0.3609580993652344,-0.8889421224594116,0.959431529045105,-0.9265300631523132,0.036725837737321854,-0.0009446401963941753,0.4545454680919647,-0.03506334871053696,0.7437655329704285,-0.668440580368042,0.0,0.044039592146873474,0.12353026121854782,0.0,0.0,0.0,114.83541107177734,8.711623191833496,8.711623191833496,8.758441925048828,25.0,18.05132484436035,0.04406820982694626,0.9559317901730537,0.34846492767333986,0.34846492767333986,0.0,0.0,0.0,0.0,0.0,1.0425622853257512,0.15139597352289894,-3.015262197675804,-0.7281253749166904,0.0,-0.0,-0.03794145247266726,-0.0002194244135690429,0.010718479156494142,0.15,-0.0,0.0,0.0,-0.0,0.0,0.0,0.0,0.0,0.35,0.0,0.0,0.0,0.0,0.0,0.0,0.0,0.0,0.27864433638751507,-0.0,-2.3709716796875,0.0,0.08663049515269738,-0.0,-0.2963714599609375,-0.2963714599609375,-0.05,0.03473780232419616,0.02405976504087448,-3.0,0.0,-0.004449348707550339,-0.0,-0.6456060629682419,0.0,0.0,0.0,0.0,0.0,-0.0030699632408982326,0.0,0.0,0.0,0.02883837125264109,-0.075,-0.0,-0.0,0.0,0.0,0.0,0.0,0.0,0.0,0.0,0.02405976504087448,2.076362730190158,0.0,0.0,0.45652173913043476,0.25,-0.5,3.0,0.0,0.25,-0.5,0.25,-0.5,0.25,139.0,0.0,0.0,0.0,0.25,0.25,0.0,0.0,0.0,0.0,0.0,0.0,0.0,0.0,0.0,0.0,0.0,0.0,34.09773635864258,-103.35014343261719,33.997474670410156,-103.04625701904297,-0.10026168823242188,0.30388641357421875,0.31999900937080383,1.8894820962032186,-0.31331273913383484,0.94964998960495,0.0,0.0,0.0,0.0,28.0,28.0,28.0,0.0,0.0,0.0,0.0,0.0,1.0,120.0,1.0,0.0,0.0,0.0,7.16,265.63179993536323,0.5061000119894743,167.90559992659837,88.26930006034672,35.22700001485646,4.0,5.130600067786872,3.112400067038834,0.664499937556684,0.000400003045797348
1,180,180,-3.0743791240416973,0,0,3.0,4.0,0.3484649360179901,1.0,1.0,1.0,0.35858428478240967,0.3503376841545105,1.0,0.7220529913902283,0.7250630855560303,1.0,1.0,1.0,0.3484649360179901,0.3484649360179901,0.3503376841545105,0.7220529913902283,1.0,0.0,0.36025726795196533,-0.8865610957145691,0.9569617509841919,-0.9264330863952637,0.029662324115633965,-0.42920657992362976,0.4545454680919647,-0.023678628727793694,0.7451910972595215,-0.6668509840965271,0.0,0.04406820982694626,0.123757004737854,0.0,0.0,0.0,114.53910064697266,8.711623191833496,8.711623191833496,8.758441925048828,25.0,18.05132484436035,0.04406820982694626,0.9559317901730537,0.34846492767333986,0.34846492767333986,0.0,0.0,0.0,0.0,0.0,1.0428048120754139,0.14426932105955964,-3.005807544976129,-1.255645712200542,0.0,-0.0,-0.03794145247266726,-0.0002194244135690429,0.0,0.15,-0.0,0.0,0.0,-0.0,0.0,0.0,0.0,0.0,0.35,0.0,0.0,0.0,0.0,0.0,0.0,0.0,0.0,0.27864433638751507,-0.0,-2.3704833984375,0.0,0.08687302190236024,-0.0,-0.2963104248046875,-0.2963104248046875,-0.05,0.03470159074698518,0.024034684523940086,-3.0,0.0,-0.0050035162544942325,-0.0,-0.7315585776513711,0.051768350601196285,0.06471043825149536,-0.05392536520957947,0.0017478064056165865,-0.3553148851025072,-0.0030699632408982326,0.0,0.0,0.0,0.032430197945795956,-0.22499999999999998,-0.0,-0.0,0.0,0.0,0.0,0.0,0.0,0.0,0.0,0.024034684523940086,2.3349742520973087,32.4,1.0,0.0,0.25,1.0,3.0,4.0,0.25,1.0,0.25,1.0,0.25,140.0,0.0,0.0,0.0,0.25,0.25,0.0,0.0,0.0,0.0,0.0,0.0,0.0,0.0,0.0,0.0,0.0,0.0,33.99760437011719,-103.04647064208984,33.897342681884766,-102.74258422851562,-0.10026168823242188,0.30388641357421875,0.31999900937080383,1.8894820962032186,-0.31331321597099304,0.9496498703956604,0.0,0.0,0.0,0.0,28.0,28.0,28.0,0.0,0.0,0.0,0.0,0.0,1.0,120.0,1.0,0.0,0.0,0.0,7.2,182.66579997725785,0.6449000211432576,152.47990004718304,18.950299941934645,12.324499897658825,4.0,6.765799946151674,2.6352000422775745,1.1527000460773706,0.0004998873919248581
1,181,181,-2.793780558553674,0,0,3.0,2.0,0.3484649360179901,1.0,1.0,1.0,0.35858428478240967,0.3503376841545105,1.0,0.7220529913902283,0.7250630855560303,1.0,1.0,1.0,0.3484649360179901,0.3484649360179901,0.3503376841545105,0.7220529913902283,1.0,0.0,0.3595547080039978,-0.8841812014579773,0.9544925093650818,-0.926336407661438,0.03335677459836006,0.22448916733264923,0.4545454680919647,-0.023678628727793694,0.7465212941169739,-0.6653615236282349,0.0,0.04406820982694626,0.123757004737854,0.0,0.0,0.0,114.24500274658203,8.704468727111816,8.704468727111816,8.73959732055664,25.0,18.08904266357422,0.04408809915184975,0.9559119008481503,0.34817874908447266,0.34817874908447266,0.0,0.0,0.0,0.0,0.0,1.0511633611291649,0.15684312487056815,-3.0085472661006243,-0.9932397784527828,0.0,-0.0,-0.03817947288956156,-0.00021613877715545015,0.01067943572998047,0.15,-0.0,0.0,0.0,-0.0,0.0,0.0,0.0,0.0,0.35,0.0,0.0,0.0,0.0,0.0,0.0,0.0,0.0,0.2786572644487023,-0.0,-2.352783203125,0.0,0.09525146028101461,-0.0,-0.294097900390625,-0.294097900390625,-0.05,0.03814206948079197,0.026418060064315796,-3.0,0.0,-0.005332006410269865,-0.0,-0.7854600343934451,0.01805816955591197,0.022572711944889967,-0.018810593287408306,0.0006122845429222065,-0.1243514054250748,-0.003028908556587401,0.0,0.0,0.0,0.03455930080730468,-0.09749999642372131,-0.0,-0.0,0.0,0.0,0.0,0.0,0.0,0.0,0.0,0.026418060064315796,2.488269658125937,23.26086922832157,0.4206521686004555,0.0,0.25,0.3499999940395355,3.0,2.0,0.25,0.3499999940395355,0.25,0.3499999940395355,0.25,141.0,0.0,0.0,0.0,0.25,0.25,0.0,0.0,0.0,0.0,0.0,0.0,0.0,0.0,0.0,0.0,0.0,0.0,33.8974723815918,-102.7427978515625,33.797210693359375,-102.43891143798828,-0.10026168823242188,0.30388641357421875,0.31999900937080383,1.8894820962032186,-0.31331369280815125,0.9496496915817261,0.0,0.0,0.0,0.0,28.0,28.0,28.0,0.0,0.0,0.0,0.0,0.0,1.0,120.0,1.0,0.0,0.0,0.0,7.24,211.67959994636476,0.6567999953404069,138.6304999468848,59.36660000588745,24.318099953234196,4.0,8.001500042155385,4.198099952191114,0.7798000006005168,0.000400003045797348
1,182,182,-2.6697621030991803,0,0,3.0,1.0,0.3481787443161011,1.0,1.0,1.0,0.35753917694091797,0.3495838940143585,1.0,0.723561704158783,0.7268900871276855,1.0,1.0,1.0,0.3481787443161011,0.3481787443161011,0.3495838940143585,0.723561704158783,1.0,0.0,0.3588663935661316,-0.8818152546882629,0.9520416855812073,-0.9262360334396362,0.03554670885205269,0.13306893408298492,0.4545454680919647,-0.028991499915719032,0.7480491995811462,-0.6636433005332947,0.0,0.04408809915184975,0.1239716187119484,0.0,0.0,0.0,113.95140838623047,8.704468727111816,8.704468727111816,8.73959732055664,25.0,18.08904266357422,0.04408809915184975,0.9559119008481503,0.34817874908447266,0.34817874908447266,0.0,0.0,0.0,0.0,0.0,1.053146623454851,0.1464255477351915,-3.0110709684743955,-0.8582633058148272,0.0,-0.0,-0.03817947288956156,-0.00021613877715545015,0.0,0.15,-0.0,0.0,0.0,-0.0,0.0,0.0,0.0,0.0,0.35,0.0,0.0,0.0,0.0,0.0,0.0,0.0,0.0,0.2786572644487023,-0.0,-2.3487548828125,0.0,0.09723472260670069,-0.0,-0.2935943603515625,-0.2935943603515625,-0.05,0.03892903152560433,0.0269631277769804,-3.0,0.0,-0.005372407450580171,-0.0,-0.7973619907017293,0.0,0.0,0.0,0.0,0.0,-0.003028908556587401,0.0,0.0,0.0,0.03482115940190852,-0.052499999105930326,-0.0,-0.0,0.0,0.0,0.0,0.0,0.0,0.0,0.0,0.0269631277769804,2.5071234769374136,0.0,0.0,0.0,0.25,0.0,3.0,1.0,0.25,0.0,0.25,0.0,0.25,142.0,0.0,0.0,0.0,0.25,0.25,0.0,0.0,0.0,0.0,0.0,0.0,0.0,0.0,0.0,0.0,0.0,0.0,33.797340393066406,-102.43912506103516,33.697078704833984,-102.13523864746094,-0.10026168823242188,0.30388641357421875,0.31999900937080383,1.8894820962032186,-0.31331416964530945,0.9496495127677917,0.0,0.0,0.0,0.0,28.0,28.0,28.0,0.0,0.0,0.0,0.0,0.0,1.0,120.0,1.0,0.0,0.0,0.0,7.28,242.59909999091178,0.7312999805435538,162.32230002060533,57.17189994174987,26.013500057160854,4.0,18.579100025817752,2.960599958896637,0.789899961091578,0.000500003807246685
1,183,183,-2.8019593686966027,0,0,3.0,2.0,0.3481787443161011,1.0,1.0,1.0,0.35753917694091797,0.3495838940143585,1.0,0.723561704158783,0.7268900871276855,1.0,1.0,1.0,0.3481787443161011,0.3481787443161011,0.3495838940143585,0.723561704158783,1.0,0.0,0.35818105936050415,-0.8794527649879456,0.9495950937271118,-0.926134467124939,0.03581605106592178,0.01636616140604019,0.4545454680919647,-0.028991499915719032,0.7496057748794556,-0.6618845462799072,0.0,0.04408809915184975,0.1239716187119484,0.0,0.0,0.0,113.65874481201172,8.696797370910645,8.696797370910645,8.719522476196289,25.0,18.127805709838867,0.044099532067775726,0.9559004679322243,0.3478718948364258,0.3478718948364258,0.0,0.0,0.0,0.0,0.0,1.0566001762322799,0.15890099517193998,-3.006469870785389,-1.0109906693154334,0.0,-0.0,-0.03843468222190538,-0.00021281334558213356,0.010794830322265626,0.15,-0.0,0.0,0.0,-0.0,0.0,0.0,0.0,0.0,0.35,0.0,0.0,0.0,0.0,0.0,0.0,0.0,0.0,0.27866469584405423,-0.0,-2.34130859375,0.0,0.10069970830005553,-0.0,-0.29266357421875,-0.29266357421875,-0.05,0.040225867228836545,0.02786162681877613,-3.0,0.0,-0.005670564750076405,-0.0,-0.84787432085439,0.018023247195132795,0.022529058993915996,-0.01877421582826333,0.0006126021390754331,-0.12434634580139459,-0.002990131303502866,0.0,0.0,0.0,0.03675366041716188,-0.052499999105930326,-0.0,-0.0,0.0,0.0,0.0,0.0,0.0,0.0,0.0,0.02786162681877613,2.6462635500356555,23.26086922832157,0.4206521686004555,0.0,0.25,0.3499999940395355,3.0,2.0,0.25,0.3499999940395355,0.25,0.3499999940395355,0.25,143.0,0.0,0.0,0.0,0.25,0.25,0.0,0.0,0.0,0.0,0.0,0.0,0.0,0.0,0.0,0.0,0.0,0.0,33.697208404541016,-102.13545227050781,33.596946716308594,-101.8315658569336,-0.10026168823242188,0.30388641357421875,0.31999900937080383,1.8894820962032186,-0.31331464648246765,0.9496493935585022,0.0,0.0,0.0,0.0,28.0,28.0,28.0,0.0,0.0,0.0,0.0,0.0,1.0,120.0,1.0,0.0,0.0,0.0,7.32,269.0282999537885,0.6774000357836485,160.73719994165003,99.05940003227443,67.06799997482449,4.0,4.771499894559383,3.0250001000240445,0.7201998960226774,0.000500003807246685
1,184,184,-2.979496927064643,0,0,3.0,3.0,0.34787189960479736,1.0,1.0,1.0,0.35642293095588684,0.34878090023994446,1.0,0.7251121997833252,0.7288033366203308,1.0,1.0,1.0,0.34787189960479736,0.34787189960479736,0.34878090023994446,0.7251121997833252,1.0,0.0,0.3574996292591095,-0.8770968317985535,0.9471561908721924,-0.9260318875312805,0.037803765386343,0.120781309902668,0.4545454680919647,-0.029106086120009422,0.7511610388755798,-0.6601189970970154,0.0,0.044099532067775726,0.12418273091316223,0.0,0.0,0.0,113.36814880371094,8.696797370910645,8.696797370910645,8.719522476196289,25.0,18.127805709838867,0.044099532067775726,0.9559004679322243,0.3478718948364258,0.3478718948364258,0.0,0.0,0.0,0.0,0.0,1.0645838607560258,0.15136306176086334,-3.0000242169891886,-1.1954196325923436,0.0,-0.0,-0.03843468222190538,-0.00021281334558213356,0.0,0.15,-0.0,0.0,0.0,-0.0,0.0,0.0,0.0,0.0,0.35,0.0,0.0,0.0,0.0,0.0,0.0,0.0,0.0,0.27866469584405423,-0.0,-2.32476806640625,0.0,0.10868339282380146,-0.0,-0.29059600830078125,-0.29059600830078125,-0.05,0.043367259039262494,0.030037447810173035,-3.0,0.0,-0.00617305741637413,-0.0,-0.9298451381634691,0.03604649439026559,0.04505811798783199,-0.03754843165652666,0.0012252042781508662,-0.24869269160278917,-0.002990131303502866,0.0,0.0,0.0,0.04001055732835085,-0.052499999105930326,-0.0,-0.0,0.0,0.0,0.0,0.0,0.0,0.0,0.0,0.030037447810173035,2.8807601276412607,32.4,0.7326086850269979,0.0,0.25,0.699999988079071,3.0,3.0,0.25,0.699999988079071,0.25,0.699999988079071,0.25,144.0,0.0,0.0,0.0,0.25,0.25,0.0,0.0,0.0,0.0,0.0,0.0,0.0,0.0,0.0,0.0,0.0,0.0,33.597076416015625,-101.83177947998047,33.4968147277832,-101.52789306640625,-0.10026168823242188,0.30388641357421875,0.31999900937080383,1.8894820962032186,-0.31331512331962585,0.9496492147445679,0.0,0.0,0.0,0.0,28.0,28.0,28.0,0.0,0.0,0.0,0.0,0.0,1.0,120.0,1.0,0.0,0.0,0.0,7.36,167.19910001847893,0.7885999511927366,142.79419998638332,16.1348000401631,11.810900061391294,4.0,3.9694999577477574,2.8049000538885593,0.6744000129401684,0.000300002284348011
1,185,185,-2.9074417423539236,0,0,3.0,2.0,0.34787189960479736,1.0,1.0,1.0,0.35642293095588684,0.34878090023994446,1.0,0.7251121997833252,0.7288033366203308,1.0,1.0,1.0,0.34787189960479736,0.34787189960479736,0.34878090023994446,0.7251121997833252,1.0,0.0,0.35682961344718933,-0.8747549057006836,0.9447345733642578,-0.9259265661239624,0.041153717786073685,0.20355606079101562,0.4545454680919647,-0.029106086120009422,0.7528226971626282,-0.6582233905792236,0.0,0.044099532067775726,0.12418273091316223,0.0,0.0,0.0,113.07935333251953,8.688374519348145,8.688374519348145,8.698205947875977,25.0,18.170753479003906,0.04411361739039421,0.9558863826096058,0.3475349807739258,0.3475349807739258,0.0,0.0,0.0,0.0,0.0,1.0713176921505714,0.1650062460594475,-3.000646024624465,-1.1431196559394778,0.0,-0.0,-0.03870755295065824,-0.00020918862607298864,0.012094268798828127,0.15,-0.0,0.0,0.0,-0.0,0.0,0.0,0.0,0.0,0.35,0.0,0.0,0.0,0.0,0.0,0.0,0.0,0.0,0.2786738513037562,-0.0,-2.31036376953125,0.0,0.11543130954096553,-0.0,-0.28879547119140625,-0.28879547119140625,-0.05,0.0460576011702929,0.03190125524997711,-3.0,0.0,-0.006453573763476951,-0.0,-0.9792181316896618,0.017980222937685395,0.022475278672106747,-0.01872939889342229,0.0006129935299296007,-0.12434011249973614,-0.002946935126972118,0.0,0.0,0.0,0.04182871883735061,-0.052499999105930326,-0.0,-0.0,0.0,0.0,0.0,0.0,0.0,0.0,0.0,0.03190125524997711,3.0116677562892438,23.26086922832157,0.4206521686004555,0.0,0.25,0.3499999940395355,3.0,2.0,0.25,0.3499999940395355,0.25,0.3499999940395355,0.25,145.0,0.0,0.0,0.0,0.25,0.25,0.0,0.0,0.0,0.0,0.0,0.0,0.0,0.0,0.0,0.0,0.0,0.0,33.496944427490234,-101.52810668945312,33.39668273925781,-101.2242202758789,-0.10026168823242188,0.30388641357421875,0.31999900937080383,1.8894820962032186,-0.31331562995910645,0.9496490359306335,0.0,0.0,0.0,0.0,28.0,28.0,28.0,0.0,0.0,0.0,0.0,0.0,1.0,120.0,1.0,0.0,0.0,0.0,7.4,205.9125000378117,0.7413000566884875,131.55049993656576,65.62220002524555,37.540199933573604,4.0,4.298500018194318,2.761300071142614,0.8951999479904771,0.000500003807246685
1,186,186,-2.821901194774593,0,0,3.0,1.0,0.34753498435020447,1.0,1.0,1.0,0.35523658990859985,0.3479282259941101,1.0,0.7268301248550415,0.7308933734893799,1.0,1.0,1.0,0.34753498435020447,0.34753498435020447,0.3479282259941101,0.7268301248550415,1.0,0.0,0.35616979002952576,-0.8724247813224792,0.9423279166221619,-0.925818681716919,0.04302382469177246,0.1136350929737091,0.4545454680919647,-0.033401068300008774,0.7546075582504272,-0.6561763882637024,0.0,0.04411361739039421,0.12441304326057434,0.0,0.0,0.0,112.7909927368164,8.67519474029541,8.6798095703125,8.67519474029541,25.0,18.218530654907227,0.0342339389026165,0.9657660610973835,0.3470077896118164,0.3471923828125,0.0,0.0,0.0,0.0,0.0,1.084089502434852,0.1662221844342113,-3.0028929460747382,-1.069319935568918,0.0,-0.0,-0.03900430148659803,-0.00020522880766527598,0.013780040740966799,0.15,-0.0,0.0,0.0,-0.0,0.0,0.0,0.0,0.0,0.35,0.0,0.0,0.0,0.0,0.0,0.0,0.0,0.0,0.27225206028670074,-0.0,-2.306884765625,0.0,0.11832344133746853,-0.0,-0.288360595703125,-0.288360595703125,-0.05,0.047107053925261724,0.032345931977033615,-3.0,0.0,-0.006426258272358349,-0.0,-1.0025988278487146,0.0,0.0,0.0,0.0,0.0,-0.007794850341914836,0.0,0.0,0.0,0.041651673987507826,-0.052499999105930326,-0.0,-0.0,0.0,0.0,0.0,0.0,0.0,0.0,0.0,0.032345931977033615,2.9989205271005632,0.0,0.0,0.0,0.25,0.0,3.0,1.0,0.25,0.0,0.25,0.0,0.25,146.0,0.0,0.0,0.0,0.25,0.25,0.0,0.0,0.0,0.0,0.0,0.0,0.0,0.0,0.0,0.0,0.0,0.0,33.396812438964844,-101.22443389892578,33.29655075073242,-100.92054748535156,-0.10026168823242188,0.30388641357421875,0.31999900937080383,1.8894820962032186,-0.31331610679626465,0.949648916721344,0.0,0.0,0.0,0.0,28.0,28.0,28.0,0.0,0.0,0.0,0.0,0.0,1.0,120.0,1.0,0.0,0.0,0.0,7.44,223.9715000614524,0.6756000220775604,137.29079999029636,45.327399973757565,26.67009993456304,4.0,13.283400097861886,20.456800004467368,6.890099961310625,0.000500003807246685
1,187,187,-2.939137167814068,0,0,3.0,2.0,0.3471923768520355,1.0,1.0,1.0,0.3539484441280365,0.34700778126716614,1.0,0.7287412285804749,0.7332236766815186,1.0,1.0,1.0,0.34700778126716614,0.3471923768520355,0.34700778126716614,0.7287412285804749,1.0,0.0,0.3555121123790741,-0.8700976967811584,0.939924955368042,-0.9257097840309143,0.04284172132611275,-0.011065303348004818,0.4545454680919647,-0.03435397893190384,0.7564195394515991,-0.654086709022522,0.0,0.0342339389026165,0.10913790017366409,0.0,0.0,0.0,112.50348663330078,8.67519474029541,8.6798095703125,8.67519474029541,25.0,18.218530654907227,0.0342339389026165,0.9657660610973835,0.3470077896118164,0.3471923828125,0.0,0.0,0.0,0.0,0.0,1.0874007358510203,0.15412362305322147,-2.992858345370168,-1.1878031813481418,0.0,-0.0,-0.03900430148659803,-0.00020522880766527598,0.0,0.15,-0.0,0.0,0.0,-0.0,0.0,0.0,0.0,0.0,0.35,0.0,0.0,0.0,0.0,0.0,0.0,0.0,0.0,0.27225206028670074,-0.0,-2.300048828125,0.0,0.12163467475363687,-0.0,-0.287506103515625,-0.287506103515625,-0.05,0.04831266056565388,0.033173758536577225,-3.0,0.0,-0.006685686516469077,-0.0,-1.0506322789705023,0.04815814944097028,0.06019768680121284,-0.050164739001010705,0.0003691682041413479,-0.12875063185863908,-0.007794850341914836,0.0,0.0,0.0,0.04333315334748477,-0.052499999105930326,-0.0,-0.0,0.0,0.0,0.0,0.0,0.0,0.0,0.0,0.033173758536577225,3.119987041018903,23.26086922832157,0.4206521686004555,0.0,0.25,0.3499999940395355,3.0,2.0,0.25,0.3499999940395355,0.25,0.3499999940395355,0.25,147.0,0.0,0.0,0.0,0.25,0.25,0.0,0.0,0.0,0.0,0.0,0.0,0.0,0.0,0.0,0.0,0.0,0.0,33.29668045043945,-100.92076110839844,33.19641876220703,-100.61687469482422,-0.10026168823242188,0.30388641357421875,0.31999900937080383,1.8894820962032186,-0.31331661343574524,0.9496487379074097,0.0,0.0,0.0,0.0,28.0,28.0,28.0,0.0,0.0,0.0,0.0,0.0,1.0,120.0,1.0,0.0,0.0,0.0,7.48,235.34369992557913,0.73490000795573,160.25660000741482,60.48380001448095,38.08139998000115,4.0,8.326299954205751,4.544300027191639,0.952000031247735,0.000600004568696022
1,188,188,-2.912734535352593,0,0,3.0,2.0,0.3471923768520355,1.0,1.0,1.0,0.3539484441280365,0.34700778126716614,1.0,0.7287412285804749,0.7332236766815186,1.0,1.0,1.0,0.34700778126716614,0.3471923768520355,0.34700778126716614,0.7287412285804749,1.0,0.0,0.35485756397247314,-0.8677769899368286,0.9375290274620056,-0.9256000518798828,0.04457124322652817,0.10509245842695236,0.4545454680919647,-0.03435397893190384,0.7582243084907532,-0.6519938111305237,0.0,0.0342339389026165,0.10913790017366409,0.0,0.0,0.0,112.21737670898438,8.65165901184082,8.670621871948242,8.65165901184082,25.0,18.269865036010742,0.03426191583275795,0.965738084167242,0.3460663604736328,0.3468248748779297,0.0,0.0,0.0,0.0,0.0,1.0926853889688852,0.17049829639050879,-2.9908024275600953,-1.1851157931518919,0.0,-0.0,-0.03931017794157484,-0.00020105766133530706,0.014953155517578125,0.15,-0.0,0.0,0.0,-0.0,0.0,0.0,0.0,0.0,0.35,0.0,0.0,0.0,0.0,0.0,0.0,0.0,0.0,0.2722702452912927,-0.0,-2.28887939453125,0.0,0.12694730480164318,-0.0,-0.28610992431640625,-0.28610992431640625,-0.05,0.05038424545633925,0.03459705412387848,-3.0,0.0,-0.006951555227701153,-0.0,-1.1002079558578959,0.0480726926376299,0.06009086579703737,-0.050075721497531145,0.0003697718398100848,-0.1287380337777031,-0.007675857065538077,0.0,0.0,0.0,0.04505637647584081,-0.0,-0.0,-0.0,0.0,0.0,0.0,0.0,0.0,0.0,0.0,0.03459705412387848,3.244059106260538,23.26086922832157,0.4206521686004555,0.0,0.25,0.3499999940395355,3.0,2.0,0.25,0.3499999940395355,0.25,0.3499999940395355,0.25,148.0,0.0,0.0,0.0,0.25,0.25,0.0,0.0,0.0,0.0,0.0,0.0,0.0,0.0,0.0,0.0,0.0,0.0,33.19654846191406,-100.6170883178711,33.09628677368164,-100.31320190429688,-0.10026168823242188,0.30388641357421875,0.31999900937080383,1.8894820962032186,-0.31331709027290344,0.9496485590934753,0.0,0.0,0.0,0.0,28.0,28.0,28.0,0.0,0.0,0.0,0.0,0.0,1.0,120.0,1.0,0.0,0.0,0.0,7.52,255.14060002751648,0.6703999824821949,164.99399999156594,68.39579995721579,28.654800029471517,4.0,17.603399930521846,2.7318999636918306,0.7005000952631235,0.000500003807246685
1,189,189,-3.1157816366723776,0,0,3.0,3.0,0.34682488441467285,1.0,1.0,1.0,0.3526354730129242,0.34606635570526123,1.0,0.7307946085929871,0.7357233166694641,1.0,1.0,1.0,0.34606635570526123,0.34682488441467285,0.34606635570526123,0.7307946085929871,1.0,0.0,0.3542102873325348,-0.8654657006263733,0.9351447820663452,-0.9254884123802185,0.04634370282292366,0.10770144313573837,0.4545454680919647,-0.036429572850465775,0.7601102590560913,-0.6497941017150879,0.0,0.03426191583275795,0.10938446968793869,0.0,0.0,0.0,111.933349609375,8.65165901184082,8.670621871948242,8.65165901184082,25.0,18.269865036010742,0.03426191583275795,0.965738084167242,0.3460663604736328,0.3468248748779297,0.0,0.0,0.0,0.0,0.0,1.100717095559441,0.15880464056528873,-2.978885110327271,-1.3964182624698365,0.0,-0.0,-0.03931017794157484,-0.00020105766133530706,0.0,0.15,-0.0,0.0,0.0,-0.0,0.0,0.0,0.0,0.0,0.35,0.0,0.0,0.0,0.0,0.0,0.0,0.0,0.0,0.2722702452912927,-0.0,-2.272216796875,0.0,0.13497901139219887,-0.0,-0.284027099609375,-0.284027099609375,-0.05,0.05348823570559815,0.036728452891111374,-3.0,0.0,-0.007454449465950684,-0.0,-1.1882271068309038,0.0961453852752598,0.12018173159407473,-0.10015144299506229,0.0007395436796201696,-0.2574760675554062,-0.007675857065538077,0.0,0.0,0.0,0.048315876168198886,-0.052499999105930326,-0.0,-0.0,0.0,0.0,0.0,0.0,0.0,0.0,0.0,0.036728452891111374,3.4787430841103197,32.4,0.7326086850269979,0.0,0.25,0.699999988079071,3.0,3.0,0.25,0.699999988079071,0.25,0.699999988079071,0.25,149.0,0.0,0.0,0.0,0.25,0.25,0.0,0.0,0.0,0.0,0.0,0.0,0.0,0.0,0.0,0.0,0.0,0.0,33.09641647338867,-100.31341552734375,32.99615478515625,-100.00952911376953,-0.10026168823242188,0.30388641357421875,0.31999900937080383,1.8894820962032186,-0.31331759691238403,0.949648380279541,0.0,0.0,0.0,0.0,28.0,28.0,28.0,0.0,0.0,0.0,0.0,0.0,1.0,120.0,1.0,0.0,0.0,0.0,7.56,184.7874999511987,0.5938999820500612,155.42809991165996,19.30270006414503,14.059599954634905,4.0,5.517299985513091,3.170900046825409,0.7326999912038445,0.000300002284348011
1,190,190,-3.1205545132805996,0,0,3.0,3.0,0.34682488441467285,1.0,1.0,1.0,0.3526354730129242,0.34606635570526123,1.0,0.7307946085929871,0.7357233166694641,1.0,1.0,1.0,0.34606635570526123,0.34682488441467285,0.34606635570526123,0.7307946085929871,1.0,0.0,0.3535734713077545,-0.8631687760353088,0.9327779412269592,-0.925374448299408,0.04969632998108864,0.20371873676776886,0.4545454680919647,-0.036429572850465775,0.7620876431465149,-0.6474738717079163,0.0,0.03426191583275795,0.10938446968793869,0.0,0.0,0.0,111.65178680419922,8.6264009475708,8.661295890808105,8.6264009475708,25.0,18.326589584350586,0.034286655485630035,0.96571334451437,0.345056037902832,0.34645183563232423,0.0,0.0,0.0,0.0,0.0,1.1102065664222243,0.17862457647554456,-2.9751899564590576,-1.4341956997193108,0.0,-0.0,-0.03964111884561604,-0.00019654706514325425,0.01686105728149414,0.15,-0.0,0.0,0.0,-0.0,0.0,0.0,0.0,0.0,0.35,0.0,0.0,0.0,0.0,0.0,0.0,0.0,0.0,0.2722863260656595,-0.0,-2.25250244140625,0.0,0.1444932219078543,-0.0,-0.28156280517578125,-0.28156280517578125,-0.05,0.0572110979845565,0.03928565979003906,-3.0,0.0,-0.007961325701884925,-0.0,-1.2779570337627373,0.09599424848937872,0.11999281061172339,-0.09999400884310283,0.0007406120763533303,-0.2574537879285287,-0.007557214660512686,0.0,0.0,0.0,0.0516011851048097,-0.0,-0.0,-0.0,0.0,0.0,0.0,0.0,0.0,0.0,0.0,0.03928565979003906,3.7152853275462983,32.4,0.7326086850269979,0.0,0.25,0.699999988079071,3.0,3.0,0.25,0.699999988079071,0.25,0.699999988079071,0.25,150.0,0.0,0.0,0.0,0.25,0.25,0.0,0.0,0.0,0.0,0.0,0.0,0.0,0.0,0.0,0.0,0.0,0.0,32.99628448486328,-100.0097427368164,32.89602279663086,-99.70585632324219,-0.10026168823242188,0.30388641357421875,0.31999900937080383,1.8894820962032186,-0.3133181035518646,0.9496482610702515,0.0,0.0,0.0,0.0,28.0,28.0,28.0,0.0,0.0,0.0,0.0,0.0,1.0,120.0,1.0,0.0,0.0,0.0,7.6,180.05009996704757,0.6720999954268336,124.03929990250617,47.637400100938976,27.99749991390854,4.0,3.942199982702732,2.840499975718558,0.8902000263333321,0.000400003045797348
1,191,191,-3.2125296113556674,0,0,3.0,3.0,0.34645184874534607,1.0,1.0,1.0,0.3512258231639862,0.34505602717399597,1.0,0.7330635786056519,0.7384605407714844,1.0,1.0,1.0,0.34505602717399597,0.34645184874534607,0.34505602717399597,0.7330635786056519,1.0,0.0,0.3529498875141144,-0.860888659954071,0.9304315447807312,-0.9252573847770691,0.053075503557920456,0.20533180236816406,0.4545454680919647,-0.040643200278282166,0.7642077207565308,-0.6449702382087708,0.0,0.034286655485630035,0.109638512134552,0.0,0.0,0.0,111.37269592285156,8.6264009475708,8.661295890808105,8.6264009475708,25.0,18.326589584350586,0.034286655485630035,0.96571334451437,0.345056037902832,0.34645183563232423,0.0,0.0,0.0,0.0,0.0,1.1197187952282066,0.16505574653025595,-2.9714911839866947,-1.5258129691274354,0.0,-0.0,-0.03964111884561604,-0.00019654706514325425,0.0,0.15,-0.0,0.0,0.0,-0.0,0.0,0.0,0.0,0.0,0.35,0.0,0.0,0.0,0.0,0.0,0.0,0.0,0.0,0.2722863260656595,-0.0,-2.23272705078125,0.0,0.15400545071383653,-0.0,-0.27909088134765625,-0.27909088134765625,-0.05,0.06090987045691943,0.04182552918791771,-3.0,0.0,-0.008469269348042352,-0.0,-1.3690663595247043,0.09599424848937872,0.11999281061172339,-0.09999400884310283,0.0007406120763533303,-0.2574537879285287,-0.007557214660512686,0.0,0.0,0.0,0.05489341244101525,-0.0,-0.0,-0.0,0.0,0.0,0.0,0.0,0.0,0.0,0.0,0.04182552918791771,3.9523256957530974,32.4,0.7326086850269979,0.0,0.25,0.699999988079071,3.0,3.0,0.25,0.699999988079071,0.25,0.699999988079071,0.25,151.0,0.0,0.0,0.0,0.25,0.25,0.0,0.0,0.0,0.0,0.0,0.0,0.0,0.0,0.0,0.0,0.0,0.0,32.89615249633789,-99.70606994628906,32.79589080810547,-99.40218353271484,-0.10026168823242188,0.30388641357421875,0.31999900937080383,1.8894820962032186,-0.3133185803890228,0.9496480226516724,0.0,0.0,0.0,0.0,28.0,28.0,28.0,0.0,0.0,0.0,0.0,0.0,1.0,120.0,1.0,0.0,0.0,0.0,7.64,158.3539000712335,0.45950000640004873,130.64160000067204,17.318899976089597,12.67960004042834,4.0,5.792599986307323,3.1327001051977277,0.9757999796420336,0.000500003807246685
1,192,192,-4.158565623561456,0,0,4.0,2.0,0.34645184874534607,1.0,1.0,1.0,0.3512258231639862,0.34505602717399597,1.0,0.7330635786056519,0.7384605407714844,1.0,1.0,1.0,0.34505602717399597,0.34645184874534607,0.34505602717399597,0.7330635786056519,1.0,0.0,0.3523390591144562,-0.8586254119873047,0.9281057715415955,-0.9251374006271362,0.056461796164512634,0.20576420426368713,0.4545454680919647,-0.040643200278282166,0.7664583921432495,-0.6422939896583557,0.0,0.034286655485630035,0.109638512134552,0.0,0.0,0.0,111.09529113769531,8.597978591918945,8.652138710021973,8.597978591918945,25.0,18.390422821044922,0.02609821781516075,0.9739017821848392,0.3439191436767578,0.3460855484008789,0.0,0.0,0.0,0.0,0.0,1.1357437351817805,0.18455017766504322,-2.972817585263057,-2.5060419511452223,0.0,-0.0,-0.040016866531302576,-0.00019159209851831038,0.019375457763671878,0.15,-0.0,0.0,0.0,-0.0,0.0,0.0,0.0,0.0,0.35,0.0,0.0,0.0,0.0,0.0,0.0,0.0,0.0,0.2669638415798545,-0.0,-2.21923828125,0.0,0.1618419529969412,-0.0,-0.27740478515625,-0.27740478515625,-0.05,0.06379741694137786,0.0434965156018734,-3.0,0.0,-0.012646353223465388,-0.015061983471074398,-2.0936504390936093,0.043805447330939405,0.05475680916367425,-0.11255566328088602,0.00021455184288138963,-0.2986267411138108,-0.016777578584615208,0.0,0.0,0.0,0.05538317853119225,-0.05550000071525574,-0.0,-0.0,0.0,0.0,0.0,0.0,0.0,0.0,0.0,0.0434965156018734,3.9875888542458418,23.26086922832157,0.4206521686004555,0.0,0.5,0.3499999940395355,4.0,2.0,0.5,0.3499999940395355,0.3700000047683716,0.3499999940395355,0.3700000000000001,152.0,0.0,0.0,0.0,0.5,0.5,1.0,0.1299999999999999,0.0,0.0,0.0,0.0,0.0,0.0,0.0,0.0,0.0,0.0,32.7960205078125,-99.40239715576172,32.69575881958008,-99.0985107421875,-0.10026168823242188,0.30388641357421875,0.31999900937080383,1.8894820962032186,-0.3133191168308258,0.9496479034423828,0.0,0.0,0.0,0.0,28.0,28.0,28.0,0.0,0.0,0.0,0.0,0.0,1.0,120.0,1.0,0.0,0.0,0.0,7.68,193.7263000290841,0.5429999437183142,134.8149999976158,49.61420001927763,27.3147999541834,4.0,4.90409997291863,3.224999993108213,0.5916000809520483,0.000300002284348011
1,193,193,-3.100876970837519,0,0,3.0,0.0,0.3460855484008789,1.0,1.0,1.0,0.34967079758644104,0.34391915798187256,1.0,0.73561692237854,0.7415638566017151,1.0,1.0,1.0,0.34391915798187256,0.3460855484008789,0.34391915798187256,0.73561692237854,1.0,0.0,0.3517354726791382,-0.856374204158783,0.9257940649986267,-0.9250158667564392,0.056965555995702744,0.030610380694270134,0.6727272868156433,-0.04448012635111809,0.7688252329826355,-0.639458954334259,0.0,0.02609821781516075,0.09416269510984421,0.0,0.0,0.0,110.81428527832031,8.56937313079834,8.644974708557129,8.56937313079834,25.0,18.45682144165039,0.026116997003555298,0.9738830029964447,0.3427749252319336,0.3457989883422852,0.0,0.0,0.0,0.0,0.0,1.1216853329505074,0.17976331246033,-2.991693945166531,-1.4106316710818252,0.0,-0.0,-0.04039864640491385,-0.00018657049873852235,0.02097759246826172,0.15,-0.0,0.0,0.0,-0.0,0.0,0.0,0.0,0.0,0.35,0.0,0.0,0.0,0.0,0.0,0.0,0.0,0.0,0.26697604805231095,-0.0,-2.248046875,0.0,0.14780232995406273,-0.0,-0.281005859375,-0.281005859375,-0.05,0.05830605483346907,0.039753202348947525,-3.0,0.0,-0.007617230263911188,-0.0,-1.269768971756101,0.0,0.0,0.0,0.0,0.0,-0.011202860288800697,0.006721716607313049,0.0,0.0,0.04937093689572067,-0.1287643253803253,-0.0,-0.0,0.0,0.0,0.0,0.0,0.0,0.0,0.0,0.039753202348947525,3.554707456491888,0.0,0.0,0.45652173913043476,0.25,-0.5,3.0,0.0,0.25,-0.5,0.25,-0.5,0.25,153.0,0.0,0.0,0.0,0.25,0.25,0.0,0.0,0.0,0.0,0.0,0.0,0.0,0.0,0.0,0.0,0.0,0.0,32.69588851928711,-99.09872436523438,32.59562683105469,-98.79483795166016,-0.10026168823242188,0.30388641357421875,0.31999900937080383,1.8894820962032186,-0.3133196234703064,0.9496476650238037,0.0,0.0,0.0,0.0,28.0,28.0,28.0,0.0,0.0,0.0,0.0,0.0,1.0,120.0,1.0,0.0,0.0,0.0,7.72,181.95339990779757,0.46209990978240967,135.15170000027865,38.235199986957014,20.999799948185682,4.0,4.633100004866719,2.7227000100538135,0.7098999340087175,0.000400003045797348
1,194,194,-3.3103693220619634,0,0,3.0,3.0,0.3457989990711212,1.0,1.0,1.0,0.34811320900917053,0.3427749276161194,1.0,0.7382728457450867,0.7448233962059021,1.0,1.0,1.0,0.3427749276161194,0.3457989990711212,0.3427749276161194,0.7382728457450867,1.0,0.0,0.3511126935482025,-0.8540984988212585,0.9234523773193359,-0.9248971343040466,0.05078153684735298,-0.3757651150226593,0.4545454680919647,-0.04697294905781746,0.7712935209274292,-0.6364796161651611,0.0,0.026116997003555298,0.09438285231590271,0.0,0.0,0.0,110.53271484375,8.56937313079834,8.644974708557129,8.56937313079834,25.0,18.45682144165039,0.026116997003555298,0.9738830029964447,0.3427749252319336,0.3457989883422852,0.0,0.0,0.0,0.0,0.0,1.1194155710161278,0.1610647714365615,-2.9659990970797727,-1.62485056743488,0.0,-0.0,-0.04039864640491385,-0.00018657049873852235,0.0,0.15,-0.0,0.0,0.0,-0.0,0.0,0.0,0.0,0.0,0.35,0.0,0.0,0.0,0.0,0.0,0.0,0.0,0.0,0.26697604805231095,-0.0,-2.2525634765625,0.0,0.14553256801968306,-0.0,-0.2815704345703125,-0.2815704345703125,-0.05,0.057251940019741335,0.03903450444340706,-3.0,0.0,-0.007968855343918715,-0.0,-1.3375450639737334,0.14590343400265054,0.1823792925033132,-0.151982743752761,0.0004297214381466287,-0.26486348486721906,-0.011202860288800697,0.0,0.0,0.0,0.05164998834021389,-0.18000000715255737,-0.0,-0.0,0.0,0.0,0.0,0.0,0.0,0.0,0.0,0.03903450444340706,3.7187991604954003,32.4,0.7326086850269979,0.0,0.25,0.699999988079071,3.0,3.0,0.25,0.699999988079071,0.25,0.699999988079071,0.25,154.0,0.0,0.0,0.0,0.25,0.25,0.0,0.0,0.0,0.0,0.0,0.0,0.0,0.0,0.0,0.0,0.0,0.0,32.59575653076172,-98.79505157470703,32.4954948425293,-98.49116516113281,-0.10026168823242188,0.30388641357421875,0.31999900937080383,1.8894820962032186,-0.3133201599121094,0.9496475458145142,0.0,0.0,0.0,0.0,28.0,28.0,28.0,0.0,0.0,0.0,0.0,0.0,1.0,120.0,1.0,0.0,0.0,0.0,7.76,176.65289994329214,0.5391999147832394,129.90430009085685,38.126999977976084,13.90619995072484,4.0,4.227799945510924,3.1568000558763742,0.6545999785885215,0.000400003045797348
1,195,195,-3.1802246589509484,0,0,3.0,2.0,0.3457989990711212,1.0,1.0,1.0,0.34811320900917053,0.3427749276161194,1.0,0.7382728457450867,0.7448233962059021,1.0,1.0,1.0,0.3427749276161194,0.3457989990711212,0.3427749276161194,0.7382728457450867,1.0,0.0,0.35048389434814453,-0.8518199324607849,0.9211059808731079,-0.9247795343399048,0.05312570184469223,0.14244072139263153,0.4545454680919647,-0.04697294905781746,0.7736169099807739,-0.6336535811424255,0.0,0.026116997003555298,0.09438285231590271,0.0,0.0,0.0,110.25314331054688,8.543061256408691,8.639226913452148,8.543061256408691,25.0,18.52159309387207,0.026129335165023804,0.9738706648349762,0.3417224502563477,0.34556907653808594,0.0,0.0,0.0,0.0,0.0,1.12721865108105,0.18374341982172154,-2.9763510269944313,-1.5148357028592887,0.0,-0.0,-0.040753043913465736,-0.00018179878818816545,0.021026897430419925,0.15,-0.0,0.0,0.0,-0.0,0.0,0.0,0.0,0.0,0.35,0.0,0.0,0.0,0.0,0.0,0.0,0.0,0.0,0.2669840678572655,-0.0,-2.236572265625,0.0,0.15334798624607382,-0.0,-0.279571533203125,-0.279571533203125,-0.05,0.06028140092563035,0.04110043868422508,-3.0,0.0,-0.008277639185770281,-0.0,-1.3988541848076679,0.07291402952693601,0.09114253690867002,-0.07595211409055835,0.00021506377552982277,-0.13242610758630682,-0.011097288294190964,0.0,0.0,0.0,0.05365136509295553,-0.052499999105930326,-0.0,-0.0,0.0,0.0,0.0,0.0,0.0,0.0,0.0,0.04110043868422508,3.862898286692798,23.26086922832157,0.4206521686004555,0.0,0.25,0.3499999940395355,3.0,2.0,0.25,0.3499999940395355,0.25,0.3499999940395355,0.25,155.0,0.0,0.0,0.0,0.25,0.25,0.0,0.0,0.0,0.0,0.0,0.0,0.0,0.0,0.0,0.0,0.0,0.0,32.49562454223633,-98.49137878417969,32.395362854003906,-98.18749237060547,-0.10026168823242188,0.30388641357421875,0.31999900937080383,1.8894820962032186,-0.31332066655158997,0.9496473670005798,0.0,0.0,0.0,0.0,28.0,28.0,28.0,0.0,0.0,0.0,0.0,0.0,1.0,120.0,1.0,0.0,0.0,0.0,7.8,380.7931001065299,1.0001000482589006,129.33799996972084,241.31569999735802,118.87199990451336,4.0,4.889200092293322,3.3576999558135867,0.8471000473946333,0.000500003807246685
