episode,episode_step,global_step,reward,terminated,truncated,model_steering,model_drive,obs_lidar_00,obs_lidar_01,obs_lidar_02,obs_lidar_03,obs_lidar_04,obs_lidar_05,obs_lidar_06,obs_lidar_07,obs_lidar_08,obs_lidar_09,obs_lidar_10,obs_lidar_11,obs_lidar_min,obs_front_lidar_min,obs_left_lidar_min,obs_back_lidar_min,obs_right_lidar_min,obs_vision_visible,obs_pursuer_dx,obs_pursuer_dy,obs_pursuer_distance,obs_pursuer_sin_bearing,obs_ego_speed,obs_ego_acceleration,obs_ego_steering,obs_ego_yaw_rate,obs_ego_heading_sin,obs_ego_heading_cos,obs_ego_touch,obs_avoidance_front_risk,obs_avoidance_danger_delta,obs_avoidance_turn_direction,obs_avoidance_heading_progress,obs_avoidance_heading_remaining,distance_to_pursuer,obstacle_distance,front_obstacle_distance,left_obstacle_distance,right_obstacle_distance,back_obstacle_distance,front_corridor_risk,obstacle_risk_escape_scale,min_lidar,front_lidar,pursuer_visible,front_pursuer_visible,left_pursuer_visible,right_pursuer_visible,back_pursuer_visible,pursuer_reward_total,obstacle_reward_total,movement_reward_total,stability_reward_total,survival_reward_total,front_obstacle_penalty,side_obstacle_penalty,back_obstacle_penalty,obstacle_clearance_delta_reward,obstacle_collision_free_reward,back_approach_penalty,front_blocked_speed_penalty,front_blocked_drive_penalty,front_blocked_straight_penalty,front_blocked_brake_reward,obstacle_action_reward,obstacle_action_penalty,obstacle_target_steering,obstacle_target_drive,obstacle_steering_error,obstacle_drive_error,obstacle_turn_commitment_reward,obstacle_turn_switch_penalty,obstacle_turn_progress_reward,obstacle_wrong_heading_penalty,obstacle_insufficient_turn_penalty,obstacle_heading_progress,obstacle_heading_goal,obstacle_safety_intervention_penalty,moving_away_reward,visual_moving_away_reward,radial_escape_reward,tangential_orbit_penalty,raw_distance_delta,distance_delta,exploration_reward,movement_reward,rewarded_moved_distance,still_penalty,obstacle_stall_penalty,fast_turn_penalty,tight_turn_penalty,long_curve_penalty,straight_drive_reward,clear_path_straight_reward,unnecessary_turn_penalty,avoidance_turn_reward,over_avoidance_turn_penalty,clear_front_turn_penalty,straighten_reward,turn_towards_obstacle_penalty,turn_towards_visible_pursuer_penalty,path_prediction_reward,action_smoothness_penalty,tilt_penalty,overspeed_penalty,survival_reward,captured,obstacle_collision,rollover,touch_contact,raw_touch_sensor_contact,touch_collision_plausible,moved_distance,speed_kmh,target_speed,throttle,brake,policy_steering,policy_drive,policy_steering_index,policy_drive_index,quantized_steering,quantized_drive,applied_steering,applied_drive,current_steering,steering_direction_streak,obstacle_turn_direction,obstacle_safety_active,obstacle_safety_action_delta,evader_steering_target,evader_steering_command_target,evader_steering_stabilization_active,evader_steering_stabilization_delta,evader_steering_commit_direction,evader_steering_commit_steps_left,pursuer_avoidance_active,pursuer_avoidance_obstacle_count,pursuer_avoidance_side,pursuer_avoidance_commit_steps_left,pursuer_return_to_chase_steps_left,pursuer_contact_active,pursuer_contact_source,pursuer_contact_memory_steps_left,pursuer_x,pursuer_y,pursuer_next_x,pursuer_next_y,pursuer_move_x,pursuer_move_y,pursuer_move_distance,pursuer_heading,pursuer_guidance_x,pursuer_guidance_y,pursuer_knows_exact_position,pursuer_target_x,pursuer_target_y,pursuer_lidar_avoidance_active,pursuer_lidar_front_distance,pursuer_lidar_left_distance,pursuer_lidar_right_distance,pursuer_lidar_danger_count,pursuer_planner_active,pursuer_planner_path_length,pursuer_planner_replan,pursuer_planner_stuck_recovery,pursuer_count,pursuer_direct_chase_hold_steps_left,pursuer_behavior_limited,pursuer_line_of_sight,pursuer_info_mode,pursuer_hint_refresh,pursuer_hint_age_seconds,timing_total_ms,timing_control_ms,timing_pursuer_ms,timing_webots_ms,timing_webots_max_step_ms,timing_webots_steps,timing_observation_ms,timing_reward_ms,timing_finish_ms,timing_display_ms
1,1,1,0.2589479373398872,0,0,1.0,3.0,0.6810176968574524,0.5786061882972717,1.0,0.6056433916091919,0.5927531123161316,0.6333078742027283,1.0,1.0,0.6429110169410706,1.0,1.0,1.0,0.5786061882972717,0.5786061882972717,0.5927531123161316,0.6429110169410706,1.0,0.0,0.3098895847797394,1.0,1.0,0.9880507588386536,0.0,0.0,0.0,0.0005079551483504474,-0.00010319720604456961,-1.0,0.0,0.0,0.0,0.0,0.0,0.0,241.27061462402344,14.465192794799805,14.465192794799805,14.819147109985352,25.0,16.072656631469727,0.0,1.0,0.5786077117919922,0.5786077117919922,0.0,0.0,0.0,0.0,0.0,1.0006130279507488,0.1560399759731442,-1.4431190541991965,0.5454139876151907,0.0,-0.0,-0.0051779015164791515,-0.0004841888909072512,0.0003247833251953125,0.15,-0.000118255615234375,0.0,0.0,-0.0,0.0,0.0,0.0,0.0,0.35,0.0,0.0,0.0,0.0,0.0,0.0,0.0,0.0,0.25,-0.0,0.00054931640625,0.0,0.0006130279507488012,-0.0,0.0001373291015625,0.0001373291015625,1.5,0.0008809467544779181,0.0005872978363186121,-3.0,0.0,-0.0009263234894105367,-0.0,-0.0,0.4378181743621827,0.5472727179527282,-0.15272727012634274,0.0,-0.06664462696422228,-0.11284700150923294,0.0,-0.0010126874595880507,0.0,0.01250822613015771,-0.10653168261051178,-0.0,-0.0,0.0,0.0,0.0,0.0,0.0,0.0,0.0,0.0005872978363186121,0.9005922813713552,32.4,0.7326086850269979,0.0,-0.25,0.699999988079071,1.0,3.0,-0.25,0.699999988079071,-0.11999999731779099,0.699999988079071,-0.12,1.0,0.0,0.0,0.0,-0.25,-0.25,1.0,0.13,0.0,0.0,0.0,0.0,0.0,0.0,0.0,0.0,0.0,0.0,0.0,0.0,0.0,0.0,0.0,0.0,0.0,0.0,0.0,0.0,0.0,0.0,0.0,0.0,28.0,28.0,28.0,0.0,0.0,0.0,0.0,0.0,1.0,0.0,1.0,0.0,0.0,0.0,0.04,57.863099966198206,0.5541999125853181,0.001100008375942707,49.519099993631244,22.649900056421757,4.0,4.155599977821112,2.835499937646091,0.7392000406980515,0.000700005330145359
1,2,2,0.07211912352311067,0,0,2.0,4.0,0.6810711622238159,0.5786077380180359,1.0,0.6056420207023621,0.5927658677101135,0.6333500742912292,1.0,1.0,0.6429062485694885,1.0,1.0,1.0,0.5786077380180359,0.5786077380180359,0.5927658677101135,0.6429062485694885,1.0,0.0,0.3098943829536438,1.0,1.0,0.9880504012107849,0.012865603901445866,0.7817641496658325,-0.2181818187236786,-0.008843748830258846,0.0001492048759246245,-1.0,0.0,0.0,0.0,0.0,0.0,0.0,241.270751953125,14.465192794799805,14.465192794799805,14.819147109985352,25.0,16.072656631469727,0.0,1.0,0.5786077117919922,0.5786077117919922,0.0,0.0,0.0,0.0,0.0,1.00055268779397,0.14433790959261358,-2.9653637322178112,1.8925922583543382,0.0,-0.0,-0.0051779015164791515,-0.0004841888909072512,0.0,0.15,-0.0,0.0,0.0,-0.0,0.0,0.0,0.0,0.0,0.35,0.0,0.0,0.0,0.0,0.0,0.0,0.0,0.0,0.25,-0.0,0.00054931640625,0.0,0.000552687793970108,-0.0,0.0001373291015625,0.0001373291015625,-0.05,0.004636267782188952,0.003090845188125968,-3.0,0.0,-0.0,-0.0,-0.0,0.8,1.0,-0.0,0.0,-0.0,-0.0,0.14105874260297638,0.0,0.0,0.0,-0.04846648424863815,-0.0,-0.0,0.0,0.0,0.0,0.0,0.0,0.0,0.0,0.003090845188125968,0.4720057912543416,32.4,1.0,0.0,0.0,1.0,2.0,4.0,0.0,1.0,0.0,1.0,0.0,0.0,0.0,0.0,0.0,0.0,0.0,0.0,0.0,0.0,0.0,0.0,0.0,0.0,0.0,0.0,0.0,0.0,0.0,0.0,0.0,0.0,0.0,0.0,0.0,0.0,0.0,0.0,0.0,0.0,0.0,0.0,0.0,28.0,28.0,28.0,0.0,0.0,0.0,0.0,0.0,1.0,0.0,1.0,0.0,0.0,0.0,0.08,37.30999992694706,0.6102999905124307,0.001500011421740055,29.9032999901101,10.52819995675236,4.0,3.278000047430396,2.6282999897375703,0.8462000405415893,0.000800006091594696
1,3,3,-0.8367008912846696,0,0,3.0,4.0,0.6810711622238159,0.5786077380180359,1.0,0.6056420207023621,0.5927658677101135,0.6333500742912292,1.0,1.0,0.6429062485694885,1.0,1.0,1.0,0.5786077380180359,0.5786077380180359,0.5927658677101135,0.6429062485694885,1.0,0.0,0.30991989374160767,1.0,1.0,0.9880484342575073,0.006742939818650484,-0.372036874294281,0.0,-0.008843748830258846,3.140798435197212e-05,-1.0,0.0,0.0,0.0,0.0,0.0,0.0,241.27117919921875,14.464057922363281,14.464057922363281,14.820704460144043,25.0,16.074708938598633,0.0,1.0,0.5785623168945313,0.5785623168945313,0.0,0.0,0.0,0.0,0.0,1.0029665038455278,0.15752477350446112,-2.9594007621333005,0.962208593498642,0.0,-0.0,-0.005175301601987474,-0.0004837915722885127,0.001726341247558594,0.15,-0.0,0.0,0.0,-0.0,0.0,0.0,0.0,0.0,0.35,0.0,0.0,0.0,0.0,0.0,0.0,0.0,0.0,0.25,-0.0,0.001708984375,0.0,0.002966503845527768,-0.0,0.00042724609375,0.00042724609375,-0.05,0.010599237866699696,0.007066158577799797,-3.0,0.0,-0.0008485115976461342,-0.0,-0.0,0.6254545454545455,0.7818181818181819,-0.21818181818181814,0.0,-0.0952066115702479,-0.11282719282670453,0.0,0.0,0.0,0.011457525431178511,-0.017999999597668646,-0.0,-0.0,0.0,0.0,0.0,0.0,0.0,0.0,0.0,0.007066158577799797,0.8249418310448527,32.4,1.0,0.0,0.25,1.0,3.0,4.0,0.25,1.0,0.11999999731779099,1.0,0.12,1.0,0.0,0.0,0.0,0.25,0.25,1.0,0.13,0.0,0.0,0.0,0.0,0.0,0.0,0.0,0.0,0.0,0.0,0.0,0.0,0.0,0.0,0.0,0.0,0.0,0.0,0.0,0.0,0.0,0.0,0.0,0.0,28.0,28.0,28.0,0.0,0.0,0.0,0.0,0.0,1.0,0.0,1.0,0.0,0.0,0.0,0.12,49.19629998039454,0.5976000102236867,0.000600004568696022,39.93950004223734,23.355099954642355,4.0,4.561000037938356,3.369000041857362,0.690799904987216,0.000300002284348011
1,4,4,-0.46199351972000513,0,0,2.0,3.0,0.6811021566390991,0.578562319278717,1.0,0.6057189702987671,0.5928281545639038,0.633390486240387,1.0,1.0,0.642988383769989,1.0,1.0,1.0,0.578562319278717,0.578562319278717,0.5928281545639038,0.642988383769989,1.0,0.0,0.3099779486656189,1.0,1.0,0.9880439639091492,0.011784883216023445,0.3063680827617645,0.2181818187236786,0.0038668038323521614,-0.0002590176882222295,-0.9999999403953552,0.0,0.0,0.0,0.0,0.0,0.0,241.27197265625,14.455306053161621,14.455306053161621,14.821340560913086,25.0,16.075645446777344,0.0,1.0,0.5782122421264648,0.5782122421264648,0.0,0.0,0.0,0.0,0.0,1.0068661258555949,0.15741139704346888,-2.9786475688032805,1.3523765261842116,0.0,-0.0,-0.005174240053239152,-0.0004836103763232361,-0.001742076873779297,0.15,-0.0,0.0,0.0,-0.0,0.0,0.0,0.0,0.0,0.35,0.0,0.0,0.0,0.0,0.0,0.0,0.0,0.0,0.25,-0.0,0.003173828125,0.0,0.006866125855594873,-0.0,0.00079345703125,0.00079345703125,-0.05,0.015352432150393724,0.01023495476692915,-3.0,0.0,-0.0,-0.0,-0.0,0.5599999904632569,0.699999988079071,-0.0,0.0,-0.0,-0.0,0.1408430318905218,0.0,0.0,0.01481132434681058,-0.04846648424863815,-0.0,-0.0,0.0,0.0,0.0,0.0,0.0,0.0,0.0,0.01023495476692915,1.0664153529703617,32.4,0.7326086850269979,0.0,0.0,0.699999988079071,2.0,3.0,0.0,0.699999988079071,0.0,0.699999988079071,0.0,0.0,0.0,0.0,0.0,0.0,0.0,0.0,0.0,0.0,0.0,0.0,0.0,0.0,0.0,0.0,0.0,0.0,0.0,0.0,0.0,0.0,0.0,0.0,0.0,0.0,0.0,0.0,0.0,0.0,0.0,0.0,0.0,28.0,28.0,28.0,0.0,0.0,0.0,0.0,0.0,1.0,0.0,1.0,0.0,0.0,0.0,0.16,43.708099983632565,0.654800096526742,0.0005998881533741951,35.0293000228703,16.986000002361834,4.0,4.550199955701828,2.7513999957591295,0.6771000334993005,0.000400003045797348
1,5,5,-0.8468586568993202,0,0,3.0,4.0,0.6810932755470276,0.5782122611999512,1.0,0.6057575941085815,0.5928536057472229,0.6333924531936646,1.0,1.0,0.643025815486908,1.0,1.0,1.0,0.5782122611999512,0.5782122611999512,0.5928536057472229,0.643025815486908,1.0,0.0,0.3100612461566925,1.0,1.0,0.9880375862121582,0.015234504826366901,0.2096124291419983,0.0,-0.0034408303909003735,-0.00013934980961494148,-1.0,0.0,0.0,0.0,0.0,0.0,0.0,241.27294921875,14.455306053161621,14.455306053161621,14.821340560913086,25.0,16.075645446777344,0.0,1.0,0.5782122421264648,0.5782122421264648,0.0,0.0,0.0,0.0,0.0,1.0082213832065463,0.16332998679470503,-2.9497472222708168,0.9313371953702452,0.0,-0.0,-0.005174240053239152,-0.0004836103763232361,0.0,0.15,-0.0,0.0,0.0,-0.0,0.0,0.0,0.0,0.0,0.35,0.0,0.0,0.0,0.0,0.0,0.0,0.0,0.0,0.25,-0.0,0.00390625,0.0,0.008221383206546307,-0.0,0.0009765625,0.0009765625,-0.05,0.020252777729183435,0.013501851819455624,-3.0,0.0,-0.0014061849738657476,-0.0,-0.0,0.6254545454545455,0.7818181818181819,-0.21818181818181814,0.0,-0.0952066115702479,-0.11267443292791193,0.0,0.0,0.0,0.018987837224267425,-0.04846648424863815,-0.0,-0.0,0.0,0.0,0.0,0.0,0.0,0.0,0.0,0.013501851819455624,1.3671242801472545,32.4,1.0,0.0,0.25,1.0,3.0,4.0,0.25,1.0,0.11999999731779099,1.0,0.12,1.0,0.0,0.0,0.0,0.25,0.25,1.0,0.13,0.0,0.0,0.0,0.0,0.0,0.0,0.0,0.0,0.0,0.0,0.0,0.0,0.0,0.0,0.0,0.0,0.0,0.0,0.0,0.0,0.0,0.0,0.0,0.0,28.0,28.0,28.0,0.0,0.0,0.0,0.0,0.0,1.0,0.0,1.0,0.0,0.0,0.0,0.2,22.85539999138564,0.624299980700016,0.000600004568696022,15.819599968381226,6.493199965916574,4.0,3.4220999805256724,2.2549000568687916,0.7029999978840351,0.000400003045797348
1,6,6,-1.9387985726173282,0,0,3.0,3.0,0.6810932755470276,0.5782122611999512,1.0,0.6057575941085815,0.5928536057472229,0.6333924531936646,1.0,1.0,0.643025815486908,1.0,1.0,1.0,0.5782122611999512,0.5782122611999512,0.5928536057472229,0.643025815486908,1.0,0.0,0.31017187237739563,1.0,1.0,0.9880290627479553,0.019530346617102623,0.2610320448875427,0.2181818187236786,-0.0034408303909003735,-0.0001123052352340892,-1.0,0.0,0.0,0.0,0.0,0.0,0.0,241.2743377685547,14.4332275390625,14.4332275390625,14.822562217712402,25.0,16.076656341552734,0.0,1.0,0.5773291015625,0.5773291015625,0.0,0.0,0.0,0.0,0.0,1.0091924238950014,0.15930487916261674,-2.9694077652692794,-0.13788811040566698,0.0,-0.0,-0.005172201937834012,-0.00048341486417324234,-0.005241870880126953,0.15,-0.0,0.0,0.0,-0.0,0.0,0.0,0.0,0.0,0.35,0.0,0.0,0.0,0.0,0.0,0.0,0.0,0.0,0.25,-0.0,0.00555419921875,0.0,0.009192423895001411,-0.0,0.0013885498046875,0.0013885498046875,-0.05,0.024592235684394836,0.016394823789596558,-3.0,0.0,-0.0029922591349482537,-0.0,-0.0,0.3156363582611085,0.39454544782638556,-0.3054545402526855,0.0,-0.26657850785688914,-0.224578125,0.0,0.0,0.0,0.020202366844750942,-0.04846648424863815,-0.0,-0.0,0.0,0.0,0.0,0.0,0.0,0.0,0.0,0.016394823789596558,1.4545704128220678,32.4,0.7326086850269979,0.0,0.25,0.699999988079071,3.0,3.0,0.25,0.699999988079071,0.23999999463558197,0.699999988079071,0.24,2.0,0.0,0.0,0.0,0.25,0.25,1.0,0.010000000000000009,0.0,0.0,0.0,0.0,0.0,0.0,0.0,0.0,0.0,0.0,0.0,0.0,0.0,0.0,0.0,0.0,0.0,0.0,0.0,0.0,0.0,0.0,0.0,0.0,28.0,28.0,28.0,0.0,0.0,0.0,0.0,0.0,1.0,0.0,1.0,0.0,0.0,0.0,0.24,41.07259993907064,0.6079999729990959,0.000600004568696022,34.27549998741597,15.946900006383657,4.0,3.2612000359222293,2.1262000082060695,0.76149997767061,0.000400003045797348
1,7,7,-0.6874314336129923,0,0,2.0,4.0,0.6811626553535461,0.5773290991783142,1.0,0.6057987809181213,0.5929024815559387,0.6334620118141174,1.0,1.0,0.6430662274360657,1.0,1.0,1.0,0.5773290991783142,0.5773290991783142,0.5929024815559387,0.6430662274360657,1.0,0.0,0.31030717492103577,1.0,1.0,0.9880186915397644,0.020779578015208244,0.0759081020951271,0.4363636374473572,-0.0021327498834580183,1.7005522749968804e-05,-1.0,0.0,0.0,0.0,0.0,0.0,0.0,241.27674865722656,14.4332275390625,14.4332275390625,14.822562217712402,25.0,16.076656341552734,0.0,1.0,0.5773291015625,0.5773291015625,0.0,0.0,0.0,0.0,0.0,1.0121423676609993,0.16967193703555286,-2.9408601124584677,1.0716143741489232,0.0,-0.0,-0.005172201937834012,-0.00048341486417324234,0.0,0.15,-0.0,0.0,0.0,-0.0,0.0,0.0,0.0,0.0,0.35,0.0,0.0,0.0,0.0,0.0,0.0,0.0,0.0,0.25,-0.0,0.0096435546875,0.0,0.012142367660999298,-0.0,0.002410888671875,0.002410888671875,-0.05,0.029139887541532516,0.01942659169435501,-3.0,0.0,-0.0018756862727701664,-0.0,-0.0,0.6254545454545455,0.7818181818181819,-0.21818181818181814,0.0,-0.0952066115702479,-0.1122890625,0.14036130964967017,0.0,0.0,0.02532755383756012,-0.04846648424863815,-0.0,-0.0,0.0,0.0,0.0,0.0,0.0,0.0,0.0,0.01942659169435501,1.8235838763043286,32.4,1.0,0.0,0.0,1.0,2.0,4.0,0.0,1.0,0.11999999731779099,1.0,0.12,3.0,0.0,0.0,0.0,0.0,0.0,1.0,0.12,0.0,0.0,0.0,0.0,0.0,0.0,0.0,0.0,0.0,0.0,0.0,0.0,0.0,0.0,0.0,0.0,0.0,0.0,0.0,0.0,0.0,0.0,0.0,0.0,28.0,28.0,28.0,0.0,0.0,0.0,0.0,0.0,1.0,0.0,1.0,0.0,0.0,0.0,0.28,37.3812000034377,0.6573999999091029,0.000600004568696022,29.74299993366003,13.001199928112328,4.0,3.6932999501004815,2.75129999499768,0.4987000720575452,0.000300002284348011
1,8,8,0.1643435275493701,0,0,2.0,4.0,0.6811626553535461,0.5773290991783142,1.0,0.6057987809181213,0.5929024815559387,0.6334620118141174,1.0,1.0,0.6430662274360657,1.0,1.0,1.0,0.5773290991783142,0.5773290991783142,0.5929024815559387,0.6430662274360657,1.0,0.0,0.3104685842990875,1.0,1.0,0.9880064129829407,0.026051199063658714,0.320324182510376,0.2181818187236786,-0.0021327498834580183,0.0007311805384233594,-0.9999997615814209,0.0,0.0,0.0,0.0,0.0,0.0,241.28042602539062,14.39575481414795,14.39575481414795,14.82634162902832,25.0,16.074079513549805,0.0,1.0,0.5758301925659179,0.5758301925659179,0.0,0.0,0.0,0.0,0.0,1.0152432741597295,0.16289084959436623,-2.9353343288227918,1.9215437326180662,0.0,-0.0,-0.0051659019204105565,-0.0004839133918367284,-0.008372898101806641,0.15,-0.0025768280029296875,0.0,0.0,-0.0,0.0,0.0,0.0,0.0,0.35,0.0,0.0,0.0,0.0,0.0,0.0,0.0,0.0,0.25,-0.0,0.01470947265625,0.0,0.01524327415972948,-0.0,0.0036773681640625,0.0036773681640625,-0.05,0.034665671177208424,0.023110447451472282,-3.0,0.0,-0.0,-0.0,-0.0,0.8,1.0,-0.0,0.0,-0.0,-0.0,0.1395437322157349,0.0,0.0,0.02949039101134986,-0.017999999597668646,-0.0,-0.0,0.0,0.0,0.0,0.0,0.0,0.0,0.0,0.023110447451472282,2.1233081528171898,32.4,1.0,0.0,0.0,1.0,2.0,4.0,0.0,1.0,0.0,1.0,0.0,0.0,0.0,0.0,0.0,0.0,0.0,0.0,0.0,0.0,0.0,0.0,0.0,0.0,0.0,0.0,0.0,0.0,0.0,0.0,0.0,0.0,0.0,0.0,0.0,0.0,0.0,0.0,0.0,0.0,0.0,0.0,0.0,28.0,28.0,28.0,0.0,0.0,0.0,0.0,0.0,1.0,0.0,1.0,0.0,0.0,0.0,0.32,46.27100005745888,0.3819999983534217,0.000500003807246685,39.02529994957149,18.82660004775971,4.0,4.489999962970614,1.8474999815225601,0.5009000888094306,0.000300002284348011
1,9,9,0.06567043370228665,0,0,2.0,4.0,0.6817246079444885,0.5758302211761475,1.0,0.6057941317558289,0.5930536389350891,0.6339377760887146,1.0,1.0,0.642963171005249,1.0,1.0,1.0,0.5758302211761475,0.5758302211761475,0.5930536389350891,0.642963171005249,1.0,0.0,0.3106613755226135,1.0,1.0,0.9879918098449707,0.03033297322690487,0.2601773142814636,0.0,-0.012818118557333946,0.0017343676881864667,-0.9999985098838806,0.0,0.0,0.0,0.0,0.0,0.0,241.2851104736328,14.39575481414795,14.39575481414795,14.82634162902832,25.0,16.074079513549805,0.0,1.0,0.5758301925659179,0.5758301925659179,0.0,0.0,0.0,0.0,0.0,1.0167781226336956,0.17840902353298335,-2.9295167124643924,1.8,0.0,-0.0,-0.0051659019204105565,-0.0004839133918367284,0.0,0.15,-0.0,0.0,0.0,-0.0,0.0,0.0,0.0,0.0,0.35,0.0,0.0,0.0,0.0,0.0,0.0,0.0,0.0,0.25,-0.0,0.01873779296875,0.0,0.016778122633695602,-0.0,0.0046844482421875,0.0046844482421875,-0.05,0.040483287535607815,0.026988858357071877,-3.0,0.0,-0.0,-0.0,-0.0,0.8,1.0,-0.0,0.0,-0.0,-0.0,0.0,0.0,0.0,0.034058838845230636,-0.0,-0.0,-0.0,0.0,0.0,0.0,0.0,0.0,0.0,0.0,0.026988858357071877,2.452236396856606,32.4,1.0,0.0,0.0,1.0,2.0,4.0,0.0,1.0,0.0,1.0,0.0,0.0,0.0,0.0,0.0,0.0,0.0,0.0,0.0,0.0,0.0,0.0,0.0,0.0,0.0,0.0,0.0,0.0,0.0,0.0,0.0,0.0,0.0,0.0,0.0,0.0,0.0,0.0,0.0,0.0,0.0,0.0,0.0,28.0,28.0,28.0,0.0,0.0,0.0,0.0,0.0,1.0,0.0,1.0,0.0,0.0,0.0,0.36,26.595199946314096,0.38629991468042135,0.000600004568696022,20.87740006390959,9.147999924607575,4.0,2.810099977068603,1.7288000090047717,0.7585999555885792,0.000500003807246685
1,10,10,-0.5456147628012802,0,0,2.0,3.0,0.6817246079444885,0.5758302211761475,1.0,0.6057941317558289,0.5930536389350891,0.6339377760887146,1.0,1.0,0.642963171005249,1.0,1.0,1.0,0.5758302211761475,0.5758302211761475,0.5930536389350891,0.642963171005249,1.0,0.0,0.3108872175216675,1.0,1.0,0.9879747033119202,0.03503194823861122,0.2855280041694641,0.0,-0.012818118557333946,0.0024729175493121147,-0.9999969601631165,0.0,0.0,0.0,0.0,0.0,0.0,241.29067993164062,14.34438705444336,14.34438705444336,14.831720352172852,25.0,16.072895050048828,0.0,1.0,0.5737754821777343,0.5737754821777343,0.0,0.0,0.0,0.0,0.0,1.0182653535157442,0.16975810962582558,-2.9486382026970386,1.2149999767541886,0.0,-0.0,-0.005156949634914379,-0.0004841427172580626,-0.011178417205810547,0.15,-0.0011844635009765625,0.0,0.0,-0.0,0.0,0.0,0.0,0.0,0.35,0.0,0.0,0.0,0.0,0.0,0.0,0.0,0.0,0.25,-0.0,0.02227783203125,0.0,0.01826535351574421,-0.0,0.0055694580078125,0.0055694580078125,-0.05,0.045361798256635666,0.03024119883775711,-3.0,0.0,-0.0,-0.0,-0.0,0.5599999904632569,0.699999988079071,-0.0,0.0,-0.0,-0.0,0.0,0.0,0.0,0.03776208268478513,-0.04500000178813934,-0.0,-0.0,0.0,0.0,0.0,0.0,0.0,0.0,0.0,0.03024119883775711,2.7188699533045293,32.4,0.7326086850269979,0.0,0.0,0.699999988079071,2.0,3.0,0.0,0.699999988079071,0.0,0.699999988079071,0.0,0.0,0.0,0.0,0.0,0.0,0.0,0.0,0.0,0.0,0.0,0.0,0.0,0.0,0.0,0.0,0.0,0.0,0.0,0.0,0.0,0.0,0.0,0.0,0.0,0.0,0.0,0.0,0.0,0.0,0.0,0.0,0.0,28.0,28.0,28.0,0.0,0.0,0.0,0.0,0.0,1.0,0.0,1.0,0.0,0.0,0.0,0.4,49.2183999158442,0.6099999882280827,0.000700005330145359,40.34280008636415,26.22890006750822,4.0,4.270399920642376,3.320000017993152,0.6396999815478921,0.000500003807246685
1,11,11,-0.4907143667996736,0,0,2.0,3.0,0.6823758482933044,0.5737754702568054,1.0,0.6058430671691895,0.5932688117027283,0.6345057487487793,1.0,1.0,0.6429157853126526,1.0,1.0,1.0,0.5737754702568054,0.5737754702568054,0.5932688117027283,0.6429157853126526,1.0,0.0,0.31114065647125244,1.0,1.0,0.9879555106163025,0.03884099796414375,0.23145273327827454,0.0,-0.007209040690213442,0.0029808219987899065,-0.9999955296516418,0.0,0.0,0.0,0.0,0.0,0.0,241.29678344726562,14.285212516784668,14.285212516784668,14.837396621704102,25.0,16.075138092041016,0.0,1.0,0.5714085006713867,0.5714085006713867,0.0,0.0,0.0,0.0,0.0,1.0198709405958652,0.1737616337924387,-2.9443469197303056,1.259999978542328,0.0,-0.0,-0.005147519507474486,-0.00048370853108874266,-0.012314128875732423,0.15,-0.0,0.0,0.0,-0.0,0.0,0.0,0.0,0.0,0.35,0.0,0.0,0.0,0.0,0.0,0.0,0.0,0.0,0.25,-0.0,0.0244140625,0.0,0.01987094059586525,-0.0,0.006103515625,0.006103515625,-0.05,0.049653081223368645,0.03310205414891243,-3.0,0.0,-0.0,-0.0,-0.0,0.5599999904632569,0.699999988079071,-0.0,0.0,-0.0,-0.0,0.0,0.0,0.0,0.041706990706734365,-0.0,-0.0,-0.0,0.0,0.0,0.0,0.0,0.0,0.0,0.0,0.03310205414891243,3.002903330884874,32.4,0.7326086850269979,0.0,0.0,0.699999988079071,2.0,3.0,0.0,0.699999988079071,0.0,0.699999988079071,0.0,0.0,0.0,0.0,0.0,0.0,0.0,0.0,0.0,0.0,0.0,0.0,0.0,0.0,0.0,0.0,0.0,0.0,0.0,0.0,0.0,0.0,0.0,0.0,0.0,0.0,0.0,0.0,0.0,0.0,0.0,0.0,0.0,28.0,28.0,28.0,0.0,0.0,0.0,0.0,0.0,1.0,0.0,1.0,0.0,0.0,0.0,0.44,43.38379995897412,1.1431999737396836,0.000700005330145359,35.66499997396022,17.18670001719147,4.0,2.988400054164231,2.878100029192865,0.6652000593021512,0.000500003807246685
1,12,12,-0.7705572452443057,0,0,3.0,4.0,0.6828398108482361,0.5714085102081299,1.0,0.6059852838516235,0.5934958457946777,0.6349258422851562,1.0,1.0,0.6430055499076843,1.0,1.0,1.0,0.5714085102081299,0.5714085102081299,0.5934958457946777,0.6430055499076843,1.0,0.0,0.3114177882671356,1.0,1.0,0.9879345297813416,0.042898617684841156,0.24655674397945404,0.0,-0.0039019857067614794,0.0033434664364904165,-0.9999943971633911,0.0,0.0,0.0,0.0,0.0,0.0,241.3029327392578,14.285212516784668,14.285212516784668,14.837396621704102,25.0,16.075138092041016,0.0,1.0,0.5714085006713867,0.5714085006713867,0.0,0.0,0.0,0.0,0.0,1.0210048258304596,0.19130919627334286,-2.9151072793453934,0.9322360119972852,0.0,-0.0,-0.005147519507474486,-0.00048370853108874266,0.0,0.15,-0.0,0.0,0.0,-0.0,0.0,0.0,0.0,0.0,0.35,0.0,0.0,0.0,0.0,0.0,0.0,0.0,0.0,0.25,-0.0,0.02459716796875,0.0,0.021004825830459595,-0.0,0.0061492919921875,0.0061492919921875,-0.05,0.05489272065460682,0.03659514710307121,-3.0,0.0,-0.003476273709041732,-0.0,-0.0,0.6254545454545455,0.7818181818181819,-0.21818181818181814,0.0,-0.0952066115702479,-0.10970552756569601,0.0,0.0,0.0,0.0469404243119061,-0.04846648424863815,-0.0,-0.0,0.0,0.0,0.0,0.0,0.0,0.0,0.0,0.03659514710307121,3.379710550457239,32.4,1.0,0.0,0.25,1.0,3.0,4.0,0.25,1.0,0.11999999731779099,1.0,0.12,1.0,0.0,0.0,0.0,0.25,0.25,1.0,0.13,0.0,0.0,0.0,0.0,0.0,0.0,0.0,0.0,0.0,0.0,0.0,0.0,0.0,0.0,0.0,0.0,0.0,0.0,0.0,0.0,0.0,0.0,0.0,0.0,28.0,28.0,28.0,0.0,0.0,0.0,0.0,0.0,1.0,0.0,1.0,0.0,0.0,0.0,0.48,25.390499969944358,0.5031999899074435,0.000500003807246685,15.809200005605817,6.2547000125050545,4.0,4.938400001265109,3.092900034971535,1.0103000095114112,0.0004998873919248581
1,13,13,0.21588892958261696,0,0,2.0,4.0,0.6828398108482361,0.5714085102081299,1.0,0.6059852838516235,0.5934958457946777,0.6349258422851562,1.0,1.0,0.6430055499076843,1.0,1.0,1.0,0.5714085102081299,0.5714085102081299,0.5934958457946777,0.6430055499076843,1.0,0.0,0.3117234408855438,1.0,1.0,0.9879112839698792,0.048281580209732056,0.3270896077156067,0.2181818187236786,-0.0039019857067614794,0.003497923957183957,-0.9999938607215881,0.0,0.0,0.0,0.0,0.0,0.0,241.30950927734375,14.218618392944336,14.218618392944336,14.843734741210938,25.0,16.078527450561523,0.0,1.0,0.5687447357177734,0.5687447357177734,0.0,0.0,0.0,0.0,0.0,1.0246245544403791,0.18295614731698592,-2.9093707104027273,1.9176789382279793,0.0,-0.0,-0.005137010895364843,-0.0004830531907732621,-0.013551998138427735,0.15,-0.0,0.0,0.0,-0.0,0.0,0.0,0.0,0.0,0.35,0.0,0.0,0.0,0.0,0.0,0.0,0.0,0.0,0.25,-0.0,0.02630615234375,0.0,0.024624554440379143,-0.0,0.0065765380859375,0.0065765380859375,-0.05,0.06062928959727287,0.040419526398181915,-3.0,0.0,-0.0,-0.0,-0.0,0.8,1.0,-0.0,0.0,-0.0,-0.0,0.13567893782564797,0.0,0.0,0.05212820954155178,-0.017999999597668646,-0.0,-0.0,0.0,0.0,0.0,0.0,0.0,0.0,0.0,0.040419526398181915,3.7532310869917276,32.4,1.0,0.0,0.0,1.0,2.0,4.0,0.0,1.0,0.0,1.0,0.0,0.0,0.0,0.0,0.0,0.0,0.0,0.0,0.0,0.0,0.0,0.0,0.0,0.0,0.0,0.0,0.0,0.0,0.0,0.0,0.0,0.0,0.0,0.0,0.0,0.0,0.0,0.0,0.0,0.0,0.0,0.0,0.0,28.0,28.0,28.0,0.0,0.0,0.0,0.0,0.0,1.0,0.0,1.0,0.0,0.0,0.0,0.52,41.893300018273294,0.7442000787705183,0.000700005330145359,35.9989000717178,16.753299976699054,4.0,3.0593000119552016,1.5903000021353364,0.4661999410018325,0.000300002284348011
1,14,14,-0.7129773373354383,0,0,3.0,4.0,0.6832919120788574,0.5687447190284729,1.0,0.6061686873435974,0.5937494039535522,0.6353466510772705,1.0,1.0,0.6431410908699036,1.0,1.0,1.0,0.5687447190284729,0.5687447190284729,0.5937494039535522,0.6431410908699036,1.0,0.0,0.31206026673316956,1.0,1.0,0.9878856539726257,0.05361758545041084,0.32423657178878784,0.0,-0.009985502809286118,0.004170272033661604,-0.9999912977218628,0.0,0.0,0.0,0.0,0.0,0.0,241.31593322753906,14.218618392944336,14.218618392944336,14.843734741210938,25.0,16.078527450561523,0.0,1.0,0.5687447357177734,0.5687447357177734,0.0,0.0,0.0,0.0,0.0,1.026064371690154,0.2014837522079732,-2.903637656271458,0.9631121950378921,0.0,-0.0,-0.005137010895364843,-0.0004830531907732621,0.0,0.15,-0.0,0.0,0.0,-0.0,0.0,0.0,0.0,0.0,0.35,0.0,0.0,0.0,0.0,0.0,0.0,0.0,0.0,0.25,-0.0,0.02569580078125,0.0,0.026064371690154076,-0.0,0.0064239501953125,0.0064239501953125,-0.05,0.06636234372854233,0.044241562485694885,-3.0,0.0,-0.004228945480981043,-0.0,-0.0,0.6254545454545455,0.7818181818181819,-0.21818181818181814,0.0,-0.0952066115702479,-0.10854315740411931,0.0,0.0,0.0,0.05710381629411131,-0.017999999597668646,-0.0,-0.0,0.0,0.0,0.0,0.0,0.0,0.0,0.0,0.044241562485694885,4.111474773176014,32.4,1.0,0.0,0.25,1.0,3.0,4.0,0.25,1.0,0.11999999731779099,1.0,0.12,1.0,0.0,0.0,0.0,0.25,0.25,1.0,0.13,0.0,0.0,0.0,0.0,0.0,0.0,0.0,0.0,0.0,0.0,0.0,0.0,0.0,0.0,0.0,0.0,0.0,0.0,0.0,0.0,0.0,0.0,0.0,0.0,28.0,28.0,28.0,0.0,0.0,0.0,0.0,0.0,1.0,0.0,1.0,0.0,0.0,0.0,0.56,41.112500010058284,0.49379991833120584,0.000700005330145359,32.42639999371022,13.356300070881844,4.0,4.522799979895353,2.9631999786943197,0.6633000448346138,0.000500003807246685
1,15,15,0.23733803347962135,0,0,2.0,4.0,0.6832919120788574,0.5687447190284729,1.0,0.6061686873435974,0.5937494039535522,0.6353466510772705,1.0,1.0,0.6431410908699036,1.0,1.0,1.0,0.5687447190284729,0.5687447190284729,0.5937494039535522,0.6431410908699036,1.0,0.0,0.31242841482162476,1.0,1.0,0.9878575801849365,0.058735355734825134,0.31097543239593506,0.2181818187236786,-0.009985502809286118,0.00470859045162797,-0.9999889135360718,0.0,0.0,0.0,0.0,0.0,0.0,241.32278442382812,14.1430082321167,14.1430082321167,14.851198196411133,25.0,16.08043098449707,0.0,1.0,0.565720329284668,0.565720329284668,0.0,0.0,0.0,0.0,0.0,1.0290545355528593,0.1903020120486804,-2.898047776222229,1.9160292621003108,0.0,-0.0,-0.0051246649057201865,-0.0004826855275064018,-0.015950870513916013,0.15,-0.0,0.0,0.0,-0.0,0.0,0.0,0.0,0.0,0.35,0.0,0.0,0.0,0.0,0.0,0.0,0.0,0.0,0.25,-0.0,0.02740478515625,0.0,0.029054535552859306,-0.0,0.0068511962890625,0.0068511962890625,-0.05,0.071952223777771,0.047968149185180664,-3.0,0.0,-0.0,-0.0,-0.0,0.8,1.0,-0.0,0.0,-0.0,-0.0,0.1340292616979795,0.0,0.0,0.06186023299582303,-0.017999999597668646,-0.0,-0.0,0.0,0.0,0.0,0.0,0.0,0.0,0.0,0.047968149185180664,4.453936775699258,32.4,1.0,0.0,0.0,1.0,2.0,4.0,0.0,1.0,0.0,1.0,0.0,0.0,0.0,0.0,0.0,0.0,0.0,0.0,0.0,0.0,0.0,0.0,0.0,0.0,0.0,0.0,0.0,0.0,0.0,0.0,0.0,0.0,0.0,0.0,0.0,0.0,0.0,0.0,0.0,0.0,0.0,0.0,0.0,28.0,28.0,28.0,0.0,0.0,0.0,0.0,0.0,1.0,0.0,1.0,0.0,0.0,0.0,0.6,48.152900068089366,0.6912000244483352,0.000700005330145359,40.21619993727654,18.73649994377047,4.0,4.069100017659366,2.628199988976121,0.5151000805199146,0.000200001522898674
1,16,16,-0.4618820667378416,0,0,2.0,3.0,0.6839594841003418,0.5657203197479248,1.0,0.6063324213027954,0.5940479040145874,0.6359458565711975,1.0,1.0,0.6432172656059265,1.0,1.0,1.0,0.5657203197479248,0.5657203197479248,0.5940479040145874,0.6432172656059265,1.0,0.0,0.3128274381160736,1.0,1.0,0.9878270030021667,0.06362766772508621,0.2972760498523712,0.0,-0.011376996524631977,0.005649898201227188,-0.9999840259552002,0.0,0.0,0.0,0.0,0.0,0.0,241.3299102783203,14.1430082321167,14.1430082321167,14.851198196411133,25.0,16.08043098449707,0.0,1.0,0.565720329284668,0.565720329284668,0.0,0.0,0.0,0.0,0.0,1.0309462118893862,0.20954445942120636,-2.9173727148026227,1.2149999767541886,0.0,-0.0,-0.0051246649057201865,-0.0004826855275064018,0.0,0.15,-0.0,0.0,0.0,-0.0,0.0,0.0,0.0,0.0,0.35,0.0,0.0,0.0,0.0,0.0,0.0,0.0,0.0,0.25,-0.0,0.02850341796875,0.0,0.030946211889386177,-0.0,0.0071258544921875,0.0071258544921875,-0.05,0.07662728615105152,0.05108485743403435,-3.0,0.0,-0.0,-0.0,-0.0,0.5599999904632569,0.699999988079071,-0.0,0.0,-0.0,-0.0,0.0,0.0,0.0,0.06515180985443295,-0.04500000178813934,-0.0,-0.0,0.0,0.0,0.0,0.0,0.0,0.0,0.0,0.05108485743403435,4.690930309519172,32.4,0.7326086850269979,0.0,0.0,0.699999988079071,2.0,3.0,0.0,0.699999988079071,0.0,0.699999988079071,0.0,0.0,0.0,0.0,0.0,0.0,0.0,0.0,0.0,0.0,0.0,0.0,0.0,0.0,0.0,0.0,0.0,0.0,0.0,0.0,0.0,0.0,0.0,0.0,0.0,0.0,0.0,0.0,0.0,0.0,0.0,0.0,0.0,28.0,28.0,28.0,0.0,0.0,0.0,0.0,0.0,1.0,0.0,1.0,0.0,0.0,0.0,0.64,29.834300046786666,0.597400008700788,0.000600004568696022,24.253400042653084,10.525499936193228,4.0,2.7717999182641506,1.6007000813260674,0.5780999781563878,0.000300002284348011
1,17,17,0.09446685000218569,0,0,2.0,4.0,0.6839594841003418,0.5657203197479248,1.0,0.6063324213027954,0.5940479040145874,0.6359458565711975,1.0,1.0,0.6432172656059265,1.0,1.0,1.0,0.5657203197479248,0.5657203197479248,0.5940479040145874,0.6432172656059265,1.0,0.0,0.3132525086402893,1.0,1.0,0.9877944588661194,0.06701329350471497,0.20572355389595032,0.0,-0.011376996524631977,0.006464955862611532,-0.9999790787696838,0.0,0.0,0.0,0.0,0.0,0.0,241.33737182617188,14.056668281555176,14.056668281555176,14.859870910644531,25.0,16.08199691772461,0.0,1.0,0.562266731262207,0.562266731262207,0.0,0.0,0.0,0.0,0.0,1.0322091281414032,0.1956303249195977,-2.888372601270676,1.7549999982118607,0.0,-0.0,-0.0051103570985307385,-0.00048238328085350903,-0.018337440490722657,0.15,-0.0,0.0,0.0,-0.0,0.0,0.0,0.0,0.0,0.35,0.0,0.0,0.0,0.0,0.0,0.0,0.0,0.0,0.25,-0.0,0.02984619140625,0.0,0.0322091281414032,-0.0,0.0074615478515625,0.0074615478515625,-0.05,0.08162739872932434,0.05441826581954956,-3.0,0.0,-0.0,-0.0,-0.0,0.8,1.0,-0.0,0.0,-0.0,-0.0,0.0,0.0,0.0,0.06956050578970462,-0.04500000178813934,-0.0,-0.0,0.0,0.0,0.0,0.0,0.0,0.0,0.0,0.05441826581954956,5.0083564168587325,32.4,1.0,0.0,0.0,1.0,2.0,4.0,0.0,1.0,0.0,1.0,0.0,0.0,0.0,0.0,0.0,0.0,0.0,0.0,0.0,0.0,0.0,0.0,0.0,0.0,0.0,0.0,0.0,0.0,0.0,0.0,0.0,0.0,0.0,0.0,0.0,0.0,0.0,0.0,0.0,0.0,0.0,0.0,0.0,28.0,28.0,28.0,0.0,0.0,0.0,0.0,0.0,1.0,0.0,1.0,0.0,0.0,0.0,0.68,44.35079998802394,0.40440005250275135,0.000500003807246685,38.26709999702871,23.62700004596263,4.0,3.43150005210191,1.6884999349713326,0.5310000851750374,0.0003998866304755211
1,18,18,-0.432434822232709,0,0,2.0,4.0,0.6847829222679138,0.5622667074203491,1.0,0.606503427028656,0.594394862651825,0.636681079864502,1.0,1.0,0.6432798504829407,1.0,1.0,1.0,0.5622667074203491,0.5622667074203491,0.594394862651825,0.6432798504829407,1.0,0.0,0.31370556354522705,1.0,1.0,0.9877596497535706,0.07154794782400131,0.2755434811115265,0.0,-0.006766938138753176,0.006929277442395687,-0.9999759793281555,0.0,0.0,0.0,0.0,0.0,0.0,241.3455352783203,13.958230018615723,13.958230018615723,14.868983268737793,25.0,16.08780288696289,0.0029314537532627583,0.9970685462467372,0.5583292007446289,0.5583292007446289,0.0,0.0,0.0,0.0,0.0,1.0313898244745046,-0.2705779625580272,-2.887714349031727,1.6944676648825407,0.0,-0.0,-0.005095368483344256,-0.0004812642997145788,-0.019919204711914062,0.15,-0.0,0.0,0.0,-0.4690326005220413,0.0,0.0,0.0,0.0,0.35,0.0,0.0,0.0,0.0,0.0,0.0,0.0,0.0,0.2519054449396208,-0.0,0.03255808546398953,0.0,0.03432127822776733,-0.0,0.0081634521484375,0.0081634521484375,-0.05,0.08697597697349352,0.058128826320171356,-3.0,0.0,-0.0,-0.0,-0.0,0.7530967399477959,0.9413709249347448,-0.0,0.0,-0.0,-0.0,0.0,0.0,0.0,0.07395047545898706,-0.0,-0.0,-0.0,0.0,0.0,0.0,0.0,0.0,0.0,0.0,0.058128826320171356,5.324434233047068,32.4,1.0,0.0,0.0,1.0,2.0,4.0,0.0,1.0,0.0,1.0,0.0,0.0,0.0,0.0,0.0,0.0,0.0,0.0,0.0,0.0,0.0,0.0,0.0,0.0,0.0,0.0,0.0,0.0,0.0,0.0,0.0,0.0,0.0,0.0,0.0,0.0,0.0,0.0,0.0,0.0,0.0,0.0,0.0,28.0,28.0,28.0,0.0,0.0,0.0,0.0,0.0,1.0,0.0,1.0,0.0,0.0,0.0,0.72,39.959900081157684,0.4089000867679715,0.0004998873919248581,31.383100082166493,16.889599966816604,4.0,4.628999973647296,2.7849000180140138,0.7111000595614314,0.000400003045797348
1,19,19,-1.285553985752979,0,0,3.0,3.0,0.6853678822517395,0.5583292245864868,1.0,0.6067951917648315,0.5947593450546265,0.6372310519218445,1.0,1.0,0.6435121297836304,1.0,1.0,1.0,0.5583292245864868,0.5583292245864868,0.5947593450546265,0.6435121297836304,1.0,0.0,0.31418976187705994,1.0,1.0,0.9877224564552307,0.07606334984302521,0.2743731141090393,0.0,-0.0034152723383158445,0.007252680137753487,-0.999973714351654,0.0,0.0029314537532627583,-0.00023071539180818945,0.0,0.0,0.0,241.3541717529297,13.958230018615723,13.958230018615723,14.868983268737793,25.0,16.08780288696289,0.0029314537532627583,0.9970685462467372,0.5583292007446289,0.5583292007446289,0.0,0.0,0.0,0.0,0.0,1.032432767508179,0.02157638574379384,-2.905742448616979,0.5661793096120272,0.0,-0.0,-0.005095368483344256,-0.0004812642997145788,0.0,0.15,-0.0,0.0,0.0,-0.19999549911811149,0.0,0.0,0.0,0.0,0.35,0.0,0.0,0.0,0.0,0.0,0.0,0.0,0.0,0.2519054449396208,-0.0,0.03444462873386556,0.0,0.03536422126144183,-0.0,0.008636474609375,0.008636474609375,-0.05,0.0915407804844362,0.06117963045835495,-3.0,0.0,-0.005713398792449916,-0.0,-0.0,0.4121492997525693,0.5151866246907115,-0.1437730115415939,5.4138552055391305e-06,-0.06530825549551687,-0.09790087860826026,0.0,0.0,0.0,0.07714851764496417,-0.04846648424863815,-0.0,-0.0,0.0,0.0,0.0,0.0,0.0,0.0,0.0,0.06117963045835495,5.5546932704374195,32.4,0.7326086850269979,0.0,0.25,0.699999988079071,3.0,3.0,0.25,0.699999988079071,0.11999999731779099,0.699999988079071,0.12,1.0,0.0,0.0,0.0,0.25,0.25,1.0,0.13,0.0,0.0,0.0,0.0,0.0,0.0,0.0,0.0,0.0,0.0,0.0,0.0,0.0,0.0,0.0,0.0,0.0,0.0,0.0,0.0,0.0,0.0,0.0,0.0,28.0,28.0,28.0,0.0,0.0,0.0,0.0,0.0,1.0,0.0,1.0,0.0,0.0,0.0,0.76,28.002699953503907,0.6005000323057175,0.000600004568696022,19.58529988769442,7.93130008969456,4.0,4.170300089754164,2.9112999327480793,0.699099968187511,0.000400003045797348
1,20,20,-1.8892155195592037,0,0,2.0,4.0,0.6853678822517395,0.5583292245864868,1.0,0.6067951917648315,0.5947593450546265,0.6372310519218445,1.0,1.0,0.6435121297836304,1.0,1.0,1.0,0.5583292245864868,0.5583292245864868,0.5947593450546265,0.6435121297836304,1.0,0.0,0.31469959020614624,1.0,1.0,0.9876831769943237,0.07935275882482529,0.19987763464450836,0.2181818187236786,-0.0034152723383158445,0.00745867844671011,-0.9999721646308899,0.0,0.0029314537532627583,-0.00023071539180818945,0.0,0.0,0.0,241.36373901367188,13.848679542541504,13.848679542541504,14.879196166992188,25.0,16.094181060791016,0.010619801469147205,0.9893801985308528,0.5539471817016601,0.5539471817016601,0.0,0.0,0.0,0.0,0.0,1.0274607136984824,-1.4952041282831783,-2.891196977161802,1.4697248721872942,0.0,-0.0,-0.005078623644543512,-0.0004800380297080377,-0.022143554687499997,0.15,-0.0,0.0,0.0,-1.6991682350635529,0.0,0.0,0.0,0.0,0.35,0.0,0.0,0.0,0.0,0.0,0.0,0.0,0.0,0.2569028709549457,-0.0,0.03786263333000761,0.0,0.0380805151676295,-0.0,0.0095672607421875,0.0095672607421875,-0.05,0.0957947051888334,0.06444486975669861,-3.0,0.0,-0.0,-0.0,-0.0,0.6300831764936448,0.7876039706170559,-0.0,0.0,-0.0,-0.0,0.10050420932523181,0.0,0.0,0.08166632314212621,-0.04846648424863815,-0.0,-0.0,0.0,0.0,0.0,0.0,0.0,0.0,0.0,0.06444486975669861,5.879975266233087,32.4,1.0,0.0,0.0,1.0,2.0,4.0,0.0,1.0,0.0,1.0,0.0,0.0,0.0,0.0,0.0,0.0,0.0,0.0,0.0,0.0,0.0,0.0,0.0,0.0,0.0,0.0,0.0,0.0,0.0,0.0,0.0,0.0,0.0,0.0,0.0,0.0,0.0,0.0,0.0,0.0,0.0,0.0,0.0,28.0,28.0,28.0,0.0,0.0,0.0,0.0,0.0,1.0,0.0,1.0,0.0,0.0,0.0,0.8,46.62729997653514,0.39089994970709085,0.000500003807246685,41.16359993349761,19.513500039465725,4.0,2.839599968865514,1.5656000468879938,0.6302000256255269,0.000400003045797348
1,21,21,-1.9068111503599237,0,0,2.0,4.0,1.0,0.5539472103118896,1.0,0.6071117520332336,0.595167875289917,0.6378681063652039,1.0,1.0,0.643767237663269,1.0,1.0,1.0,0.5539472103118896,0.5539472103118896,0.595167875289917,0.643767237663269,1.0,0.0,0.31523677706718445,1.0,1.0,0.9876418113708496,0.0839996486902237,0.28236284852027893,0.0,-0.012935915030539036,0.008338560350239277,-0.999965250492096,0.0,0.010619801469147205,-0.000937354052439332,0.0,0.0,0.0,241.37405395507812,13.848679542541504,13.848679542541504,14.879196166992188,25.0,16.094181060791016,0.010619801469147205,0.9893801985308528,0.5539471817016601,0.5539471817016601,0.0,0.0,0.0,0.0,0.0,1.0295828713711614,-1.4684532494937161,-2.8856279193480696,1.4176871471107007,0.0,-0.0,-0.005078623644543512,-0.0004800380297080377,0.0,0.15,-0.0,0.0,0.0,-1.6991682350635529,0.0,0.0,0.0,0.0,0.35,0.0,0.0,0.0,0.0,0.0,0.0,0.0,0.0,0.2569028709549457,-0.0,0.040821595105398956,0.0,0.040202672840308554,-0.0,0.01031494140625,0.01031494140625,-0.05,0.10136376300256594,0.06819139420986176,-3.0,0.0,-0.0,-0.0,-0.0,0.6300831764936448,0.7876039706170559,-0.0,0.0,-0.0,-0.0,0.0,0.0,0.0,0.08627364724408836,-0.0,-0.0,-0.0,0.0,0.0,0.0,0.0,0.0,0.0,0.0,0.06819139420986176,6.211702601574361,32.4,1.0,0.0,0.0,1.0,2.0,4.0,0.0,1.0,0.0,1.0,0.0,0.0,0.0,0.0,0.0,0.0,0.0,0.0,0.0,0.0,0.0,0.0,0.0,0.0,0.0,0.0,0.0,0.0,0.0,0.0,0.0,0.0,0.0,0.0,0.0,0.0,0.0,0.0,0.0,0.0,0.0,0.0,0.0,28.0,28.0,28.0,0.0,0.0,0.0,0.0,0.0,1.0,0.0,1.0,0.0,0.0,0.0,0.84,32.88590000011027,0.6898000137880445,0.000600004568696022,25.918100029230118,10.514499968849123,4.0,3.257000003941357,2.2551999427378178,0.734600005671382,0.000400003045797348
1,22,22,-3.4496896183471213,0,0,2.0,3.0,1.0,0.5539472103118896,1.0,0.6071117520332336,0.595167875289917,0.6378681063652039,1.0,1.0,0.643767237663269,1.0,1.0,1.0,0.5539472103118896,0.5539472103118896,0.595167875289917,0.643767237663269,1.0,0.0,0.31580525636672974,1.0,1.0,0.9875980019569397,0.08873860538005829,0.2879577577114105,0.0,-0.012935915030539036,0.009122861549258232,-0.9999583959579468,0.0,0.010619801469147205,-0.000937354052439332,0.0,0.0,0.0,241.38479614257812,13.72792911529541,13.72792911529541,14.891046524047852,25.0,16.099687576293945,0.01909417100250721,0.9809058289974928,0.5491171646118164,0.5491171646118164,0.0,0.0,0.0,0.0,0.0,1.0221343197124806,-2.295493611153958,-2.9101572025909803,0.7338268756853361,0.0,-0.0,-0.005059265377226557,-0.00047898185855856475,-0.024542236328124994,0.15,-0.0,0.0,0.0,-2.5051552136774013,0.0,0.0,0.0,0.0,0.35,0.0,0.0,0.0,0.0,0.0,0.0,0.0,0.0,0.2624112111516297,-0.0,0.04214829733973602,0.0,0.04122849071498782,-0.0,0.0107421875,0.0107421875,-0.05,0.10522826952130987,0.07130953669548035,-3.0,0.0,-0.0,-0.0,-0.0,0.3461452788771002,0.4326815985963752,-0.0,0.0,-0.0,-0.0,0.0,0.0,0.0,0.08974208608735353,-0.04500000178813934,-0.0,-0.0,0.0,0.0,0.0,0.0,0.0,0.0,0.0,0.07130953669548035,6.461430198289454,32.4,0.7326086850269979,0.0,0.0,0.699999988079071,2.0,3.0,0.0,0.699999988079071,0.0,0.699999988079071,0.0,0.0,0.0,0.0,0.0,0.0,0.0,0.0,0.0,0.0,0.0,0.0,0.0,0.0,0.0,0.0,0.0,0.0,0.0,0.0,0.0,0.0,0.0,0.0,0.0,0.0,0.0,0.0,0.0,0.0,0.0,0.0,0.0,28.0,28.0,28.0,0.0,0.0,0.0,0.0,0.0,1.0,0.0,1.0,0.0,0.0,0.0,0.88,57.189300074242055,0.4224000731483102,0.000500003807246685,49.03599992394447,23.213999927975237,4.0,4.363000043667853,2.629399998113513,0.7029999978840351,0.000300002284348011
1,23,23,-2.6821642721500574,0,0,3.0,4.0,1.0,0.5491171479225159,1.0,0.6074309945106506,0.5956418514251709,0.6387035250663757,1.0,1.0,0.6439874768257141,1.0,1.0,1.0,0.5491171479225159,0.5491171479225159,0.5956418514251709,0.6439874768257141,1.0,0.0,0.3163996636867523,1.0,1.0,0.9875521063804626,0.09230614453554153,0.21677742898464203,0.0,-0.006353635340929031,0.009603241458535194,-0.9999538660049438,0.0,0.01909417100250721,-0.0013061818899586797,0.0,0.0,0.0,241.39578247070312,13.72792911529541,13.72792911529541,14.891046524047852,25.0,16.099687576293945,0.01909417100250721,0.9809058289974928,0.5491171646118164,0.5491171646118164,0.0,0.0,0.0,0.0,0.0,1.022974476634193,-1.3497051292180222,-2.8903789533407664,0.5349453337745385,0.0,-0.0,-0.005059265377226557,-0.00047898185855856475,0.0,0.15,-0.0,0.0,0.0,-1.5886350274085999,0.0,0.0,0.0,0.0,0.35,0.0,0.0,0.0,0.0,0.0,0.0,0.0,0.0,0.2624112111516297,-0.0,0.04310621318836638,0.0,0.0420686476367003,-0.0,0.010986328125,0.010986328125,-0.05,0.11017172026324525,0.07465954124927521,-3.0,0.0,-0.006996040941289492,-0.0,-0.0,0.3866038245504553,0.4832547806880691,-0.1348617992617867,0.00032812862964568847,-0.08311876951930029,-0.06179830612261705,0.0,0.0,0.0,0.09446814542636275,-0.04846648424863815,-0.0,-0.0,0.0,0.0,0.0,0.0,0.0,0.0,0.0,0.07465954124927521,6.801706470698118,32.4,1.0,0.0,0.25,1.0,3.0,4.0,0.25,1.0,0.11999999731779099,1.0,0.12,1.0,0.0,0.0,0.0,0.25,0.25,1.0,0.13,0.0,0.0,0.0,0.0,0.0,0.0,0.0,0.0,0.0,0.0,0.0,0.0,0.0,0.0,0.0,0.0,0.0,0.0,0.0,0.0,0.0,0.0,0.0,0.0,28.0,28.0,28.0,0.0,0.0,0.0,0.0,0.0,1.0,0.0,1.0,0.0,0.0,0.0,0.92,37.55689994432032,0.6368999602273107,0.000700005330145359,30.016800039447844,13.378600007854402,4.0,4.009900032542646,1.9148999126628041,0.9437999688088894,0.000400003045797348
1,24,24,-4.852316943167372,0,0,1.0,3.0,1.0,0.5491171479225159,1.0,0.6074309945106506,0.5956418514251709,0.6387035250663757,1.0,1.0,0.6439874768257141,1.0,1.0,1.0,0.5491171479225159,0.5491171479225159,0.5956418514251709,0.6439874768257141,1.0,0.0,0.3170219361782074,1.0,1.0,0.9875039458274841,0.0971672385931015,0.295378714799881,0.2181818187236786,-0.006353635340929031,0.009890692308545113,-0.9999510645866394,0.0,0.01909417100250721,-0.0013061818899586797,0.0,0.0,0.0,241.4075164794922,13.597553253173828,13.597553253173828,14.90343952178955,25.0,16.108930587768555,0.028376208618283272,0.9716237913817167,0.5439021301269531,0.5439021301269531,0.0,0.0,0.0,0.0,0.0,1.0164461267653788,-3.5060134194574197,-2.9120202921276004,0.5492706416522689,0.0,-0.0,-0.005039102307536655,-0.0004772142342804656,-0.025501155853271482,0.15,-0.0,0.0,0.0,-3.7229585382447716,0.0,0.0,0.0,0.0,0.35,0.0,0.0,0.0,0.0,0.0,0.0,0.0,0.0,0.26844453560188414,-0.0,0.04560416843094117,0.0,0.044822335383662044,-0.0,0.0117340087890625,0.0117340087890625,-0.05,0.11376106193731794,0.0777151808142662,-3.0,0.0,-0.0,-0.0,-0.0,0.24218645935081648,0.3027330741885206,-0.0,0.0,-0.0,-0.0,0.05281759236157,0.0,0.0,0.09796259118244051,-0.04846648424863815,-0.0,-0.0,0.0,0.0,0.0,0.0,0.0,0.0,0.0,0.0777151808142662,7.053306565135717,32.4,0.7326086850269979,0.0,-0.25,0.699999988079071,1.0,3.0,-0.25,0.699999988079071,0.0,0.699999988079071,0.0,0.0,0.0,0.0,0.0,-0.25,-0.25,1.0,0.25,0.0,0.0,0.0,0.0,0.0,0.0,0.0,0.0,0.0,0.0,0.0,0.0,0.0,0.0,0.0,0.0,0.0,0.0,0.0,0.0,0.0,0.0,0.0,0.0,28.0,28.0,28.0,0.0,0.0,0.0,0.0,0.0,1.0,0.0,1.0,0.0,0.0,0.0,0.96,47.51299996860325,0.43290003668516874,0.000400003045797348,39.54049991443753,24.577899952419102,4.0,4.332899930886924,2.5243000127375126,0.6515999557450414,0.000300002284348011
1,25,25,-6.436549313931417,0,0,2.0,3.0,1.0,0.5439021587371826,1.0,0.607852578163147,0.5961375832557678,0.6394028663635254,1.0,1.0,0.6443572044372559,1.0,1.0,1.0,0.5439021587371826,0.5439021587371826,0.5961375832557678,0.6443572044372559,1.0,0.0,0.3176696002483368,1.0,1.0,0.9874536991119385,0.1007615253329277,0.21840286254882812,0.0,-0.009247133508324623,0.011004611849784851,-0.9999394416809082,0.0,0.028376208618283272,-0.001379342284053564,0.0,0.0,0.0,241.41949462890625,13.458876609802246,13.458876609802246,14.917681694030762,25.0,16.114105224609375,0.038371969014406204,0.9616280309855938,0.5383550643920898,0.5383550643920898,0.0,0.0,0.0,0.0,0.0,1.0072770792817134,-4.816597387316797,-2.920255381743088,0.2930263758467542,0.0,-0.0,-0.005016033311444237,-0.0004762274916965942,-0.028139400482177734,0.15,-0.0,0.0,0.0,-5.03440229077686,0.0,0.0,0.0,0.0,0.35,0.0,0.0,0.0,0.0,0.0,0.0,0.0,0.0,0.274941779859364,-0.0,0.046074096943584664,0.0,0.045649048296119585,-0.0,0.0119781494140625,0.0119781494140625,-0.05,0.11672122377483427,0.08043771982192993,-3.0,0.0,-0.0,-0.0,-0.0,0.13023394482077963,0.16279243102597452,-0.0,0.0,-0.0,-0.0,0.0,0.0,0.0,0.10143656474538149,-0.0,-0.0,-0.0,0.0,0.0,0.0,0.0,0.0,0.0,0.0,0.08043771982192993,7.3034326616674665,32.4,0.7326086850269979,0.0,0.0,0.699999988079071,2.0,3.0,0.0,0.699999988079071,0.0,0.699999988079071,0.0,0.0,0.0,0.0,0.0,0.0,0.0,0.0,0.0,0.0,0.0,0.0,0.0,0.0,0.0,0.0,0.0,0.0,0.0,0.0,0.0,0.0,0.0,0.0,0.0,0.0,0.0,0.0,0.0,0.0,0.0,0.0,0.0,28.0,28.0,28.0,0.0,0.0,0.0,0.0,0.0,1.0,0.0,1.0,0.0,0.0,0.0,1.0,40.931600029580295,0.6392000941559672,0.000400003045797348,32.55650005303323,15.73589991312474,4.0,4.359299899078906,2.6536000659689307,0.6816999521106482,0.000300002284348011
1,26,26,-6.4001223455193355,0,0,2.0,3.0,0.634338915348053,0.5383550524711609,1.0,0.6082007884979248,0.596707284450531,0.6404790282249451,1.0,1.0,0.6445642113685608,1.0,1.0,1.0,0.5383550524711609,0.5383550524711609,0.596707284450531,0.6445642113685608,1.0,0.0,0.31833988428115845,1.0,1.0,0.9874016046524048,0.1043347492814064,0.217123344540596,0.0,-0.00910078827291727,0.011962844990193844,-0.9999284148216248,0.0,0.038371969014406204,-0.0011626796331256628,0.0,0.0,0.0,241.43162536621094,13.458876609802246,13.458876609802246,14.917681694030762,25.0,16.114105224609375,0.038371969014406204,0.9616280309855938,0.5383550643920898,0.5383550643920898,0.0,0.0,0.0,0.0,0.0,1.0081849096256912,-4.785039735777464,-2.9162938952143165,0.2930263758467542,0.0,-0.0,-0.005016033311444237,-0.0004762274916965942,0.0,0.15,-0.0,0.0,0.0,-5.03440229077686,0.0,0.0,0.0,0.0,0.35,0.0,0.0,0.0,0.0,0.0,0.0,0.0,0.0,0.274941779859364,-0.0,0.04666102811484052,0.0,0.046556878640097346,-0.0,0.0121307373046875,0.0121307373046875,-0.05,0.12068271030360549,0.08316775411367416,-3.0,0.0,-0.0,-0.0,-0.0,0.13023394482077963,0.16279243102597452,-0.0,0.0,-0.0,-0.0,0.0,0.0,0.0,0.10485481580253692,-0.0,-0.0,-0.0,0.0,0.0,0.0,0.0,0.0,0.0,0.0,0.08316775411367416,7.5495467377826575,32.4,0.7326086850269979,0.0,0.0,0.699999988079071,2.0,3.0,0.0,0.699999988079071,0.0,0.699999988079071,0.0,0.0,0.0,0.0,0.0,0.0,0.0,0.0,0.0,0.0,0.0,0.0,0.0,0.0,0.0,0.0,0.0,0.0,0.0,0.0,0.0,0.0,0.0,0.0,0.0,0.0,0.0,0.0,0.0,0.0,0.0,0.0,0.0,28.0,28.0,28.0,0.0,0.0,0.0,0.0,0.0,1.0,0.0,1.0,0.0,0.0,0.0,1.04,18.39129999279976,0.5660000024363399,0.000500003807246685,10.121900006197393,6.302500027231872,4.0,4.260799963958561,2.688899985514581,0.7264000596478581,0.000500003807246685
1,27,27,-9.532414814017846,0,0,2.0,4.0,0.634338915348053,0.5383550524711609,1.0,0.6082007884979248,0.596707284450531,0.6404790282249451,1.0,1.0,0.6445642113685608,1.0,1.0,1.0,0.5383550524711609,0.5383550524711609,0.596707284450531,0.6445642113685608,1.0,0.0,0.31903284788131714,1.0,1.0,0.9873476624488831,0.10785067081451416,0.21364068984985352,0.0,-0.00910078827291727,0.012525771744549274,-0.9999215602874756,0.0,0.038371969014406204,-0.0011626796331256628,0.0,0.0,0.0,241.444091796875,13.31162166595459,13.31162166595459,14.932032585144043,25.0,16.12465476989746,0.04891794174909592,0.9510820582509041,0.5324648666381836,0.5324648666381836,0.0,0.0,0.0,0.0,0.0,0.9988131729880222,-7.601300787756809,-2.9238812944934676,-0.006045904755592343,0.0,-0.0,-0.004992898727028828,-0.0004742221324016627,-0.0284759521484375,0.15,-0.0,0.0,0.0,-7.826870679855347,0.0,0.0,0.0,0.0,0.35,0.0,0.0,0.0,0.0,0.0,0.0,0.0,0.0,0.28179666213691235,-0.0,0.04742639414007499,0.0,0.047731114737118135,-0.0,0.0124664306640625,0.0124664306640625,-0.05,0.12438741230508576,0.08652257174253464,-3.0,0.0,-0.0,-0.0,-0.0,0.01731293201446533,0.021641165018081665,-0.0,0.0,-0.0,-0.0,0.0,0.0,0.0,0.10951296510640532,-0.04500000178813934,-0.0,-0.0,0.0,0.0,0.0,0.0,0.0,0.0,0.0,0.08652257174253464,7.884933487661183,32.4,1.0,0.0,0.0,1.0,2.0,4.0,0.0,1.0,0.0,1.0,0.0,0.0,0.0,0.0,0.0,0.0,0.0,0.0,0.0,0.0,0.0,0.0,0.0,0.0,0.0,0.0,0.0,0.0,0.0,0.0,0.0,0.0,0.0,0.0,0.0,0.0,0.0,0.0,0.0,0.0,0.0,0.0,0.0,28.0,28.0,28.0,0.0,0.0,0.0,0.0,0.0,1.0,0.0,1.0,0.0,0.0,0.0,1.08,38.681000005453825,0.6175999296829104,0.000600004568696022,32.90049999486655,15.13309997972101,4.0,2.7427999302744865,1.6654999926686287,0.710400054231286,0.000300002284348011
1,28,28,-5.0854118286337595,0,0,3.0,3.0,0.6270585656166077,0.532464861869812,1.0,0.6086825728416443,0.597281277179718,0.6413021087646484,1.0,1.0,0.6449862122535706,1.0,1.0,1.0,0.532464861869812,0.532464861869812,0.597281277179718,0.6449862122535706,1.0,0.0,0.3197537064552307,1.0,1.0,0.9872913360595703,0.11264190822839737,0.2911343276500702,0.0,-0.004090876318514347,0.012875210493803024,-0.9999170899391174,0.0,0.04891794174909592,-0.000666067935526371,0.0,0.0,0.0,241.45681762695312,13.31162166595459,13.31162166595459,14.932032585144043,25.0,16.12465476989746,0.04891794174909592,0.9510820582509041,0.5324648666381836,0.5324648666381836,0.0,0.0,0.0,0.0,0.0,0.999939953615598,-3.0799535914009835,-2.919970026199238,-0.08542816464913576,0.0,-0.0,-0.004992898727028828,-0.0004742221324016627,0.0,0.15,-0.0,0.0,0.0,-3.337377628779606,0.0,0.0,0.0,0.0,0.35,0.0,0.0,0.0,0.0,0.0,0.0,0.0,0.0,0.28179666213691235,-0.0,0.048413234654617554,0.0,0.048857895364693815,-0.0,0.012725830078125,0.012725830078125,-0.05,0.1288180685803879,0.08960448950529099,-3.0,0.0,-0.008360396632943834,-0.0,-0.0,0.009474895359287246,0.011843619199109057,-0.0033051960555653174,0.0015075679400560736,-0.046115775778675754,-0.002006394431765081,0.0,0.0,0.0,0.11289115823805335,-0.04846648424863815,-0.0,-0.0,0.0,0.0,0.0,0.0,0.0,0.0,0.0,0.08960448950529099,8.12816339313984,32.4,0.7326086850269979,0.0,0.25,0.699999988079071,3.0,3.0,0.25,0.699999988079071,0.11999999731779099,0.699999988079071,0.12,1.0,0.0,0.0,0.0,0.25,0.25,1.0,0.13,0.0,0.0,0.0,0.0,0.0,0.0,0.0,0.0,0.0,0.0,0.0,0.0,0.0,0.0,0.0,0.0,0.0,0.0,0.0,0.0,0.0,0.0,0.0,0.0,28.0,28.0,28.0,0.0,0.0,0.0,0.0,0.0,1.0,0.0,1.0,0.0,0.0,0.0,1.12,24.034900008700788,0.41470001451671124,0.000700005330145359,17.370700021274388,9.884799947030842,4.0,3.5506999120116234,1.8302000826224685,0.8268998935818672,0.000500003807246685
1,29,29,-9.773498014099035,0,0,2.0,4.0,0.6270585656166077,0.532464861869812,1.0,0.6086825728416443,0.597281277179718,0.6413021087646484,1.0,1.0,0.6449862122535706,1.0,1.0,1.0,0.532464861869812,0.532464861869812,0.597281277179718,0.6449862122535706,1.0,0.0,0.3205002546310425,1.0,1.0,0.9872329235076904,0.11611662060022354,0.2111370712518692,0.2181818187236786,-0.004090876318514347,0.01315771322697401,-0.9999134540557861,0.0,0.04891794174909592,-0.000666067935526371,0.0,0.0,0.0,241.4702911376953,13.1548490524292,13.1548490524292,14.94736099243164,25.0,16.135879516601562,0.06014201045036316,0.9398579895496368,0.526193962097168,0.526193962097168,0.0,0.0,0.0,0.0,0.0,0.9909520542053156,-7.7981513450592885,-2.9178322389964233,-0.04846648424863815,0.0,-0.0,-0.004968310248102427,-0.0004720976958958298,-0.030279159545898438,0.15,-0.0,0.0,0.0,-8.0,0.0,0.023292655579781413,-0.04076214726461747,0.25,0.0,0.45454545454545453,0.0,0.0,-0.0,0.0,-0.0,-0.012461615499940537,0.0,0.28909230679273606,-0.0,0.050652746873311116,0.0,0.051094064655678784,-0.0,0.0134735107421875,0.0134735107421875,-0.05,0.13216776100357683,0.09285885095596313,-3.0,0.0,-0.0,-0.0,-0.0,0.0,0.0,-0.0,0.0,-0.0,-0.0,0.0,0.0,0.0,0.11749932961538434,-0.04846648424863815,-0.0,-0.0,0.0,0.0,0.0,0.0,0.0,0.0,0.0,0.09285885095596313,8.459951732307673,32.4,1.0,0.0,0.0,1.0,2.0,4.0,0.0,1.0,0.0,1.0,0.0,0.0,1.0,0.0,0.0,0.0,0.0,0.0,0.0,0.0,0.0,0.0,0.0,0.0,0.0,0.0,0.0,0.0,0.0,0.0,0.0,0.0,0.0,0.0,0.0,0.0,0.0,0.0,0.0,0.0,0.0,0.0,0.0,28.0,28.0,28.0,0.0,0.0,0.0,0.0,0.0,1.0,0.0,1.0,0.0,0.0,0.0,1.16,47.515699989162385,0.7388999219983816,0.000700005330145359,39.59229995962232,18.926399992778897,4.0,3.319400013424456,3.104900009930134,0.7168999873101711,0.000500003807246685
1,30,30,-5.162142887129851,0,0,3.0,3.0,0.6193352937698364,0.5261939764022827,1.0,0.6092059016227722,0.5978944301605225,0.642163872718811,1.0,1.0,0.6454351544380188,1.0,1.0,1.0,0.5261939764022827,0.5261939764022827,0.5978944301605225,0.6454351544380188,1.0,0.0,0.32127395272254944,1.0,1.0,0.9871722459793091,0.12085645645856857,0.28801071643829346,0.0,-0.014158645644783974,0.014345640316605568,-0.9998971223831177,0.0,0.06014201045036316,0.0002581309527158737,1.0,0.0,0.0,241.48397827148438,13.1548490524292,13.1548490524292,14.94736099243164,25.0,16.135879516601562,0.06014201045036316,0.9398579895496368,0.526193962097168,0.526193962097168,0.0,0.0,0.0,0.0,0.0,0.991692063100561,-3.143272754916051,-2.9134932485011658,-0.09706894681319503,0.0,-0.0,-0.004968310248102427,-0.0004720976958958298,0.0,0.15,-0.0,0.0,0.0,-3.4111999702453613,0.0,0.03260971781169398,-0.021196316577601088,0.25,0.0,0.23636363636363636,0.0,0.0,-0.0,0.0,-9.592204615057622e-05,-0.008723130701404343,-0.001115809978906146,0.28909230679273606,-0.0,0.05145584818274074,0.0,0.051834073550924176,-0.0,0.0136871337890625,0.0136871337890625,-0.05,0.13650675149883446,0.09590735286474228,-3.0,0.0,-0.00894412366420882,-0.0,-0.0,0.0,0.0,-0.0,0.0022787486564304436,-0.0419370875567785,-0.0,0.0,0.0,0.0,0.12077327478677034,-0.04846648424863815,-0.0,-0.0,0.0,0.0,0.0,0.0,0.0,0.0,0.0,0.09590735286474228,8.695675784647465,32.4,0.7326086850269979,0.0,0.25,0.699999988079071,3.0,3.0,0.25,0.699999988079071,0.11999999731779099,0.699999988079071,0.12,1.0,1.0,0.0,0.0,0.25,0.25,1.0,0.13,0.0,0.0,0.0,0.0,0.0,0.0,0.0,0.0,0.0,0.0,0.0,0.0,0.0,0.0,0.0,0.0,0.0,0.0,0.0,0.0,0.0,0.0,0.0,0.0,28.0,28.0,28.0,0.0,0.0,0.0,0.0,0.0,1.0,0.0,1.0,0.0,0.0,0.0,1.2,36.126799997873604,0.5901999538764358,0.000800006091594696,27.31449995189905,9.866600041277707,4.0,4.5001000398769975,3.0357000650838017,0.6545999785885215,0.000400003045797348
1,31,31,-2.128974528224935,0,0,3.0,3.0,0.6193352937698364,0.5261939764022827,1.0,0.6092059016227722,0.5978944301605225,0.642163872718811,1.0,1.0,0.6454351544380188,1.0,1.0,1.0,0.5261939764022827,0.5261939764022827,0.5978944301605225,0.6454351544380188,1.0,0.0,0.3220730423927307,1.0,1.0,0.9871094226837158,0.12422394007444382,0.2046215683221817,0.2181818187236786,-0.014158645644783974,0.015461325645446777,-0.9998804926872253,0.0,0.06014201045036316,0.0002581309527158737,1.0,-0.0038597013335675,0.0,241.49774169921875,12.988371849060059,12.988371849060059,14.965189933776855,25.0,16.14376449584961,0.07211780548095703,0.927882194519043,0.5195348739624024,0.5195348739624024,0.0,0.0,0.0,0.0,0.0,0.9792541812900168,0.04075085089912936,-2.911426817956338,-0.23755274245774333,0.0,-0.0,-0.00493986823408403,-0.0004706110493495758,-0.03252601623535156,0.15,-0.0,0.0,0.0,-0.26239999771118255,0.0,0.09143437289735347,-0.0035557811682304153,0.25,0.0,0.018181818181818195,0.0,0.0,-0.0,0.0,-0.0005435089588921443,-0.01940408555735491,-0.0029657594072238776,0.2968765735626221,-0.0,0.05108335812110454,0.0,0.051371986770973876,-0.0,0.013763427734375,0.013763427734375,-0.05,0.13857318204366217,0.09841497242450714,-3.0,0.0,-0.01824121435467686,-0.0,-0.0,0.0,0.0,-0.0,0.0032766160006547293,-0.20458814450605253,-0.0,0.0,0.0,0.0,0.12315634691622108,-0.017999999597668646,-0.0,-0.0,0.0,0.0,0.0,0.0,0.0,0.0,0.0,0.09841497242450714,8.867256977967918,32.4,0.7326086850269979,0.0,0.25,0.699999988079071,3.0,3.0,0.25,0.699999988079071,0.23999999463558197,0.699999988079071,0.24,2.0,1.0,0.0,0.0,0.25,0.25,1.0,0.010000000000000009,0.0,0.0,0.0,0.0,0.0,0.0,0.0,0.0,0.0,0.0,0.0,0.0,0.0,0.0,0.0,0.0,0.0,0.0,0.0,0.0,0.0,0.0,0.0,0.0,28.0,28.0,28.0,0.0,0.0,0.0,0.0,0.0,1.0,0.0,1.0,0.0,0.0,0.0,1.24,52.369600045494735,0.45110005885362625,0.000500003807246685,45.32539995852858,24.42389994394034,4.0,3.702000016346574,2.126700012013316,0.7288999622687697,0.000500003807246685
1,32,32,-1.6132124604345885,0,0,3.0,2.0,0.610657274723053,0.5195348858833313,1.0,0.6096690893173218,0.59860759973526,0.6434587240219116,1.0,1.0,0.6457505822181702,1.0,1.0,1.0,0.5195348858833313,0.5195348858833313,0.59860759973526,0.6457505822181702,1.0,0.0,0.32289302349090576,1.0,1.0,0.9870447516441345,0.1266750991344452,0.1489420086145401,0.4363636374473572,-0.015506776049733162,0.01731102727353573,-0.9998501539230347,0.0,0.07211780548095703,0.0014850273728370667,1.0,-0.009989873506128788,0.0,241.51174926757812,12.811321258544922,12.811321258544922,14.988378524780273,25.0,16.14091682434082,0.08473954349756241,0.9152604565024376,0.5124528503417969,0.5124528503417969,0.0,0.0,0.0,0.0,0.0,0.9667367467781306,0.5077045831343281,-2.91100501826727,-0.17664877207977714,0.0,-0.0,-0.004903128107813933,-0.00047114741303988376,-0.034735164642333984,0.15,-0.0028476715087890625,0.0,0.0,-0.0,0.0,0.14627176209499962,-0.0,0.25,0.0,0.0,0.0,0.14627176209499962,-0.0,0.0,-0.0019239966811189432,-0.015553615152975606,-0.0068421639364659725,0.3050807032734156,-0.0,0.05128229364436265,0.0,0.051476290275692976,-0.0,0.014007568359375,0.014007568359375,-0.05,0.13899498173272998,0.09985579550266266,-3.0,0.0,-0.019377635006633188,-0.0,-0.0,0.0,0.0,-0.0,0.0022619488846144496,-0.10701166047214745,-0.0,0.0,0.0,0.0,0.12559578245040032,-0.05252142548561096,-0.0,-0.0,0.0,0.0,0.0,0.0,0.0,0.0,0.0,0.09985579550266266,9.042896336428822,23.26086922832157,0.4206521686004555,0.0,0.25,0.3499999940395355,3.0,2.0,0.25,0.3499999940395355,0.25,0.3499999940395355,0.25,3.0,1.0,0.0,0.0,0.25,0.25,0.0,0.0,0.0,0.0,0.0,0.0,0.0,0.0,0.0,0.0,0.0,0.0,0.0,0.0,0.0,0.0,0.0,0.0,0.0,0.0,0.0,0.0,0.0,0.0,0.0,0.0,28.0,28.0,28.0,0.0,0.0,0.0,0.0,0.0,1.0,0.0,1.0,0.0,0.0,0.0,1.28,45.5902999965474,0.7118000648915768,0.0005998881533741951,39.01380009483546,19.287300063297153,4.0,3.323800046928227,1.8091000383719802,0.6947999354451895,0.000300002284348011
1,33,33,1.697627254480032,0,0,3.0,2.0,0.6004149913787842,0.5124528408050537,1.0,0.6099450588226318,0.5995351672172546,0.645804226398468,1.0,1.0,0.6456366777420044,1.0,1.0,1.0,0.5124528408050537,0.5124528408050537,0.5995351672172546,0.6456366777420044,1.0,0.0,0.3237249553203583,1.0,1.0,0.9869789481163025,0.12918423116207123,0.15246471762657166,0.4545454680919647,-0.058085665106773376,0.02118671126663685,-0.9997755289077759,0.0,0.08473954349756241,0.003478436730802059,1.0,-0.0224273893982172,1.0,241.5255889892578,12.811321258544922,12.811321258544922,14.988378524780273,25.0,16.14091682434082,0.08473954349756241,0.9152604565024376,0.5124528503417969,0.5124528503417969,0.0,0.0,0.0,0.0,0.0,0.9659433814660562,0.5459112936066013,0.2902359415001522,-0.12446336209277774,0.02,-0.0,-0.004903128107813933,-0.00047114741303988376,0.0,0.15,-0.0,0.0,0.0,-0.0,0.0,0.14627176209499962,-0.0,0.25,0.0,0.0,0.0,0.14627176209499962,-0.0,0.0,-0.0034780005917103107,-0.015553615152975606,-0.012325641464989268,0.3050807032734156,-0.0,0.050667799929669854,0.0,0.05068292496361859,-0.0,0.0138397216796875,0.0138397216796875,-0.05,0.14023594150015217,0.10074731707572937,0.2,0.0,-0.01971365050524473,-0.0,-0.0,0.0,0.0,-0.0,0.0022619488846144496,-0.10701166047214745,-0.0,0.0,0.0,0.0,0.12777366068214177,-0.0,-0.0,-0.0,0.02,0.0,0.0,0.0,0.0,0.0,0.0,0.10074731707572937,9.199703569114208,23.26086922832157,0.4206521686004555,0.0,0.25,0.3499999940395355,3.0,2.0,0.25,0.3499999940395355,0.25,0.3499999940395355,0.25,4.0,1.0,0.0,0.0,0.25,0.25,0.0,0.0,0.0,0.0,0.0,0.0,0.0,0.0,0.0,0.0,0.0,0.0,0.0,0.0,0.0,0.0,0.0,0.0,0.0,0.0,0.0,0.0,0.0,0.0,0.0,0.0,28.0,28.0,28.0,0.0,0.0,0.0,0.0,0.0,1.0,0.0,1.0,0.0,0.0,0.0,1.32,22.038300056010485,0.4214000655338168,0.000600004568696022,15.101699973456562,6.0810999711975455,4.0,3.570700064301491,2.256199950352311,0.6584000075235963,0.000300002284348011
1,34,34,1.5686964585019032,0,0,3.0,3.0,0.6004149913787842,0.5124528408050537,1.0,0.6099450588226318,0.5995351672172546,0.645804226398468,1.0,1.0,0.6456366777420044,1.0,1.0,1.0,0.5124528408050537,0.5124528408050537,0.5995351672172546,0.6456366777420044,1.0,0.0,0.3245643079280853,1.0,1.0,0.9869124293327332,0.13142433762550354,0.1361173838376999,0.4545454680919647,-0.058085665106773376,0.02666861191391945,-0.9996443390846252,0.0,0.08473954349756241,0.003478436730802059,1.0,-0.04040125012397766,1.0,241.53900146484375,12.628819465637207,12.628819465637207,15.016977310180664,25.0,16.12409019470215,0.09774988144636154,0.9022501185536385,0.5051527786254882,0.5051527786254882,0.0,0.0,0.0,0.0,0.0,0.9506474203898039,0.5773520906267255,0.29087756217416455,-0.27018061468879073,0.02,-0.0,-0.004858205398504685,-0.0004743292381162627,-0.03288110733032226,0.15,-0.016826629638671875,0.0,0.0,-0.0,0.0,0.2010521324057328,-0.0,0.25,0.0,0.0,0.0,0.2010521324057328,-0.0,0.0,-0.007157834054563804,-0.04364985413028231,-0.018866692447314204,0.313537422940135,-0.0,0.04840563075003956,0.0,0.048397301836165474,-0.0,0.0134124755859375,0.0134124755859375,-0.05,0.14087756217416456,0.10242892801761627,0.2,0.0,-0.020226206922025553,-0.0,-0.0,0.0,0.0,-0.0,0.006019674670835523,-0.20347408333167039,-0.0,0.0,0.0,0.0,0.1310957856057212,-0.052499999105930326,-0.0,-0.0,0.02,0.0,0.0,0.0,0.0,0.0,0.0,0.10242892801761627,9.438896563611925,32.4,0.7326086850269979,0.0,0.25,0.699999988079071,3.0,3.0,0.25,0.699999988079071,0.25,0.699999988079071,0.25,5.0,1.0,0.0,0.0,0.25,0.25,0.0,0.0,0.0,0.0,0.0,0.0,0.0,0.0,0.0,0.0,0.0,0.0,0.0,0.0,0.0,0.0,0.0,0.0,0.0,0.0,0.0,0.0,0.0,0.0,0.0,0.0,28.0,28.0,28.0,0.0,0.0,0.0,0.0,0.0,1.0,0.0,1.0,0.0,0.0,0.0,1.36,43.125599971972406,0.6358999526128173,0.000500003807246685,35.13620002195239,16.254000016488135,4.0,4.031900083646178,2.7468999614939094,0.5348999984562397,0.000400003045797348
1,35,35,1.7382151811041338,0,0,3.0,2.0,0.5883052349090576,0.5051527619361877,1.0,0.6100048422813416,0.6006790995597839,0.6497907042503357,1.0,1.0,0.6449636220932007,1.0,1.0,1.0,0.5051527619361877,0.5051527619361877,0.6006790995597839,0.6449636220932007,1.0,0.0,0.32541748881340027,1.0,1.0,0.986844539642334,0.13484138250350952,0.20763280987739563,0.4545454680919647,-0.08345828950405121,0.033206719905138016,-0.9994484782218933,0.0,0.09774988144636154,0.006263796240091324,1.0,-0.060173653066158295,1.0,241.55198669433594,12.628819465637207,12.628819465637207,15.016977310180664,25.0,16.12409019470215,0.09774988144636154,0.9022501185536385,0.5051527786254882,0.5051527786254882,0.0,0.0,0.0,0.0,0.0,0.9490978457942769,0.6479716208308403,0.2928943941507116,-0.17174867967169488,0.02,-0.0,-0.004858205398504685,-0.0004743292381162627,0.0,0.15,-0.0,0.0,0.0,-0.0,0.0,0.2010521324057328,-0.0,0.25,0.0,0.0,0.0,0.2010521324057328,-0.0,0.0,-0.009984750470928016,-0.021824927065141154,-0.02623834061612529,0.313537422940135,-0.0,0.0468636993950895,0.0,0.04684772724063846,-0.0,0.0129852294921875,0.0129852294921875,-0.05,0.14289439415071162,0.10389532148838043,0.2,0.0,-0.020521476235347134,-0.0,-0.0,0.0,0.0,-0.0,0.0030098373354177613,-0.10173704166583519,-0.0,0.0,0.0,0.0,0.13300956819206475,-0.052499999105930326,-0.0,-0.0,0.02,0.0,0.0,0.0,0.0,0.0,0.0,0.10389532148838043,9.576688909828663,23.26086922832157,0.4206521686004555,0.0,0.25,0.3499999940395355,3.0,2.0,0.25,0.3499999940395355,0.25,0.3499999940395355,0.25,6.0,1.0,0.0,0.0,0.25,0.25,0.0,0.0,0.0,0.0,0.0,0.0,0.0,0.0,0.0,0.0,0.0,0.0,0.0,0.0,0.0,0.0,0.0,0.0,0.0,0.0,0.0,0.0,0.0,0.0,0.0,0.0,28.0,28.0,28.0,0.0,0.0,0.0,0.0,0.0,1.0,0.0,1.0,0.0,0.0,0.0,1.4,25.990800000727177,0.41480001527816057,0.000500003807246685,18.458800041116774,9.397099958732724,4.0,4.164000041782856,2.2414999548345804,0.6787000456824899,0.000300002284348011
1,36,36,1.8318278563767496,0,0,3.0,2.0,0.5883052349090576,0.5051527619361877,1.0,0.6100048422813416,0.6006790995597839,0.6497907042503357,1.0,1.0,0.6449636220932007,1.0,1.0,1.0,0.5051527619361877,0.5051527619361877,0.6006790995597839,0.6449636220932007,1.0,0.0,0.32628268003463745,1.0,1.0,0.9867754578590393,0.136809840798378,0.11961141228675842,0.4545454680919647,-0.08345828950405121,0.04057333245873451,-0.999176561832428,0.0,0.09774988144636154,0.006263796240091324,1.0,-0.08368487656116486,1.0,241.56436157226562,12.443490982055664,12.443490982055664,15.052490234375,25.0,16.10391616821289,0.11096174269914627,0.8890382573008537,0.4977396392822266,0.4977396392822266,0.0,0.0,0.0,0.0,0.0,0.932896176972839,0.69976032227058,0.2926207606751462,-0.11344940354181571,0.02,-0.0,-0.004803014798276866,-0.0004781723758194212,-0.028398647308349605,0.15,-0.020174026489257812,0.0,0.0,-0.0,0.0,0.25668102189114217,-0.0,0.25,0.0,0.0,0.0,0.25668102189114217,-0.0,0.0,-0.016189817611233632,-0.028442271006484072,-0.03413555688650005,0.3221251327544451,-0.0,0.04400695963568069,0.0,0.043857919671985296,-0.0,0.0123748779296875,0.0123748779296875,-0.05,0.14262076067514617,0.1049821600317955,0.2,0.0,-0.02081070947484778,-0.0,-0.0,0.0,0.0,-0.0,0.0038784400619424936,-0.09651713412891043,-0.0,0.0,0.0,0.0,0.13488422807771713,-0.0,-0.0,-0.0,0.02,0.0,0.0,0.0,0.0,0.0,0.0,0.1049821600317955,9.711664421595632,23.26086922832157,0.4206521686004555,0.0,0.25,0.3499999940395355,3.0,2.0,0.25,0.3499999940395355,0.25,0.3499999940395355,0.25,7.0,1.0,0.0,0.0,0.25,0.25,0.0,0.0,0.0,0.0,0.0,0.0,0.0,0.0,0.0,0.0,0.0,0.0,0.0,0.0,0.0,0.0,0.0,0.0,0.0,0.0,0.0,0.0,0.0,0.0,0.0,0.0,28.0,28.0,28.0,0.0,0.0,0.0,0.0,0.0,1.0,0.0,1.0,0.0,0.0,0.0,1.44,58.013300062157214,0.6536999717354774,0.000600004568696022,50.768000073730946,21.40029997099191,4.0,3.6931000649929047,2.1484000608325005,0.7075000321492553,0.000400003045797348
1,37,37,1.7057502914756904,0,0,3.0,3.0,0.5753085613250732,0.49773964285850525,1.0,0.610110878944397,0.602099597454071,0.6549146175384521,1.0,1.0,0.6441566348075867,1.0,1.0,1.0,0.49773964285850525,0.49773964285850525,0.602099597454071,0.6441566348075867,1.0,0.0,0.3271566331386566,1.0,1.0,0.9867054224014282,0.13873806595802307,0.11716624349355698,0.4545454680919647,-0.0978798046708107,0.048462700098752975,-0.9988250136375427,0.0,0.11096174269914627,0.009752204641699791,1.0,-0.1059698686003685,1.0,241.57606506347656,12.443490982055664,12.443490982055664,15.052490234375,25.0,16.10391616821289,0.11096174269914627,0.8890382573008537,0.4977396392822266,0.4977396392822266,0.0,0.0,0.0,0.0,0.0,0.9306516485660044,0.7190444651253961,0.2951362585153008,-0.2590820807310111,0.02,-0.0,-0.004803014798276866,-0.0004781723758194212,0.0,0.15,-0.0,0.0,0.0,-0.0,0.0,0.25668102189114217,-0.0,0.25,0.0,0.0,0.0,0.25668102189114217,-0.0,0.0,-0.020237825801318533,-0.056884542012968144,-0.04245650378527843,0.3221251327544451,-0.0,0.04161940572203093,0.0,0.04161339126515062,-0.0,0.0117034912109375,0.0117034912109375,-0.05,0.14513625851530076,0.1068338006734848,0.2,0.0,-0.021304693491144906,-0.0,-0.0,0.0,0.0,-0.0,0.007756880123884987,-0.19303426825782086,-0.0,0.0,0.0,0.0,0.13808597633149475,-0.052499999105930326,-0.0,-0.0,0.02,0.0,0.0,0.0,0.0,0.0,0.0,0.1068338006734848,9.942190295867622,32.4,0.7326086850269979,0.0,0.25,0.699999988079071,3.0,3.0,0.25,0.699999988079071,0.25,0.699999988079071,0.25,8.0,1.0,0.0,0.0,0.25,0.25,0.0,0.0,0.0,0.0,0.0,0.0,0.0,0.0,0.0,0.0,0.0,0.0,0.0,0.0,0.0,0.0,0.0,0.0,0.0,0.0,0.0,0.0,0.0,0.0,0.0,0.0,28.0,28.0,28.0,0.0,0.0,0.0,0.0,0.0,1.0,0.0,1.0,0.0,0.0,0.0,1.48,30.72709997650236,0.5814998876303434,0.000600004568696022,24.47180007584393,12.949700001627207,4.0,3.361399983987212,1.8315999768674374,0.4459000192582607,0.000300002284348011
1,38,38,1.8528809850553187,0,0,3.0,2.0,0.5753085613250732,0.49773964285850525,1.0,0.610110878944397,0.602099597454071,0.6549146175384521,1.0,1.0,0.6441566348075867,1.0,1.0,1.0,0.49773964285850525,0.49773964285850525,0.602099597454071,0.6441566348075867,1.0,0.0,0.32804566621780396,1.0,1.0,0.9866338968276978,0.14203129708766937,0.20010927319526672,0.4545454680919647,-0.0978798046708107,0.05677209421992302,-0.9983871579170227,0.0,0.11096174269914627,0.009752204641699791,1.0,-0.1318012773990631,1.0,241.58718872070312,12.257134437561035,12.257134437561035,15.094744682312012,25.0,16.085004806518555,0.12424688041210175,0.8757531195878983,0.4902853775024414,0.4902853775024414,0.0,0.0,0.0,0.0,0.0,0.9147584092260563,0.8033267337633971,0.29546441536464396,-0.18066857329877867,0.02,-0.0,-0.004738192685974948,-0.00048180324775254623,-0.02323808670043945,0.15,-0.018911361694335938,0.0,0.0,-0.0,0.0,0.3126184438404284,-0.0,0.25,0.0,0.0,0.0,0.3126184438404284,-0.0,0.0,-0.029004947847576335,-0.03534921238144793,-0.05116187508981884,0.33076047226786615,-0.0,0.03896631006955431,0.0,0.03900528963815808,-0.0,0.0111236572265625,0.0111236572265625,-0.05,0.14546441536464394,0.1084272637963295,0.2,0.0,-0.021571218098753266,-0.0,-0.0200532194895355,0.0,0.0,-0.0,0.004862745414211758,-0.09140688201877134,-0.0,0.0,0.0,0.0,0.13981345064006745,-0.052499999105930326,-0.0,-0.0,0.02,0.0,0.0,0.0,0.0,0.0,0.0,0.1084272637963295,10.066568446084856,23.26086922832157,0.4206521686004555,0.0,0.25,0.3499999940395355,3.0,2.0,0.25,0.3499999940395355,0.25,0.3499999940395355,0.25,9.0,1.0,0.0,0.0,0.25,0.25,0.0,0.0,0.0,0.0,0.0,0.0,0.0,0.0,0.0,0.0,0.0,0.0,0.0,0.0,0.0,0.0,0.0,0.0,0.0,0.0,0.0,0.0,0.0,0.0,0.0,0.0,28.0,28.0,28.0,0.0,0.0,0.0,0.0,0.0,1.0,0.0,1.0,0.0,0.0,0.0,1.52,47.59219998959452,0.5101000424474478,0.000500003807246685,39.479299914091825,26.59319993108511,4.0,4.126399988308549,2.81660002656281,0.6282000103965402,0.000500003807246685
1,39,39,1.977074421067076,0,0,3.0,2.0,0.5619770884513855,0.49028536677360535,1.0,0.6103820204734802,0.6037898063659668,1.0,1.0,1.0,0.6434001922607422,1.0,1.0,1.0,0.49028536677360535,0.49028536677360535,0.6037898063659668,0.6434001922607422,1.0,0.0,0.328947514295578,1.0,1.0,0.9865610003471375,0.14380812644958496,0.10796714574098587,0.4545454680919647,-0.10737258940935135,0.065461166203022,-0.9978551268577576,0.0,0.12424688041210175,0.018925588577985764,1.0,-0.154679536819458,1.0,241.59751892089844,12.069649696350098,12.069649696350098,15.138394355773926,25.0,16.07035255432129,0.137612447142601,0.862387552857399,0.4827859878540039,0.4827859878540039,0.0,0.0,0.0,0.0,0.0,0.8981099243864886,0.9054283076123913,0.29515938850282686,-0.1416231994346309,0.02,-0.0,-0.004672182031380382,-0.00048463534002992064,-0.022204818725585936,0.15,-0.014652252197265625,0.0,0.0,-0.0,0.0,0.3688945142846359,-0.0,0.25,0.0,0.0,0.0,0.3688945142846359,-0.0,0.0,-0.03927054495601104,-0.0425538716374352,-0.060087666693029014,0.33944809064269066,-0.0,0.03563454426785029,0.0,0.035722371529089636,-0.0,0.0103302001953125,0.0103302001953125,-0.05,0.14515938850282684,0.10959196090698242,0.2,0.0,-0.02182797009218484,-0.0,-0.03935449612653782,0.0,0.0,-0.0,0.0059652133651141945,-0.08640594658102244,-0.0,0.0,0.0,0.0,0.1414775839308277,-0.0,-0.0,-0.0,0.02,0.0,0.0,0.0,0.0,0.0,0.0,0.10959196090698242,10.186386043019594,23.26086922832157,0.4206521686004555,0.0,0.25,0.3499999940395355,3.0,2.0,0.25,0.3499999940395355,0.25,0.3499999940395355,0.25,10.0,1.0,0.0,0.0,0.25,0.25,0.0,0.0,1.0,8.0,0.0,0.0,0.0,0.0,0.0,0.0,0.0,0.0,0.0,0.0,0.0,0.0,0.0,0.0,0.0,0.0,0.0,0.0,0.0,0.0,0.0,0.0,28.0,28.0,28.0,0.0,0.0,0.0,0.0,0.0,1.0,0.0,1.0,0.0,0.0,0.0,1.56,40.95559997949749,0.5833000177517533,0.000700005330145359,31.62919997703284,16.583999968133867,4.0,4.732599947601557,3.2398999901488423,0.7313999813050032,0.000500003807246685
1,40,40,1.9876201800723285,0,0,3.0,2.0,0.5485155582427979,0.48278599977493286,1.0,0.6108784079551697,0.6055357456207275,1.0,1.0,1.0,0.6428140997886658,1.0,1.0,1.0,0.48278599977493286,0.48278599977493286,0.6055357456207275,0.6428140997886658,1.0,0.0,0.3298585116863251,1.0,1.0,0.9864871501922607,0.14551980793476105,0.10400833189487457,0.4545454680919647,-0.112724669277668,0.07436508685350418,-0.9972310662269592,0.0,0.137612447142601,0.024621780961751938,1.0,-0.1770157814025879,1.0,241.60702514648438,12.069649696350098,12.069649696350098,15.138394355773926,25.0,16.07035255432129,0.137612447142601,0.862387552857399,0.4827859878540039,0.4827859878540039,0.0,0.0,0.0,0.0,0.0,0.8953120359533155,0.9377888806346816,0.2967173183774396,-0.16219805489310812,0.02,-0.0,-0.004672182031380382,-0.00048463534002992064,0.0,0.15,-0.0,0.0,0.0,-0.0,0.0,0.3688945142846359,-0.0,0.25,0.0,0.0,0.0,0.3688945142846359,-0.0,0.0,-0.04533755700839885,-0.0425538716374352,-0.06920134784375431,0.33944809064269066,-0.0,0.03279220247986814,0.0,0.0329244830959165,-0.0,0.0095062255859375,0.0095062255859375,-0.05,0.14671731837743957,0.110768161714077,0.2,0.0,-0.022070277989895217,-0.0,-0.05968704368730466,0.0,0.0,-0.0,0.0059652133651141945,-0.08640594658102244,-0.0,0.0,0.0,0.0,0.14304809808265417,-0.0,-0.0,-0.0,0.02,0.0,0.0,0.0,0.0,0.0,0.0,0.110768161714077,10.299463061951101,23.26086922832157,0.4206521686004555,0.0,0.25,0.3499999940395355,3.0,2.0,0.25,0.3499999940395355,0.25,0.3499999940395355,0.25,11.0,1.0,0.0,0.0,0.25,0.25,0.0,0.0,1.0,8.0,0.0,0.0,0.0,0.0,0.0,0.0,0.0,0.0,0.0,0.0,0.0,0.0,0.0,0.0,0.0,0.0,0.0,0.0,0.0,0.0,0.0,0.0,28.0,28.0,28.0,0.0,0.0,0.0,0.0,0.0,1.0,0.0,1.0,0.0,0.0,0.0,1.6,23.472199914976954,0.5070999031886458,0.000700005330145359,16.11720002256334,6.607500021345913,4.0,3.7863999605178833,2.4527000496163964,0.5681000184267759,0.000400003045797348
1,41,41,2.0824930756526094,0,0,3.0,2.0,0.5485155582427979,0.48278599977493286,1.0,0.6108784079551697,0.6055357456207275,1.0,1.0,1.0,0.6428140997886658,1.0,1.0,1.0,0.48278599977493286,0.48278599977493286,0.6055357456207275,0.6428140997886658,1.0,0.0,0.33077874779701233,1.0,1.0,0.9864121675491333,0.1471351832151413,0.09815713763237,0.4545454680919647,-0.112724669277668,0.0834503173828125,-0.9965119361877441,0.0,0.137612447142601,0.024621780961751938,1.0,-0.20386430621147156,1.0,241.61566162109375,11.871589660644531,11.871589660644531,15.189901351928711,25.0,16.061134338378906,0.1517319232225418,0.8482680767774582,0.47486358642578125,0.47486358642578125,0.0,0.0,0.0,0.0,0.0,0.8777116997440594,1.0020134386973165,0.2962657320242338,-0.11349779481300021,0.02,-0.0,-0.004595514214460768,-0.0004864256279407075,-0.018765506744384756,0.15,-0.009218215942382812,0.0,0.0,-0.0,0.0,0.4259258243539568,-0.005080142613902549,0.25310617312788963,0.0,0.005647587505253878,0.0,0.4283449398843866,-0.0,0.0,-0.05826677089876412,-0.05044372375410491,-0.07847401710349633,0.3486257500946522,-0.0,0.029304182828127523,0.0,0.02944362296660119,-0.0,0.008636474609375,0.008636474609375,-0.05,0.14626573202423376,0.11194875836372375,0.2,0.0,-0.02230955602790096,-0.0,-0.07783290086826157,0.0,0.0,-0.0,0.01593185166704907,-0.02928718958388675,-0.0,0.0,0.0,0.0,0.14459897425491364,-0.0,-0.0,-0.0,0.02,0.0,0.0,0.0,0.0,0.0,0.0,0.11194875836372375,10.411126146353782,23.26086922832157,0.4206521686004555,0.0,0.25,0.3499999940395355,3.0,2.0,0.25,0.3499999940395355,0.25,0.3499999940395355,0.25,12.0,1.0,0.0,0.0,0.25,0.25,0.0,0.0,1.0,8.0,0.0,0.0,0.0,0.0,0.0,0.0,0.0,0.0,0.0,0.0,0.0,0.0,0.0,0.0,0.0,0.0,0.0,0.0,0.0,0.0,0.0,0.0,28.0,28.0,28.0,0.0,0.0,0.0,0.0,0.0,1.0,0.0,1.0,0.0,0.0,0.0,1.64,52911.62859997712,0.5902999546378851,0.000600004568696022,52903.20429997519,52866.60169996321,4.0,3.8089000154286623,3.19429999217391,0.7912999717518687,0.000500003807246685
1,42,42,1.967240736156332,0,0,3.0,3.0,0.5351219773292542,0.47486358880996704,1.0,0.6116478443145752,0.6075960397720337,1.0,1.0,1.0,0.6424453854560852,1.0,1.0,1.0,0.47486358880996704,0.47486358880996704,0.6075960397720337,0.6424453854560852,1.0,0.0,0.33170804381370544,1.0,1.0,0.9863361716270447,0.14873036742210388,0.09692975878715515,0.4545454680919647,-0.11618208140134811,0.09268692135810852,-0.9956952929496765,0.0,0.1517319232225418,0.03098481521010399,1.0,-0.22509530186653137,1.0,241.6233673095703,11.871589660644531,11.871589660644531,15.189901351928711,25.0,16.061134338378906,0.1517319232225418,0.8482680767774582,0.47486358642578125,0.47486358642578125,0.0,0.0,0.0,0.0,0.0,0.8745553742799184,0.9752151613787281,0.2987414574570819,-0.20127125695939635,0.02,-0.0,-0.004595514214460768,-0.0004864256279407075,0.0,0.15,-0.0,0.0,0.0,-0.0,0.0,0.4259258243539568,-0.005080142613902549,0.25310617312788963,0.0,0.005647587505253878,0.0,0.4283449398843866,-0.0,0.0,-0.065579102121725,-0.10088744750820983,-0.08791667568148798,0.3486257500946522,-0.0,0.026145958177039574,0.0,0.026287297502460227,-0.0,0.0077056884765625,0.0077056884765625,-0.05,0.14874145745708192,0.11384362727403641,0.2,0.0,-0.022768410223536192,-0.0,-0.09929217179625449,0.0,0.0,-0.0,0.03186370333409814,-0.0585743791677735,-0.0,0.0,0.0,0.0,0.1475730292266235,-0.052499999105930326,-0.0,-0.0,0.02,0.0,0.0,0.0,0.0,0.0,0.0,0.11384362727403641,10.62525810431689,32.4,0.7326086850269979,0.0,0.25,0.699999988079071,3.0,3.0,0.25,0.699999988079071,0.25,0.699999988079071,0.25,13.0,1.0,0.0,0.0,0.25,0.25,0.0,0.0,1.0,8.0,0.0,0.0,0.0,0.0,0.0,0.0,0.0,0.0,0.0,0.0,0.0,0.0,0.0,0.0,0.0,0.0,0.0,0.0,0.0,0.0,0.0,0.0,28.0,28.0,28.0,0.0,0.0,0.0,0.0,0.0,1.0,0.0,1.0,0.0,0.0,0.0,1.68,32.49320003669709,0.41420001070946455,0.000500003807246685,25.980300037190318,8.85099999140948,4.0,3.5393000580370426,1.8334999913349748,0.686099985614419,0.000400003045797348
1,43,43,2.04415439021973,0,0,3.0,3.0,0.5351219773292542,0.47486358880996704,1.0,0.6116478443145752,0.6075960397720337,1.0,1.0,1.0,0.6424453854560852,1.0,1.0,1.0,0.47486358880996704,0.47486358880996704,0.6075960397720337,0.6424453854560852,1.0,0.0,0.33265221118927,1.0,1.0,0.9862586259841919,0.15178939700126648,0.1858784407377243,0.4545454680919647,-0.11618208140134811,0.10208465903997421,-0.9947757124900818,0.0,0.1517319232225418,0.03098481521010399,1.0,-0.25218066573143005,1.0,241.63018798828125,11.672698974609375,11.672698974609375,15.242524147033691,25.0,16.059818267822266,0.16591061651706696,0.834089383482933,0.466907958984375,0.466907958984375,0.0,0.0,0.0,0.0,0.0,0.8569809911910211,1.0319878893628127,0.2996764191484603,-0.16449090948256412,0.02,-0.0,-0.004518533160208309,-0.00048668176353206563,-0.01764793395996093,0.15,-0.001316070556640625,0.0,0.0,-0.0,0.0,0.48088489388488576,-0.015035595203173996,0.25806871578097346,0.0,0.014670392329042646,0.0,0.48804470112449244,-0.0,0.0,-0.08118282452266799,-0.11730983764590888,-0.09759777954698735,0.3578419007360935,-0.0,0.022756222803764103,0.0,0.022891607708088124,-0.0,0.0068206787109375,0.0068206787109375,-0.05,0.14967641914846033,0.11616655439138412,0.2,0.0,-0.023228604694109943,-0.0,-0.11752915449592215,0.0,0.0,-0.0,0.03484122887524146,-0.0585743791677735,-0.0,0.0,0.0,0.0,0.15055577116552743,-0.0,-0.0,-0.0,0.02,0.0,0.0,0.0,0.0,0.0,0.0,0.11616655439138412,10.840015523917973,32.4,0.7326086850269979,0.0,0.25,0.699999988079071,3.0,3.0,0.25,0.699999988079071,0.25,0.699999988079071,0.25,14.0,1.0,0.0,0.0,0.25,0.25,0.0,0.0,1.0,8.0,0.0,0.0,0.0,0.0,0.0,0.0,0.0,0.0,0.0,0.0,0.0,0.0,0.0,0.0,0.0,0.0,0.0,0.0,0.0,0.0,0.0,0.0,28.0,28.0,28.0,0.0,0.0,0.0,0.0,0.0,1.0,0.0,1.0,0.0,0.0,0.0,1.72,99.30499992333353,0.6949999369680882,0.000600004568696022,87.37049996852875,54.427600000053644,4.0,6.81980000808835,3.503000014461577,0.8744999067857862,0.000500003807246685
1,44,44,2.034377918532623,0,0,3.0,3.0,0.5217714309692383,0.46690794825553894,1.0,0.6127456426620483,0.6097009778022766,1.0,1.0,1.0,0.6423927545547485,1.0,1.0,1.0,0.46690794825553894,0.46690794825553894,0.6097009778022766,0.6423927545547485,1.0,0.0,0.33361467719078064,1.0,1.0,0.9861792325973511,0.15485736727714539,0.18642136454582214,0.4545454680919647,-0.12055223435163498,0.11171025782823563,-0.9937407970428467,0.0,0.16591061651706696,0.04471408948302269,1.0,-0.2727399468421936,1.0,241.6360321044922,11.672698974609375,11.672698974609375,15.242524147033691,25.0,16.059818267822266,0.16591061651706696,0.834089383482933,0.466907958984375,0.466907958984375,0.0,0.0,0.0,0.0,0.0,0.8536900545265591,1.045297911298956,0.3026505730137704,-0.1872606203066628,0.02,-0.0,-0.004518533160208309,-0.00048668176353206563,0.0,0.15,-0.0,0.0,0.0,-0.0,0.0,0.48088489388488576,-0.015035595203173996,0.25806871578097346,0.0,0.014670392329042646,0.0,0.48804470112449244,-0.0,0.0,-0.089824072778455,-0.11730983764590888,-0.10749267354779635,0.3578419007360935,-0.0,0.019498061149533896,0.0,0.019600671043626117,-0.0,0.0058441162109375,0.0058441162109375,-0.05,0.1526505730137704,0.11847484856843948,0.2,0.0,-0.023689497112589223,-0.0,-0.13983797290154154,0.0,0.0,-0.0,0.03484122887524146,-0.0585743791677735,-0.0,0.0,0.0,0.0,0.1535430368408561,-0.0,-0.0,-0.0,0.02,0.0,0.0,0.0,0.0,0.0,0.0,0.11847484856843948,11.055098652541638,32.4,0.7326086850269979,0.0,0.25,0.699999988079071,3.0,3.0,0.25,0.699999988079071,0.25,0.699999988079071,0.25,15.0,1.0,0.0,0.0,0.25,0.25,0.0,0.0,1.0,8.0,0.0,0.0,0.0,0.0,0.0,0.0,0.0,0.0,0.0,0.0,0.0,0.0,0.0,0.0,0.0,0.0,0.0,0.0,0.0,0.0,0.0,0.0,28.0,28.0,28.0,0.0,0.0,0.0,0.0,0.0,1.0,0.0,1.0,0.0,0.0,0.0,1.76,39.85169995576143,0.6757000228390098,0.000600004568696022,30.449000070802867,13.412500033155084,4.0,4.237900022417307,3.600299940444529,0.8571000071242452,0.000500003807246685
1,45,45,2.064442354718778,0,0,3.0,3.0,0.5217714309692383,0.46690794825553894,1.0,0.6127456426620483,0.6097009778022766,1.0,1.0,1.0,0.6423927545547485,1.0,1.0,1.0,0.46690794825553894,0.46690794825553894,0.6097009778022766,0.6423927545547485,1.0,0.0,0.3345951735973358,1.0,1.0,0.9860979914665222,0.15792998671531677,0.1867040991783142,0.4545454680919647,-0.12055223435163498,0.12153758853673935,-0.9925868511199951,0.0,0.16591061651706696,0.04471408948302269,1.0,-0.3003915250301361,1.0,241.64080810546875,11.47154712677002,11.47154712677002,15.305349349975586,25.0,16.06586265563965,0.18025049567222595,0.819749504327774,0.4588618850708008,0.4588618850708008,0.0,0.0,0.0,0.0,0.0,0.8355427570661522,1.1076914829555327,0.3034060348115767,-0.2021979201144836,0.02,-0.0,-0.0044283781626918576,-0.0004855065075162207,-0.007667636871337879,0.15,-0.0,0.0,0.0,-0.0,0.0,0.5353729887928838,-0.027405316847258013,0.26308767348527906,0.0,0.023795769973234654,0.0,0.5484231396725304,-0.0,0.0,-0.10810326000151559,-0.1345065210924414,-0.11759287872499735,0.36716282218694685,-0.0,0.015660497732824297,0.0,0.015793252738378172,-0.0,0.0047760009765625,0.0047760009765625,-0.05,0.15340603481157666,0.12077497690916061,0.2,0.0,-0.024144475984387098,-0.0,-0.15733166840886445,0.0,0.0,-0.0,0.03785260344654144,-0.0585743791677735,-0.0,0.0,0.0,0.0,0.15649197397287937,-0.0,-0.0,-0.0,0.02,0.0,0.0,0.0,0.0,0.0,0.0,0.12077497690916061,11.267422126047313,32.4,0.7326086850269979,0.0,0.25,0.699999988079071,3.0,3.0,0.25,0.699999988079071,0.25,0.699999988079071,0.25,16.0,1.0,0.0,0.0,0.25,0.25,0.0,0.0,1.0,8.0,0.0,0.0,0.0,0.0,0.0,0.0,0.0,0.0,0.0,0.0,0.0,0.0,0.0,0.0,0.0,0.0,0.0,0.0,0.0,0.0,0.0,0.0,28.0,28.0,28.0,0.0,0.0,0.0,0.0,0.0,1.0,0.0,1.0,0.0,0.0,0.0,1.8,55.10949995368719,0.7102999370545149,0.000600004568696022,43.43279998283833,28.413699939846992,4.0,5.635199951939285,4.2978000128641725,0.9897999698296189,0.000300002284348011
1,46,46,2.1012345967960435,0,0,3.0,3.0,0.5083673000335693,0.4588618874549866,1.0,0.6142245531082153,0.6122139692306519,1.0,1.0,1.0,0.6426345109939575,1.0,1.0,1.0,0.4588618874549866,0.4588618874549866,0.6122139692306519,0.6426345109939575,1.0,0.0,0.33559343218803406,1.0,1.0,0.9860149025917053,0.16096317768096924,0.18430857360363007,0.4545454680919647,-0.12515433132648468,0.13155654072761536,-0.9913086891174316,0.0,0.18025049567222595,0.05337183177471161,1.0,-0.3202744722366333,1.0,241.64447021484375,11.261796951293945,11.261796951293945,15.370688438415527,25.0,16.081663131713867,0.1947365403175354,0.8052634596824646,0.4504718780517578,0.4504718780517578,0.0,0.0,0.0,0.0,0.0,0.8171538241065508,1.1763031722916932,0.30404858608842594,-0.21627098569062644,0.02,-0.0,-0.004336597162977677,-0.00048244769026959165,-0.004333591461181636,0.15,-0.0,0.0,0.0,-0.0,0.0,0.5892976198957552,-0.04225072313185863,0.2681577891111374,0.0,0.033014162020249836,0.0,0.609417011863307,-0.0,0.0,-0.12795085474453452,-0.15247847660412547,-0.12789401651102852,0.37657875120639805,-0.0,0.011795851460192353,0.0,0.011890364424086197,-0.0,0.003662109375,0.003662109375,-0.05,0.15404858608842595,0.12307041883468628,0.2,0.0,-0.02459641854768353,-0.0,-0.17399486074541973,0.0,0.0,-0.0,0.040894672770250294,-0.0585743791677735,-0.0,0.0,0.0,0.0,0.15942123132757843,-0.0,-0.0,-0.0,0.02,0.0,0.0,0.0,0.0,0.0,0.0,0.12307041883468628,11.478328655585646,32.4,0.7326086850269979,0.0,0.25,0.699999988079071,3.0,3.0,0.25,0.699999988079071,0.25,0.699999988079071,0.25,17.0,1.0,0.0,0.0,0.25,0.25,0.0,0.0,1.0,8.0,0.0,0.0,0.0,0.0,0.0,0.0,0.0,0.0,0.0,0.0,0.0,0.0,0.0,0.0,0.0,0.0,0.0,0.0,0.0,0.0,0.0,0.0,28.0,28.0,28.0,0.0,0.0,0.0,0.0,0.0,1.0,0.0,1.0,0.0,0.0,0.0,1.84,68.51659994572401,0.7987000280991197,0.000800006091594696,58.01190005149692,19.304499961435795,4.0,5.888200015760958,2.894700039178133,0.8746999083086848,0.000500003807246685
1,47,47,2.073080336519224,0,0,3.0,3.0,0.49494266510009766,0.4504718780517578,1.0,0.6161101460456848,0.6148275136947632,1.0,1.0,1.0,0.643266499042511,1.0,1.0,1.0,0.4504718780517578,0.4504718780517578,0.6148275136947632,0.643266499042511,1.0,0.0,0.33660927414894104,1.0,1.0,0.9859299063682556,0.16397611796855927,0.1830785870552063,0.4545454680919647,-0.12992337346076965,0.14176099002361298,-0.9899008870124817,0.0,0.1947365403175354,0.06305602937936783,1.0,-0.3396209180355072,1.0,241.64695739746094,11.261796951293945,11.261796951293945,15.370688438415527,25.0,16.081663131713867,0.1947365403175354,0.8052634596824646,0.4504718780517578,0.4504718780517578,0.0,0.0,0.0,0.0,0.0,0.81332118032828,1.1724663950404213,0.30693557160260676,-0.23964281045208416,0.02,-0.0,-0.004336597162977677,-0.00048244769026959165,0.0,0.15,-0.0,0.0,0.0,-0.0,0.0,0.5892976198957552,-0.04225072313185863,0.2681577891111374,0.0,0.033014162020249836,0.0,0.609417011863307,-0.0,0.0,-0.13907597918512093,-0.15247847660412547,-0.13839407834784012,0.37657875120639805,-0.0,0.008011349116713973,0.0,0.008057720645815447,-0.0,0.0024871826171875,0.0024871826171875,-0.05,0.15693557160260674,0.1253768503665924,0.2,0.0,-0.025052295145738344,-0.0,-0.19691080890882262,0.0,0.0,-0.0,0.040894672770250294,-0.0585743791677735,-0.0,0.0,0.0,0.0,0.16237598705571146,-0.0,-0.0,-0.0,0.02,0.0,0.0,0.0,0.0,0.0,0.0,0.1253768503665924,11.691071068011226,32.4,0.7326086850269979,0.0,0.25,0.699999988079071,3.0,3.0,0.25,0.699999988079071,0.25,0.699999988079071,0.25,18.0,1.0,0.0,0.0,0.25,0.25,0.0,0.0,1.0,8.0,0.0,0.0,0.0,0.0,0.0,0.0,0.0,0.0,0.0,0.0,0.0,0.0,0.0,0.0,0.0,0.0,0.0,0.0,0.0,0.0,0.0,0.0,28.0,28.0,28.0,0.0,0.0,0.0,0.0,0.0,1.0,0.0,1.0,0.0,0.0,0.0,1.88,22.854199982248247,0.6927999202162027,0.000700005330145359,12.372100027278066,5.815700045786798,4.0,5.539400037378073,3.374299965798855,0.8372999727725983,0.000500003807246685
1,48,48,2.1033933368471733,0,0,3.0,3.0,0.49494266510009766,0.4504718780517578,1.0,0.6161101460456848,0.6148275136947632,1.0,1.0,1.0,0.643266499042511,1.0,1.0,1.0,0.4504718780517578,0.4504718780517578,0.6148275136947632,0.643266499042511,1.0,0.0,0.3376426100730896,1.0,1.0,0.9858430624008179,0.16701529920101166,0.18467223644256592,0.4545454680919647,-0.12992337346076965,0.15214700996875763,-0.9883579015731812,0.0,0.1947365403175354,0.06305602937936783,1.0,-0.36750367283821106,1.0,241.64817810058594,11.044814109802246,11.044814109802246,15.445659637451172,25.0,16.100330352783203,0.2093632072210312,0.7906367927789688,0.44179256439208986,0.44179256439208986,0.0,0.0,0.0,0.0,0.0,0.7945899729728136,1.234114734554277,0.30748348651249674,-0.252794857192414,0.02,-0.0,-0.004233719547533304,-0.0004788587230779766,0.0023489952087402417,0.15,-0.0,0.0,0.0,-0.0,0.0,0.6426047622639618,-0.05963625256848243,0.2732771225273609,0.0,0.04232204095883803,0.0,0.671002977772763,-0.0,0.0,-0.16163873246204452,-0.17123673248261778,-0.14909484251831984,0.3860860846936703,-0.0,0.0038605312147410586,0.0,0.00395318019384483,-0.0,0.001220703125,0.001220703125,-0.05,0.15748348651249672,0.12771742045879364,0.2,0.0,-0.025516125528567603,-0.0,-0.21267062526374828,0.0,0.0,-0.0,0.04396627276767537,-0.0585743791677735,-0.0,0.0,0.0,0.0,0.16538229509256783,-0.0,-0.0,-0.0,0.02,0.0,0.0,0.0,0.0,0.0,0.0,0.12771742045879364,11.907525246664882,32.4,0.7326086850269979,0.0,0.25,0.699999988079071,3.0,3.0,0.25,0.699999988079071,0.25,0.699999988079071,0.25,19.0,1.0,0.0,0.0,0.25,0.25,0.0,0.0,1.0,8.0,0.0,0.0,0.0,0.0,0.0,0.0,0.0,0.0,0.0,0.0,0.0,0.0,0.0,0.0,0.0,0.0,0.0,0.0,0.0,0.0,0.0,0.0,28.0,28.0,28.0,0.0,0.0,0.0,0.0,0.0,1.0,0.0,1.0,0.0,0.0,0.0,1.92,45.14279996510595,0.7186000002548099,0.000700005330145359,35.54820001590997,17.434900044463575,4.0,5.90430002193898,2.2189998999238014,0.7176999934017658,0.000300002284348011
1,49,49,1.9409623260942035,0,0,3.0,4.0,0.48152363300323486,0.4417925775051117,1.0,0.6184331774711609,0.6178264021873474,1.0,1.0,1.0,0.6440132260322571,1.0,1.0,1.0,0.4417925775051117,0.4417925775051117,0.6178264021873474,0.6440132260322571,1.0,0.0,0.3386934697628021,1.0,1.0,0.9857543110847473,0.17010749876499176,0.18789425492286682,0.4545454680919647,-0.13412989675998688,0.16271428763866425,-0.9866732358932495,0.0,0.2093632072210312,0.08222150057554245,1.0,-0.3861699402332306,1.0,241.6480255126953,11.044814109802246,11.044814109802246,15.445659637451172,25.0,16.100330352783203,0.2093632072210312,0.7906367927789688,0.44179256439208986,0.44179256439208986,0.0,0.0,0.0,0.0,0.0,0.7901797518134117,1.149738301459966,0.3111981506952066,-0.3301538778743808,0.02,-0.0,-0.004233719547533304,-0.0004788587230779766,0.0,0.15,-0.0,0.0,0.0,-0.0,0.0,0.6426047622639618,-0.05963625256848243,0.2732771225273609,0.0,0.04232204095883803,0.0,0.671002977772763,-0.0,0.0,-0.1746233608215891,-0.24462390771251716,-0.16002696908130828,0.3860860846936703,-0.0,-0.001220703125,0.0,-0.0004570409655570984,-0.0,-0.000152587890625,-0.000152587890625,-0.05,0.1611981506952066,0.13072997331619263,0.2,0.0,-0.026186399094308064,-0.0,-0.23809875320782947,0.0,0.0,-0.0,0.06280896216630935,-0.08367768595041321,-0.0,0.0,0.0,0.0,0.16972666079644116,-0.04500000178813934,-0.0,-0.0,0.02,0.0,0.0,0.0,0.0,0.0,0.0,0.13072997331619263,12.220319577343762,32.4,1.0,0.0,0.25,1.0,3.0,4.0,0.25,1.0,0.25,1.0,0.25,20.0,1.0,0.0,0.0,0.25,0.25,0.0,0.0,1.0,8.0,0.0,0.0,0.0,0.0,0.0,0.0,0.0,0.0,0.0,0.0,0.0,0.0,0.0,0.0,0.0,0.0,0.0,0.0,0.0,0.0,0.0,0.0,28.0,28.0,28.0,0.0,0.0,0.0,0.0,0.0,1.0,0.0,1.0,0.0,0.0,0.0,1.96,21.843899972736835,0.880699953995645,0.000600004568696022,12.395299971103668,8.731600013561547,4.0,5.18410000950098,2.2513000294566154,1.1001999955624342,0.000600004568696022
1,50,50,2.0488163615223023,0,0,3.0,3.0,0.48152363300323486,0.4417925775051117,1.0,0.6184331774711609,0.6178264021873474,1.0,1.0,1.0,0.6440132260322571,1.0,1.0,1.0,0.4417925775051117,0.4417925775051117,0.6178264021873474,0.6440132260322571,1.0,0.0,0.33976709842681885,1.0,1.0,0.9856631755828857,0.17457599937915802,0.2715228497982025,0.4545454680919647,-0.13412989675998688,0.17349077761173248,-0.9848355054855347,0.0,0.2093632072210312,0.08222150057554245,1.0,-0.41448521614074707,1.0,241.6465606689453,10.825486183166504,10.825486183166504,15.526376724243164,25.0,16.11956787109375,0.2241574376821518,0.7758425623178482,0.43301944732666015,0.43301944732666015,0.0,0.0,0.0,0.0,0.0,0.7701175957918167,1.2827115410120662,0.31214415747017354,-0.3361569327517545,0.02,-0.0,-0.00412579391155513,-0.0004751880427652616,0.006470298767089861,0.15,-0.0,0.0,0.0,-0.0,0.0,0.6953563472907103,-0.07967006703695605,0.2784551031887531,0.0,0.05173655125227837,0.0,0.7332944744511656,-0.0,0.0,-0.20017739460941214,-0.1908352827497846,-0.17123798699676307,0.39570233449339864,-0.0,-0.01171875,0.0,-0.005724966526031494,-0.0,-0.00146484375,-0.00146484375,-0.05,0.16214415747017352,0.13353998959064484,0.2,0.0,-0.026672011228837073,-0.0,-0.25298360167860706,0.0,0.0,-0.0,0.04707306111160241,-0.0585743791677735,-0.0,0.0,0.0,0.0,0.17287414685357363,-0.04500000178813934,-0.0,-0.0,0.02,0.0,0.0,0.0,0.0,0.0,0.0,0.13353998959064484,12.446938573457302,32.4,0.7326086850269979,0.0,0.25,0.699999988079071,3.0,3.0,0.25,0.699999988079071,0.25,0.699999988079071,0.25,21.0,1.0,0.0,0.0,0.25,0.25,0.0,0.0,1.0,8.0,0.0,0.0,0.0,0.0,0.0,0.0,0.0,0.0,0.0,0.0,0.0,0.0,0.0,0.0,0.0,0.0,0.0,0.0,0.0,0.0,0.0,0.0,28.0,28.0,28.0,0.0,0.0,0.0,0.0,0.0,1.0,0.0,1.0,0.0,0.0,0.0,2.0,42.512399959377944,0.6684999680146575,0.000600004568696022,32.50079997815192,24.08499992452562,4.0,5.0122999818995595,3.6225999938324094,0.6768000312149525,0.000300002284348011
1,51,51,2.0979332875958168,0,0,3.0,2.0,0.46807602047920227,0.4330194592475891,1.0,0.621266782283783,0.6210550665855408,1.0,1.0,1.0,0.6447827219963074,1.0,1.0,1.0,0.4330194592475891,0.4330194592475891,0.6210550665855408,0.6447827219963074,1.0,0.0,0.34086179733276367,1.0,1.0,0.9855697751045227,0.17781341075897217,0.19671787321567535,0.4545454680919647,-0.13976521790027618,0.1845206469297409,-0.9828286170959473,0.0,0.2241574376821518,0.09420784562826157,1.0,-0.43274444341659546,1.0,241.64369201660156,10.825486183166504,10.825486183166504,15.526376724243164,25.0,16.11956787109375,0.2241574376821518,0.7758425623178482,0.43301944732666015,0.43301944732666015,0.0,0.0,0.0,0.0,0.0,0.7644761428236961,1.3594998040952555,0.31419917611778536,-0.3602418354409203,0.02,-0.0,-0.00412579391155513,-0.0004751880427652616,0.0,0.15,-0.0,0.0,0.0,-0.0,0.0,0.6953563472907103,-0.07967006703695605,0.2784551031887531,0.0,0.05173655125227837,0.0,0.7332944744511656,-0.0,0.0,-0.2139982475930798,-0.0954176413748923,-0.1826097907838773,0.39570233449339864,-0.0,-0.02294921875,0.0,-0.011366419494152069,-0.0,-0.00286865234375,-0.00286865234375,-0.05,0.16419917611778534,0.13523247838020325,0.2,0.0,-0.02692839913394834,-0.0,-0.27506277817295605,0.0,0.0,-0.0,0.023536530555801204,-0.02928718958388675,-0.0,0.0,0.0,0.0,0.17453592031262813,-0.052499999105930326,-0.0,-0.0,0.02,0.0,0.0,0.0,0.0,0.0,0.0,0.13523247838020325,12.566586262509226,23.26086922832157,0.4206521686004555,0.0,0.25,0.3499999940395355,3.0,2.0,0.25,0.3499999940395355,0.25,0.3499999940395355,0.25,22.0,1.0,0.0,0.0,0.25,0.25,0.0,0.0,1.0,8.0,0.0,0.0,0.0,0.0,0.0,0.0,0.0,0.0,0.0,0.0,0.0,0.0,0.0,0.0,0.0,0.0,0.0,0.0,0.0,0.0,0.0,0.0,28.0,28.0,28.0,0.0,0.0,0.0,0.0,0.0,1.0,0.0,1.0,0.0,0.0,0.0,2.04,23.77219998743385,0.4653000505641103,0.000400003045797348,14.371999888680875,8.850799989886582,4.0,5.225999979302287,2.9444999527186155,0.7315999828279018,0.000600004568696022
1,52,52,1.4582499892371557,0,0,3.0,3.0,0.46807602047920227,0.4330194592475891,1.0,0.621266782283783,0.6210550665855408,1.0,1.0,1.0,0.6447827219963074,1.0,1.0,1.0,0.4330194592475891,0.4330194592475891,0.6210550665855408,0.6447827219963074,1.0,0.0,0.3419680893421173,1.0,1.0,0.9854749441146851,0.17952266335487366,0.10386084020137787,0.4545454680919647,-0.13976521790027618,0.195685014128685,-0.9806668162345886,0.0,0.2241574376821518,0.09420784562826157,1.0,-0.4614827334880829,1.0,241.6392059326172,7.873189926147461,7.873189926147461,15.615084648132324,25.0,16.150381088256836,0.23902836441993713,0.7609716355800629,0.31492759704589846,0.31492759704589846,0.0,0.0,0.0,0.0,0.0,0.7432122752070427,0.7579419376956963,0.3140510614163583,-0.3769552850819417,0.02,-0.03608690947294235,-0.0040104855281697495,-0.0004693671595396849,-0.5167083740234375,0.15,-0.0,0.0,0.0,-0.0,0.0,0.7471993828154381,-0.1022899920112349,0.283659927546978,0.0,0.06119986826723272,0.0,0.795908902820788,-0.0,0.0,-0.24213179366483933,-0.2111692964125104,-0.1941018648453423,0.40536843687295915,-0.0,-0.035888671875,0.0,-0.017759360373020172,-0.0,-0.004486083984375,-0.004486083984375,-0.05,0.1640510614163583,0.1372537910938263,0.2,0.0,-0.027416551422673678,-0.0,-0.28866031105891893,0.0,0.0,-0.0,0.05019595567335475,-0.0585743791677735,-0.0,0.0,0.0,0.0,0.1776998703321442,-0.052499999105930326,-0.0,-0.0,0.02,0.0,0.0,0.0,0.0,0.0,0.0,0.1372537910938263,12.794390663914383,32.4,0.7326086850269979,0.0,0.25,0.699999988079071,3.0,3.0,0.25,0.699999988079071,0.25,0.699999988079071,0.25,23.0,1.0,0.0,0.0,0.25,0.25,0.0,0.0,1.0,8.0,0.0,0.0,0.0,0.0,0.0,0.0,0.0,0.0,0.0,0.0,0.0,0.0,0.0,0.0,0.0,0.0,0.0,0.0,0.0,0.0,0.0,0.0,28.0,28.0,28.0,0.0,0.0,0.0,0.0,0.0,1.0,0.0,1.0,0.0,0.0,0.0,2.08,45.502500026486814,0.4075999604538083,0.000500003807246685,36.759300041012466,25.755500071682036,4.0,4.766599973663688,2.652800059877336,0.8891000179573894,0.000600004568696022
1,53,53,6.232495503475609,0,0,3.0,2.0,0.3149276077747345,0.42397934198379517,1.0,0.6246033906936646,0.6248036026954651,1.0,1.0,1.0,0.6460152268409729,1.0,1.0,1.0,0.3149276077747345,0.3149276077747345,0.6246033906936646,0.6460152268409729,1.0,0.0,0.3430882692337036,1.0,1.0,0.9853783845901489,0.18277700245380402,0.1977468729019165,0.4545454680919647,-0.14253737032413483,0.20694173872470856,-0.9783532619476318,0.0,0.23902836441993713,0.12439360469579697,1.0,-0.4788282513618469,1.0,241.6332550048828,10.367563247680664,10.367563247680664,15.712182998657227,25.0,16.184595108032227,0.25386950373649597,0.746130496263504,0.41470252990722656,0.41470252990722656,0.0,0.0,0.0,0.0,0.0,0.7225234135985374,5.558047354213977,0.31351339181789595,-0.3815886561548011,0.02,-0.0,-0.003888118518138577,-0.0004629873400581411,4.0913642883300785,0.15,-0.0,0.0,0.0,-0.0,0.0,0.7977570513507454,-0.127345804149294,0.2888543263077736,0.0,0.07064422965049741,0.0,0.8583979104694568,-0.0,0.0,-0.27109142829826266,-0.1160480854669917,-0.20578654229902815,0.4150151774287224,-0.0,-0.047607421875,0.0,-0.023607082664966583,-0.0,-0.005950927734375,-0.005950927734375,-0.05,0.16351339181789595,0.13900460302829742,0.2,0.0,-0.027673384294765332,-0.0,-0.2987843806085967,0.0,0.0,-0.0,0.026656297438378027,-0.02928718958388675,-0.0,0.0,0.0,0.0,0.179364527836442,-0.052499999105930326,-0.0,-0.0,0.02,0.0,0.0,0.0,0.0,0.0,0.0,0.13900460302829742,12.914246004223823,23.26086922832157,0.4206521686004555,0.0,0.25,0.3499999940395355,3.0,2.0,0.25,0.3499999940395355,0.25,0.3499999940395355,0.25,24.0,1.0,0.0,0.0,0.25,0.25,0.0,0.0,1.0,8.0,0.0,0.0,0.0,0.0,0.0,0.0,0.0,0.0,0.0,0.0,0.0,0.0,0.0,0.0,0.0,0.0,0.0,0.0,0.0,0.0,0.0,0.0,28.0,28.0,28.0,0.0,0.0,0.0,0.0,0.0,1.0,0.0,1.0,0.0,0.0,0.0,2.12,49.11819996777922,0.6451000226661563,0.000600004568696022,28.359699994325638,16.630500089377165,4.0,16.62390003912151,2.66100000590086,0.7866999367251992,0.000200001522898674
1,54,54,2.1522138750915007,0,0,3.0,2.0,0.4414342939853668,0.41470253467559814,1.0,0.6284873485565186,0.6291149258613586,1.0,1.0,1.0,0.6473838090896606,1.0,1.0,1.0,0.41470253467559814,0.41470253467559814,0.6284873485565186,0.6473838090896606,1.0,0.0,0.3442201614379883,1.0,1.0,0.9852802753448486,0.18448923528194427,0.10404109209775925,0.4545454680919647,-0.14670604467391968,0.2183590978384018,-0.9758684635162354,0.0,0.25386950373649597,0.12262051552534103,1.0,-0.495853066444397,1.0,241.62570190429688,10.367563247680664,10.367563247680664,15.712182998657227,25.0,16.184595108032227,0.25386950373649597,0.746130496263504,0.41470252990722656,0.41470252990722656,0.0,0.0,0.0,0.0,0.0,0.7160842269659042,1.4521622958085219,0.3150328831666131,-0.3510655308495384,0.02,-0.0,-0.003888118518138577,-0.0004629873400581411,0.0,0.15,-0.0,0.0,0.0,-0.0,0.0,0.7977570513507454,-0.127345804149294,0.2888543263077736,0.0,0.07064422965049741,0.0,0.8583979104694568,-0.0,0.0,-0.28732868509680204,-0.1160480854669917,-0.21756261109873257,0.4150151774287224,-0.0,-0.0604248046875,0.0,-0.030046269297599792,-0.0,-0.0075531005859375,-0.0075531005859375,-0.05,0.16503288316661308,0.1402963399887085,0.2,0.0,-0.027938213674910367,-0.0,-0.3204964250291193,0.0,0.0,-0.0,0.026656297438378027,-0.02928718958388675,-0.0,0.0,0.0,0.0,0.18108101455960424,-0.0,-0.0,-0.0,0.02,0.0,0.0,0.0,0.0,0.0,0.0,0.1402963399887085,13.037833048291505,23.26086922832157,0.4206521686004555,0.0,0.25,0.3499999940395355,3.0,2.0,0.25,0.3499999940395355,0.25,0.3499999940395355,0.25,25.0,1.0,0.0,0.0,0.25,0.25,0.0,0.0,1.0,8.0,0.0,0.0,0.0,0.0,0.0,0.0,0.0,0.0,0.0,0.0,0.0,0.0,0.0,0.0,0.0,0.0,0.0,0.0,0.0,0.0,0.0,0.0,28.0,28.0,28.0,0.0,0.0,0.0,0.0,0.0,1.0,0.0,1.0,0.0,0.0,0.0,2.16,20.561299985274673,0.4512000596150756,0.000400003045797348,11.563199921511114,5.302199977450073,4.0,4.640200058929622,3.1160999787971377,0.7576999487355351,0.000500003807246685
1,55,55,2.1935966457136593,0,0,3.0,2.0,0.4414342939853668,0.41470253467559814,1.0,0.6284873485565186,0.6291149258613586,1.0,1.0,1.0,0.6473838090896606,1.0,1.0,1.0,0.41470253467559814,0.41470253467559814,0.6284873485565186,0.6473838090896606,1.0,0.0,0.34535959362983704,1.0,1.0,0.9851809740066528,0.18625475466251373,0.1072804182767868,0.4545454680919647,-0.14670604467391968,0.22983558475971222,-0.9732294678688049,0.0,0.25386950373649597,0.12262051552534103,1.0,-0.5242280960083008,1.0,241.6165313720703,10.137994766235352,10.137994766235352,15.813122749328613,25.0,16.219926834106445,0.26895490288734436,0.7310450971126556,0.40551979064941407,0.40551979064941407,0.0,0.0,0.0,0.0,0.0,0.6944822520017624,1.5233375493639796,0.3138466898313715,-0.35806984548345444,0.02,-0.0,-0.003765040136361859,-0.0004564901031693584,0.026013946533203134,0.15,-0.0,0.0,0.0,-0.0,0.0,0.8479371759420926,-0.15535422973601887,0.29413421601057055,0.0,0.08024402911012826,0.0,0.9219153805782921,-0.0,0.0,-0.3187252610813565,-0.1270080669473729,-0.2294451746768491,0.4248206868767739,-0.0,-0.0733642578125,0.0,-0.03656284511089325,-0.0,-0.0091705322265625,-0.0091705322265625,-0.05,0.1638466898313715,0.1416032910346985,0.2,0.0,-0.028200363579977836,-0.0,-0.32882255664183213,0.0,0.0,-0.0,0.028240264322242314,-0.02928718958388675,-0.0,0.0,0.0,0.0,0.18278013431467116,-0.0,-0.0,-0.0,0.02,0.0,0.0,0.0,0.0,0.0,0.0,0.1416032910346985,13.160169670656323,23.26086922832157,0.4206521686004555,0.0,0.25,0.3499999940395355,3.0,2.0,0.25,0.3499999940395355,0.25,0.3499999940395355,0.25,26.0,1.0,0.0,0.0,0.25,0.25,0.0,0.0,1.0,8.0,0.0,0.0,0.0,0.0,0.0,0.0,0.0,0.0,0.0,0.0,0.0,0.0,0.0,0.0,0.0,0.0,0.0,0.0,0.0,0.0,0.0,0.0,28.0,28.0,28.0,0.0,0.0,0.0,0.0,0.0,1.0,0.0,1.0,0.0,0.0,0.0,2.2,41.967199998907745,0.6284000119194388,0.000600004568696022,33.860200084745884,17.059599980711937,4.0,4.169499967247248,2.284199930727482,0.9893000824376941,0.000300002284348011
1,56,56,2.203153667167938,0,0,3.0,1.0,0.4284326136112213,0.4055197834968567,1.0,0.6325249075889587,0.6339573264122009,1.0,1.0,1.0,0.6487970948219299,1.0,1.0,1.0,0.4055197834968567,0.4055197834968567,0.6325249075889587,0.6487970948219299,1.0,0.0,0.3465064764022827,1.0,1.0,0.9850805401802063,0.18800242245197296,0.10619498789310455,0.4545454680919647,-0.14874552190303802,0.24138355255126953,-0.9704297780990601,0.0,0.26895490288734436,0.12696389853954315,1.0,-0.5400988459587097,1.0,241.60581970214844,10.137994766235352,10.137994766235352,15.813122749328613,25.0,16.219926834106445,0.26895490288734436,0.7310450971126556,0.40551979064941407,0.40551979064941407,0.0,0.0,0.0,0.0,0.0,0.6884383335709572,1.607532926365739,0.3141414741311371,-0.426959066899895,0.02,-0.0,-0.003765040136361859,-0.0004564901031693584,0.0,0.15,-0.0,0.0,0.0,-0.0,0.0,0.8479371759420926,-0.15535422973601887,0.29413421601057055,0.0,0.08024402911012826,0.0,0.9219153805782921,-0.0,0.0,-0.33511890150226775,-0.0,-0.24138991200675086,0.4248206868767739,-0.0,-0.085693359375,0.0,-0.042606763541698456,-0.0,-0.010711669921875,-0.010711669921875,-0.05,0.16414147413113706,0.1418580561876297,0.2,0.0,-0.02813786197557513,-0.0,-0.34632120581838954,0.0,0.0,0.0,0.0,0.0,-0.0,0.0,0.0,0.0,0.18237503132317215,-0.052499999105930326,-0.0,-0.0,0.02,0.0,0.0,0.0,0.0,0.0,0.0,0.1418580561876297,13.131002255268395,0.0,0.0,0.0,0.25,0.0,3.0,1.0,0.25,0.0,0.25,0.0,0.25,27.0,1.0,0.0,0.0,0.25,0.25,0.0,0.0,1.0,8.0,0.0,0.0,0.0,0.0,0.0,0.0,0.0,0.0,0.0,0.0,0.0,0.0,0.0,0.0,0.0,0.0,0.0,0.0,0.0,0.0,0.0,0.0,28.0,28.0,28.0,0.0,0.0,0.0,0.0,0.0,1.0,0.0,1.0,0.0,0.0,0.0,2.24,26.93559997715056,0.404300051741302,0.000500003807246685,18.54230009485036,8.874099934473634,4.0,4.722799989394844,2.4839999387040734,0.7499000057578087,0.000500003807246685
1,57,57,1.70607535940947,0,0,4.0,2.0,0.4284326136112213,0.4055197834968567,1.0,0.6325249075889587,0.6339573264122009,1.0,1.0,1.0,0.6487970948219299,1.0,1.0,1.0,0.4055197834968567,0.4055197834968567,0.6325249075889587,0.6487970948219299,1.0,0.0,0.34765225648880005,1.0,1.0,0.9849795699119568,0.1875857412815094,-0.025318937376141548,0.4545454680919647,-0.14874552190303802,0.2529575824737549,-0.9674773812294006,0.0,0.26895490288734436,0.12696389853954315,1.0,-0.5682160258293152,1.0,241.59317016601562,9.905694961547852,9.905694961547852,15.922945976257324,25.0,16.26766586303711,0.28394466638565063,0.7160553336143494,0.3962277984619141,0.3962277984619141,0.0,0.0,0.0,0.0,0.0,0.6655346676707268,1.438544667923953,0.3119551119792117,-0.7299590881644215,0.02,-0.0,-0.0036357510156961917,-0.00044785584604915634,0.03726425170898438,0.15,-0.0,0.0,0.0,-0.0,0.0,0.8585534339820003,-0.2656011545740788,0.2993806332349777,0.0,0.12839884866367707,0.0,0.9850301742553712,-0.0,0.0,-0.3683510352151947,-0.1382224446114144,-0.25343541492501487,0.43456403315067293,-0.0,-0.1011962890625,0.0,-0.05052066594362259,-0.0,-0.0126495361328125,-0.0126495361328125,-0.05,0.1619551119792117,0.14231924712657928,0.2,0.0,-0.042004821529323506,-0.015061983471074398,-0.5221176310665722,0.0,0.0,-0.0,0.029814189462760685,-0.1250888408449564,-0.0,0.0,0.0,0.0,0.18395504924003037,-0.05550000071525574,-0.0,-0.0,0.02,0.0,0.0,0.0,0.0,0.0,0.0,0.14231924712657928,13.244763545282185,23.26086922832157,0.4206521686004555,0.0,0.5,0.3499999940395355,4.0,2.0,0.5,0.3499999940395355,0.3700000047683716,0.3499999940395355,0.3700000000000001,28.0,1.0,0.0,0.0,0.5,0.5,1.0,0.1299999999999999,1.0,8.0,0.0,0.0,0.0,0.0,0.0,0.0,0.0,0.0,0.0,0.0,0.0,0.0,0.0,0.0,0.0,0.0,0.0,0.0,0.0,0.0,0.0,0.0,28.0,28.0,28.0,0.0,0.0,0.0,0.0,0.0,1.0,0.0,1.0,0.0,0.0,0.0,2.28,46.951099997386336,0.6391999777406454,0.000600004568696022,40.020299958996475,21.219999995082617,4.0,3.538800054229796,1.9703999860212207,0.748499995097518,0.000500003807246685
1,58,58,2.071914664179776,0,0,3.0,2.0,0.4157843291759491,0.39622780680656433,1.0,0.6369178295135498,0.6393535733222961,1.0,1.0,1.0,0.6507066488265991,1.0,1.0,1.0,0.39622780680656433,0.39622780680656433,0.6369178295135498,0.6507066488265991,1.0,0.0,0.34879744052886963,1.0,1.0,0.9848781228065491,0.189210906624794,0.09875112026929855,0.6727272868156433,-0.14803870022296906,0.264592707157135,-0.964360237121582,0.0,0.28394466638565063,0.14218021929264069,1.0,-0.5831946134567261,1.0,241.57913208007812,9.905694961547852,9.905694961547852,15.922945976257324,25.0,16.26766586303711,0.28394466638565063,0.7160553336143494,0.3962277984619141,0.3962277984619141,0.0,0.0,0.0,0.0,0.0,0.6601247787475586,1.5002860726065832,0.3125939700663453,-0.4210901572407111,0.02,-0.0,-0.0036357510156961917,-0.00044785584604915634,0.0,0.15,-0.0,0.0,0.0,-0.0,0.0,0.8965912401457519,-0.1857217616302007,0.2993806332349777,0.0,0.08978296951814128,0.0,0.9850301742553712,-0.0,0.0,-0.38948322745952685,-0.1382224446114144,-0.2671076921903333,0.43456403315067293,-0.0,-0.1123046875,0.0,-0.05593055486679077,-0.0,-0.0140380859375,-0.0140380859375,-0.05,0.1625939700663453,0.1428806483745575,0.2,0.0,-0.028724250667116473,-0.0,-0.3748929057372128,0.0,0.0,-0.0,0.029814189462760685,-0.02928718958388675,-0.0,0.0,0.0,0.0,0.1861756987683475,-0.018000000715255735,-0.0,-0.0,0.02,0.0,0.0,0.0,0.0,0.0,0.0,0.1428806483745575,13.40465031132102,23.26086922832157,0.4206521686004555,0.0,0.25,0.3499999940395355,3.0,2.0,0.25,0.3499999940395355,0.25,0.3499999940395355,0.25,29.0,1.0,0.0,0.0,0.25,0.25,0.0,0.0,1.0,8.0,0.0,0.0,0.0,0.0,0.0,0.0,0.0,0.0,0.0,0.0,0.0,0.0,0.0,0.0,0.0,0.0,0.0,0.0,0.0,0.0,0.0,0.0,28.0,28.0,28.0,0.0,0.0,0.0,0.0,0.0,1.0,0.0,1.0,0.0,0.0,0.0,2.32,34.52429990284145,0.6148999091237783,0.000600004568696022,24.96210008393973,8.614499936811626,4.0,4.96210006531328,3.2504999544471502,0.695600057952106,0.000400003045797348
1,59,59,1.9065072346638723,0,0,4.0,1.0,0.4157843291759491,0.39622780680656433,1.0,0.6369178295135498,0.6393535733222961,1.0,1.0,1.0,0.6507066488265991,1.0,1.0,1.0,0.39622780680656433,0.39622780680656433,0.6369178295135498,0.6507066488265991,1.0,0.0,0.3499441146850586,1.0,1.0,0.984775960445404,0.19149500131607056,0.13879059255123138,0.4545454680919647,-0.14803870022296906,0.277752548456192,-0.9606526494026184,0.0,0.28394466638565063,0.14218021929264069,1.0,-0.6146566867828369,1.0,241.56304931640625,9.676196098327637,9.676196098327637,16.04032325744629,25.0,16.312108993530273,0.29271450638771057,0.7072854936122894,0.3870478439331055,0.3870478439331055,0.0,0.0,0.0,0.0,0.0,0.6430929228663445,1.6103103253568136,0.3111160427456891,-0.6780120563049749,0.02,-0.0,-0.003502702523682078,-0.00043996455032624686,0.04282941818237307,0.15,-0.0,0.0,0.0,-0.0,0.0,0.8964412046160798,-0.2635806846817784,0.3024500772356987,0.0,0.12281804138963887,0.0,1.0219558163693077,-0.0,0.0,-0.4189046601927891,-0.0,-0.2808085952502122,0.4402644291520119,-0.0,-0.128662109375,0.0,-0.06419257074594498,-0.0,-0.016082763671875,-0.016082763671875,-0.05,0.1611160427456891,0.14298687875270844,0.2,0.0,-0.042360316854740905,-0.015061983471074398,-0.5650897552639038,0.0,0.0,0.0,0.0,0.0,-0.0,0.0,0.0,0.0,0.18551189813762903,-0.05550000071525574,-0.0,-0.0,0.02,0.0,0.0,0.0,0.0,0.0,0.0,0.14298687875270844,13.35685666590929,0.0,0.0,0.0,0.5,0.0,4.0,1.0,0.5,0.0,0.3700000047683716,0.0,0.3700000000000001,30.0,1.0,0.0,0.0,0.5,0.5,1.0,0.1299999999999999,1.0,8.0,0.0,0.0,0.0,0.0,0.0,0.0,0.0,0.0,0.0,0.0,0.0,0.0,0.0,0.0,0.0,0.0,0.0,0.0,0.0,0.0,0.0,0.0,28.0,28.0,28.0,0.0,0.0,0.0,0.0,0.0,1.0,0.0,1.0,0.0,0.0,0.0,2.36,51.065800013020635,0.574899953790009,0.00100000761449337,43.02899993490428,25.077400030568242,4.0,4.278699983842671,2.390800043940544,0.7564000552520156,0.000400003045797348
1,60,60,1.6546820126837796,0,0,3.0,2.0,0.403329461812973,0.3870478570461273,1.0,0.6416129469871521,0.64557284116745,1.0,1.0,1.0,0.6524843573570251,1.0,1.0,1.0,0.3870478570461273,0.3870478570461273,0.6416129469871521,0.6524843573570251,1.0,0.0,0.35108667612075806,1.0,1.0,0.9846735596656799,0.19081224501132965,-0.04148754104971886,0.6727272868156433,-0.1736980676651001,0.29088789224624634,-0.956757128238678,0.0,0.29271450638771057,0.14675259590148926,1.0,-0.6378180384635925,1.0,241.5450897216797,8.773782730102539,9.455570220947266,8.773782730102539,25.0,16.360641479492188,0.294832319021225,0.705167680978775,0.35095130920410156,0.3782228088378906,0.0,0.0,0.0,0.0,0.0,0.6335325986146927,1.1742509360018178,0.310835976932588,-0.483937498865319,0.02,-0.0,-0.037748788428439796,-0.0004315058905839154,-0.2867747688293457,0.15,-0.0,0.0,0.0,-0.0,0.0,0.931175680587979,-0.2093642073739705,0.30319131165742874,0.0,0.09671147574077953,0.0,1.0308729221946316,-0.0,0.0,-0.4444695828929292,-0.14657029761483234,-0.2954088407078821,0.44164100736379625,-0.0,-0.1436767578125,0.0,-0.07163508236408234,-0.0,-0.0179595947265625,-0.0179595947265625,-0.05,0.16083597693258803,0.1430812031030655,0.2,0.0,-0.02893805756989334,-0.0,-0.40116964396631055,0.0,0.0,-0.0,0.03095739297002735,-0.02928718958388675,-0.0,0.0,0.0,0.0,0.1875614842493087,-0.05550000071525574,-0.0,-0.0,0.02,0.0,0.0,0.0,0.0,0.0,0.0,0.1430812031030655,13.504426865950226,23.26086922832157,0.4206521686004555,0.0,0.25,0.3499999940395355,3.0,2.0,0.25,0.3499999940395355,0.25,0.3499999940395355,0.25,31.0,1.0,0.0,0.0,0.25,0.25,0.0,0.0,1.0,8.0,0.0,0.0,0.0,0.0,0.0,0.0,0.0,0.0,0.0,0.0,0.0,0.0,0.0,0.0,0.0,0.0,0.0,0.0,0.0,0.0,0.0,0.0,28.0,28.0,28.0,0.0,0.0,0.0,0.0,0.0,1.0,0.0,1.0,0.0,0.0,0.0,2.4,42.26300003938377,0.6324000423774123,0.000600004568696022,34.53930001705885,20.79710003454238,4.0,4.617099999450147,1.976399915292859,0.4619000246748328,0.000300002284348011
1,61,61,2.0449703757777926,0,0,3.0,1.0,0.39128029346466064,0.37822282314300537,1.0,0.6465442180633545,0.6526584625244141,0.35095131397247314,1.0,1.0,0.6544256806373596,1.0,1.0,1.0,0.35095131397247314,0.37822282314300537,0.35095131397247314,0.6544256806373596,1.0,0.0,0.35222527384757996,1.0,1.0,0.9845709204673767,0.19292038679122925,0.12809912860393524,0.4545454680919647,-0.1868797093629837,0.3048252761363983,-0.9524083137512207,0.0,0.294832319021225,0.15094201266765594,1.0,-0.668889045715332,1.0,241.81747436523438,8.773782730102539,9.455570220947266,8.773782730102539,25.0,16.360641479492188,0.294832319021225,0.705167680978775,0.35095130920410156,0.3782228088378906,0.0,0.0,0.0,0.0,0.0,0.6258199438452721,1.5859256748792487,0.31140777947621484,-0.49818302242294304,0.02,-0.0,-0.037748788428439796,-0.0004315058905839154,0.0,0.15,-0.0,0.0,0.0,-0.0,0.0,0.931175680587979,-0.2093642073739705,0.30319131165742874,0.0,0.09671147574077953,0.0,1.0308729221946316,-0.0,0.0,-0.4653575470076591,-0.0,-0.3096439944730336,0.44164100736379625,-0.0,0.7683073897187569,0.0,-0.07934773713350296,-0.0,0.2723846435546875,0.2723846435546875,-0.05,0.16140777947621482,0.14358988404273987,0.2,0.0,-0.028817350065867817,-0.0,-0.4168656732511449,0.0,0.0,0.0,0.0,0.0,-0.0,0.0,0.0,0.0,0.18677912079729142,-0.052499999105930326,-0.0,-0.0,0.02,0.0,0.0,0.0,0.0,0.0,0.0,0.14358988404273987,13.448096697404981,0.0,0.0,0.0,0.25,0.0,3.0,1.0,0.25,0.0,0.25,0.0,0.25,32.0,1.0,0.0,0.0,0.25,0.25,0.0,0.0,1.0,8.0,0.0,0.0,0.0,0.0,0.0,0.0,0.0,0.0,37.18632507324219,238.38601684570312,37.3657341003418,238.65098571777344,0.17940902709960938,0.2649688720703125,0.31999391317367554,0.9756089860202044,-0.1749860942363739,-0.9845709204673767,1.0,-5.0807085037231445,0.5677472949028015,0.0,28.0,28.0,28.0,0.0,0.0,0.0,0.0,0.0,1.0,120.0,1.0,1.0,1.0,0.0,0.0,53.41059993952513,0.5802999949082732,9.371799998916686,35.976699902676046,19.685500068590045,4.0,3.782500047236681,2.966300002299249,0.6974999560043216,0.000300002284348011
1,62,62,3.481521766089731,0,0,3.0,2.0,0.39128029346466064,0.37822282314300537,1.0,0.6465442180633545,0.6526584625244141,0.35095131397247314,1.0,1.0,0.6544256806373596,1.0,1.0,1.0,0.35095131397247314,0.37822282314300537,0.35095131397247314,0.6544256806373596,1.0,0.0,0.3548581302165985,1.0,1.0,0.9843730926513672,0.1921156644821167,-0.04889771714806557,0.4545454680919647,-0.1868797093629837,0.3183516263961792,-0.9479727149009705,0.0,0.294832319021225,0.15094201266765594,1.0,-0.70112144947052,1.0,242.02536010742188,9.231182098388672,9.231182098388672,13.40668773651123,25.0,16.422346115112305,0.30854588747024536,0.6914541125297546,0.3692472839355469,0.3692472839355469,0.0,0.0,0.0,0.0,0.0,0.6032053083181381,3.047389293446867,0.3100254952342785,-0.4990983309095525,0.02,-0.0,-0.008190231804161145,-0.0004209858857531446,1.557365417480469,0.15,-0.0,0.0,0.0,-0.0,0.0,0.9738326344627449,-0.24104141999672096,0.30799106061458587,0.0,0.10543829202651975,0.0,1.088614263032612,-0.0,0.0,-0.5036372232054837,-0.15732722955856998,-0.32307938353693144,0.4505548268556595,-0.0,0.5749738054873887,0.0,-0.08824880421161652,-0.0,0.2078857421875,0.2078857421875,-0.05,0.16002549523427853,0.14460954070091248,0.2,0.0,-0.029035656347924044,-0.0,-0.4206728035044641,0.0,0.0,-0.0,0.032397317632652724,-0.02928718958388675,-0.0,0.0,0.0,0.0,0.18819406892172993,-0.052499999105930326,-0.0,-0.0,0.02,0.0,0.0,0.0,0.0,0.0,0.0,0.14460954070091248,13.549972962364555,23.26086922832157,0.4206521686004555,0.0,0.25,0.3499999940395355,3.0,2.0,0.25,0.3499999940395355,0.25,0.3499999940395355,0.25,33.0,1.0,0.0,0.0,0.25,0.25,0.0,0.0,1.0,8.0,0.0,0.0,0.0,0.0,0.0,0.0,0.0,0.0,37.36577224731445,238.6509246826172,37.62516784667969,238.83831787109375,0.2593955993652344,0.1873931884765625,0.32000356912612915,0.625616567957191,-0.17609553039073944,-0.9843730330467224,1.0,-5.217206001281738,0.6123173236846924,0.0,28.0,28.0,28.0,0.0,0.0,0.0,0.0,0.0,1.0,120.0,1.0,1.0,1.0,0.0,0.0,54.941699956543744,0.5113000515848398,8.39909992646426,37.32920007314533,18.06379994377494,4.0,5.132099962793291,2.797099994495511,0.7282000733539462,0.000400003045797348
1,63,63,1.5523741228787626,0,0,4.0,2.0,0.37978821992874146,0.36924728751182556,1.0,0.6518926024436951,0.6604257225990295,0.5362675189971924,1.0,1.0,0.6568938493728638,1.0,1.0,1.0,0.36924728751182556,0.36924728751182556,0.5362675189971924,0.6568938493728638,1.0,0.0,0.3581608533859253,1.0,1.0,0.9841060638427734,0.1935710459947586,0.08843425661325455,0.4545454680919647,-0.16724273562431335,0.33105888962745667,-0.9436100721359253,0.0,0.30854588747024536,0.1670122593641281,1.0,-0.7170701026916504,1.0,242.14114379882812,9.231182098388672,9.231182098388672,13.40668773651123,25.0,16.422346115112305,0.30854588747024536,0.6914541125297546,0.3692472839355469,0.3692472839355469,0.0,0.0,0.0,0.0,0.0,0.5951152071356773,1.4449038146783337,0.31146931551805973,-0.8191142144533082,0.02,-0.0,-0.008190231804161145,-0.0004209858857531446,0.0,0.15,-0.0,0.0,0.0,-0.0,0.0,0.9658800523953637,-0.2577418423382217,0.30799106061458587,0.0,0.11274352615529862,0.0,1.088614263032612,-0.0,0.0,-0.5248915260371902,-0.15732722955856998,-0.33632911740024385,0.4505548268556595,-0.0,0.3202364383469103,0.0,-0.0963389053940773,-0.0,0.11578369140625,0.11578369140625,-0.05,0.16146931551805974,0.14591427147388458,0.2,0.0,-0.043152533385001135,-0.015061983471074398,-0.6502081736696733,0.0,0.0,-0.0,0.032397317632652724,-0.1250888408449564,-0.0,0.0,0.0,0.0,0.18898131487425418,-0.018000000715255735,-0.0,-0.0,0.02,0.0,0.0,0.0,0.0,0.0,0.0,0.14591427147388458,13.6066546709463,23.26086922832157,0.4206521686004555,0.0,0.5,0.3499999940395355,4.0,2.0,0.5,0.3499999940395355,0.3700000047683716,0.3499999940395355,0.3700000000000001,34.0,1.0,0.0,0.0,0.5,0.5,1.0,0.1299999999999999,1.0,8.0,0.0,0.0,0.0,0.0,0.0,0.0,0.0,0.0,37.625370025634766,238.83802795410156,37.93329620361328,238.92507934570312,0.3079261779785156,0.0870513916015625,0.3199944794178009,0.2755126196710319,-0.1775818169116974,-0.9841060638427734,1.0,-5.353933334350586,0.6594082713127136,0.0,28.0,28.0,28.0,0.0,0.0,0.0,0.0,0.0,1.0,120.0,1.0,1.0,1.0,0.0,0.0,35.1228000363335,0.6616000318899751,7.624799967743456,19.092999980784953,11.581600061617792,4.0,3.8455999456346035,3.1127999536693096,0.7579000666737556,0.000400003045797348
1,64,64,1.5544111863562629,0,0,3.0,3.0,0.37978821992874146,0.36924728751182556,1.0,0.6518926024436951,0.6604257225990295,0.5362675189971924,1.0,1.0,0.6568938493728638,1.0,1.0,1.0,0.36924728751182556,0.36924728751182556,0.5362675189971924,0.6568938493728638,1.0,0.0,0.36187127232551575,1.0,1.0,0.9837879538536072,0.1943807750940323,0.049202870577573776,0.6727272868156433,-0.16724273562431335,0.3435320258140564,-0.9391409754753113,0.0,0.30854588747024536,0.1670122593641281,1.0,-0.7464776635169983,1.0,242.1484375,9.011428833007812,9.011428833007812,12.920141220092773,25.0,16.484399795532227,0.3040670156478882,0.6959329843521118,0.3604571533203125,0.3604571533203125,0.0,0.0,0.0,0.0,0.0,0.5930465161800385,1.1803502868049587,0.3138885256289149,-0.5528741422576493,0.02,-0.0,-0.00960269647701274,-0.0004106650157900226,-0.0994900894165039,0.15,-0.0,0.0,0.0,-0.0,0.0,0.9600116337670154,-0.2304628653442791,0.30642345547676086,0.0,0.10258810086683792,0.0,1.0697558553595292,-0.0,0.0,-0.5452255160396646,-0.30756856996221454,-0.3509977270324893,0.44764356017112733,-0.0,0.020303708894061856,0.0,-0.10288646817207336,-0.0,0.007293701171875,0.007293701171875,-0.05,0.1638885256289149,0.1473400890827179,0.2,0.0,-0.0298300937040842,-0.0,-0.472823740869164,0.0,0.0,-0.0,0.06385407219862813,-0.0585743791677735,-0.0,0.0,0.0,0.0,0.19334319993387908,-0.05550000071525574,-0.0,-0.0,0.02,0.0,0.0,0.0,0.0,0.0,0.0,0.1473400890827179,13.920710395239293,32.4,0.7326086850269979,0.0,0.25,0.699999988079071,3.0,3.0,0.25,0.699999988079071,0.25,0.699999988079071,0.25,35.0,1.0,0.0,0.0,0.25,0.25,0.0,0.0,1.0,8.0,0.0,0.0,0.0,0.0,0.0,0.0,0.0,0.0,37.93335723876953,238.9244384765625,38.25246810913086,238.90060424804688,0.3191108703613281,-0.023834228515625,0.31999972462654114,-0.0745510732410702,-0.17933569848537445,-0.9837878942489624,1.0,-5.491193771362305,0.7089112401008606,0.0,28.0,28.0,28.0,0.0,0.0,0.0,0.0,0.0,1.0,120.0,1.0,1.0,1.0,0.0,0.0,51.39070004224777,0.45410008169710636,8.142199949361384,35.72909999638796,18.663300084881485,4.0,3.501200000755489,2.917799982242286,0.6108999950811267,0.000400003045797348
1,65,65,0.6287722607418436,0,0,3.0,0.0,0.368677020072937,0.3604571521282196,1.0,0.6575784087181091,1.0,0.5168056488037109,1.0,1.0,0.6593759655952454,1.0,1.0,1.0,0.3604571521282196,0.3604571521282196,0.5168056488037109,0.6593759655952454,1.0,0.0,0.3656793236732483,1.0,1.0,0.9834430813789368,0.1988672912120819,0.27261781692504883,0.4545454680919647,-0.18207068741321564,0.3572704792022705,-0.9340009689331055,0.0,0.3040670156478882,0.17089146375656128,1.0,-0.7841008901596069,1.0,242.0439453125,9.011428833007812,9.011428833007812,12.920141220092773,25.0,16.484399795532227,0.3040670156478882,0.6959329843521118,0.3604571533203125,0.3604571533203125,0.0,0.0,0.0,0.0,0.0,0.5885589271783829,0.38823959151358245,0.31052628208929334,-0.678552540039415,0.02,-0.0,-0.00960269647701274,-0.0004106650157900226,0.0,0.15,-0.0,0.0,0.0,-0.0,0.0,0.640007755844677,-0.7296822645120593,0.30642345547676086,0.0,0.10258810086683792,0.3333333333333333,0.7131705702396862,-0.0,0.0,-0.5605527490982781,-0.0,-0.36509512831759405,0.44764356017112733,-0.0,-0.8359375,0.0,-0.10737405717372894,-0.0,-0.1044921875,-0.1044921875,-0.05,0.16052628208929332,0.14431734383106232,0.2,0.0,-0.02859063025356403,-0.0,-0.46996190263329357,0.0,0.0,0.0,0.0,0.0,-0.0,0.0,0.0,0.0,0.18530964053235946,-0.18000000715255737,-0.0,-0.0,0.02,0.0,0.0,0.0,0.0,0.0,0.0,0.14431734383106232,13.342294118329882,0.0,0.0,0.45652173913043476,0.25,-0.5,3.0,0.0,0.25,-0.5,0.25,-0.5,0.25,36.0,1.0,0.0,0.0,0.25,0.25,0.0,0.0,1.0,8.0,0.0,0.0,0.0,0.0,0.0,0.0,0.0,0.0,38.25231170654297,238.8997039794922,38.54389572143555,238.76788330078125,0.2915840148925781,-0.1318206787109375,0.31999677419662476,-0.424586224059674,-0.18121743202209473,-0.9834430813789368,1.0,-5.629208087921143,0.7604975700378418,0.0,28.0,28.0,28.0,0.0,0.0,0.0,0.0,0.0,1.0,120.0,1.0,1.0,1.0,0.0,0.0,35.05569999106228,0.5902000702917576,9.375200024805963,17.884100088849664,12.063400004990399,4.0,4.5470999320968986,2.043600077740848,0.5815000040456653,0.000200001522898674
1,66,66,1.532354217038034,0,0,3.0,2.0,0.368677020072937,0.3604571521282196,1.0,0.6575784087181091,1.0,0.5168056488037109,1.0,1.0,0.6593759655952454,1.0,1.0,1.0,0.3604571521282196,0.3604571521282196,0.5168056488037109,0.6593759655952454,1.0,0.0,0.36922648549079895,1.0,1.0,0.9831027984619141,0.19060419499874115,-0.502097487449646,0.4545454680919647,-0.18207068741321564,0.370401531457901,-0.928871750831604,0.0,0.3040670156478882,0.17089146375656128,1.0,-0.8155933618545532,1.0,241.83651733398438,8.794933319091797,8.794933319091797,12.446407318115234,25.0,16.559410095214844,0.29336291551589966,0.7066370844841003,0.35179733276367187,0.35179733276367187,0.0,0.0,0.0,0.0,0.0,0.5921913012862206,1.266666400654721,0.310843054007023,-0.6573465389099304,0.02,-0.0,-0.011216573280204598,-0.0003985263884765466,-0.09179260253906249,0.15,-0.0,0.0,0.0,-0.0,0.0,0.9265452268790196,-0.20609553969464536,0.3026770204305649,0.0,0.09577640078284523,0.0,1.024685960066946,-0.0,0.0,-0.5652648770892599,-0.14543372446707364,-0.37820285885582416,0.4406858950853348,-0.0,-1.659423828125,0.0,-0.11444578319787979,-0.0,-0.207427978515625,-0.207427978515625,-0.05,0.160843054007023,0.1428494155406952,0.2,0.0,-0.028641145962982305,-0.0,-0.5027213053913784,0.0,0.0,-0.0,0.03080310560459569,-0.02928718958388675,-0.0,0.0,0.0,0.0,0.18563705716747791,-0.1275000035762787,-0.0,-0.0,0.02,0.0,0.0,0.0,0.0,0.0,0.0,0.1428494155406952,13.36586811605841,23.26086922832157,0.4206521686004555,0.0,0.25,0.3499999940395355,3.0,2.0,0.25,0.3499999940395355,0.25,0.3499999940395355,0.25,37.0,1.0,0.0,0.0,0.25,0.25,0.0,0.0,1.0,8.0,0.0,0.0,0.0,0.0,0.0,0.0,0.0,0.0,38.543479919433594,238.76693725585938,38.77219009399414,238.5431365966797,0.22871017456054688,-0.2238006591796875,0.3199923038482666,-0.774549098845479,-0.18305426836013794,-0.9831027984619141,1.0,-5.763697147369385,0.8128443956375122,0.0,28.0,28.0,28.0,0.0,0.0,0.0,0.0,0.0,1.0,120.0,1.0,1.0,1.0,0.0,0.0,50.93709996435791,0.6694999756291509,8.434000075794756,33.87150005437434,26.771900011226535,4.0,4.678400000557303,2.57789995521307,0.672499998472631,0.000500003807246685
1,67,67,0.543326852180167,0,0,3.0,0.0,0.3580567538738251,0.35179734230041504,1.0,0.6634098291397095,1.0,0.4978562891483307,1.0,1.0,0.6623764038085938,1.0,1.0,1.0,0.35179734230041504,0.35179734230041504,0.4978562891483307,0.6623764038085938,1.0,0.0,0.37222960591316223,1.0,1.0,0.9827947020530701,0.1909409761428833,0.02046353928744793,0.4545454680919647,-0.16534492373466492,0.38254475593566895,-0.9239369630813599,0.0,0.29336291551589966,0.17425668239593506,1.0,-0.8582141399383545,1.0,241.5484619140625,8.595911026000977,8.595911026000977,12.02157974243164,25.0,16.63396453857422,0.27725812792778015,0.7227418720722198,0.3438364410400391,0.3438364410400391,0.0,0.0,0.0,0.0,0.0,0.605209045112133,0.2844003668761483,0.30983352580795775,-0.6761160856160721,0.02,-0.0,-0.012897312511364589,-0.00038681708712410076,-0.08086421966552734,0.15,-0.0,0.0,0.0,-0.0,0.0,0.5833578037368966,-0.6184054937289962,0.2970403447747231,0.0,0.08552789959040559,0.3333333333333333,0.6379175520779795,-0.0,0.0,-0.5521600164608311,-0.0,-0.3906607288761337,0.43021778315305714,-0.0,-2.304443359375,0.0,-0.11753282696008682,-0.0,-0.288055419921875,-0.288055419921875,-0.05,0.15983352580795773,0.13941046595573425,0.2,0.0,-0.02743799716518926,-0.0,-0.5211780848746042,0.0,0.0,0.0,0.0,0.0,-0.0,0.0,0.0,0.0,0.17783887051511557,-0.1275000035762787,-0.0,-0.0,0.02,0.0,0.0,0.0,0.0,0.0,0.0,0.13941046595573425,12.80439867708832,0.0,0.0,0.45652173913043476,0.25,-0.5,3.0,0.0,0.25,-0.5,0.25,-0.5,0.25,38.0,1.0,0.0,0.0,0.25,0.25,0.0,0.0,1.0,8.0,0.0,0.0,0.0,0.0,0.0,0.0,0.0,0.0,38.7715950012207,238.54244995117188,38.90969467163086,238.2537841796875,0.13809967041015625,-0.288665771484375,0.3199991285800934,-1.1245720190614883,-0.18470144271850586,-0.9827947020530701,1.0,-5.895959377288818,0.8668134212493896,0.0,28.0,28.0,28.0,0.0,0.0,0.0,0.0,0.0,1.0,120.0,1.0,1.0,1.0,0.0,0.0,69.31020005140454,0.6510000675916672,8.537199930287898,50.950100063346326,25.469699990935624,4.0,5.470599979162216,2.9563000425696373,0.7001999765634537,0.000400003045797348
1,68,68,0.7358979512884078,0,0,3.0,0.0,0.34818050265312195,0.3438364267349243,1.0,0.6692745089530945,1.0,0.48086318373680115,1.0,1.0,0.6653586030006409,1.0,1.0,1.0,0.3438364267349243,0.3438364267349243,0.48086318373680115,0.6653586030006409,1.0,0.0,0.37444475293159485,1.0,1.0,0.9825455546379089,0.18291997909545898,-0.48738667368888855,0.4545454680919647,-0.15125878155231476,0.394025057554245,-0.9190996885299683,0.0,0.27725812792778015,0.17607812583446503,1.0,-0.9080533981323242,1.0,241.21142578125,8.595911026000977,8.595911026000977,12.02157974243164,25.0,16.63396453857422,0.27725812792778015,0.7227418720722198,0.3438364410400391,0.3438364410400391,0.0,0.0,0.0,0.0,0.0,0.6046967804431915,0.3474994198672996,0.3022590249358836,-0.5385572739579669,0.02,-0.0,-0.012897312511364589,-0.00038681708712410076,0.0,0.15,-0.0,0.0,0.0,-0.0,0.0,0.5833578037368966,-0.6184054937289962,0.2970403447747231,0.0,0.08552789959040559,0.3333333333333333,0.6379175520779795,-0.0,0.0,-0.5613059805549042,-0.0,-0.4022464725262225,0.43021778315305714,-0.0,-2.6962890625,0.0,-0.11804509162902832,-0.0,-0.3370361328125,-0.3370361328125,-0.05,0.15225902493588356,0.132803812623024,0.2,0.0,-0.026108177338513946,-0.0,-0.512449096619453,0.0,0.0,0.0,0.0,0.0,-0.0,0.0,0.0,0.0,0.1692196679348126,-0.0,-0.0,-0.0,0.02,0.0,0.0,0.0,0.0,0.0,0.0,0.132803812623024,12.183816091306507,0.0,0.0,0.45652173913043476,0.25,-0.5,3.0,0.0,0.25,-0.5,0.25,-0.5,0.25,39.0,1.0,0.0,0.0,0.25,0.25,0.0,0.0,1.0,8.0,0.0,0.0,0.0,0.0,0.0,0.0,0.0,0.0,38.908973693847656,238.25340270996094,38.939701080322266,237.9348907470703,0.030727386474609375,-0.318511962890625,0.31999069452285767,-1.474622260425973,-0.18602216243743896,-0.9825455546379089,1.0,-6.024393558502197,0.9210346341133118,0.0,28.0,28.0,28.0,0.0,0.0,0.0,0.0,0.0,1.0,120.0,1.0,1.0,1.0,0.0,0.0,29.84099998138845,0.6310000317171216,9.06449998728931,11.170999961905181,6.463900092057884,4.0,5.306300008669496,3.1104000518098474,0.5278999451547861,0.000500003807246685
1,69,69,0.48119532269003185,0,0,4.0,3.0,0.34818050265312195,0.3438364267349243,1.0,0.6692745089530945,1.0,0.48086318373680115,1.0,1.0,0.6653586030006409,1.0,1.0,1.0,0.3438364267349243,0.3438364267349243,0.48086318373680115,0.6653586030006409,1.0,0.0,0.37570759654045105,1.0,1.0,0.9823769927024841,0.17405451834201813,-0.5387001633644104,0.4545454680919647,-0.15125878155231476,0.4046468436717987,-0.9144730567932129,0.0,0.27725812792778015,0.17607812583446503,1.0,-0.9349833726882935,1.0,240.86033630371094,8.423919677734375,8.423919677734375,11.644996643066406,25.0,16.71336555480957,0.2563721537590027,0.7436278462409973,0.336956787109375,0.336956787109375,0.0,0.0,0.0,0.0,0.0,0.619684100151062,0.8074012445643592,0.30453556645812413,-1.2704255884835136,0.02,-0.0,-0.01459977984589934,-0.00037472466578211623,-0.06502696990966794,0.15,-0.0,0.0,0.0,-0.0,0.0,0.742118615622575,-0.2663152141143006,0.28973025381565093,0.0,0.14594499306245304,0.0,0.8689353842484324,-0.0,0.0,-0.5429545394292995,-0.23568742060547826,-0.41366349086466236,0.41664189994335177,-0.0,-2.8087158203125,0.0,-0.1239437460899353,-0.0,-0.3510894775390625,-0.3510894775390625,-0.05,0.15453556645812414,0.13172978162765503,0.2,0.0,-0.03911647711326076,-0.015061983471074398,-0.8390098371905627,0.0,0.0,-0.0,0.05383815137253229,-0.2501776816899128,-0.0,0.0,0.0,0.0,0.17130589326377957,-0.18089776039123534,-0.0,-0.0,0.02,0.0,0.0,0.0,0.0,0.0,0.0,0.13172978162765503,12.33402431499213,32.4,0.7326086850269979,0.0,0.5,0.699999988079071,4.0,3.0,0.5,0.699999988079071,0.3700000047683716,0.699999988079071,0.3700000000000001,40.0,1.0,0.0,0.0,0.5,0.5,1.0,0.1299999999999999,1.0,8.0,0.0,0.0,0.0,0.0,0.0,0.0,0.0,0.0,38.9388313293457,237.93478393554688,38.87902069091797,237.62042236328125,-0.059810638427734375,-0.314361572265625,0.3200007975101471,-1.7588098367836549,-0.18691034615039825,-0.9823769927024841,1.0,-6.146079063415527,0.9742276072502136,0.0,28.0,28.0,28.0,0.0,0.0,0.0,0.0,0.0,1.0,120.0,1.0,1.0,1.0,0.0,0.0,48.155799973756075,0.6133000133559108,5.718700005672872,33.85789995081723,16.275599948130548,4.0,5.047100014053285,2.202400006353855,0.6785999285057187,0.000400003045797348
1,70,70,1.4485688841899456,0,0,3.0,2.0,0.3392561674118042,0.33695679903030396,1.0,0.6748978495597839,1.0,0.46579986810684204,1.0,1.0,0.6685346364974976,1.0,1.0,1.0,0.33695679903030396,0.33695679903030396,0.46579986810684204,0.6685346364974976,1.0,0.0,0.37620148062705994,1.0,1.0,0.9822781682014465,0.17620034515857697,0.13038907945156097,0.6727272868156433,-0.1431136280298233,0.41506078839302063,-0.9097936749458313,0.0,0.2563721537590027,0.1886059045791626,1.0,-0.9928513765335083,1.0,240.50814819335938,8.423919677734375,8.423919677734375,11.644996643066406,25.0,16.71336555480957,0.2563721537590027,0.7436278462409973,0.336956787109375,0.336956787109375,0.0,0.0,0.0,0.0,0.0,0.6150839775800705,1.1853713857813784,0.3058984848207645,-0.6777849639922678,0.02,-0.0,-0.01459977984589934,-0.00037472466578211623,0.0,0.15,-0.0,0.0,0.0,-0.0,0.0,0.8061662508564499,-0.13181518012316326,0.28973025381565093,0.0,0.07223682511936531,0.0,0.8689353842484324,-0.0,0.0,-0.5488901983574035,-0.11784371030273913,-0.42665596549629514,0.41664189994335177,-0.0,-2.8175048828125,0.0,-0.12854386866092682,-0.0,-0.3521881103515625,-0.3521881103515625,-0.05,0.1558984848207645,0.13289156556129456,0.2,0.0,-0.026813830212743153,-0.0,-0.5931030191666483,0.0,0.0,-0.0,0.026919075686266145,-0.02928718958388675,-0.0,0.0,0.0,0.0,0.1737933439714834,-0.05550000071525574,-0.0,-0.0,0.02,0.0,0.0,0.0,0.0,0.0,0.0,0.13289156556129456,12.513120765946805,23.26086922832157,0.4206521686004555,0.0,0.25,0.3499999940395355,3.0,2.0,0.25,0.3499999940395355,0.25,0.3499999940395355,0.25,41.0,1.0,0.0,0.0,0.25,0.25,0.0,0.0,1.0,8.0,0.0,0.0,0.0,0.0,0.0,0.0,0.0,0.0,38.87813949584961,237.62051391601562,38.81816101074219,237.30618286132812,-0.059978485107421875,-0.3143310546875,0.3200022280216217,-1.7593429292104847,-0.18742884695529938,-0.9822782278060913,1.0,-6.266036033630371,1.0286616086959839,0.0,28.0,28.0,28.0,0.0,0.0,0.0,0.0,0.0,1.0,120.0,1.0,1.0,1.0,0.0,0.0,30.483499984256923,0.6149000255391002,9.090300067327917,11.96679996792227,9.232299984432757,4.0,4.716799943707883,3.3898999681696296,0.6807000609114766,0.000400003045797348
1,71,71,1.4233874505117419,0,0,3.0,2.0,0.3392561674118042,0.33695679903030396,1.0,0.6748978495597839,1.0,0.46579986810684204,1.0,1.0,0.6685346364974976,1.0,1.0,1.0,0.33695679903030396,0.33695679903030396,0.46579986810684204,0.6685346364974976,1.0,0.0,0.3767029345035553,1.0,1.0,0.9821779131889343,0.1787588745355606,0.15546566247940063,0.4545454680919647,-0.1431136280298233,0.426845908164978,-0.9043243527412415,0.0,0.2563721537590027,0.1886059045791626,1.0,-1.0,1.0,240.15414428710938,8.222548484802246,8.222548484802246,11.267455101013184,25.0,16.79005241394043,0.2656306326389313,0.7343693673610687,0.32890193939208984,0.32890193939208984,0.0,0.0,0.0,0.0,0.0,0.5980295538902283,1.1299820463236439,0.3060031893522811,-0.6306273390544115,0.02,-0.0,-0.016535174433928556,-0.00036340459053416855,-0.07504159927368163,0.15,-0.0,0.0,0.0,-0.0,0.0,0.8369840697101204,-0.14896220536350824,0.29297072142362596,0.0,0.07812858440659265,0.0,0.9079184532165528,-0.0,0.0,-0.575050316727034,-0.12456479964276054,-0.43957053228850906,0.42265991121530533,-0.0,-2.83203125,0.0,-0.13633981347084045,-0.0,-0.35400390625,-0.35400390625,-0.05,0.15600318935228108,0.134332537651062,0.2,0.0,-0.02709211218609874,-0.0,-0.6021392532365292,0.0,0.0,-0.0,0.0278912159521032,-0.02928718958388675,-0.0,0.0,0.0,0.0,0.17559702342841776,-0.0,-0.0,-0.0,0.02,0.0,0.0,0.0,0.0,0.0,0.0,0.134332537651062,12.642985686846078,23.26086922832157,0.4206521686004555,0.0,0.25,0.3499999940395355,3.0,2.0,0.25,0.3499999940395355,0.25,0.3499999940395355,0.25,42.0,1.0,0.0,0.0,0.25,0.25,0.0,0.0,1.0,8.0,0.0,0.0,0.0,0.0,0.0,0.0,0.0,0.0,38.81770706176758,237.30625915527344,38.75756072998047,236.99195861816406,-0.060146331787109375,-0.314300537109375,0.32000377774238586,-1.7598760301608614,-0.18795351684093475,-0.9821779727935791,1.0,-6.386645317077637,1.084460973739624,0.0,28.0,28.0,28.0,0.0,0.0,0.0,0.0,0.0,1.0,120.0,1.0,1.0,1.0,0.0,0.0,49.80439995415509,0.6087999790906906,8.284199982881546,32.18350000679493,17.11069990415126,4.0,4.600699990987778,3.42550000641495,0.6742000114172697,0.000400003045797348
1,72,72,0.4947799939335751,0,0,3.0,0.0,0.33070841431617737,0.3289019465446472,1.0,0.680748462677002,1.0,0.45069819688796997,1.0,1.0,0.6716020703315735,1.0,1.0,1.0,0.3289019465446472,0.3289019465446472,0.45069819688796997,0.6716020703315735,1.0,0.0,0.37720975279808044,1.0,1.0,0.9820762872695923,0.18061408400535583,0.11272996664047241,0.4545454680919647,-0.16251374781131744,0.4384889304637909,-0.8987365961074829,0.0,0.2656306326389313,0.19203060865402222,1.0,-1.0,1.0,239.79945373535156,8.222548484802246,8.222548484802246,11.267455101013184,25.0,16.79005241394043,0.2656306326389313,0.7343693673610687,0.32890193939208984,0.32890193939208984,0.0,0.0,0.0,0.0,0.0,0.5951488018035889,0.32309032149638656,0.30205144718019494,-0.7455105765465952,0.02,-0.0,-0.016535174433928556,-0.00036340459053416855,0.0,0.15,-0.0,0.0,0.0,-0.0,0.0,0.557989379806747,-0.5726574835312329,0.29297072142362596,0.0,0.07812858440659265,0.3333333333333333,0.6052789688110353,-0.0,0.0,-0.5683664102686925,-0.0,-0.451540398377126,0.42265991121530533,-0.0,-2.8375244140625,0.0,-0.13922056555747986,-0.0,-0.3546905517578125,-0.3546905517578125,-0.05,0.15205144718019492,0.13092973828315735,0.2,0.0,-0.025880571622747397,-0.0,-0.5921300013475692,0.0,0.0,0.0,0.0,0.0,-0.0,0.0,0.0,0.0,0.1677444457029924,-0.1275000035762787,-0.0,-0.0,0.02,0.0,0.0,0.0,0.0,0.0,0.0,0.13092973828315735,12.077600090615451,0.0,0.0,0.45652173913043476,0.25,-0.5,3.0,0.0,0.25,-0.5,0.25,-0.5,0.25,43.0,1.0,0.0,0.0,0.25,0.25,0.0,0.0,1.0,8.0,0.0,0.0,0.0,0.0,0.0,0.0,0.0,0.0,38.75734329223633,236.9921112060547,38.69702911376953,236.67784118652344,-0.060314178466796875,-0.31427001953125,0.3200053870677948,-1.7604091096087353,-0.1884838193655014,-0.9820762872695923,1.0,-6.507828235626221,1.1424258947372437,0.0,28.0,28.0,28.0,0.0,0.0,0.0,0.0,0.0,1.0,120.0,1.0,1.0,1.0,0.0,0.0,29.13280006032437,0.6340000545606017,8.40199994854629,12.858400004915893,9.721099981106818,4.0,3.777700010687113,2.742099924944341,0.6906000198796391,0.000300002284348011
1,73,73,0.5926290096633537,0,0,3.0,0.0,0.33070841431617737,0.3289019465446472,1.0,0.680748462677002,1.0,0.45069819688796997,1.0,1.0,0.6716020703315735,1.0,1.0,1.0,0.3289019465446472,0.3289019465446472,0.45069819688796997,0.6716020703315735,1.0,0.0,0.37768441438674927,1.0,1.0,0.9819770455360413,0.17253714799880981,-0.4907861053943634,0.4545454680919647,-0.16251374781131744,0.44921502470970154,-0.8934236764907837,0.0,0.2656306326389313,0.19203060865402222,1.0,-1.0,1.0,239.4451446533203,8.06539249420166,8.06539249420166,10.916452407836914,25.0,16.868431091308594,0.24071940779685974,0.7592805922031403,0.3226156997680664,0.3226156997680664,0.0,0.0,0.0,0.0,0.0,0.6214181482791901,0.29358440093794486,0.29832632422295635,-0.6406998637767376,0.02,-0.0,-0.018566643205561735,-0.0003521880680369167,-0.0579156494140625,0.15,-0.0,0.0,0.0,-0.0,0.0,0.5020131045003438,-0.4797667068391034,0.2842517927289009,0.0,0.06227598677981979,0.3333333333333333,0.5353527236403082,-0.0,0.0,-0.4959422045586665,-0.0,-0.4625564637824127,0.4064676150679588,-0.0,-2.83447265625,0.0,-0.1378624439239502,-0.0,-0.35430908203125,-0.35430908203125,-0.05,0.14832632422295636,0.12432190775871277,0.2,0.0,-0.02449470315333456,-0.0,-0.616205160623403,0.0,0.0,0.0,0.0,0.0,-0.0,0.0,0.0,0.0,0.15876196488272398,-0.0,-0.0,-0.0,0.02,0.0,0.0,0.0,0.0,0.0,0.0,0.12432190775871277,11.430861471556128,0.0,0.0,0.45652173913043476,0.25,-0.5,3.0,0.0,0.25,-0.5,0.25,-0.5,0.25,44.0,1.0,0.0,0.0,0.25,0.25,0.0,0.0,1.0,8.0,0.0,0.0,0.0,0.0,0.0,0.0,0.0,0.0,38.69693374633789,236.6780242919922,38.63645553588867,236.36378479003906,-0.06047821044921875,-0.314239501953125,0.3200063705444336,-1.7609304993319363,-0.18900012969970703,-0.981977105140686,1.0,-6.625194072723389,1.2004591226577759,0.0,28.0,28.0,28.0,0.0,0.0,0.0,0.0,0.0,1.0,120.0,1.0,1.0,1.0,0.0,0.0,53.11690003145486,0.6411999929696321,9.09549999050796,35.274700028821826,26.711300015449524,4.0,4.646399989724159,2.642999985255301,0.7837000302970409,0.000400003045797348
1,74,74,1.115007246259264,0,0,3.0,2.0,0.32261571288108826,0.6301918625831604,1.0,0.6867960095405579,1.0,0.4366580843925476,1.0,1.0,0.6747372150421143,1.0,1.0,1.0,0.32261571288108826,0.32261571288108826,0.4366580843925476,0.6747372150421143,1.0,0.0,0.3781029284000397,1.0,1.0,0.9818827509880066,0.16329802572727203,-0.5614050626754761,0.4545454680919647,-0.1417766809463501,0.45902958512306213,-0.8884209990501404,0.0,0.24071940779685974,0.19156670570373535,1.0,-1.0,1.0,239.0900115966797,7.930156707763672,7.930156707763672,10.603471755981445,25.0,16.954994201660156,0.2138311117887497,0.7861688882112503,0.3172062683105469,0.3172062683105469,0.0,0.0,0.0,0.0,0.0,0.6449646502733231,0.988577038638864,0.30053704076934695,-0.8390714834222702,0.02,-0.02433370053768158,-0.020589788903956092,-0.0003402021749098094,-0.04350317001342773,0.15,-0.0,0.0,0.0,-0.0,0.0,0.6586595291901893,-0.06542692451691579,0.2748408891260624,0.0,0.045165252956477116,0.0,0.6898152075315778,-0.0,0.0,-0.4262079027929903,-0.08854463262292456,-0.4732077736653162,0.38899022266268735,-0.0,-2.841064453125,0.0,-0.14120423793792725,-0.0,-0.355133056640625,-0.355133056640625,-0.05,0.15053704076934693,0.12265055626630783,0.2,0.0,-0.024538930479756423,-0.0,-0.6801976261378073,0.0,0.0,-0.0,0.022452266355458893,-0.02928718958388675,-0.0,0.0,0.0,0.0,0.15904862347990276,-0.1275000035762787,-0.0,-0.0,0.02,0.0,0.0,0.0,0.0,0.0,0.0,0.12265055626630783,11.451500890552998,23.26086922832157,0.4206521686004555,0.0,0.25,0.3499999940395355,3.0,2.0,0.25,0.3499999940395355,0.25,0.3499999940395355,0.25,45.0,1.0,0.0,0.0,0.25,0.25,0.0,0.0,1.0,8.0,0.0,0.0,0.0,0.0,0.0,0.0,0.0,0.0,38.63640594482422,236.36398315429688,38.575767517089844,236.04977416992188,-0.060638427734375,-0.314208984375,0.32000672817230225,-1.7614401623973703,-0.18948954343795776,-0.9818827509880066,1.0,-6.735948085784912,1.256934642791748,0.0,28.0,28.0,28.0,0.0,0.0,0.0,0.0,0.0,1.0,120.0,1.0,1.0,1.0,0.0,0.0,79.3115000706166,0.7499000057578087,8.12380004208535,60.493299970403314,20.371199934743345,4.0,5.055399960838258,4.014799953438342,0.8314000442624092,0.000800006091594696
1,75,75,0.4914515745981288,0,0,3.0,0.0,0.3172062635421753,1.0,1.0,0.6925798058509827,1.0,0.4241388738155365,1.0,1.0,0.6781997680664062,1.0,1.0,1.0,0.3172062635421753,0.3172062635421753,0.4241388738155365,0.6781997680664062,1.0,0.0,0.3785025179386139,1.0,1.0,0.9817895889282227,0.1635928750038147,0.017916161566972733,0.4545454680919647,-0.13344702124595642,0.46846622228622437,-0.8834813833236694,0.0,0.2138311117887497,0.20040051639080048,1.0,-1.0,1.0,238.7349090576172,7.930156707763672,7.930156707763672,10.603471755981445,25.0,16.954994201660156,0.2138311117887497,0.7861688882112503,0.3172062683105469,0.3172062683105469,0.0,0.0,0.0,0.0,0.0,0.6450207382440567,0.34655372324476,0.2961919732350978,-0.8163148601257858,0.02,-0.02433370053768158,-0.020589788903956092,-0.0003402021749098094,0.0,0.15,-0.0,0.0,0.0,-0.0,0.0,0.4391063527934596,-0.38734068803165206,0.2748408891260624,0.0,0.045165252956477116,0.3333333333333333,0.4598768050210519,-0.0,0.0,-0.4213282811011815,-0.0,-0.48346433117536636,0.38899022266268735,-0.0,-2.8408203125,0.0,-0.1411481499671936,-0.0,-0.3551025390625,-0.3551025390625,-0.05,0.14619197323509783,0.11911039799451828,0.2,0.0,-0.023374783467714277,-0.0,-0.6654400730817929,0.0,0.0,0.0,0.0,0.0,-0.0,0.0,0.0,0.0,0.15150322617962955,-0.1275000035762787,-0.0,-0.0,0.02,0.0,0.0,0.0,0.0,0.0,0.0,0.11911039799451828,10.908232284933328,0.0,0.0,0.45652173913043476,0.25,-0.5,3.0,0.0,0.25,-0.5,0.25,-0.5,0.25,46.0,1.0,0.0,0.0,0.25,0.25,0.0,0.0,1.0,8.0,0.0,0.0,0.0,0.0,0.0,0.0,0.0,0.0,38.575740814208984,236.04998779296875,38.514949798583984,235.73580932617188,-0.060791015625,-0.314178466796875,0.32000571489334106,-1.7619264150254625,-0.18997156620025635,-0.9817895889282227,1.0,-6.8445634841918945,1.3139070272445679,0.0,28.0,28.0,28.0,0.0,0.0,0.0,0.0,0.0,1.0,120.0,1.0,1.0,1.0,0.0,0.0,26.18899999652058,0.7119999499991536,7.882100064307451,10.789600084535778,6.7909000208601356,4.0,3.8474000757560134,2.2791000083088875,0.6507000653073192,0.000500003807246685
1,76,76,1.0496700326528665,0,0,3.0,2.0,0.3172062635421753,1.0,1.0,0.6925798058509827,1.0,0.4241388738155365,1.0,1.0,0.6781997680664062,1.0,1.0,1.0,0.3172062635421753,0.3172062635421753,0.4241388738155365,0.6781997680664062,1.0,0.0,0.3788704574108124,1.0,1.0,0.9816989898681641,0.15583188831806183,-0.47158733010292053,0.4545454680919647,-0.13344702124595642,0.47750288248062134,-0.8786301612854004,0.0,0.2138311117887497,0.20040051639080048,1.0,-1.0,1.0,238.379150390625,7.748920917510986,7.748920917510986,10.314847946166992,25.0,17.047157287597656,0.22021576762199402,0.779784232378006,0.30995683670043944,0.30995683670043944,0.0,0.0,0.0,0.0,0.0,0.6359245181083679,0.9326219390312978,0.2931095214978744,-0.8319859459846738,0.02,-0.08747702091932297,-0.022652117910653163,-0.00032788890232989264,-0.052140359878540044,0.15,-0.0,0.0,0.0,-0.0,0.0,0.6814162066856335,-0.07409170072306405,0.2770755186676979,0.0,0.04922821575945076,0.0,0.7166979689347117,-0.0,0.0,-0.4381933358997445,-0.09277605981172739,-0.49345394276689136,0.3931402489542961,-0.0,-2.8460693359375,0.0,-0.14385971426963806,-0.0,-0.3557586669921875,-0.3557586669921875,-0.05,0.14310952149787437,0.11737746000289917,0.2,0.0,-0.023477078178977328,-0.0,-0.6748443298520639,0.0,0.0,-0.0,0.023122655206532894,-0.02928718958388675,-0.0,0.0,0.0,0.0,0.15216624745633456,-0.1275000035762787,-0.0,-0.0,0.02,0.0,0.0,0.0,0.0,0.0,0.0,0.11737746000289917,10.955969816856086,23.26086922832157,0.4206521686004555,0.0,0.25,0.3499999940395355,3.0,2.0,0.25,0.3499999940395355,0.25,0.3499999940395355,0.25,47.0,1.0,0.0,0.0,0.25,0.25,0.0,0.0,1.0,8.0,0.0,0.0,0.0,0.0,0.0,0.0,0.0,0.0,38.514930725097656,235.7360382080078,38.4539909362793,235.42189025878906,-0.060939788818359375,-0.31414794921875,0.32000404596328735,-1.7624009738197999,-0.19043907523155212,-0.9816990494728088,1.0,-6.949524879455566,1.370213270187378,0.0,28.0,28.0,28.0,0.0,0.0,0.0,0.0,0.0,1.0,120.0,1.0,1.0,1.0,0.0,0.0,52.97750001773238,0.5938999820500612,7.451900048181415,38.196800043806434,17.1583000337705,4.0,3.805599990300834,2.2528000408783555,0.6389999762177467,0.000400003045797348
1,77,77,1.2007044821134754,0,0,3.0,2.0,0.3099568486213684,1.0,1.0,0.698177695274353,1.0,0.41259393095970154,1.0,1.0,0.6818863153457642,1.0,1.0,1.0,0.3099568486213684,0.3099568486213684,0.41259393095970154,0.6818863153457642,1.0,0.0,0.37921932339668274,1.0,1.0,0.9816097021102905,0.15651385486125946,0.04143882915377617,0.4545454680919647,-0.12510058283805847,0.48625609278678894,-0.8738163709640503,0.0,0.22021576762199402,0.2034391611814499,1.0,-1.0,1.0,238.02200317382812,7.748920917510986,7.748920917510986,10.314847946166992,25.0,17.047157287597656,0.22021576762199402,0.779784232378006,0.30995683670043944,0.30995683670043944,0.0,0.0,0.0,0.0,0.0,0.6303224265575409,0.9853106037054414,0.2947204844070099,-0.7296490325565169,0.02,-0.08747702091932297,-0.022652117910653163,-0.00032788890232989264,0.0,0.15,-0.0,0.0,0.0,-0.0,0.0,0.6814162066856335,-0.07409170072306405,0.2770755186676979,0.0,0.04922821575945076,0.0,0.7166979689347117,-0.0,0.0,-0.4393162047046208,-0.09277605981172739,-0.5035489477935458,0.3931402489542961,-0.0,-2.857177734375,0.0,-0.1494618058204651,-0.0,-0.357147216796875,-0.357147216796875,-0.05,0.14472048440700985,0.11869876086711884,0.2,0.0,-0.023734916391622802,-0.0,-0.6997495817875402,0.0,0.0,-0.0,0.023122655206532894,-0.02928718958388675,-0.0,0.0,0.0,0.0,0.1538374210568145,-0.0,-0.0,-0.0,0.02,0.0,0.0,0.0,0.0,0.0,0.0,0.11869876086711884,11.076294316090642,23.26086922832157,0.4206521686004555,0.0,0.25,0.3499999940395355,3.0,2.0,0.25,0.3499999940395355,0.25,0.3499999940395355,0.25,48.0,1.0,0.0,0.0,0.25,0.25,0.0,0.0,1.0,8.0,0.0,0.0,0.0,0.0,0.0,0.0,0.0,0.0,38.4539794921875,235.42213439941406,38.39289093017578,235.10801696777344,-0.06108856201171875,-0.314117431640625,0.3200024664402008,-1.7628755454989418,-0.19089889526367188,-0.9816097021102905,1.0,-7.0523362159729,1.4268462657928467,0.0,28.0,28.0,28.0,0.0,0.0,0.0,0.0,0.0,1.0,120.0,1.0,1.0,1.0,0.0,0.0,30.050700064748526,0.6234000902622938,8.038599975407124,12.586399912834167,8.818299975246191,4.0,4.693299997597933,3.387399949133396,0.695300055667758,0.000400003045797348
1,78,78,0.8389123989534503,0,0,3.0,3.0,0.3099568486213684,1.0,1.0,0.698177695274353,1.0,0.41259393095970154,1.0,1.0,0.6818863153457642,1.0,1.0,1.0,0.3099568486213684,0.3099568486213684,0.41259393095970154,0.6818863153457642,1.0,0.0,0.3795720636844635,1.0,1.0,0.9815192818641663,0.15823277831077576,0.1044483482837677,0.4545454680919647,-0.12510058283805847,0.4950523376464844,-0.8688631653785706,0.0,0.22021576762199402,0.2034391611814499,1.0,-1.0,1.0,237.66310119628906,7.6348395347595215,7.6348395347595215,10.035152435302734,25.0,17.133377075195312,0.1917230486869812,0.8082769513130188,0.30539358139038086,0.30539358139038086,0.0,0.0,0.0,0.0,0.0,0.6518118381500244,0.7468074228786404,0.30148531861060723,-0.881192180685822,0.02,-0.12139642983675003,-0.024849155131985497,-0.0003167734734254328,-0.03329996109008788,0.15,-0.0,0.0,0.0,-0.0,0.0,0.5781724629662791,-0.03896794247675309,0.2671030670404434,0.0,0.031096485528078904,0.0,0.5967286260504472,-0.0,0.0,-0.36751487809156114,-0.148690145478436,-0.5137533999781234,0.37461998164653776,-0.0,-2.8712158203125,0.0,-0.15646511316299438,-0.0,-0.3589019775390625,-0.3589019775390625,-0.05,0.15148531861060724,0.12065225839614868,0.2,0.0,-0.024213849856598038,-0.0,-0.7861657920941311,0.0,0.0,-0.0,0.040261839538611,-0.0585743791677735,-0.0,0.0,0.0,0.0,0.15694161944091323,-0.052499999105930326,-0.0,-0.0,0.02,0.0,0.0,0.0,0.0,0.0,0.0,0.12065225839614868,11.29979659974575,32.4,0.7326086850269979,0.0,0.25,0.699999988079071,3.0,3.0,0.25,0.699999988079071,0.25,0.699999988079071,0.25,49.0,1.0,0.0,0.0,0.25,0.25,0.0,0.0,1.0,8.0,0.0,0.0,0.0,0.0,0.0,0.0,0.0,0.0,38.392879486083984,235.10826110839844,38.331642150878906,234.79417419433594,-0.061237335205078125,-0.3140869140625,0.32000094652175903,-1.763350122090926,-0.19136318564414978,-0.9815192818641663,1.0,-7.155767917633057,1.4850809574127197,0.0,28.0,28.0,28.0,0.0,0.0,0.0,0.0,0.0,1.0,120.0,1.0,1.0,1.0,0.0,0.0,75.21689997520298,0.6175999296829104,9.197700070217252,57.06130003090948,19.02090001385659,4.0,4.685599938966334,3.0725999968126416,0.5408000433817506,0.000300002284348011
1,79,79,0.9657366321540942,0,0,3.0,1.0,0.3053935766220093,1.0,1.0,0.7039165496826172,1.0,0.40140610933303833,1.0,1.0,0.685335099697113,1.0,1.0,1.0,0.3053935766220093,0.3053935766220093,0.40140610933303833,0.685335099697113,1.0,0.0,0.37993258237838745,1.0,1.0,0.9814273715019226,0.1614256650209427,0.19401240348815918,0.4545454680919647,-0.1271096020936966,0.503892719745636,-0.8637662529945374,0.0,0.1917230486869812,0.21118278801441193,1.0,-1.0,1.0,237.3030242919922,7.6348395347595215,7.6348395347595215,10.035152435302734,25.0,17.133377075195312,0.1917230486869812,0.8082769513130188,0.30539358139038086,0.30539358139038086,0.0,0.0,0.0,0.0,0.0,0.6470695734024048,0.9286062969158921,0.30232084338857873,-0.9322600815527814,0.02,-0.12139642983675003,-0.024849155131985497,-0.0003167734734254328,0.0,0.15,-0.0,0.0,0.0,-0.0,0.0,0.5781724629662791,-0.03896794247675309,0.2671030670404434,0.0,0.031096485528078904,0.0,0.5967286260504472,-0.0,0.0,-0.36727205049349626,-0.0,-0.5240713819237883,0.37461998164653776,-0.0,-2.880615234375,0.0,-0.161207377910614,-0.0,-0.360076904296875,-0.360076904296875,-0.05,0.15232084338857874,0.12131772190332413,0.2,0.0,-0.024146880579500325,-0.0,-0.8031132027614204,0.0,0.0,0.0,0.0,0.0,-0.0,0.0,0.0,0.0,0.1565075593115762,-0.10499999821186065,-0.0,-0.0,0.02,0.0,0.0,0.0,0.0,0.0,0.0,0.12131772190332413,11.268544270433486,0.0,0.0,0.0,0.25,0.0,3.0,1.0,0.25,0.0,0.25,0.0,0.25,50.0,1.0,0.0,0.0,0.25,0.25,0.0,0.0,1.0,8.0,0.0,0.0,0.0,0.0,0.0,0.0,0.0,0.0,38.33163070678711,234.79443359375,38.27024459838867,234.48037719726562,-0.0613861083984375,-0.314056396484375,0.31999948620796204,-1.7638247036399806,-0.1918341964483261,-0.9814273715019226,1.0,-7.260279655456543,1.545365810394287,0.0,28.0,28.0,28.0,0.0,0.0,0.0,0.0,0.0,1.0,120.0,1.0,1.0,1.0,0.0,0.0,29.294900014065206,0.5769999697804451,7.590999943204224,13.083400088362396,9.527700021862984,4.0,4.934999975375831,2.45489994995296,0.6227000849321485,0.000400003045797348
1,80,80,0.7182108928400401,0,0,3.0,2.0,0.3053935766220093,1.0,1.0,0.7039165496826172,1.0,0.40140610933303833,1.0,1.0,0.685335099697113,1.0,1.0,1.0,0.3053935766220093,0.3053935766220093,0.40140610933303833,0.685335099697113,1.0,0.0,0.380292147397995,1.0,1.0,0.9813348054885864,0.16097919642925262,-0.027128757908940315,0.4545454680919647,-0.1271096020936966,0.5127780437469482,-0.8585212230682373,0.0,0.1917230486869812,0.21118278801441193,1.0,-1.0,1.0,236.9414825439453,7.528597831726074,7.528597831726074,9.759678840637207,25.0,17.228309631347656,0.1654488444328308,0.8345511555671692,0.301143913269043,0.301143913269043,0.0,0.0,0.0,0.0,0.0,0.6674503684043884,0.6965363428854717,0.30712791043760856,-0.9729037288874287,0.02,-0.14919377863407135,-0.027222777700953958,-0.0003049701494308622,-0.02695631980895996,0.15,-0.0,0.0,0.0,-0.0,0.0,0.4791119570818554,-0.014675725113134024,0.2579070955514908,0.0,0.014376537366346857,0.0,0.4861003976119192,-0.0,0.0,-0.2997992879410588,-0.05838294584525331,-0.5343388421674211,0.35754174888134005,-0.0,-2.892333984375,0.0,-0.16710078716278076,-0.0,-0.361541748046875,-0.361541748046875,-0.05,0.15712791043760857,0.12189409136772156,0.2,0.0,-0.02435551097933203,-0.0,-0.8841331575878814,0.0,0.0,-0.0,0.017372128369601645,-0.02928718958388675,-0.0,0.0,0.0,0.0,0.15785979338455947,-0.052499999105930326,-0.0,-0.0,0.02,0.0,0.0,0.0,0.0,0.0,0.0,0.12189409136772156,11.36590512368828,23.26086922832157,0.4206521686004555,0.0,0.25,0.3499999940395355,3.0,2.0,0.25,0.3499999940395355,0.25,0.3499999940395355,0.25,51.0,1.0,0.0,0.0,0.25,0.25,0.0,0.0,1.0,8.0,0.0,0.0,0.0,0.0,0.0,0.0,0.0,0.0,38.27023696899414,234.4806365966797,38.20869827270508,234.16661071777344,-0.0615386962890625,-0.31402587890625,0.3199988305568695,-1.764310970869131,-0.19230711460113525,-0.9813348054885864,1.0,-7.364821434020996,1.6069207191467285,0.0,28.0,28.0,28.0,0.0,0.0,0.0,0.0,0.0,1.0,120.0,1.0,1.0,1.0,0.0,0.0,62.559999991208315,0.6270000012591481,7.935300003737211,46.52550001628697,27.536600013263524,4.0,3.625100012868643,3.242500009946525,0.5775999743491411,0.000300002284348011
1,81,81,0.10421874974360155,0,0,3.0,0.0,0.30114391446113586,1.0,1.0,0.7097895741462708,1.0,0.3903871476650238,1.0,0.7922354340553284,0.6891323924064636,1.0,1.0,1.0,0.30114391446113586,0.30114391446113586,0.3903871476650238,0.6891323924064636,1.0,0.0,0.38064852356910706,1.0,1.0,0.9812418222427368,0.16237007081508636,0.08451463282108307,0.4545454680919647,-0.1279289275407791,0.5215656757354736,-0.8532111048698425,0.0,0.1654488444328308,0.20966918766498566,1.0,-1.0,1.0,236.58016967773438,7.343938827514648,7.343938827514648,9.49569034576416,25.0,17.32716178894043,0.1687527745962143,0.8312472254037857,0.29375755310058593,0.29375755310058593,0.0,0.0,0.0,0.0,0.0,0.6651271879673004,0.12066804443692468,0.3018362313580407,-1.0034127140186642,0.02,-0.20763638615608215,-0.029711358803089085,-0.0002931466624042166,-0.04753545761108398,0.15,-0.0,0.0,0.0,-0.0,0.0,0.32784798053608977,-0.2506421797546157,0.259063471108675,0.0,0.016479038379409096,0.3333333333333333,0.33334112167358404,-0.0,0.0,-0.3046876395265826,-0.0,-0.544281848984979,0.3596893034875393,-0.0,-2.8905029296875,0.0,-0.1661200374364853,-0.0,-0.3613128662109375,-0.3613128662109375,-0.05,0.15183623135804072,0.11817518621683121,0.2,0.0,-0.023140559942913905,-0.0,-0.8527721504994716,0.0,0.0,0.0,0.0,0.0,-0.0,0.0,0.0,0.0,0.14998511074110865,-0.1275000035762787,-0.0,-0.0,0.02,0.0,0.0,0.0,0.0,0.0,0.0,0.11817518621683121,10.798927973359824,0.0,0.0,0.45652173913043476,0.25,-0.5,3.0,0.0,0.25,-0.5,0.25,-0.5,0.25,52.0,1.0,0.0,0.0,0.25,0.25,0.0,0.0,1.0,8.0,0.0,0.0,0.0,0.0,0.0,0.0,0.0,0.0,38.20869064331055,234.1668701171875,38.14699935913086,233.85287475585938,-0.0616912841796875,-0.313995361328125,0.31999829411506653,-1.7647972483863281,-0.19278103113174438,-0.9812418222427368,1.0,-7.469131946563721,1.6699880361557007,0.0,28.0,28.0,28.0,0.0,0.0,0.0,0.0,0.0,1.0,120.0,1.0,1.0,1.0,0.0,0.0,47.25300008431077,0.41690003126859665,6.691600079648197,33.35440007504076,17.090599983930588,4.0,3.8213999941945076,2.3750000400468707,0.5536000244319439,0.000700005330145359
1,82,82,-0.2118594787775059,0,0,4.0,2.0,0.2937575578689575,1.0,1.0,0.7159358859062195,1.0,0.379827618598938,1.0,0.7889605760574341,0.6930864453315735,1.0,1.0,1.0,0.2937575578689575,0.2937575578689575,0.379827618598938,0.6930864453315735,1.0,0.0,0.38097208738327026,1.0,1.0,0.9811515808105469,0.15427039563655853,-0.4921676516532898,0.4545454680919647,-0.12114548683166504,0.5300232768058777,-0.8479831218719482,0.0,0.1687527745962143,0.21240250766277313,1.0,-1.0,1.0,236.21820068359375,7.343938827514648,7.343938827514648,9.49569034576416,25.0,17.32716178894043,0.1687527745962143,0.8312472254037857,0.29375755310058593,0.29375755310058593,0.0,0.0,0.0,0.0,0.0,0.662405475974083,0.3848234015750461,0.2992330983430402,-1.578321454669675,0.02,-0.20763638615608215,-0.029711358803089085,-0.0002931466624042166,0.0,0.15,-0.0,0.0,0.0,-0.0,0.0,0.39915793621435347,-0.21179286722164734,0.259063471108675,0.0,0.20170277980240928,0.0,0.500011682510376,-0.0,0.0,-0.30479855638523073,-0.060335629765557515,-0.5540857200440312,0.3596893034875393,-0.0,-2.895751953125,0.0,-0.16884174942970276,-0.0,-0.361968994140625,-0.361968994140625,-0.05,0.14923309834304016,0.11614914983510971,0.2,0.0,-0.034302058540910486,-0.015061983471074398,-1.2928232874632575,0.0,0.0,-0.0,0.017719041030849026,-0.1250888408449564,-0.0,0.0,0.0,0.0,0.1502217278443277,-0.1287643253803253,-0.0,-0.0,0.02,0.0,0.0,0.0,0.0,0.0,0.0,0.11614914983510971,10.815964404791593,23.26086922832157,0.4206521686004555,0.0,0.5,0.3499999940395355,4.0,2.0,0.5,0.3499999940395355,0.3700000047683716,0.3499999940395355,0.3700000000000001,53.0,1.0,0.0,0.0,0.5,0.5,1.0,0.1299999999999999,1.0,8.0,0.0,0.0,0.0,0.0,0.0,0.0,0.0,0.0,38.14699172973633,233.85313415527344,38.08515548706055,233.53916931152344,-0.06183624267578125,-0.31396484375,0.31999632716178894,-1.7652601405464114,-0.19323956966400146,-0.9811516404151917,1.0,-7.5696587562561035,1.7321147918701172,0.0,28.0,28.0,28.0,0.0,0.0,0.0,0.0,0.0,1.0,120.0,1.0,1.0,1.0,0.0,0.0,22.081300034187734,0.5397000350058079,5.6995999766513705,8.937800070270896,5.859100027009845,4.0,3.7078000605106354,2.6197999250143766,0.5513000069186091,0.000400003045797348
1,83,83,-1.456687287451215,0,0,4.0,2.0,0.2937575578689575,1.0,1.0,0.7159358859062195,1.0,0.379827618598938,1.0,0.7889605760574341,0.6930864453315735,1.0,1.0,1.0,0.2937575578689575,0.2937575578689575,0.379827618598938,0.6930864453315735,1.0,0.0,0.3812732398509979,1.0,1.0,0.9810630679130554,0.15451377630233765,0.014788568951189518,0.6727272868156433,-0.12114548683166504,0.5383111834526062,-0.8427461385726929,0.0,0.1687527745962143,0.21240250766277313,1.0,-1.0,1.0,235.85513305664062,7.253762245178223,7.253762245178223,9.242801666259766,25.0,17.417695999145508,0.14172978699207306,0.8582702130079269,0.29015048980712893,0.29015048980712893,0.0,0.0,0.0,0.0,0.0,0.6850546896457672,-0.008772428415687823,0.30353412769460436,-2.4565036763758985,0.02,-0.22426827251911163,-0.03230970772958273,-0.000282720663094739,-0.021185932159423826,0.15,-0.0,0.0,0.0,-0.0,0.0,0.21769365716779046,-0.35392775229860174,0.25,0.0,0.43636363636363673,0.0,0.38623068207188654,-0.0,0.0,-0.2350539195940544,-0.04482502258815115,-0.5654796642340876,0.3421243615448475,-0.0,-2.904541015625,0.0,-0.17321552336215973,-0.0,-0.363067626953125,-0.363067626953125,-0.05,0.15353412769460434,0.11637593060731888,0.2,0.0,-0.04510494371274861,-0.11621900826446298,-1.8525763211612847,0.0,0.0,-0.0,0.006327509636300948,-0.4309309121584474,-0.0,0.0,0.0,0.0,0.14915655989665538,-0.018000000715255735,-0.0,-0.0,0.02,0.0,0.0,0.0,0.0,0.0,0.0,0.11637593060731888,10.739272312559187,23.26086922832157,0.4206521686004555,0.0,0.5,0.3499999940395355,4.0,2.0,0.5,0.3499999940395355,0.49000000953674316,0.3499999940395355,0.4900000000000002,54.0,1.0,0.0,0.0,0.5,0.5,1.0,0.009999999999999787,1.0,8.0,0.0,0.0,0.0,0.0,0.0,0.0,0.0,0.0,38.085147857666016,233.5394287109375,38.02316665649414,233.22549438476562,-0.061981201171875,-0.313934326171875,0.31999441981315613,-1.7657230380074982,-0.19368866086006165,-0.9810630679130554,1.0,-7.667641639709473,1.7944844961166382,0.0,28.0,28.0,28.0,0.0,0.0,0.0,0.0,0.0,1.0,120.0,1.0,1.0,1.0,0.0,0.0,52.970799966715276,0.49210002180188894,7.179899956099689,36.96159995160997,18.93200003542006,4.0,4.025900037959218,3.2298999140039086,1.0399000020697713,0.000400003045797348
1,84,84,-2.1714549539080674,0,0,4.0,3.0,0.2901504933834076,1.0,1.0,0.7220081090927124,1.0,0.36971205472946167,1.0,0.7858129143714905,0.6967078447341919,1.0,1.0,1.0,0.2901504933834076,0.2901504933834076,0.36971205472946167,0.6967078447341919,1.0,0.0,0.38156965374946594,1.0,1.0,0.9809743165969849,0.1534181833267212,-0.06657299399375916,0.8909090757369995,-0.1461215317249298,0.5478782057762146,-0.8365581035614014,0.0,0.14172978699207306,0.20840923488140106,1.0,-1.0,1.0,235.49093627929688,7.253762245178223,7.253762245178223,9.242801666259766,25.0,17.417695999145508,0.14172978699207306,0.8582702130079269,0.29015048980712893,0.29015048980712893,0.0,0.0,0.0,0.0,0.0,0.6805933117866516,-0.050501639772272594,0.3035065460890838,-3.12505317201153,0.02,-0.22426827251911163,-0.03230970772958273,-0.000282720663094739,0.0,0.15,-0.0,0.0,0.0,-0.0,0.0,0.21067128113011993,-0.3686747419777099,0.25,0.0,0.45454545454545453,0.0,0.38623068207188654,-0.0,0.0,-0.23714234121858194,-0.0896500451763023,-0.5794669403024497,0.3421243615448475,-0.0,-2.91357421875,0.0,-0.17767690122127533,-0.0,-0.36419677734375,-0.36419677734375,-0.05,0.15350654608908376,0.11635502427816391,0.2,0.0,-0.047805189832832135,-0.1289462809917355,-2.0061667904848783,0.0,0.0,-0.0,0.012655019272601896,-0.9022685044890751,-0.0,0.0,0.0,0.0,0.15492422631010416,-0.05252142548561096,-0.0,-0.0,0.02,0.0,0.0,0.0,0.0,0.0,0.0,0.11635502427816391,11.154544294327499,32.4,0.7326086850269979,0.0,0.5,0.699999988079071,4.0,3.0,0.5,0.699999988079071,0.5,0.699999988079071,0.5,55.0,1.0,0.0,0.0,0.5,0.5,0.0,0.0,1.0,8.0,0.0,0.0,0.0,0.0,0.0,0.0,0.0,0.0,38.02315902709961,233.2257537841797,37.961036682128906,232.91183471679688,-0.062122344970703125,-0.3139190673828125,0.3200068175792694,-1.7661649785495859,-0.19413763284683228,-0.9809742569923401,1.0,-7.765198707580566,1.8579350709915161,0.0,28.0,28.0,28.0,0.0,0.0,0.0,0.0,0.0,1.0,120.0,1.0,1.0,1.0,0.0,0.0,31.66360000614077,0.5979000125080347,7.58129998575896,15.456399996764958,10.68079995457083,4.0,4.456100054085255,2.728699939325452,0.810900004580617,0.000500003807246685
1,85,85,-0.8887844183775284,0,0,3.0,0.0,0.2901504933834076,1.0,1.0,0.7220081090927124,1.0,0.36971205472946167,1.0,0.7858129143714905,0.6967078447341919,1.0,1.0,1.0,0.2901504933834076,0.2901504933834076,0.36971205472946167,0.6967078447341919,1.0,0.0,0.3818589150905609,1.0,1.0,0.9808856248855591,0.15935063362121582,0.3604791462421417,0.9090909361839294,-0.1461215317249298,0.5595254302024841,-0.8288131952285767,0.0,0.14172978699207306,0.20840923488140106,1.0,-1.0,1.0,235.12744140625,7.174984455108643,7.174984455108643,8.978639602661133,25.0,17.505949020385742,0.12022089213132858,0.8797791078686714,0.2869993782043457,0.2869993782043457,0.0,0.0,0.0,0.0,0.0,0.7049251273274422,-0.10861413252556648,0.30023308016935796,-1.805328493348762,0.02,-0.23477837443351746,-0.035268235362828734,-0.0002729143870585878,-0.02003157615661621,0.15,-0.0,0.0,0.0,-0.0,0.0,0.15052133815710633,-0.28473619801385924,0.25,0.0,0.23636363636363614,0.3333333333333333,0.19711127615811536,-0.0,0.0,-0.1797933640034558,-0.0,-0.5950295613589494,0.3281435798853636,-0.0,-2.907958984375,0.0,-0.17485398054122925,-0.0,-0.363494873046875,-0.363494873046875,-0.05,0.15023308016935794,0.11155493557453156,0.2,0.0,-0.0348567765302807,-0.019855371900826372,-1.5697185845264197,0.0,0.0,0.0,0.0,0.0,-0.0,0.0,0.0,0.0,0.14863391551654787,-0.18089776039123534,-0.0,-0.0,0.02,0.0,0.0,0.0,0.0,0.0,0.0,0.11155493557453156,10.701641917191445,0.0,0.0,0.45652173913043476,0.25,-0.5,3.0,0.0,0.25,-0.5,0.3799999952316284,-0.5,0.3799999999999999,56.0,1.0,0.0,0.0,0.25,0.25,1.0,0.1299999999999999,1.0,8.0,0.0,0.0,0.0,0.0,0.0,0.0,0.0,0.0,37.961029052734375,232.91209411621094,37.89876174926758,232.59820556640625,-0.062267303466796875,-0.3138885498046875,0.32000505924224854,-1.7666278691778252,-0.19458527863025665,-0.9808856248855591,1.0,-7.862042427062988,1.922431468963623,0.0,28.0,28.0,28.0,0.0,0.0,0.0,0.0,0.0,1.0,120.0,1.0,1.0,1.0,0.0,0.0,58.241099934093654,0.5350999999791384,6.595699931494892,38.96929998882115,21.18100004736334,4.0,7.587100029923022,3.4392999950796366,1.082399976439774,0.000300002284348011
1,86,86,1.4135667394695808,0,0,3.0,3.0,0.286999374628067,1.0,1.0,0.7285614609718323,0.4949435293674469,0.3591455817222595,1.0,0.7799487113952637,0.7002379894256592,1.0,1.0,1.0,0.286999374628067,0.286999374628067,0.3591455817222595,0.7002379894256592,1.0,0.0,0.38210779428482056,1.0,1.0,0.9808006286621094,0.15288059413433075,-0.393144428730011,0.6909090876579285,-0.1953113079071045,0.5723556280136108,-0.820005476474762,0.0,0.12022089213132858,0.207113578915596,1.0,-1.0,1.0,234.7626190185547,7.174984455108643,7.174984455108643,8.978639602661133,25.0,17.505949020385742,0.12022089213132858,0.8797791078686714,0.2869993782043457,0.2869993782043457,0.0,0.0,0.0,0.0,0.0,0.6995368525385857,0.3582879075150204,1.8489023229070416,-1.513160343491067,0.02,-0.23477837443351746,-0.035268235362828734,-0.0002729143870585878,0.0,0.15,-0.0,0.0,0.0,-0.0,0.0,0.2902911521601336,-0.011289100361782729,0.25,0.0,0.018181818181817792,0.0,0.295666914237173,-0.0,0.0,-0.18039027997468357,-0.0664586417036761,-0.6103508638199115,0.3281435798853636,-0.0,-2.9185791015625,0.0,-0.18024225533008575,-0.0,-0.3648223876953125,-0.3648223876953125,1.5,0.14890232290704153,0.11056678742170334,0.2,0.0,-0.02419491335167202,-0.0,-1.1122783699130598,0.0,0.0,-0.0,0.009105429474992559,-0.20489472931009234,-0.0,0.0,0.0,0.0,0.15078738734126093,-0.18089776039123534,-0.0,-0.0,0.02,0.0,0.0,0.0,0.0,0.0,0.0,0.11056678742170334,10.856691888570786,32.4,0.7326086850269979,0.0,0.25,0.699999988079071,3.0,3.0,0.25,0.699999988079071,0.25999999046325684,0.699999988079071,0.2599999999999998,57.0,1.0,0.0,0.0,0.25,0.25,1.0,0.009999999999999787,1.0,8.0,0.0,0.0,0.0,0.0,0.0,0.0,0.0,0.0,37.89875411987305,232.5984649658203,37.83634948730469,232.28460693359375,-0.062404632568359375,-0.3138580322265625,0.32000187039375305,-1.7670673747276655,-0.1950131207704544,-0.9808006286621094,1.0,-7.954180717468262,1.9853205680847168,0.0,28.0,28.0,28.0,0.0,0.0,0.0,0.0,0.0,1.0,120.0,1.0,1.0,1.0,0.0,0.0,27.059199986979365,0.6769999163225293,5.7338000042364,13.922200072556734,10.118399979546666,4.0,3.6352999741211534,2.617000020109117,0.44490001164376736,0.000400003045797348
1,87,87,-0.9328273014394504,0,0,4.0,2.0,0.286999374628067,1.0,1.0,0.7285614609718323,0.4949435293674469,0.3591455817222595,1.0,0.7799487113952637,0.7002379894256592,1.0,1.0,1.0,0.286999374628067,0.286999374628067,0.3591455817222595,0.7002379894256592,1.0,0.0,0.3823394775390625,1.0,1.0,0.9807167649269104,0.15509559214115143,0.1345919817686081,0.4727272689342499,-0.1953113079071045,0.5848515033721924,-0.8111403584480286,0.0,0.12022089213132858,0.207113578915596,1.0,-1.0,1.0,234.39491271972656,7.129040241241455,7.129040241241455,8.729789733886719,25.0,17.589570999145508,0.1029362827539444,0.8970637172460556,0.2851616096496582,0.2851616096496582,0.0,0.0,0.0,0.0,0.0,0.7053544968366623,0.1407015864322048,0.304917784566329,-2.1038011692746466,0.02,-0.23395462334156036,-0.038303942328922036,-0.00026393671380683736,-0.01019645690917969,0.15,-0.0,0.0,0.0,-0.0,0.0,0.1702066124911514,-0.11063429811924826,0.25,0.0,0.23636363636363614,0.0,0.22288961159555534,-0.0,0.0,-0.13613365750475798,-0.02439270506644755,-0.6243617232140859,0.31690858379006387,-0.0,-2.941650390625,0.0,-0.1917092204093933,-0.0,-0.367706298828125,-0.367706298828125,-0.05,0.154917784566329,0.11318142712116241,0.2,0.0,-0.03552539242742529,-0.019855371900826372,-1.7326128171329238,0.0,0.0,-0.0,0.003337701609927276,-0.2636452887081424,-0.0,0.0,0.0,0.0,0.15148498232942076,-0.05550000071525574,-0.0,-0.0,0.02,0.0,0.0,0.0,0.0,0.0,0.0,0.11318142712116241,10.906918727718294,23.26086922832157,0.4206521686004555,0.0,0.5,0.3499999940395355,4.0,2.0,0.5,0.3499999940395355,0.3799999952316284,0.3499999940395355,0.3799999999999999,58.0,1.0,0.0,0.0,0.5,0.5,1.0,0.1200000000000001,1.0,8.0,0.0,0.0,0.0,0.0,0.0,0.0,0.0,0.0,37.836341857910156,232.2848663330078,37.7738037109375,231.97103881835938,-0.06253814697265625,-0.3138275146484375,0.31999802589416504,-1.7674951876340352,-0.1954346001148224,-0.9807167053222656,1.0,-8.044395446777344,2.0492448806762695,0.0,28.0,28.0,28.0,0.0,0.0,0.0,0.0,0.0,1.0,120.0,1.0,1.0,1.0,0.0,0.0,65.64150005578995,0.37940009497106075,5.365199991501868,50.09570007678121,26.236499892547727,4.0,6.562400027178228,2.2982999216765165,0.9072000393643975,0.000300002284348011
1,88,88,-0.228529462820013,0,0,3.0,2.0,0.2851616144180298,1.0,1.0,0.7352199554443359,0.4718095660209656,0.3491915762424469,1.0,0.7738941311836243,0.7035828232765198,1.0,1.0,1.0,0.2851616144180298,0.2851616144180298,0.3491915762424469,0.7035828232765198,1.0,0.0,0.38257792592048645,1.0,1.0,0.9806312322616577,0.15581312775611877,0.0435996875166893,0.6909090876579285,-0.18205709755420685,0.596158504486084,-0.8028667569160461,0.0,0.1029362827539444,0.19969825446605682,1.0,-1.0,1.0,234.02557373046875,6.991793632507324,6.991793632507324,8.496912956237793,25.0,17.68280792236328,0.08497109264135361,0.9150289073586464,0.279671745300293,0.279671745300293,0.0,0.0,0.0,0.0,0.0,0.7167440429329872,0.15538182294632655,0.30923674467145623,-1.429892073370783,0.02,-0.25473299622535706,-0.04138217669345301,-0.00025427454896266675,-0.03182442665100097,0.15,-0.0,0.0,0.0,-0.0,0.0,0.1445694930245432,-0.005622146950954335,0.25,0.0,0.018181818181817792,0.0,0.14724670585833097,-0.0,0.0,-0.09017259554115958,-0.015663101947306808,-0.6383970938478849,0.3052312102168798,-0.0,-2.9547119140625,0.0,-0.19828486442565918,-0.0,-0.3693389892578125,-0.3693389892578125,-0.05,0.15923674467145624,0.11442200839519501,0.2,0.0,-0.024584817033233362,-0.0,-1.2724854842222928,0.0,0.0,-0.0,0.0022743272354380692,-0.11709609863543907,-0.0,0.0,0.0,0.0,0.15321734262164682,-0.018000000715255735,-0.0,-0.0,0.02,0.0,0.0,0.0,0.0,0.0,0.0,0.11442200839519501,11.03164866875857,23.26086922832157,0.4206521686004555,0.0,0.25,0.3499999940395355,3.0,2.0,0.25,0.3499999940395355,0.25999999046325684,0.3499999940395355,0.2599999999999998,59.0,1.0,0.0,0.0,0.25,0.25,1.0,0.009999999999999787,1.0,7.0,0.0,0.0,0.0,0.0,0.0,0.0,0.0,0.0,37.77379608154297,231.97129821777344,37.71112060546875,231.65750122070312,-0.06267547607421875,-0.3137969970703125,0.3199949562549591,-1.7679347161964725,-0.1958632618188858,-0.9806312322616577,1.0,-8.135555267333984,2.116326332092285,0.0,28.0,28.0,28.0,0.0,0.0,0.0,0.0,0.0,1.0,120.0,1.0,1.0,1.0,0.0,0.0,49.517199979163706,0.5262000486254692,8.189099957235157,30.750300036743283,17.264400026760995,4.0,5.25669998023659,3.989499993622303,0.7616999791935086,0.000400003045797348
1,89,89,-0.1487058813646949,0,0,3.0,2.0,0.2796717584133148,1.0,1.0,0.7423325181007385,0.4512537717819214,0.33987653255462646,1.0,0.7699338793754578,0.7073123455047607,1.0,1.0,1.0,0.2796717584133148,0.2796717584133148,0.33987653255462646,0.7073123455047607,1.0,0.0,0.3828171491622925,1.0,1.0,0.9805448651313782,0.1575949788093567,0.10827251523733139,0.4727272689342499,-0.17589326202869415,0.607367992401123,-0.7944206595420837,0.0,0.08497109264135361,0.1911550611257553,1.0,-1.0,1.0,233.65415954589844,6.991793632507324,6.991793632507324,8.496912956237793,25.0,17.68280792236328,0.08497109264135361,0.9150289073586464,0.279671745300293,0.279671745300293,0.0,0.0,0.0,0.0,0.0,0.7084382250905037,0.1963399022384123,0.3118625943798623,-1.3853466030734731,0.02,-0.25473299622535706,-0.04138217669345301,-0.00025427454896266675,0.0,0.15,-0.0,0.0,0.0,-0.0,0.0,0.14724670585833097,-0.0,0.25,0.0,0.0,0.0,0.14724670585833097,-0.0,0.0,-0.0903062089931773,-0.015663101947306808,-0.6515915533495376,0.3052312102168798,-0.0,-2.9713134765625,0.0,-0.2065906822681427,-0.0,-0.3714141845703125,-0.3714141845703125,-0.05,0.16186259437986228,0.11630885303020477,0.2,0.0,-0.02378858126348683,-0.0,-1.2554157291547317,0.0,0.0,-0.0,0.0022743272354380692,-0.10691662132120411,-0.0,0.0,0.0,0.0,0.1541852489300072,-0.0014999985694885253,-0.0,-0.0,0.02,0.0,0.0,0.0,0.0,0.0,0.0,0.11630885303020477,11.10133792296052,23.26086922832157,0.4206521686004555,0.0,0.25,0.3499999940395355,3.0,2.0,0.25,0.3499999940395355,0.25,0.3499999940395355,0.25,60.0,1.0,0.0,0.0,0.25,0.25,0.0,0.0,1.0,6.0,0.0,0.0,0.0,0.0,0.0,0.0,0.0,0.0,37.71111297607422,231.6577606201172,37.64830017089844,231.34397888183594,-0.06281280517578125,-0.31378173828125,0.3200069069862366,-1.7683648902405678,-0.19629502296447754,-0.9805448651313782,1.0,-8.226944923400879,2.185176372528076,0.0,28.0,28.0,28.0,0.0,0.0,0.0,0.0,0.0,1.0,120.0,1.0,1.0,1.0,0.0,0.0,27.98000001348555,0.6741000106558204,9.565899963490665,9.439000044949353,5.835400079376996,4.0,4.480100004002452,3.090500016696751,0.7016999879851937,0.000400003045797348
1,90,90,-1.0414788269031603,0,0,4.0,2.0,0.2796717584133148,1.0,1.0,0.7423325181007385,0.4512537717819214,0.33987653255462646,1.0,0.7699338793754578,0.7073123455047607,1.0,1.0,1.0,0.2796717584133148,0.2796717584133148,0.33987653255462646,0.7073123455047607,1.0,0.0,0.3830604553222656,1.0,1.0,0.9804573059082031,0.15859054028987885,0.06049414351582527,0.4545454680919647,-0.17589326202869415,0.6177967190742493,-0.7863378524780273,0.0,0.08497109264135361,0.1911550611257553,1.0,-1.0,1.0,233.2804718017578,7.044010639190674,7.044010639190674,8.27421760559082,25.0,17.79698371887207,0.07026854157447815,0.9297314584255219,0.2817604255676269,0.2817604255676269,0.0,0.0,0.0,0.0,0.0,0.7141189277172089,0.20894580169591492,0.31630052749231374,-2.300844083808598,0.02,-0.22628472745418549,-0.04455797369502129,-0.0002429229381497766,0.12338088989257813,0.15,-0.0,0.0,0.0,-0.0,0.0,0.06672132346048308,-0.03910179886521337,0.25,0.0,0.21818181818181837,0.0,0.08534122768201326,-0.0,0.0,-0.052401243869347865,-0.008863929757502904,-0.6637744076392949,0.2956745520234108,-0.0,-2.989501953125,0.0,-0.215612530708313,-0.0,-0.373687744140625,-0.373687744140625,-0.05,0.16630052749231375,0.11790955066680908,0.2,0.0,-0.035382857664690494,-0.015061983471074398,-1.964852159282761,0.0,0.0,-0.0,0.0015553653730385967,-0.2691024480478548,-0.0,0.0,0.0,0.0,0.15495495724026115,-0.018000000715255735,-0.0,-0.0,0.02,0.0,0.0,0.0,0.0,0.0,0.0,0.11790955066680908,11.156756921298802,23.26086922832157,0.4206521686004555,0.0,0.5,0.3499999940395355,4.0,2.0,0.5,0.3499999940395355,0.3700000047683716,0.3499999940395355,0.3700000000000001,61.0,1.0,0.0,0.0,0.5,0.5,1.0,0.1299999999999999,1.0,5.0,0.0,0.0,0.0,0.0,0.0,0.0,0.0,0.0,37.648292541503906,231.34423828125,37.5853385925293,231.03048706054688,-0.06295394897460938,-0.313751220703125,0.32000473141670227,-1.7688160936090778,-0.19673201441764832,-0.9804573059082031,1.0,-8.318960189819336,2.256316661834717,0.0,28.0,28.0,28.0,0.0,0.0,0.0,0.0,0.0,1.0,120.0,1.0,1.0,1.0,0.0,0.0,51.78159999195486,0.6092000985518098,7.776099955663085,34.3330999603495,16.056900029070675,4.0,4.6805000165477395,3.3283999655395746,1.0180000681430101,0.0004998873919248581
1,91,91,-0.4981022026590627,0,0,3.0,3.0,0.28176042437553406,1.0,1.0,0.753995418548584,0.4326418936252594,0.3309687077999115,1.0,0.7674217820167542,0.7118793725967407,1.0,1.0,1.0,0.28176042437553406,0.28176042437553406,0.3309687077999115,0.7118793725967407,1.0,0.0,0.3833039402961731,1.0,1.0,0.9803688526153564,0.15938223898410797,0.04810677096247673,0.6727272868156433,-0.15081030130386353,0.627330482006073,-0.7787531614303589,0.0,0.07026854157447815,0.18375863134860992,1.0,-1.0,0.0,232.90518188476562,7.044010639190674,7.044010639190674,8.27421760559082,25.0,17.79698371887207,0.07026854157447815,0.9297314584255219,0.2817604255676269,0.2817604255676269,0.0,0.0,0.0,0.0,0.0,0.7076171636581421,0.13713764900743763,0.3183777666794235,-1.6812347820040658,0.02,-0.22628472745418549,-0.04455797369502129,-0.0002429229381497766,0.0,0.15,-0.0,0.0,0.0,-0.0,0.0,0.08534122768201326,-0.0,0.25,0.0,0.0,0.0,0.08534122768201326,-0.0,0.0,-0.05263735142448535,-0.017727859515005807,-0.6766951796159058,0.2956745520234108,-0.0,-3.0023193359375,0.0,-0.22211429476737976,-0.0,-0.3752899169921875,-0.3752899169921875,-0.05,0.1683777666794235,0.119382344186306,0.2,0.0,-0.02436264442341136,-0.0,-1.37841277657296,0.0,0.0,-0.0,0.0031107307460771934,-0.22607009103851602,-0.0,0.0,0.0,0.0,0.15790602867025882,-0.05550000071525574,-0.0,-0.0,0.02,0.0,0.0,0.0,0.0,0.0,0.0,0.119382344186306,11.369234064258636,32.4,0.7326086850269979,0.0,0.25,0.699999988079071,3.0,3.0,0.25,0.699999988079071,0.25,0.699999988079071,0.25,62.0,1.0,0.0,0.0,0.25,0.25,0.0,0.0,1.0,4.0,0.0,0.0,0.0,0.0,0.0,0.0,0.0,0.0,37.585330963134766,231.03074645996094,37.52223587036133,230.71702575683594,-0.0630950927734375,-0.313720703125,0.32000261545181274,-1.7692673029502308,-0.1971724033355713,-0.9803688526153564,1.0,-8.411140441894531,2.329838514328003,0.0,28.0,28.0,28.0,0.0,0.0,0.0,0.0,0.0,1.0,120.0,1.0,1.0,1.0,0.0,0.0,29.54320004209876,0.4385999636724591,8.998600067570806,13.163499999791384,9.916599956341088,4.0,4.445999977178872,2.0035000052303076,0.4654000513255596,0.000400003045797348
1,92,92,-0.45890376403845523,0,0,3.0,1.0,0.28176042437553406,1.0,1.0,0.753995418548584,0.4326418936252594,0.3309687077999115,1.0,0.7674217820167542,0.7118793725967407,1.0,1.0,1.0,0.28176042437553406,0.28176042437553406,0.3309687077999115,0.7118793725967407,1.0,0.0,0.3835499584674835,1.0,1.0,0.9802793264389038,0.16241763532161713,0.1844419687986374,0.4545454680919647,-0.15081030130386353,0.6373399496078491,-0.7705827355384827,0.0,0.07026854157447815,0.18375863134860992,1.0,-1.0,0.0,232.52821350097656,6.928249359130859,6.928249359130859,8.05586051940918,25.0,17.906352996826172,0.05754347890615463,0.9424565210938454,0.2771299743652344,0.2771299743652344,0.0,0.0,0.0,0.0,0.0,0.7136853411793709,0.04903035787390318,0.3217525395687898,-1.5633720026605191,0.02,-0.23658327758312225,-0.047909398407597274,-0.00023252472301158074,-0.017183523178100582,0.15,-0.0,0.0,0.0,-0.0,0.0,0.03176201644696686,-0.0,0.25,0.0,0.0,0.0,0.03176201644696686,-0.0,0.0,-0.019562756106576974,-0.0,-0.6891273186868858,0.2874032612890005,-0.0,-3.0157470703125,0.0,-0.2287711799144745,-0.0,-0.3769683837890625,-0.3769683837890625,-0.05,0.17175253956878977,0.12039021402597427,0.2,0.0,-0.024219432768092623,-0.0,-1.4341525716805659,0.0,0.0,0.0,0.0,0.0,-0.0,0.0,0.0,0.0,0.15697780497837813,-0.10499999821186065,-0.0,-0.0,0.02,0.0,0.0,0.0,0.0,0.0,0.0,0.12039021402597427,11.302401958443225,0.0,0.0,0.0,0.25,0.0,3.0,1.0,0.25,0.0,0.25,0.0,0.25,63.0,1.0,0.0,0.0,0.25,0.25,0.0,0.0,1.0,3.0,0.0,0.0,0.0,0.0,0.0,0.0,0.0,0.0,37.5222282409668,230.71728515625,37.45899200439453,230.40359497070312,-0.06323623657226562,-0.313690185546875,0.320000559091568,-1.7697185301042015,-0.19761687517166138,-0.9802793264389038,1.0,-8.503765106201172,2.4051566123962402,0.0,28.0,28.0,28.0,0.0,0.0,0.0,0.0,0.0,1.0,120.0,1.0,1.0,1.0,0.0,0.0,47.11619997397065,0.43070001993328333,8.51179996971041,31.801900011487305,16.634500003419816,4.0,3.770400071516633,1.8936999840661883,0.6770999170839787,0.000400003045797348
1,93,93,-1.467304880456528,0,0,4.0,2.0,0.27712997794151306,1.0,1.0,1.0,0.41486260294914246,0.3222344219684601,1.0,0.7656707763671875,0.7162541151046753,1.0,1.0,1.0,0.27712997794151306,0.27712997794151306,0.3222344219684601,0.7162541151046753,1.0,0.0,0.38379383087158203,1.0,1.0,0.9801892638206482,0.16146288812160492,-0.058013979345560074,0.4545454680919647,-0.1572914570569992,0.6468704342842102,-0.7625999450683594,0.0,0.05754347890615463,0.17422468960285187,1.0,-1.0,0.0,232.149169921875,6.928249359130859,6.928249359130859,8.05586051940918,25.0,17.906352996826172,0.05754347890615463,0.9424565210938454,0.2771299743652344,0.2771299743652344,0.0,0.0,0.0,0.0,0.0,0.7053454592823982,0.04247026244442266,0.3228096490938463,-2.5579302512771953,0.02,-0.23658327758312225,-0.047909398407597274,-0.00023252472301158074,0.0,0.15,-0.0,0.0,0.0,-0.0,0.0,0.024832121949446815,-0.014552778444792101,0.25,0.0,0.21818181818181837,0.0,0.03176201644696686,-0.0,0.0,-0.019592496696534036,-0.0032299859936194973,-0.7007860391583192,0.2874032612890005,-0.0,-3.0323486328125,0.0,-0.23711106181144714,-0.0,-0.3790435791015625,-0.3790435791015625,-0.05,0.17280964909384627,0.12113119661808014,0.2,0.0,-0.036072824985323215,-0.015061983471074398,-2.1748879182999334,0.0,0.0,-0.0,0.0010430443510933251,-0.27745056815670177,-0.0,0.0,0.0,0.0,0.15797658589668573,-0.05550000071525574,-0.0,-0.0,0.02,0.0,0.0,0.0,0.0,0.0,0.0,0.12113119661808014,11.374314184561372,23.26086922832157,0.4206521686004555,0.0,0.5,0.3499999940395355,4.0,2.0,0.5,0.3499999940395355,0.3700000047683716,0.3499999940395355,0.3700000000000001,64.0,1.0,0.0,0.0,0.5,0.5,1.0,0.1299999999999999,0.0,0.0,0.0,0.0,0.0,0.0,0.0,0.0,0.0,0.0,37.458984375,230.4038543701172,37.39560317993164,230.09019470214844,-0.06338119506835938,-0.31365966796875,0.3199993073940277,-1.7701814321915543,-0.19806310534477234,-0.9801892638206482,1.0,-8.59627628326416,2.482198715209961,0.0,28.0,28.0,28.0,0.0,0.0,0.0,0.0,0.0,1.0,120.0,1.0,1.0,1.0,0.0,0.0,50.07200001273304,0.4249999765306711,5.567000014707446,35.41210002731532,23.14840001054108,4.0,4.6159999910742044,3.3526000333949924,0.6579000037163496,0.000400003045797348
1,94,94,-0.34820616340816946,0,0,3.0,0.0,0.27712997794151306,1.0,1.0,1.0,0.41486260294914246,0.3222344219684601,1.0,0.7656707763671875,0.7162541151046753,1.0,1.0,1.0,0.27712997794151306,0.27712997794151306,0.3222344219684601,0.7162541151046753,1.0,0.0,0.3840303122997284,1.0,1.0,0.9800991415977478,0.16249020397663116,0.06242380663752556,0.6727272868156433,-0.1572914570569992,0.6557171940803528,-0.7550065517425537,0.0,0.05754347890615463,0.17422468960285187,1.0,-1.0,0.0,231.7713165283203,6.994297504425049,6.994297504425049,7.8468852043151855,25.0,18.029691696166992,0.04775042086839676,0.9522495791316032,0.27977190017700193,0.27977190017700193,0.0,0.0,0.0,0.0,0.0,0.7199500724673271,0.19921807050067744,0.31829926420587684,-1.6056735705820508,0.02,-0.20595502853393555,-0.05135353571058881,-0.0002213313887876008,0.15635473251342774,0.15,-0.0,0.0,0.0,-0.0,0.0,0.0,0.0,0.0,0.35,0.0,0.0,0.0,0.0,0.0,0.0,0.0,0.0,0.2810377735644579,-0.0,-3.0228271484375,0.0,-0.23229950666427612,-0.0,-0.3778533935546875,-0.3778533935546875,-0.05,0.16829926420587682,0.11694610118865967,0.2,0.0,-0.023203527472886655,-0.0,-1.453705717728839,0.0,0.0,0.0,0.0,0.0,-0.0,0.0,0.0,0.0,0.15039323362056167,-0.1287643253803253,-0.0,-0.0,0.02,0.0,0.0,0.0,0.0,0.0,0.0,0.11694610118865967,10.82831282068044,0.0,0.0,0.45652173913043476,0.25,-0.5,3.0,0.0,0.25,-0.5,0.25,-0.5,0.25,65.0,0.0,0.0,0.0,0.25,0.25,0.0,0.0,0.0,0.0,0.0,0.0,0.0,0.0,0.0,0.0,0.0,0.0,37.39559555053711,230.0904541015625,37.33207321166992,229.77682495117188,-0.0635223388671875,-0.313629150390625,0.3199974000453949,-1.7706326542767465,-0.19850872457027435,-0.980099081993103,1.0,-8.688042640686035,2.5612664222717285,0.0,28.0,28.0,28.0,0.0,0.0,0.0,0.0,0.0,1.0,120.0,1.0,1.0,1.0,0.0,0.0,51.15349998231977,0.6043000612407923,5.711199948564172,35.14859999995679,27.424899977631867,4.0,5.448399926535785,3.5473000025376678,0.6673999596387148,0.000400003045797348
1,95,95,-1.6314866925660119,0,0,2.0,2.0,0.2797718942165375,1.0,1.0,1.0,0.39857402443885803,0.3138754069805145,1.0,0.7651312947273254,0.7211876511573792,1.0,1.0,1.0,0.2797718942165375,0.2797718942165375,0.3138754069805145,0.7211876511573792,1.0,0.0,0.38423359394073486,1.0,1.0,0.9800121784210205,0.15469017624855042,-0.4739595055580139,0.4545454680919647,-0.15008650720119476,0.6647951006889343,-0.7470257878303528,0.0,0.04775042086839676,0.16420228779315948,0.0,0.0,0.0,231.39297485351562,6.793833255767822,6.793833255767822,7.652350902557373,25.0,18.158449172973633,0.038508445024490356,0.9614915549755096,0.2717533302307129,0.2717533302307129,0.0,0.0,0.0,0.0,0.0,0.7271795868873596,-1.8371400820243395,0.3242066065402179,-0.8657328039692497,0.02,-0.24700753390789032,-0.05478261038799031,-0.00021022073220881916,-0.03198040008544921,0.15,-0.0,0.0,0.0,-1.804043621930664,0.0,0.0,0.0,0.0,0.35,0.0,0.0,0.0,0.0,0.0,0.0,0.0,0.0,0.2750304892659187,-0.0,-3.0267333984375,0.0,-0.23431196808815002,-0.0,-0.3783416748046875,-0.3783416748046875,-0.05,0.16777133586352447,0.11563245952129364,0.2,0.0,-0.012105232242736434,-0.0,-0.7867524773259238,0.049142066985658636,0.06142758373207329,-0.019013299726594112,0.0004671135985794245,-0.03013423360998127,-0.0,0.0,0.0,0.0,0.15088430501986294,-0.1287643253803253,-0.0,-0.0,0.02,0.0,0.0,0.0,0.0,0.0,0.0,0.11563245952129364,10.863669961430132,23.26086922832157,0.4206521686004555,0.0,0.0,0.3499999940395355,2.0,2.0,0.0,0.3499999940395355,0.12999999523162842,0.3499999940395355,0.13,66.0,0.0,0.0,0.0,0.0,0.0,1.0,0.13,0.0,0.0,0.0,0.0,0.0,0.0,0.0,0.0,0.0,0.0,37.33206558227539,229.77708435058594,37.26840591430664,229.46348571777344,-0.06365966796875,-0.3135986328125,0.3199947774410248,-1.771072219496015,-0.19893760979175568,-0.9800121784210205,1.0,-8.775967597961426,2.638374090194702,0.0,28.0,28.0,28.0,0.0,0.0,0.0,0.0,0.0,1.0,120.0,1.0,1.0,1.0,0.0,0.0,47.60720010381192,0.5946001037955284,8.408900001086295,29.887799988500774,15.855300007387996,4.0,4.795099957846105,3.173600067384541,0.7070000283420086,0.000500003807246685
1,96,96,-0.8632930739490023,0,0,3.0,4.0,0.27175334095954895,1.0,1.0,1.0,0.38351908326148987,0.30609405040740967,1.0,0.7648780345916748,0.7263379693031311,1.0,1.0,1.0,0.27175334095954895,0.27175334095954895,0.30609405040740967,0.7263379693031311,1.0,0.0,0.38441985845565796,1.0,1.0,0.9799264073371887,0.15519528090953827,0.0306919626891613,0.23636363446712494,-0.13585343956947327,0.673285961151123,-0.7393821477890015,0.0,0.038508445024490356,0.15495873987674713,0.0,0.0,0.0,231.01126098632812,6.793833255767822,6.793833255767822,7.652350902557373,25.0,18.158449172973633,0.038508445024490356,0.9614915549755096,0.2717533302307129,0.2717533302307129,0.0,0.0,0.0,0.0,0.0,0.7137126475572586,0.002721286066433979,0.3413685647590768,-1.9410955723317718,0.02,-0.24700753390789032,-0.05478261038799031,-0.00021022073220881916,0.0,0.15,-0.0,0.0,0.0,-0.0,0.0,0.0,0.0,0.0,0.35,0.0,0.0,0.0,0.0,0.0,0.0,0.0,0.0,0.2750304892659187,-0.0,-3.0537109375,0.0,-0.24777890741825104,-0.0,-0.3817138671875,-0.3817138671875,-0.05,0.17298207679826136,0.11922384053468704,0.2,0.0,-0.023871359497282117,-0.0,-1.578214991519149,0.10028993433172052,0.12536241791465064,-0.1044686815955422,0.0013346103043837766,-0.3623798874338606,-0.0,0.0,0.0,0.0,0.15472165109452343,-0.09914761483669281,-0.0,-0.0,0.02,0.0,0.0,0.0,0.0,0.0,0.0,0.11922384053468704,11.139967765398323,32.4,1.0,0.0,0.25,1.0,3.0,4.0,0.25,1.0,0.25,1.0,0.25,67.0,0.0,0.0,0.0,0.25,0.25,0.0,0.0,0.0,0.0,0.0,0.0,0.0,0.0,0.0,0.0,0.0,0.0,37.26839828491211,229.4637451171875,37.20460510253906,229.15016174316406,-0.06379318237304688,-0.3135833740234375,0.320006400346756,-1.7714905802973846,-0.1993594765663147,-0.9799264073371887,1.0,-8.861985206604004,2.715651750564575,0.0,28.0,28.0,28.0,0.0,0.0,0.0,0.0,0.0,1.0,120.0,1.0,1.0,1.0,0.0,0.0,23.703900049440563,0.4456000169739127,7.785100024193525,8.8672999991104,5.675800028257072,4.0,3.9920000126585364,1.9512000726535916,0.6364000728353858,0.000300002284348011
1,97,97,-0.7099371965550194,0,0,3.0,2.0,0.27175334095954895,1.0,1.0,1.0,0.38351908326148987,0.30609405040740967,1.0,0.7648780345916748,0.7263379693031311,1.0,1.0,1.0,0.27175334095954895,0.27175334095954895,0.30609405040740967,0.7263379693031311,1.0,0.0,0.3846168518066406,1.0,1.0,0.979838490486145,0.1591423898935318,0.23984184861183167,0.4545454680919647,-0.13585343956947327,0.6804316639900208,-0.7328115105628967,0.0,0.038508445024490356,0.15495873987674713,0.0,0.0,0.0,230.62767028808594,6.794607162475586,6.794607162475586,7.4665045738220215,25.0,18.28877830505371,0.03242690861225128,0.9675730913877487,0.2717842864990234,0.2717842864990234,0.0,0.0,0.0,0.0,0.0,0.7123456448316574,0.05188393616245153,0.3368521106820216,-1.83101888823115,0.02,-0.22761406004428864,-0.058272895968078234,-0.0001995423374514887,0.03137790679931641,0.15,-0.0,0.0,0.0,-0.0,0.0,0.0,0.0,0.0,0.35,0.0,0.0,0.0,0.0,0.0,0.0,0.0,0.0,0.2710774905979633,-0.0,-3.0687255859375,0.0,-0.2552274465560913,-0.0,-0.3835906982421875,-0.3835906982421875,-0.05,0.17701117967247237,0.12135227024555206,0.2,0.0,-0.024160010195470278,-0.0,-1.6449851394318247,0.05367780550663213,0.06709725688329016,-0.05591438073607513,0.00033122388103568913,-0.1295656477150167,-0.0,0.0,0.0,0.0,0.15659252771295348,-0.09749999642372131,-0.0,-0.0,0.02,0.0,0.0,0.0,0.0,0.0,0.0,0.12135227024555206,11.274671424552798,23.26086922832157,0.4206521686004555,0.0,0.25,0.3499999940395355,3.0,2.0,0.25,0.3499999940395355,0.25,0.3499999940395355,0.25,68.0,0.0,0.0,0.0,0.25,0.25,0.0,0.0,0.0,0.0,0.0,0.0,0.0,0.0,0.0,0.0,0.0,0.0,37.20459747314453,229.15042114257812,37.140663146972656,228.8368682861328,-0.063934326171875,-0.3135528564453125,0.3200046718120575,-1.7719418069232922,-0.19979122281074524,-0.9798384308815002,1.0,-8.949423789978027,2.7967000007629395,0.0,28.0,28.0,28.0,0.0,0.0,0.0,0.0,0.0,1.0,120.0,1.0,1.0,1.0,0.0,0.0,53.249599994160235,0.4974000621587038,7.0989999221637845,35.920800059102476,17.17180002015084,4.0,5.559800076298416,3.3424999564886093,0.7891999557614326,0.000500003807246685
1,98,98,-0.9186064984351026,0,0,3.0,4.0,0.2717842757701874,1.0,1.0,1.0,0.370128333568573,0.29866018891334534,1.0,0.7664402723312378,0.7315511107444763,1.0,1.0,1.0,0.2717842757701874,0.2717842757701874,0.29866018891334534,0.7315511107444763,1.0,0.0,0.3848203122615814,1.0,1.0,0.9797490239143372,0.16106674075126648,0.11693026125431061,0.4545454680919647,-0.1230369508266449,0.6875350475311279,-0.726151168346405,0.0,0.03242690861225128,0.1442834883928299,0.0,0.0,0.0,230.24188232421875,6.794607162475586,6.794607162475586,7.4665045738220215,25.0,18.28877830505371,0.03242690861225128,0.9675730913877487,0.2717842864990234,0.2717842864990234,0.0,0.0,0.0,0.0,0.0,0.7034718245267868,0.02490707443428456,0.35868533025613947,-2.0256707276523134,0.02,-0.22761406004428864,-0.058272895968078234,-0.0001995423374514887,0.0,0.15,-0.0,0.0,0.0,-0.0,0.0,0.0,0.0,0.0,0.35,0.0,0.0,0.0,0.0,0.0,0.0,0.0,0.0,0.2710774905979633,-0.0,-3.0863037109375,0.0,-0.2641012668609619,-0.0,-0.3857879638671875,-0.3857879638671875,-0.05,0.1805683840357415,0.12379095703363419,0.2,0.0,-0.024839060304979132,-0.0,-1.7194066901338643,0.1533651612021706,0.1917064515027133,-0.15975537625226108,0.0009463539619325667,-0.37018757120430446,-0.0,0.0,0.0,0.0,0.16099357278410292,-0.09749999642372131,-0.0,-0.0,0.02,0.0,0.0,0.0,0.0,0.0,0.0,0.12379095703363419,11.591561475656928,32.4,1.0,0.0,0.25,1.0,3.0,4.0,0.25,1.0,0.25,1.0,0.25,69.0,0.0,0.0,0.0,0.25,0.25,0.0,0.0,0.0,0.0,0.0,0.0,0.0,0.0,0.0,0.0,0.0,0.0,37.140655517578125,228.83712768554688,37.07658386230469,228.5236053466797,-0.0640716552734375,-0.3135223388671875,0.3200022280216217,-1.7723813503517467,-0.20022937655448914,-0.9797490835189819,1.0,-9.03778076171875,2.879883050918579,0.0,28.0,28.0,28.0,0.0,0.0,0.0,0.0,0.0,1.0,120.0,1.0,1.0,1.0,0.0,0.0,32.57120004855096,0.5868000444024801,9.001399972476065,13.036199961788952,9.857399971224368,4.0,4.686999949626625,4.549400066025555,0.6840999703854322,0.000500003807246685
1,99,99,-2.464202070336215,0,0,4.0,4.0,0.2717842757701874,1.0,1.0,1.0,0.370128333568573,0.29866018891334534,1.0,0.7664402723312378,0.7315511107444763,1.0,1.0,1.0,0.2717842757701874,0.2717842757701874,0.29866018891334534,0.7315511107444763,1.0,0.0,0.38503074645996094,1.0,1.0,0.9796579480171204,0.1655937284231186,0.2750781774520874,0.4545454680919647,-0.1230369508266449,0.6948570013046265,-0.7191479206085205,0.0,0.03242690861225128,0.1442834883928299,0.0,0.0,0.0,229.853271484375,6.801731586456299,6.801731586456299,7.279517650604248,25.0,18.427783966064453,0.026674557477235794,0.9733254425227642,0.27206926345825194,0.27206926345825194,0.0,0.0,0.0,0.0,0.0,0.6980272941291332,0.09339288100085816,0.3733709345131537,-3.64899317997936,0.02,-0.20714746415615082,-0.06200974573204547,-0.00018875014705205338,0.047412681579589847,0.15,-0.0,0.0,0.0,-0.0,0.0,0.0,0.0,0.0,0.35,0.0,0.0,0.0,0.0,0.0,0.0,0.0,0.0,0.26733846236020326,-0.0,-3.10888671875,0.0,-0.275298148393631,-0.0,-0.38861083984375,-0.38861083984375,-0.05,0.18605022647673092,0.1269109845161438,0.2,0.0,-0.03775104809461216,-0.015061983471074398,-2.6877130891048746,0.12214049902829252,0.15267562378536567,-0.3138332266699185,0.0006403788149457204,-0.8520903335522281,-0.0,0.0,0.0,0.0,0.16532615945651666,-0.018000000715255735,-0.0,-0.0,0.02,0.0,0.0,0.0,0.0,0.0,0.0,0.1269109845161438,11.903483633436263,32.4,1.0,0.0,0.5,1.0,4.0,4.0,0.5,1.0,0.3700000047683716,1.0,0.3700000000000001,70.0,0.0,0.0,0.0,0.5,0.5,1.0,0.1299999999999999,0.0,0.0,0.0,0.0,0.0,0.0,0.0,0.0,0.0,0.0,37.076576232910156,228.52386474609375,37.012359619140625,228.2103729248047,-0.06421661376953125,-0.3134918212890625,0.32000139355659485,-1.7728442771720285,-0.20067456364631653,-0.9796579480171204,1.0,-9.127114295959473,2.965578556060791,0.0,28.0,28.0,28.0,0.0,0.0,0.0,0.0,0.0,1.0,120.0,1.0,1.0,1.0,0.0,0.0,48.94779995083809,0.609499984420836,8.342099958099425,31.381500069983304,16.25729992520064,4.0,4.705299972556531,3.220000071451068,0.6622999208047986,0.000500003807246685
1,100,100,-0.9234054603643476,0,0,3.0,3.0,0.2720692753791809,1.0,1.0,1.0,0.35682451725006104,0.29118070006370544,1.0,0.7681319713592529,0.7371113300323486,1.0,1.0,1.0,0.2720692753791809,0.2720692753791809,0.29118070006370544,0.7371113300323486,1.0,0.0,0.38525059819221497,1.0,1.0,0.9795648455619812,0.1700497716665268,0.2707657516002655,0.6727272868156433,-0.1299688071012497,0.7024462223052979,-0.711736798286438,0.0,0.026674557477235794,0.13369354605674744,0.0,0.0,0.0,229.4627685546875,6.801731586456299,6.801731586456299,7.279517650604248,25.0,18.427783966064453,0.026674557477235794,0.9733254425227642,0.27206926345825194,0.27206926345825194,0.0,0.0,0.0,0.0,0.0,0.6903925947844982,0.049270312735488556,0.36517506033362657,-2.048243428217961,0.02,-0.20714746415615082,-0.06200974573204547,-0.00018875014705205338,0.0,0.15,-0.0,0.0,0.0,-0.0,0.0,0.0,0.0,0.0,0.35,0.0,0.0,0.0,0.0,0.0,0.0,0.0,0.0,0.26733846236020326,-0.0,-3.1240234375,0.0,-0.282932847738266,-0.0,-0.3905029296875,-0.3905029296875,-0.05,0.18905056515302818,0.1289576143026352,0.2,0.0,-0.026015133023235413,-0.0,-1.8820398011737838,0.14249724643962763,0.17812155804953456,-0.14843463170794546,0.0004482651628280939,-0.26435444771634853,-0.0,0.0,0.0,0.0,0.1686162727707369,-0.04846648424863815,-0.0,-0.0,0.02,0.0,0.0,0.0,0.0,0.0,0.0,0.1289576143026352,12.140395410843194,32.4,0.7326086850269979,0.0,0.25,0.699999988079071,3.0,3.0,0.25,0.699999988079071,0.25,0.699999988079071,0.25,71.0,0.0,0.0,0.0,0.25,0.25,0.0,0.0,0.0,0.0,0.0,0.0,0.0,0.0,0.0,0.0,0.0,0.0,37.012351989746094,228.21063232421875,36.94799041748047,227.8971710205078,-0.064361572265625,-0.3134613037109375,0.32000061869621277,-1.7733071987431126,-0.20112861692905426,-0.9795648455619812,1.0,-9.217720985412598,3.0544426441192627,0.0,28.0,28.0,28.0,0.0,0.0,0.0,0.0,0.0,1.0,120.0,1.0,1.0,1.0,0.0,0.0,52.29619995225221,0.6995999719947577,9.154300088994205,32.978100003674626,13.000000035390258,4.0,5.125299911014736,3.550100023858249,0.7431000703945756,0.000400003045797348
1,101,101,-0.6123695929982118,0,0,2.0,2.0,0.2720692753791809,1.0,1.0,1.0,0.35682451725006104,0.29118070006370544,1.0,0.7681319713592529,0.7371113300323486,1.0,1.0,1.0,0.2720692753791809,0.2720692753791809,0.29118070006370544,0.7371113300323486,1.0,0.0,0.3854754865169525,1.0,1.0,0.9794703125953674,0.17343421280384064,0.20565257966518402,0.4545454680919647,-0.1299688071012497,0.7111188769340515,-0.7030717730522156,0.0,0.026674557477235794,0.13369354605674744,0.0,0.0,0.0,229.070068359375,6.852935791015625,6.852935791015625,7.1108880043029785,25.0,18.579925537109375,0.021525150164961815,0.9784748498350382,0.274117431640625,0.274117431640625,0.0,0.0,0.0,0.0,0.0,0.6867702249437571,-0.7916275662466568,0.35862378498626835,-0.8861360366815805,0.02,-0.1799914538860321,-0.06558540059418,-0.00017760598668370542,0.14302947998046875,0.15,-0.0,0.0,0.0,-1.008410229016072,0.0,0.0,0.0,0.0,0.35,0.0,0.0,0.0,0.0,0.0,0.0,0.0,0.0,0.2639913476072252,-0.0,-3.1416015625,0.0,-0.29170462489128113,-0.0,-0.3927001953125,-0.3927001953125,-0.05,0.19267786935020426,0.13084591925144196,0.2,0.0,-0.013600018488215548,-0.0,-1.010101134180106,0.12176881031176187,0.15221101288970235,-0.04711293256109834,0.00014594960574610202,-0.03394772354411525,-0.0,0.0,0.0,0.0,0.16950764325584228,-0.05550000071525574,-0.0,-0.0,0.02,0.0,0.0,0.0,0.0,0.0,0.0,0.13084591925144196,12.20514479711652,23.26086922832157,0.4206521686004555,0.0,0.0,0.3499999940395355,2.0,2.0,0.0,0.3499999940395355,0.12999999523162842,0.3499999940395355,0.13,72.0,0.0,0.0,0.0,0.0,0.0,1.0,0.13,0.0,0.0,0.0,0.0,0.0,0.0,0.0,0.0,0.0,0.0,36.94798278808594,227.89743041992188,36.88347625732422,227.58399963378906,-0.06450653076171875,-0.3134307861328125,0.31999990344047546,-1.7737701124571066,-0.20158851146697998,-0.9794703125953674,1.0,-9.309076309204102,3.145460605621338,0.0,28.0,28.0,28.0,0.0,0.0,0.0,0.0,0.0,1.0,120.0,1.0,1.0,1.0,0.0,0.0,49.31520007085055,0.5136000690981746,5.423299968242645,33.22819992899895,25.92829999048263,4.0,4.661199986003339,3.704700036905706,1.756099984049797,0.000400003045797348
1,102,102,0.07743854546500022,0,0,2.0,1.0,0.27411743998527527,1.0,1.0,1.0,0.34302181005477905,0.284435510635376,1.0,0.7696155309677124,0.7431970238685608,1.0,1.0,1.0,0.27411743998527527,0.27411743998527527,0.284435510635376,0.7431970238685608,1.0,0.0,0.3857017457485199,1.0,1.0,0.9793746471405029,0.17435921728610992,0.05620606616139412,0.23636363446712494,-0.15872947871685028,0.7196744680404663,-0.6943116784095764,0.0,0.021525150164961815,0.11888667941093445,0.0,0.0,0.0,228.67535400390625,6.89645528793335,6.89645528793335,6.942110538482666,25.0,18.733919143676758,0.017180169001221657,0.9828198309987783,0.275858211517334,0.275858211517334,0.0,0.0,0.0,0.0,0.0,0.6830110605806112,-0.8363582230638055,0.3452675333504726,-0.13448182540227815,0.02,-0.15555284917354584,-0.06937120843347802,-0.00016699603943336197,0.12838314056396485,0.15,-0.0,0.0,0.0,-1.0555495834350586,0.0,0.0,0.0,0.0,0.35,0.0,0.0,0.0,0.0,0.0,0.0,0.0,0.0,0.26116710985079405,-0.0,-3.15771484375,0.0,-0.2998087704181671,-0.0,-0.39471435546875,-0.39471435546875,-0.05,0.19526753335047262,0.13210754096508026,0.2,0.0,-0.0010243550300736521,-0.0,-0.07795746965694877,0.0,0.0,0.0,0.0,0.0,-0.0,0.0,0.0,0.0,0.16589927345374544,-0.05550000071525574,-0.0,-0.0,0.02,0.0,0.0,0.0,0.0,0.0,0.0,0.13210754096508026,11.950808684192598,0.0,0.0,0.0,0.0,0.0,2.0,1.0,0.0,0.0,0.009999999776482582,0.0,0.010000000000000009,73.0,0.0,0.0,0.0,0.0,0.0,1.0,0.010000000000000009,0.0,0.0,0.0,0.0,0.0,0.0,0.0,0.0,0.0,0.0,36.88346862792969,227.58425903320312,36.81881332397461,227.27085876464844,-0.06465530395507812,-0.3134002685546875,0.3200000524520874,-1.774244717646323,-0.20205263793468475,-0.9793747067451477,1.0,-9.400739669799805,3.238833427429199,0.0,28.0,28.0,28.0,0.0,0.0,0.0,0.0,0.0,1.0,120.0,1.0,1.0,1.0,0.0,0.0,44.446000014431775,0.6695999763906002,14.19680006802082,21.32030006032437,16.207900014705956,4.0,4.722099984064698,2.7775000780820847,0.7162999827414751,0.000400003045797348
1,103,103,-0.7160432409404356,0,0,3.0,4.0,0.27585822343826294,1.0,1.0,1.0,0.33004364371299744,0.27768442034721375,1.0,0.772224485874176,0.749356746673584,1.0,1.0,1.0,0.27585822343826294,0.27585822343826294,0.27768442034721375,0.749356746673584,1.0,0.0,0.38592416048049927,1.0,1.0,0.9792785048484802,0.17072583734989166,-0.22077786922454834,0.0181818176060915,-0.11621110886335373,0.726809024810791,-0.6868395805358887,0.0,0.017180169001221657,0.10583049803972244,0.0,0.0,0.0,228.2774200439453,6.89645528793335,6.89645528793335,6.942110538482666,25.0,18.733919143676758,0.017180169001221657,0.9828198309987783,0.275858211517334,0.275858211517334,0.0,0.0,0.0,0.0,0.0,0.6701704021543264,-1.2220878319992239,0.40240218276673917,-0.5865279938622774,0.02,-0.15555284917354584,-0.06937120843347802,-0.00016699603943336197,0.0,0.15,-0.0,0.0,0.0,-1.3194369792938232,0.0,0.0,0.0,0.0,0.35,0.0,0.0,0.0,0.0,0.0,0.0,0.0,0.0,0.26116710985079405,-0.0,-3.1834716796875,0.0,-0.3126494288444519,-0.0,-0.3979339599609375,-0.3979339599609375,-0.05,0.1998904531686938,0.13523516058921814,0.2,0.0,-0.013834990406634553,-0.0,-1.069095917677046,0.4009986623850736,0.501248327981342,-0.1551482919942249,0.00026564238621948376,-0.09988528851744527,-0.0,0.0,0.0,0.0,0.17244020094105653,-0.15107613801956177,-0.0,-0.0,0.02,0.0,0.0,0.0,0.0,0.0,0.0,0.13523516058921814,12.41601703159511,32.4,1.0,0.0,0.25,1.0,3.0,4.0,0.25,1.0,0.12999999523162842,1.0,0.13,74.0,0.0,0.0,0.0,0.25,0.25,1.0,0.12,0.0,0.0,0.0,0.0,0.0,0.0,0.0,0.0,0.0,0.0,36.81880569458008,227.2711181640625,36.75400161743164,226.95774841308594,-0.0648040771484375,-0.3133697509765625,0.3200002610683441,-1.774719303152543,-0.20251810550689697,-0.9792785048484802,1.0,-9.492093086242676,3.334263801574707,0.0,28.0,28.0,28.0,0.0,0.0,0.0,0.0,0.0,1.0,120.0,1.0,1.0,1.0,0.0,0.0,26.501200045458972,0.41790003888309,8.124100044369698,9.672699961811304,5.72360004298389,4.0,4.5897000236436725,2.98850005492568,0.6810999475419521,0.000400003045797348
1,104,104,-1.0347364612816738,0,0,3.0,2.0,0.27585822343826294,1.0,1.0,1.0,0.33004364371299744,0.27768442034721375,1.0,0.772224485874176,0.749356746673584,1.0,1.0,1.0,0.27585822343826294,0.27585822343826294,0.27768442034721375,0.749356746673584,1.0,0.0,0.38615235686302185,1.0,1.0,0.9791805744171143,0.17737166583538055,0.40382668375968933,0.23636363446712494,-0.11621110886335373,0.7317445278167725,-0.681579053401947,0.0,0.017180169001221657,0.10583049803972244,0.0,0.0,0.0,227.87741088867188,6.7806525230407715,6.884399890899658,6.7806525230407715,25.0,18.906173706054688,0.014282462187111378,0.9857175378128886,0.27122610092163085,0.2753759956359863,0.0,0.0,0.0,0.0,0.0,0.6648481516167521,0.15713230735702854,0.37395559716239324,-2.250672517417848,0.02,-0.13945001363754272,-0.07319771176726556,-0.00015587716156732233,0.045910243988037114,0.15,-0.0,0.0,0.0,-0.0,0.0,0.0,0.0,0.0,0.35,0.0,0.0,0.0,0.0,0.0,0.0,0.0,0.0,0.2592836004216224,-0.0,-3.2000732421875,0.0,-0.3208693861961365,-0.0,-0.4000091552734375,-0.4000091552734375,-0.05,0.20395377632780456,0.13764014840126038,0.2,0.0,-0.02684967974599983,-0.0,-2.1186778743502455,0.10910084091593805,0.13637605114492257,-0.11364670928743548,6.425644763549309e-05,-0.1378917877059705,-0.0,0.0,0.0,0.0,0.17402566593536703,-0.09914761483669281,-0.0,-0.0,0.02,0.0,0.0,0.0,0.0,0.0,0.0,0.13764014840126038,12.529850548133254,23.26086922832157,0.4206521686004555,0.0,0.25,0.3499999940395355,3.0,2.0,0.25,0.3499999940395355,0.25,0.3499999940395355,0.25,75.0,0.0,0.0,0.0,0.25,0.25,0.0,0.0,0.0,0.0,0.0,0.0,0.0,0.0,0.0,0.0,0.0,0.0,36.75399398803711,226.9580078125,36.68903732299805,226.64466857910156,-0.0649566650390625,-0.3133392333984375,0.3200013339519501,-1.77520556585537,-0.20299109816551208,-0.9791805744171143,1.0,-9.584288597106934,3.4332008361816406,0.0,28.0,28.0,28.0,0.0,0.0,0.0,0.0,0.0,1.0,120.0,1.0,1.0,1.0,0.0,0.0,50.36570003721863,0.5643999902531505,8.764100028201938,32.231700024567544,16.4933999767527,4.0,4.952299990691245,3.1534999143332243,0.6629000417888165,0.000400003045797348
1,105,105,-2.4219925687138084,0,0,4.0,2.0,0.27537599205970764,1.0,1.0,1.0,0.31901949644088745,0.27122610807418823,1.0,0.7770794630050659,0.7562469244003296,1.0,1.0,1.0,0.27122610807418823,0.27537599205970764,0.27122610807418823,0.7562469244003296,1.0,0.0,0.38638752698898315,1.0,1.0,0.9790809154510498,0.17899785935878754,0.09881381690502167,0.4545454680919647,-0.08381678909063339,0.7362624406814575,-0.6766961216926575,0.0,0.014282462187111378,0.09361809492111206,0.0,0.0,0.0,227.47642517089844,6.7806525230407715,6.884399890899658,6.7806525230407715,25.0,18.906173706054688,0.014282462187111378,0.9857175378128886,0.27122610092163085,0.2753759956359863,0.0,0.0,0.0,0.0,0.0,0.6609314410015941,0.11158201622251109,0.3750332747361299,-3.5895393006740437,0.02,-0.13945001363754272,-0.07319771176726556,-0.00015587716156732233,0.0,0.15,-0.0,0.0,0.0,-0.0,0.0,0.0,0.0,0.0,0.35,0.0,0.0,0.0,0.0,0.0,0.0,0.0,0.0,0.2592836004216224,-0.0,-3.2078857421875,0.0,-0.32478609681129456,-0.0,-0.4009857177734375,-0.4009857177734375,-0.05,0.20503145390154123,0.1383674293756485,0.2,0.0,-0.0398197105010301,-0.015061983471074398,-3.189025776086,0.06546050454956281,0.08182563068695352,-0.16819712974540454,6.425644763549309e-05,-0.3067850918394312,-0.0,0.0,0.0,0.0,0.1743856187888867,-0.018000000715255735,-0.0,-0.0,0.02,0.0,0.0,0.0,0.0,0.0,0.0,0.1383674293756485,12.555764572396875,23.26086922832157,0.4206521686004555,0.0,0.5,0.3499999940395355,4.0,2.0,0.5,0.3499999940395355,0.3700000047683716,0.3499999940395355,0.3700000000000001,76.0,0.0,0.0,0.0,0.5,0.5,1.0,0.1299999999999999,0.0,0.0,0.0,0.0,0.0,0.0,0.0,0.0,0.0,0.0,36.689029693603516,226.64492797851562,36.62392044067383,226.3316192626953,-0.0651092529296875,-0.3133087158203125,0.3200024664402008,-1.7756918478293202,-0.20347125828266144,-0.9790809154510498,1.0,-9.677474975585938,3.5344979763031006,0.0,28.0,28.0,28.0,0.0,0.0,0.0,0.0,0.0,1.0,120.0,1.0,1.0,1.0,0.0,0.0,31.127900001592934,0.6778000388294458,9.109099977649748,12.992399977520108,10.136900003999472,4.0,4.482300020754337,3.182700020261109,0.6562999915331602,0.000500003807246685
1,106,106,-0.7237579289127836,0,0,3.0,3.0,0.27537599205970764,1.0,1.0,1.0,0.31901949644088745,0.27122610807418823,1.0,0.7770794630050659,0.7562469244003296,1.0,1.0,1.0,0.27122610807418823,0.27537599205970764,0.27122610807418823,0.7562469244003296,1.0,0.0,0.3866209387779236,1.0,1.0,0.9789806604385376,0.1793680638074875,0.022494813427329063,0.6727272868156433,-0.08381678909063339,0.7419295907020569,-0.6704778075218201,0.0,0.014282462187111378,0.09361809492111206,0.0,0.0,0.0,227.0741424560547,6.60888147354126,7.063925266265869,6.60888147354126,25.0,19.083566665649414,0.011607452295720577,0.9883925477042794,0.2643552589416504,0.28255701065063477,0.0,0.0,0.0,0.0,0.0,0.6583097139373422,0.5447284226607882,0.40021587291200833,-2.347011938422922,0.02,-0.11700934171676636,-0.07750118680809834,-0.0001451998526203145,0.4093954086303711,0.15,-0.0,0.0,0.0,-0.0,0.0,0.0,0.0,0.0,0.35,0.0,0.0,0.0,0.0,0.0,0.0,0.0,0.0,0.2575448439922184,-0.0,-3.21826171875,0.0,-0.33008283376693726,-0.0,-0.40228271484375,-0.40228271484375,-0.05,0.2072162202154951,0.13952070474624634,0.2,0.0,-0.0277696969408808,-0.0,-2.268951469409035,0.23454356016279937,0.2931794502034992,-0.24431620850291602,8.488175629685249e-05,-0.27828245497743004,-0.0,0.0,0.0,0.0,0.1799887424079022,-0.05550000071525574,-0.0,-0.0,0.02,0.0,0.0,0.0,0.0,0.0,0.0,0.13952070474624634,12.959191905744374,32.4,0.7326086850269979,0.0,0.25,0.699999988079071,3.0,3.0,0.25,0.699999988079071,0.25,0.699999988079071,0.25,77.0,0.0,0.0,0.0,0.25,0.25,0.0,0.0,0.0,0.0,0.0,0.0,0.0,0.0,0.0,0.0,0.0,0.0,36.6239128112793,226.33187866210938,36.55864715576172,226.0186004638672,-0.06526565551757812,-0.3132781982421875,0.3200044333934784,-1.7761897709252523,-0.20395305752754211,-0.9789807200431824,1.0,-9.770598411560059,3.636838436126709,0.0,28.0,28.0,28.0,0.0,0.0,0.0,0.0,0.0,1.0,120.0,1.0,1.0,1.0,0.0,0.0,61.16360006853938,0.6001000292599201,8.013700018636882,43.30299992579967,15.530699980445206,4.0,4.293899983167648,3.8047999842092395,1.1021000100299716,0.000400003045797348
1,107,107,-0.2344651805681426,0,0,2.0,3.0,0.28255701065063477,1.0,1.0,1.0,0.30738750100135803,0.26435527205467224,1.0,0.7814974188804626,0.7633426785469055,1.0,1.0,1.0,0.26435527205467224,0.28255701065063477,0.26435527205467224,0.7633426785469055,1.0,0.0,0.3868541121482849,1.0,1.0,0.9788795709609985,0.18513131141662598,0.35019734501838684,0.4545454680919647,-0.1341908723115921,0.7492656111717224,-0.6622695922851562,0.0,0.011607452295720577,0.0804104283452034,0.0,0.0,0.0,226.66921997070312,6.60888147354126,7.063925266265869,6.60888147354126,25.0,19.083566665649414,0.011607452295720577,0.9883925477042794,0.2643552589416504,0.28255701065063477,0.0,0.0,0.0,0.0,0.0,0.6478660264983773,-0.5920792839612599,0.4039566674191324,-0.7142085905243925,0.02,-0.11700934171676636,-0.07750118680809834,-0.0001451998526203145,0.0,0.15,-0.0,0.0,0.0,-0.7309909093991351,0.0,0.0,0.0,0.0,0.35,0.0,0.0,0.0,0.0,0.0,0.0,0.0,0.0,0.2575448439922184,-0.0,-3.2393798828125,0.0,-0.3405265212059021,-0.0,-0.4049224853515625,-0.4049224853515625,-0.05,0.21095701472261913,0.14203941822052002,0.2,0.0,-0.014727611570298673,-0.0,-1.2207741863223023,0.32836098422791915,0.41045123028489894,-0.12704442842151634,8.488175629685249e-05,-0.07255945976413426,-0.0,0.0,0.0,0.0,0.18356735381536032,-0.018000000715255735,-0.0,-0.0,0.02,0.0,0.0,0.0,0.0,0.0,0.0,0.14203941822052002,13.217087306678296,32.4,0.7326086850269979,0.0,0.0,0.699999988079071,2.0,3.0,0.0,0.699999988079071,0.12999999523162842,0.699999988079071,0.13,78.0,0.0,0.0,0.0,0.0,0.0,1.0,0.13,0.0,0.0,0.0,0.0,0.0,0.0,0.0,0.0,0.0,0.0,36.55863952636719,226.01885986328125,36.493221282958984,225.7056121826172,-0.06541824340820312,-0.3132476806640625,0.32000571489334106,-1.7766760236175652,-0.20443759858608246,-0.9788795709609985,1.0,-9.863852500915527,3.7406156063079834,0.0,28.0,28.0,28.0,0.0,0.0,0.0,0.0,0.0,1.0,120.0,1.0,1.0,1.0,0.0,0.0,28.109799954108894,0.6780000403523445,6.4394999062642455,14.517400064505637,10.009099962189794,4.0,3.033699933439493,2.5149000575765967,0.9036000119522214,0.000400003045797348
1,108,108,0.12689221051439234,0,0,3.0,3.0,0.28255701065063477,1.0,1.0,1.0,0.30738750100135803,0.26435527205467224,1.0,0.7814974188804626,0.7633426785469055,1.0,1.0,1.0,0.26435527205467224,0.28255701065063477,0.26435527205467224,0.7633426785469055,1.0,0.0,0.3870909512042999,1.0,1.0,0.9787769913673401,0.18881553411483765,0.2238675355911255,0.23636363446712494,-0.1341908723115921,0.7569827437400818,-0.6534348726272583,0.0,0.011607452295720577,0.0804104283452034,0.0,0.0,0.0,226.26063537597656,6.480785846710205,7.684959411621094,6.480785846710205,25.0,19.265596389770508,0.008886747062206268,0.9911132529377937,0.2592314338684082,0.30739837646484375,0.0,0.0,0.0,0.0,0.0,0.6358416751027107,1.5156400383509472,0.4122736435532952,-2.456863146492561,0.02,-0.03938007354736328,-0.08087469962725373,-0.00013500329664463097,1.2995087051391603,0.15,-0.0,0.0,0.0,-0.0,0.0,0.0,0.0,0.0,0.35,0.0,0.0,0.0,0.0,0.0,0.0,0.0,0.0,0.2557763855904341,-0.0,-3.2686767578125,0.0,-0.355271577835083,-0.0,-0.4085845947265625,-0.4085845947265625,-0.05,0.21622680104713926,0.14524836838245392,0.2,0.0,-0.028777543120964297,-0.0,-2.4327903275383416,0.25116459548812314,0.31395574436015394,-0.26162978696679495,4.975379136170596e-05,-0.280835581790843,-0.0,0.0,0.0,0.0,0.18652110968304855,-0.018000000715255735,-0.0,-0.0,0.02,0.0,0.0,0.0,0.0,0.0,0.0,0.14524836838245392,13.429520123116673,32.4,0.7326086850269979,0.0,0.25,0.699999988079071,3.0,3.0,0.25,0.699999988079071,0.25,0.699999988079071,0.25,79.0,0.0,0.0,0.0,0.25,0.25,0.0,0.0,0.0,0.0,0.0,0.0,0.0,0.0,0.0,0.0,0.0,0.0,36.49321746826172,225.70587158203125,36.42763900756836,225.39266967773438,-0.06557846069335938,-0.313201904296875,0.3199937045574188,-1.7771953935361307,-0.2049281895160675,-0.9787770509719849,1.0,-9.957694053649902,3.847240924835205,0.0,28.0,28.0,28.0,0.0,0.0,0.0,0.0,0.0,1.0,120.0,1.0,1.0,1.0,0.0,0.0,48.664100002497435,0.42890000622719526,5.450800061225891,34.058299963362515,26.20800002478063,4.0,4.137100069783628,3.6851000040769577,0.8749999105930328,0.000400003045797348
1,109,109,1.6623303400776221,0,0,2.0,4.0,0.30739837884902954,1.0,1.0,1.0,0.29511594772338867,0.25923144817352295,1.0,0.7853986620903015,0.7706238627433777,1.0,1.0,1.0,0.25923144817352295,0.30739837884902954,0.25923144817352295,0.7706238627433777,1.0,0.0,0.38732966780662537,1.0,1.0,0.9786728620529175,0.19185028970241547,0.18440347909927368,0.4545454680919647,-0.1358700841665268,0.7637084126472473,-0.6455613970756531,0.0,0.008886747062206268,0.06395144760608673,0.0,0.0,0.0,225.84889221191406,6.401286602020264,8.340712547302246,6.401286602020264,25.0,19.450965881347656,0.0070691900327801704,0.9929308099672198,0.25605146408081053,0.33362850189208987,0.0,0.0,0.0,0.0,0.0,0.6250249845907092,1.0915543587403167,0.44029993907259674,-0.5145489423260006,0.02,-0.0,-0.08304198948418706,-0.00012535521172198666,1.3761141586303711,0.15,-0.0,0.0,0.0,-0.5429137945175171,0.0,0.0,0.0,0.0,0.35,0.0,0.0,0.0,0.0,0.0,0.0,0.0,0.0,0.2545949735213071,-0.0,-3.2939453125,0.0,-0.3679058253765106,-0.0,-0.4117431640625,-0.4117431640625,-0.05,0.221610643125045,0.14863353967666626,0.2,0.0,-0.015365483452000788,-0.0,-1.3220952674835749,0.5245364417813041,0.6556705522266302,-0.20294564711776647,4.4976102947602657e-05,-0.10677905893188666,-0.005531690271471756,0.006382719068456209,0.0,0.0,0.19152133932337168,-0.04846648424863815,-0.0,-0.0,0.02,0.0,0.0,0.0,0.0,0.0,0.0,0.14863353967666626,13.789536431282759,32.4,1.0,0.0,0.0,1.0,2.0,4.0,0.0,1.0,0.12999999523162842,1.0,0.13,80.0,0.0,0.0,0.0,0.0,0.0,1.0,0.13,0.0,0.0,0.0,0.0,0.0,0.0,0.0,0.0,0.0,0.0,36.427635192871094,225.39292907714844,36.361900329589844,225.0797576904297,-0.06573486328125,-0.31317138671875,0.3199959099292755,-1.7776933168816051,-0.20542486011981964,-0.9786728620529175,1.0,-10.051925659179688,3.9577736854553223,0.0,28.0,28.0,28.0,0.0,0.0,0.0,0.0,0.0,1.0,120.0,1.0,1.0,1.0,0.0,0.0,44.07730000093579,0.6490000523626804,5.792599986307323,28.835900011472404,16.571299987845123,4.0,4.835500032640994,3.122100024484098,0.7985999109223485,0.000500003807246685
1,110,110,1.636623109380352,0,0,2.0,4.0,0.33362850546836853,1.0,1.0,0.49420756101608276,0.2835514545440674,0.2560514509677887,1.0,0.790381908416748,0.7780386209487915,1.0,1.0,1.0,0.2560514509677887,0.33362850546836853,0.2560514509677887,0.7780386209487915,1.0,0.0,0.3875761330127716,1.0,1.0,0.9785666465759277,0.1969933807849884,0.31251415610313416,0.23636363446712494,-0.13443030416965485,0.7705345153808594,-0.6373982429504395,0.0,0.0070691900327801704,0.049805935472249985,0.0,0.0,0.0,225.43333435058594,6.401286602020264,8.340712547302246,6.401286602020264,25.0,19.450965881347656,0.0070691900327801704,0.9929308099672198,0.25605146408081053,0.33362850189208987,0.0,0.0,0.0,0.0,0.0,0.6098200483247638,-0.8228509026635644,0.44699718471165784,1.3826567790074948,0.02,-0.0,-0.08304198948418706,-0.00012535521172198666,0.0,0.15,-0.0,0.0,0.0,-1.0858275890350342,0.0,0.0,0.0,0.0,0.35,0.0,0.0,0.0,0.0,0.0,0.0,0.0,0.0,0.2545949735213071,-0.0,-3.324462890625,0.0,-0.38311076164245605,-0.0,-0.415557861328125,-0.415557861328125,-0.05,0.2283078887641061,0.1531253606081009,0.2,0.0,-0.001210488877444396,-0.0,-0.10560091673827728,0.6744039965759625,0.843004995719953,-0.015611203624443586,4.4976102947602657e-05,-0.0003317849698717013,-0.0004255146362670585,0.006382719052604554,0.0,0.0,0.19614403106737882,-0.017999999597668646,-0.0,-0.0,0.02,0.0,0.0,0.0,0.0,0.0,0.0,0.1531253606081009,14.122370236851275,32.4,1.0,0.0,0.0,1.0,2.0,4.0,0.0,1.0,0.009999999776482582,1.0,0.010000000000000009,81.0,0.0,0.0,0.0,0.0,0.0,1.0,0.010000000000000009,0.0,0.0,0.0,0.0,0.0,0.0,0.0,0.0,0.0,0.0,36.36189651489258,225.08001708984375,36.295997619628906,224.76687622070312,-0.06589889526367188,-0.313140869140625,0.3199997842311859,-1.7782145765920259,-0.20593032240867615,-0.9785666465759277,1.0,-10.147239685058594,4.071822643280029,0.0,28.0,28.0,28.0,0.0,0.0,0.0,0.0,0.0,1.0,120.0,1.0,1.0,1.0,0.0,0.0,27.21989993005991,0.6308000301942229,8.776000002399087,9.15779999922961,5.776599980890751,4.0,4.741400014609098,3.209599992260337,0.6769000319764018,0.0004998873919248581
1,111,111,2.600441974524262,0,0,2.0,2.0,0.33362850546836853,1.0,1.0,0.49420756101608276,0.2835514545440674,0.2560514509677887,1.0,0.790381908416748,0.7780386209487915,1.0,1.0,1.0,0.2560514509677887,0.33362850546836853,0.2560514509677887,0.7780386209487915,1.0,0.0,0.3878363370895386,1.0,1.0,0.978457510471344,0.20174814760684967,0.28891822695732117,0.0181818176060915,-0.13443030416965485,0.7766806483268738,-0.6298945546150208,0.0,0.0070691900327801704,0.049805935472249985,0.0,0.0,0.0,225.0145721435547,6.259257793426514,8.999971389770508,6.259257793426514,25.0,19.649988174438477,0.005465088412165642,0.9945349115878344,0.25037031173706054,0.3599988555908203,0.0,0.0,0.0,0.0,0.0,0.5986019987612963,1.1079931023649694,0.4085991219236101,0.46524775147438635,0.02,-0.0,-0.0870598330699493,-0.00011576270899393502,1.3810831451416015,0.15,-0.0,0.0,0.0,-0.533392625900218,0.0,0.0,0.0,0.0,0.35,0.0,0.0,0.0,0.0,0.0,0.0,0.0,0.0,0.2535523074679077,-0.0,-3.35009765625,0.0,-0.3959329128265381,-0.0,-0.41876220703125,-0.41876220703125,-0.05,0.23365957185914085,0.15650004148483276,0.2,0.0,-0.0,-0.0,-0.0,0.2493955006446923,0.31174437580586534,-0.0,-0.0,-0.0,-0.0,0.0016194049463140812,0.0,0.0,0.1974781789025292,-0.09751152992248535,-0.0,-0.0,0.02,0.0,0.0,0.0,0.0,0.0,0.0,0.15650004148483276,14.218428880982103,23.26086922832157,0.4206521686004555,0.0,0.0,0.3499999940395355,2.0,2.0,0.0,0.3499999940395355,0.0,0.3499999940395355,0.0,0.0,0.0,0.0,0.0,0.0,0.0,0.0,0.0,0.0,0.0,0.0,0.0,0.0,0.0,0.0,0.0,0.0,0.0,36.29599380493164,224.7671356201172,36.22993087768555,224.4540252685547,-0.06606292724609375,-0.3131103515625,0.3200037479400635,-1.7787358270778824,-0.20644843578338623,-0.978457510471344,1.0,-10.244366645812988,4.190202236175537,0.0,28.0,28.0,28.0,0.0,0.0,0.0,0.0,0.0,1.0,120.0,1.0,1.0,1.0,0.0,0.0,60.405800002627075,0.5905999569222331,8.43200006056577,42.5118999555707,16.047700075432658,4.0,4.629400093108416,3.4456999273970723,0.7533000316470861,0.000300002284348011
1,112,112,1.9626244561707413,0,0,2.0,4.0,0.3599988520145416,1.0,1.0,0.4670163094997406,0.27263957262039185,0.2503703236579895,1.0,0.7966669201850891,0.7859995365142822,1.0,1.0,1.0,0.2503703236579895,0.3599988520145416,0.2503703236579895,0.7859995365142822,1.0,0.0,0.3881033658981323,1.0,1.0,0.9783462285995483,0.2031204104423523,0.08338423818349838,0.0,-0.08064547181129456,0.7809844613075256,-0.624550461769104,0.0,0.005465088412165642,0.038660626858472824,0.0,0.0,0.0,224.59254455566406,6.259257793426514,8.999971389770508,6.259257793426514,25.0,19.649988174438477,0.005465088412165642,0.9945349115878344,0.25037031173706054,0.3599988555908203,0.0,0.0,0.0,0.0,0.0,0.585553826764226,-0.6091126294387218,0.4604264381069215,1.5057568207383156,0.02,-0.0,-0.0870598330699493,-0.00011576270899393502,0.0,0.15,-0.0,0.0,0.0,-0.8744141459465027,0.0,0.0,0.0,0.0,0.35,0.0,0.0,0.0,0.0,0.0,0.0,0.0,0.0,0.2535523074679077,-0.0,-3.376220703125,0.0,-0.4089810848236084,-0.0,-0.422027587890625,-0.422027587890625,-0.05,0.23917057956638652,0.16019119322299957,0.2,0.0,-0.0,-0.0,-0.0,0.7125585854053498,0.8906982317566872,-0.0,-0.0,-0.0,-0.0,0.0,0.0,0.0,0.20247711228672416,-0.09749999642372131,-0.0,-0.0,0.02,0.0,0.0,0.0,0.0,0.0,0.0,0.16019119322299957,14.57835208464414,32.4,1.0,0.0,0.0,1.0,2.0,4.0,0.0,1.0,0.0,1.0,0.0,0.0,0.0,0.0,0.0,0.0,0.0,0.0,0.0,0.0,0.0,0.0,0.0,0.0,0.0,0.0,0.0,0.0,0.0,36.22992706298828,224.45428466796875,36.1636962890625,224.14122009277344,-0.06623077392578125,-0.3130645751953125,0.31999367475509644,-1.7792786031969725,-0.206975057721138,-0.9783461689949036,1.0,-10.342475891113281,4.312131881713867,0.0,28.0,28.0,28.0,0.0,0.0,0.0,0.0,0.0,1.0,120.0,1.0,1.0,1.0,0.0,0.0,25.5861000623554,0.3960999893024564,7.419000030495226,12.618600041605532,9.273799951188266,4.0,2.9128999449312687,1.7778000328689814,0.4270999925211072,0.000300002284348011
1,113,113,3.4040875799717276,0,0,2.0,4.0,0.3599988520145416,1.0,1.0,0.4670163094997406,0.27263957262039185,0.2503703236579895,1.0,0.7966669201850891,0.7859995365142822,1.0,1.0,1.0,0.2503703236579895,0.3599988520145416,0.2503703236579895,0.7859995365142822,1.0,0.0,0.38837987184524536,1.0,1.0,0.9782325625419617,0.20826217532157898,0.3124333322048187,0.0,-0.08064547181129456,0.7836984395980835,-0.6211414337158203,0.0,0.005465088412165642,0.038660626858472824,0.0,0.0,0.0,224.1673583984375,6.145339012145996,9.550457000732422,6.145339012145996,25.0,19.87921714782715,0.004613928496837616,0.9953860715031624,0.24581356048583985,0.3820182800292969,0.0,0.0,0.0,0.0,0.0,0.5737604275345802,0.7077157034538673,0.4687128748694339,1.6338985741138459,0.02,-0.0,-0.09042280738859187,-0.0001056203324108175,1.1789925575256348,0.15,-0.0,0.0,0.0,-0.7382285594940186,0.0,0.0,0.0,0.0,0.35,0.0,0.0,0.0,0.0,0.0,0.0,0.0,0.0,0.25299905352294444,-0.0,-3.4014892578125,0.0,-0.42162564396858215,-0.0,-0.4251861572265625,-0.4251861572265625,-0.05,0.24609516046437407,0.1647094041109085,0.2,0.0,-0.0,-0.0,-0.0,0.7261771440505982,0.9077214300632477,-0.0,-0.0,-0.0,-0.0,0.0,0.0,0.0,0.20748013314325364,-0.0,-0.0,-0.0,0.02,0.0,0.0,0.0,0.0,0.0,0.0,0.1647094041109085,14.938569586314262,32.4,1.0,0.0,0.0,1.0,2.0,4.0,0.0,1.0,0.0,1.0,0.0,0.0,0.0,0.0,0.0,0.0,0.0,0.0,0.0,0.0,0.0,0.0,0.0,0.0,0.0,0.0,0.0,0.0,0.0,36.163692474365234,224.1414794921875,36.0972900390625,223.8284454345703,-0.06640243530273438,-0.3130340576171875,0.3199993669986725,-1.7798231691224593,-0.20751170814037323,-0.9782325625419617,1.0,-10.44189167022705,4.437741279602051,0.0,28.0,28.0,28.0,0.0,0.0,0.0,0.0,0.0,1.0,120.0,1.0,1.0,1.0,0.0,0.0,64.1963001107797,0.39510009810328484,4.7064999816939235,44.03680004179478,16.201100079342723,4.0,4.719999968074262,6.32029992993921,3.9705000817775726,0.000500003807246685
1,114,114,1.8003649771153056,0,0,2.0,3.0,0.3820182681083679,1.0,1.0,0.44662708044052124,0.26289352774620056,0.24581356346607208,1.0,0.8049085140228271,0.7951686978340149,1.0,1.0,1.0,0.24581356346607208,0.3820182681083679,0.24581356346607208,0.7951686978340149,1.0,0.0,0.388675332069397,1.0,1.0,0.9781153202056885,0.21340814232826233,0.31268879771232605,0.0,-0.039492588490247726,0.7855605483055115,-0.6187847852706909,0.0,0.004613928496837616,0.030361751094460487,0.0,0.0,0.0,223.73963928222656,6.145339012145996,9.550457000732422,6.145339012145996,25.0,19.87921714782715,0.004613928496837616,0.9953860715031624,0.24581356048583985,0.3820182800292969,0.0,0.0,0.0,0.0,0.0,0.5636511519551277,-0.33448774057012637,0.4524725851163402,1.098728980613964,0.02,-0.0,-0.09042280738859187,-0.0001056203324108175,0.0,0.15,-0.0,0.0,0.0,-0.6053474135048731,0.0,0.0,0.0,0.0,0.35,0.0,0.0,0.0,0.0,0.0,0.0,0.0,0.0,0.25299905352294444,-0.0,-3.4217529296875,0.0,-0.43173491954803467,-0.0,-0.4277191162109375,-0.4277191162109375,-0.05,0.2516401858984689,0.16842064261436462,0.2,0.0,-0.0,-0.0,-0.0,0.5083239921787126,0.6354049902233907,-0.0,-0.0,-0.0,-0.0,0.0,0.0,0.0,0.21138810065574942,-0.04500000178813934,-0.0,-0.0,0.02,0.0,0.0,0.0,0.0,0.0,0.0,0.16842064261436462,15.219943247213958,32.4,0.7326086850269979,0.0,0.0,0.699999988079071,2.0,3.0,0.0,0.699999988079071,0.0,0.699999988079071,0.0,0.0,0.0,0.0,0.0,0.0,0.0,0.0,0.0,0.0,0.0,0.0,0.0,0.0,0.0,0.0,0.0,0.0,0.0,36.097286224365234,223.82870483398438,36.030704498291016,223.5157012939453,-0.06658172607421875,-0.3130035400390625,0.320006787776947,-1.780391023926472,-0.20806348323822021,-0.9781153798103333,1.0,-10.543755531311035,4.567174434661865,0.0,28.0,28.0,28.0,0.0,0.0,0.0,0.0,0.0,1.0,120.0,1.0,1.0,1.0,0.0,0.0,33.50510005839169,0.76299998909235,10.985900065861642,6.688499939627945,2.3560000117868185,4.0,11.366499937139452,3.0257999897003174,0.6488000508397818,0.000600004568696022
1,115,115,3.4260410517941433,0,0,2.0,4.0,0.3820182681083679,1.0,1.0,0.44662708044052124,0.26289352774620056,0.24581356346607208,1.0,0.8049085140228271,0.7951686978340149,1.0,1.0,1.0,0.24581356346607208,0.3820182681083679,0.24581356346607208,0.7951686978340149,1.0,0.0,0.3889865279197693,1.0,1.0,0.9779950380325317,0.21742776036262512,0.24424797296524048,0.0,-0.039492588490247726,0.7868440747261047,-0.6171518564224243,0.0,0.004613928496837616,0.030361751094460487,0.0,0.0,0.0,223.30911254882812,6.044085502624512,10.05569076538086,6.044085502624512,25.0,20.122066497802734,0.003839897457510233,0.9961601025424898,0.24176342010498048,0.40222763061523437,0.0,0.0,0.0,0.0,0.0,0.5532002872787416,0.7543787876374379,0.4816982871364713,1.6167636897414923,0.02,-0.0,-0.09352099359650495,-9.584297301729753e-05,1.0954568481445313,0.15,-0.0,0.0,0.0,-0.6143835932016373,0.0,0.0,0.0,0.0,0.35,0.0,0.0,0.0,0.0,0.0,0.0,0.0,0.0,0.25249593334738163,-0.0,-3.4442138671875,0.0,-0.44295981526374817,-0.0,-0.4305267333984375,-0.4305267333984375,-0.05,0.25784212306848764,0.17245763540267944,0.2,0.0,-0.0,-0.0,-0.0,0.7385616406798363,0.9232020508497953,-0.0,0.0,-0.0,-0.0,0.0,0.0,0.0,0.21692236926406624,-0.04500000178813934,-0.0,-0.0,0.02,0.0,0.0,0.0,0.0,0.0,0.0,0.17245763540267944,15.618410587012768,32.4,1.0,0.0,0.0,1.0,2.0,4.0,0.0,1.0,0.0,1.0,0.0,0.0,0.0,0.0,0.0,0.0,0.0,0.0,0.0,0.0,0.0,0.0,0.0,0.0,0.0,0.0,0.0,0.0,0.0,36.03070068359375,223.51596069335938,35.96393966674805,223.2030029296875,-0.06676101684570312,-0.312957763671875,0.3199993669986725,-1.7809688194555562,-0.20862813293933868,-0.9779950380325317,1.0,-10.647682189941406,4.699706554412842,0.0,28.0,28.0,28.0,0.0,0.0,0.0,0.0,0.0,1.0,120.0,1.0,1.0,1.0,0.0,0.0,52.939999965019524,0.4422999918460846,8.424200001172721,34.224199946038425,25.61860007699579,4.0,5.485299974679947,3.4308000467717648,0.9044999023899436,0.000400003045797348
1,116,116,3.0626531999128686,0,0,3.0,4.0,0.40222764015197754,1.0,1.0,0.42862701416015625,0.253376305103302,0.2417634129524231,1.0,0.8141855001449585,0.8048826456069946,1.0,1.0,1.0,0.2417634129524231,0.40222764015197754,0.2417634129524231,0.8048826456069946,1.0,0.0,0.3893144428730011,1.0,1.0,0.9778714776039124,0.22312015295028687,0.3458917737007141,0.0,-0.019358986988663673,0.7876569628715515,-0.61611407995224,0.0,0.003839897457510233,0.02435026317834854,0.0,0.0,0.0,222.87542724609375,5.897894382476807,10.544761657714844,5.897894382476807,25.0,20.387470245361328,0.003265228122472763,0.9967347718775272,0.23591577529907226,0.42179046630859374,0.0,0.0,0.0,0.0,0.0,0.5411956943571568,1.0695102189469494,0.4895896659403769,0.9423576206683854,0.02,-0.0,-0.09818276980470714,-8.618961161447047e-05,1.0667603492736817,0.15,-0.0,0.0,0.0,-0.2716669797897339,0.0,0.0,0.0,0.0,0.35,0.0,0.0,0.0,0.0,0.0,0.0,0.0,0.0,0.2521223982796073,-0.0,-3.469482421875,0.0,-0.4555390775203705,-0.0,-0.433685302734375,-0.433685302734375,-0.05,0.2648140309363333,0.17703403532505035,0.2,0.0,-0.016491474760434457,-0.0,-0.0,0.5846095100316134,0.7307618875395169,-0.20393355001102792,9.595543222608303e-06,-0.09308136577365762,-0.041516982303178906,0.0,0.0,0.0,0.22268580887932332,-0.017999999597668646,-0.0,-0.0,0.02,0.0,0.0,0.0,0.0,0.0,0.0,0.17703403532505035,16.03337823931128,32.4,1.0,0.0,0.25,1.0,3.0,4.0,0.25,1.0,0.11999999731779099,1.0,0.12,1.0,0.0,0.0,0.0,0.25,0.25,1.0,0.13,0.0,0.0,0.0,0.0,0.0,0.0,0.0,0.0,0.0,0.0,35.96393585205078,223.20326232910156,35.89698791503906,222.89035034179688,-0.06694793701171875,-0.3129119873046875,0.31999364495277405,-1.7815699377628478,-0.20920656621456146,-0.9778714776039124,1.0,-10.75379467010498,4.835654258728027,0.0,28.0,28.0,28.0,0.0,0.0,0.0,0.0,0.0,1.0,120.0,1.0,1.0,1.0,0.0,0.0,48.607900040224195,0.6204999517649412,10.092200012877584,28.21130002848804,15.872800024226308,4.0,5.441099987365305,3.4660000819712877,0.7335999980568886,0.000500003807246685
1,117,117,2.520674767551957,0,0,2.0,4.0,0.4217904806137085,1.0,1.0,0.41152358055114746,0.24378769099712372,0.23591578006744385,1.0,0.8241919875144958,0.8154988288879395,1.0,1.0,1.0,0.23591578006744385,0.4217904806137085,0.23591578006744385,0.8154988288879395,1.0,0.0,0.3896617591381073,1.0,1.0,0.9777441620826721,0.22904826700687408,0.3602149784564972,0.2181818187236786,-0.016867127269506454,0.7883166074752808,-0.6152698397636414,0.0,0.003265228122472763,0.01939707063138485,0.0,0.0,0.0,222.43899536132812,5.897894382476807,10.544761657714844,5.897894382476807,25.0,20.387470245361328,0.003265228122472763,0.9967347718775272,0.23591577529907226,0.42179046630859374,0.0,0.0,0.0,0.0,0.0,0.5301453806459904,-0.2422319059923879,0.49641328044153965,1.7163480124568151,0.02,-0.0,-0.09818276980470714,-8.618961161447047e-05,0.0,0.15,-0.0,0.0,0.0,-0.5224364995956421,0.0,0.0,0.0,0.0,0.35,0.0,0.0,0.0,0.0,0.0,0.0,0.0,0.0,0.2521223982796073,-0.0,-3.491455078125,0.0,-0.46658939123153687,-0.0,-0.436431884765625,-0.436431884765625,-0.05,0.2716376454374961,0.18159577250480652,0.2,0.0,-0.0,-0.0,-0.0,0.7477563500404358,0.9346954375505447,-0.0,0.0,-0.0,-0.0,0.05189622446350322,0.0,0.0,0.2284735530195758,-0.017999999597668646,-0.0,-0.0,0.02,0.0,0.0,0.0,0.0,0.0,0.0,0.18159577250480652,16.45009581740946,32.4,1.0,0.0,0.0,1.0,2.0,4.0,0.0,1.0,0.0,1.0,0.0,0.0,0.0,0.0,0.0,0.0,0.0,0.0,0.0,0.0,0.0,0.0,0.0,0.0,0.0,0.0,0.0,0.0,0.0,35.8969841003418,222.89060974121094,35.82984924316406,222.57772827148438,-0.06713485717773438,-0.3128814697265625,0.3200029730796814,-1.7821610751835195,-0.20980066061019897,-0.9777442216873169,1.0,-10.862425804138184,4.975440979003906,0.0,28.0,28.0,28.0,0.0,0.0,0.0,0.0,0.0,1.0,120.0,1.0,1.0,1.0,0.0,0.0,20.68760001566261,0.6789000472053885,5.483499960973859,8.867800002917647,5.714899976737797,4.0,3.3089000498875976,1.797499950043857,0.5193999968469143,0.000400003045797348
1,118,118,-3.261807537569674,0,0,2.0,4.0,0.4217904806137085,1.0,1.0,0.41152358055114746,0.24378769099712372,0.23591578006744385,1.0,0.8241919875144958,0.8154988288879395,1.0,1.0,1.0,0.23591578006744385,0.4217904806137085,0.23591578006744385,0.8154988288879395,1.0,0.0,0.3900315463542938,1.0,1.0,0.9776128530502319,0.2350013703107834,0.361734002828598,0.0,-0.016867127269506454,0.7898528575897217,-0.613296389579773,0.0,0.003265228122472763,0.01939707063138485,0.0,0.0,0.0,221.99923706054688,5.877530097961426,11.114806175231934,5.877530097961426,25.0,13.51635456085205,0.0027265315875411034,0.9972734684124589,0.23510120391845704,0.44459224700927735,0.0,0.0,0.0,0.0,0.0,0.5174365872517228,-6.005557611489521,0.5044686238196039,1.7018448628485203,0.02,-0.0,-0.09885036488798737,-0.0013461392092972944,1.017645320892334,0.15,-6.871115684509277,0.0,0.0,-0.43624505400657654,0.0,0.0,0.0,0.0,0.35,0.0,0.0,0.0,0.0,0.0,0.0,0.0,0.0,0.2517722455319017,-0.0,-3.51806640625,0.0,-0.4798368811607361,-0.0,-0.43975830078125,-0.43975830078125,-0.05,0.2788310743596697,0.18631918728351593,0.2,0.0,-0.0,-0.0,-0.0,0.7563754945993424,0.9454693682491779,-0.0,0.0,-0.0,-0.0,0.0,0.0,0.0,0.2343543102312834,-0.0,-0.0,-0.0,0.02,0.0,0.0,0.0,0.0,0.0,0.0,0.18631918728351593,16.8735103366524,32.4,1.0,0.0,0.0,1.0,2.0,4.0,0.0,1.0,0.0,1.0,0.0,0.0,0.0,0.0,0.0,0.0,0.0,0.0,0.0,0.0,0.0,0.0,0.0,0.0,0.0,0.0,0.0,0.0,0.0,35.8298454284668,222.57798767089844,35.76251220703125,222.26515197753906,-0.06733322143554688,-0.312835693359375,0.31999990344047546,-1.7827971832320526,-0.21041178703308105,-0.9776129126548767,1.0,-10.973943710327148,5.1187615394592285,0.0,28.0,28.0,28.0,0.0,0.0,0.0,0.0,0.0,1.0,120.0,1.0,1.0,1.0,0.0,0.0,46.79059993941337,0.4008000250905752,4.839699948206544,31.96839999873191,16.058500041253865,4.0,5.2671999437734485,3.3180000027641654,0.9558999445289373,0.000400003045797348
1,119,119,2.5913341977765847,0,0,2.0,4.0,0.4445922374725342,1.0,1.0,0.39232689142227173,0.23510120809078217,0.24188819527626038,1.0,0.8343205451965332,0.540654182434082,1.0,1.0,1.0,0.23510120809078217,0.4445922374725342,0.23510120809078217,0.540654182434082,1.0,0.0,0.3904207646846771,1.0,1.0,0.9774776697158813,0.24105015397071838,0.36754733324050903,0.0,-0.024915246292948723,0.7911911606788635,-0.6115689873695374,0.0,0.0027265315875411034,0.013545673340559006,0.0,0.0,0.0,221.5561065673828,5.877530097961426,11.114806175231934,5.877530097961426,25.0,13.51635456085205,0.0027265315875411034,0.9972734684124589,0.23510120391845704,0.44459224700927735,0.0,0.0,0.0,0.0,0.0,0.5039056176319718,-0.1461176469156909,0.5117013642117834,1.7018448628485203,0.02,-0.0,-0.09885036488798737,-0.0013461392092972944,0.0,0.15,-0.0,0.0,0.0,-0.43624505400657654,0.0,0.0,0.0,0.0,0.35,0.0,0.0,0.0,0.0,0.0,0.0,0.0,0.0,0.2517722455319017,-0.0,-3.5450439453125,0.0,-0.49336785078048706,-0.0,-0.4431304931640625,-0.4431304931640625,-0.05,0.28606381475184905,0.19115221500396729,0.2,0.0,-0.0,-0.0,-0.0,0.7563754945993424,0.9454693682491779,-0.0,0.0,-0.0,-0.0,0.0,0.0,0.0,0.2403239111881703,-0.0,-0.0,-0.0,0.02,0.0,0.0,0.0,0.0,0.0,0.0,0.19115221500396729,17.303321605548263,32.4,1.0,0.0,0.0,1.0,2.0,4.0,0.0,1.0,0.0,1.0,0.0,0.0,0.0,0.0,0.0,0.0,0.0,0.0,0.0,0.0,0.0,0.0,0.0,0.0,0.0,0.0,0.0,0.0,0.0,35.762508392333984,222.26541137695312,35.694976806640625,221.95262145996094,-0.06753158569335938,-0.3127899169921875,0.3199969530105591,-1.7834333082906748,-0.2110389769077301,-0.9774776697158813,1.0,-11.087981224060059,5.266105651855469,0.0,28.0,28.0,28.0,0.0,0.0,0.0,0.0,0.0,1.0,120.0,1.0,1.0,1.0,0.0,0.0,39.66979996766895,0.6457999115809798,7.671000086702406,23.230699938721955,16.323299962095916,4.0,4.526000004261732,2.9616999672725797,0.6030000513419509,0.000300002284348011
1,120,120,3.336694934487576,0,0,2.0,4.0,0.4445922374725342,1.0,1.0,0.39232689142227173,0.23510120809078217,0.24188819527626038,1.0,0.8343205451965332,0.540654182434082,1.0,1.0,1.0,0.23510120809078217,0.4445922374725342,0.23510120809078217,0.540654182434082,1.0,0.0,0.39082974195480347,1.0,1.0,0.9773384928703308,0.24719031155109406,0.37310007214546204,0.0,-0.024915246292948723,0.7919988036155701,-0.6105226278305054,0.0,0.0027265315875411034,0.013545673340559006,0.0,0.0,0.0,221.1098175048828,5.8035197257995605,11.663782119750977,5.8035197257995605,25.0,13.09659194946289,0.0022077448666095734,0.9977922551333904,0.23214078903198243,0.46655128479003904,0.0,0.0,0.0,0.0,0.0,0.4917762391269207,0.5843967143749511,0.5200007961836486,1.7205211848020554,0.02,-0.0,-0.10131514287338317,-0.0015922461540867126,1.0638848876953126,0.15,-0.41976261138916016,0.0,0.0,-0.35323917865753174,0.0,0.0,0.0,0.0,0.35,0.0,0.0,0.0,0.0,0.0,0.0,0.0,0.0,0.2514350341632962,-0.0,-3.5703125,0.0,-0.5060160160064697,-0.0,-0.4462890625,-0.4462890625,-0.05,0.2935331879702239,0.19605670869350433,0.2,0.0,-0.0,-0.0,-0.0,0.7646760821342469,0.9558451026678085,-0.0,0.0,-0.0,-0.0,0.0,0.0,0.0,0.2464210057538003,-0.0,-0.0,-0.0,0.02,0.0,0.0,0.0,0.0,0.0,0.0,0.19605670869350433,17.74231241427362,32.4,1.0,0.0,0.0,1.0,2.0,4.0,0.0,1.0,0.0,1.0,0.0,0.0,0.0,0.0,0.0,0.0,0.0,0.0,0.0,0.0,0.0,0.0,0.0,0.0,0.0,0.0,0.0,0.0,0.0,35.69497299194336,221.952880859375,35.627235412597656,221.64013671875,-0.06773757934570312,-0.312744140625,0.3199957609176636,-1.784092734253088,-0.21168258786201477,-0.9773384928703308,1.0,-11.204596519470215,5.41756534576416,0.0,28.0,28.0,28.0,0.0,0.0,0.0,0.0,0.0,1.0,120.0,1.0,1.0,1.0,0.0,0.0,60.093099949881434,0.45819999650120735,7.882799953222275,45.26050004642457,29.455099953338504,4.0,3.627500031143427,2.1711000008508563,0.6658999482169747,0.000500003807246685
1,121,121,1.5648144761302492,0,0,2.0,2.0,0.466551274061203,1.0,1.0,0.37399542331695557,0.23214079439640045,0.268382728099823,1.0,0.8453581929206848,0.523863673210144,1.0,1.0,1.0,0.23214079439640045,0.466551274061203,0.23214079439640045,0.523863673210144,1.0,0.0,0.39126110076904297,1.0,1.0,0.9771949648857117,0.2534615993499756,0.3810684084892273,0.0,-0.011380597949028015,0.7925240993499756,-0.6098406314849854,0.0,0.0022077448666095734,0.009991299360990524,0.0,0.0,0.0,220.66175842285156,5.8035197257995605,11.663782119750977,5.8035197257995605,25.0,13.09659194946289,0.0022077448666095734,0.9977922551333904,0.23214078903198243,0.46655128479003904,0.0,0.0,0.0,0.0,0.0,0.48472101613879204,0.08051119968668127,0.47489985230288323,0.5046824080018927,0.02,-0.0,-0.10131514287338317,-0.0015922461540867126,0.0,0.15,-0.0,0.0,0.0,-0.2154758977178126,0.0,0.0,0.0,0.0,0.35,0.0,0.0,0.0,0.0,0.0,0.0,0.0,0.0,0.2514350341632962,-0.0,-3.58447265625,0.0,-0.5130712389945984,-0.0,-0.44805908203125,-0.44805908203125,-0.05,0.29813618988396706,0.19913114607334137,0.2,0.0,-0.0,-0.0,-0.0,0.2676366241891618,0.3345457802364522,-0.0,0.0,-0.0,-0.0,0.0,0.0,0.0,0.24889448643196374,-0.09749999642372131,-0.0,-0.0,0.02,0.0,0.0,0.0,0.0,0.0,0.0,0.19913114607334137,17.92040302310139,23.26086922832157,0.4206521686004555,0.0,0.0,0.3499999940395355,2.0,2.0,0.0,0.3499999940395355,0.0,0.3499999940395355,0.0,0.0,0.0,0.0,0.0,0.0,0.0,0.0,0.0,0.0,0.0,0.0,0.0,0.0,0.0,0.0,0.0,0.0,0.0,35.62723159790039,221.64039611816406,35.55928039550781,221.32769775390625,-0.06795120239257812,-0.3126983642578125,0.31999629735946655,-1.7847754652455994,-0.2123439460992813,-0.9771950244903564,1.0,-11.324101448059082,5.5729899406433105,0.0,28.0,28.0,28.0,0.0,0.0,0.0,0.0,0.0,1.0,120.0,1.0,1.0,1.0,0.0,0.0,29.140600003302097,0.44049997813999653,8.523300057277083,13.274300028569996,9.967599995434284,4.0,3.9744999958202243,2.42829998023808,0.4712999798357487,0.000200001522898674
1,122,122,3.3390797966572143,0,0,2.0,4.0,0.466551274061203,1.0,1.0,0.37399542331695557,0.23214079439640045,0.268382728099823,1.0,0.8453581929206848,0.523863673210144,1.0,1.0,1.0,0.23214079439640045,0.466551274061203,0.23214079439640045,0.523863673210144,1.0,0.0,0.39170730113983154,1.0,1.0,0.9770483374595642,0.25600576400756836,0.15459254384040833,0.0,-0.011380597949028015,0.7929302453994751,-0.6093124747276306,0.0,0.0022077448666095734,0.009991299360990524,0.0,0.0,0.0,220.2111053466797,5.763332366943359,12.205525398254395,5.763332366943359,25.0,12.68480396270752,0.0016957931220531464,0.9983042068779469,0.23053329467773437,0.4882210159301758,0.0,0.0,0.0,0.0,0.0,0.47489436343312263,0.6713959940313976,0.5313379880103283,1.6414514511823655,0.02,-0.0,-0.10267920083460123,-0.0018773494022219302,1.0539567947387696,0.15,-0.4117879867553711,0.0,0.0,-0.2713268995285034,0.0,0.0,0.0,0.0,0.35,0.0,0.0,0.0,0.0,0.0,0.0,0.0,0.0,0.25110226552933457,-0.0,-3.605224609375,0.0,-0.5234098434448242,-0.0,-0.450653076171875,-0.450653076171875,-0.05,0.3040512570056133,0.20299343764781952,0.2,0.0,-0.0,-0.0,-0.0,0.7728673100471497,0.9660841375589371,-0.0,0.0,-0.0,-0.0,0.0,0.0,0.0,0.25511063581332566,-0.09749999642372131,-0.0,-0.0,0.02,0.0,0.0,0.0,0.0,0.0,0.0,0.20299343764781952,18.367965778559444,32.4,1.0,0.0,0.0,1.0,2.0,4.0,0.0,1.0,0.0,1.0,0.0,0.0,0.0,0.0,0.0,0.0,0.0,0.0,0.0,0.0,0.0,0.0,0.0,0.0,0.0,0.0,0.0,0.0,0.0,35.55927658081055,221.3279571533203,35.491111755371094,221.0153045654297,-0.06816482543945312,-0.312652587890625,0.31999701261520386,-1.7854581917302468,-0.2130177617073059,-0.9770483374595642,1.0,-11.445599555969238,5.730760097503662,0.0,28.0,28.0,28.0,0.0,0.0,0.0,0.0,0.0,1.0,120.0,1.0,1.0,1.0,0.0,0.0,46.41750000882894,0.41960005182772875,5.269699962809682,32.4838999658823,24.956599925644696,4.0,3.7817000411450863,3.6589999217540026,0.7810000097379088,0.000500003807246685
1,123,123,2.973415370827653,0,0,2.0,3.0,0.48822101950645447,1.0,1.0,0.3557387590408325,0.23053330183029175,0.29323622584342957,1.0,0.8568912744522095,0.507392168045044,1.0,1.0,1.0,0.23053330183029175,0.48822101950645447,0.23053330183029175,0.507392168045044,1.0,0.0,0.3921695649623871,1.0,1.0,0.9768981337547302,0.2623995244503021,0.3885093331336975,0.0,-0.004135739058256149,0.7930809259414673,-0.60911625623703,0.0,0.0016957931220531464,0.006573183462023735,0.0,0.0,0.0,219.75790405273438,5.703367233276367,12.74649715423584,5.703367233276367,25.0,12.275103569030762,0.0011845702538266778,0.9988154297461733,0.22813468933105469,0.5098598861694336,0.0,0.0,0.0,0.0,0.0,0.46527488285209984,0.7877842396681415,0.5152074414412932,1.1851488068661187,0.02,-0.0,-0.10474884378023658,-0.002211654873931836,1.050165672302246,0.15,-0.4097003936767578,0.0,0.0,-0.15541561594642705,0.0,0.0,0.0,0.0,0.35,0.0,0.0,0.0,0.0,0.0,0.0,0.0,0.0,0.25076997066498735,-0.0,-3.6256103515625,0.0,-0.5335405468940735,-0.0,-0.4532012939453125,-0.4532012939453125,-0.05,0.31053416105665943,0.20723143219947815,0.2,0.0,-0.0,-0.0,-0.0,0.5467328038463369,0.6834160048079211,-0.0,0.0,-0.0,-0.0,0.0,0.0,0.0,0.2596950756432489,-0.04500000178813934,-0.0,-0.0,0.02,0.0,0.0,0.0,0.0,0.0,0.0,0.20723143219947815,18.69804544631392,32.4,0.7326086850269979,0.0,0.0,0.699999988079071,2.0,3.0,0.0,0.699999988079071,0.0,0.699999988079071,0.0,0.0,0.0,0.0,0.0,0.0,0.0,0.0,0.0,0.0,0.0,0.0,0.0,0.0,0.0,0.0,0.0,0.0,0.0,35.49110794067383,221.01556396484375,35.42272186279297,220.7029571533203,-0.06838607788085938,-0.3126068115234375,0.31999948620796204,-1.786164219993146,-0.2137056142091751,-0.9768980741500854,1.0,-11.56924057006836,5.891754627227783,0.0,28.0,28.0,28.0,0.0,0.0,0.0,0.0,0.0,1.0,120.0,1.0,1.0,1.0,0.0,0.0,43.063399964012206,0.43100002221763134,7.065600017085671,29.38630001153797,17.106199986301363,4.0,3.2122000120580196,2.4512000381946564,0.4759000148624182,0.0003998866304755211
1,124,124,2.8507786884168334,0,0,2.0,4.0,0.5098598599433899,1.0,1.0,0.3373454213142395,0.22813469171524048,0.3183729648590088,1.0,0.8690012097358704,0.4910041391849518,1.0,1.0,1.0,0.22813469171524048,0.5098598599433899,0.22813469171524048,0.4910041391849518,1.0,0.0,0.3926522433757782,1.0,1.0,0.976743757724762,0.26711493730545044,0.28652748465538025,0.0,-0.0020310357213020325,0.7932107448577881,-0.608947217464447,0.0,0.0011845702538266778,0.0037306630983948708,0.0,0.0,0.0,219.30166625976562,5.703367233276367,12.74649715423584,5.703367233276367,25.0,12.275103569030762,0.0011845702538266778,0.9988154297461733,0.22813468933105469,0.5098598861694336,0.0,0.0,0.0,0.0,0.0,0.45310003811027855,0.11973279477946809,0.5455903864529862,1.7123554690741003,0.02,-0.0,-0.10474884378023658,-0.002211654873931836,0.0,0.15,-0.0,0.0,0.0,-0.18953124061226845,0.0,0.0,0.0,0.0,0.35,0.0,0.0,0.0,0.0,0.0,0.0,0.0,0.0,0.25076997066498735,-0.0,-3.64990234375,0.0,-0.5457153916358948,-0.0,-0.45623779296875,-0.45623779296875,-0.05,0.3174856988591089,0.2118704617023468,0.2,0.0,-0.0,-0.0,-0.0,0.7810468759387732,0.9763085949234664,-0.0,0.0,-0.0,-0.0,0.0,0.0,0.0,0.26622453404590496,-0.04500000178813934,-0.0,-0.0,0.02,0.0,0.0,0.0,0.0,0.0,0.0,0.2118704617023468,19.168166451305154,32.4,1.0,0.0,0.0,1.0,2.0,4.0,0.0,1.0,0.0,1.0,0.0,0.0,0.0,0.0,0.0,0.0,0.0,0.0,0.0,0.0,0.0,0.0,0.0,0.0,0.0,0.0,0.0,0.0,0.0,35.4227180480957,220.70321655273438,35.35410690307617,220.39065551757812,-0.06861114501953125,-0.31256103515625,0.320002943277359,-1.7868818755968168,-0.21440990269184113,-0.9767438173294067,1.0,-11.695550918579102,6.056042671203613,0.0,28.0,28.0,28.0,0.0,0.0,0.0,0.0,0.0,1.0,120.0,1.0,1.0,1.0,0.0,0.0,25.543699972331524,0.6293999031186104,5.677000037394464,11.465199990198016,6.252899998798966,4.0,5.07449998985976,1.926700002513826,0.7424000650644302,0.000400003045797348
1,125,125,3.66331595635851,0,0,2.0,4.0,0.5098598599433899,1.0,1.0,0.3373454213142395,0.22813469171524048,0.3183729648590088,1.0,0.8690012097358704,0.4910041391849518,1.0,1.0,1.0,0.22813469171524048,0.5098598599433899,0.22813469171524048,0.4910041391849518,1.0,0.0,0.3931550681591034,1.0,1.0,0.9765852093696594,0.27383095026016235,0.40809115767478943,0.0,-0.0020310357213020325,0.7932262420654297,-0.6089270114898682,0.0,0.0011845702538266778,0.0037306630983948708,0.0,0.0,0.0,218.84205627441406,5.6788201332092285,13.30078125,5.6788201332092285,25.0,11.85809326171875,0.0006607673713006079,0.9993392326286994,0.22715280532836915,0.53203125,0.0,0.0,0.0,0.0,0.0,0.4401413895539008,0.8724717082605239,0.5544904839109073,1.7762123746331782,0.02,-0.0,-0.10560807093845441,-0.0026131206800898686,1.080601921081543,0.15,-0.4170103073120117,0.0,0.0,-0.10572277940809727,0.0,0.0,0.0,0.0,0.35,0.0,0.0,0.0,0.0,0.0,0.0,0.0,0.0,0.2504294987913454,-0.0,-3.6768798828125,0.0,-0.5591978430747986,-0.0,-0.4596099853515625,-0.4596099853515625,-0.05,0.32554771170498825,0.21715377271175385,0.2,0.0,-0.0,-0.0,-0.0,0.7894277220591903,0.9867846525739878,-0.0,0.0,-0.0,-0.0,0.0,0.0,0.0,0.27282406551763416,-0.0,-0.0,-0.0,0.02,0.0,0.0,0.0,0.0,0.0,0.0,0.21715377271175385,19.64333271726966,32.4,1.0,0.0,0.0,1.0,2.0,4.0,0.0,1.0,0.0,1.0,0.0,0.0,0.0,0.0,0.0,0.0,0.0,0.0,0.0,0.0,0.0,0.0,0.0,0.0,0.0,0.0,0.0,0.0,0.0,35.354103088378906,220.3909149169922,35.28525924682617,220.0784149169922,-0.06884384155273438,-0.3125,0.3199933171272278,-1.7876330526392736,-0.21513110399246216,-0.9765852093696594,1.0,-11.824504852294922,6.224149703979492,0.0,28.0,28.0,28.0,0.0,0.0,0.0,0.0,0.0,1.0,120.0,1.0,1.0,1.0,0.0,0.0,57.082700077444315,0.5193001125007868,9.12250007968396,41.87169997021556,17.60569994803518,4.0,3.10550001449883,1.9672999624162912,0.4646000452339649,0.000300002284348011
1,126,126,3.000732863271344,0,0,2.0,4.0,0.532031238079071,1.0,1.0,0.31854578852653503,0.22715280950069427,0.3442592918872833,1.0,0.8817084431648254,0.47432371973991394,1.0,1.0,1.0,0.22715280950069427,0.532031238079071,0.22715280950069427,0.47432371973991394,1.0,0.0,0.39368194341659546,1.0,1.0,0.9764217138290405,0.2806190252304077,0.4124707281589508,0.0,0.0001870356354629621,0.7932184934616089,-0.60893714427948,0.0,0.0006607673713006079,0.0020810081623494625,0.0,0.0,0.0,218.3790283203125,5.6788201332092285,13.30078125,5.6788201332092285,25.0,11.85809326171875,0.0006607673713006079,0.9993392326286994,0.22715280532836915,0.53203125,0.0,0.0,0.0,0.0,0.0,0.42641831416403875,0.21559033603039643,0.5625118384437303,1.7762123746331782,0.02,-0.0,-0.10560807093845441,-0.0026131206800898686,0.0,0.15,-0.0,0.0,0.0,-0.10572277940809727,0.0,0.0,0.0,0.0,0.35,0.0,0.0,0.0,0.0,0.0,0.0,0.0,0.0,0.2504294987913454,-0.0,-3.7042236328125,0.0,-0.5729209184646606,-0.0,-0.4630279541015625,-0.4630279541015625,-0.05,0.3335690662378113,0.22250434756278992,0.2,0.0,-0.0,-0.0,-0.0,0.7894277220591903,0.9867846525739878,-0.0,0.0,-0.0,-0.0,0.0,0.0,0.0,0.27953430705703797,-0.0,-0.0,-0.0,0.02,0.0,0.0,0.0,0.0,0.0,0.0,0.22250434756278992,20.126470108106734,32.4,1.0,0.0,0.0,1.0,2.0,4.0,0.0,1.0,0.0,1.0,0.0,0.0,0.0,0.0,0.0,0.0,0.0,0.0,0.0,0.0,0.0,0.0,0.0,0.0,0.0,0.0,0.0,0.0,0.0,35.285255432128906,220.07867431640625,35.2161750793457,219.76622009277344,-0.06908035278320312,-0.3124542236328125,0.3199995756149292,-1.788385604189297,-0.21587182581424713,-0.9764217734336853,1.0,-11.956576347351074,6.396523952484131,0.0,28.0,28.0,28.0,0.0,0.0,0.0,0.0,0.0,1.0,120.0,1.0,1.0,1.0,0.0,0.0,29.496300034224987,0.3971999976783991,5.8729000156745315,16.606500023044646,10.490100015886128,4.0,3.6631999537348747,2.4880999699234962,0.4434000002220273,0.000300002284348011
1,127,127,3.82484242861366,0,0,2.0,4.0,0.532031238079071,1.0,1.0,0.31854578852653503,0.22715280950069427,0.3442592918872833,1.0,0.8817084431648254,0.47432371973991394,1.0,1.0,1.0,0.22715280950069427,0.532031238079071,0.22715280950069427,0.47432371973991394,1.0,0.0,0.3942328989505768,1.0,1.0,0.9762532711029053,0.28752100467681885,0.41939008235931396,0.0,0.0001870356354629621,0.7931898236274719,-0.6089744567871094,0.0,0.0006607673713006079,0.0020810081623494625,0.0,0.0,0.0,217.9125518798828,5.6983795166015625,13.878399848937988,5.6983795166015625,25.0,11.427244186401367,0.00011491312034195289,0.999885086879658,0.2279351806640625,0.5551359939575196,0.0,0.0,0.0,0.0,0.0,0.41324830518715316,1.0240615070298675,0.5716694887289493,1.7958631276676897,0.02,-0.0,-0.10492286117452805,-0.003104599743825334,1.145033760070801,0.15,-0.4308490753173828,0.0,0.0,-0.018386099254712462,0.0,0.0,0.0,0.0,0.35,0.0,0.0,0.0,0.0,0.0,0.0,0.0,0.0,0.25007469352822226,-0.0,-3.7318115234375,0.0,-0.5866367816925049,-0.0,-0.4664764404296875,-0.4664764404296875,-0.05,0.34185334972149645,0.22792449593544006,0.2,0.0,-0.0,-0.0,-0.0,0.7981613900745288,0.9977017375931609,-0.0,0.0,-0.0,-0.0,0.0,0.0,0.0,0.2862903824495152,-0.0,-0.0,-0.0,0.02,0.0,0.0,0.0,0.0,0.0,0.0,0.22792449593544006,20.612907536365093,32.4,1.0,0.0,0.0,1.0,2.0,4.0,0.0,1.0,0.0,1.0,0.0,0.0,0.0,0.0,0.0,0.0,0.0,0.0,0.0,0.0,0.0,0.0,0.0,0.0,0.0,0.0,0.0,0.0,0.0,35.21617126464844,219.7664794921875,35.1468505859375,219.45407104492188,-0.0693206787109375,-0.312408447265625,0.3200068771839142,-1.7891497920490451,-0.21663229167461395,-0.9762532711029053,1.0,-12.091778755187988,6.573239803314209,0.0,28.0,28.0,28.0,0.0,0.0,0.0,0.0,0.0,1.0,120.0,1.0,1.0,1.0,0.0,0.0,69.95250005275011,0.4430999979376793,8.690200047567487,46.39329994097352,29.417700017802417,4.0,5.028999992646277,8.512199972756207,0.8556999964639544,0.000500003807246685
1,128,128,2.5071514810306454,0,0,2.0,3.0,0.55513596534729,1.0,1.0,0.2990961968898773,0.22793518006801605,0.3712896406650543,1.0,0.8949482440948486,0.45708978176116943,1.0,1.0,1.0,0.22793518006801605,0.55513596534729,0.22793518006801605,0.45708978176116943,1.0,0.0,0.39480865001678467,1.0,1.0,0.9760797023773193,0.2944701015949249,0.4222547113895416,0.0,0.0007647579768672585,0.7931494116783142,-0.609027087688446,0.0,0.00011491312034195289,0.000361905200406909,0.0,0.0,0.0,217.443359375,5.6983795166015625,13.878399848937988,5.6983795166015625,25.0,11.427244186401367,0.00011491312034195289,0.999885086879658,0.2279351806640625,0.5551359939575196,0.0,0.0,0.0,0.0,0.0,0.40244949327461654,0.3180992478063738,0.5544985737787681,1.2121041661708867,0.02,-0.0,-0.10492286117452805,-0.003104599743825334,0.0,0.15,-0.0,0.0,0.0,-0.01507660125735659,0.0,0.0,0.0,0.0,0.35,0.0,0.0,0.0,0.0,0.0,0.0,0.0,0.0,0.25007469352822226,-0.0,-3.7535400390625,0.0,-0.5974355936050415,-0.0,-0.4691925048828125,-0.4691925048828125,-0.05,0.3486272774250336,0.23244088888168335,0.2,0.0,-0.0,-0.0,-0.0,0.5587129635373449,0.6983912044216811,-0.0,0.0,-0.0,-0.0,0.0,0.0,0.0,0.29120330998208377,-0.04500000178813934,-0.0,-0.0,0.02,0.0,0.0,0.0,0.0,0.0,0.0,0.23244088888168335,20.96663831871003,32.4,0.7326086850269979,0.0,0.0,0.699999988079071,2.0,3.0,0.0,0.699999988079071,0.0,0.699999988079071,0.0,0.0,0.0,0.0,0.0,0.0,0.0,0.0,0.0,0.0,0.0,0.0,0.0,0.0,0.0,0.0,0.0,0.0,0.0,35.146846771240234,219.45433044433594,35.077274322509766,219.14198303222656,-0.06957244873046875,-0.312347412109375,0.3200019299983978,-1.7899592011065995,-0.217413067817688,-0.9760796427726746,1.0,-12.230192184448242,6.754323482513428,0.0,28.0,28.0,28.0,0.0,0.0,0.0,0.0,0.0,1.0,120.0,1.0,1.0,1.0,0.0,0.0,37.53199998755008,0.5070000188425183,6.11449999269098,15.036800061352551,9.536199970170856,4.0,7.276999996975064,4.252500017173588,4.306199960410595,0.000500003807246685
1,129,129,2.254706670219908,0,0,4.0,2.0,0.55513596534729,1.0,1.0,0.2990961968898773,0.22793518006801605,0.3712896406650543,1.0,0.8949482440948486,0.45708978176116943,1.0,1.0,1.0,0.22793518006801605,0.55513596534729,0.22793518006801605,0.45708978176116943,1.0,0.0,0.39540567994117737,1.0,1.0,0.9759014844894409,0.29952341318130493,0.3070579767227173,0.0,0.0007647579768672585,0.7931418418884277,-0.609036922454834,0.0,0.00011491312034195289,0.000361905200406909,0.0,0.0,0.0,216.97247314453125,5.758223056793213,14.48046875,5.758223056793213,25.0,10.980366706848145,0.0,1.0,0.23032892227172852,0.57921875,0.0,0.0,0.0,0.0,0.0,0.39570915699005127,1.1156069472516952,0.5309064427018165,0.19248412327634523,0.02,-0.0,-0.1028539363211609,-0.0037122412024341964,1.2251999855041502,0.15,-0.44687747955322266,0.0,0.0,-0.0,0.0,0.0,0.0,0.0,0.35,0.0,0.0,0.0,0.0,0.0,0.0,0.0,0.0,0.25,-0.0,-3.76708984375,0.0,-0.6042908430099487,-0.0,-0.47088623046875,-0.47088623046875,-0.05,0.3529064431786537,0.23527096211910248,0.2,0.0,-0.021761737256935663,-0.0,-0.0,0.21890908718109134,0.2736363589763641,-0.07636363506317137,0.0,-0.03332231348211114,-0.11311363636363636,0.0,0.0,0.0,0.29385061882436275,-0.05550000071525574,-0.0,-0.0,0.02,0.0,0.0,0.0,0.0,0.0,0.0,0.23527096211910248,21.15724455535412,23.26086922832157,0.4206521686004555,0.0,0.5,0.3499999940395355,4.0,2.0,0.5,0.3499999940395355,0.11999999731779099,0.3499999940395355,0.12,1.0,0.0,0.0,0.0,0.5,0.5,1.0,0.38,0.0,0.0,0.0,0.0,0.0,0.0,0.0,0.0,0.0,0.0,35.0772705078125,219.14224243164062,35.007442474365234,218.8299560546875,-0.06982803344726562,-0.312286376953125,0.31999802589416504,-1.7907802636840524,-0.21821168065071106,-0.9759014844894409,1.0,-12.371411323547363,6.9389472007751465,0.0,28.0,28.0,28.0,0.0,0.0,0.0,0.0,0.0,1.0,120.0,1.0,1.0,1.0,0.0,0.0,53.62270004115999,0.7815000135451555,9.512500022538006,37.05219994299114,29.341099900193512,4.0,3.198400023393333,2.0345000084489584,1.0094000026583672,0.000400003045797348
1,130,130,4.09389458291021,0,0,2.0,4.0,0.5792187452316284,1.0,1.0,0.2788817286491394,0.23032891750335693,0.3994554579257965,1.0,0.908731997013092,0.43921467661857605,1.0,1.0,1.0,0.23032891750335693,0.5792187452316284,0.23032891750335693,0.43921467661857605,1.0,0.0,0.396014541387558,1.0,1.0,0.9757199287414551,0.3022463619709015,0.16545680165290833,0.2181818187236786,0.0004171380423940718,0.7933496236801147,-0.6087662577629089,0.0,0.0,0.0,0.0,0.0,0.0,216.49913024902344,5.786103248596191,15.187313079833984,5.786103248596191,25.0,10.471580505371094,0.0,1.0,0.23144412994384767,0.6074925231933593,0.0,0.0,0.0,0.0,0.0,0.3859403133392334,1.2410342579836058,0.5892535331845283,1.8576664784028425,0.02,-0.0,-0.10190405815878914,-0.004550104831136941,1.4054656410217286,0.15,-0.5087862014770508,0.0,0.0,-0.0,0.0,0.0,0.0,0.0,0.35,0.0,0.0,0.0,0.0,0.0,0.0,0.0,0.0,0.25,-0.0,-3.7867431640625,0.0,-0.6140596866607666,-0.0,-0.4733428955078125,-0.4733428955078125,-0.05,0.35925353318452835,0.23950235545635223,0.2,0.0,-0.0,-0.0,-0.0,0.8,1.0,-0.0,0.0,-0.0,-0.0,0.15681409323953518,0.0,0.0,0.30080898142885415,-0.09914761483669281,-0.0,-0.0,0.02,0.0,0.0,0.0,0.0,0.0,0.0,0.23950235545635223,21.6582466628775,32.4,1.0,0.0,0.0,1.0,2.0,4.0,0.0,1.0,0.0,1.0,0.0,0.0,0.0,0.0,0.0,0.0,0.0,0.0,0.0,0.0,0.0,0.0,0.0,0.0,0.0,0.0,0.0,0.0,0.0,35.00743865966797,218.83021545410156,34.93735122680664,218.5179901123047,-0.07008743286132812,-0.312225341796875,0.3199951648712158,-1.7916129932946605,-0.2190219908952713,-0.9757199287414551,1.0,-12.514303207397461,7.1258544921875,0.0,28.0,28.0,28.0,0.0,0.0,0.0,0.0,0.0,1.0,120.0,1.0,1.0,1.0,0.0,0.0,46.75209999550134,0.6580000044777989,6.930100033059716,30.5608999915421,19.793699961155653,4.0,4.232499981299043,3.116799984127283,1.2134999269619584,0.000700005330145359
1,131,131,3.1398859991261765,0,0,2.0,4.0,0.6074925065040588,1.0,1.0,0.2568138837814331,0.23144413530826569,0.4312168061733246,1.0,0.9223551154136658,0.4188632071018219,1.0,1.0,1.0,0.23144413530826569,0.6074925065040588,0.23144413530826569,0.4188632071018219,1.0,0.0,0.39664363861083984,1.0,1.0,0.9755337834358215,0.30940350890159607,0.43489766120910645,0.0,-0.03771660849452019,0.7948170900344849,-0.6068490147590637,0.0,0.0,0.0,0.0,0.0,0.0,216.02198791503906,5.786103248596191,15.187313079833984,5.786103248596191,25.0,10.471580505371094,0.0,1.0,0.23144412994384767,0.6074925231933593,0.0,0.0,0.0,0.0,0.0,0.37075215578079224,0.3513513101765918,0.5977825331687927,1.8,0.02,-0.0,-0.10190405815878914,-0.004550104831136941,0.0,0.15,-0.0,0.0,0.0,-0.0,0.0,0.0,0.0,0.0,0.35,0.0,0.0,0.0,0.0,0.0,0.0,0.0,0.0,0.25,-0.0,-3.817138671875,0.0,-0.6292478442192078,-0.0,-0.477142333984375,-0.477142333984375,-0.05,0.3677825331687927,0.24518835544586182,0.2,0.0,-0.0,-0.0,-0.0,0.8,1.0,-0.0,0.0,-0.0,-0.0,0.0,0.0,0.0,0.3078054731665179,-0.0,-0.0,-0.0,0.02,0.0,0.0,0.0,0.0,0.0,0.0,0.24518835544586182,22.16199406798929,32.4,1.0,0.0,0.0,1.0,2.0,4.0,0.0,1.0,0.0,1.0,0.0,0.0,0.0,0.0,0.0,0.0,0.0,0.0,0.0,0.0,0.0,0.0,0.0,0.0,0.0,0.0,0.0,0.0,0.0,34.937347412109375,218.51824951171875,34.86699676513672,218.20608520507812,-0.07035064697265625,-0.312164306640625,0.31999337673187256,-1.7924573468827436,-0.21984955668449402,-0.9755338430404663,1.0,-12.65988826751709,7.316029071807861,0.0,28.0,28.0,28.0,0.0,0.0,0.0,0.0,0.0,1.0,120.0,1.0,1.0,1.0,0.0,0.0,27.790999971330166,0.6800999399274588,8.836099994368851,10.447100037708879,6.989000015892088,4.0,3.6991999950259924,3.3370000310242176,0.7637999951839447,0.000400003045797348
1,132,132,3.5865498246167404,0,0,2.0,3.0,0.6074925065040588,1.0,1.0,0.2568138837814331,0.23144413530826569,0.4312168061733246,1.0,0.9223551154136658,0.4188632071018219,1.0,1.0,1.0,0.23144413530826569,0.6074925065040588,0.23144413530826569,0.4188632071018219,1.0,0.0,0.39729660749435425,1.0,1.0,0.9753422141075134,0.31659990549087524,0.4372807443141937,0.0,-0.03771660849452019,0.796165406703949,-0.6050790548324585,0.0,0.0,0.0,0.0,0.0,0.0,215.5416259765625,5.931314468383789,15.936298370361328,5.931314468383789,25.0,9.941734313964844,0.0,1.0,0.23725257873535155,0.6374519348144532,0.0,0.0,0.0,0.0,0.0,0.35781657695770264,1.4128123746727212,0.5809208962321282,1.2149999767541886,0.02,-0.0,-0.09709694463453432,-0.005624256429661979,1.5823487854003906,0.15,-0.52984619140625,0.0,0.0,-0.0,0.0,0.0,0.0,0.0,0.35,0.0,0.0,0.0,0.0,0.0,0.0,0.0,0.0,0.25,-0.0,-3.8428955078125,0.0,-0.6421834230422974,-0.0,-0.4803619384765625,-0.4803619384765625,-0.05,0.37492089718580246,0.24994726479053497,0.2,0.0,-0.0,-0.0,-0.0,0.5599999904632569,0.699999988079071,-0.0,0.0,-0.0,-0.0,0.0,0.0,0.0,0.313030981742777,-0.04500000178813934,-0.0,-0.0,0.02,0.0,0.0,0.0,0.0,0.0,0.0,0.24994726479053497,22.53823068547994,32.4,0.7326086850269979,0.0,0.0,0.699999988079071,2.0,3.0,0.0,0.699999988079071,0.0,0.699999988079071,0.0,0.0,0.0,0.0,0.0,0.0,0.0,0.0,0.0,0.0,0.0,0.0,0.0,0.0,0.0,0.0,0.0,0.0,0.0,34.86699295043945,218.2063446044922,34.79637145996094,217.8942413330078,-0.07062149047851562,-0.312103271484375,0.3199935257434845,-1.7933249902573771,-0.22069787979125977,-0.9753422737121582,1.0,-12.808602333068848,7.5109686851501465,0.0,28.0,28.0,28.0,0.0,0.0,0.0,0.0,0.0,1.0,120.0,1.0,1.0,1.0,0.0,0.0,50.763600040227175,0.6700999801978469,11.90780010074377,30.29730007983744,21.88030001707375,4.0,4.222000017762184,2.51590006519109,1.1109999613836408,0.000400003045797348
1,133,133,3.1000805693220896,0,0,2.0,4.0,0.6374519467353821,1.0,1.0,0.23725257813930511,0.23963616788387299,0.46509847044944763,1.0,0.9364533424377441,0.39766937494277954,1.0,1.0,1.0,0.23725257813930511,0.6374519467353821,0.23725257813930511,0.39766937494277954,1.0,0.0,0.3979683816432953,1.0,1.0,0.9751458764076233,0.3219747245311737,0.3265942931175232,0.0,-0.015980500727891922,0.796990692615509,-0.6039916276931763,0.0,0.0,0.0,0.0,0.0,0.0,215.05775451660156,5.931314468383789,15.936298370361328,5.931314468383789,25.0,9.941734313964844,0.0,1.0,0.23725257873535155,0.6374519348144532,0.0,0.0,0.0,0.0,0.0,0.34379684925079346,0.36858417266128507,0.6126995491981506,1.7549999982118607,0.02,-0.0,-0.09709694463453432,-0.005624256429661979,0.0,0.15,-0.0,0.0,0.0,-0.0,0.0,0.0,0.0,0.0,0.35,0.0,0.0,0.0,0.0,0.0,0.0,0.0,0.0,0.25,-0.0,-3.8709716796875,0.0,-0.6562031507492065,-0.0,-0.4838714599609375,-0.4838714599609375,-0.05,0.38269954919815063,0.2551330327987671,0.2,0.0,-0.0,-0.0,-0.0,0.8,1.0,-0.0,0.0,-0.0,-0.0,0.0,0.0,0.0,0.32130537372548135,-0.04500000178813934,-0.0,-0.0,0.02,0.0,0.0,0.0,0.0,0.0,0.0,0.2551330327987671,23.133986908234654,32.4,1.0,0.0,0.0,1.0,2.0,4.0,0.0,1.0,0.0,1.0,0.0,0.0,0.0,0.0,0.0,0.0,0.0,0.0,0.0,0.0,0.0,0.0,0.0,0.0,0.0,0.0,0.0,0.0,0.0,34.79636764526367,217.89450073242188,34.725467681884766,217.58245849609375,-0.07089996337890625,-0.312042236328125,0.31999555230140686,-1.7942158715076966,-0.22156372666358948,-0.9751458764076233,1.0,-12.9598388671875,7.7099690437316895,0.0,28.0,28.0,28.0,0.0,0.0,0.0,0.0,0.0,1.0,120.0,1.0,1.0,1.0,0.0,0.0,53.864700021222234,0.6452000234276056,8.229199913330376,37.341700051911175,15.056299977004528,4.0,3.4318999387323856,3.4244999988004565,0.7552000461146235,0.000400003045797348
1,134,134,5.704252529767535,0,0,2.0,4.0,0.6374519467353821,1.0,1.0,0.23725257813930511,0.23963616788387299,0.46509847044944763,1.0,0.9364533424377441,0.39766937494277954,1.0,1.0,1.0,0.23725257813930511,0.6374519467353821,0.23725257813930511,0.39766937494277954,1.0,0.0,0.39866092801094055,1.0,1.0,0.9749444127082825,0.3304855227470398,0.5171495079994202,0.0,-0.015980500727891922,0.7974210977554321,-0.6034231781959534,0.0,0.0,0.0,0.0,0.0,0.0,214.5701141357422,6.081532955169678,16.64954948425293,6.081532955169678,25.0,9.431241035461426,0.0,1.0,0.24326131820678712,0.6659819793701172,0.0,0.0,0.0,0.0,0.0,0.3288003206253052,1.3838767385754809,2.1715754705667494,1.8,0.02,-0.0,-0.09236296214988282,-0.00689837626827312,1.516047420501709,0.15,-0.510493278503418,0.0,0.0,-0.0,0.0,0.0,0.0,0.0,0.35,0.0,0.0,0.0,0.0,0.0,0.0,0.0,0.0,0.25,-0.0,-3.901123046875,0.0,-0.6711996793746948,-0.0,-0.487640380859375,-0.487640380859375,1.5,0.3915754705667496,0.2610503137111664,0.2,0.0,-0.0,-0.0,-0.0,0.8,1.0,-0.0,0.0,-0.0,-0.0,0.0,0.0,0.0,0.32758393499534577,-0.0,-0.0,-0.0,0.02,0.0,0.0,0.0,0.0,0.0,0.0,0.2610503137111664,23.586043319664896,32.4,1.0,0.0,0.0,1.0,2.0,4.0,0.0,1.0,0.0,1.0,0.0,0.0,0.0,0.0,0.0,0.0,0.0,0.0,0.0,0.0,0.0,0.0,0.0,0.0,0.0,0.0,0.0,0.0,0.0,34.7254638671875,217.5827178955078,34.65428161621094,217.27073669433594,-0.0711822509765625,-0.311981201171875,0.31999874114990234,-1.7951183574069187,-0.2224486619234085,-0.9749443531036377,1.0,-13.113847732543945,7.913375377655029,0.0,28.0,28.0,28.0,0.0,0.0,0.0,0.0,0.0,1.0,120.0,1.0,1.0,1.0,0.0,0.0,57.27099999785423,0.6511000683531165,8.162799989804626,39.0671999193728,18.735500052571297,4.0,5.5466999765485525,3.051500068977475,0.7524999091401696,0.000700005330145359
1,135,135,3.1495190566025753,0,0,2.0,4.0,0.6659820079803467,1.0,1.0,0.24326132237911224,0.2561718821525574,0.49807822704315186,1.0,0.9513538479804993,0.3772496283054352,1.0,1.0,1.0,0.24326132237911224,0.6659820079803467,0.24326132237911224,0.3772496283054352,1.0,0.0,0.39937976002693176,1.0,1.0,0.9747368693351746,0.33694347739219666,0.3924100697040558,0.0,-0.006009756587445736,0.7977024912834167,-0.6030511260032654,0.0,0.0,0.0,0.0,0.0,0.0,214.07855224609375,6.081532955169678,16.64954948425293,6.081532955169678,25.0,9.431241035461426,0.0,1.0,0.24326131820678712,0.6659819793701172,0.0,0.0,0.0,0.0,0.0,0.3132138252258301,0.3857631807766929,0.6305420506000519,1.8,0.02,-0.0,-0.09236296214988282,-0.00689837626827312,0.0,0.15,-0.0,0.0,0.0,-0.0,0.0,0.0,0.0,0.0,0.35,0.0,0.0,0.0,0.0,0.0,0.0,0.0,0.0,0.25,-0.0,-3.9324951171875,0.0,-0.6867861747741699,-0.0,-0.4915618896484375,-0.4915618896484375,-0.05,0.4005420506000519,0.2670280337333679,0.2,0.0,-0.0,-0.0,-0.0,0.8,1.0,-0.0,0.0,-0.0,-0.0,0.0,0.0,0.0,0.3350245191948489,-0.0,-0.0,-0.0,0.02,0.0,0.0,0.0,0.0,0.0,0.0,0.2670280337333679,24.121765382029118,32.4,1.0,0.0,0.0,1.0,2.0,4.0,0.0,1.0,0.0,1.0,0.0,0.0,0.0,0.0,0.0,0.0,0.0,0.0,0.0,0.0,0.0,0.0,0.0,0.0,0.0,0.0,0.0,0.0,0.0,34.65427780151367,217.27099609375,34.58280563354492,216.95907592773438,-0.07147216796875,-0.311920166015625,0.32000383734703064,-1.7960440518814413,-0.223356232047081,-0.9747368693351746,1.0,-13.271292686462402,8.121602058410645,0.0,28.0,28.0,28.0,0.0,0.0,0.0,0.0,0.0,1.0,120.0,1.0,1.0,1.0,0.0,0.0,79.28379997611046,0.7482999935746193,15.118899988010526,50.002100062556565,40.69960000924766,4.0,8.81730008404702,3.6368999863043427,0.9211000287905335,0.0004998873919248581
1,136,136,4.1582614187440505,0,0,2.0,4.0,0.6659820079803467,1.0,1.0,0.24326132237911224,0.2561718821525574,0.49807822704315186,1.0,0.9513538479804993,0.3772496283054352,1.0,1.0,1.0,0.24326132237911224,0.6659820079803467,0.24326132237911224,0.3772496283054352,1.0,0.0,0.40012404322624207,1.0,1.0,0.9745233058929443,0.34459665417671204,0.4650365114212036,0.0,-0.006009756587445736,0.7978761792182922,-0.6028213500976562,0.0,0.0,0.0,0.0,0.0,0.0,213.58309936523438,6.212866306304932,17.373138427734375,6.212866306304932,25.0,8.915580749511719,0.0,1.0,0.24851465225219727,0.694925537109375,0.0,0.0,0.0,0.0,0.0,0.2975190281867981,1.4011303607663748,0.6396120297908783,1.8,0.02,-0.0,-0.08841395247346728,-0.008478640977316067,1.5213049507141112,0.15,-0.515660285949707,0.0,0.0,-0.0,0.0,0.0,0.0,0.0,0.35,0.0,0.0,0.0,0.0,0.0,0.0,0.0,0.0,0.25,-0.0,-3.963623046875,0.0,-0.7024809718132019,-0.0,-0.495452880859375,-0.495452880859375,-0.05,0.4096120297908783,0.2730746865272522,0.2,0.0,-0.0,-0.0,-0.0,0.8,1.0,-0.0,0.0,-0.0,-0.0,0.0,0.0,0.0,0.342378289452754,-0.0,-0.0,-0.0,0.02,0.0,0.0,0.0,0.0,0.0,0.0,0.2730746865272522,24.651236840598287,32.4,1.0,0.0,0.0,1.0,2.0,4.0,0.0,1.0,0.0,1.0,0.0,0.0,0.0,0.0,0.0,0.0,0.0,0.0,0.0,0.0,0.0,0.0,0.0,0.0,0.0,0.0,0.0,0.0,0.0,34.582801818847656,216.95933532714844,34.51103210449219,216.64749145507812,-0.07176971435546875,-0.3118438720703125,0.31999608874320984,-1.7970036613244527,-0.224286288022995,-0.9745233058929443,1.0,-13.432083129882812,8.334793090820312,0.0,28.0,28.0,28.0,0.0,0.0,0.0,0.0,0.0,1.0,120.0,1.0,1.0,1.0,0.0,0.0,63.62750008702278,0.6287000142037868,9.260699967853725,45.61620007734746,36.06680000666529,4.0,4.711300018243492,2.6055999333038926,0.7765000918880105,0.000300002284348011
1,137,137,4.280540934265729,0,0,2.0,4.0,0.6949255466461182,1.0,1.0,0.24851465225219727,0.2732667028903961,0.5317708849906921,1.0,0.9670743346214294,0.35662323236465454,1.0,1.0,1.0,0.24851465225219727,0.6949255466461182,0.24851465225219727,0.35662323236465454,1.0,0.0,0.4008941054344177,1.0,1.0,0.9743034839630127,0.3521605134010315,0.45961064100265503,0.0,-0.002500598318874836,0.7979599833488464,-0.6027104258537292,0.0,0.0,0.0,0.0,0.0,0.0,213.08380126953125,6.459657192230225,18.113683700561523,6.459657192230225,25.0,8.389427185058594,0.0,1.0,0.25838628768920896,0.7245473480224609,0.0,0.0,0.0,0.0,0.0,0.28225451707839966,1.5295030654083457,0.648783351778984,1.8,0.02,-0.0,-0.08144511211285348,-0.01046474093935626,1.6469540405273437,0.15,-0.526153564453125,0.0,0.0,-0.0,0.0,0.0,0.0,0.0,0.35,0.0,0.0,0.0,0.0,0.0,0.0,0.0,0.0,0.25,-0.0,-3.994384765625,0.0,-0.7177454829216003,-0.0,-0.499298095703125,-0.499298095703125,-0.05,0.41878335177898407,0.2791889011859894,0.2,0.0,-0.0,-0.0,-0.0,0.8,1.0,-0.0,0.0,-0.0,-0.0,0.0,0.0,0.0,0.35061244238633665,-0.0,-0.0,-0.0,0.02,0.0,0.0,0.0,0.0,0.0,0.0,0.2791889011859894,25.24409585181624,32.4,1.0,0.0,0.0,1.0,2.0,4.0,0.0,1.0,0.0,1.0,0.0,0.0,0.0,0.0,0.0,0.0,0.0,0.0,0.0,0.0,0.0,0.0,0.0,0.0,0.0,0.0,0.0,0.0,0.0,34.51102828979492,216.6477508544922,34.4389533996582,216.33596801757812,-0.07207489013671875,-0.3117828369140625,0.3200052082538605,-1.7979758040239924,-0.22523923218250275,-0.9743034839630127,1.0,-13.596263885498047,8.553000450134277,0.0,28.0,28.0,28.0,0.0,0.0,0.0,0.0,0.0,1.0,120.0,1.0,1.0,1.0,0.0,0.0,49.690700019709766,0.6412999937310815,7.681000046432018,34.195000072941184,19.885399960912764,4.0,3.8874000310897827,2.658999990671873,0.5864000413566828,0.000400003045797348
1,138,138,3.161228341418457,0,0,2.0,4.0,0.7245473265647888,1.0,1.0,0.2583862841129303,0.2910255491733551,0.5664020776748657,1.0,0.9833476543426514,0.3355771005153656,1.0,1.0,1.0,0.2583862841129303,0.7245473265647888,0.2583862841129303,0.3355771005153656,1.0,0.0,0.4016914367675781,1.0,1.0,0.9740771651268005,0.36062994599342346,0.5146345496177673,0.0,-0.000345035718055442,0.7979846000671387,-0.6026778817176819,0.0,0.0,0.0,0.0,0.0,0.0,212.5807647705078,6.459657192230225,18.113683700561523,6.459657192230225,25.0,8.389427185058594,0.0,1.0,0.25838628768920896,0.7245473480224609,0.0,0.0,0.0,0.0,0.0,0.26730167865753174,0.4158478027164455,0.6580788600444794,1.8,0.02,-0.0,-0.08144511211285348,-0.01046474093935626,0.0,0.15,-0.0,0.0,0.0,-0.0,0.0,0.0,0.0,0.0,0.35,0.0,0.0,0.0,0.0,0.0,0.0,0.0,0.0,0.25,-0.0,-4.0242919921875,0.0,-0.7326983213424683,-0.0,-0.5030364990234375,-0.5030364990234375,-0.05,0.42807886004447937,0.2853859066963196,0.2,0.0,-0.0,-0.0,-0.0,0.8,1.0,-0.0,0.0,-0.0,-0.0,0.0,0.0,0.0,0.35775765576865526,-0.0,-0.0,-0.0,0.02,0.0,0.0,0.0,0.0,0.0,0.0,0.2853859066963196,25.75855121534318,32.4,1.0,0.0,0.0,1.0,2.0,4.0,0.0,1.0,0.0,1.0,0.0,0.0,0.0,0.0,0.0,0.0,0.0,0.0,0.0,0.0,0.0,0.0,0.0,0.0,0.0,0.0,0.0,0.0,0.0,34.4389533996582,216.3362274169922,34.3665657043457,216.02452087402344,-0.0723876953125,-0.31170654296875,0.320001482963562,-1.7989819072534878,-0.22621603310108185,-0.9740771055221558,1.0,-13.764018058776855,8.77617073059082,0.0,28.0,28.0,28.0,0.0,0.0,0.0,0.0,0.0,1.0,120.0,1.0,1.0,1.0,0.0,0.0,52.92440007906407,0.5474999779835343,9.781100088730454,33.683400019071996,13.149500009603798,4.0,5.505999899469316,2.6950000319629908,0.6646000547334552,0.000500003807246685
1,139,139,6.723069206527857,0,0,2.0,4.0,0.7245473265647888,1.0,1.0,0.2583862841129303,0.2910255491733551,0.5664020776748657,1.0,0.9833476543426514,0.3355771005153656,1.0,1.0,1.0,0.2583862841129303,0.7245473265647888,0.2583862841129303,0.3355771005153656,1.0,0.0,0.4025173485279083,1.0,1.0,0.973844051361084,0.3679793179035187,0.4465758502483368,0.0,-0.000345035718055442,0.7979947328567505,-0.6026644110679626,0.0,0.0,0.0,0.0,0.0,0.0,212.07411193847656,6.682986736297607,25.0,6.682986736297607,25.0,7.8424859046936035,0.0,1.0,0.2673194694519043,1.0,0.0,0.0,0.0,0.0,0.0,0.2528720498085022,3.9827012396375223,0.6674959170818329,1.8,0.02,-0.0,-0.0756143281226302,-0.013023925809237237,4.145847158432007,0.15,-0.590016760846197,0.0,0.0,-0.0,0.0,0.0,0.0,0.0,0.35,0.0,0.0,0.0,0.0,0.0,0.0,0.0,0.0,0.25,-0.0,-4.05322265625,0.0,-0.7471279501914978,-0.0,-0.50665283203125,-0.50665283203125,-0.05,0.4374959170818329,0.2916639447212219,0.2,0.0,-0.0,-0.0,-0.0,0.8,1.0,-0.0,0.0,-0.0,-0.0,0.0,0.0,0.0,0.3655090959835798,-0.0,-0.0,-0.0,0.02,0.0,0.0,0.0,0.0,0.0,0.0,0.2916639447212219,26.316654910817743,32.4,1.0,0.0,0.0,1.0,2.0,4.0,0.0,1.0,0.0,1.0,0.0,0.0,0.0,0.0,0.0,0.0,0.0,0.0,0.0,0.0,0.0,0.0,0.0,0.0,0.0,0.0,0.0,0.0,0.0,34.3665657043457,216.0247802734375,34.29385757446289,215.71315002441406,-0.0727081298828125,-0.3116302490234375,0.3199998140335083,-1.8000112421104182,-0.22721755504608154,-0.973844051361084,1.0,-13.935516357421875,9.004279136657715,0.0,28.0,28.0,28.0,0.0,0.0,0.0,0.0,0.0,1.0,120.0,1.0,1.0,1.0,0.0,0.0,71.17939996533096,0.5969000048935413,11.413699947297573,49.88679999951273,25.986599968746305,4.0,5.8009999338537455,2.71140004042536,0.7189000025391579,0.000500003807246685
1,140,140,3.1706315532950886,0,0,2.0,4.0,1.0,1.0,1.0,0.2673194706439972,0.3094398081302643,0.602195680141449,1.0,1.0,0.3136994242668152,1.0,1.0,1.0,0.2673194706439972,1.0,0.2673194706439972,0.3136994242668152,1.0,0.0,0.403373658657074,1.0,1.0,0.9736037254333496,0.37595221400260925,0.48446500301361084,0.0,0.0003150803386233747,0.7979817390441895,-0.6026816368103027,0.0,0.0,0.0,0.0,0.0,0.0,211.5639190673828,6.682986736297607,25.0,6.682986736297607,25.0,7.8424859046936035,0.0,1.0,0.2673194694519043,1.0,0.0,0.0,0.0,0.0,0.0,0.23866808414459229,0.43493811047358577,0.6770253586769104,1.8,0.02,-0.0,-0.0756143281226302,-0.013023925809237237,0.0,0.15,-0.0,0.0,0.0,-0.0,0.0,0.0,0.0,0.0,0.35,0.0,0.0,0.0,0.0,0.0,0.0,0.0,0.0,0.25,-0.0,-4.08154296875,0.0,-0.7613319158554077,-0.0,-0.51019287109375,-0.51019287109375,-0.05,0.4470253586769104,0.29801690578460693,0.2,0.0,-0.0,-0.0,-0.0,0.8,1.0,-0.0,0.0,-0.0,-0.0,0.0,0.0,0.0,0.3735763644054532,-0.0,-0.0,-0.0,0.02,0.0,0.0,0.0,0.0,0.0,0.0,0.29801690578460693,26.89749823719263,32.4,1.0,0.0,0.0,1.0,2.0,4.0,0.0,1.0,0.0,1.0,0.0,0.0,0.0,0.0,0.0,0.0,0.0,0.0,0.0,0.0,0.0,0.0,0.0,0.0,0.0,0.0,0.0,0.0,0.0,34.29385757446289,215.71340942382812,34.22081756591797,215.40185546875,-0.07304000854492188,-0.311553955078125,0.32000109553337097,-1.8010754041791552,-0.22824491560459137,-0.9736037254333496,1.0,-14.110980987548828,9.237259864807129,0.0,28.0,28.0,28.0,0.0,0.0,0.0,0.0,0.0,1.0,120.0,1.0,1.0,1.0,0.0,0.0,42.08190005738288,0.5422000540420413,10.579399997368455,23.661499959416687,19.129800028167665,4.0,4.07879997510463,2.5319999549537897,0.6626000395044684,0.000300002284348011
1,141,141,2.7179308766845174,0,0,2.0,4.0,1.0,1.0,1.0,0.2673194706439972,0.3094398081302643,0.602195680141449,1.0,1.0,0.3136994242668152,1.0,1.0,1.0,0.2673194706439972,1.0,0.2673194706439972,0.3136994242668152,1.0,0.0,0.40426138043403625,1.0,1.0,0.9733560681343079,0.3842499852180481,0.504204273223877,0.0,0.0003150803386233747,0.7979105114936829,-0.6027758717536926,0.0,0.0,0.0,0.0,0.0,0.0,211.050048828125,6.964526176452637,25.0,6.964526176452637,25.0,7.347921371459961,0.0,1.0,0.2785810470581055,1.0,0.0,0.0,0.0,0.0,0.0,0.2241135835647583,-0.012859815883308201,0.686677109003067,1.8,0.02,-0.0,-0.068856059306495,-0.015872910690532815,0.1955576801300049,0.15,-0.6558120145114117,0.0,0.0,-0.0,0.0,0.0,0.0,0.0,0.35,0.0,0.0,0.0,0.0,0.0,0.0,0.0,0.0,0.25,-0.0,-4.1109619140625,0.0,-0.7758864164352417,-0.0,-0.5138702392578125,-0.5138702392578125,-0.05,0.456677109003067,0.3044514060020447,0.2,0.0,-0.0,-0.0,-0.0,0.8,1.0,-0.0,0.0,-0.0,-0.0,0.0,0.0,0.0,0.3821234884951264,-0.0,-0.0,-0.0,0.02,0.0,0.0,0.0,0.0,0.0,0.0,0.3044514060020447,27.512891171649102,32.4,1.0,0.0,0.0,1.0,2.0,4.0,0.0,1.0,0.0,1.0,0.0,0.0,0.0,0.0,0.0,0.0,0.0,0.0,0.0,0.0,0.0,0.0,0.0,0.0,0.0,0.0,0.0,0.0,0.0,34.22081756591797,215.40211486816406,34.14744186401367,215.09063720703125,-0.07337570190429688,-0.3114776611328125,0.3200036287307739,-1.8021511581784129,-0.22929885983467102,-0.9733560085296631,1.0,-14.290547370910645,9.475104331970215,0.0,28.0,28.0,28.0,0.0,0.0,0.0,0.0,0.0,1.0,120.0,1.0,1.0,1.0,0.0,0.0,57.98739998135716,0.7637999951839447,11.231299955397844,37.898599985055625,20.044200005941093,4.0,4.041000036522746,3.3082999289035797,0.7158999796956778,0.000400003045797348
1,142,142,3.180861243307358,0,0,2.0,4.0,1.0,1.0,1.0,0.27858105301856995,0.32836708426475525,0.6388871073722839,1.0,1.0,0.29391685128211975,1.0,1.0,1.0,0.27858105301856995,1.0,0.27858105301856995,0.29391685128211975,1.0,0.0,0.405180424451828,1.0,1.0,0.9731007814407349,0.39304131269454956,0.5341952443122864,0.0,0.00316829071380198,0.7977641224861145,-0.6029697060585022,0.0,0.0,0.0,0.0,0.0,0.0,210.53244018554688,6.964526176452637,25.0,6.964526176452637,25.0,7.347921371459961,0.0,1.0,0.2785810470581055,1.0,0.0,0.0,0.0,0.0,0.0,0.2090592384338379,0.45534654527879326,0.6964554595947265,1.8,0.02,-0.0,-0.068856059306495,-0.015872910690532815,0.0,0.15,-0.0,0.0,0.0,-0.0,0.0,0.0,0.0,0.0,0.35,0.0,0.0,0.0,0.0,0.0,0.0,0.0,0.0,0.25,-0.0,-4.140869140625,0.0,-0.7909407615661621,-0.0,-0.517608642578125,-0.517608642578125,-0.05,0.46645545959472656,0.3109703063964844,0.2,0.0,-0.0,-0.0,-0.0,0.8,1.0,-0.0,0.0,-0.0,-0.0,0.0,0.0,0.0,0.39007551527582107,-0.0,-0.0,-0.0,0.02,0.0,0.0,0.0,0.0,0.0,0.0,0.3109703063964844,28.085437099859117,32.4,1.0,0.0,0.0,1.0,2.0,4.0,0.0,1.0,0.0,1.0,0.0,0.0,0.0,0.0,0.0,0.0,0.0,0.0,0.0,0.0,0.0,0.0,0.0,0.0,0.0,0.0,0.0,0.0,0.0,34.14744186401367,215.0908966064453,34.0737190246582,214.77951049804688,-0.07372283935546875,-0.3113861083984375,0.31999433040618896,-1.8032726820294458,-0.23037971556186676,-0.9731007814407349,1.0,-14.47420883178711,9.71791934967041,0.0,28.0,28.0,28.0,0.0,0.0,0.0,0.0,0.0,1.0,120.0,1.0,1.0,1.0,0.0,0.0,30.082099954597652,0.4654999356716871,7.989300065673888,14.29869991261512,10.232199914753437,4.0,4.284300026483834,2.341899904422462,0.672800000756979,0.000400003045797348
1,143,143,3.4016244056716953,0,0,2.0,4.0,1.0,1.0,1.0,0.27858105301856995,0.32836708426475525,0.6388871073722839,1.0,1.0,0.29391685128211975,1.0,1.0,1.0,0.27858105301856995,1.0,0.27858105301856995,0.29391685128211975,1.0,0.0,0.4061303436756134,1.0,1.0,0.9728378653526306,0.40122053027153015,0.49700167775154114,0.0,0.00316829071380198,0.7976264357566833,-0.603151798248291,0.0,0.0,0.0,0.0,0.0,0.0,210.0107879638672,7.281671047210693,25.0,7.281671047210693,25.0,7.318619251251221,0.0,1.0,0.2912668418884277,1.0,0.0,0.0,0.0,0.0,0.0,0.19298481941223145,0.6822883847251926,0.7063512015342712,1.8,0.02,-0.0,-0.061965371910205104,-0.016060049234207247,0.2519577693939209,0.15,-0.03928507051261931,0.0,0.0,-0.0,0.0,0.0,0.0,0.0,0.35,0.0,0.0,0.0,0.0,0.0,0.0,0.0,0.0,0.25,-0.0,-4.1732177734375,0.0,-0.8070151805877686,-0.0,-0.5216522216796875,-0.5216522216796875,-0.05,0.47635120153427124,0.31756746768951416,0.2,0.0,-0.0,-0.0,-0.0,0.8,1.0,-0.0,0.0,-0.0,-0.0,0.0,0.0,0.0,0.3976411069883034,-0.0,-0.0,-0.0,0.02,0.0,0.0,0.0,0.0,0.0,0.0,0.31756746768951416,28.630159703157844,32.4,1.0,0.0,0.0,1.0,2.0,4.0,0.0,1.0,0.0,1.0,0.0,0.0,0.0,0.0,0.0,0.0,0.0,0.0,0.0,0.0,0.0,0.0,0.0,0.0,0.0,0.0,0.0,0.0,0.0,34.0737190246582,214.77976989746094,33.99964141845703,214.4684600830078,-0.07407760620117188,-0.311309814453125,0.320002019405365,-1.8044064224887142,-0.23148755729198456,-0.9728378653526306,1.0,-14.6619234085083,9.965842247009277,0.0,28.0,28.0,28.0,0.0,0.0,0.0,0.0,0.0,1.0,120.0,1.0,1.0,1.0,0.0,0.0,67.10109999403358,0.7545999251306057,10.954700061120093,46.911400044336915,26.634099893271923,4.0,4.723799997009337,3.0505999457091093,0.6622000364586711,0.000500003807246685
1,144,144,3.537011708688128,0,0,2.0,4.0,1.0,1.0,1.0,0.2912668287754059,0.3479253649711609,0.6764793395996094,1.0,1.0,0.2927447557449341,1.0,1.0,1.0,0.2912668287754059,1.0,0.2912668287754059,0.2927447557449341,1.0,0.0,0.4071095883846283,1.0,1.0,0.9725672006607056,0.40900227427482605,0.4728494882583618,0.0,0.002145168837159872,0.7975285053253174,-0.6032812595367432,0.0,0.0,0.0,0.0,0.0,0.0,209.4849853515625,7.446779727935791,25.0,7.639684677124023,25.0,7.446779727935791,0.0,1.0,0.29787118911743166,1.0,0.0,0.0,0.0,0.0,0.0,0.17632263898849487,0.8243458796256659,0.716343190073967,1.8,0.02,-0.0,-0.05501368374634683,-0.015257490815680026,0.33767509460449224,0.15,-0.0,0.0,0.0,-0.0,0.0,0.0,0.0,0.0,0.35,0.0,0.0,0.0,0.0,0.0,0.0,0.0,0.0,0.25,-0.0,-4.2064208984375,0.0,-0.8236773610115051,-0.0,-0.5258026123046875,-0.5258026123046875,-0.05,0.486343190073967,0.32422879338264465,0.2,0.0,-0.0,-0.0,-0.0,0.8,1.0,-0.0,0.0,-0.0,-0.0,0.0,0.0,0.0,0.4069419595832005,-0.0,-0.0,-0.0,0.02,0.0,0.0,0.0,0.0,0.0,0.0,0.32422879338264465,29.299821089990438,32.4,1.0,0.0,0.0,1.0,2.0,4.0,0.0,1.0,0.0,1.0,0.0,0.0,0.0,0.0,0.0,0.0,0.0,0.0,0.0,0.0,0.0,0.0,0.0,0.0,0.0,0.0,0.0,0.0,0.0,33.99964141845703,214.46871948242188,33.925201416015625,214.15750122070312,-0.07444000244140625,-0.31121826171875,0.31999707221984863,-1.805574395988855,-0.23262210190296173,-0.9725672006607056,1.0,-14.853507041931152,10.219110488891602,0.0,28.0,28.0,28.0,0.0,0.0,0.0,0.0,0.0,1.0,120.0,1.0,1.0,1.0,0.0,0.0,50.98149995319545,0.6056999554857612,11.794700054451823,28.951200074516237,16.087900032289326,4.0,5.200000014156103,3.661000053398311,0.7270999485626817,0.000300002284348011
1,145,145,3.2013044556939483,0,0,2.0,4.0,1.0,1.0,1.0,0.30558738112449646,0.36833152174949646,0.7159082293510437,1.0,1.0,0.2978712022304535,1.0,1.0,1.0,0.2978712022304535,1.0,0.30558738112449646,0.2978712022304535,1.0,0.0,0.40811726450920105,1.0,1.0,0.9722887277603149,0.418568879365921,0.5813032984733582,0.0,0.0019169553415849805,0.7974234223365784,-0.6034201383590698,0.0,0.0,0.0,0.0,0.0,0.0,208.9750213623047,7.446779727935791,25.0,7.639684677124023,25.0,7.446779727935791,0.0,1.0,0.29787118911743166,1.0,0.0,0.0,0.0,0.0,0.0,0.16031795740127563,0.494533347185838,0.7264531511068344,1.8,0.02,-0.0,-0.05501368374634683,-0.015257490815680026,0.0,0.15,-0.0,0.0,0.0,-0.0,0.0,0.0,0.0,0.0,0.35,0.0,0.0,0.0,0.0,0.0,0.0,0.0,0.0,0.25,-0.0,-4.0797119140625,0.0,-0.8396820425987244,-0.0,-0.5099639892578125,-0.5099639892578125,-0.05,0.4964531511068344,0.3309687674045563,0.2,0.0,-0.0,-0.0,-0.0,0.8,1.0,-0.0,0.0,-0.0,-0.0,0.0,0.0,0.0,0.41480452174786486,-0.0,-0.0,-0.0,0.02,0.0,0.0,0.0,0.0,0.0,0.0,0.3309687674045563,29.86592556584627,32.4,1.0,0.0,0.0,1.0,2.0,4.0,0.0,1.0,0.0,1.0,0.0,0.0,0.0,0.0,0.0,0.0,0.0,0.0,0.0,0.0,0.0,0.0,0.0,0.0,0.0,0.0,0.0,0.0,0.0,33.925201416015625,214.1577606201172,33.96199035644531,213.8398895263672,0.0367889404296875,-0.31787109375,0.31999289989471436,-1.4555735567486505,-0.23262180387973785,-0.9725672602653503,0.0,-14.853507041931152,10.219110488891602,0.0,28.0,28.0,28.0,0.0,1.0,26.0,1.0,0.0,1.0,119.0,1.0,0.0,3.0,0.0,0.04,24.42270005121827,0.4097999772056937,8.152900030836463,9.022700018249452,5.909199942834675,4.0,4.257200052961707,1.8693000311031938,0.6873999955132604,0.000500003807246685
1,146,146,3.616069108515162,0,0,2.0,4.0,1.0,1.0,1.0,0.30558738112449646,0.36833152174949646,0.7159082293510437,1.0,1.0,0.2978712022304535,1.0,1.0,1.0,0.2978712022304535,1.0,0.30558738112449646,0.2978712022304535,1.0,0.0,0.4100879430770874,1.0,1.0,0.971877932548523,0.4266560673713684,0.49141013622283936,0.0,0.0019169553415849805,0.7973332405090332,-0.6035392880439758,0.0,0.0,0.0,0.0,0.0,0.0,208.47625732421875,7.616339206695557,25.0,8.059494972229004,25.0,7.616339206695557,0.0,1.0,0.30465356826782225,1.0,0.0,0.0,0.0,0.0,0.0,0.1451321244239807,0.9142681929162931,0.7366687911748886,1.8,0.02,-0.0,-0.04785159578812469,-0.01425698257519299,0.40367202758789067,0.15,-0.0,0.0,0.0,-0.0,0.0,0.0,0.0,0.0,0.35,0.0,0.0,0.0,0.0,0.0,0.0,0.0,0.0,0.25,-0.0,-3.9901123046875,0.0,-0.8548678755760193,-0.0,-0.4987640380859375,-0.4987640380859375,-0.05,0.5066687911748886,0.3377791941165924,0.2,0.0,-0.0,-0.0,-0.0,0.8,1.0,-0.0,0.0,-0.0,-0.0,0.0,0.0,0.0,0.4227047436917201,-0.0,-0.0,-0.0,0.02,0.0,0.0,0.0,0.0,0.0,0.0,0.3377791941165924,30.434741545803845,32.4,1.0,0.0,0.0,1.0,2.0,4.0,0.0,1.0,0.0,1.0,0.0,0.0,0.0,0.0,0.0,0.0,0.0,0.0,0.0,0.0,0.0,0.0,0.0,0.0,0.0,0.0,0.0,0.0,0.0,33.962432861328125,213.84034729003906,34.03609848022461,213.52894592285156,0.07366561889648438,-0.3114013671875,0.3199959993362427,-1.338504968244503,-0.23313292860984802,-0.9724448919296265,0.0,-14.853507041931152,10.219110488891602,0.0,28.0,28.0,28.0,0.0,1.0,25.0,0.0,0.0,1.0,118.0,1.0,0.0,3.0,0.0,0.08,47.381000011228025,0.6111999973654747,5.19449997227639,32.41340001113713,16.116500017233193,4.0,4.850000026635826,3.582300036214292,0.6920999148860574,0.000400003045797348
1,147,147,3.217266894189757,0,0,2.0,4.0,1.0,1.0,1.0,0.32237979769706726,0.38956013321876526,1.0,1.0,1.0,0.3046535551548004,1.0,1.0,1.0,0.3046535551548004,1.0,0.32237979769706726,0.3046535551548004,1.0,0.0,0.412399560213089,1.0,1.0,0.9714170694351196,0.4347820281982422,0.49376386404037476,0.0,0.0013115110341459513,0.7972596883773804,-0.6036365032196045,0.0,0.0,0.0,0.0,0.0,0.0,207.97413635253906,7.616339206695557,25.0,8.059494972229004,25.0,7.616339206695557,0.0,1.0,0.30465356826782225,1.0,0.0,0.0,0.0,0.0,0.0,0.13092732429504395,0.5193640329522308,0.746975536942482,1.8,0.02,-0.0,-0.04785159578812469,-0.01425698257519299,0.0,0.15,-0.0,0.0,0.0,-0.0,0.0,0.0,0.0,0.0,0.35,0.0,0.0,0.0,0.0,0.0,0.0,0.0,0.0,0.25,-0.0,-4.0169677734375,0.0,-0.869072675704956,-0.0,-0.5021209716796875,-0.5021209716796875,-0.05,0.516975536942482,0.34465035796165466,0.2,0.0,-0.0,-0.0,-0.0,0.8,1.0,-0.0,0.0,-0.0,-0.0,0.0,0.0,0.0,0.4314726113155485,-0.0,-0.0,-0.0,0.02,0.0,0.0,0.0,0.0,0.0,0.0,0.34465035796165466,31.06602801471949,32.4,1.0,0.0,0.0,1.0,2.0,4.0,0.0,1.0,0.0,1.0,0.0,0.0,0.0,0.0,0.0,0.0,0.0,0.0,0.0,0.0,0.0,0.0,0.0,0.0,0.0,0.0,0.0,0.0,0.0,34.03646469116211,213.52923583984375,34.11012268066406,213.21783447265625,0.07365798950195312,-0.3114013671875,0.3199942409992218,-1.338528172097025,-0.23380495607852936,-0.9722834825515747,0.0,-14.853507041931152,10.219110488891602,0.0,28.0,28.0,28.0,0.0,1.0,25.0,0.0,0.0,1.0,117.0,1.0,0.0,3.0,0.0,0.12,28.7936000386253,0.6958000594750047,5.146100069396198,15.570199931971729,10.720600024797022,4.0,4.311600001528859,2.181299962103367,0.8591000223532319,0.000300002284348011
1,148,148,3.6992717907942896,0,0,2.0,4.0,1.0,1.0,1.0,0.32237979769706726,0.38956013321876526,1.0,1.0,1.0,0.3046535551548004,1.0,1.0,1.0,0.3046535551548004,1.0,0.32237979769706726,0.3046535551548004,1.0,0.0,0.4147459864616394,1.0,1.0,0.9709441065788269,0.4438003897666931,0.5479917526245117,0.0,0.0013115110341459513,0.7971734404563904,-0.6037503480911255,0.0,0.0,0.0,0.0,0.0,0.0,207.46875,7.878267288208008,25.0,8.513922691345215,25.0,7.878267288208008,0.0,1.0,0.3151306915283203,1.0,0.0,0.0,0.0,0.0,0.0,0.11687344312667847,1.0050184325493934,0.7573799151182175,1.8,0.02,-0.0,-0.041149158637294875,-0.01283884780436674,0.4683134078979493,0.15,-0.0,0.0,0.0,-0.0,0.0,0.0,0.0,0.0,0.35,0.0,0.0,0.0,0.0,0.0,0.0,0.0,0.0,0.25,-0.0,-4.0430908203125,0.0,-0.8831265568733215,-0.0,-0.5053863525390625,-0.5053863525390625,-0.05,0.5273799151182175,0.35158661007881165,0.2,0.0,-0.0,-0.0,-0.0,0.8,1.0,-0.0,0.0,-0.0,-0.0,0.0,0.0,0.0,0.4406930310931057,-0.0,-0.0,-0.0,0.02,0.0,0.0,0.0,0.0,0.0,0.0,0.35158661007881165,31.729898238703612,32.4,1.0,0.0,0.0,1.0,2.0,4.0,0.0,1.0,0.0,1.0,0.0,0.0,0.0,0.0,0.0,0.0,0.0,0.0,0.0,0.0,0.0,0.0,0.0,0.0,0.0,0.0,0.0,0.0,0.0,34.11026382446289,213.2180938720703,34.18391418457031,212.9066925048828,0.07365036010742188,-0.3114013671875,0.3199924826622009,-1.338551375948439,-0.234477698802948,-0.9721214771270752,0.0,-14.853507041931152,10.219110488891602,0.0,28.0,28.0,28.0,0.0,1.0,25.0,0.0,0.0,1.0,116.0,1.0,0.0,3.0,0.0,0.16,46.35930003132671,0.6064999615773559,5.3122000535950065,32.56239998154342,16.85210003051907,4.0,4.803700023330748,2.590599935501814,0.4539000801742077,0.000400003045797348
1,149,149,4.785389881924917,0,0,2.0,4.0,1.0,1.0,1.0,0.34055691957473755,0.41145703196525574,1.0,1.0,1.0,0.31513068079948425,1.0,1.0,1.0,0.31513068079948425,1.0,0.34055691957473755,0.31513068079948425,1.0,0.0,0.41712862253189087,1.0,1.0,0.9704586863517761,0.45328426361083984,0.5762762427330017,0.0,0.003526667831465602,0.7970097064971924,-0.603966474533081,0.0,0.0,0.0,0.0,0.0,0.0,206.9600372314453,7.878267288208008,25.0,8.513922691345215,25.0,7.878267288208008,0.0,1.0,0.3151306915283203,1.0,0.0,0.0,0.0,0.0,0.0,0.10263854265213013,0.5448537673514398,2.3178975719213484,1.8,0.02,-0.0,-0.041149158637294875,-0.01283884780436674,0.0,0.15,-0.0,0.0,0.0,-0.0,0.0,0.0,0.0,0.0,0.35,0.0,0.0,0.0,0.0,0.0,0.0,0.0,0.0,0.25,-0.0,-4.0697021484375,0.0,-0.8973614573478699,-0.0,-0.5087127685546875,-0.5087127685546875,1.5,0.5378975719213486,0.35859838128089905,0.2,0.0,-0.0,-0.0,-0.0,0.8,1.0,-0.0,0.0,-0.0,-0.0,0.0,0.0,0.0,0.44884177379310136,-0.0,-0.0,-0.0,0.02,0.0,0.0,0.0,0.0,0.0,0.0,0.35859838128089905,32.316607713103295,32.4,1.0,0.0,0.0,1.0,2.0,4.0,0.0,1.0,0.0,1.0,0.0,0.0,0.0,0.0,0.0,0.0,0.0,0.0,0.0,0.0,0.0,0.0,0.0,0.0,0.0,0.0,0.0,0.0,0.0,34.18391036987305,212.9069366455078,34.25756072998047,212.5955352783203,0.07365036010742188,-0.3114013671875,0.3199924826622009,-1.338551375948439,-0.2351515144109726,-0.9719587564468384,0.0,-14.853507041931152,10.219110488891602,0.0,28.0,28.0,28.0,0.0,1.0,25.0,0.0,0.0,1.0,115.0,1.0,0.0,3.0,0.0,0.2,23.319500032812357,0.41259999852627516,2.8179000364616513,14.621000038459897,8.819299982860684,4.0,2.841099980287254,1.9259999971836805,0.6803000578656793,0.000500003807246685
1,150,150,3.6997980684072735,0,0,2.0,4.0,1.0,1.0,1.0,0.34055691957473755,0.41145703196525574,1.0,1.0,1.0,0.31513068079948425,1.0,1.0,1.0,0.31513068079948425,1.0,0.34055691957473755,0.31513068079948425,1.0,0.0,0.4195483922958374,1.0,1.0,0.9699602723121643,0.4616658389568329,0.5092964172363281,0.0,0.003526667831465602,0.7968485951423645,-0.6041790246963501,0.0,0.0,0.0,0.0,0.0,0.0,206.44776916503906,8.28090763092041,25.0,8.981642723083496,25.0,8.28090763092041,0.0,1.0,0.3312363052368164,1.0,0.0,0.0,0.0,0.0,0.0,0.08725851774215698,1.0962380138652847,0.7785090613365173,1.7177924754633143,0.02,-0.0,-0.03523311645783143,-0.010928995798822177,0.5352321624755859,0.15,-0.0,0.0,0.0,-0.0,0.0,0.0,0.0,0.0,0.35,0.0,0.0,0.0,0.0,0.0,0.0,0.0,0.0,0.25,-0.0,-4.09814453125,0.0,-0.912741482257843,-0.0,-0.51226806640625,-0.51226806640625,-0.05,0.5485090613365173,0.3656727075576782,0.2,0.0,-0.0,-0.0,-0.0,0.8,1.0,-0.0,0.0,-0.0,-0.0,0.0,0.0,0.0,0.45716796364635237,-0.0,-0.0,-0.08220752453668567,0.02,0.0,0.0,0.0,0.0,0.0,0.0,0.3656727075576782,32.91609338253737,32.4,1.0,0.0,0.0,1.0,2.0,4.0,0.0,1.0,0.0,1.0,0.0,0.0,0.0,0.0,0.0,0.0,0.0,0.0,0.0,0.0,0.0,0.0,0.0,0.0,0.0,0.0,0.0,0.0,0.0,34.25749969482422,212.59576416015625,34.33115005493164,212.28436279296875,0.07365036010742188,-0.3114013671875,0.3199924826622009,-1.338551375948439,-0.2358267903327942,-0.9717950820922852,0.0,-14.853507041931152,10.219110488891602,0.0,28.0,28.0,28.0,0.0,1.0,25.0,0.0,0.0,1.0,114.0,1.0,0.0,3.0,0.0,0.24,48.38629998266697,0.5845000268891454,4.090299946255982,35.26030003558844,25.517000001855195,4.0,4.680100013501942,2.9723000479862094,0.7724999450147152,0.000500003807246685
1,151,151,3.710269337999759,0,0,2.0,4.0,1.0,1.0,1.0,0.3592657148838043,0.4339269995689392,1.0,1.0,1.0,0.3312363028526306,1.0,1.0,1.0,0.3312363028526306,1.0,0.3592657148838043,0.3312363028526306,1.0,0.0,0.4220033884048462,1.0,1.0,0.9694487452507019,0.4702298939228058,0.5203868746757507,0.0,0.0025257919915020466,0.7967405915260315,-0.6043214797973633,0.0,0.0,0.0,0.0,0.0,0.0,205.93820190429688,8.47650146484375,25.0,9.462152481079102,25.0,8.47650146484375,0.0,1.0,0.33906005859375,1.0,0.0,0.0,0.0,0.0,0.0,0.09680294990539551,1.0193735839008669,0.7740928041934967,1.8,0.02,-0.0,-0.030043482630073604,-0.010106531406136873,0.46264533996582036,0.15,-0.0,0.0,0.0,-0.0,0.0,0.0,0.0,0.0,0.35,0.0,0.0,0.0,0.0,0.0,0.0,0.0,0.0,0.25,-0.0,-4.0765380859375,0.0,-0.9031970500946045,-0.0,-0.5095672607421875,-0.5095672607421875,-0.05,0.5440928041934967,0.3627285361289978,0.2,0.0,-0.0,-0.0,-0.0,0.8,1.0,-0.0,0.0,-0.0,-0.0,0.0,0.0,0.0,0.44687825797125696,-0.0,-0.0,-0.0,0.02,0.0,0.0,0.0,0.0,0.0,0.0,0.3627285361289978,32.1752345739305,32.4,0.0,0.6,0.0,1.0,2.0,4.0,0.0,1.0,0.0,1.0,0.0,0.0,0.0,0.0,0.0,0.0,0.0,0.0,0.0,0.0,0.0,0.0,0.0,0.0,0.0,0.0,0.0,0.0,0.0,34.33106231689453,212.2845916748047,34.40471267700195,211.9731903076172,0.07365036010742188,-0.3114013671875,0.3199924826622009,-1.338551375948439,-0.2365037053823471,-0.9716305732727051,0.0,-14.853507041931152,10.219110488891602,0.0,28.0,28.0,28.0,0.0,1.0,25.0,0.0,0.0,1.0,113.0,1.0,0.0,3.0,0.0,0.28,72.2344999667257,0.5004999693483114,3.530199988745153,56.51010002475232,19.150499952957034,4.0,7.408399949781597,3.423399990424514,0.824799994006753,0.000400003045797348
1,152,152,2.6364206242197805,0,0,2.0,3.0,1.0,1.0,1.0,0.37848609685897827,0.4571235775947571,1.0,1.0,1.0,0.33906006813049316,1.0,1.0,1.0,0.33906006813049316,1.0,0.37848609685897827,0.33906006813049316,1.0,0.0,0.4244431257247925,1.0,1.0,0.9689331650733948,0.45964619517326355,-0.6431065797805786,0.0,-0.00037777586840093136,0.7967801690101624,-0.60426926612854,0.0,0.0,0.0,0.0,0.0,0.0,205.42930603027344,8.47650146484375,25.0,9.462152481079102,25.0,8.47650146484375,0.0,1.0,0.33906005859375,1.0,0.0,0.0,0.0,0.0,0.0,0.09822499752044678,0.562162553207142,0.7495898443460465,1.2064432291461453,0.02,-0.0,-0.030043482630073604,-0.010106531406136873,0.0,0.15,-0.0,0.0,0.0,-0.0,0.0,0.0,0.0,0.0,0.35,0.0,0.0,0.0,0.0,0.0,0.0,0.0,0.0,0.25,-0.0,-4.0711669921875,0.0,-0.9017750024795532,-0.0,-0.5088958740234375,-0.5088958740234375,-0.05,0.5435898452997208,0.36239323019981384,0.2,0.0,-0.0,-0.0,-0.0,0.5599999904632569,0.699999988079071,-0.0,0.0,-0.0,-0.0,0.0,0.0,0.0,0.45231256724335256,-0.04500000178813934,-0.0,-0.008556747608043277,0.02,0.0,0.0,0.0,0.0,0.0,0.0,0.36239323019981384,32.56650484152138,32.4,0.7326086850269979,0.0,0.0,0.699999988079071,2.0,3.0,0.0,0.699999988079071,0.0,0.699999988079071,0.0,0.0,0.0,0.0,0.0,0.0,0.0,0.0,0.0,0.0,0.0,0.0,0.0,0.0,0.0,0.0,0.0,0.0,0.0,34.40461349487305,211.97341918945312,34.478267669677734,211.66201782226562,0.0736541748046875,-0.3114013671875,0.31999334692955017,-1.3385397667723435,-0.23718228936195374,-0.9714651107788086,0.0,-14.853507041931152,10.219110488891602,0.0,28.0,28.0,28.0,0.0,1.0,25.0,0.0,0.0,1.0,112.0,1.0,0.0,3.0,0.0,0.32,25.770499953068793,0.7111999439075589,5.642300006002188,12.164400075562298,7.158100022934377,4.0,4.029200063087046,2.646000008098781,0.5519998958334327,0.000300002284348011
1,153,153,3.7945257476255043,0,0,2.0,4.0,1.0,1.0,1.0,0.37848609685897827,0.4571235775947571,1.0,1.0,1.0,0.33906006813049316,1.0,1.0,1.0,0.33906006813049316,1.0,0.37848609685897827,0.33906006813049316,1.0,0.0,0.42687729001045227,1.0,1.0,0.9684115648269653,0.46523576974868774,0.33964434266090393,0.0,-0.00037777586840093136,0.7966912984848022,-0.6043864488601685,0.0,0.0,0.0,0.0,0.0,0.0,204.92373657226562,8.973987579345703,25.0,9.940959930419922,25.0,8.973987579345703,0.0,1.0,0.35895950317382813,1.0,0.0,0.0,0.0,0.0,0.0,0.11033964157104492,1.1408544650956738,0.7683316427469253,1.7549999982118607,0.02,-0.0,-0.02563636719740771,-0.008282852740351794,0.5820404052734376,0.15,-0.0,0.0,0.0,-0.0,0.0,0.0,0.0,0.0,0.35,0.0,0.0,0.0,0.0,0.0,0.0,0.0,0.0,0.25,-0.0,-4.0445556640625,0.0,-0.8896603584289551,-0.0,-0.5055694580078125,-0.5055694580078125,-0.05,0.5383316427469254,0.35888776183128357,0.2,0.0,-0.0,-0.0,-0.0,0.8,1.0,-0.0,0.0,-0.0,-0.0,0.0,0.0,0.0,0.44273327975999566,-0.04500000178813934,-0.0,-0.0,0.02,0.0,0.0,0.0,0.0,0.0,0.0,0.35888776183128357,31.876796142719687,32.4,0.0,0.6,0.0,1.0,2.0,4.0,0.0,1.0,0.0,1.0,0.0,0.0,0.0,0.0,0.0,0.0,0.0,0.0,0.0,0.0,0.0,0.0,0.0,0.0,0.0,0.0,0.0,0.0,0.0,34.4781608581543,211.66224670410156,34.551815032958984,211.35084533691406,0.0736541748046875,-0.3114013671875,0.31999334692955017,-1.3385397667723435,-0.23786263167858124,-0.9712988138198853,0.0,-14.853507041931152,10.219110488891602,0.0,28.0,28.0,28.0,0.0,1.0,25.0,0.0,0.0,1.0,111.0,1.0,0.0,3.0,0.0,0.36,49.363499972969294,0.5081999115645885,4.683700040914118,37.47620002832264,18.11279996763915,4.0,4.003800102509558,2.2254999494180083,0.42719999328255653,0.000400003045797348
1,154,154,2.6565735666084787,0,0,2.0,3.0,1.0,1.0,1.0,0.3976384103298187,0.4802301824092865,1.0,1.0,1.0,0.35895949602127075,1.0,1.0,1.0,0.35895949602127075,1.0,0.3976384103298187,0.35895949602127075,1.0,0.0,0.42929601669311523,1.0,1.0,0.967886209487915,0.4553827941417694,-0.5987054705619812,0.0,-0.0011957695242017508,0.7967408299446106,-0.6043211221694946,0.0,0.0,0.0,0.0,0.0,0.0,204.4192352294922,8.973987579345703,25.0,9.940959930419922,25.0,8.973987579345703,0.0,1.0,0.35895950317382813,1.0,0.0,0.0,0.0,0.0,0.0,0.11330604553222656,0.5642435519028204,0.7440239924192429,1.2149999767541886,0.02,-0.0,-0.02563636719740771,-0.008282852740351794,0.0,0.15,-0.0,0.0,0.0,-0.0,0.0,0.0,0.0,0.0,0.35,0.0,0.0,0.0,0.0,0.0,0.0,0.0,0.0,0.25,-0.0,-4.0360107421875,0.0,-0.8866939544677734,-0.0,-0.5045013427734375,-0.5045013427734375,-0.05,0.5380239933729172,0.35868266224861145,0.2,0.0,-0.0,-0.0,-0.0,0.5599999904632569,0.699999988079071,-0.0,0.0,-0.0,-0.0,0.0,0.0,0.0,0.44816277184057984,-0.04500000178813934,-0.0,-0.0,0.02,0.0,0.0,0.0,0.0,0.0,0.0,0.35868266224861145,32.26771957252175,32.4,0.7326086850269979,0.0,0.0,0.699999988079071,2.0,3.0,0.0,0.699999988079071,0.0,0.699999988079071,0.0,0.0,0.0,0.0,0.0,0.0,0.0,0.0,0.0,0.0,0.0,0.0,0.0,0.0,0.0,0.0,0.0,0.0,0.0,34.55170822143555,211.35107421875,34.625362396240234,211.0396728515625,0.0736541748046875,-0.3114013671875,0.31999334692955017,-1.3385397667723435,-0.23854468762874603,-0.971131443977356,0.0,-14.853507041931152,10.219110488891602,0.0,28.0,28.0,28.0,0.0,1.0,25.0,0.0,0.0,1.0,110.0,1.0,0.0,3.0,0.0,0.4,27.382400003261864,0.4249999765306711,3.3267999533563852,15.50500001758337,9.454099927097559,4.0,4.409000044688582,2.8456998988986015,0.8377000922337174,0.000400003045797348
1,155,155,3.6530050522871806,0,0,2.0,4.0,1.0,1.0,1.0,0.3976384103298187,0.4802301824092865,1.0,1.0,1.0,0.35895949602127075,1.0,1.0,1.0,0.35895949602127075,1.0,0.3976384103298187,0.35895949602127075,1.0,0.0,0.43171387910842896,1.0,1.0,0.9673541188240051,0.46096742153167725,0.33934324979782104,0.0,-0.0011957695242017508,0.7966301441192627,-0.6044670343399048,0.0,0.0,0.0,0.0,0.0,0.0,203.9119110107422,9.338614463806152,25.0,10.414289474487305,25.0,9.338614463806152,0.0,1.0,0.3735445785522461,1.0,0.0,0.0,0.0,0.0,0.0,0.10071247816085815,1.1035020019656634,0.7778724390268326,1.6509181331338267,0.02,-0.0,-0.021919058018964866,-0.007158759337935502,0.524514389038086,0.15,-0.0,0.0,0.0,-0.0,0.0,0.0,0.0,0.0,0.35,0.0,0.0,0.0,0.0,0.0,0.0,0.0,0.0,0.25,-0.0,-4.05859375,0.0,-0.8992875218391418,-0.0,-0.50732421875,-0.50732421875,-0.05,0.5478724390268326,0.36524829268455505,0.2,0.0,-0.0,-0.0,-0.0,0.8,1.0,-0.0,0.0,-0.0,-0.0,0.0,0.0,0.0,0.45806543028447777,-0.04500000178813934,-0.0,-0.10408186507803387,0.02,0.0,0.0,0.0,0.0,0.0,0.0,0.36524829268455505,32.9807109804824,32.4,1.0,0.0,0.0,1.0,2.0,4.0,0.0,1.0,0.0,1.0,0.0,0.0,0.0,0.0,0.0,0.0,0.0,0.0,0.0,0.0,0.0,0.0,0.0,0.0,0.0,0.0,0.0,0.0,0.0,34.62525177001953,211.03990173339844,34.698909759521484,210.72850036621094,0.07365798950195312,-0.3114013671875,0.3199942409992218,-1.338528172097025,-0.2392285168170929,-0.9709632992744446,0.0,-14.853507041931152,10.219110488891602,0.0,28.0,28.0,28.0,0.0,1.0,25.0,0.0,0.0,1.0,109.0,1.0,0.0,3.0,0.0,0.44,46.779399970546365,0.42890000622719526,4.6802000142633915,34.5774000743404,17.533999984152615,4.0,4.597700084559619,1.8881999421864748,0.5786999827250838,0.000300002284348011
1,156,156,3.274338129170484,0,0,2.0,4.0,1.0,1.0,1.0,0.41657158732414246,0.5029886364936829,1.0,1.0,1.0,0.3735445737838745,1.0,1.0,1.0,0.3735445737838745,1.0,0.41657158732414246,0.3735445737838745,1.0,0.0,0.4341672658920288,1.0,1.0,0.9668083190917969,0.47115302085876465,0.6189161539077759,0.0,0.003841947764158249,0.7964586615562439,-0.6046929955482483,0.0,0.0,0.0,0.0,0.0,0.0,203.40760803222656,9.338614463806152,25.0,10.414289474487305,25.0,9.338614463806152,0.0,1.0,0.3735445785522461,1.0,0.0,0.0,0.0,0.0,0.0,0.11162269115447998,0.5690116882401174,0.7737037497758865,1.8,0.02,-0.0,-0.021919058018964866,-0.007158759337935502,0.0,0.15,-0.0,0.0,0.0,-0.0,0.0,0.0,0.0,0.0,0.35,0.0,0.0,0.0,0.0,0.0,0.0,0.0,0.0,0.25,-0.0,-4.034423828125,0.0,-0.88837730884552,-0.0,-0.504302978515625,-0.504302978515625,-0.05,0.5437037497758865,0.3624691665172577,0.2,0.0,-0.0,-0.0,-0.0,0.8,1.0,-0.0,0.0,-0.0,-0.0,0.0,0.0,0.0,0.44808950559701777,-0.0,-0.0,-0.0,0.02,0.0,0.0,0.0,0.0,0.0,0.0,0.3624691665172577,32.262444402985274,32.4,0.0,0.6,0.0,1.0,2.0,4.0,0.0,1.0,0.0,1.0,0.0,0.0,0.0,0.0,0.0,0.0,0.0,0.0,0.0,0.0,0.0,0.0,0.0,0.0,0.0,0.0,0.0,0.0,0.0,34.69879913330078,210.72872924804688,34.772457122802734,210.41732788085938,0.07365798950195312,-0.3114013671875,0.3199942409992218,-1.338528172097025,-0.23991411924362183,-0.9707940816879272,0.0,-14.853507041931152,10.219110488891602,0.0,28.0,28.0,28.0,0.0,1.0,25.0,0.0,0.0,1.0,108.0,1.0,0.0,3.0,0.0,0.48,24.633900029584765,0.4325000336393714,3.139199921861291,13.671300024725497,9.17989993467927,4.0,4.09690011292696,2.505799988284707,0.7624999852851033,0.000500003807246685
1,157,157,3.651210833099372,0,0,2.0,4.0,1.0,1.0,1.0,0.41657158732414246,0.5029886364936829,1.0,1.0,1.0,0.3735445737838745,1.0,1.0,1.0,0.3735445737838745,1.0,0.41657158732414246,0.3735445737838745,1.0,0.0,0.43661004304885864,1.0,1.0,0.9662576913833618,0.46089205145835876,-0.6234952807426453,0.0,0.003841947764158249,0.7964853644371033,-0.6046578288078308,0.0,0.0,0.0,0.0,0.0,0.0,202.90322875976562,9.431222915649414,25.0,10.88961410522461,25.0,9.431222915649414,0.0,1.0,0.37724891662597654,1.0,0.0,0.0,0.0,0.0,0.0,0.10998314619064331,0.9973208703601754,0.7749500381946564,1.7489567783538968,0.02,-0.0,-0.018731975446591075,-0.006898426267366782,0.41730308532714844,0.15,-0.0,0.0,0.0,-0.0,0.0,0.0,0.0,0.0,0.35,0.0,0.0,0.0,0.0,0.0,0.0,0.0,0.0,0.25,-0.0,-4.0350341796875,0.0,-0.8900168538093567,-0.0,-0.5043792724609375,-0.5043792724609375,-0.05,0.5449500381946564,0.36330002546310425,0.2,0.0,-0.0,-0.0,-0.0,0.8,1.0,-0.0,0.0,-0.0,-0.0,0.0,0.0,0.0,0.4556481867469848,-0.0,-0.0,-0.0510432216461031,0.02,0.0,0.0,0.0,0.0,0.0,0.0,0.36330002546310425,32.8066694457829,32.4,1.0,0.0,0.0,1.0,2.0,4.0,0.0,1.0,0.0,1.0,0.0,0.0,0.0,0.0,0.0,0.0,0.0,0.0,0.0,0.0,0.0,0.0,0.0,0.0,0.0,0.0,0.0,0.0,0.0,34.77234649658203,210.4175567626953,34.84600830078125,210.1061553955078,0.07366180419921875,-0.3114013671875,0.31999510526657104,-1.3385165766412015,-0.24060149490833282,-0.9706239700317383,0.0,-14.853507041931152,10.219110488891602,0.0,28.0,28.0,28.0,0.0,1.0,25.0,0.0,0.0,1.0,107.0,1.0,0.0,3.0,0.0,0.52,49.98370003886521,0.6899000145494938,5.346699967049062,35.756099969148636,28.032500064000487,4.0,5.014099995605648,2.0065000280737877,1.141799963079393,0.000600004568696022
1,158,158,3.953775638809852,0,0,2.0,4.0,1.0,1.0,1.0,0.43558457493782043,0.525897741317749,1.0,1.0,1.0,0.3772489130496979,1.0,1.0,1.0,0.3772489130496979,1.0,0.43558457493782043,0.3772489130496979,1.0,0.0,0.43905264139175415,1.0,1.0,0.9656994938850403,0.4686667025089264,0.47241756319999695,0.0,0.002807374345138669,0.7963369488716125,-0.6048532724380493,0.0,0.0,0.0,0.0,0.0,0.0,202.40155029296875,10.153363227844238,25.0,11.365371704101562,25.0,10.153363227844238,0.0,1.0,0.4061345291137695,1.0,0.0,0.0,0.0,0.0,0.0,0.11945456266403198,1.243579334488563,0.7707417416572571,1.8,0.02,-0.0,-0.016009600559405392,-0.00516774892935237,0.6694622039794922,0.15,-0.0,0.0,0.0,-0.0,0.0,0.0,0.0,0.0,0.35,0.0,0.0,0.0,0.0,0.0,0.0,0.0,0.0,0.25,-0.0,-4.013427734375,0.0,-0.880545437335968,-0.0,-0.501678466796875,-0.501678466796875,-0.05,0.5407417416572571,0.3604944944381714,0.2,0.0,-0.0,-0.0,-0.0,0.8,1.0,-0.0,0.0,-0.0,-0.0,0.0,0.0,0.0,0.4452944799978286,-0.0,-0.0,-0.0,0.02,0.0,0.0,0.0,0.0,0.0,0.0,0.3604944944381714,32.06120255984366,32.4,0.0,0.6,0.0,1.0,2.0,4.0,0.0,1.0,0.0,1.0,0.0,0.0,0.0,0.0,0.0,0.0,0.0,0.0,0.0,0.0,0.0,0.0,0.0,0.0,0.0,0.0,0.0,0.0,0.0,34.84589767456055,210.10638427734375,34.919559478759766,209.79498291015625,0.07366180419921875,-0.3114013671875,0.31999510526657104,-1.3385165766412015,-0.24129065871238708,-0.9704528450965881,0.0,-14.853507041931152,10.219110488891602,0.0,28.0,28.0,28.0,0.0,1.0,25.0,0.0,0.0,1.0,106.0,1.0,0.0,3.0,0.0,0.56,62.89809988811612,0.4363999469205737,3.175599966198206,51.557700033299625,25.466199964284897,4.0,4.658799967728555,2.523800008930266,0.5094000371173024,0.0003998866304755211
1,159,159,3.2796712412686575,0,0,2.0,4.0,1.0,1.0,1.0,0.45461487770080566,0.5488718152046204,1.0,1.0,1.0,0.4061345160007477,1.0,1.0,1.0,0.4061345160007477,1.0,0.45461487770080566,0.4061345160007477,1.0,0.0,0.44148147106170654,1.0,1.0,0.9651368260383606,0.45801717042922974,-0.6471066474914551,0.0,-0.001144446898251772,0.7963798642158508,-0.6047967076301575,0.0,0.0,0.0,0.0,0.0,0.0,201.89993286132812,10.153363227844238,25.0,11.365371704101562,25.0,10.153363227844238,0.0,1.0,0.4061345291137695,1.0,0.0,0.0,0.0,0.0,0.0,0.11841082572937012,0.5815923485043046,0.7719420301914215,1.7877260368435615,0.02,-0.0,-0.016009600559405392,-0.00516774892935237,0.0,0.15,-0.0,0.0,0.0,-0.0,0.0,0.0,0.0,0.0,0.35,0.0,0.0,0.0,0.0,0.0,0.0,0.0,0.0,0.25,-0.0,-4.012939453125,0.0,-0.8815891742706299,-0.0,-0.501617431640625,-0.501617431640625,-0.05,0.5419420301914215,0.361294686794281,0.2,0.0,-0.0,-0.0,-0.0,0.8,1.0,-0.0,0.0,-0.0,-0.0,0.0,0.0,0.0,0.45276969799306244,-0.0,-0.0,-0.012273963156438542,0.02,0.0,0.0,0.0,0.0,0.0,0.0,0.361294686794281,32.599418255500495,32.4,1.0,0.0,0.0,1.0,2.0,4.0,0.0,1.0,0.0,1.0,0.0,0.0,0.0,0.0,0.0,0.0,0.0,0.0,0.0,0.0,0.0,0.0,0.0,0.0,0.0,0.0,0.0,0.0,0.0,34.91944885253906,209.7952117919922,34.99311447143555,209.4838104248047,0.07366561889648438,-0.3114013671875,0.3199959993362427,-1.338504968244503,-0.2419816255569458,-0.9702808856964111,0.0,-14.853507041931152,10.219110488891602,0.0,28.0,28.0,28.0,0.0,1.0,25.0,0.0,0.0,1.0,105.0,1.0,0.0,3.0,0.0,0.6,22.35279988963157,0.5246999207884073,3.8825999945402145,9.054500027559698,5.943199968896806,4.0,4.955100012011826,3.2325000502169132,0.6745000137016177,0.000400003045797348
1,160,160,3.854542928734111,0,0,2.0,4.0,1.0,1.0,1.0,0.45461487770080566,0.5488718152046204,1.0,1.0,1.0,0.4061345160007477,1.0,1.0,1.0,0.4061345160007477,1.0,0.45461487770080566,0.4061345160007477,1.0,0.0,0.44391098618507385,1.0,1.0,0.9645664095878601,0.4657059609889984,0.4672011137008667,0.0,-0.001144446898251772,0.7962689399719238,-0.604942798614502,0.0,0.0,0.0,0.0,0.0,0.0,201.4014434814453,10.609156608581543,25.0,11.84032917022705,25.0,10.609156608581543,0.0,1.0,0.42436626434326175,1.0,0.0,0.0,0.0,0.0,0.0,0.12963229417800903,1.1371984926846497,0.7677121418714523,1.8,0.02,-0.0,-0.01369006873590535,-0.004306475547661187,0.5622833251953125,0.15,-0.0,0.0,0.0,-0.0,0.0,0.0,0.0,0.0,0.35,0.0,0.0,0.0,0.0,0.0,0.0,0.0,0.0,0.25,-0.0,-3.9879150390625,0.0,-0.870367705821991,-0.0,-0.4984893798828125,-0.4984893798828125,-0.05,0.5377121418714523,0.3584747612476349,0.2,0.0,-0.0,-0.0,-0.0,0.8,1.0,-0.0,0.0,-0.0,-0.0,0.0,0.0,0.0,0.4429117117729038,-0.0,-0.0,-0.0,0.02,0.0,0.0,0.0,0.0,0.0,0.0,0.3584747612476349,31.889643247649072,32.4,0.0,0.6,0.0,1.0,2.0,4.0,0.0,1.0,0.0,1.0,0.0,0.0,0.0,0.0,0.0,0.0,0.0,0.0,0.0,0.0,0.0,0.0,0.0,0.0,0.0,0.0,0.0,0.0,0.0,34.993003845214844,209.48403930664062,35.06666946411133,209.17263793945312,0.07366561889648438,-0.3114013671875,0.3199959993362427,-1.338504968244503,-0.24267438054084778,-0.9701078534126282,0.0,-14.853507041931152,10.219110488891602,0.0,28.0,28.0,28.0,0.0,1.0,25.0,0.0,0.0,1.0,104.0,1.0,0.0,3.0,0.0,0.64,47.98659996595234,0.5888999439775944,4.609200055710971,33.117500017397106,16.78379997611046,4.0,5.833700066432357,3.095399937592447,0.6986999651417136,0.000500003807246685
1,161,161,1.9793757286158078,0,0,2.0,2.0,1.0,1.0,1.0,0.4736131727695465,0.5717691779136658,1.0,1.0,1.0,0.4243662655353546,1.0,1.0,1.0,0.4243662655353546,1.0,0.4736131727695465,0.4243662655353546,1.0,0.0,0.4463302493095398,1.0,1.0,0.9639910459518433,0.4555663466453552,-0.616124153137207,0.0,-0.0012615995947271585,0.7963204979896545,-0.6048749089241028,0.0,0.0,0.0,0.0,0.0,0.0,200.90512084960938,10.609156608581543,25.0,11.84032917022705,25.0,10.609156608581543,0.0,1.0,0.42436626434326175,1.0,0.0,0.0,0.0,0.0,0.0,0.1368582844734192,0.5769366463509076,0.7130808049440384,0.5324999928474426,0.02,-0.0,-0.01369006873590535,-0.004306475547661187,0.0,0.15,-0.0,0.0,0.0,-0.0,0.0,0.0,0.0,0.0,0.35,0.0,0.0,0.0,0.0,0.0,0.0,0.0,0.0,0.25,-0.0,-3.9705810546875,0.0,-0.8631417155265808,-0.0,-0.4963226318359375,-0.4963226318359375,-0.05,0.5350808054208755,0.35672053694725037,0.2,0.0,-0.0,-0.0,-0.0,0.27999999523162844,0.3499999940395355,-0.0,0.0,-0.0,-0.0,0.0,0.0,0.0,0.4449331906344742,-0.09749999642372131,-0.0,-0.0,0.02,0.0,0.0,0.0,0.0,0.0,0.0,0.35672053694725037,32.03518972568214,23.26086922832157,0.4206521686004555,0.0,0.0,0.3499999940395355,2.0,2.0,0.0,0.3499999940395355,0.0,0.3499999940395355,0.0,0.0,0.0,0.0,0.0,0.0,0.0,0.0,0.0,0.0,0.0,0.0,0.0,0.0,0.0,0.0,0.0,0.0,0.0,35.066558837890625,209.17286682128906,35.140228271484375,208.86146545410156,0.07366943359375,-0.3114013671875,0.3199968636035919,-1.3384933727895207,-0.24336892366409302,-0.969933807849884,0.0,-14.853507041931152,10.219110488891602,0.0,28.0,28.0,28.0,0.0,1.0,25.0,0.0,0.0,1.0,103.0,1.0,0.0,3.0,0.0,0.68,32.102599972859025,0.6258999928832054,7.5038999784737825,14.761299942620099,10.674600023776293,4.0,4.305599955841899,3.949000034481287,0.9296999778598547,0.000500003807246685
1,162,162,3.2499090934672776,0,0,2.0,3.0,1.0,1.0,1.0,0.4736131727695465,0.5717691779136658,1.0,1.0,1.0,0.4243662655353546,1.0,1.0,1.0,0.4243662655353546,1.0,0.4736131727695465,0.4243662655353546,1.0,0.0,0.4487417936325073,1.0,1.0,0.9634100198745728,0.45764556527137756,0.12634243071079254,0.0,-0.0012615995947271585,0.7962566614151001,-0.6049589514732361,0.0,0.0,0.0,0.0,0.0,0.0,200.40733337402344,11.078083992004395,25.0,12.308329582214355,25.0,11.078083992004395,0.0,1.0,0.4431233596801758,1.0,0.0,0.0,0.0,0.0,0.0,0.1296514868736267,1.147985796333622,0.7475656706094742,1.2047061396505547,0.02,-0.0,-0.011736965948343375,-0.003569940317463422,0.5619712829589845,0.15,-0.0,0.0,0.0,-0.0,0.0,0.0,0.0,0.0,0.35,0.0,0.0,0.0,0.0,0.0,0.0,0.0,0.0,0.25,-0.0,-3.9822998046875,0.0,-0.8703485131263733,-0.0,-0.4977874755859375,-0.4977874755859375,-0.05,0.5415656715631485,0.361043781042099,0.2,0.0,-0.0,-0.0,-0.0,0.5599999904632569,0.699999988079071,-0.0,0.0,-0.0,-0.0,0.0,0.0,0.0,0.45132141964044425,-0.052499999105930326,-0.0,-0.002793839785842917,0.02,0.0,0.0,0.0,0.0,0.0,0.0,0.361043781042099,32.495142214111986,32.4,0.7326086850269979,0.0,0.0,0.699999988079071,2.0,3.0,0.0,0.699999988079071,0.0,0.699999988079071,0.0,0.0,0.0,0.0,0.0,0.0,0.0,0.0,0.0,0.0,0.0,0.0,0.0,0.0,0.0,0.0,0.0,0.0,0.0,35.14011764526367,208.8616943359375,35.21378707885742,208.55029296875,0.07366943359375,-0.3114013671875,0.3199968636035919,-1.3384933727895207,-0.2440652847290039,-0.9697588086128235,0.0,-14.853507041931152,10.219110488891602,0.0,28.0,28.0,28.0,0.0,1.0,25.0,0.0,0.0,1.0,102.0,1.0,0.0,3.0,0.0,0.72,51.118999952450395,0.4930999130010605,5.936700035817921,35.88620002847165,17.98779994715005,4.0,4.715399933047593,3.3201000187546015,0.7334999972954392,0.000400003045797348
1,163,163,3.2590894230374654,0,0,2.0,4.0,1.0,1.0,1.0,0.49233317375183105,0.5942733883857727,1.0,1.0,1.0,0.44312337040901184,1.0,1.0,1.0,0.44312337040901184,1.0,0.49233317375183105,0.44312337040901184,1.0,0.0,0.45117658376693726,1.0,1.0,0.9628166556358337,0.46421632170677185,0.39926430583000183,0.0,0.0025103518273681402,0.7961520552635193,-0.6050966382026672,0.0,0.0,0.0,0.0,0.0,0.0,199.91281127929688,11.078083992004395,25.0,12.308329582214355,25.0,11.078083992004395,0.0,1.0,0.4431233596801758,1.0,0.0,0.0,0.0,0.0,0.0,0.14147323369979858,0.5764628150233586,0.7661533761024475,1.7549999982118607,0.02,-0.0,-0.011736965948343375,-0.003569940317463422,0.0,0.15,-0.0,0.0,0.0,-0.0,0.0,0.0,0.0,0.0,0.35,0.0,0.0,0.0,0.0,0.0,0.0,0.0,0.0,0.25,-0.0,-3.9561767578125,0.0,-0.8585267663002014,-0.0,-0.4945220947265625,-0.4945220947265625,-0.05,0.5361533761024475,0.35743558406829834,0.2,0.0,-0.0,-0.0,-0.0,0.8,1.0,-0.0,0.0,-0.0,-0.0,0.0,0.0,0.0,0.44176972128916536,-0.04500000178813934,-0.0,-0.0,0.02,0.0,0.0,0.0,0.0,0.0,0.0,0.35743558406829834,31.807419932819904,32.4,0.0,0.6,0.0,1.0,2.0,4.0,0.0,1.0,0.0,1.0,0.0,0.0,0.0,0.0,0.0,0.0,0.0,0.0,0.0,0.0,0.0,0.0,0.0,0.0,0.0,0.0,0.0,0.0,0.0,35.21367645263672,208.55052185058594,35.287349700927734,208.23912048339844,0.07367324829101562,-0.3114013671875,0.31999775767326355,-1.338481764390898,-0.24476346373558044,-0.9695827960968018,0.0,-14.853507041931152,10.219110488891602,0.0,28.0,28.0,28.0,0.0,1.0,25.0,0.0,0.0,1.0,101.0,1.0,0.0,3.0,0.0,0.76,69.99630003701895,0.6741000106558204,5.702199996449053,22.841600002720952,10.15510002616793,4.0,19.67890001833439,11.53140002861619,9.528700029477477,0.000500003807246685
1,164,164,5.42677832541246,0,0,2.0,4.0,1.0,1.0,1.0,0.49233317375183105,0.5942733883857727,1.0,1.0,1.0,0.44312337040901184,1.0,1.0,1.0,0.44312337040901184,1.0,0.49233317375183105,0.44312337040901184,1.0,0.0,0.45359447598457336,1.0,1.0,0.9622193574905396,0.4543917179107666,-0.5969811677932739,0.0,0.0025103518273681402,0.796174943447113,-0.6050665378570557,0.0,0.0,0.0,0.0,0.0,0.0,199.41824340820312,11.546238899230957,25.0,12.77828598022461,25.0,11.546238899230957,0.0,1.0,0.46184955596923827,1.0,0.0,0.0,0.0,0.0,0.0,0.13989025354385376,1.1494828641154256,2.3174052077531813,1.8,0.02,-0.0,-0.010059519979033635,-0.0029602890481304927,0.5632270812988281,0.15,-0.0,0.0,0.0,-0.0,0.0,0.0,0.0,0.0,0.35,0.0,0.0,0.0,0.0,0.0,0.0,0.0,0.0,0.25,-0.0,-3.95654296875,0.0,-0.8601097464561462,-0.0,-0.49456787109375,-0.49456787109375,1.5,0.5374052077531815,0.35827013850212097,0.2,0.0,-0.0,-0.0,-0.0,0.8,1.0,-0.0,0.0,-0.0,-0.0,0.0,0.0,0.0,0.4492755918437615,-0.0,-0.0,-0.0,0.02,0.0,0.0,0.0,0.0,0.0,0.0,0.35827013850212097,32.347842612750824,32.4,1.0,0.0,0.0,1.0,2.0,4.0,0.0,1.0,0.0,1.0,0.0,0.0,0.0,0.0,0.0,0.0,0.0,0.0,0.0,0.0,0.0,0.0,0.0,0.0,0.0,0.0,0.0,0.0,0.0,35.28723907470703,208.23934936523438,35.36091232299805,207.92794799804688,0.07367324829101562,-0.3114013671875,0.31999775767326355,-1.338481764390898,-0.24546347558498383,-0.9694058895111084,0.0,-14.853507041931152,10.219110488891602,0.0,28.0,28.0,28.0,0.0,1.0,25.0,0.0,0.0,1.0,100.0,1.0,0.0,3.0,0.0,0.8,134.41599998623133,0.6265999982133508,11.295399977825582,88.18219997920096,38.00109995063394,4.0,25.099300080910325,5.7666999055072665,3.4014000557363033,0.000500003807246685
1,165,165,3.7802534139714408,0,0,2.0,4.0,1.0,1.0,1.0,0.5111314654350281,0.6169442534446716,1.0,1.0,1.0,0.461849570274353,1.0,1.0,1.0,0.461849570274353,1.0,0.5111314654350281,0.461849570274353,1.0,0.0,0.45601215958595276,1.0,1.0,0.9616140723228455,0.46211203932762146,0.4691168963909149,0.0,0.002436272567138076,0.796044111251831,-0.6052386164665222,0.0,0.0,0.0,0.0,0.0,0.0,198.9202423095703,12.022209167480469,25.0,13.254215240478516,25.0,12.022209167480469,0.0,1.0,0.48088836669921875,1.0,0.0,0.0,0.0,0.0,0.0,0.12475442886352539,1.1684107454590347,0.7782384264469147,1.6888498132019658,0.02,-0.0,-0.00860848043631115,-0.0024470881503666324,0.5711315155029297,0.15,-0.0,0.0,0.0,-0.0,0.0,0.0,0.0,0.0,0.35,0.0,0.0,0.0,0.0,0.0,0.0,0.0,0.0,0.25,-0.0,-3.9840087890625,0.0,-0.8752455711364746,-0.0,-0.4980010986328125,-0.4980010986328125,-0.05,0.5482384264469147,0.3654922842979431,0.2,0.0,-0.0,-0.0,-0.0,0.8,1.0,-0.0,0.0,-0.0,-0.0,0.0,0.0,0.0,0.45833479854278264,-0.0,-0.0,-0.11115018679803429,0.02,0.0,0.0,0.0,0.0,0.0,0.0,0.3654922842979431,33.00010549508035,32.4,1.0,0.0,0.0,1.0,2.0,4.0,0.0,1.0,0.0,1.0,0.0,0.0,0.0,0.0,0.0,0.0,0.0,0.0,0.0,0.0,0.0,0.0,0.0,0.0,0.0,0.0,0.0,0.0,0.0,35.360801696777344,207.9281768798828,35.434478759765625,207.6167755126953,0.07367706298828125,-0.3114013671875,0.3199986219406128,-1.3384701544359512,-0.24616529047489166,-0.9692279100418091,0.0,-14.853507041931152,10.219110488891602,0.0,28.0,28.0,28.0,0.0,1.0,25.0,0.0,0.0,1.0,99.0,1.0,0.0,3.0,0.0,0.84,37.365299998782575,0.6892000092193484,5.447800038382411,21.78860001731664,16.929400037042797,4.0,5.297499941661954,3.3514000242576003,0.7473999867215753,0.000500003807246685
1,166,166,3.315994436671383,0,0,2.0,4.0,1.0,1.0,1.0,0.5301685929298401,0.6397916674613953,1.0,1.0,1.0,0.48088836669921875,1.0,1.0,1.0,0.48088836669921875,1.0,0.5301685929298401,0.48088836669921875,1.0,0.0,0.4584653973579407,1.0,1.0,0.9609931111335754,0.47143009305000305,0.5662004351615906,0.0,0.0012812454951927066,0.7959739565849304,-0.6053308844566345,0.0,0.0,0.0,0.0,0.0,0.0,198.4251708984375,12.022209167480469,25.0,13.254215240478516,25.0,12.022209167480469,0.0,1.0,0.48088836669921875,1.0,0.0,0.0,0.0,0.0,0.0,0.13505077362060547,0.5870251577397655,0.7739185053110123,1.8,0.02,-0.0,-0.00860848043631115,-0.0024470881503666324,0.0,0.15,-0.0,0.0,0.0,-0.0,0.0,0.0,0.0,0.0,0.35,0.0,0.0,0.0,0.0,0.0,0.0,0.0,0.0,0.25,-0.0,-3.9605712890625,0.0,-0.8649492263793945,-0.0,-0.4950714111328125,-0.4950714111328125,-0.05,0.5439185053110123,0.3626123368740082,0.2,0.0,-0.0,-0.0,-0.0,0.8,1.0,-0.0,0.0,-0.0,-0.0,0.0,0.0,0.0,0.4480807263264433,-0.0,-0.0,-0.0,0.02,0.0,0.0,0.0,0.0,0.0,0.0,0.3626123368740082,32.261812295503915,32.4,0.0,0.6,0.0,1.0,2.0,4.0,0.0,1.0,0.0,1.0,0.0,0.0,0.0,0.0,0.0,0.0,0.0,0.0,0.0,0.0,0.0,0.0,0.0,0.0,0.0,0.0,0.0,0.0,0.0,35.43436813354492,207.61700439453125,35.50804901123047,207.30560302734375,0.07368087768554688,-0.3114013671875,0.3199995160102844,-1.3384585742603898,-0.24686895310878754,-0.9690489172935486,0.0,-14.853507041931152,10.219110488891602,0.0,28.0,28.0,28.0,0.0,1.0,25.0,0.0,0.0,1.0,98.0,1.0,0.0,3.0,0.0,0.88,21.433199988678098,0.6564999930560589,5.770500050857663,9.163299924694002,6.128799985162914,4.0,2.930999966338277,2.1783000556752086,0.7047000108286738,0.000400003045797348
1,167,167,3.8518056772893083,0,0,2.0,4.0,1.0,1.0,1.0,0.5301685929298401,0.6397916674613953,1.0,1.0,1.0,0.48088836669921875,1.0,1.0,1.0,0.48088836669921875,1.0,0.5301685929298401,0.48088836669921875,1.0,0.0,0.4609057307243347,1.0,1.0,0.9603670835494995,0.4608830213546753,-0.6408795118331909,0.0,0.0012812454951927066,0.7960435748100281,-0.6052393317222595,0.0,0.0,0.0,0.0,0.0,0.0,197.93057250976562,12.498929023742676,25.0,13.731221199035645,25.0,12.498929023742676,0.0,1.0,0.49995716094970705,1.0,0.0,0.0,0.0,0.0,0.0,0.13555258512496948,1.1683347546485645,0.7751292544603348,1.7527890830554396,0.02,-0.0,-0.00736772280070181,-0.002022250226983836,0.572292709350586,0.15,-0.0,0.0,0.0,-0.0,0.0,0.0,0.0,0.0,0.35,0.0,0.0,0.0,0.0,0.0,0.0,0.0,0.0,0.25,-0.0,-3.956787109375,0.0,-0.8644474148750305,-0.0,-0.494598388671875,-0.494598388671875,-0.05,0.5451292544603348,0.3634195029735565,0.2,0.0,-0.0,-0.0,-0.0,0.8,1.0,-0.0,0.0,-0.0,-0.0,0.0,0.0,0.0,0.4554320183256641,-0.0,-0.0,-0.047210916944560415,0.02,0.0,0.0,0.0,0.0,0.0,0.0,0.3634195029735565,32.791105319447816,32.4,1.0,0.0,0.0,1.0,2.0,4.0,0.0,1.0,0.0,1.0,0.0,0.0,0.0,0.0,0.0,0.0,0.0,0.0,0.0,0.0,0.0,0.0,0.0,0.0,0.0,0.0,0.0,0.0,0.0,35.507938385009766,207.3058319091797,35.58161926269531,206.9944305419922,0.07368087768554688,-0.3114013671875,0.3199995160102844,-1.3384585742603898,-0.24757446348667145,-0.9688689112663269,0.0,-14.853507041931152,10.219110488891602,0.0,28.0,28.0,28.0,0.0,1.0,25.0,0.0,0.0,1.0,97.0,1.0,0.0,3.0,0.0,0.92,63.73209995217621,0.5125999450683594,4.517200053669512,41.31150001194328,21.250299992971122,4.0,13.779700035229325,2.9242000309750438,0.6439998978748918,0.000400003045797348
1,168,168,3.3241101940571727,0,0,2.0,4.0,1.0,1.0,1.0,0.5492488741874695,0.6628038287162781,1.0,1.0,1.0,0.4999571740627289,1.0,1.0,1.0,0.4999571740627289,1.0,0.5492488741874695,0.4999571740627289,1.0,0.0,0.46334972977638245,1.0,1.0,0.9597322344779968,0.4684443473815918,0.4594557583332062,0.0,0.0028318262193351984,0.7959169745445251,-0.6054058074951172,0.0,0.0,0.0,0.0,0.0,0.0,197.4392852783203,12.498929023742676,25.0,13.731221199035645,25.0,12.498929023742676,0.0,1.0,0.49995716094970705,1.0,0.0,0.0,0.0,0.0,0.0,0.14733266830444336,0.5858651508986411,0.7709123748540878,1.8,0.02,-0.0,-0.00736772280070181,-0.002022250226983836,0.0,0.15,-0.0,0.0,0.0,-0.0,0.0,0.0,0.0,0.0,0.35,0.0,0.0,0.0,0.0,0.0,0.0,0.0,0.0,0.25,-0.0,-3.9302978515625,0.0,-0.8526673316955566,-0.0,-0.4912872314453125,-0.4912872314453125,-0.05,0.5409123748540878,0.3606082499027252,0.2,0.0,-0.0,-0.0,-0.0,0.8,1.0,-0.0,0.0,-0.0,-0.0,0.0,0.0,0.0,0.4452551239263267,-0.0,-0.0,-0.0,0.02,0.0,0.0,0.0,0.0,0.0,0.0,0.3606082499027252,32.05836892269552,32.4,0.0,0.6,0.0,1.0,2.0,4.0,0.0,1.0,0.0,1.0,0.0,0.0,0.0,0.0,0.0,0.0,0.0,0.0,0.0,0.0,0.0,0.0,0.0,0.0,0.0,0.0,0.0,0.0,0.0,35.58150863647461,206.99465942382812,35.65519332885742,206.68325805664062,0.0736846923828125,-0.3114013671875,0.32000038027763367,-1.3384469643070613,-0.2482818067073822,-0.968687891960144,0.0,-14.853507041931152,10.219110488891602,0.0,28.0,28.0,28.0,0.0,1.0,25.0,0.0,0.0,1.0,96.0,1.0,0.0,3.0,0.0,0.96,26.653100037947297,0.40330004412680864,3.982100053690374,13.80290009547025,8.805399993434548,4.0,5.05540007725358,2.636499935761094,0.735200010240078,0.000400003045797348
1,169,169,3.8909637174794263,0,0,2.0,4.0,1.0,1.0,1.0,0.5492488741874695,0.6628038287162781,1.0,1.0,1.0,0.4999571740627289,1.0,1.0,1.0,0.4999571740627289,1.0,0.5492488741874695,0.4999571740627289,1.0,0.0,0.46578457951545715,1.0,1.0,0.9590917825698853,0.45797669887542725,-0.6360558867454529,0.0,0.0028318262193351984,0.7959481477737427,-0.6053647398948669,0.0,0.0,0.0,0.0,0.0,0.0,196.92942810058594,12.972277641296387,25.0,14.204795837402344,25.0,12.972277641296387,0.0,1.0,0.5188911056518555,1.0,0.0,0.0,0.0,0.0,0.0,0.14697688817977905,1.1628363053265842,0.7721920120716095,1.7889585119014533,0.02,-0.0,-0.0063163912077284935,-0.001673423316076849,0.5681991577148438,0.15,-0.0,0.0,0.0,-0.0,0.0,0.0,0.0,0.0,0.35,0.0,0.0,0.0,0.0,0.0,0.0,0.0,0.0,0.25,-0.0,-4.078857421875,0.0,-0.853023111820221,-0.0,-0.509857177734375,-0.509857177734375,-0.05,0.5421920120716095,0.361461341381073,0.2,0.0,-0.0,-0.0,-0.0,0.8,1.0,-0.0,0.0,-0.0,-0.0,0.0,0.0,0.0,0.4526269621355459,-0.0,-0.0,-0.01104148809854678,0.02,0.0,0.0,0.0,0.0,0.0,0.0,0.361461341381073,32.5891412737593,32.4,1.0,0.0,0.0,1.0,2.0,4.0,0.0,1.0,0.0,1.0,0.0,0.0,0.0,0.0,0.0,0.0,0.0,0.0,0.0,0.0,0.0,0.0,0.0,0.0,0.0,0.0,0.0,0.0,0.0,35.65508270263672,206.68348693847656,35.68638229370117,206.36502075195312,0.031299591064453125,-0.3184661865234375,0.3200005888938904,-1.472828646706187,-0.2489910125732422,-0.9685057401657104,0.0,-14.853507041931152,10.219110488891602,0.0,28.0,28.0,28.0,0.0,1.0,24.0,0.0,0.0,1.0,95.0,1.0,0.0,3.0,0.0,1.0,63.29859991092235,1.0489999549463391,3.9065999444574118,49.852300086058676,18.340399954468012,4.0,4.900900064967573,2.8786000330001116,0.6686999695375562,0.000400003045797348
1,170,170,3.3295280555354316,0,0,2.0,4.0,1.0,1.0,1.0,0.5681918263435364,0.6856101155281067,1.0,1.0,1.0,0.5188910961151123,1.0,1.0,1.0,0.5188910961151123,1.0,0.5681918263435364,0.5188910961151123,1.0,0.0,0.46786752343177795,1.0,1.0,0.958498477935791,0.4655591547489166,0.4607398808002472,0.0,0.003194568445906043,0.795815110206604,-0.6055397391319275,0.0,0.0,0.0,0.0,0.0,0.0,196.42221069335938,12.972277641296387,25.0,14.204795837402344,25.0,12.972277641296387,0.0,1.0,0.5188911056518555,1.0,0.0,0.0,0.0,0.0,0.0,0.1565287709236145,0.5849715808497626,0.7680277037620544,1.8,0.02,-0.0,-0.0063163912077284935,-0.001673423316076849,0.0,0.15,-0.0,0.0,0.0,-0.0,0.0,0.0,0.0,0.0,0.35,0.0,0.0,0.0,0.0,0.0,0.0,0.0,0.0,0.25,-0.0,-4.0577392578125,0.0,-0.8434712290763855,-0.0,-0.5072174072265625,-0.5072174072265625,-0.05,0.5380277037620544,0.35868513584136963,0.2,0.0,-0.0,-0.0,-0.0,0.8,1.0,-0.0,0.0,-0.0,-0.0,0.0,0.0,0.0,0.442961395373568,-0.0,-0.0,-0.0,0.02,0.0,0.0,0.0,0.0,0.0,0.0,0.35868513584136963,31.893220466896892,32.4,0.0,0.6,0.0,1.0,2.0,4.0,0.0,1.0,0.0,1.0,0.0,0.0,0.0,0.0,0.0,0.0,0.0,0.0,0.0,0.0,0.0,0.0,0.0,0.0,0.0,0.0,0.0,0.0,0.0,35.68609619140625,206.36526489257812,35.717403411865234,206.0467987060547,0.031307220458984375,-0.3184661865234375,0.3200013339519501,-1.4728049216601586,-0.24951346218585968,-0.9683713316917419,0.0,-14.853507041931152,10.219110488891602,0.0,28.0,28.0,28.0,0.0,1.0,24.0,0.0,0.0,1.0,94.0,1.0,0.0,3.0,0.0,1.04,26.76509995944798,0.6665999535471201,4.678800003603101,14.165999949909747,10.454799979925156,4.0,3.72190005145967,2.6865999680012465,0.8117000106722116,0.000700005330145359
1,171,171,3.903614181932633,0,0,2.0,4.0,1.0,1.0,1.0,0.5681918263435364,0.6856101155281067,1.0,1.0,1.0,0.5188910961151123,1.0,1.0,1.0,0.5188910961151123,1.0,0.5681918263435364,0.5188910961151123,1.0,0.0,0.4699384272098541,1.0,1.0,0.9579009413719177,0.45561742782592773,-0.6040979027748108,0.0,0.003194568445906043,0.7958573698997498,-0.605484127998352,0.0,0.0,0.0,0.0,0.0,0.0,195.91482543945312,13.444005966186523,25.0,14.677403450012207,25.0,13.444005966186523,0.0,1.0,0.5377602386474609,1.0,0.0,0.0,0.0,0.0,0.0,0.15469104051589966,1.160871239939631,0.7693472164869308,1.7987046849901718,0.02,-0.0,-0.005420277340794468,-0.0013856648882743874,0.5667774200439453,0.15,-0.0,0.0,0.0,-0.0,0.0,0.0,0.0,0.0,0.35,0.0,0.0,0.0,0.0,0.0,0.0,0.0,0.0,0.25,-0.0,-4.05908203125,0.0,-0.8453089594841003,-0.0,-0.50738525390625,-0.50738525390625,-0.05,0.5393472164869308,0.35956481099128723,0.2,0.0,-0.0,-0.0,-0.0,0.8,1.0,-0.0,0.0,-0.0,-0.0,0.0,0.0,0.0,0.4508997621247545,-0.0,-0.0,-0.0012953150098283387,0.02,0.0,0.0,0.0,0.0,0.0,0.0,0.35956481099128723,32.464782872982326,32.4,1.0,0.0,0.0,1.0,2.0,4.0,0.0,1.0,0.0,1.0,0.0,0.0,0.0,0.0,0.0,0.0,0.0,0.0,0.0,0.0,0.0,0.0,0.0,0.0,0.0,0.0,0.0,0.0,0.0,35.71720504760742,206.04702758789062,35.74851608276367,205.7285614013672,0.03131103515625,-0.3184661865234375,0.3200017213821411,-1.472793059928444,-0.2500378489494324,-0.9682360291481018,0.0,-14.853507041931152,10.219110488891602,0.0,28.0,28.0,28.0,0.0,1.0,24.0,0.0,0.0,1.0,93.0,1.0,0.0,3.0,0.0,1.08,50.411100033670664,0.9083000477403402,6.632300093770027,34.41880003083497,27.782500023022294,4.0,4.558300017379224,3.178000100888312,0.6858999840915203,0.000500003807246685
1,172,172,3.9000511269075617,0,0,2.0,4.0,1.0,1.0,1.0,0.5870961546897888,0.708423912525177,1.0,1.0,1.0,0.5377602577209473,1.0,1.0,1.0,0.5377602577209473,1.0,0.5870961546897888,0.5377602577209473,1.0,0.0,0.4720098078250885,1.0,1.0,0.9572955369949341,0.4637826085090637,0.49614793062210083,0.0,0.0019402463221922517,0.7957443594932556,-0.6056326627731323,0.0,0.0,0.0,0.0,0.0,0.0,195.41006469726562,13.914575576782227,25.0,15.14921760559082,25.0,13.914575576782227,0.0,1.0,0.556583023071289,1.0,0.0,0.0,0.0,0.0,0.0,0.16413944959640503,1.1507155816061243,0.7651960957050323,1.8,0.02,-0.0,-0.0046559622780164905,-0.0011479207287977606,0.565679168701172,0.15,-0.0,0.0,0.0,-0.0,0.0,0.0,0.0,0.0,0.35,0.0,0.0,0.0,0.0,0.0,0.0,0.0,0.0,0.25,-0.0,-4.0380859375,0.0,-0.835860550403595,-0.0,-0.5047607421875,-0.5047607421875,-0.05,0.5351960957050323,0.35679739713668823,0.2,0.0,-0.0,-0.0,-0.0,0.8,1.0,-0.0,0.0,-0.0,-0.0,0.0,0.0,0.0,0.4408402959117666,-0.0,-0.0,-0.0,0.02,0.0,0.0,0.0,0.0,0.0,0.0,0.35679739713668823,31.740501305647197,32.4,0.0,0.6,0.0,1.0,2.0,4.0,0.0,1.0,0.0,1.0,0.0,0.0,0.0,0.0,0.0,0.0,0.0,0.0,0.0,0.0,0.0,0.0,0.0,0.0,0.0,0.0,0.0,0.0,0.0,35.748382568359375,205.72879028320312,35.77969741821289,205.4103240966797,0.031314849853515625,-0.3184661865234375,0.32000207901000977,-1.4727811950319527,-0.2505640387535095,-0.9681000113487244,0.0,-14.853507041931152,10.219110488891602,0.0,28.0,28.0,28.0,0.0,1.0,24.0,0.0,0.0,1.0,92.0,1.0,0.0,3.0,0.0,1.12,46.39310005586594,0.6387999746948481,5.467400071211159,31.177799915894866,18.74089997727424,4.0,4.7423000214621425,3.4480999456718564,0.8740000193938613,0.000400003045797348
1,173,173,3.342878042658773,0,0,2.0,4.0,1.0,1.0,1.0,0.605968713760376,1.0,1.0,1.0,1.0,0.556583046913147,1.0,1.0,1.0,0.556583046913147,1.0,0.605968713760376,0.556583046913147,1.0,0.0,0.4740685820579529,1.0,1.0,0.9566858410835266,0.4534357190132141,-0.6287166476249695,0.0,-0.0011043387930840254,0.7958044409751892,-0.6055537462234497,0.0,0.0,0.0,0.0,0.0,0.0,194.905517578125,13.914575576782227,25.0,15.14921760559082,25.0,13.914575576782227,0.0,1.0,0.556583023071289,1.0,0.0,0.0,0.0,0.0,0.0,0.16387856006622314,0.5924856623019845,0.7665138202905655,1.8,0.02,-0.0,-0.0046559622780164905,-0.0011479207287977606,0.0,0.15,-0.0,0.0,0.0,-0.0,0.0,0.0,0.0,0.0,0.35,0.0,0.0,0.0,0.0,0.0,0.0,0.0,0.0,0.25,-0.0,-4.036376953125,0.0,-0.8361214399337769,-0.0,-0.504547119140625,-0.504547119140625,-0.05,0.5365138202905655,0.3576758801937103,0.2,0.0,-0.0,-0.0,-0.0,0.8,1.0,-0.0,0.0,-0.0,-0.0,0.0,0.0,0.0,0.4482895453087987,-0.0,-0.0,-0.0,0.02,0.0,0.0,0.0,0.0,0.0,0.0,0.3576758801937103,32.2768472622335,32.4,1.0,0.0,0.0,1.0,2.0,4.0,0.0,1.0,0.0,1.0,0.0,0.0,0.0,0.0,0.0,0.0,0.0,0.0,0.0,0.0,0.0,0.0,0.0,0.0,0.0,0.0,0.0,0.0,0.0,35.77959442138672,205.4105682373047,35.810909271240234,205.09210205078125,0.031314849853515625,-0.3184661865234375,0.32000207901000977,-1.4727811950319527,-0.2510918378829956,-0.9679632186889648,0.0,-14.853507041931152,10.219110488891602,0.0,28.0,28.0,28.0,0.0,1.0,24.0,0.0,0.0,1.0,91.0,1.0,0.0,3.0,0.0,1.16,27.27610000874847,0.7001999765634537,6.933400058187544,12.124700006097555,7.993600098416209,4.0,4.363900050520897,2.661299891769886,0.46250002924352884,0.000300002284348011
1,174,174,3.8159040458577222,0,0,2.0,4.0,1.0,1.0,1.0,0.605968713760376,1.0,1.0,1.0,1.0,0.556583046913147,1.0,1.0,1.0,0.556583046913147,1.0,0.605968713760376,0.556583046913147,1.0,0.0,0.47613054513931274,1.0,1.0,0.9560678601264954,0.4610978066921234,0.4655780792236328,0.0,-0.0011043387930840254,0.7957040071487427,-0.6056857109069824,0.0,0.0,0.0,0.0,0.0,0.0,194.3979949951172,14.385882377624512,25.0,15.621699333190918,25.0,14.385882377624512,0.0,1.0,0.5754352951049805,1.0,0.0,0.0,0.0,0.0,0.0,0.15101134777069092,1.1695404054789862,0.7773689883947372,1.697983304213308,0.02,-0.0,-0.0040020231539774865,-0.0009506869253253341,0.5665081024169922,0.15,-0.0,0.0,0.0,-0.0,0.0,0.0,0.0,0.0,0.35,0.0,0.0,0.0,0.0,0.0,0.0,0.0,0.0,0.25,-0.0,-4.0601806640625,0.0,-0.8489886522293091,-0.0,-0.5075225830078125,-0.5075225830078125,-0.05,0.5473689883947372,0.36491265892982483,0.2,0.0,-0.0,-0.0,-0.0,0.8,1.0,-0.0,0.0,-0.0,-0.0,0.0,0.0,0.0,0.4579850131412968,-0.0,-0.0,-0.10201669578669224,0.02,0.0,0.0,0.0,0.0,0.0,0.0,0.36491265892982483,32.97492094617337,32.4,1.0,0.0,0.0,1.0,2.0,4.0,0.0,1.0,0.0,1.0,0.0,0.0,0.0,0.0,0.0,0.0,0.0,0.0,0.0,0.0,0.0,0.0,0.0,0.0,0.0,0.0,0.0,0.0,0.0,35.81081771850586,205.09234619140625,35.84213638305664,204.7738800048828,0.03131866455078125,-0.3184661865234375,0.3200024664402008,-1.4727693274666542,-0.25162121653556824,-0.9678257703781128,0.0,-14.853507041931152,10.219110488891602,0.0,28.0,28.0,28.0,0.0,1.0,24.0,0.0,0.0,1.0,90.0,1.0,0.0,3.0,0.0,1.2,52.2042999509722,0.6226999685168266,5.310900043696165,38.219000096432865,18.124900059774518,4.0,4.995599971152842,2.2573000751435757,0.7568999426439404,0.000400003045797348
1,175,175,3.3478477282689014,0,0,2.0,4.0,1.0,1.0,1.0,0.6248679757118225,1.0,1.0,1.0,1.0,0.5754352807998657,1.0,1.0,1.0,0.5754352807998657,1.0,0.6248679757118225,0.5754352807998657,1.0,0.0,0.47823208570480347,1.0,1.0,0.9554330110549927,0.4710702896118164,0.6059667468070984,0.0,0.0025065788067877293,0.7955934405326843,-0.6058309078216553,0.0,0.0,0.0,0.0,0.0,0.0,193.89353942871094,14.385882377624512,25.0,15.621699333190918,25.0,14.385882377624512,0.0,1.0,0.5754352951049805,1.0,0.0,0.0,0.0,0.0,0.0,0.1621813178062439,0.592599864141742,0.7730665463209152,1.8,0.02,-0.0,-0.0040020231539774865,-0.0009506869253253341,0.0,0.15,-0.0,0.0,0.0,-0.0,0.0,0.0,0.0,0.0,0.35,0.0,0.0,0.0,0.0,0.0,0.0,0.0,0.0,0.25,-0.0,-4.03564453125,0.0,-0.8378186821937561,-0.0,-0.50445556640625,-0.50445556640625,-0.05,0.5430665463209152,0.3620443642139435,0.2,0.0,-0.0,-0.0,-0.0,0.8,1.0,-0.0,0.0,-0.0,-0.0,0.0,0.0,0.0,0.44755257422104483,-0.0,-0.0,-0.0,0.02,0.0,0.0,0.0,0.0,0.0,0.0,0.3620443642139435,32.223785343915225,32.4,0.0,0.6,0.0,1.0,2.0,4.0,0.0,1.0,0.0,1.0,0.0,0.0,0.0,0.0,0.0,0.0,0.0,0.0,0.0,0.0,0.0,0.0,0.0,0.0,0.0,0.0,0.0,0.0,0.0,35.8420524597168,204.7741241455078,35.87337112426758,204.45565795898438,0.03131866455078125,-0.3184661865234375,0.3200024664402008,-1.4727693274666542,-0.25215214490890503,-0.9676876068115234,0.0,-14.853507041931152,10.219110488891602,0.0,28.0,28.0,28.0,0.0,1.0,24.0,0.0,0.0,1.0,89.0,1.0,0.0,3.0,0.0,1.24,32.35609992407262,0.6196999456733465,5.420299945399165,17.763199983164668,13.4216999867931,4.0,4.6808000188320875,3.0952999368309975,0.7470999844372272,0.000400003045797348
1,176,176,3.8898289614593016,0,0,2.0,4.0,1.0,1.0,1.0,0.6248679757118225,1.0,1.0,1.0,1.0,0.5754352807998657,1.0,1.0,1.0,0.5754352807998657,1.0,0.6248679757118225,0.5754352807998657,1.0,0.0,0.4803231656551361,1.0,1.0,0.954793393611908,0.4603397846221924,-0.652027428150177,0.0,0.0025065788067877293,0.7956146597862244,-0.6058030724525452,0.0,0.0,0.0,0.0,0.0,0.0,193.38922119140625,14.859103202819824,25.0,16.09476089477539,25.0,14.859103202819824,0.0,1.0,0.5943641281127929,1.0,0.0,0.0,0.0,0.0,0.0,0.16166400909423828,1.1681371306709658,0.7743125218153,1.7657152998787975,0.02,-0.0,-0.0034427417734933857,-0.0007867389356710174,0.5677375793457031,0.15,-0.0,0.0,0.0,-0.0,0.0,0.0,0.0,0.0,0.35,0.0,0.0,0.0,0.0,0.0,0.0,0.0,0.0,0.25,-0.0,-4.0345458984375,0.0,-0.8383359909057617,-0.0,-0.5043182373046875,-0.5043182373046875,-0.05,0.5443125218153,0.3628750145435333,0.2,0.0,-0.0,-0.0,-0.0,0.8,1.0,-0.0,0.0,-0.0,-0.0,0.0,0.0,0.0,0.45462903203442706,-0.0,-0.0,-0.03428470012120244,0.02,0.0,0.0,0.0,0.0,0.0,0.0,0.3628750145435333,32.73329030647874,32.4,1.0,0.0,0.0,1.0,2.0,4.0,0.0,1.0,0.0,1.0,0.0,0.0,0.0,0.0,0.0,0.0,0.0,0.0,0.0,0.0,0.0,0.0,0.0,0.0,0.0,0.0,0.0,0.0,0.0,35.873291015625,204.45590209960938,35.90461349487305,204.13743591308594,0.031322479248046875,-0.3184661865234375,0.32000282406806946,-1.4727574699870467,-0.252684623003006,-0.967548668384552,0.0,-14.853507041931152,10.219110488891602,0.0,28.0,28.0,28.0,0.0,1.0,24.0,0.0,0.0,1.0,88.0,1.0,0.0,3.0,0.0,1.28,61.553699895739555,0.6323999259620905,5.482300068251789,49.02230005245656,18.383000046014786,4.0,3.777200006879866,1.9217999652028084,0.6858000997453928,0.000500003807246685
1,177,177,3.351526568423741,0,0,2.0,4.0,1.0,1.0,1.0,0.6437904238700867,1.0,1.0,1.0,1.0,0.5943641066551208,1.0,1.0,1.0,0.5943641066551208,1.0,0.6437904238700867,0.5943641066551208,1.0,0.0,0.4824160933494568,1.0,1.0,0.9541451930999756,0.4676184356212616,0.4422786235809326,0.0,0.0031106367241591215,0.7954854965209961,-0.6059726476669312,0.0,0.0,0.0,0.0,0.0,0.0,192.88751220703125,14.859103202819824,25.0,16.09476089477539,25.0,14.859103202819824,0.0,1.0,0.5943641281127929,1.0,0.0,0.0,0.0,0.0,0.0,0.1710141897201538,0.5904361825098926,0.770076196193695,1.8,0.02,-0.0,-0.0034427417734933857,-0.0007867389356710174,0.0,0.15,-0.0,0.0,0.0,-0.0,0.0,0.0,0.0,0.0,0.35,0.0,0.0,0.0,0.0,0.0,0.0,0.0,0.0,0.25,-0.0,-4.013671875,0.0,-0.8289858102798462,-0.0,-0.501708984375,-0.501708984375,-0.05,0.5400761961936951,0.3600507974624634,0.2,0.0,-0.0,-0.0,-0.0,0.8,1.0,-0.0,0.0,-0.0,-0.0,0.0,0.0,0.0,0.44466566321905704,-0.0,-0.0,-0.0,0.02,0.0,0.0,0.0,0.0,0.0,0.0,0.3600507974624634,32.015927751772104,32.4,0.0,0.6,0.0,1.0,2.0,4.0,0.0,1.0,0.0,1.0,0.0,0.0,0.0,0.0,0.0,0.0,0.0,0.0,0.0,0.0,0.0,0.0,0.0,0.0,0.0,0.0,0.0,0.0,0.0,35.90453338623047,204.13768005371094,35.935855865478516,203.8192138671875,0.031322479248046875,-0.3184661865234375,0.32000282406806946,-1.4727574699870467,-0.2532186210155487,-0.967409074306488,0.0,-14.853507041931152,10.219110488891602,0.0,28.0,28.0,28.0,0.0,1.0,24.0,0.0,0.0,1.0,87.0,1.0,0.0,3.0,0.0,1.32,26.052200002595782,0.4089000867679715,3.3620999893173575,13.71659990400076,9.055100032128394,4.0,4.869699943810701,2.973100054077804,0.6942999316379428,0.000500003807246685
1,178,178,3.9211108084368935,0,0,2.0,4.0,1.0,1.0,1.0,0.6437904238700867,1.0,1.0,1.0,1.0,0.5943641066551208,1.0,1.0,1.0,0.5943641066551208,1.0,0.6437904238700867,0.5943641066551208,1.0,0.0,0.4844953119754791,1.0,1.0,0.9534926414489746,0.457370400428772,-0.6227105259895325,0.0,0.0031106367241591215,0.7955292463302612,-0.6059151887893677,0.0,0.0,0.0,0.0,0.0,0.0,192.38572692871094,15.332938194274902,25.0,16.56866455078125,25.0,15.332938194274902,0.0,1.0,0.6133175277709961,1.0,0.0,0.0,0.0,0.0,0.0,0.16955173015594482,1.1671245674666515,0.7713755029439926,1.7930590078703046,0.02,-0.0,-0.002964265140011572,-0.0006509042018008999,0.5686569213867188,0.15,-0.0,0.0,0.0,-0.0,0.0,0.0,0.0,0.0,0.35,0.0,0.0,0.0,0.0,0.0,0.0,0.0,0.0,0.25,-0.0,-4.0142822265625,0.0,-0.8304482698440552,-0.0,-0.5017852783203125,-0.5017852783203125,-0.05,0.5413755029439926,0.36091700196266174,0.2,0.0,-0.0,-0.0,-0.0,0.8,1.0,-0.0,0.0,-0.0,-0.0,0.0,0.0,0.0,0.4520828154217452,-0.0,-0.0,-0.006940992129695409,0.02,0.0,0.0,0.0,0.0,0.0,0.0,0.36091700196266174,32.549962710365655,32.4,1.0,0.0,0.0,1.0,2.0,4.0,0.0,1.0,0.0,1.0,0.0,0.0,0.0,0.0,0.0,0.0,0.0,0.0,0.0,0.0,0.0,0.0,0.0,0.0,0.0,0.0,0.0,0.0,0.0,35.93577575683594,203.8194580078125,35.96710205078125,203.50099182128906,0.0313262939453125,-0.3184661865234375,0.3200032114982605,-1.4727456024195698,-0.2537541389465332,-0.9672687649726868,0.0,-14.853507041931152,10.219110488891602,0.0,28.0,28.0,28.0,0.0,1.0,24.0,0.0,0.0,1.0,86.0,1.0,0.0,3.0,0.0,1.36,45.23779998999089,0.6162000354379416,3.7669999292120337,32.255300087854266,25.121000013314188,4.0,4.965999978594482,2.8913000132888556,0.7159999804571271,0.000400003045797348
1,179,179,3.9243416765605645,0,0,2.0,4.0,1.0,1.0,1.0,0.6627466082572937,1.0,1.0,1.0,1.0,0.6133175492286682,1.0,1.0,1.0,0.6133175492286682,1.0,0.6627466082572937,0.6133175492286682,1.0,0.0,0.48657479882240295,1.0,1.0,0.9528315663337708,0.4649994671344757,0.46357202529907227,0.0,0.001797215430997312,0.7954230904579163,-0.6060545444488525,0.0,0.0,0.0,0.0,0.0,0.0,191.88665771484375,15.805334091186523,25.0,17.043128967285156,25.0,15.805334091186523,0.0,1.0,0.632213363647461,1.0,0.0,0.0,0.0,0.0,0.0,0.17943942546844482,1.157700623003169,0.7672016280889511,1.8,0.02,-0.0,-0.0025552586301319517,-0.0005388321525710125,0.5685298919677735,0.15,-0.0,0.0,0.0,-0.0,0.0,0.0,0.0,0.0,0.35,0.0,0.0,0.0,0.0,0.0,0.0,0.0,0.0,0.25,-0.0,-3.9925537109375,0.0,-0.8205605745315552,-0.0,-0.4990692138671875,-0.4990692138671875,-0.05,0.5372016280889511,0.3581344187259674,0.2,0.0,-0.0,-0.0,-0.0,0.8,1.0,-0.0,0.0,-0.0,-0.0,0.0,0.0,0.0,0.44226482181809845,-0.0,-0.0,-0.0,0.02,0.0,0.0,0.0,0.0,0.0,0.0,0.3581344187259674,31.843067170903087,32.4,0.0,0.6,0.0,1.0,2.0,4.0,0.0,1.0,0.0,1.0,0.0,0.0,0.0,0.0,0.0,0.0,0.0,0.0,0.0,0.0,0.0,0.0,0.0,0.0,0.0,0.0,0.0,0.0,0.0,35.96702194213867,203.50123596191406,35.998348236083984,203.18276977539062,0.0313262939453125,-0.3184661865234375,0.3200032114982605,-1.4727456024195698,-0.25429120659828186,-0.9671277403831482,0.0,-14.853507041931152,10.219110488891602,0.0,28.0,28.0,28.0,0.0,1.0,24.0,0.0,0.0,1.0,85.0,1.0,0.0,3.0,0.0,1.4,42.16359998099506,0.5694999126717448,5.290200002491474,27.71329996176064,15.536300023086369,4.0,4.855999955907464,3.0138000147417188,0.6778000388294458,0.000400003045797348
1,180,180,3.3648742585762954,0,0,2.0,4.0,1.0,1.0,1.0,0.6817251443862915,1.0,1.0,1.0,1.0,0.6322133541107178,1.0,1.0,1.0,0.6322133541107178,1.0,0.6817251443862915,0.6322133541107178,1.0,0.0,0.4886421263217926,1.0,1.0,0.9521658420562744,0.45490095019340515,-0.6136245727539062,0.0,-0.0008979105623438954,0.7954811453819275,-0.6059783697128296,0.0,0.0,0.0,0.0,0.0,0.0,191.387939453125,15.805334091186523,25.0,17.043128967285156,25.0,15.805334091186523,0.0,1.0,0.632213363647461,1.0,0.0,0.0,0.0,0.0,0.0,0.1796897053718567,0.5966379761084531,0.7685465770959854,1.8,0.02,-0.0,-0.0025552586301319517,-0.0005388321525710125,0.0,0.15,-0.0,0.0,0.0,-0.0,0.0,0.0,0.0,0.0,0.35,0.0,0.0,0.0,0.0,0.0,0.0,0.0,0.0,0.25,-0.0,-3.98974609375,0.0,-0.8203102946281433,-0.0,-0.49871826171875,-0.49871826171875,-0.05,0.5385465770959854,0.3590310513973236,0.2,0.0,-0.0,-0.0,-0.0,0.8,1.0,-0.0,0.0,-0.0,-0.0,0.0,0.0,0.0,0.44973206689115613,-0.0,-0.0,-0.0,0.02,0.0,0.0,0.0,0.0,0.0,0.0,0.3590310513973236,32.38070881616324,32.4,1.0,0.0,0.0,1.0,2.0,4.0,0.0,1.0,0.0,1.0,0.0,0.0,0.0,0.0,0.0,0.0,0.0,0.0,0.0,0.0,0.0,0.0,0.0,0.0,0.0,0.0,0.0,0.0,0.0,35.998268127441406,203.18301391601562,36.02959442138672,202.8645477294922,0.0313262939453125,-0.3184661865234375,0.3200032114982605,-1.4727456024195698,-0.2548297941684723,-0.9669858813285828,0.0,-14.853507041931152,10.219110488891602,0.0,28.0,28.0,28.0,0.0,1.0,24.0,0.0,0.0,1.0,84.0,1.0,0.0,3.0,0.0,1.44,24.676899891346693,0.6309999153017998,5.46580005902797,9.622299927286804,6.0004000551998615,4.0,4.884499940089881,3.3011999912559986,0.7426000665873289,0.000400003045797348
1,181,181,3.8000203443386744,0,0,2.0,4.0,1.0,1.0,1.0,0.6817251443862915,1.0,1.0,1.0,1.0,0.6322133541107178,1.0,1.0,1.0,0.6322133541107178,1.0,0.6817251443862915,0.6322133541107178,1.0,0.0,0.4907133877277374,1.0,1.0,0.9514909982681274,0.4625815451145172,0.46670281887054443,0.0,-0.0008979105623438954,0.7953746318817139,-0.6061181426048279,0.0,0.0,0.0,0.0,0.0,0.0,190.8863983154297,16.27999496459961,25.0,17.51692771911621,25.0,16.27999496459961,0.0,1.0,0.6511997985839844,1.0,0.0,0.0,0.0,0.0,0.0,0.16727173328399658,1.1756844052812543,0.7794418889284134,1.6576223168450102,0.02,-0.0,-0.0022065347887106,-0.0004456526191915777,0.5689033508300781,0.15,-0.0,0.0,0.0,-0.0,0.0,0.0,0.0,0.0,0.35,0.0,0.0,0.0,0.0,0.0,0.0,0.0,0.0,0.25,-0.0,-4.0123291015625,0.0,-0.8327282667160034,-0.0,-0.5015411376953125,-0.5015411376953125,-0.05,0.5494418889284134,0.36629459261894226,0.2,0.0,-0.0,-0.0,-0.0,0.8,1.0,-0.0,0.0,-0.0,-0.0,0.0,0.0,0.0,0.4594332418590784,-0.0,-0.0,-0.14237768315498994,0.02,0.0,0.0,0.0,0.0,0.0,0.0,0.36629459261894226,33.079193413853645,32.4,1.0,0.0,0.0,1.0,2.0,4.0,0.0,1.0,0.0,1.0,0.0,0.0,0.0,0.0,0.0,0.0,0.0,0.0,0.0,0.0,0.0,0.0,0.0,0.0,0.0,0.0,0.0,0.0,0.0,36.02951431274414,202.8647918701172,36.06084442138672,202.54632568359375,0.031330108642578125,-0.3184661865234375,0.32000356912612915,-1.4727337449420297,-0.2553699314594269,-0.9668434262275696,0.0,-14.853507041931152,10.219110488891602,0.0,28.0,28.0,28.0,0.0,1.0,24.0,0.0,0.0,1.0,83.0,1.0,0.0,3.0,0.0,1.48,53.94060001708567,0.5861000390723348,4.77080000564456,39.95180001948029,16.523799975402653,4.0,4.6934999991208315,3.0448000179603696,0.8539999835193157,0.000400003045797348
1,182,182,3.369709781403699,0,0,2.0,4.0,1.0,1.0,1.0,0.7006770968437195,1.0,1.0,1.0,0.6795103549957275,0.6511998176574707,1.0,1.0,1.0,0.6511998176574707,1.0,0.7006770968437195,0.6511998176574707,1.0,0.0,0.4928242266178131,1.0,1.0,0.9507977962493896,0.4725598990917206,0.6063234210014343,0.0,0.002757827052846551,0.7952520251274109,-0.6062789559364319,0.0,0.0,0.0,0.0,0.0,0.0,190.3878173828125,16.27999496459961,25.0,17.51692771911621,25.0,16.27999496459961,0.0,1.0,0.6511997985839844,1.0,0.0,0.0,0.0,0.0,0.0,0.17801928520202637,0.5965256577684072,0.7751648384332657,1.8,0.02,-0.0,-0.0022065347887106,-0.0004456526191915777,0.0,0.15,-0.0,0.0,0.0,-0.0,0.0,0.0,0.0,0.0,0.35,0.0,0.0,0.0,0.0,0.0,0.0,0.0,0.0,0.25,-0.0,-3.9886474609375,0.0,-0.8219807147979736,-0.0,-0.4985809326171875,-0.4985809326171875,-0.05,0.5451648384332657,0.3634432256221771,0.2,0.0,-0.0,-0.0,-0.0,0.8,1.0,-0.0,0.0,-0.0,-0.0,0.0,0.0,0.0,0.4491778451763094,-0.0,-0.0,-0.0,0.02,0.0,0.0,0.0,0.0,0.0,0.0,0.3634432256221771,32.340804852694276,32.4,0.0,0.6,0.0,1.0,2.0,4.0,0.0,1.0,0.0,1.0,0.0,0.0,0.0,0.0,0.0,0.0,0.0,0.0,0.0,0.0,0.0,0.0,0.0,0.0,0.0,0.0,0.0,0.0,0.0,36.06076431274414,202.54656982421875,36.09209442138672,202.2281036376953,0.031330108642578125,-0.3184661865234375,0.32000356912612915,-1.4727337449420297,-0.255911648273468,-0.9667001962661743,0.0,-14.853507041931152,10.219110488891602,0.0,28.0,28.0,28.0,0.0,1.0,24.0,0.0,0.0,1.0,82.0,1.0,0.0,3.0,0.0,1.52,27.060799999162555,0.5405999254435301,4.142799996770918,16.431599971838295,10.055199963971972,4.0,3.5250000655651093,1.734199933707714,0.6541000911965966,0.000300002284348011
1,183,183,3.8828148959531683,0,0,2.0,4.0,1.0,1.0,1.0,0.7006770968437195,1.0,1.0,1.0,0.6795103549957275,0.6511998176574707,1.0,1.0,1.0,0.6511998176574707,1.0,0.7006770968437195,0.6511998176574707,1.0,0.0,0.4949239194393158,1.0,1.0,0.9500995874404907,0.4620114862918854,-0.6409623026847839,0.0,0.002757827052846551,0.7952688932418823,-0.6062568426132202,0.0,0.0,0.0,0.0,0.0,0.0,189.88934326171875,16.754623413085938,25.0,17.992258071899414,25.0,16.754623413085938,0.0,1.0,0.6701849365234375,1.0,0.0,0.0,0.0,0.0,0.0,0.17721706628799438,1.1742173574990722,0.7764698672294617,1.73491060493664,0.02,-0.0,-0.0019078686814561988,-0.00036859128019495506,0.5701156616210937,0.15,-0.0,0.0,0.0,-0.0,0.0,0.0,0.0,0.0,0.35,0.0,0.0,0.0,0.0,0.0,0.0,0.0,0.0,0.25,-0.0,-3.98779296875,0.0,-0.8227829337120056,-0.0,-0.49847412109375,-0.49847412109375,-0.05,0.5464698672294617,0.3643132448196411,0.2,0.0,-0.0,-0.0,-0.0,0.8,1.0,-0.0,0.0,-0.0,-0.0,0.0,0.0,0.0,0.45637815583962954,-0.0,-0.0,-0.06508939506335996,0.02,0.0,0.0,0.0,0.0,0.0,0.0,0.3643132448196411,32.85922722045333,32.4,1.0,0.0,0.0,1.0,2.0,4.0,0.0,1.0,0.0,1.0,0.0,0.0,0.0,0.0,0.0,0.0,0.0,0.0,0.0,0.0,0.0,0.0,0.0,0.0,0.0,0.0,0.0,0.0,0.0,36.09201431274414,202.2283477783203,36.123348236083984,201.90988159179688,0.03133392333984375,-0.3184661865234375,0.3200039565563202,-1.4727218757939364,-0.2564549148082733,-0.966556191444397,0.0,-14.853507041931152,10.219110488891602,0.0,28.0,28.0,28.0,0.0,1.0,24.0,0.0,0.0,1.0,81.0,1.0,0.0,3.0,0.0,1.56,57.48369998764247,0.7130000740289688,3.6009999457746744,47.05589998047799,16.409900039434433,4.0,3.3491000067442656,2.005100017413497,0.7250999333336949,0.000400003045797348
1,184,184,3.372810702299246,0,0,2.0,4.0,1.0,1.0,1.0,0.7196903228759766,1.0,1.0,1.0,0.6993494629859924,0.6701849102973938,1.0,1.0,1.0,0.6701849102973938,1.0,0.7196903228759766,0.6701849102973938,1.0,0.0,0.49702489376068115,1.0,1.0,0.9493920803070068,0.469417542219162,0.4500194191932678,0.0,0.002865505637601018,0.7951503992080688,-0.6064122915267944,0.0,0.0,0.0,0.0,0.0,0.0,189.3934326171875,16.754623413085938,25.0,17.992258071899414,25.0,16.754623413085938,0.0,1.0,0.6701849365234375,1.0,0.0,0.0,0.0,0.0,0.0,0.18631857633590698,0.59422210631288,0.7722700196504593,1.8,0.02,-0.0,-0.0019078686814561988,-0.00036859128019495506,0.0,0.15,-0.0,0.0,0.0,-0.0,0.0,0.0,0.0,0.0,0.35,0.0,0.0,0.0,0.0,0.0,0.0,0.0,0.0,0.25,-0.0,-3.96728515625,0.0,-0.813681423664093,-0.0,-0.49591064453125,-0.49591064453125,-0.05,0.5422700196504593,0.3615133464336395,0.2,0.0,-0.0,-0.0,-0.0,0.8,1.0,-0.0,0.0,-0.0,-0.0,0.0,0.0,0.0,0.44649856627453116,-0.0,-0.0,-0.0,0.02,0.0,0.0,0.0,0.0,0.0,0.0,0.3615133464336395,32.14789677176624,32.4,0.0,0.6,0.0,1.0,2.0,4.0,0.0,1.0,0.0,1.0,0.0,0.0,0.0,0.0,0.0,0.0,0.0,0.0,0.0,0.0,0.0,0.0,0.0,0.0,0.0,0.0,0.0,0.0,0.0,36.123268127441406,201.91012573242188,36.15460205078125,201.59165954589844,0.03133392333984375,-0.3184661865234375,0.3200039565563202,-1.4727218757939364,-0.25699976086616516,-0.9664114713668823,0.0,-14.853507041931152,10.219110488891602,0.0,28.0,28.0,28.0,0.0,1.0,24.0,0.0,0.0,1.0,80.0,1.0,0.0,3.0,0.0,1.6,75.7509000832215,0.6763000274077058,12.581599992699921,37.20200003590435,12.139700003899634,4.0,15.541100059635937,5.954299937002361,3.7551000714302063,0.000500003807246685
1,185,185,3.9276607591413573,0,0,2.0,4.0,1.0,1.0,1.0,0.7196903228759766,1.0,1.0,1.0,0.6993494629859924,0.6701849102973938,1.0,1.0,1.0,0.6701849102973938,1.0,0.7196903228759766,0.6701849102973938,1.0,0.0,0.4991118609905243,1.0,1.0,0.9486798644065857,0.4592556655406952,-0.617474377155304,0.0,0.002865505637601018,0.7951980233192444,-0.6063498258590698,0.0,0.0,0.0,0.0,0.0,0.0,188.89755249023438,17.230195999145508,25.0,18.46799087524414,25.0,17.230195999145508,0.0,1.0,0.6892078399658204,1.0,0.0,0.0,0.0,0.0,0.0,0.18530869483947754,1.1727303422568245,0.7736166226863861,1.776005099358669,0.02,-0.0,-0.0016527665925237067,-0.0003047401218774128,0.5708152770996094,0.15,-0.0,0.0,0.0,-0.0,0.0,0.0,0.0,0.0,0.35,0.0,0.0,0.0,0.0,0.0,0.0,0.0,0.0,0.25,-0.0,-3.967041015625,0.0,-0.8146913051605225,-0.0,-0.495880126953125,-0.495880126953125,-0.05,0.5436166226863861,0.3624110817909241,0.2,0.0,-0.0,-0.0,-0.0,0.8,1.0,-0.0,0.0,-0.0,-0.0,0.0,0.0,0.0,0.4538725718716161,-0.0,-0.0,-0.023994900641331193,0.02,0.0,0.0,0.0,0.0,0.0,0.0,0.3624110817909241,32.678825174756355,32.4,1.0,0.0,0.0,1.0,2.0,4.0,0.0,1.0,0.0,1.0,0.0,0.0,0.0,0.0,0.0,0.0,0.0,0.0,0.0,0.0,0.0,0.0,0.0,0.0,0.0,0.0,0.0,0.0,0.0,36.15452194213867,201.59190368652344,36.18585968017578,201.2734375,0.031337738037109375,-0.3184661865234375,0.32000431418418884,-1.47271001248216,-0.25754615664482117,-0.9662659764289856,0.0,-14.853507041931152,10.219110488891602,0.0,28.0,28.0,28.0,0.0,1.0,24.0,0.0,0.0,1.0,79.0,1.0,0.0,3.0,0.0,1.64,79.28800000809133,0.4974000621587038,7.699399953708053,46.329000033438206,25.772100081667304,4.0,15.787499956786633,5.25819999165833,3.6560000153258443,0.000400003045797348
1,186,186,5.497675387074401,0,0,2.0,4.0,1.0,1.0,1.0,0.738719642162323,1.0,1.0,1.0,0.7192102670669556,0.6892078518867493,1.0,1.0,1.0,0.6892078518867493,1.0,0.738719642162323,0.6892078518867493,1.0,0.0,0.5011999607086182,1.0,1.0,0.94795823097229,0.46684035658836365,0.46087536215782166,0.0,0.0015283462125808,0.7951086163520813,-0.606467068195343,0.0,0.0,0.0,0.0,0.0,0.0,188.404541015625,17.704193115234375,25.0,18.943666458129883,25.0,17.704193115234375,0.0,1.0,0.708167724609375,1.0,0.0,0.0,0.0,0.0,0.0,0.19557207822799683,1.1626396397847443,2.3194636690616606,1.8,0.02,-0.0,-0.0014350976684059963,-0.0002521087413032593,0.5701393127441406,0.15,-0.0,0.0,0.0,-0.0,0.0,0.0,0.0,0.0,0.35,0.0,0.0,0.0,0.0,0.0,0.0,0.0,0.0,0.25,-0.0,-3.944091796875,0.0,-0.8044279217720032,-0.0,-0.493011474609375,-0.493011474609375,1.5,0.5394636690616608,0.3596424460411072,0.2,0.0,-0.0,-0.0,-0.0,0.8,1.0,-0.0,0.0,-0.0,-0.0,0.0,0.0,0.0,0.4441875334503129,-0.0,-0.0,-0.0,0.02,0.0,0.0,0.0,0.0,0.0,0.0,0.3596424460411072,31.98150240842253,32.4,0.0,0.6,0.0,1.0,2.0,4.0,0.0,1.0,0.0,1.0,0.0,0.0,0.0,0.0,0.0,0.0,0.0,0.0,0.0,0.0,0.0,0.0,0.0,0.0,0.0,0.0,0.0,0.0,0.0,36.1857795715332,201.273681640625,36.21712112426758,200.95521545410156,0.031341552734375,-0.3184661865234375,0.3200047016143799,-1.4726981507481078,-0.2580941617488861,-0.9661197662353516,0.0,-14.853507041931152,10.219110488891602,0.0,28.0,28.0,28.0,0.0,1.0,24.0,0.0,0.0,1.0,78.0,1.0,0.0,3.0,0.0,1.68,49.88700000103563,0.48539997078478336,3.9126999909058213,34.447900019586086,22.09519990719855,4.0,7.071100058965385,3.3152999822050333,0.6186999380588531,0.000400003045797348
1,187,187,3.382303916836369,0,0,2.0,4.0,1.0,1.0,1.0,0.7577466368675232,1.0,1.0,1.0,0.738976001739502,0.7081677317619324,1.0,1.0,1.0,0.7081677317619324,1.0,0.7577466368675232,0.7081677317619324,1.0,0.0,0.5032768249511719,1.0,1.0,0.9472313523292542,0.4568786025047302,-0.6053149104118347,0.0,-0.0006352605996653438,0.7951573133468628,-0.6064031720161438,0.0,0.0,0.0,0.0,0.0,0.0,187.91200256347656,17.704193115234375,25.0,18.943666458129883,25.0,17.704193115234375,0.0,1.0,0.708167724609375,1.0,0.0,0.0,0.0,0.0,0.0,0.1962452530860901,0.6000503020660712,0.7708386588096618,1.7951697028745457,0.02,-0.0,-0.0014350976684059963,-0.0002521087413032593,0.0,0.15,-0.0,0.0,0.0,-0.0,0.0,0.0,0.0,0.0,0.35,0.0,0.0,0.0,0.0,0.0,0.0,0.0,0.0,0.25,-0.0,-3.9403076171875,0.0,-0.8037547469139099,-0.0,-0.4925384521484375,-0.4925384521484375,-0.05,0.5408386588096619,0.3605591058731079,0.2,0.0,-0.0,-0.0,-0.0,0.8,1.0,-0.0,0.0,-0.0,-0.0,0.0,0.0,0.0,0.4517375084757805,-0.0,-0.0,-0.004830297125454352,0.02,0.0,0.0,0.0,0.0,0.0,0.0,0.3605591058731079,32.525100610256196,32.4,1.0,0.0,0.0,1.0,2.0,4.0,0.0,1.0,0.0,1.0,0.0,0.0,0.0,0.0,0.0,0.0,0.0,0.0,0.0,0.0,0.0,0.0,0.0,0.0,0.0,0.0,0.0,0.0,0.0,36.217041015625,200.95545959472656,36.248382568359375,200.63699340820312,0.031341552734375,-0.3184661865234375,0.3200047016143799,-1.4726981507481078,-0.2586437463760376,-0.9659728407859802,0.0,-14.853507041931152,10.219110488891602,0.0,28.0,28.0,28.0,0.0,1.0,24.0,0.0,0.0,1.0,77.0,1.0,0.0,3.0,0.0,1.72,24.538900004699826,0.7072000298649073,5.112699931487441,10.680199950002134,6.131700007244945,4.0,4.826199961826205,2.4295999901369214,0.7411000551655889,0.000600004568696022
1,188,188,3.9496370058478267,0,0,2.0,4.0,1.0,1.0,1.0,0.7577466368675232,1.0,1.0,1.0,0.738976001739502,0.7081677317619324,1.0,1.0,1.0,0.7081677317619324,1.0,0.7577466368675232,0.7081677317619324,1.0,0.0,0.5053582787513733,1.0,1.0,0.9464944005012512,0.46464428305625916,0.4718734323978424,0.0,-0.0006352605996653438,0.7950460910797119,-0.6065490245819092,0.0,0.0,0.0,0.0,0.0,0.0,187.42251586914062,18.176109313964844,25.0,19.414188385009766,25.0,18.176109313964844,0.0,1.0,0.7270443725585938,1.0,0.0,0.0,0.0,0.0,0.0,0.20716333389282227,1.155775896829501,0.7666977751255035,1.8,0.02,-0.0,-0.0012512036603879882,-0.00020874095387311118,0.5651840209960938,0.15,-0.0,0.0,0.0,-0.0,0.0,0.0,0.0,0.0,0.35,0.0,0.0,0.0,0.0,0.0,0.0,0.0,0.0,0.25,-0.0,-3.9158935546875,0.0,-0.7928366661071777,-0.0,-0.4894866943359375,-0.4894866943359375,-0.05,0.5366977751255035,0.3577985167503357,0.2,0.0,-0.0,-0.0,-0.0,0.8,1.0,-0.0,0.0,-0.0,-0.0,0.0,0.0,0.0,0.44205182044766844,-0.0,-0.0,-0.0,0.02,0.0,0.0,0.0,0.0,0.0,0.0,0.3577985167503357,31.827731072232126,32.4,0.0,0.6,0.0,1.0,2.0,4.0,0.0,1.0,0.0,1.0,0.0,0.0,0.0,0.0,0.0,0.0,0.0,0.0,0.0,0.0,0.0,0.0,0.0,0.0,0.0,0.0,0.0,0.0,0.0,36.2483024597168,200.63723754882812,36.27964782714844,200.3187713623047,0.031345367431640625,-0.3184661865234375,0.32000505924224854,-1.4726862874370181,-0.25919491052627563,-0.965825080871582,0.0,-14.853507041931152,10.219110488891602,0.0,28.0,28.0,28.0,0.0,1.0,24.0,0.0,0.0,1.0,76.0,1.0,0.0,3.0,0.0,1.76,56.01840000599623,0.695300055667758,5.530200083740056,31.39209991786629,15.86179994046688,4.0,15.644700033590198,1.9484999356791377,0.7693000370636582,0.000400003045797348
1,189,189,3.3931185321388244,0,0,2.0,4.0,1.0,1.0,1.0,0.7765675187110901,1.0,1.0,1.0,0.7587451934814453,0.7270443439483643,1.0,1.0,1.0,0.7270443439483643,1.0,0.7765675187110901,0.7270443439483643,1.0,0.0,0.5074298977851868,1.0,1.0,0.9457520246505737,0.4546818733215332,-0.6053555011749268,0.0,-0.0004954572068527341,0.7950639128684998,-0.606525719165802,0.0,0.0,0.0,0.0,0.0,0.0,186.93325805664062,18.176109313964844,25.0,19.414188385009766,25.0,18.176109313964844,0.0,1.0,0.7270443725585938,1.0,0.0,0.0,0.0,0.0,0.0,0.2069711685180664,0.5980718718347552,0.7680754917860031,1.8,0.02,-0.0,-0.0012512036603879882,-0.00020874095387311118,0.0,0.15,-0.0,0.0,0.0,-0.0,0.0,0.0,0.0,0.0,0.35,0.0,0.0,0.0,0.0,0.0,0.0,0.0,0.0,0.25,-0.0,-3.9140625,0.0,-0.7930288314819336,-0.0,-0.4892578125,-0.4892578125,-0.05,0.5380754917860031,0.3587169945240021,0.2,0.0,-0.0,-0.0,-0.0,0.8,1.0,-0.0,0.0,-0.0,-0.0,0.0,0.0,0.0,0.4495318164490163,-0.0,-0.0,-0.0,0.02,0.0,0.0,0.0,0.0,0.0,0.0,0.3587169945240021,32.36629078432917,32.4,1.0,0.0,0.0,1.0,2.0,4.0,0.0,1.0,0.0,1.0,0.0,0.0,0.0,0.0,0.0,0.0,0.0,0.0,0.0,0.0,0.0,0.0,0.0,0.0,0.0,0.0,0.0,0.0,0.0,36.27956771850586,200.3190155029297,36.3109130859375,200.00054931640625,0.031345367431640625,-0.3184661865234375,0.32000505924224854,-1.4726862874370181,-0.2597476840019226,-0.9656765460968018,0.0,-14.853507041931152,10.219110488891602,0.0,28.0,28.0,28.0,0.0,1.0,24.0,0.0,0.0,1.0,75.0,1.0,0.0,3.0,0.0,1.8,27.318700100295246,0.41560002136975527,3.7202000385150313,11.16969995200634,7.967700017616153,4.0,3.9069000631570816,2.620300045236945,5.456999992020428,0.000500003807246685
1,190,190,3.8521586298304125,0,0,2.0,4.0,1.0,1.0,1.0,0.7765675187110901,1.0,1.0,1.0,0.7587451934814453,0.7270443439483643,1.0,1.0,1.0,0.7270443439483643,1.0,0.7765675187110901,0.7270443439483643,1.0,0.0,0.5095042586326599,1.0,1.0,0.944999635219574,0.46237558126449585,0.4674997627735138,0.0,-0.0004954572068527341,0.7949488162994385,-0.6066765189170837,0.0,0.0,0.0,0.0,0.0,0.0,186.44091796875,18.644365310668945,25.0,19.884628295898438,25.0,18.644365310668945,0.0,1.0,0.7457746124267578,1.0,0.0,0.0,0.0,0.0,0.0,0.1933721899986267,1.1707126869302078,0.77897540807724,1.6890983448243382,0.02,-0.0,-0.0010940289652843728,-0.00017308652766464776,0.5636543273925781,0.15,-0.0,0.0,0.0,-0.0,0.0,0.0,0.0,0.0,0.35,0.0,0.0,0.0,0.0,0.0,0.0,0.0,0.0,0.25,-0.0,-3.938720703125,0.0,-0.8066278100013733,-0.0,-0.492340087890625,-0.492340087890625,-0.05,0.54897540807724,0.36598360538482666,0.2,0.0,-0.0,-0.0,-0.0,0.8,1.0,-0.0,0.0,-0.0,-0.0,0.0,0.0,0.0,0.4583254750305787,-0.0,-0.0,-0.11090165517566185,0.02,0.0,0.0,0.0,0.0,0.0,0.0,0.36598360538482666,32.99943420220166,32.4,1.0,0.0,0.0,1.0,2.0,4.0,0.0,1.0,0.0,1.0,0.0,0.0,0.0,0.0,0.0,0.0,0.0,0.0,0.0,0.0,0.0,0.0,0.0,0.0,0.0,0.0,0.0,0.0,0.0,36.31083297729492,200.00079345703125,36.34218215942383,199.6823272705078,0.03134918212890625,-0.3184661865234375,0.3200054466724396,-1.472674425702235,-0.2603020668029785,-0.9655272364616394,0.0,-14.853507041931152,10.219110488891602,0.0,28.0,28.0,28.0,0.0,1.0,24.0,0.0,0.0,1.0,74.0,1.0,0.0,3.0,0.0,1.84,81.05100004468113,0.54390006698668,7.177699939347804,54.2905000038445,29.296500026248395,4.0,15.041499980725348,3.3319999929517508,0.6300000241026282,0.000400003045797348
1,191,191,2.7855803119292317,0,0,2.0,3.0,1.0,1.0,1.0,0.7953851222991943,1.0,1.0,1.0,0.778319239616394,0.7457746267318726,1.0,1.0,1.0,0.7457746267318726,1.0,0.7953851222991943,0.7457746267318726,1.0,0.0,0.5116146802902222,1.0,1.0,0.9442276358604431,0.4714204967021942,0.5496036410331726,0.0,0.0013587524881586432,0.7948828339576721,-0.6067630052566528,0.0,0.0,0.0,0.0,0.0,0.0,185.9511260986328,18.644365310668945,25.0,19.884628295898438,25.0,18.644365310668945,0.0,1.0,0.7457746124267578,1.0,0.0,0.0,0.0,0.0,0.0,0.20234918594360352,0.5975664990296423,0.7506646502017975,1.2149999767541886,0.02,-0.0,-0.0010940289652843728,-0.00017308652766464776,0.0,0.15,-0.0,0.0,0.0,-0.0,0.0,0.0,0.0,0.0,0.35,0.0,0.0,0.0,0.0,0.0,0.0,0.0,0.0,0.25,-0.0,-3.9183349609375,0.0,-0.7976508140563965,-0.0,-0.4897918701171875,-0.4897918701171875,-0.05,0.5446646511554718,0.3631097674369812,0.2,0.0,-0.0,-0.0,-0.0,0.5599999904632569,0.699999988079071,-0.0,0.0,-0.0,-0.0,0.0,0.0,0.0,0.4488336145225913,-0.04500000178813934,-0.0,-0.0,0.02,0.0,0.0,0.0,0.0,0.0,0.0,0.3631097674369812,32.31602024562657,32.4,0.0,0.6,0.0,0.699999988079071,2.0,3.0,0.0,0.699999988079071,0.0,0.699999988079071,0.0,0.0,0.0,0.0,0.0,0.0,0.0,0.0,0.0,0.0,0.0,0.0,0.0,0.0,0.0,0.0,0.0,0.0,0.0,36.34210205078125,199.6825714111328,36.37345504760742,199.36410522460938,0.031352996826171875,-0.3184661865234375,0.3200058043003082,-1.4726625623918457,-0.26085805892944336,-0.965377151966095,0.0,-14.853507041931152,10.219110488891602,0.0,28.0,28.0,28.0,0.0,1.0,24.0,0.0,0.0,1.0,73.0,1.0,0.0,3.0,0.0,1.88,38.84290007408708,0.5970000056549907,3.8146000588312745,24.54689994920045,10.65989991184324,4.0,6.017599953338504,3.12630005646497,0.7064000237733126,0.000500003807246685
1,192,192,5.423125094259351,0,0,2.0,4.0,1.0,1.0,1.0,0.7953851222991943,1.0,1.0,1.0,0.778319239616394,0.7457746267318726,1.0,1.0,1.0,0.7457746267318726,1.0,0.7953851222991943,0.7457746267318726,1.0,0.0,0.5137101411819458,1.0,1.0,0.9434506297111511,0.46165743470191956,-0.593241274356842,0.0,0.0013587524881586432,0.7949365973472595,-0.6066924929618835,0.0,0.0,0.0,0.0,0.0,0.0,185.46156311035156,19.12169647216797,25.0,20.361339569091797,25.0,19.12169647216797,0.0,1.0,0.7648678588867187,1.0,0.0,0.0,0.0,0.0,0.0,0.20200741291046143,1.1771705799177223,2.3259746867418287,1.697972414689339,0.02,-0.0,-0.0009580133598820456,-0.0001430020784502124,0.572301483154297,0.15,-0.0,0.0,0.0,-0.0,0.0,0.0,0.0,0.0,0.35,0.0,0.0,0.0,0.0,0.0,0.0,0.0,0.0,0.25,-0.0,-3.91650390625,0.0,-0.7979925870895386,-0.0,-0.48956298828125,-0.48956298828125,1.5,0.5459746867418289,0.3639831244945526,0.2,0.0,-0.0,-0.0,-0.0,0.8,1.0,-0.0,0.0,-0.0,-0.0,0.0,0.0,0.0,0.4559701122017577,-0.04500000178813934,-0.0,-0.057027583522521755,0.02,0.0,0.0,0.0,0.0,0.0,0.0,0.3639831244945526,32.82984807852655,32.4,1.0,0.0,0.0,1.0,2.0,4.0,0.0,1.0,0.0,1.0,0.0,0.0,0.0,0.0,0.0,0.0,0.0,0.0,0.0,0.0,0.0,0.0,0.0,0.0,0.0,0.0,0.0,0.0,0.0,36.373374938964844,199.36434936523438,36.40473175048828,199.04588317871094,0.0313568115234375,-0.3184661865234375,0.32000619173049927,-1.4726506932416192,-0.2614156901836395,-0.9652262926101685,0.0,-14.853507041931152,10.219110488891602,0.0,28.0,28.0,28.0,0.0,1.0,24.0,0.0,0.0,1.0,72.0,1.0,0.0,3.0,0.0,1.92,49.280400038696826,0.6241999799385667,5.5559000466018915,35.009599989280105,27.477100025862455,4.0,4.430899978615344,2.943499945104122,0.6920000305399299,0.000400003045797348
1,193,193,3.970342672623308,0,0,2.0,4.0,1.0,1.0,1.0,0.8144536018371582,1.0,1.0,1.0,0.7982712388038635,0.7648678421974182,1.0,1.0,1.0,0.7648678421974182,1.0,0.8144536018371582,0.7648678421974182,1.0,0.0,0.5158074498176575,1.0,1.0,0.9426633715629578,0.4689978361129761,0.4460310935974121,0.0,0.0014009819133207202,0.7948518991470337,-0.6068034768104553,0.0,0.0,0.0,0.0,0.0,0.0,184.94589233398438,19.596471786499023,25.0,20.838314056396484,25.0,19.596471786499023,0.0,1.0,0.7838588714599609,1.0,0.0,0.0,0.0,0.0,0.0,0.2119976282119751,1.1665778048407158,0.7717672395706177,1.8,0.02,-0.0,-0.0008419222685489431,-0.00011826750367492776,0.5714897155761719,0.15,-0.0,0.0,0.0,-0.0,0.0,0.0,0.0,0.0,0.35,0.0,0.0,0.0,0.0,0.0,0.0,0.0,0.0,0.25,-0.0,-4.1253662109375,0.0,-0.7880023717880249,-0.0,-0.5156707763671875,-0.5156707763671875,-0.05,0.5417672395706177,0.3611781597137451,0.2,0.0,-0.0,-0.0,-0.0,0.8,1.0,-0.0,0.0,-0.0,-0.0,0.0,0.0,0.0,0.4460482790367679,-0.0,-0.0,-0.0,0.02,0.0,0.0,0.0,0.0,0.0,0.0,0.3611781597137451,32.115476090647284,32.4,0.0,0.6,0.0,1.0,2.0,4.0,0.0,1.0,0.0,1.0,0.0,0.0,0.0,0.0,0.0,0.0,0.0,0.0,0.0,0.0,0.0,0.0,0.0,0.0,0.0,0.0,0.0,0.0,0.0,36.4046516418457,199.04612731933594,36.32490539550781,198.73622131347656,-0.07974624633789062,-0.309906005859375,0.32000187039375305,-1.822656175796055,-0.261974960565567,-0.9650746583938599,0.0,-14.853507041931152,10.219110488891602,0.0,28.0,28.0,28.0,0.0,0.0,0.0,0.0,0.0,1.0,120.0,1.0,0.0,3.0,0.0,1.96,51.313300034962595,0.5856000352650881,7.96660000924021,34.18319998309016,15.778600005432963,4.0,4.617900005541742,2.846800023689866,1.074999920092523,0.000300002284348011
1,194,194,2.0852748533502092,0,0,2.0,2.0,1.0,1.0,1.0,0.8335325717926025,1.0,1.0,1.0,0.818084716796875,0.7838588953018188,1.0,1.0,1.0,0.7838588953018188,1.0,0.8335325717926025,0.7838588953018188,1.0,0.0,0.5169643759727478,1.0,1.0,0.9420664310455322,0.458792507648468,-0.6201145648956299,0.0,-0.0004637875535991043,0.7948939800262451,-0.6067484021186829,0.0,0.0,0.0,0.0,0.0,0.0,184.431396484375,19.596471786499023,25.0,20.838314056396484,25.0,19.596471786499023,0.0,1.0,0.7838588714599609,1.0,0.0,0.0,0.0,0.0,0.0,0.21842122077941895,0.5972283765092363,0.7171252632141113,0.5324999928474426,0.02,-0.0,-0.0008419222685489431,-0.00011826750367492776,0.0,0.15,-0.0,0.0,0.0,-0.0,0.0,0.0,0.0,0.0,0.35,0.0,0.0,0.0,0.0,0.0,0.0,0.0,0.0,0.25,-0.0,-4.115966796875,0.0,-0.781578779220581,-0.0,-0.514495849609375,-0.514495849609375,-0.05,0.5391252636909485,0.3594168424606323,0.2,0.0,-0.0,-0.0,-0.0,0.27999999523162844,0.3499999940395355,-0.0,0.0,-0.0,-0.0,0.0,0.0,0.0,0.44818856628146025,-0.09749999642372131,-0.0,-0.0,0.02,0.0,0.0,0.0,0.0,0.0,0.0,0.3594168424606323,32.26957677226514,23.26086922832157,0.4206521686004555,0.0,0.0,0.3499999940395355,2.0,2.0,0.0,0.3499999940395355,0.0,0.3499999940395355,0.0,0.0,0.0,0.0,0.0,0.0,0.0,0.0,0.0,0.0,0.0,0.0,0.0,0.0,0.0,0.0,0.0,0.0,0.0,36.324378967285156,198.73675537109375,36.24053955078125,198.4279327392578,-0.08383941650390625,-0.3088226318359375,0.3200007379055023,-1.8358878374571979,-0.2619926631450653,-0.9650699496269226,0.0,-14.853507041931152,10.219110488891602,0.0,28.0,28.0,28.0,0.0,0.0,0.0,0.0,0.0,1.0,120.0,1.0,0.0,3.0,0.0,2.0,50.22780003491789,0.5909999599680305,5.720700020901859,34.860000014305115,25.258000008761883,4.0,5.492100026458502,2.799200010485947,0.7291000802069902,0.000400003045797348
1,195,195,3.805906623143783,0,0,2.0,4.0,1.0,1.0,1.0,0.8335325717926025,1.0,1.0,1.0,0.818084716796875,0.7838588953018188,1.0,1.0,1.0,0.7838588953018188,1.0,0.8335325717926025,0.7838588953018188,1.0,0.0,0.51808100938797,1.0,1.0,0.9414729475975037,0.4609939455986023,0.13376794755458832,0.0,-0.0004637875535991043,0.7948444485664368,-0.6068132519721985,0.0,0.0,0.0,0.0,0.0,0.0,183.91456604003906,20.069894790649414,25.0,21.311491012573242,25.0,20.069894790649414,0.0,1.0,0.8027957916259766,1.0,0.0,0.0,0.0,0.0,0.0,0.20881009101867676,1.1740042535969655,0.7775424826145172,1.6255497959136238,0.02,-0.0,-0.0007436240100611657,-9.786410546162641e-05,0.5679107666015626,0.15,-0.0,0.0,0.0,-0.0,0.0,0.0,0.0,0.0,0.35,0.0,0.0,0.0,0.0,0.0,0.0,0.0,0.0,0.25,-0.0,-4.1346435546875,0.0,-0.7911899089813232,-0.0,-0.5168304443359375,-0.5168304443359375,-0.05,0.5475424826145172,0.3650283217430115,0.2,0.0,-0.0,-0.0,-0.0,0.8,1.0,-0.0,0.0,-0.0,-0.0,0.0,0.0,0.0,0.45693497511092573,-0.09749999642372131,-0.0,-0.07695020766265503,0.02,0.0,0.0,0.0,0.0,0.0,0.0,0.3650283217430115,32.89931820798665,32.4,1.0,0.0,0.0,1.0,2.0,4.0,0.0,1.0,0.0,1.0,0.0,0.0,0.0,0.0,0.0,0.0,0.0,0.0,0.0,0.0,0.0,0.0,0.0,0.0,0.0,0.0,0.0,0.0,0.0,36.240230560302734,198.42825317382812,36.156394958496094,198.1194305419922,-0.08383560180664062,-0.3088226318359375,0.31999972462654114,-1.835876341830054,-0.2619907557964325,-0.965070366859436,0.0,-14.853507041931152,10.219110488891602,0.0,28.0,28.0,28.0,0.0,0.0,0.0,0.0,0.0,1.0,120.0,1.0,0.0,3.0,0.0,2.04,49.779799999669194,0.6095001008361578,7.220399915240705,34.359100041911006,17.273199977353215,4.0,4.0868999203667045,2.8116999892517924,0.6558001041412354,0.000500003807246685
1,196,196,3.407682707794909,0,0,2.0,4.0,1.0,1.0,1.0,0.8524596691131592,1.0,1.0,1.0,0.837887704372406,0.8027957677841187,1.0,1.0,1.0,0.8027957677841187,1.0,0.8524596691131592,0.8027957677841187,1.0,0.0,0.5192282199859619,1.0,1.0,0.9408640265464783,0.46999025344848633,0.5466505289077759,0.0,0.0020523101557046175,0.794745683670044,-0.6069425940513611,0.0,0.0,0.0,0.0,0.0,0.0,183.39999389648438,20.069894790649414,25.0,21.311491012573242,25.0,20.069894790649414,0.0,1.0,0.8027957916259766,1.0,0.0,0.0,0.0,0.0,0.0,0.21770405769348145,0.596656131633524,0.7733225184679031,1.8,0.02,-0.0,-0.0007436240100611657,-9.786410546162641e-05,0.0,0.15,-0.0,0.0,0.0,-0.0,0.0,0.0,0.0,0.0,0.35,0.0,0.0,0.0,0.0,0.0,0.0,0.0,0.0,0.25,-0.0,-4.1165771484375,0.0,-0.7822959423065186,-0.0,-0.5145721435546875,-0.5145721435546875,-0.05,0.5433225184679031,0.3622150123119354,0.2,0.0,-0.0,-0.0,-0.0,0.8,1.0,-0.0,0.0,-0.0,-0.0,0.0,0.0,0.0,0.44749761974904684,-0.0,-0.0,-0.0,0.02,0.0,0.0,0.0,0.0,0.0,0.0,0.3622150123119354,32.21982862193137,32.4,0.0,0.6,0.0,1.0,2.0,4.0,0.0,1.0,0.0,1.0,0.0,0.0,0.0,0.0,0.0,0.0,0.0,0.0,0.0,0.0,0.0,0.0,0.0,0.0,0.0,0.0,0.0,0.0,0.0,36.156253814697266,198.11972045898438,36.072418212890625,197.81089782714844,-0.08383560180664062,-0.3088226318359375,0.31999972462654114,-1.835876341830054,-0.2619897127151489,-0.9650706052780151,0.0,-14.853507041931152,10.219110488891602,0.0,28.0,28.0,28.0,0.0,0.0,0.0,0.0,0.0,1.0,120.0,1.0,0.0,3.0,0.0,2.08,31.277599977329373,0.5074000218883157,7.052499917335808,15.585600049234927,12.2231999412179,4.0,4.701600060798228,2.8135000029578805,0.5897999508306384,0.000500003807246685
1,197,197,3.89658992233036,0,0,2.0,4.0,1.0,1.0,1.0,0.8524596691131592,1.0,1.0,1.0,0.837887704372406,0.8027957677841187,1.0,1.0,1.0,0.8027957677841187,1.0,0.8524596691131592,0.8027957677841187,1.0,0.0,0.5203630924224854,1.0,1.0,0.9402526617050171,0.4602832794189453,-0.5898346900939941,0.0,0.0020523101557046175,0.7947747707366943,-0.6069045066833496,0.0,0.0,0.0,0.0,0.0,0.0,182.88507080078125,20.544002532958984,24.837520599365234,21.786062240600586,25.0,20.544002532958984,0.0,1.0,0.8217601013183594,0.9935008239746094,0.0,0.0,0.0,0.0,0.0,0.21597802639007568,1.1247428943186624,0.7747100698947906,1.7611589317268312,0.02,-0.0,-0.0006594407002690367,-8.095850508056807e-05,0.5205562591552735,0.15,-0.0,0.0,0.0,-0.0,0.0,0.0,0.0,0.0,0.35,0.0,0.0,0.0,0.0,0.0,0.0,0.0,0.0,0.25,-0.0,-4.119384765625,0.0,-0.7840219736099243,-0.0,-0.514923095703125,-0.514923095703125,-0.05,0.5447100698947906,0.3631400465965271,0.2,0.0,-0.0,-0.0,-0.0,0.8,1.0,-0.0,0.0,-0.0,-0.0,0.0,0.0,0.0,0.45492703436873855,-0.0,-0.0,-0.03884106827316885,0.02,0.0,0.0,0.0,0.0,0.0,0.0,0.3631400465965271,32.75474647454917,32.4,1.0,0.0,0.0,1.0,2.0,4.0,0.0,1.0,0.0,1.0,0.0,0.0,0.0,0.0,0.0,0.0,0.0,0.0,0.0,0.0,0.0,0.0,0.0,0.0,0.0,0.0,0.0,0.0,0.0,36.072364807128906,197.8111572265625,35.988529205322266,197.50233459472656,-0.08383560180664062,-0.3088226318359375,0.31999972462654114,-1.835876341830054,-0.26198911666870117,-0.9650707840919495,0.0,-14.853507041931152,10.219110488891602,0.0,28.0,28.0,28.0,0.0,0.0,0.0,0.0,0.0,1.0,120.0,1.0,0.0,3.0,0.0,2.12,49.78090000804514,0.5266999360173941,7.613199995830655,35.19409999717027,17.333999974653125,4.0,3.664799965918064,2.0340000046417117,0.7191000040620565,0.000400003045797348
1,198,198,2.800408001944199,0,0,2.0,3.0,1.0,1.0,0.993500828742981,0.8714424967765808,1.0,1.0,1.0,0.8577377200126648,0.8217601180076599,1.0,1.0,1.0,0.8217601180076599,0.993500828742981,0.8714424967765808,0.8217601180076599,1.0,0.0,0.5214990973472595,1.0,1.0,0.939633846282959,0.46792495250701904,0.46433842182159424,0.0,0.0022599957883358,0.7946810722351074,-0.6070272326469421,0.0,0.0,0.0,0.0,0.0,0.0,182.37229919433594,20.544002532958984,24.837520599365234,21.786062240600586,25.0,20.544002532958984,0.0,1.0,0.8217601013183594,0.9935008239746094,0.0,0.0,0.0,0.0,0.0,0.22442758083343506,0.594422613784447,0.7465578305721283,1.2149999767541886,0.02,-0.0,-0.0006594407002690367,-8.095850508056807e-05,0.0,0.15,-0.0,0.0,0.0,-0.0,0.0,0.0,0.0,0.0,0.35,0.0,0.0,0.0,0.0,0.0,0.0,0.0,0.0,0.25,-0.0,-4.1021728515625,0.0,-0.7755724191665649,-0.0,-0.5127716064453125,-0.5127716064453125,-0.05,0.5405578315258026,0.3603718876838684,0.2,0.0,-0.0,-0.0,-0.0,0.5599999904632569,0.699999988079071,-0.0,0.0,-0.0,-0.0,0.0,0.0,0.0,0.4451630129897967,-0.04500000178813934,-0.0,-0.0,0.02,0.0,0.0,0.0,0.0,0.0,0.0,0.3603718876838684,32.05173693526536,32.4,0.0,0.6,0.0,0.699999988079071,2.0,3.0,0.0,0.699999988079071,0.0,0.699999988079071,0.0,0.0,0.0,0.0,0.0,0.0,0.0,0.0,0.0,0.0,0.0,0.0,0.0,0.0,0.0,0.0,0.0,0.0,0.0,35.98851013183594,197.50259399414062,35.9046745300293,197.1937713623047,-0.08383560180664062,-0.3088226318359375,0.31999972462654114,-1.835876341830054,-0.26198869943618774,-0.9650709629058838,0.0,-14.853507041931152,10.219110488891602,0.0,28.0,28.0,28.0,0.0,0.0,0.0,0.0,0.0,1.0,120.0,1.0,0.0,3.0,0.0,2.16,28.213699930347502,0.5607999628409743,6.543800001963973,14.538499992340803,10.313799954019487,4.0,3.8143000565469265,2.0758999744430184,0.652099959552288,0.000400003045797348
1,199,199,3.775247170910798,0,0,2.0,4.0,1.0,1.0,0.993500828742981,0.8714424967765808,1.0,1.0,1.0,0.8577377200126648,0.8217601180076599,1.0,1.0,1.0,0.8217601180076599,0.993500828742981,0.8714424967765808,0.8217601180076599,1.0,0.0,0.5226218700408936,1.0,1.0,0.9390127062797546,0.45788195729255676,-0.6102513074874878,0.0,0.0022599957883358,0.7947341799736023,-0.6069576144218445,0.0,0.0,0.0,0.0,0.0,0.0,181.8594207763672,21.0181827545166,24.316612243652344,22.261188507080078,25.0,21.0181827545166,0.0,1.0,0.840727310180664,0.9726644897460938,0.0,0.0,0.0,0.0,0.0,0.22381389141082764,1.015467037015862,0.7719569164514541,1.7440093260326544,0.02,-0.0,-0.0005874969132283861,-6.697133230838752e-05,0.4135005950927735,0.15,-0.0,0.0,0.0,-0.0,0.0,0.0,0.0,0.0,0.35,0.0,0.0,0.0,0.0,0.0,0.0,0.0,0.0,0.25,-0.0,-4.10302734375,0.0,-0.7761861085891724,-0.0,-0.51287841796875,-0.51287841796875,-0.05,0.5419569164514542,0.3613046109676361,0.2,0.0,-0.0,-0.0,-0.0,0.8,1.0,-0.0,0.0,-0.0,-0.0,0.0,0.0,0.0,0.4526209101686254,-0.04500000178813934,-0.0,-0.01099067217920626,0.02,0.0,0.0,0.0,0.0,0.0,0.0,0.3613046109676361,32.58870553214103,32.4,1.0,0.0,0.0,1.0,2.0,4.0,0.0,1.0,0.0,1.0,0.0,0.0,0.0,0.0,0.0,0.0,0.0,0.0,0.0,0.0,0.0,0.0,0.0,0.0,0.0,0.0,0.0,0.0,0.0,35.9046745300293,197.19403076171875,35.820838928222656,196.8852081298828,-0.08383560180664062,-0.3088226318359375,0.31999972462654114,-1.835876341830054,-0.2619883716106415,-0.9650710225105286,0.0,-14.853507041931152,10.219110488891602,0.0,28.0,28.0,28.0,0.0,0.0,0.0,0.0,0.0,1.0,120.0,1.0,0.0,3.0,0.0,2.2,51.641799975186586,0.6665999535471201,7.575900061056018,36.32279997691512,27.245600009337068,4.0,4.283000016584992,2.1582000190392137,0.6067999638617039,0.000300002284348011
1,200,200,3.826023666279704,0,0,2.0,4.0,1.0,0.981248676776886,0.972664475440979,0.8904475569725037,1.0,1.0,1.0,0.8775222301483154,0.8407273292541504,1.0,1.0,1.0,0.8407273292541504,0.972664475440979,0.8904475569725037,0.8407273292541504,1.0,0.0,0.5237476825714111,1.0,1.0,0.9383837580680847,0.4655529260635376,0.46611857414245605,0.0,0.0013448101235553622,0.7946511507034302,-0.6070663928985596,0.0,0.0,0.0,0.0,0.0,0.0,181.34912109375,21.490039825439453,23.798917770385742,22.7343692779541,25.0,21.490039825439453,0.0,1.0,0.8596015930175781,0.9519567108154297,0.0,0.0,0.0,0.0,0.0,0.23384565114974976,1.004358182566554,0.7678198325634003,1.8,0.02,-0.0,-0.0005263229127841813,-5.5452224125593895e-05,0.41197910308837893,0.15,-0.0,0.0,0.0,-0.0,0.0,0.0,0.0,0.0,0.35,0.0,0.0,0.0,0.0,0.0,0.0,0.0,0.0,0.25,-0.0,-4.0823974609375,0.0,-0.7661543488502502,-0.0,-0.5102996826171875,-0.5102996826171875,-0.05,0.5378198325634003,0.35854655504226685,0.2,0.0,-0.0,-0.0,-0.0,0.8,1.0,-0.0,0.0,-0.0,-0.0,0.0,0.0,0.0,0.44296085461508483,-0.0,-0.0,-0.0,0.02,0.0,0.0,0.0,0.0,0.0,0.0,0.35854655504226685,31.893181532286107,32.4,0.0,0.6,0.0,1.0,2.0,4.0,0.0,1.0,0.0,1.0,0.0,0.0,0.0,0.0,0.0,0.0,0.0,0.0,0.0,0.0,0.0,0.0,0.0,0.0,0.0,0.0,0.0,0.0,0.0,35.82084274291992,196.88546752929688,35.73700714111328,196.57664489746094,-0.08383560180664062,-0.3088226318359375,0.31999972462654114,-1.835876341830054,-0.2619880437850952,-0.9650711417198181,0.0,-14.853507041931152,10.219110488891602,0.0,28.0,28.0,28.0,0.0,0.0,0.0,0.0,0.0,1.0,120.0,1.0,0.0,3.0,0.0,2.24,48.37450000923127,0.42269995901733637,7.84209999255836,30.37870000116527,16.11109997611493,4.0,5.97679999191314,3.0184000497683883,0.686999992467463,0.000500003807246685
1,201,201,3.4228472987976644,0,0,2.0,4.0,1.0,0.9603559374809265,0.9519566893577576,0.9093747735023499,1.0,1.0,1.0,0.8972326517105103,0.859601616859436,1.0,1.0,1.0,0.859601616859436,0.9519566893577576,0.9093747735023499,0.859601616859436,1.0,0.0,0.5248633623123169,1.0,1.0,0.9377519488334656,0.45561689138412476,-0.6037534475326538,0.0,-0.000266830378677696,0.7946832180023193,-0.6070243716239929,0.0,0.0,0.0,0.0,0.0,0.0,180.8389129638672,21.490039825439453,23.798917770385742,22.7343692779541,25.0,21.490039825439453,0.0,1.0,0.8596015930175781,0.9519567108154297,0.0,0.0,0.0,0.0,0.0,0.234075665473938,0.5998518078944988,0.7692206162214279,1.7996992092077995,0.02,-0.0,-0.0005263229127841813,-5.5452224125593895e-05,0.0,0.15,-0.0,0.0,0.0,-0.0,0.0,0.0,0.0,0.0,0.35,0.0,0.0,0.0,0.0,0.0,0.0,0.0,0.0,0.25,-0.0,-4.0816650390625,0.0,-0.765924334526062,-0.0,-0.5102081298828125,-0.5102081298828125,-0.05,0.5392206162214279,0.3594804108142853,0.2,0.0,-0.0,-0.0,-0.0,0.8,1.0,-0.0,0.0,-0.0,-0.0,0.0,0.0,0.0,0.45043358303140857,-0.0,-0.0,-0.00030079079220064856,0.02,0.0,0.0,0.0,0.0,0.0,0.0,0.3594804108142853,32.431217978261415,32.4,1.0,0.0,0.0,1.0,2.0,4.0,0.0,1.0,0.0,1.0,0.0,0.0,0.0,0.0,0.0,0.0,0.0,0.0,0.0,0.0,0.0,0.0,0.0,0.0,0.0,0.0,0.0,0.0,0.0,35.73701477050781,196.576904296875,35.65317916870117,196.26808166503906,-0.08383560180664062,-0.3088226318359375,0.31999972462654114,-1.835876341830054,-0.26198771595954895,-0.9650711417198181,0.0,-14.853507041931152,10.219110488891602,0.0,28.0,28.0,28.0,0.0,0.0,0.0,0.0,0.0,1.0,120.0,1.0,0.0,3.0,0.0,2.28,46.81249998975545,0.5994000239297748,8.516100002452731,31.843799981288612,14.546999940648675,4.0,3.518299898132682,1.700800028629601,0.6056000711396337,0.000400003045797348
1,202,202,3.7879759150876438,0,0,2.0,4.0,1.0,0.9603559374809265,0.9519566893577576,0.9093747735023499,1.0,1.0,1.0,0.8972326517105103,0.859601616859436,1.0,1.0,1.0,0.859601616859436,0.9519566893577576,0.9093747735023499,0.859601616859436,1.0,0.0,0.5259837508201599,1.0,1.0,0.9371118545532227,0.4633031189441681,0.46704551577568054,0.0,-0.000266830378677696,0.7945772409439087,-0.6071630716323853,0.0,0.0,0.0,0.0,0.0,0.0,180.3311004638672,21.958879470825195,23.155654907226562,23.20270538330078,25.0,21.958879470825195,0.0,1.0,0.8783551788330078,0.9262261962890626,0.0,0.0,0.0,0.0,0.0,0.24340927600860596,0.959488337053243,0.765078302025795,1.8,0.02,-0.0,-0.00047456949888858045,-4.5969860044094034e-05,0.36922588348388674,0.15,-0.0,0.0,0.0,-0.0,0.0,0.0,0.0,0.0,0.35,0.0,0.0,0.0,0.0,0.0,0.0,0.0,0.0,0.25,-0.0,-4.0625,0.0,-0.756590723991394,-0.0,-0.5078125,-0.5078125,-0.05,0.535078302025795,0.35671886801719666,0.2,0.0,-0.0,-0.0,-0.0,0.8,1.0,-0.0,0.0,-0.0,-0.0,0.0,0.0,0.0,0.4407829929282889,-0.0,-0.0,-0.0,0.02,0.0,0.0,0.0,0.0,0.0,0.0,0.35671886801719666,31.736375490836796,32.4,0.0,0.6,0.0,1.0,2.0,4.0,0.0,1.0,0.0,1.0,0.0,0.0,0.0,0.0,0.0,0.0,0.0,0.0,0.0,0.0,0.0,0.0,0.0,0.0,0.0,0.0,0.0,0.0,0.0,35.65319061279297,196.26834106445312,35.56935501098633,195.9595184326172,-0.08383560180664062,-0.3088226318359375,0.31999972462654114,-1.835876341830054,-0.26198747754096985,-0.9650712609291077,0.0,-14.853507041931152,10.219110488891602,0.0,28.0,28.0,28.0,0.0,0.0,0.0,0.0,0.0,1.0,120.0,1.0,0.0,3.0,0.0,2.32,61.826399993151426,0.7218999089673162,6.522900075651705,45.54900003131479,19.368099980056286,4.0,4.76929999422282,3.5871999571099877,0.6345000583678484,0.000500003807246685
1,203,203,2.8157867346697265,0,0,2.0,3.0,1.0,0.9395893216133118,0.9262261986732483,0.9281082153320312,1.0,1.0,1.0,0.9168509840965271,0.8783552050590515,1.0,1.0,1.0,0.8783552050590515,0.9262261986732483,0.9281082153320312,0.8783552050590515,1.0,0.0,0.5270926356315613,1.0,1.0,0.9364691972732544,0.45337679982185364,-0.6031618714332581,0.0,-0.0005346995894797146,0.7945975661277771,-0.6071364879608154,0.0,0.0,0.0,0.0,0.0,0.0,179.82369995117188,21.958879470825195,23.155654907226562,23.20270538330078,25.0,21.958879470825195,0.0,1.0,0.8783551788330078,0.9262261962890626,0.0,0.0,0.0,0.0,0.0,0.24481797218322754,0.5953130219870023,0.740655763745308,1.2149999767541886,0.02,-0.0,-0.00047456949888858045,-4.5969860044094034e-05,0.0,0.15,-0.0,0.0,0.0,-0.0,0.0,0.0,0.0,0.0,0.35,0.0,0.0,0.0,0.0,0.0,0.0,0.0,0.0,0.25,-0.0,-4.0592041015625,0.0,-0.7551820278167725,-0.0,-0.5074005126953125,-0.5074005126953125,-0.05,0.5346557646989822,0.35643717646598816,0.2,0.0,-0.0,-0.0,-0.0,0.5599999904632569,0.699999988079071,-0.0,0.0,-0.0,-0.0,0.0,0.0,0.0,0.44583356134593494,-0.04500000178813934,-0.0,-0.0,0.02,0.0,0.0,0.0,0.0,0.0,0.0,0.35643717646598816,32.100016416907316,32.4,0.7326086850269979,0.0,0.0,0.699999988079071,2.0,3.0,0.0,0.699999988079071,0.0,0.699999988079071,0.0,0.0,0.0,0.0,0.0,0.0,0.0,0.0,0.0,0.0,0.0,0.0,0.0,0.0,0.0,0.0,0.0,0.0,0.0,35.569366455078125,195.95977783203125,35.485530853271484,195.6509552001953,-0.08383560180664062,-0.3088226318359375,0.31999972462654114,-1.835876341830054,-0.26198717951774597,-0.9650713801383972,0.0,-14.853507041931152,10.219110488891602,0.0,28.0,28.0,28.0,0.0,0.0,0.0,0.0,0.0,1.0,120.0,1.0,0.0,3.0,0.0,2.36,39.42970000207424,0.815299921669066,7.917500101029873,20.704300026409328,15.520000015385449,4.0,6.374099990352988,2.3889000294730067,1.1937000090256333,0.000400003045797348
1,204,204,3.7599712871589435,0,0,2.0,4.0,1.0,0.9395893216133118,0.9262261986732483,0.9281082153320312,1.0,1.0,1.0,0.9168509840965271,0.8783552050590515,1.0,1.0,1.0,0.8783552050590515,0.9262261986732483,0.9281082153320312,0.8783552050590515,1.0,0.0,0.5281972289085388,1.0,1.0,0.9358205795288086,0.4585716724395752,0.3156605362892151,0.0,-0.0005346995894797146,0.7945259809494019,-0.6072301864624023,0.0,0.0,0.0,0.0,0.0,0.0,179.31324768066406,22.425893783569336,22.647079467773438,23.669092178344727,25.0,22.425893783569336,0.0,1.0,0.8970357513427735,0.9058831787109375,0.0,0.0,0.0,0.0,0.0,0.23254048824310303,1.0114427917106517,0.7743872660398483,1.7216007411653402,0.02,-0.0,-0.0004304666700243657,-3.813682078357347e-05,0.40734252929687503,0.15,-0.0,0.0,0.0,-0.0,0.0,0.0,0.0,0.0,0.35,0.0,0.0,0.0,0.0,0.0,0.0,0.0,0.0,0.25,-0.0,-4.0836181640625,0.0,-0.767459511756897,-0.0,-0.5104522705078125,-0.5104522705078125,-0.05,0.5443872660398483,0.36292484402656555,0.2,0.0,-0.0,-0.0,-0.0,0.8,1.0,-0.0,0.0,-0.0,-0.0,0.0,0.0,0.0,0.45456886590458456,-0.04500000178813934,-0.0,-0.0333992570465205,0.02,0.0,0.0,0.0,0.0,0.0,0.0,0.36292484402656555,32.72895834513009,32.4,1.0,0.0,0.0,1.0,2.0,4.0,0.0,1.0,0.0,1.0,0.0,0.0,0.0,0.0,0.0,0.0,0.0,0.0,0.0,0.0,0.0,0.0,0.0,0.0,0.0,0.0,0.0,0.0,0.0,35.48554229736328,195.65121459960938,35.40170669555664,195.34239196777344,-0.08383560180664062,-0.3088226318359375,0.31999972462654114,-1.835876341830054,-0.2619869112968445,-0.965071439743042,0.0,-14.853507041931152,10.219110488891602,0.0,28.0,28.0,28.0,0.0,0.0,0.0,0.0,0.0,1.0,120.0,1.0,0.0,3.0,0.0,2.4,65.83999993745238,0.721300020813942,8.07029998395592,47.976099886000156,24.978100089356303,4.0,5.287199979647994,3.010899992659688,0.7397999288514256,0.000500003807246685
1,205,205,3.4259264110383083,0,0,2.0,4.0,1.0,0.9189600348472595,0.9058831930160522,0.9467636942863464,1.0,1.0,1.0,0.9364050030708313,0.8970357775688171,1.0,1.0,1.0,0.8970357775688171,0.9058831930160522,0.9467636942863464,0.8970357775688171,1.0,0.0,0.5293330550193787,1.0,1.0,0.9351544380187988,0.46755653619766235,0.545956552028656,0.0,0.001263075857423246,0.7944676280021667,-0.6073065400123596,0.0,0.0,0.0,0.0,0.0,0.0,178.80506896972656,22.425893783569336,22.647079467773438,23.669092178344727,25.0,22.425893783569336,0.0,1.0,0.8970357513427735,0.9058831787109375,0.0,0.0,0.0,0.0,0.0,0.24125468730926514,0.5945799707230619,0.7700917530059814,1.8,0.02,-0.0,-0.0004304666700243657,-3.813682078357347e-05,0.0,0.15,-0.0,0.0,0.0,-0.0,0.0,0.0,0.0,0.0,0.35,0.0,0.0,0.0,0.0,0.0,0.0,0.0,0.0,0.25,-0.0,-4.0654296875,0.0,-0.7587453126907349,-0.0,-0.5081787109375,-0.5081787109375,-0.05,0.5400917530059814,0.3600611686706543,0.2,0.0,-0.0,-0.0,-0.0,0.8,1.0,-0.0,0.0,-0.0,-0.0,0.0,0.0,0.0,0.4450485742138699,-0.0,-0.0,-0.0,0.02,0.0,0.0,0.0,0.0,0.0,0.0,0.3600611686706543,32.04349734339863,32.4,0.0,0.6,0.0,1.0,2.0,4.0,0.0,1.0,0.0,1.0,0.0,0.0,0.0,0.0,0.0,0.0,0.0,0.0,0.0,0.0,0.0,0.0,0.0,0.0,0.0,0.0,0.0,0.0,0.0,35.40171813964844,195.3426513671875,35.3178825378418,195.03382873535156,-0.08383560180664062,-0.3088226318359375,0.31999972462654114,-1.835876341830054,-0.2619866132736206,-0.9650715589523315,0.0,-14.853507041931152,10.219110488891602,0.0,28.0,28.0,28.0,0.0,0.0,0.0,0.0,0.0,1.0,120.0,1.0,0.0,3.0,0.0,2.44,37.869099993258715,0.8407999994233251,9.561500046402216,18.193500000052154,14.60699993185699,4.0,5.205400055274367,2.9334999853745103,1.1045000283047557,0.0003998866304755211
1,206,206,3.785005121165382,0,0,2.0,4.0,1.0,0.9189600348472595,0.9058831930160522,0.9467636942863464,1.0,1.0,1.0,0.9364050030708313,0.8970357775688171,1.0,1.0,1.0,0.8970357775688171,0.9058831930160522,0.9467636942863464,0.8970357775688171,1.0,0.0,0.5304550528526306,1.0,1.0,0.934485912322998,0.45776423811912537,-0.595018208026886,0.0,0.001263075857423246,0.7945208549499512,-0.6072368621826172,0.0,0.0,0.0,0.0,0.0,0.0,178.29690551757812,21.94544792175293,21.94544792175293,24.144081115722656,25.0,22.898405075073242,0.0,1.0,0.8778179168701172,0.8778179168701172,0.0,0.0,0.0,0.0,0.0,0.2412211298942566,0.9603151480708508,0.7714439439773559,1.7920248992229186,0.02,-0.0,-0.00039207111731037644,-3.156900306794682e-05,0.35850620269775396,0.15,-0.0,0.0,0.0,-0.0,0.0,0.0,0.0,0.0,0.35,0.0,0.0,0.0,0.0,0.0,0.0,0.0,0.0,0.25,-0.0,-4.0653076171875,0.0,-0.7587788701057434,-0.0,-0.5081634521484375,-0.5081634521484375,-0.05,0.541443943977356,0.3609626293182373,0.2,0.0,-0.0,-0.0,-0.0,0.8,1.0,-0.0,0.0,-0.0,-0.0,0.0,0.0,0.0,0.4522325854934752,-0.0,-0.0,-0.007975100777081308,0.02,0.0,0.0,0.0,0.0,0.0,0.0,0.3609626293182373,32.56074615553021,32.4,1.0,0.0,0.0,1.0,2.0,4.0,0.0,1.0,0.0,1.0,0.0,0.0,0.0,0.0,0.0,0.0,0.0,0.0,0.0,0.0,0.0,0.0,0.0,0.0,0.0,0.0,0.0,0.0,0.0,35.317893981933594,195.03408813476562,35.23405838012695,194.7252655029297,-0.08383560180664062,-0.3088226318359375,0.31999972462654114,-1.835876341830054,-0.2619863450527191,-0.9650716185569763,0.0,-14.853507041931152,10.219110488891602,0.0,28.0,28.0,28.0,0.0,0.0,0.0,0.0,0.0,1.0,120.0,1.0,0.0,3.0,0.0,2.48,88.73489999677986,0.7538000354543328,9.507699985988438,63.28909995499998,28.801999986171722,4.0,9.752999991178513,4.390200017951429,1.0002999333664775,0.000500003807246685
1,207,207,3.4068232506495577,0,0,2.0,3.0,1.0,0.8979607224464417,0.8778179287910461,0.96576327085495,1.0,1.0,1.0,0.9560895562171936,0.9159362316131592,1.0,1.0,1.0,0.8778179287910461,0.8778179287910461,0.96576327085495,0.9159362316131592,1.0,0.0,0.5315807461738586,1.0,1.0,0.9338088631629944,0.4651535153388977,0.4490007162094116,0.0,0.0013829906238242984,0.7944369316101074,-0.6073466539382935,0.0,0.0,0.0,0.0,0.0,0.0,177.7913818359375,21.5635929107666,21.5635929107666,24.783248901367188,25.0,23.369443893432617,0.0,1.0,0.8625437164306641,0.8625437164306641,0.0,0.0,0.0,0.0,0.0,0.25138962268829346,1.1771883934718232,0.7432452577352524,1.2149999767541886,0.02,-0.0,-0.00034912395005835535,-2.6147672904027125e-05,0.5851932525634767,0.15,-0.0,0.0,0.0,-0.0,0.0,0.0,0.0,0.0,0.35,0.0,0.0,0.0,0.0,0.0,0.0,0.0,0.0,0.25,-0.0,-4.044189453125,0.0,-0.7486103773117065,-0.0,-0.505523681640625,-0.505523681640625,-0.05,0.5372452586889267,0.3581635057926178,0.2,0.0,-0.0,-0.0,-0.0,0.5599999904632569,0.699999988079071,-0.0,0.0,-0.0,-0.0,0.0,0.0,0.0,0.4423704125313089,-0.04500000178813934,-0.0,-0.0,0.02,0.0,0.0,0.0,0.0,0.0,0.0,0.3581635057926178,31.85066970225424,32.4,0.0,0.6,0.0,0.699999988079071,2.0,3.0,0.0,0.699999988079071,0.0,0.699999988079071,0.0,0.0,0.0,0.0,0.0,0.0,0.0,0.0,0.0,0.0,0.0,0.0,0.0,0.0,0.0,0.0,0.0,0.0,0.0,35.23406982421875,194.72552490234375,35.15023422241211,194.4167022705078,-0.08383560180664062,-0.3088226318359375,0.31999972462654114,-1.835876341830054,-0.26198604702949524,-0.9650717377662659,0.0,-14.853507041931152,10.219110488891602,0.0,28.0,28.0,28.0,0.0,0.0,0.0,0.0,0.0,1.0,120.0,1.0,0.0,3.0,0.0,2.52,55.01250002998859,0.592400087043643,8.86010006070137,36.45579994190484,20.064300042577088,4.0,5.231300019659102,3.01210000179708,0.8183999452739954,0.000400003045797348
1,208,208,2.8740412504766746,0,0,2.0,3.0,1.0,0.8771370649337769,0.8625437021255493,0.9913299679756165,1.0,1.0,1.0,0.9758307933807373,0.9347777366638184,1.0,1.0,1.0,0.8625437021255493,0.8625437021255493,0.9913299679756165,0.9347777366638184,1.0,0.0,0.5326960682868958,1.0,1.0,0.9331287741661072,0.4550095796585083,-0.616385817527771,0.0,-0.00013793050311505795,0.7944625020027161,-0.6073132157325745,0.0,0.0,0.0,0.0,0.0,0.0,177.28662109375,21.5635929107666,21.5635929107666,24.783248901367188,25.0,23.369443893432617,0.0,1.0,0.8625437164306641,0.8625437164306641,0.0,0.0,0.0,0.0,0.0,0.25428563356399536,0.5969638527725497,0.7427917855978012,1.259999978542328,0.02,-0.0,-0.00034912395005835535,-2.6147672904027125e-05,0.0,0.15,-0.0,0.0,0.0,-0.0,0.0,0.0,0.0,0.0,0.35,0.0,0.0,0.0,0.0,0.0,0.0,0.0,0.0,0.25,-0.0,-4.0380859375,0.0,-0.7457143664360046,-0.0,-0.5047607421875,-0.5047607421875,-0.05,0.5367917865514755,0.357861191034317,0.2,0.0,-0.0,-0.0,-0.0,0.5599999904632569,0.699999988079071,-0.0,0.0,-0.0,-0.0,0.0,0.0,0.0,0.44733912439551204,-0.0,-0.0,-0.0,0.02,0.0,0.0,0.0,0.0,0.0,0.0,0.357861191034317,32.20841695647687,32.4,0.7326086850269979,0.0,0.0,0.699999988079071,2.0,3.0,0.0,0.699999988079071,0.0,0.699999988079071,0.0,0.0,0.0,0.0,0.0,0.0,0.0,0.0,0.0,0.0,0.0,0.0,0.0,0.0,0.0,0.0,0.0,0.0,0.0,35.150245666503906,194.41696166992188,35.066410064697266,194.10813903808594,-0.08383560180664062,-0.3088226318359375,0.31999972462654114,-1.835876341830054,-0.26198574900627136,-0.9650717377662659,0.0,-14.853507041931152,10.219110488891602,0.0,28.0,28.0,28.0,0.0,0.0,0.0,0.0,0.0,1.0,120.0,1.0,0.0,3.0,0.0,2.56,66.15790002979338,0.5466999718919396,8.448499953374267,37.98949997872114,10.377500089816749,4.0,15.550100011751056,2.954700030386448,0.6262999959290028,0.000300002284348011
1,209,209,3.0654882774021677,0,0,2.0,3.0,1.0,0.8771370649337769,0.8625437021255493,0.9913299679756165,1.0,1.0,1.0,0.9758307933807373,0.9347777366638184,1.0,1.0,1.0,0.8625437021255493,0.8625437021255493,0.9913299679756165,0.9347777366638184,1.0,0.0,0.5338097810745239,1.0,1.0,0.9324419498443604,0.46012023091316223,0.310544490814209,0.0,-0.00013793050311505795,0.7943830490112305,-0.607417106628418,0.0,0.0,0.0,0.0,0.0,0.0,176.77981567382812,21.05076026916504,21.05076026916504,25.0,25.0,23.838397979736328,0.0,1.0,0.8420304107666016,0.8420304107666016,0.0,0.0,0.0,0.0,0.0,0.24588966369628906,0.8104395316064311,0.7506507027149201,1.2385083793845275,0.02,-0.0,-0.00033651726698731967,-2.1675412675926795e-05,0.20713272094726565,0.15,-0.0,0.0,0.0,-0.0,0.0,0.0,0.0,0.0,0.35,0.0,0.0,0.0,0.0,0.0,0.0,0.0,0.0,0.25,-0.0,-4.054443359375,0.0,-0.7541103363037109,-0.0,-0.506805419921875,-0.506805419921875,-0.05,0.5446507036685944,0.36310046911239624,0.2,0.0,-0.0,-0.0,-0.0,0.5599999904632569,0.699999988079071,-0.0,0.0,-0.0,-0.0,0.0,0.0,0.0,0.4536650033388287,-0.0,-0.0,-0.021491599157800422,0.02,0.0,0.0,0.0,0.0,0.0,0.0,0.36310046911239624,32.66388024039566,32.4,0.7326086850269979,0.0,0.0,0.699999988079071,2.0,3.0,0.0,0.699999988079071,0.0,0.699999988079071,0.0,0.0,0.0,0.0,0.0,0.0,0.0,0.0,0.0,0.0,0.0,0.0,0.0,0.0,0.0,0.0,0.0,0.0,0.0,35.06642150878906,194.1083984375,34.98258590698242,193.79957580566406,-0.08383560180664062,-0.3088226318359375,0.31999972462654114,-1.835876341830054,-0.2619854509830475,-0.9650717973709106,0.0,-14.853507041931152,10.219110488891602,0.0,28.0,28.0,28.0,0.0,0.0,0.0,0.0,0.0,1.0,120.0,1.0,0.0,3.0,0.0,2.6,113.60819998662919,0.6478999275714159,9.432599996216595,74.0533999633044,43.08189998846501,4.0,24.925800040364265,3.645199933089316,0.860600033774972,0.000400003045797348
1,210,210,3.3935262730892704,0,0,2.0,4.0,1.0,0.8563032746315002,0.84203040599823,1.0,1.0,1.0,1.0,0.9954681396484375,0.9535359144210815,1.0,1.0,1.0,0.84203040599823,0.84203040599823,1.0,0.9535359144210815,1.0,0.0,0.5349502563476562,1.0,1.0,0.931738555431366,0.4666268527507782,0.39536744356155396,0.0,0.0009746687137521803,0.7943320274353027,-0.6074838042259216,0.0,0.0,0.0,0.0,0.0,0.0,176.27548217773438,21.05076026916504,21.05076026916504,25.0,25.0,23.838397979736328,0.0,1.0,0.8420304107666016,0.8420304107666016,0.0,0.0,0.0,0.0,0.0,0.25546586513519287,0.5938380947884125,0.769222314953804,1.7549999982118607,0.02,-0.0,-0.00033651726698731967,-2.1675412675926795e-05,0.0,0.15,-0.0,0.0,0.0,-0.0,0.0,0.0,0.0,0.0,0.35,0.0,0.0,0.0,0.0,0.0,0.0,0.0,0.0,0.25,-0.0,-4.03466796875,0.0,-0.7445341348648071,-0.0,-0.50433349609375,-0.50433349609375,-0.05,0.539222314953804,0.359481543302536,0.2,0.0,-0.0,-0.0,-0.0,0.8,1.0,-0.0,0.0,-0.0,-0.0,0.0,0.0,0.0,0.44419628746807577,-0.04500000178813934,-0.0,-0.0,0.02,0.0,0.0,0.0,0.0,0.0,0.0,0.359481543302536,31.982132697701452,32.4,0.0,0.6,0.0,1.0,2.0,4.0,0.0,1.0,0.0,1.0,0.0,0.0,0.0,0.0,0.0,0.0,0.0,0.0,0.0,0.0,0.0,0.0,0.0,0.0,0.0,0.0,0.0,0.0,0.0,34.98259735107422,193.79983520507812,34.89876174926758,193.4910125732422,-0.08383560180664062,-0.3088226318359375,0.31999972462654114,-1.835876341830054,-0.2619851529598236,-0.9650719165802002,0.0,-14.853507041931152,10.219110488891602,0.0,28.0,28.0,28.0,0.0,0.0,0.0,0.0,0.0,1.0,120.0,1.0,0.0,3.0,0.0,2.64,51.43500003032386,0.8828999707475305,9.574700030498207,31.25269990414381,26.04090003296733,4.0,5.423300084657967,3.4667999716475606,0.7993000326678157,0.000400003045797348
1,211,211,2.8729279152134652,0,0,2.0,3.0,1.0,0.8563032746315002,0.84203040599823,1.0,1.0,1.0,1.0,0.9954681396484375,0.9535359144210815,1.0,1.0,1.0,0.84203040599823,0.84203040599823,1.0,0.9535359144210815,1.0,0.0,0.53607177734375,1.0,1.0,0.9310340881347656,0.4568876028060913,-0.5917947292327881,0.0,0.0009746687137521803,0.7943621277809143,-0.6074444651603699,0.0,0.0,0.0,0.0,0.0,0.0,175.77159118652344,20.54754066467285,20.54754066467285,25.0,25.0,24.309438705444336,0.0,1.0,0.821901626586914,0.821901626586914,0.0,0.0,0.0,0.0,0.0,0.25697803497314453,0.6361671141365765,0.744782789349556,1.2149999767541886,0.02,-0.0,-0.00033651726698731967,-1.795309047566252e-05,0.03745040893554691,0.15,-0.0,0.0,0.0,-0.0,0.0,0.0,0.0,0.0,0.35,0.0,0.0,0.0,0.0,0.0,0.0,0.0,0.0,0.25,-0.0,-4.0311279296875,0.0,-0.7430219650268555,-0.0,-0.5038909912109375,-0.5038909912109375,-0.05,0.5387827903032303,0.3591885268688202,0.2,0.0,-0.0,-0.0,-0.0,0.5599999904632569,0.699999988079071,-0.0,0.0,-0.0,-0.0,0.0,0.0,0.0,0.4490711755584926,-0.04500000178813934,-0.0,-0.0,0.02,0.0,0.0,0.0,0.0,0.0,0.0,0.3591885268688202,32.333124640211466,32.4,0.7326086850269979,0.0,0.0,0.699999988079071,2.0,3.0,0.0,0.699999988079071,0.0,0.699999988079071,0.0,0.0,0.0,0.0,0.0,0.0,0.0,0.0,0.0,0.0,0.0,0.0,0.0,0.0,0.0,0.0,0.0,0.0,0.0,34.898773193359375,193.49127197265625,34.814937591552734,193.1824493408203,-0.08383560180664062,-0.3088226318359375,0.31999972462654114,-1.835876341830054,-0.2619848847389221,-0.965071976184845,0.0,-14.853507041931152,10.219110488891602,0.0,28.0,28.0,28.0,0.0,0.0,0.0,0.0,0.0,1.0,120.0,1.0,0.0,3.0,0.0,2.68,70.12839999515563,0.7042000070214272,9.235599893145263,40.641100029461086,20.219999947585166,4.0,14.825499965809286,3.6962999729439616,0.9833000367507339,0.000500003807246685
1,212,212,3.3092962951818055,0,0,2.0,4.0,1.0,0.8354660868644714,0.8219016194343567,1.0,1.0,1.0,1.0,1.0,0.9723775386810303,1.0,1.0,1.0,0.8219016194343567,0.8219016194343567,1.0,0.9723775386810303,1.0,0.0,0.5371888875961304,1.0,1.0,0.9303230047225952,0.46190178394317627,0.3046804964542389,0.0,0.0013332508970052004,0.7943089008331299,-0.6075140833854675,0.0,0.0,0.0,0.0,0.0,0.0,175.26502990722656,20.54754066467285,20.54754066467285,25.0,25.0,24.309438705444336,0.0,1.0,0.821901626586914,0.821901626586914,0.0,0.0,0.0,0.0,0.0,0.24604612588882446,0.6074618418112618,0.7785399067401886,1.6572484207415303,0.02,-0.0,-0.00033651726698731967,-1.795309047566252e-05,0.0,0.15,-0.0,0.0,0.0,-0.0,0.0,0.0,0.0,0.0,0.35,0.0,0.0,0.0,0.0,0.0,0.0,0.0,0.0,0.25,-0.0,-4.052490234375,0.0,-0.7539538741111755,-0.0,-0.506561279296875,-0.506561279296875,-0.05,0.5485399067401886,0.36569327116012573,0.2,0.0,-0.0,-0.0,-0.0,0.8,1.0,-0.0,0.0,-0.0,-0.0,0.0,0.0,0.0,0.45781631216872487,-0.04500000178813934,-0.0,-0.09775157747033038,0.02,0.0,0.0,0.0,0.0,0.0,0.0,0.36569327116012573,32.96277447614819,32.4,1.0,0.0,0.0,1.0,2.0,4.0,0.0,1.0,0.0,1.0,0.0,0.0,0.0,0.0,0.0,0.0,0.0,0.0,0.0,0.0,0.0,0.0,0.0,0.0,0.0,0.0,0.0,0.0,0.0,34.81494903564453,193.18270874023438,34.73111343383789,192.87388610839844,-0.08383560180664062,-0.3088226318359375,0.31999972462654114,-1.835876341830054,-0.26198458671569824,-0.9650720953941345,0.0,-14.853507041931152,10.219110488891602,0.0,28.0,28.0,28.0,0.0,0.0,0.0,0.0,0.0,1.0,120.0,1.0,0.0,3.0,0.0,2.72,34.09800003282726,0.6974999560043216,10.859800036996603,13.278399943374097,8.129500085487962,4.0,5.447700037620962,3.026299993507564,0.7508000126108527,0.000500003807246685
1,213,213,2.8739104963735174,0,0,2.0,3.0,1.0,0.8354660868644714,0.8219016194343567,1.0,1.0,1.0,1.0,1.0,0.9723775386810303,1.0,1.0,1.0,0.8219016194343567,0.8219016194343567,1.0,0.9723775386810303,1.0,0.0,0.5383389592170715,1.0,1.0,0.9295926690101624,0.47089678049087524,0.5465710163116455,0.0,0.0013332508970052004,0.7942569851875305,-0.6075819134712219,0.0,0.0,0.0,0.0,0.0,0.0,174.76097106933594,20.02755355834961,20.02755355834961,25.0,25.0,24.786396026611328,0.0,1.0,0.8011021423339844,0.8011021423339844,0.0,0.0,0.0,0.0,0.0,0.2558770179748535,0.632765147824628,0.7502683538198471,1.2149999767541886,0.02,-0.0,-0.00033651726698731967,-1.4834852974767474e-05,0.03478679656982425,0.15,-0.0,0.0,0.0,-0.0,0.0,0.0,0.0,0.0,0.35,0.0,0.0,0.0,0.0,0.0,0.0,0.0,0.0,0.25,-0.0,-4.032470703125,0.0,-0.7441229820251465,-0.0,-0.504058837890625,-0.504058837890625,-0.05,0.5442683547735214,0.3628455698490143,0.2,0.0,-0.0,-0.0,-0.0,0.5599999904632569,0.699999988079071,-0.0,0.0,-0.0,-0.0,0.0,0.0,0.0,0.44832970337476585,-0.04500000178813934,-0.0,-0.0,0.02,0.0,0.0,0.0,0.0,0.0,0.0,0.3628455698490143,32.27973864298314,32.4,0.0,0.6,0.0,0.699999988079071,2.0,3.0,0.0,0.699999988079071,0.0,0.699999988079071,0.0,0.0,0.0,0.0,0.0,0.0,0.0,0.0,0.0,0.0,0.0,0.0,0.0,0.0,0.0,0.0,0.0,0.0,0.0,34.73112487792969,192.8741455078125,34.64728927612305,192.56532287597656,-0.08383560180664062,-0.3088226318359375,0.31999972462654114,-1.835876341830054,-0.26198428869247437,-0.9650721549987793,0.0,-14.853507041931152,10.219110488891602,0.0,28.0,28.0,28.0,0.0,0.0,0.0,0.0,0.0,1.0,120.0,1.0,0.0,3.0,0.0,2.76,60.736200073733926,0.4222000716254115,6.397099932655692,46.05899995658547,36.97250003460795,4.0,4.358700010925531,2.8370999498292804,0.6233000895008445,0.000500003807246685
1,214,214,3.2920257656530487,0,0,2.0,4.0,1.0,0.8143479228019714,0.8011021614074707,1.0,1.0,1.0,1.0,1.0,0.9914558529853821,1.0,1.0,1.0,0.8011021614074707,0.8011021614074707,1.0,0.9914558529853821,1.0,0.0,0.539477527141571,1.0,1.0,0.9288589954376221,0.46113911271095276,-0.592913031578064,0.0,-0.000748310936614871,0.7942919135093689,-0.607536256313324,0.0,0.0,0.0,0.0,0.0,0.0,174.2571563720703,19.509918212890625,19.509918212890625,25.0,25.0,25.0,0.0,1.0,0.780396728515625,0.780396728515625,0.0,0.0,0.0,0.0,0.0,0.25651848316192627,0.5354233304689823,0.7756636399030685,1.7044203121190717,0.02,-0.0,-0.00033651726698731967,-1.3619978928745457e-05,-0.06984901428222656,0.15,-0.0,0.0,0.0,-0.0,0.0,0.0,0.0,0.0,0.35,0.0,0.0,0.0,0.0,0.0,0.0,0.0,0.0,0.25,-0.0,-4.030517578125,0.0,-0.7434815168380737,-0.0,-0.503814697265625,-0.503814697265625,-0.05,0.5456636399030685,0.36377575993537903,0.2,0.0,-0.0,-0.0,-0.0,0.8,1.0,-0.0,0.0,-0.0,-0.0,0.0,0.0,0.0,0.45562248199712485,-0.04500000178813934,-0.0,-0.05057968609278888,0.02,0.0,0.0,0.0,0.0,0.0,0.0,0.36377575993537903,32.80481870379299,32.4,1.0,0.0,0.0,1.0,2.0,4.0,0.0,1.0,0.0,1.0,0.0,0.0,0.0,0.0,0.0,0.0,0.0,0.0,0.0,0.0,0.0,0.0,0.0,0.0,0.0,0.0,0.0,0.0,0.0,34.647300720214844,192.56558227539062,34.5634651184082,192.2567596435547,-0.08383560180664062,-0.3088226318359375,0.31999972462654114,-1.835876341830054,-0.2619839906692505,-0.9650722742080688,0.0,-14.853507041931152,10.219110488891602,0.0,28.0,28.0,28.0,0.0,0.0,0.0,0.0,0.0,1.0,120.0,1.0,0.0,3.0,0.0,2.8,58.004099992103875,0.7372999098151922,10.50900004338473,38.2683000061661,19.556400016881526,4.0,4.38430008944124,3.2029999420046806,0.8616000413894653,0.000400003045797348
1,215,215,3.453017079634517,0,0,2.0,4.0,1.0,0.7933105230331421,0.7803966999053955,1.0,1.0,1.0,1.0,1.0,1.0,1.0,1.0,1.0,0.7803966999053955,0.7803966999053955,1.0,1.0,1.0,0.0,0.5406209230422974,1.0,1.0,0.928115725517273,0.4686402678489685,0.4557986557483673,0.0,0.0017625575419515371,0.7941945791244507,-0.6076635122299194,0.0,0.0,0.0,0.0,0.0,0.0,173.7558135986328,19.509918212890625,19.509918212890625,25.0,25.0,25.0,0.0,1.0,0.780396728515625,0.780396728515625,0.0,0.0,0.0,0.0,0.0,0.2660161852836609,0.5954949019382892,0.7715059924125671,1.8,0.02,-0.0,-0.00033651726698731967,-1.3619978928745457e-05,0.0,0.15,-0.0,0.0,0.0,-0.0,0.0,0.0,0.0,0.0,0.35,0.0,0.0,0.0,0.0,0.0,0.0,0.0,0.0,0.25,-0.0,-4.0107421875,0.0,-0.7339838147163391,-0.0,-0.5013427734375,-0.5013427734375,-0.05,0.5415059924125671,0.3610039949417114,0.2,0.0,-0.0,-0.0,-0.0,0.8,1.0,-0.0,0.0,-0.0,-0.0,0.0,0.0,0.0,0.44584503918420526,-0.0,-0.0,-0.0,0.02,0.0,0.0,0.0,0.0,0.0,0.0,0.3610039949417114,32.10084282126277,32.4,0.0,0.6,0.0,1.0,2.0,4.0,0.0,1.0,0.0,1.0,0.0,0.0,0.0,0.0,0.0,0.0,0.0,0.0,0.0,0.0,0.0,0.0,0.0,0.0,0.0,0.0,0.0,0.0,0.0,34.5634765625,192.25701904296875,34.47964096069336,191.9481964111328,-0.08383560180664062,-0.3088226318359375,0.31999972462654114,-1.835876341830054,-0.2619836926460266,-0.9650723338127136,0.0,-14.853507041931152,10.219110488891602,0.0,28.0,28.0,28.0,0.0,0.0,0.0,0.0,0.0,1.0,120.0,1.0,0.0,3.0,0.0,2.84,31.638600048609078,0.7615999784320593,8.92509997356683,12.05760007724166,7.489100098609924,4.0,5.55279990658164,3.525200067088008,0.7826000219210982,0.000500003807246685
1,216,216,3.2893689786963627,0,0,2.0,4.0,1.0,0.7933105230331421,0.7803966999053955,1.0,1.0,1.0,1.0,1.0,1.0,1.0,1.0,1.0,0.7803966999053955,0.7803966999053955,1.0,1.0,1.0,0.0,0.5417528748512268,1.0,1.0,0.9273691177368164,0.4585834741592407,-0.6110901832580566,0.0,0.0017625575419515371,0.7942119240760803,-0.6076408624649048,0.0,0.0,0.0,0.0,0.0,0.0,173.25433349609375,18.995990753173828,18.995990753173828,25.0,25.0,25.0,0.0,1.0,0.7598396301269531,0.7598396301269531,0.0,0.0,0.0,0.0,0.0,0.26520615816116333,0.4487856976919992,0.7729500490427017,1.7824270738004984,0.02,-0.0,-0.00033651726698731967,-1.3619978928745457e-05,-0.15417823791503907,0.15,-0.0,0.0,0.0,-0.0,0.0,0.0,0.0,0.0,0.35,0.0,0.0,0.0,0.0,0.0,0.0,0.0,0.0,0.25,-0.0,-4.0118408203125,0.0,-0.7347938418388367,-0.0,-0.5014801025390625,-0.5014801025390625,-0.05,0.5429500490427017,0.36196669936180115,0.2,0.0,-0.0,-0.0,-0.0,0.8,1.0,-0.0,0.0,-0.0,-0.0,0.0,0.0,0.0,0.45331407285295433,-0.0,-0.0,-0.0175729261995017,0.02,0.0,0.0,0.0,0.0,0.0,0.0,0.36196669936180115,32.63861324541271,32.4,1.0,0.0,0.0,1.0,2.0,4.0,0.0,1.0,0.0,1.0,0.0,0.0,0.0,0.0,0.0,0.0,0.0,0.0,0.0,0.0,0.0,0.0,0.0,0.0,0.0,0.0,0.0,0.0,0.0,34.479652404785156,191.94845581054688,34.395816802978516,191.63963317871094,-0.08383560180664062,-0.3088226318359375,0.31999972462654114,-1.835876341830054,-0.26198339462280273,-0.9650723338127136,0.0,-14.853507041931152,10.219110488891602,0.0,28.0,28.0,28.0,0.0,0.0,0.0,0.0,0.0,1.0,120.0,1.0,0.0,3.0,0.0,2.88,95.89819994289428,0.7778999861329794,8.240199997089803,75.98880003206432,27.727800072170794,4.0,6.053099990822375,3.9959000423550606,0.8007999276742339,0.000500003807246685
1,217,217,3.455478114522919,0,0,2.0,4.0,1.0,0.7724310159683228,0.759839653968811,1.0,1.0,1.0,1.0,1.0,1.0,1.0,1.0,1.0,0.759839653968811,0.759839653968811,1.0,1.0,1.0,0.0,0.5428870320320129,1.0,1.0,0.9266130328178406,0.4662659168243408,0.4668146073818207,0.0,0.0019651143811643124,0.7941211462020874,-0.6077594757080078,0.0,0.0,0.0,0.0,0.0,0.0,172.75494384765625,18.995990753173828,18.995990753173828,25.0,25.0,25.0,0.0,1.0,0.7598396301269531,0.7598396301269531,0.0,0.0,0.0,0.0,0.0,0.273292601108551,0.5933473801984637,0.7688381332159042,1.8,0.02,-0.0,-0.00033651726698731967,-1.3619978928745457e-05,0.0,0.15,-0.0,0.0,0.0,-0.0,0.0,0.0,0.0,0.0,0.35,0.0,0.0,0.0,0.0,0.0,0.0,0.0,0.0,0.25,-0.0,-3.9951171875,0.0,-0.726707398891449,-0.0,-0.4993896484375,-0.4993896484375,-0.05,0.5388381332159042,0.35922542214393616,0.2,0.0,-0.0,-0.0,-0.0,0.8,1.0,-0.0,0.0,-0.0,-0.0,0.0,0.0,0.0,0.4436975174443797,-0.0,-0.0,-0.0,0.02,0.0,0.0,0.0,0.0,0.0,0.0,0.35922542214393616,31.946221255995336,32.4,0.0,0.6,0.0,1.0,2.0,4.0,0.0,1.0,0.0,1.0,0.0,0.0,0.0,0.0,0.0,0.0,0.0,0.0,0.0,0.0,0.0,0.0,0.0,0.0,0.0,0.0,0.0,0.0,0.0,34.39582824707031,191.639892578125,34.31199264526367,191.33106994628906,-0.08383560180664062,-0.3088226318359375,0.31999972462654114,-1.835876341830054,-0.26198309659957886,-0.9650724530220032,0.0,-14.853507041931152,10.219110488891602,0.0,28.0,28.0,28.0,0.0,0.0,0.0,0.0,0.0,1.0,120.0,1.0,0.0,3.0,0.0,2.92,36.633500014431775,0.714199966751039,8.78889998421073,17.73940003477037,12.718800106085837,4.0,5.763100110925734,2.7969999937340617,0.7937999907881021,0.000500003807246685
1,218,218,3.306560374325071,0,0,2.0,4.0,1.0,0.7724310159683228,0.759839653968811,1.0,1.0,1.0,1.0,1.0,1.0,1.0,1.0,1.0,0.759839653968811,0.759839653968811,1.0,1.0,1.0,0.0,0.544007420539856,1.0,1.0,0.925853967666626,0.4563745856285095,-0.6010347008705139,0.0,0.0019651143811643124,0.7941640019416809,-0.6077035069465637,0.0,0.0,0.0,0.0,0.0,0.0,172.2554168701172,18.480754852294922,18.480754852294922,25.0,25.0,25.0,0.0,1.0,0.7392301940917969,0.7392301940917969,0.0,0.0,0.0,0.0,0.0,0.2724360227584839,0.4463292809155954,0.7702958244085312,1.7974992462424604,0.02,-0.0,-0.00033651726698731967,-1.3619978928745457e-05,-0.15457077026367186,0.15,-0.0,0.0,0.0,-0.0,0.0,0.0,0.0,0.0,0.35,0.0,0.0,0.0,0.0,0.0,0.0,0.0,0.0,0.25,-0.0,-3.9962158203125,0.0,-0.7275639772415161,-0.0,-0.4995269775390625,-0.4995269775390625,-0.05,0.5402958244085312,0.3601972162723541,0.2,0.0,-0.0,-0.0,-0.0,0.8,1.0,-0.0,0.0,-0.0,-0.0,0.0,0.0,0.0,0.45125018842518333,-0.0,-0.0,-0.0025007537575396643,0.02,0.0,0.0,0.0,0.0,0.0,0.0,0.3601972162723541,32.4900135666132,32.4,1.0,0.0,0.0,1.0,2.0,4.0,0.0,1.0,0.0,1.0,0.0,0.0,0.0,0.0,0.0,0.0,0.0,0.0,0.0,0.0,0.0,0.0,0.0,0.0,0.0,0.0,0.0,0.0,0.0,34.31200408935547,191.33132934570312,34.22816848754883,191.0225067138672,-0.08383560180664062,-0.3088226318359375,0.31999972462654114,-1.835876341830054,-0.26198282837867737,-0.9650725722312927,0.0,-14.853507041931152,10.219110488891602,0.0,28.0,28.0,28.0,0.0,0.0,0.0,0.0,0.0,1.0,120.0,1.0,0.0,3.0,0.0,2.96,84.78080003987998,0.7628999883309007,8.35040002129972,66.04069995228201,31.938100000843406,4.0,5.396000109612942,3.265499952249229,0.9163999930024147,0.000400003045797348
1,219,219,3.4591641006711122,0,0,2.0,4.0,1.0,0.7514721155166626,0.739230215549469,1.0,1.0,1.0,1.0,1.0,1.0,1.0,1.0,1.0,0.739230215549469,0.739230215549469,1.0,1.0,1.0,0.0,0.5451300144195557,1.0,1.0,0.9250853061676025,0.4641430377960205,0.47204193472862244,0.0,0.0017461164388805628,0.7940932512283325,-0.6077959537506104,0.0,0.0,0.0,0.0,0.0,0.0,171.75827026367188,18.480754852294922,18.480754852294922,25.0,25.0,25.0,0.0,1.0,0.7392301940917969,0.7392301940917969,0.0,0.0,0.0,0.0,0.0,0.2816620469093323,0.5913148371222613,0.7661872166395187,1.8,0.02,-0.0,-0.00033651726698731967,-1.3619978928745457e-05,0.0,0.15,-0.0,0.0,0.0,-0.0,0.0,0.0,0.0,0.0,0.35,0.0,0.0,0.0,0.0,0.0,0.0,0.0,0.0,0.25,-0.0,-3.9771728515625,0.0,-0.7183379530906677,-0.0,-0.4971466064453125,-0.4971466064453125,-0.05,0.5361872166395187,0.3574581444263458,0.2,0.0,-0.0,-0.0,-0.0,0.8,1.0,-0.0,0.0,-0.0,-0.0,0.0,0.0,0.0,0.44166497436817737,-0.0,-0.0,-0.0,0.02,0.0,0.0,0.0,0.0,0.0,0.0,0.3574581444263458,31.79987815450877,32.4,0.0,0.6,0.0,1.0,2.0,4.0,0.0,1.0,0.0,1.0,0.0,0.0,0.0,0.0,0.0,0.0,0.0,0.0,0.0,0.0,0.0,0.0,0.0,0.0,0.0,0.0,0.0,0.0,0.0,34.228179931640625,191.02276611328125,34.144344329833984,190.7139434814453,-0.08383560180664062,-0.3088226318359375,0.31999972462654114,-1.835876341830054,-0.2619825005531311,-0.9650726318359375,0.0,-14.853507041931152,10.219110488891602,0.0,28.0,28.0,28.0,0.0,0.0,0.0,0.0,0.0,1.0,120.0,1.0,0.0,3.0,0.0,3.0,45.82619993016124,0.6181999342516065,8.090000017546117,27.00969995930791,16.988700022920966,4.0,5.489100003615022,3.711799974553287,0.8682999759912491,0.000400003045797348
1,220,220,4.865376385440975,0,0,2.0,4.0,1.0,0.7514721155166626,0.739230215549469,1.0,1.0,1.0,1.0,1.0,1.0,1.0,1.0,1.0,0.739230215549469,0.739230215549469,1.0,1.0,1.0,0.0,0.5462409853935242,1.0,1.0,0.9243132472038269,0.4542839825153351,-0.5990758538246155,0.0,0.0017461164388805628,0.7941330075263977,-0.6077439785003662,0.0,0.0,0.0,0.0,0.0,0.0,171.2613525390625,17.969459533691406,17.969459533691406,25.0,25.0,25.0,0.0,1.0,0.7187783813476563,0.7187783813476563,0.0,0.0,0.0,0.0,0.0,0.2822989821434021,0.44543763636603934,2.3176397669315336,1.8,0.02,-0.0,-0.00033651726698731967,-1.3619978928745457e-05,-0.1533885955810547,0.15,-0.0,0.0,0.0,-0.0,0.0,0.0,0.0,0.0,0.35,0.0,0.0,0.0,0.0,0.0,0.0,0.0,0.0,0.25,-0.0,-3.975341796875,0.0,-0.7177010178565979,-0.0,-0.496917724609375,-0.496917724609375,1.5,0.5376397669315338,0.3584265112876892,0.2,0.0,-0.0,-0.0,-0.0,0.8,1.0,-0.0,0.0,-0.0,-0.0,0.0,0.0,0.0,0.44917636919301007,-0.0,-0.0,-0.0,0.02,0.0,0.0,0.0,0.0,0.0,0.0,0.3584265112876892,32.340698581896724,32.4,1.0,0.0,0.0,1.0,2.0,4.0,0.0,1.0,0.0,1.0,0.0,0.0,0.0,0.0,0.0,0.0,0.0,0.0,0.0,0.0,0.0,0.0,0.0,0.0,0.0,0.0,0.0,0.0,0.0,34.14435577392578,190.71420288085938,34.06052017211914,190.40538024902344,-0.08383560180664062,-0.3088226318359375,0.31999972462654114,-1.835876341830054,-0.2619822025299072,-0.9650726914405823,0.0,-14.853507041931152,10.219110488891602,0.0,28.0,28.0,28.0,0.0,0.0,0.0,0.0,0.0,1.0,120.0,1.0,0.0,3.0,0.0,3.04,88.65290007088333,0.6016000406816602,8.478699950501323,71.16409996524453,33.2431000424549,4.0,4.65959997382015,2.921900013461709,0.7938999915495515,0.000700005330145359
1,221,221,3.2210918006498,0,0,2.0,4.0,1.0,0.7306983470916748,0.7187783718109131,1.0,1.0,1.0,1.0,1.0,1.0,1.0,1.0,1.0,0.7187783718109131,0.7187783718109131,1.0,1.0,1.0,0.0,0.5473569631576538,1.0,1.0,0.9235309362411499,0.4620099663734436,0.46946218609809875,0.0,0.00151024479418993,0.7940467596054077,-0.6078566908836365,0.0,0.0,0.0,0.0,0.0,0.0,170.76182556152344,17.454641342163086,17.454641342163086,25.0,25.0,25.0,0.0,1.0,0.6981856536865234,0.6981856536865234,0.0,0.0,0.0,0.0,0.0,0.2714841961860657,0.4531945264711229,0.7785603362321853,1.697852741760426,0.02,-0.0,-0.00033651726698731967,-1.3619978928745457e-05,-0.15444545745849608,0.15,-0.0,0.0,0.0,-0.0,0.0,0.0,0.0,0.0,0.35,0.0,0.0,0.0,0.0,0.0,0.0,0.0,0.0,0.25,-0.0,-3.9962158203125,0.0,-0.7285158038139343,-0.0,-0.4995269775390625,-0.4995269775390625,-0.05,0.5485603362321854,0.3657068908214569,0.2,0.0,-0.0,-0.0,-0.0,0.8,1.0,-0.0,0.0,-0.0,-0.0,0.0,0.0,0.0,0.45799012117553506,-0.0,-0.0,-0.102147258239574,0.02,0.0,0.0,0.0,0.0,0.0,0.0,0.3657068908214569,32.975288724638524,32.4,1.0,0.0,0.0,1.0,2.0,4.0,0.0,1.0,0.0,1.0,0.0,0.0,0.0,0.0,0.0,0.0,0.0,0.0,0.0,0.0,0.0,0.0,0.0,0.0,0.0,0.0,0.0,0.0,0.0,34.06053161621094,190.4056396484375,33.9766960144043,190.09681701660156,-0.08383560180664062,-0.3088226318359375,0.31999972462654114,-1.835876341830054,-0.26198190450668335,-0.9650728106498718,0.0,-14.853507041931152,10.219110488891602,0.0,28.0,28.0,28.0,0.0,0.0,0.0,0.0,0.0,1.0,120.0,1.0,0.0,3.0,0.0,3.08,54.14240004029125,0.6067999638617039,8.223999990150332,35.455400007776916,21.64309995714575,4.0,5.664699943736196,3.253399976529181,0.8951000636443496,0.000500003807246685
1,222,222,4.098579522724989,0,0,3.0,4.0,1.0,0.7097902894020081,0.6981856822967529,1.0,1.0,1.0,1.0,1.0,1.0,1.0,1.0,1.0,0.6981856822967529,0.6981856822967529,1.0,1.0,1.0,0.0,0.5485119223594666,1.0,1.0,0.9227255582809448,0.47107556462287903,0.5508595108985901,0.0,0.0012104299385100603,0.7939832210540771,-0.6079397201538086,0.0,0.0,0.0,0.0,0.0,0.0,170.2644500732422,17.454641342163086,17.454641342163086,25.0,25.0,25.0,0.0,1.0,0.6981856536865234,0.6981856536865234,0.0,0.0,0.0,0.0,0.0,0.2797595262527466,0.5969623319477958,2.324213056564331,0.8776446079601156,0.02,-0.0,-0.00033651726698731967,-1.3619978928745457e-05,0.0,0.15,-0.0,0.0,0.0,-0.0,0.0,0.0,0.0,0.0,0.35,0.0,0.0,0.0,0.0,0.0,0.0,0.0,0.0,0.25,-0.0,-3.97900390625,0.0,-0.7202404737472534,-0.0,-0.49737548828125,-0.49737548828125,1.5,0.544213056564331,0.3628087043762207,0.2,0.0,-0.03321322289966685,-0.0,-0.0,0.6254545454545455,0.7818181818181819,-0.21818181818181814,0.0,-0.0952066115702479,-0.16502646706321022,0.0,-0.0011685498990118503,0.0,0.44848101909272375,-0.017999999597668646,-0.0,-0.0,0.02,0.0,0.0,0.0,0.0,0.0,0.0,0.3628087043762207,32.290633374676105,32.4,0.0,0.6,0.25,1.0,3.0,4.0,0.25,1.0,0.11999999731779099,1.0,0.12,1.0,0.0,0.0,0.0,0.25,0.25,1.0,0.13,0.0,0.0,0.0,0.0,0.0,0.0,0.0,0.0,0.0,0.0,33.976707458496094,190.09707641601562,33.89287185668945,189.7882537841797,-0.08383560180664062,-0.3088226318359375,0.31999972462654114,-1.835876341830054,-0.2619816064834595,-0.9650728702545166,0.0,-14.853507041931152,10.219110488891602,0.0,28.0,28.0,28.0,0.0,0.0,0.0,0.0,0.0,1.0,120.0,1.0,0.0,3.0,0.0,3.12,34.77949998341501,0.7060000207275152,9.286099928431213,14.537999988533556,6.834800005890429,4.0,5.453399964608252,3.826600033789873,0.9305999847128987,0.000500003807246685
1,223,223,3.448392684437571,0,0,2.0,4.0,1.0,0.7097902894020081,0.6981856822967529,1.0,1.0,1.0,1.0,1.0,1.0,1.0,1.0,1.0,0.6981856822967529,0.6981856822967529,1.0,1.0,1.0,0.0,0.5496519804000854,1.0,1.0,0.921917200088501,0.4612947702407837,-0.5943188667297363,0.2181818187236786,0.0012104299385100603,0.7942555546760559,-0.6075838208198547,0.0,0.0,0.0,0.0,0.0,0.0,169.76702880859375,16.93109130859375,16.93109130859375,25.0,25.0,25.0,0.0,1.0,0.67724365234375,0.67724365234375,0.0,0.0,0.0,0.0,0.0,0.27920496463775635,0.44824756937559673,0.7753861653804779,1.9255539850437402,0.02,-0.0,-0.00033651726698731967,-1.3619978928745457e-05,-0.1570650100708008,0.15,-0.0,0.0,0.0,-0.0,0.0,0.0,0.0,0.0,0.35,0.0,0.0,0.0,0.0,0.0,0.0,0.0,0.0,0.25,-0.0,-3.9793701171875,0.0,-0.7207950353622437,-0.0,-0.4974212646484375,-0.4974212646484375,-0.05,0.5453861653804779,0.3635907769203186,0.2,0.0,-0.0,-0.0,-0.0,0.8,1.0,-0.0,0.0,-0.0,-0.0,0.19486016118125918,0.0,0.0,0.45566271669231356,-0.017999999597668646,-0.0,-0.05130617653985046,0.02,0.0,0.0,0.0,0.0,0.0,0.0,0.3635907769203186,32.807715601846574,32.4,1.0,0.0,0.0,1.0,2.0,4.0,0.0,1.0,0.0,1.0,0.0,0.0,0.0,0.0,0.0,0.0,0.0,0.0,0.0,0.0,0.0,0.0,0.0,0.0,0.0,0.0,0.0,0.0,0.0,33.89288330078125,189.78851318359375,33.80904769897461,189.4796905517578,-0.08383560180664062,-0.3088226318359375,0.31999972462654114,-1.835876341830054,-0.2619813084602356,-0.9650729894638062,0.0,-14.853507041931152,10.219110488891602,0.0,28.0,28.0,28.0,0.0,0.0,0.0,0.0,0.0,1.0,120.0,1.0,0.0,3.0,0.0,3.16,62.395500019192696,0.6384999724105,9.01999999769032,35.796400043182075,17.446500016376376,4.0,12.57760007865727,3.4703999990597367,0.8486999431625009,0.000300002284348011
1,224,224,3.469267655345537,0,0,2.0,4.0,1.0,0.6881363391876221,0.6772436499595642,1.0,1.0,1.0,1.0,1.0,1.0,1.0,1.0,1.0,0.6772436499595642,0.6772436499595642,1.0,1.0,1.0,0.0,0.5507928133010864,1.0,1.0,0.9210990071296692,0.468681663274765,0.44885608553886414,0.0,-0.054108526557683945,0.7964763045310974,-0.6046696901321411,0.0,0.0,0.0,0.0,0.0,0.0,169.27056884765625,16.93109130859375,16.93109130859375,25.0,25.0,25.0,0.0,1.0,0.67724365234375,0.67724365234375,0.0,0.0,0.0,0.0,0.0,0.28269362449645996,0.5953792640892042,0.7711947667598724,1.8,0.02,-0.0,-0.00033651726698731967,-1.3619978928745457e-05,0.0,0.15,-0.0,0.0,0.0,-0.0,0.0,0.0,0.0,0.0,0.35,0.0,0.0,0.0,0.0,0.0,0.0,0.0,0.0,0.25,-0.0,-3.9716796875,0.0,-0.71730637550354,-0.0,-0.4964599609375,-0.4964599609375,-0.05,0.5411947667598724,0.3607965111732483,0.2,0.0,-0.0,-0.0,-0.0,0.8,1.0,-0.0,0.0,-0.0,-0.0,0.0,0.0,0.0,0.44572940133512023,-0.0,-0.0,-0.0,0.02,0.0,0.0,0.0,0.0,0.0,0.0,0.3607965111732483,32.09251689612866,32.4,0.0,0.6,0.0,1.0,2.0,4.0,0.0,1.0,0.0,1.0,0.0,0.0,0.0,0.0,0.0,0.0,0.0,0.0,0.0,0.0,0.0,0.0,0.0,0.0,0.0,0.0,0.0,0.0,0.0,33.809059143066406,189.47994995117188,33.725223541259766,189.17112731933594,-0.08383560180664062,-0.3088226318359375,0.31999972462654114,-1.835876341830054,-0.2619810104370117,-0.9650730490684509,0.0,-14.853507041931152,10.219110488891602,0.0,28.0,28.0,28.0,0.0,0.0,0.0,0.0,0.0,1.0,120.0,1.0,0.0,3.0,0.0,3.2,34.69050000421703,0.4395999712869525,6.895700003951788,20.574100082740188,10.710500064305961,4.0,3.748200018890202,2.204800024628639,0.7996000349521637,0.000600004568696022
1,225,225,3.2996266184573555,0,0,2.0,4.0,1.0,0.6881363391876221,0.6772436499595642,1.0,1.0,1.0,1.0,1.0,1.0,1.0,1.0,1.0,0.6772436499595642,0.6772436499595642,1.0,1.0,1.0,0.0,0.5519105195999146,1.0,1.0,0.9202790260314941,0.45846453309059143,-0.6208322048187256,0.0,-0.054108526557683945,0.798603355884552,-0.6018576622009277,0.0,0.0,0.0,0.0,0.0,0.0,168.77296447753906,16.401042938232422,16.401042938232422,25.0,25.0,25.0,0.0,1.0,0.6560417175292969,0.6560417175292969,0.0,0.0,0.0,0.0,0.0,0.2777920961380005,0.44363291272420413,0.7725782054662704,1.7856234041288803,0.02,-0.0,-0.00033651726698731967,-1.3619978928745457e-05,-0.15901451110839843,0.15,-0.0,0.0,0.0,-0.0,0.0,0.0,0.0,0.0,0.35,0.0,0.0,0.0,0.0,0.0,0.0,0.0,0.0,0.25,-0.0,-3.9808349609375,0.0,-0.7222079038619995,-0.0,-0.4976043701171875,-0.4976043701171875,-0.05,0.5425782054662704,0.3617188036441803,0.2,0.0,-0.0,-0.0,-0.0,0.8,1.0,-0.0,0.0,-0.0,-0.0,0.0,0.0,0.0,0.45299756107851863,-0.0,-0.0,-0.014376595871119627,0.02,0.0,0.0,0.0,0.0,0.0,0.0,0.3617188036441803,32.61582439765334,32.4,1.0,0.0,0.0,1.0,2.0,4.0,0.0,1.0,0.0,1.0,0.0,0.0,0.0,0.0,0.0,0.0,0.0,0.0,0.0,0.0,0.0,0.0,0.0,0.0,0.0,0.0,0.0,0.0,0.0,33.72523498535156,189.17138671875,33.64139938354492,188.86256408691406,-0.08383560180664062,-0.3088226318359375,0.31999972462654114,-1.835876341830054,-0.26198068261146545,-0.9650731682777405,0.0,-14.853507041931152,10.219110488891602,0.0,28.0,28.0,28.0,0.0,0.0,0.0,0.0,0.0,1.0,120.0,1.0,0.0,3.0,0.0,3.24,55.86880003102124,0.6449000211432576,6.5827000653371215,40.577099891379476,22.70990004763007,4.0,4.450200009159744,2.7391999028623104,0.8429000154137611,0.000400003045797348
1,226,226,3.46602412121363,0,0,2.0,4.0,1.0,0.6659210324287415,0.6560417413711548,1.0,1.0,1.0,1.0,1.0,1.0,1.0,1.0,1.0,0.6560417413711548,0.6560417413711548,1.0,1.0,1.0,0.0,0.5530219674110413,1.0,1.0,0.9194501638412476,0.46594035625457764,0.454259991645813,0.0,-0.024974122643470764,0.7997617721557617,-0.6003174781799316,0.0,0.0,0.0,0.0,0.0,0.0,168.2771759033203,16.401042938232422,16.401042938232422,25.0,25.0,25.0,0.0,1.0,0.6560417175292969,0.6560417175292969,0.0,0.0,0.0,0.0,0.0,0.284635066986084,0.5929524924046544,0.7684365618228912,1.8,0.02,-0.0,-0.00033651726698731967,-1.3619978928745457e-05,0.0,0.15,-0.0,0.0,0.0,-0.0,0.0,0.0,0.0,0.0,0.35,0.0,0.0,0.0,0.0,0.0,0.0,0.0,0.0,0.25,-0.0,-3.96630859375,0.0,-0.715364933013916,-0.0,-0.49578857421875,-0.49578857421875,-0.05,0.5384365618228912,0.3589577078819275,0.2,0.0,-0.0,-0.0,-0.0,0.8,1.0,-0.0,0.0,-0.0,-0.0,0.0,0.0,0.0,0.44330262965057043,-0.0,-0.0,-0.0,0.02,0.0,0.0,0.0,0.0,0.0,0.0,0.3589577078819275,31.91778933484107,32.4,0.0,0.6,0.0,1.0,2.0,4.0,0.0,1.0,0.0,1.0,0.0,0.0,0.0,0.0,0.0,0.0,0.0,0.0,0.0,0.0,0.0,0.0,0.0,0.0,0.0,0.0,0.0,0.0,0.0,33.64141082763672,188.86282348632812,33.55757522583008,188.5540008544922,-0.08383560180664062,-0.3088226318359375,0.31999972462654114,-1.835876341830054,-0.2619803845882416,-0.9650731682777405,0.0,-14.853507041931152,10.219110488891602,0.0,28.0,28.0,28.0,0.0,0.0,0.0,0.0,0.0,1.0,120.0,1.0,0.0,3.0,0.0,3.28,67.65780004207045,0.6398999830707908,8.15020001027733,49.06949994619936,34.656799980439246,4.0,4.864500020630658,3.8966999854892492,1.0070999851450324,0.000500003807246685
1,227,227,3.3150161592797622,0,0,2.0,4.0,1.0,0.6659210324287415,0.6560417413711548,1.0,1.0,1.0,1.0,1.0,1.0,1.0,1.0,1.0,0.6560417413711548,0.6560417413711548,1.0,1.0,1.0,0.0,0.5541170835494995,1.0,1.0,0.9186183214187622,0.4559684097766876,-0.6059331893920898,0.0,-0.024974122643470764,0.8006350994110107,-0.5991522669792175,0.0,0.0,0.0,0.0,0.0,0.0,167.78106689453125,15.877028465270996,15.877028465270996,25.0,25.0,25.0,0.0,1.0,0.6350811386108398,0.6350811386108398,0.0,0.0,0.0,0.0,0.0,0.282967209815979,0.44324186314821223,0.7698217439651489,1.7989853423504218,0.02,-0.0,-0.00033651726698731967,-1.3619978928745457e-05,-0.15720434188842772,0.15,-0.0,0.0,0.0,-0.0,0.0,0.0,0.0,0.0,0.35,0.0,0.0,0.0,0.0,0.0,0.0,0.0,0.0,0.25,-0.0,-3.9688720703125,0.0,-0.717032790184021,-0.0,-0.4961090087890625,-0.4961090087890625,-0.05,0.5398217439651489,0.3598811626434326,0.2,0.0,-0.0,-0.0,-0.0,0.8,1.0,-0.0,0.0,-0.0,-0.0,0.0,0.0,0.0,0.450796342282556,-0.0,-0.0,-0.001014657649578303,0.02,0.0,0.0,0.0,0.0,0.0,0.0,0.3598811626434326,32.45733664434403,32.4,1.0,0.0,0.0,1.0,2.0,4.0,0.0,1.0,0.0,1.0,0.0,0.0,0.0,0.0,0.0,0.0,0.0,0.0,0.0,0.0,0.0,0.0,0.0,0.0,0.0,0.0,0.0,0.0,0.0,33.557586669921875,188.55426025390625,33.4737548828125,188.2454376220703,-0.083831787109375,-0.3088226318359375,0.31999874114990234,-1.835864833057068,-0.2619800567626953,-0.9650732278823853,0.0,-14.853507041931152,10.219110488891602,0.0,28.0,28.0,28.0,0.0,0.0,0.0,0.0,0.0,1.0,120.0,1.0,0.0,3.0,0.0,3.32,64.4427000079304,0.5099999252706766,6.661900086328387,47.89580008946359,31.017799978144467,4.0,5.459100008010864,3.0062999576330185,0.8683000924065709,0.000600004568696022
1,228,228,3.311691600270495,0,0,2.0,4.0,1.0,0.6443546414375305,0.6350811123847961,1.0,1.0,1.0,1.0,1.0,1.0,1.0,1.0,1.0,0.6350811123847961,0.6350811123847961,1.0,1.0,1.0,0.0,0.5552120208740234,1.0,1.0,0.9177764058113098,0.46367624402046204,0.46835702657699585,0.0,-0.011758760549128056,0.801095724105835,-0.5985361933708191,0.0,0.0,0.0,0.0,0.0,0.0,167.28709411621094,15.357107162475586,15.357107162475586,25.0,25.0,25.0,0.0,1.0,0.6142842864990234,0.6142842864990234,0.0,0.0,0.0,0.0,0.0,0.2911086082458496,0.4348846079780905,0.7656983840465545,1.8,0.02,-0.0,-0.00033651726698731967,-1.3619978928745457e-05,-0.15597639083862305,0.15,-0.0,0.0,0.0,-0.0,0.0,0.0,0.0,0.0,0.35,0.0,0.0,0.0,0.0,0.0,0.0,0.0,0.0,0.25,-0.0,-3.9517822265625,0.0,-0.7088913917541504,-0.0,-0.4939727783203125,-0.4939727783203125,-0.05,0.5356983840465546,0.3571322560310364,0.2,0.0,-0.0,-0.0,-0.0,0.8,1.0,-0.0,0.0,-0.0,-0.0,0.0,0.0,0.0,0.44121113606262957,-0.0,-0.0,-0.0,0.02,0.0,0.0,0.0,0.0,0.0,0.0,0.3571322560310364,31.767201796509326,32.4,0.0,0.6,0.0,1.0,2.0,4.0,0.0,1.0,0.0,1.0,0.0,0.0,0.0,0.0,0.0,0.0,0.0,0.0,0.0,0.0,0.0,0.0,0.0,0.0,0.0,0.0,0.0,0.0,0.0,33.4737663269043,188.24569702148438,33.38993453979492,187.93687438964844,-0.083831787109375,-0.3088226318359375,0.31999874114990234,-1.835864833057068,-0.2619797885417938,-0.9650733470916748,0.0,-14.853507041931152,10.219110488891602,0.0,28.0,28.0,28.0,0.0,0.0,0.0,0.0,0.0,1.0,120.0,1.0,0.0,3.0,0.0,3.36,55.71420001797378,0.7157999789342284,10.222799959592521,34.917599987238646,17.71700009703636,4.0,5.894699948839843,3.2110000029206276,0.7107000565156341,0.000400003045797348
1,229,229,2.8650476352869716,0,0,2.0,3.0,1.0,0.6231216192245483,0.6142842769622803,1.0,1.0,1.0,1.0,1.0,1.0,1.0,1.0,1.0,0.6142842769622803,0.6142842769622803,1.0,1.0,1.0,0.0,0.5562933683395386,1.0,1.0,0.9169310331344604,0.4538171589374542,-0.5990753769874573,0.0,-0.007378353737294674,0.8015128970146179,-0.5979775190353394,0.0,0.0,0.0,0.0,0.0,0.0,166.79360961914062,15.357107162475586,15.357107162475586,25.0,25.0,25.0,0.0,1.0,0.6142842864990234,0.6142842864990234,0.0,0.0,0.0,0.0,0.0,0.2927408218383789,0.5960023806988447,0.7413044559955597,1.2149999767541886,0.02,-0.0,-0.00033651726698731967,-1.3619978928745457e-05,0.0,0.15,-0.0,0.0,0.0,-0.0,0.0,0.0,0.0,0.0,0.35,0.0,0.0,0.0,0.0,0.0,0.0,0.0,0.0,0.25,-0.0,-3.9478759765625,0.0,-0.7072591781616211,-0.0,-0.4934844970703125,-0.4934844970703125,-0.05,0.535304456949234,0.356869637966156,0.2,0.0,-0.0,-0.0,-0.0,0.5599999904632569,0.699999988079071,-0.0,0.0,-0.0,-0.0,0.0,0.0,0.0,0.4463525179447607,-0.04500000178813934,-0.0,-0.0,0.02,0.0,0.0,0.0,0.0,0.0,0.0,0.356869637966156,32.137381292022766,32.4,0.7326086850269979,0.0,0.0,0.699999988079071,2.0,3.0,0.0,0.699999988079071,0.0,0.699999988079071,0.0,0.0,0.0,0.0,0.0,0.0,0.0,0.0,0.0,0.0,0.0,0.0,0.0,0.0,0.0,0.0,0.0,0.0,0.0,33.38994598388672,187.9371337890625,33.306114196777344,187.62831115722656,-0.083831787109375,-0.3088226318359375,0.31999874114990234,-1.835864833057068,-0.26197949051856995,-0.9650734663009644,0.0,-14.853507041931152,10.219110488891602,0.0,28.0,28.0,28.0,0.0,0.0,0.0,0.0,0.0,1.0,120.0,1.0,0.0,3.0,0.0,3.4,29.767500003799796,0.4987999564036727,9.080999996513128,11.342699988745153,7.44960003066808,4.0,5.032100016251206,3.0478000408038497,0.7316999835893512,0.000500003807246685
1,230,230,3.1989759662771795,0,0,2.0,4.0,1.0,0.6231216192245483,0.6142842769622803,1.0,1.0,1.0,1.0,1.0,1.0,1.0,1.0,1.0,0.6142842769622803,0.6142842769622803,1.0,1.0,1.0,0.0,0.5573704242706299,1.0,1.0,0.9160774946212769,0.4591054618358612,0.3213363587856293,0.0,-0.007378353737294674,0.8016989827156067,-0.5977280139923096,0.0,0.0,0.0,0.0,0.0,0.0,166.29763793945312,14.838948249816895,14.838948249816895,25.0,25.0,25.0,0.0,1.0,0.5935579299926758,0.5935579299926758,0.0,0.0,0.0,0.0,0.0,0.2824549674987793,0.409042603279909,0.7750665801763534,1.712411815322138,0.02,-0.0,-0.00033651726698731967,-1.3619978928745457e-05,-0.1554476737976074,0.15,-0.0,0.0,0.0,-0.0,0.0,0.0,0.0,0.0,0.35,0.0,0.0,0.0,0.0,0.0,0.0,0.0,0.0,0.25,-0.0,-3.9677734375,0.0,-0.7175450325012207,-0.0,-0.4959716796875,-0.4959716796875,-0.05,0.5450665801763535,0.36337772011756897,0.2,0.0,-0.0,-0.0,-0.0,0.8,1.0,-0.0,0.0,-0.0,-0.0,0.0,0.0,0.0,0.41484041432343244,-0.04500000178813934,-0.0,-0.042588182889722805,0.02,0.0,0.0,0.0,0.0,0.0,0.0,0.36337772011756897,32.7714642816782,32.4,1.0,0.0,0.0,1.0,2.0,4.0,0.0,1.0,0.0,1.0,0.0,0.0,0.0,0.0,0.0,0.0,0.0,0.0,0.0,0.0,0.0,0.0,0.0,0.0,0.0,0.0,0.0,0.0,0.0,33.30612564086914,187.62857055664062,33.222293853759766,187.3197479248047,-0.083831787109375,-0.3088226318359375,0.31999874114990234,-1.835864833057068,-0.26197919249534607,-0.9650735259056091,0.0,-14.853507041931152,10.219110488891602,0.0,28.0,28.0,28.0,0.0,0.0,0.0,0.0,0.0,1.0,120.0,1.0,0.0,3.0,0.0,3.44,56.38990004081279,0.9897000854834914,10.24370000232011,35.26220005005598,17.452900065109134,4.0,6.165399914607406,2.7902000583708286,0.8986999746412039,0.000700005330145359
1,231,231,3.4650417949310808,0,0,2.0,4.0,1.0,0.6020395755767822,0.5935579538345337,1.0,1.0,1.0,1.0,1.0,1.0,1.0,1.0,1.0,0.5935579538345337,0.5935579538345337,1.0,1.0,1.0,0.0,0.5584796071052551,1.0,1.0,0.9152010083198547,0.46816378831863403,0.550419270992279,0.0,-0.0021262106020003557,0.8018064498901367,-0.5975837707519531,0.0,0.0,0.0,0.0,0.0,0.0,165.80413818359375,14.838948249816895,14.838948249816895,25.0,25.0,25.0,0.0,1.0,0.5935579299926758,0.5935579299926758,0.0,0.0,0.0,0.0,0.0,0.2918771505355835,0.5823728795401125,0.7707917648553848,1.8,0.02,-0.0,-0.00033651726698731967,-1.3619978928745457e-05,0.0,0.15,-0.0,0.0,0.0,-0.0,0.0,0.0,0.0,0.0,0.35,0.0,0.0,0.0,0.0,0.0,0.0,0.0,0.0,0.25,-0.0,-3.947998046875,0.0,-0.7081228494644165,-0.0,-0.493499755859375,-0.493499755859375,-0.05,0.5407917648553848,0.3605278432369232,0.2,0.0,-0.0,-0.0,-0.0,0.8,1.0,-0.0,0.0,-0.0,-0.0,0.0,0.0,0.0,0.4327230167860286,-0.0,-0.0,-0.0,0.02,0.0,0.0,0.0,0.0,0.0,0.0,0.3605278432369232,32.08864813752472,32.4,0.0,0.6,0.0,1.0,2.0,4.0,0.0,1.0,0.0,1.0,0.0,0.0,0.0,0.0,0.0,0.0,0.0,0.0,0.0,0.0,0.0,0.0,0.0,0.0,0.0,0.0,0.0,0.0,0.0,33.22230529785156,187.32000732421875,33.13847351074219,187.0111846923828,-0.083831787109375,-0.3088226318359375,0.31999874114990234,-1.835864833057068,-0.2619788944721222,-0.9650735259056091,0.0,-14.853507041931152,10.219110488891602,0.0,28.0,28.0,28.0,0.0,0.0,0.0,0.0,0.0,1.0,120.0,1.0,0.0,3.0,0.0,3.48,75.05240000318736,0.6974999560043216,12.568300007842481,51.4602999901399,27.74920000229031,4.0,5.553399911150336,4.008100018836558,0.7232000352814794,0.000600004568696022
1,232,232,3.2247301685896326,0,0,2.0,4.0,1.0,0.6020395755767822,0.5935579538345337,1.0,1.0,1.0,1.0,1.0,1.0,1.0,1.0,1.0,0.5935579538345337,0.5935579538345337,1.0,1.0,1.0,0.0,0.559576690196991,1.0,1.0,0.9143206477165222,0.45840924978256226,-0.5927223563194275,0.0,-0.0021262106020003557,0.8019652962684631,-0.5973706245422363,0.0,0.0,0.0,0.0,0.0,0.0,165.31082153320312,14.3202543258667,14.3202543258667,25.0,25.0,25.0,0.0,1.0,0.572810173034668,0.572810173034668,0.0,0.0,0.0,0.0,0.0,0.29217708110809326,0.353424502586939,0.7721100258827209,1.787018559011879,0.02,-0.0,-0.00033651726698731967,-1.3619978928745457e-05,-0.1556081771850586,0.15,-0.0,0.0,0.0,-0.0,0.0,0.0,0.0,0.0,0.35,0.0,0.0,0.0,0.0,0.0,0.0,0.0,0.0,0.25,-0.0,-3.946533203125,0.0,-0.7078229188919067,-0.0,-0.493316650390625,-0.493316650390625,-0.05,0.542110025882721,0.36140668392181396,0.2,0.0,-0.0,-0.0,-0.0,0.8,1.0,-0.0,0.0,-0.0,-0.0,0.0,0.0,0.0,0.3593828170179137,-0.0,-0.0,-0.012981440988121005,0.02,0.0,0.0,0.0,0.0,0.0,0.0,0.36140668392181396,32.60508502822369,32.4,1.0,0.0,0.0,1.0,2.0,4.0,0.0,1.0,0.0,1.0,0.0,0.0,0.0,0.0,0.0,0.0,0.0,0.0,0.0,0.0,0.0,0.0,0.0,0.0,0.0,0.0,0.0,0.0,0.0,33.138484954833984,187.01144409179688,33.05465316772461,186.70262145996094,-0.083831787109375,-0.3088226318359375,0.31999874114990234,-1.835864833057068,-0.2619786262512207,-0.9650737047195435,0.0,-14.853507041931152,10.219110488891602,0.0,28.0,28.0,28.0,0.0,0.0,0.0,0.0,0.0,1.0,120.0,1.0,0.0,3.0,0.0,3.52,62.77119996957481,0.4336999263614416,8.623700006864965,44.67620002105832,25.48649988602847,4.0,4.467600025236607,3.6545000039041042,0.8815999608486891,0.000500003807246685
1,233,233,2.812767955811076,0,0,2.0,3.0,1.0,0.5809620022773743,0.572810173034668,1.0,1.0,1.0,1.0,1.0,1.0,1.0,1.0,1.0,0.572810173034668,0.572810173034668,1.0,1.0,1.0,0.0,0.5606766939163208,1.0,1.0,0.9134289622306824,0.4657869338989258,0.448295921087265,0.0,0.0008050207979977131,0.8019406199455261,-0.5974037051200867,0.0,0.0,0.0,0.0,0.0,0.0,164.81997680664062,14.3202543258667,14.3202543258667,25.0,25.0,25.0,0.0,1.0,0.572810173034668,0.572810173034668,0.0,0.0,0.0,0.0,0.0,0.3016291856765747,0.5322349639249372,0.7439038294553757,1.2149999767541886,0.02,-0.0,-0.00033651726698731967,-1.3619978928745457e-05,0.0,0.15,-0.0,0.0,0.0,-0.0,0.0,0.0,0.0,0.0,0.35,0.0,0.0,0.0,0.0,0.0,0.0,0.0,0.0,0.25,-0.0,-3.9267578125,0.0,-0.6983708143234253,-0.0,-0.4908447265625,-0.4908447265625,-0.05,0.53790383040905,0.3586025536060333,0.2,0.0,-0.0,-0.0,-0.0,0.5599999904632569,0.699999988079071,-0.0,0.0,-0.0,-0.0,0.0,0.0,0.0,0.38258510117085326,-0.04500000178813934,-0.0,-0.0,0.02,0.0,0.0,0.0,0.0,0.0,0.0,0.3586025536060333,31.893197018355128,32.4,0.0,0.6,0.0,0.699999988079071,2.0,3.0,0.0,0.699999988079071,0.0,0.699999988079071,0.0,0.0,0.0,0.0,0.0,0.0,0.0,0.0,0.0,0.0,0.0,0.0,0.0,0.0,0.0,0.0,0.0,0.0,0.0,33.054664611816406,186.702880859375,32.97083282470703,186.39405822753906,-0.083831787109375,-0.3088226318359375,0.31999874114990234,-1.835864833057068,-0.2619783282279968,-0.965073823928833,0.0,-14.853507041931152,10.219110488891602,0.0,28.0,28.0,28.0,0.0,0.0,0.0,0.0,0.0,1.0,120.0,1.0,0.0,3.0,0.0,3.56,45.70000001695007,0.7279999554157257,9.78439999744296,27.36080007161945,13.351800036616623,4.0,4.504699958488345,2.6436999905854464,0.6493000546470284,0.000300002284348011
1,234,234,1.8487094530347303,0,0,2.0,4.0,1.0,0.5809620022773743,0.572810173034668,1.0,1.0,1.0,1.0,1.0,1.0,1.0,1.0,1.0,0.572810173034668,0.572810173034668,1.0,1.0,1.0,0.0,0.5617650151252747,1.0,1.0,0.9125332236289978,0.45561710000038147,-0.6179583668708801,0.0,0.0008050207979977131,0.8020216226577759,-0.5972949862480164,0.0,0.0,0.0,0.0,0.0,0.0,164.32916259765625,13.802739143371582,13.802739143371582,25.0,25.0,25.0,0.006464328151196241,0.9935356718488038,0.5521095657348633,0.5521095657348633,0.0,0.0,0.0,0.0,0.0,0.29486361565068364,-0.74425537205233,0.7559523249912227,1.522148884445154,0.02,-0.0,-0.00033651726698731967,-1.3619978928745457e-05,-0.15525455474853514,0.15,-0.0,0.0,0.0,-1.0342925041913986,0.0,0.0,0.0,0.0,0.35,0.0,0.0,0.0,0.0,0.0,0.0,0.0,0.0,0.25420181329827757,-0.0,-3.926513671875,0.0,-0.6986720561981201,-0.0,-0.490814208984375,-0.490814208984375,-0.05,0.5362952500331366,0.3595055341720581,0.2,0.0,-0.0,-0.0,-0.0,0.6965707495808602,0.8707134369760752,-0.0,0.0,-0.0,-0.0,0.0,0.0,0.0,0.2956418241335198,-0.04500000178813934,-0.0,-0.00013530032364190303,0.02,0.0,0.0,0.0,0.0,0.0,0.0,0.3595055341720581,32.420937360115346,32.4,1.0,0.0,0.0,1.0,2.0,4.0,0.0,1.0,0.0,1.0,0.0,0.0,0.0,0.0,0.0,0.0,0.0,0.0,0.0,0.0,0.0,0.0,0.0,0.0,0.0,0.0,0.0,0.0,0.0,32.97084426879883,186.39431762695312,32.88701248168945,186.0854949951172,-0.083831787109375,-0.3088226318359375,0.31999874114990234,-1.835864833057068,-0.26197803020477295,-0.965073823928833,0.0,-14.853507041931152,10.219110488891602,0.0,28.0,28.0,28.0,0.0,0.0,0.0,0.0,0.0,1.0,120.0,1.0,0.0,3.0,0.0,3.6,51.16719997022301,0.964400009252131,7.6416999800130725,34.301199950277805,26.808399939909577,4.0,4.495600005611777,3.060300019569695,0.6744998972862959,0.000500003807246685
1,235,235,-2.215804198804768,0,0,2.0,4.0,1.0,0.5599657297134399,0.5521095395088196,1.0,1.0,1.0,1.0,1.0,1.0,1.0,1.0,1.0,0.5521095395088196,0.5521095395088196,1.0,1.0,1.0,0.0,0.5628554224967957,1.0,1.0,0.9116261005401611,0.46315625309944153,0.45810794830322266,0.0,0.0011191009543836117,0.8019547462463379,-0.5973848104476929,0.0,0.006464328151196241,-0.002272313693538308,0.0,0.0,0.0,163.84063720703125,13.286558151245117,13.286558151245117,25.0,15.179924011230469,25.0,0.02567141316831112,0.9743285868316889,0.5314623260498047,0.5314623260498047,0.0,0.0,0.0,0.0,0.0,0.2843517158180475,-4.108339971870272,0.7123549313066566,0.8758291259407998,0.02,-0.0,-0.004610262805248837,-1.3619978928745457e-05,-0.39485429763793944,0.15,-0.0,0.0,0.0,-4.107426106929779,0.0,0.0,0.0,0.0,0.35,0.0,0.0,0.0,0.0,0.0,0.0,0.0,0.0,0.2666864185594022,-0.0,-3.908203125,0.0,-0.6899768710136414,-0.0,-0.488525390625,-0.488525390625,-0.05,0.5234291923759544,0.35673704743385315,0.2,0.0,-0.0,-0.0,-0.0,0.38925738930702214,0.4865717366337776,-0.0,0.0,-0.0,-0.0,0.0,0.0,0.0,0.2485643154816236,-0.0,-0.0,-0.0,0.02,0.0,0.0,0.0,0.0,0.0,0.0,0.35673704743385315,31.72306179754436,32.4,0.0,0.6,0.0,1.0,2.0,4.0,0.0,1.0,0.0,1.0,0.0,0.0,0.0,0.0,0.0,0.0,0.0,0.0,0.0,0.0,0.0,0.0,0.0,0.0,0.0,0.0,0.0,0.0,0.0,32.88702392578125,186.08575439453125,32.803192138671875,185.7769317626953,-0.083831787109375,-0.3088226318359375,0.31999874114990234,-1.835864833057068,-0.2619777321815491,-0.9650739431381226,0.0,-14.853507041931152,10.219110488891602,0.0,28.0,28.0,28.0,0.0,0.0,0.0,0.0,0.0,1.0,120.0,1.0,0.0,3.0,0.0,3.64,49.34160003904253,0.7114999461919069,8.2054000813514,33.02919992711395,19.35239997692406,4.0,4.031899967230856,2.486899960786104,0.8350000716745853,0.000400003045797348
1,236,236,-1.844068808826725,0,0,2.0,4.0,1.0,0.5390175580978394,0.5314623117446899,1.0,1.0,1.0,1.0,1.0,1.0,0.6071969866752625,1.0,1.0,0.5314623117446899,0.5314623117446899,1.0,1.0,0.6071969866752625,0.0,0.5639330148696899,1.0,1.0,0.9107150435447693,0.45318660140037537,-0.6057947874069214,0.0,-0.0010271611390635371,0.802017331123352,-0.5973007678985596,0.0,0.02567141316831112,-0.01592390425503254,0.0,0.0,0.0,163.35211181640625,13.286558151245117,13.286558151245117,25.0,15.179924011230469,25.0,0.02567141316831112,0.9743285868316889,0.5314623260498047,0.5314623260498047,0.0,0.0,0.0,0.0,0.0,0.2839360926300287,-3.737536743805199,0.7137027164076455,0.8758291259407998,0.02,-0.0,-0.004610262805248837,-1.3619978928745457e-05,0.0,0.15,-0.0,0.0,0.0,-4.107426106929779,0.0,0.0,0.0,0.0,0.35,0.0,0.0,0.0,0.0,0.0,0.0,0.0,0.0,0.2666864185594022,-0.0,-3.908203125,0.0,-0.6903924942016602,-0.0,-0.488525390625,-0.488525390625,-0.05,0.5247769774769433,0.3576556146144867,0.2,0.0,-0.0,-0.0,-0.0,0.38925738930702214,0.4865717366337776,-0.0,0.0,-0.0,-0.0,0.0,0.0,0.0,0.22451324590875743,-0.0,-0.0,-0.0,0.02,0.0,0.0,0.0,0.0,0.0,0.0,0.3576556146144867,32.26043159019202,32.4,1.0,0.0,0.0,1.0,2.0,4.0,0.0,1.0,0.0,1.0,0.0,0.0,0.0,0.0,0.0,0.0,0.0,0.0,0.0,0.0,0.0,0.0,0.0,0.0,0.0,0.0,0.0,0.0,0.0,32.80320358276367,185.77719116210938,32.7193717956543,185.46836853027344,-0.083831787109375,-0.3088226318359375,0.31999874114990234,-1.835864833057068,-0.2619774341583252,-0.9650740027427673,0.0,-14.853507041931152,10.219110488891602,0.0,28.0,28.0,28.0,0.0,0.0,0.0,0.0,0.0,1.0,120.0,1.0,0.0,3.0,0.0,3.68,27.416700031608343,0.4988000728189945,7.467299932613969,12.176400050520897,7.421300048008561,4.0,4.128800006583333,2.3457000497728586,0.7682000286877155,0.000400003045797348
1,237,237,-5.390257776310313,0,0,2.0,3.0,1.0,0.5390175580978394,0.5314623117446899,1.0,1.0,1.0,1.0,1.0,1.0,0.6071969866752625,1.0,1.0,0.5314623117446899,0.5314623117446899,1.0,1.0,0.6071969866752625,0.0,0.565012514591217,1.0,1.0,0.909792423248291,0.460863322019577,0.46646684408187866,0.0,-0.0010271611390635371,0.8019427061080933,-0.597400963306427,0.0,0.02567141316831112,-0.01592390425503254,0.0,0.0,0.0,162.8616485595703,12.767882347106934,12.767882347106934,25.0,14.53737735748291,25.0,0.04828722029924393,0.9517127797007561,0.5107152938842774,0.5107152938842774,0.0,0.0,0.0,0.0,0.0,0.2532423064112663,-6.30499818228684,0.6750312897320888,-0.03353319016682717,0.02,-0.0,-0.005671228281623913,-1.3619978928745457e-05,-0.2327083396911621,0.15,-0.0,0.0,0.0,-6.335283248000465,0.0,0.0,0.0,0.0,0.35,0.0,0.0,0.0,0.0,0.0,0.0,0.0,0.0,0.28138669319450854,-0.0,-3.9237060546875,0.0,-0.6984704732894897,-0.0,-0.4904632568359375,-0.4904632568359375,-0.05,0.5231129764999107,0.36366844177246094,0.2,0.0,-0.0,-0.0,-0.0,0.01918313232178122,0.02397891540222652,-0.0,-0.0,-0.0,-0.0,0.0,0.0,0.0,0.11867825366534007,-0.04500000178813934,-0.0,-0.03169523610269556,0.02,0.0,0.0,0.0,0.0,0.0,0.0,0.36366844177246094,32.720456806719305,32.4,0.7326086850269979,0.0,0.0,0.699999988079071,2.0,3.0,0.0,0.699999988079071,0.0,0.699999988079071,0.0,0.0,0.0,0.0,0.0,0.0,0.0,0.0,0.0,0.0,0.0,0.0,0.0,0.0,0.0,0.0,0.0,0.0,0.0,32.719383239746094,185.4686279296875,32.63555145263672,185.15980529785156,-0.083831787109375,-0.3088226318359375,0.31999874114990234,-1.835864833057068,-0.2619771361351013,-0.9650741219520569,0.0,-14.853507041931152,10.219110488891602,0.0,28.0,28.0,28.0,0.0,0.0,0.0,0.0,0.0,1.0,120.0,1.0,0.0,3.0,0.0,3.72,79.34980001300573,0.8519000839442015,8.534499909728765,60.935000074096024,27.61250000912696,4.0,5.411599995568395,2.571200020611286,1.005799975246191,0.000500003807246685
1,238,238,-6.460355391774214,0,0,2.0,4.0,1.0,0.517990231513977,0.5107153058052063,1.0,1.0,1.0,1.0,1.0,1.0,0.5814951062202454,1.0,1.0,0.5107153058052063,0.5107153058052063,1.0,1.0,0.5814951062202454,0.0,0.5661230087280273,1.0,1.0,0.9088460206985474,0.4674350917339325,0.39932745695114136,0.0,0.0002879870298784226,0.8019235730171204,-0.5974266529083252,0.0,0.04828722029924393,-0.036227498203516006,0.0,0.0,0.0,162.3740234375,12.767882347106934,12.767882347106934,25.0,14.53737735748291,25.0,0.04828722029924393,0.9517127797007561,0.5107152938842774,0.5107152938842774,0.0,0.0,0.0,0.0,0.0,0.26398473232984543,-7.431616436172878,0.6706162446297403,0.016660067439079287,0.02,-0.0,-0.005671228281623913,-1.3619978928745457e-05,0.0,0.15,-0.0,0.0,0.0,-7.725955247879028,0.0,0.0,0.0,0.0,0.35,0.0,0.0,0.0,0.0,0.0,0.0,0.0,0.0,0.28138669319450854,-0.0,-3.9010009765625,0.0,-0.6877280473709106,-0.0,-0.4876251220703125,-0.4876251220703125,-0.05,0.5178757971085306,0.360027551651001,0.2,0.0,-0.0,-0.0,-0.0,0.02740447521209717,0.03425559401512146,-0.0,-0.0,-0.0,-0.0,0.0,0.0,0.0,0.15002365996670242,-0.04500000178813934,-0.0,-0.0,0.02,0.0,0.0,0.0,0.0,0.0,0.0,0.360027551651001,32.04022551946342,32.4,0.0,0.6,0.0,1.0,2.0,4.0,0.0,1.0,0.0,1.0,0.0,0.0,0.0,0.0,0.0,0.0,0.0,0.0,0.0,0.0,0.0,0.0,0.0,0.0,0.0,0.0,0.0,0.0,0.0,32.635562896728516,185.16006469726562,32.55173110961914,184.8512420654297,-0.083831787109375,-0.3088226318359375,0.31999874114990234,-1.835864833057068,-0.26197683811187744,-0.9650741815567017,0.0,-14.853507041931152,10.219110488891602,0.0,28.0,28.0,28.0,0.0,0.0,0.0,0.0,0.0,1.0,120.0,1.0,0.0,3.0,0.0,3.76,38.78109995275736,0.6420999998226762,8.528499980457127,18.389299977570772,13.22039996739477,4.0,6.682300008833408,3.5399000626057386,0.9367000311613083,0.000300002284348011
1,239,239,-3.196997854762236,0,0,1.0,4.0,1.0,0.517990231513977,0.5107153058052063,1.0,1.0,1.0,1.0,1.0,1.0,0.5814951062202454,1.0,1.0,0.5107153058052063,0.5107153058052063,1.0,1.0,0.5814951062202454,0.0,0.5672171115875244,1.0,1.0,0.9078971743583679,0.45771750807762146,-0.5904785394668579,0.0,0.0002879870298784226,0.8019572496414185,-0.5973814129829407,0.0,0.04828722029924393,-0.036227498203516006,0.0,0.0,0.0,161.88687133789062,12.250081062316895,12.250081062316895,25.0,14.009591102600098,25.0,0.07344133406877518,0.9265586659312248,0.4900032424926758,0.4900032424926758,0.0,0.0,0.0,0.0,0.0,0.2402576133608818,-4.007513320661824,0.6576239055051973,-0.10736605296649168,0.02,-0.0,-0.006729741565889698,-1.3619978928745457e-05,-0.2186747360229492,0.15,-0.0,0.0,0.0,-4.16,0.0,0.07537117939816707,-0.04899126660880859,-0.25,0.0,0.23636363636363636,0.0,0.0,-0.0,0.0,-0.0,-0.02944257718170648,-0.0,0.2977368671447039,-0.0,-3.897216796875,0.0,-0.686301052570343,-0.0,-0.487152099609375,-0.487152099609375,-0.05,0.5076239055051973,0.3609481751918793,0.2,0.0,-0.033486375102358204,-0.0,-0.0,0.0,0.0,-0.0,0.004854266594821293,-0.0532037534233035,-0.0,0.0,0.0,0.0,0.23096744129829172,-0.017999999597668646,-0.0,-0.0075301914379826175,0.02,0.0,0.0,0.0,0.0,0.0,0.0,0.3609481751918793,32.55619801618159,32.4,1.0,0.0,-0.25,1.0,1.0,4.0,-0.25,1.0,-0.11999999731779099,1.0,-0.12,1.0,-1.0,0.0,0.0,-0.25,-0.25,1.0,0.13,0.0,0.0,0.0,0.0,0.0,0.0,0.0,0.0,0.0,0.0,32.55174255371094,184.85150146484375,32.46791076660156,184.5426788330078,-0.083831787109375,-0.3088226318359375,0.31999874114990234,-1.835864833057068,-0.2619765102863312,-0.9650742411613464,0.0,-14.853507041931152,10.219110488891602,0.0,28.0,28.0,28.0,0.0,0.0,0.0,0.0,0.0,1.0,120.0,1.0,0.0,3.0,0.0,3.8,50.71860004682094,0.7283000741153955,6.311999983154237,36.35399998165667,15.956099960021675,4.0,3.4827999770641327,3.160299966111779,0.645900028757751,0.000400003045797348
1,240,240,0.8134547348253713,0,0,1.0,4.0,1.0,0.49699103832244873,0.49000322818756104,1.0,1.0,1.0,1.0,1.0,1.0,0.5603836178779602,1.0,1.0,0.49000322818756104,0.49000322818756104,1.0,1.0,0.5603836178779602,0.0,0.5683164000511169,1.0,1.0,0.9069356322288513,0.46508854627609253,0.44789278507232666,-0.2181818187236786,0.003678689943626523,0.8015288710594177,-0.5979560613632202,0.0,0.07344133406877518,-0.06112612411379814,-1.0,-0.0,0.0,161.402587890625,12.250081062316895,12.250081062316895,25.0,14.009591102600098,25.0,0.07344133406877518,0.9265586659312248,0.4900032424926758,0.4900032424926758,0.0,0.0,0.0,0.0,0.0,0.2512597367167473,0.25870074499569334,0.6534267095285109,-0.3699324564155801,0.02,-0.0,-0.006729741565889698,-1.3619978928745457e-05,0.0,0.15,-0.0,0.0,0.0,-0.3200000000000011,0.0,0.09690580208335765,-0.0037685589699083563,-0.25,0.0,0.018181818181818195,0.0,0.0,-0.0,0.0,-0.0010860292142316084,-0.02944257718170648,-0.00436811585577912,0.2977368671447039,-0.0,-3.874267578125,0.0,-0.6752989292144775,-0.0,-0.484283447265625,-0.484283447265625,-0.05,0.5034267095285109,0.3579637408256531,0.2,0.0,-0.06603382666915655,-0.0,-0.0,0.0,0.0,-0.0,0.004854266594821293,-0.2907528967435762,-0.0,0.0,0.0,0.0,0.3728354698230017,-0.017999999597668646,-0.0,-0.0,0.02,0.0,0.0,0.0,0.0,0.0,0.0,0.3579637408256531,32.09977685306222,32.4,0.0,0.6,-0.25,1.0,1.0,4.0,-0.25,1.0,-0.23999999463558197,1.0,-0.24,2.0,-1.0,0.0,0.0,-0.25,-0.25,1.0,0.010000000000000009,0.0,0.0,0.0,0.0,0.0,0.0,0.0,0.0,0.0,0.0,32.46792221069336,184.54293823242188,32.384090423583984,184.23411560058594,-0.083831787109375,-0.3088226318359375,0.31999874114990234,-1.835864833057068,-0.2619762122631073,-0.9650743007659912,0.0,-14.853507041931152,10.219110488891602,0.0,28.0,28.0,28.0,0.0,0.0,0.0,0.0,0.0,1.0,120.0,1.0,0.0,3.0,0.0,3.84,35.71389999706298,0.6877999985590577,8.614300051704049,17.340400023385882,11.504000052809715,4.0,4.912700038403273,3.36169998627156,0.7561999373137951,0.000300002284348011
1,241,241,1.155666410539932,0,0,1.0,4.0,1.0,0.49699103832244873,0.49000322818756104,1.0,1.0,1.0,1.0,1.0,1.0,0.5603836178779602,1.0,1.0,0.49000322818756104,0.49000322818756104,1.0,1.0,0.5603836178779602,0.0,0.5694053769111633,1.0,1.0,0.905969500541687,0.4585682451725006,-0.39619892835617065,-0.4363636374473572,0.003678689943626523,0.7989093065261841,-0.6014515161514282,0.0,0.07344133406877518,-0.06112612411379814,-1.0,-0.01467106118798256,0.0,160.92071533203125,11.747923851013184,11.747923851013184,25.0,13.46195125579834,25.0,0.0988176092505455,0.9011823907494545,0.46991695404052736,0.46991695404052736,0.0,0.0,0.0,0.0,0.0,0.23498544842004776,0.6165728261120947,0.6408969623685337,-0.3567888263607441,0.02,-0.0,-0.008043810415215303,-1.3619978928745457e-05,-0.2163639450073242,0.15,-0.0,0.0,0.0,-0.0,0.0,0.20554782842334948,-0.0,-0.25,0.0,0.0,0.0,0.20554782842334948,-0.0,0.0,-0.008169934600944982,-0.06385828064445463,-0.016653060802944264,0.3142314460128546,-0.0,-3.85498046875,0.0,-0.6661969423294067,-0.0,-0.48187255859375,-0.48187255859375,-0.05,0.49089696236853364,0.3572738468647003,0.2,0.0,-0.06969914173010204,-0.0,-0.0,0.0,0.0,-0.0,0.008788427908194146,-0.2894573900394575,-0.0,0.0,0.0,0.0,0.3519267599122637,-0.0015000008046627043,-0.0,-0.004920721694716047,0.02,0.0,0.0,0.0,0.0,0.0,0.0,0.3572738468647003,32.526266140714284,32.4,1.0,0.0,-0.25,1.0,1.0,4.0,-0.25,1.0,-0.25,1.0,-0.25,3.0,-1.0,0.0,0.0,-0.25,-0.25,0.0,0.0,0.0,0.0,0.0,0.0,0.0,0.0,0.0,0.0,0.0,0.0,32.38410186767578,184.234375,32.300270080566406,183.92555236816406,-0.083831787109375,-0.3088226318359375,0.31999874114990234,-1.835864833057068,-0.2619759142398834,-0.9650744199752808,0.0,-14.853507041931152,10.219110488891602,0.0,28.0,28.0,28.0,0.0,0.0,0.0,0.0,0.0,1.0,120.0,1.0,0.0,3.0,0.0,3.88,57.421900099143386,0.6319000385701656,7.43170001078397,41.71000001952052,32.412200001999736,4.0,3.8926999550312757,2.7814999921247363,0.9440000867471099,0.000500003807246685
1,242,242,1.3067689750857545,0,0,1.0,4.0,1.0,0.4772254526615143,0.4699169397354126,1.0,1.0,1.0,1.0,1.0,1.0,0.5384780764579773,1.0,1.0,0.4699169397354126,0.4699169397354126,1.0,1.0,0.5384780764579773,0.0,0.5705001950263977,1.0,1.0,0.9049927592277527,0.4646609425544739,0.37021639943122864,-0.4545454680919647,0.11237557232379913,0.791460394859314,-0.6112204194068909,0.0,0.0988176092505455,-0.08960357308387756,-1.0,-0.052996162325143814,1.0,160.4461669921875,11.301494598388672,11.301494598388672,25.0,12.87247371673584,25.0,0.1185845285654068,0.8814154714345932,0.45205978393554686,0.45205978393554686,0.0,0.0,0.0,0.0,0.0,0.24410925805568695,0.7390363136173999,0.6262868285454324,-0.32266342513276464,0.02,-0.0,-0.009753799111421744,-1.3619978928745457e-05,-0.20466608047485352,0.15,-0.0,0.0,0.0,-0.0,0.0,0.2887769623806602,-0.0,-0.25,0.0,0.0,0.0,0.2887769623806602,-0.0,0.0,-0.02252619080126182,-0.09249813659784793,-0.03401871190521355,0.3270799435675144,-0.0,-3.79638671875,0.0,-0.6373062133789062,-0.0,-0.47454833984375,-0.47454833984375,-0.05,0.47628682854543236,0.3531177043914795,0.2,0.0,-0.06798244460996773,-0.0,-0.0,0.0,0.0,-0.0,0.012656061373571803,-0.2673370418963687,-0.0,0.0,0.0,0.0,0.3409402158203932,-0.0,-0.0,-0.0,0.02,0.0,0.0,0.0,0.0,0.0,0.0,0.3531177043914795,31.72514081798494,32.4,0.0,0.6,-0.25,1.0,1.0,4.0,-0.25,1.0,-0.25,1.0,-0.25,4.0,-1.0,0.0,0.0,-0.25,-0.25,0.0,0.0,0.0,0.0,0.0,0.0,0.0,0.0,0.0,0.0,0.0,0.0,32.3002815246582,183.92581176757812,32.21644973754883,183.6169891357422,-0.083831787109375,-0.3088226318359375,0.31999874114990234,-1.835864833057068,-0.26197561621665955,-0.9650744795799255,0.0,-14.853507041931152,10.219110488891602,0.0,28.0,28.0,28.0,0.0,0.0,0.0,0.0,0.0,1.0,120.0,1.0,0.0,3.0,0.0,3.92,56.33639998268336,0.7579000666737556,8.692599949426949,37.09019999951124,19.164099940098822,4.0,6.9754000287503,2.0756999729201198,0.7094999309629202,0.000400003045797348
1,243,243,1.5191243351686636,0,0,1.0,4.0,1.0,0.46140068769454956,0.4520597755908966,1.0,1.0,1.0,1.0,1.0,1.0,0.514898955821991,1.0,1.0,0.4520597755908966,0.4520597755908966,1.0,1.0,0.514898955821991,0.0,0.5716080069541931,1.0,1.0,0.9040088057518005,0.4532162845134735,-0.6954212784767151,-0.4545454680919647,0.23538580536842346,0.7807273864746094,-0.6248717904090881,0.0,0.1185845285654068,-0.12012065201997757,-1.0,-0.10400733351707458,1.0,159.9777069091797,11.301494598388672,11.301494598388672,25.0,12.87247371673584,25.0,0.1185845285654068,0.8814154714345932,0.45205978393554686,0.45205978393554686,0.0,0.0,0.0,0.0,0.0,0.2678729146718979,0.9283292777544607,0.6259027815035108,-0.3229806387612057,0.02,-0.0,-0.009753799111421744,-1.3619978928745457e-05,0.0,0.15,-0.0,0.0,0.0,-0.0,0.0,0.2887769623806602,-0.0,-0.25,0.0,0.0,0.0,0.2887769623806602,-0.0,0.0,-0.03698420878444072,-0.09249813659784793,-0.05585299151464528,0.3270799435675144,-0.0,-3.7476806640625,0.0,-0.6135425567626953,-0.0,-0.4684600830078125,-0.4684600830078125,-0.05,0.47590278150351073,0.35283297300338745,0.2,0.0,-0.06829965823840882,-0.0,-0.0,0.0,0.0,-0.0,0.012656061373571803,-0.2673370418963687,-0.0,0.0,0.0,0.0,0.34002511746577946,-0.0,-0.0,-0.0,0.02,0.0,0.0,0.0,0.0,0.0,0.0,0.35283297300338745,31.873173844590784,32.4,1.0,0.0,-0.25,1.0,1.0,4.0,-0.25,1.0,-0.25,1.0,-0.25,5.0,-1.0,0.0,0.0,-0.25,-0.25,0.0,0.0,0.0,0.0,0.0,0.0,0.0,0.0,0.0,0.0,0.0,0.0,32.216461181640625,183.61724853515625,32.13262939453125,183.3084259033203,-0.083831787109375,-0.3088226318359375,0.31999874114990234,-1.835864833057068,-0.26197531819343567,-0.9650745987892151,0.0,-14.853507041931152,10.219110488891602,0.0,28.0,28.0,28.0,0.0,0.0,0.0,0.0,0.0,1.0,120.0,1.0,0.0,3.0,0.0,3.96,51.76239996217191,0.4032999277114868,7.678500027395785,34.60889996495098,16.766099957749248,4.0,5.122000002302229,3.252600086852908,0.6684999680146575,0.000400003045797348
1,244,244,1.3645906275685482,0,0,1.0,4.0,1.0,0.46140068769454956,0.4520597755908966,1.0,1.0,1.0,1.0,1.0,1.0,0.514898955821991,1.0,1.0,0.4520597755908966,0.4520597755908966,1.0,1.0,0.514898955821991,0.0,0.5727514624595642,1.0,1.0,0.9030081033706665,0.45533105731010437,0.12850089371204376,-0.4545454680919647,0.23538580536842346,0.7668987512588501,-0.6417681574821472,0.0,0.1185845285654068,-0.12012065201997757,-1.0,-0.17076250910758972,1.0,159.51510620117188,10.890609741210938,10.890609741210938,25.0,12.287035942077637,25.0,0.13349469006061554,0.8665053099393845,0.4356243896484375,0.4356243896484375,0.0,0.0,0.0,0.0,0.0,0.27599601447582245,0.7920692573619533,0.6274788889438427,-0.35095353321307043,0.02,-0.0,-0.011819371351013772,-1.3619978928745457e-05,-0.1935179901123047,0.15,-0.0,0.0,0.0,-0.0,0.0,0.3515565897289075,-0.0,-0.25,0.0,0.0,0.0,0.3515565897289075,-0.0,0.0,-0.06309598348644034,-0.11516243707134413,-0.08058989718357212,0.3367715485394001,-0.0,-3.7008056640625,0.0,-0.590509295463562,-0.0,-0.4626007080078125,-0.4626007080078125,-0.05,0.47747888894384277,0.35906222462654114,0.2,0.0,-0.07025139613399016,-0.0,-0.0,0.0,0.0,-0.0,0.016038749046941827,-0.25123336308552385,-0.0,0.0,0.0,0.0,0.32256547990416995,-0.0,-0.0,-0.04550752304049828,0.02,0.0,0.0,0.0,0.0,0.0,0.0,0.35906222462654114,32.78398486252874,32.4,1.0,0.0,-0.25,1.0,1.0,4.0,-0.25,1.0,-0.25,1.0,-0.25,6.0,-1.0,0.0,0.0,-0.25,-0.25,0.0,0.0,0.0,0.0,0.0,0.0,0.0,0.0,0.0,0.0,0.0,0.0,32.13264083862305,183.30868530273438,32.04880905151367,182.99986267089844,-0.083831787109375,-0.3088226318359375,0.31999874114990234,-1.835864833057068,-0.2619750201702118,-0.9650747179985046,0.0,-14.853507041931152,10.219110488891602,0.0,28.0,28.0,28.0,0.0,0.0,0.0,0.0,0.0,1.0,120.0,1.0,0.0,3.0,0.0,4.0,59.68370009213686,0.46330003533512354,7.742900052107871,33.74059998895973,16.878099995665252,4.0,4.380000056698918,12.4837999464944,0.8380000945180655,0.000400003045797348
1,245,245,1.6415917080701885,0,0,1.0,3.0,1.0,0.44888144731521606,0.4356243908405304,1.0,1.0,1.0,1.0,1.0,1.0,0.4914814233779907,1.0,1.0,0.4356243908405304,0.4356243908405304,1.0,1.0,0.4914814233779907,0.0,0.5739820003509521,1.0,1.0,0.9019717574119568,0.4683426320552826,0.7906345725059509,-0.4545454680919647,0.31355080008506775,0.7507903575897217,-0.6605405807495117,0.0,0.13349469006061554,-0.1500960737466812,-1.0,-0.2393013834953308,1.0,159.06338500976562,10.890609741210938,10.890609741210938,25.0,12.287035942077637,25.0,0.13349469006061554,0.8665053099393845,0.4356243896484375,0.4356243896484375,0.0,0.0,0.0,0.0,0.0,0.31894926726818085,1.00003920541401,0.6226750620554986,-0.32007182666750095,0.02,-0.0,-0.011819371351013772,-1.3619978928745457e-05,0.0,0.15,-0.0,0.0,0.0,-0.0,0.0,0.3515565897289075,-0.0,-0.25,0.0,0.0,0.0,0.3515565897289075,-0.0,0.0,-0.08344010740544486,-0.08061370457709766,-0.10657460753006777,0.3367715485394001,-0.0,-3.61376953125,0.0,-0.5475560426712036,-0.0,-0.45172119140625,-0.45172119140625,-0.05,0.47267506205549864,0.35544976592063904,0.2,0.0,-0.07020224689774747,-0.0,-0.0,0.0,0.0,-0.0,0.011227124141662489,-0.17586335116493163,-0.0,0.0,0.0,0.0,0.32281282926867993,-0.04500000178813934,-0.0,-0.040233350958345016,0.02,0.0,0.0,0.0,0.0,0.0,0.0,0.35544976592063904,32.761048552282155,32.4,0.0,0.6,-0.25,0.699999988079071,1.0,3.0,-0.25,0.699999988079071,-0.25,0.699999988079071,-0.25,7.0,-1.0,0.0,0.0,-0.25,-0.25,0.0,0.0,-1.0,8.0,0.0,0.0,0.0,0.0,0.0,0.0,0.0,0.0,32.04882049560547,183.0001220703125,31.964988708496094,182.69129943847656,-0.083831787109375,-0.3088226318359375,0.31999874114990234,-1.835864833057068,-0.2619747221469879,-0.9650747776031494,0.0,-14.853507041931152,10.219110488891602,0.0,28.0,28.0,28.0,0.0,0.0,0.0,0.0,0.0,1.0,120.0,1.0,0.0,3.0,0.0,4.04,31.59809997305274,0.8766999235376716,13.180900015868247,9.289799956604838,6.065099965780973,4.0,4.693299997597933,2.9392000287771225,0.5907999584451318,0.000300002284348011
1,246,246,1.4858426455603988,0,0,1.0,4.0,1.0,0.44888144731521606,0.4356243908405304,1.0,1.0,1.0,1.0,1.0,1.0,0.4914814233779907,1.0,1.0,0.4356243908405304,0.4356243908405304,1.0,1.0,0.4914814233779907,0.0,0.5752511620521545,1.0,1.0,0.9009230732917786,0.46801498532295227,-0.019909990951418877,-0.4545454680919647,0.31355080008506775,0.7333748936653137,-0.6798244714736938,0.0,0.13349469006061554,-0.1500960737466812,-1.0,-0.31645965576171875,1.0,158.62538146972656,10.520148277282715,10.520148277282715,25.0,11.743051528930664,25.0,0.1442166566848755,0.8557833433151245,0.4208059310913086,0.4208059310913086,0.0,0.0,0.0,0.0,0.0,0.36253342032432556,0.8324057146918734,0.6053092600452384,-0.3344057495010385,0.02,-0.0,-0.014135711466005785,-1.3619978928745457e-05,-0.1764165687561035,0.15,-0.0,0.0,0.0,-0.0,0.0,0.39635850778973003,-0.0007207295920449982,-0.2504758298397064,0.0,0.000865145163102543,0.0,0.3967017123573705,-0.0,0.0,-0.11507605985966335,-0.1320245593892655,-0.13295074101960802,0.34374082684516905,-0.0,-3.5040283203125,0.0,-0.49324992299079895,-0.0,-0.4380035400390625,-0.4380035400390625,-0.05,0.4553092600452384,0.34594714641571045,0.2,0.0,-0.06816203459988215,-0.0,-0.0,0.0,0.0,-0.0,0.018718599658826916,-0.2399623127718439,-0.0,0.0,0.0,0.0,0.3277327435867847,-0.04500000178813934,-0.0,-0.0,0.02,0.0,0.0,0.0,0.0,0.0,0.0,0.34594714641571045,31.808949479945007,32.4,0.0,0.6,-0.25,1.0,1.0,4.0,-0.25,1.0,-0.25,1.0,-0.25,8.0,-1.0,0.0,0.0,-0.25,-0.25,0.0,0.0,-1.0,8.0,0.0,0.0,0.0,0.0,0.0,0.0,0.0,0.0,31.96500015258789,182.69155883789062,31.881168365478516,182.3827362060547,-0.083831787109375,-0.3088226318359375,0.31999874114990234,-1.835864833057068,-0.26197439432144165,-0.9650748372077942,0.0,-14.853507041931152,10.219110488891602,0.0,28.0,28.0,28.0,0.0,0.0,0.0,0.0,0.0,1.0,120.0,1.0,0.0,3.0,0.0,4.08,44.0809999126941,0.4417999880388379,5.226799985393882,32.35559992026538,16.181000042706728,4.0,3.358399961143732,2.066000015474856,0.605400069616735,0.0002998858690261841
1,247,247,1.6581733663517224,0,0,1.0,4.0,1.0,0.43916329741477966,0.4208059310913086,1.0,1.0,1.0,1.0,1.0,1.0,0.46972206234931946,1.0,1.0,0.4208059310913086,0.4208059310913086,1.0,1.0,0.46972206234931946,0.0,0.5765283107757568,1.0,1.0,0.8998772501945496,0.4544135630130768,-0.8264749050140381,-0.4545454680919647,0.32908421754837036,0.7151907086372375,-0.6989293098449707,0.0,0.1442166566848755,-0.17828695476055145,-1.0,-0.3867761194705963,1.0,158.19775390625,10.520148277282715,10.520148277282715,25.0,11.743051528930664,25.0,0.1442166566848755,0.8557833433151245,0.4208059310913086,0.4208059310913086,0.0,0.0,0.0,0.0,0.0,0.40353184938430786,0.9814068829710797,0.6054865112436423,-0.35225187724730744,0.02,-0.0,-0.014135711466005785,-1.3619978928745457e-05,0.0,0.15,-0.0,0.0,0.0,-0.0,0.0,0.39635850778973003,-0.0007207295920449982,-0.2504758298397064,0.0,0.000865145163102543,0.0,0.3967017123573705,-0.0,0.0,-0.1388098168376891,-0.1320245593892655,-0.1603710453057983,0.34374082684516905,-0.0,-3.4210205078125,0.0,-0.45225149393081665,-0.0,-0.4276275634765625,-0.4276275634765625,-0.05,0.4554865112436423,0.34608182311058044,0.2,0.0,-0.069400382274203,-0.0,-0.06160778186008744,0.0,0.0,-0.0,0.018718599658826916,-0.2399623127718439,-0.0,0.0,0.0,0.0,0.3240511000879133,-0.0,-0.0,-0.0,0.02,0.0,0.0,0.0,0.0,0.0,0.0,0.34608182311058044,32.386845061294736,32.4,1.0,0.0,-0.25,1.0,1.0,4.0,-0.25,1.0,-0.25,1.0,-0.25,9.0,-1.0,0.0,0.0,-0.25,-0.25,0.0,0.0,-1.0,8.0,0.0,0.0,0.0,0.0,0.0,0.0,0.0,0.0,31.881179809570312,182.38299560546875,31.797348022460938,182.0741729736328,-0.083831787109375,-0.3088226318359375,0.31999874114990234,-1.835864833057068,-0.2619740962982178,-0.965074896812439,0.0,-14.853507041931152,10.219110488891602,0.0,28.0,28.0,28.0,0.0,0.0,0.0,0.0,0.0,1.0,120.0,1.0,0.0,3.0,0.0,4.12,28.93849997781217,0.4273999948054552,5.929799983277917,13.481599977239966,10.167500004172325,4.0,4.7981999814510345,3.3780999947339296,0.8933000499382615,0.000700005330145359
1,248,248,3.0727802644577955,0,0,1.0,4.0,1.0,0.43916329741477966,0.4208059310913086,1.0,1.0,1.0,1.0,1.0,1.0,0.46972206234931946,1.0,1.0,0.4208059310913086,0.4208059310913086,1.0,1.0,0.46972206234931946,0.0,0.5778667330741882,1.0,1.0,0.8988104462623596,0.4626692235469818,0.5016454458236694,-0.4545454680919647,0.32908421754837036,0.6957594156265259,-0.7182748913764954,0.0,0.1442166566848755,-0.17828695476055145,-1.0,-0.4665463864803314,1.0,157.77867126464844,10.197737693786621,10.197737693786621,25.0,11.261832237243652,25.0,0.15134063363075256,0.8486593663692474,0.40790950775146484,0.40790950775146484,0.0,0.0,0.0,0.0,0.0,0.42995694279670715,0.8289246438439286,2.160946852787185,-0.36704817497002534,0.02,-0.0,-0.01656587951264328,-1.3619978928745457e-05,-0.15446949005126953,0.15,-0.0,0.0,0.0,-0.0,0.0,0.4243938425360729,-0.004837480672480146,-0.2529692217707634,0.0,0.005398585037751672,0.0,0.42669740476106344,-0.0,0.0,-0.173511972984072,-0.14348918835728344,-0.18888205186661988,0.34837141185998916,-0.0,-3.3526611328125,0.0,-0.4187024235725403,-0.0,-0.4190826416015625,-0.4190826416015625,1.5,0.4609468527871851,0.3526645004749298,0.2,0.0,-0.07084178939400507,-0.0,-0.1236893727417247,0.0,0.0,-0.0,0.04540219008922577,-0.08367768595041321,-0.0,0.0,0.0,0.0,0.3207210281034695,-0.0,-0.0,-0.13424151697310815,0.02,0.0,0.0,0.0,0.0,0.0,0.0,0.3526645004749298,33.059501717202366,32.4,1.0,0.0,-0.25,1.0,1.0,4.0,-0.25,1.0,-0.25,1.0,-0.25,10.0,-1.0,0.0,0.0,-0.25,-0.25,0.0,0.0,-1.0,8.0,0.0,0.0,0.0,0.0,0.0,0.0,0.0,0.0,31.797359466552734,182.07443237304688,31.71352767944336,181.76560974121094,-0.083831787109375,-0.3088226318359375,0.31999874114990234,-1.835864833057068,-0.2619737684726715,-0.9650750160217285,0.0,-14.853507041931152,10.219110488891602,0.0,28.0,28.0,28.0,0.0,0.0,0.0,0.0,0.0,1.0,120.0,1.0,0.0,3.0,0.0,4.16,51.421299926005304,0.4102999810129404,9.169399971142411,34.329299931414425,27.07640000153333,4.0,4.4429999543353915,2.164000063203275,0.8749999105930328,0.000400003045797348
1,249,249,1.6541938400579737,0,0,1.0,4.0,1.0,0.4323681890964508,0.4079095125198364,1.0,1.0,1.0,1.0,1.0,1.0,0.45047327876091003,1.0,1.0,0.4079095125198364,0.4079095125198364,1.0,1.0,0.45047327876091003,0.0,0.5793033242225647,1.0,1.0,0.8977062702178955,0.4722785949707031,0.5839033722877502,-0.4545454680919647,0.35115501284599304,0.6750007271766663,-0.737817108631134,0.0,0.15134063363075256,-0.20069409906864166,-1.0,-0.5421858429908752,1.0,157.37086486816406,9.906357765197754,9.906357765197754,25.0,10.822952270507812,25.0,0.15520349144935608,0.8447965085506439,0.39625431060791017,0.39625431060791017,0.0,0.0,0.0,0.0,0.0,0.4707240164279938,0.8427598267777506,0.6052069671715202,-0.284496970319291,0.02,-0.0,-0.019149089691474983,-1.3619978928745457e-05,-0.14007957458496093,0.15,-0.0,0.0,0.0,-0.0,0.0,0.43948181936576275,-0.007308524778836227,-0.25432122200727464,0.0,0.007856767285953888,0.0,0.4429620692604467,-0.0,0.0,-0.20579107813557607,-0.14979280729868297,-0.2173502595010004,0.35088226944208145,-0.0,-3.262451171875,0.0,-0.37407249212265015,-0.0,-0.407806396484375,-0.407806396484375,-0.05,0.4552069671715202,0.3495903015136719,0.2,0.0,-0.06880842410616043,-0.0,-0.1785719076975242,0.0,0.0,-0.0,0.046561047434806824,-0.08367768595041321,-0.0,0.0,0.0,0.0,0.3324506326200011,-0.0,-0.0,-0.0,0.02,0.0,0.0,0.0,0.0,0.0,0.0,0.3495903015136719,32.11059791620821,32.4,0.0,0.6,-0.25,1.0,1.0,4.0,-0.25,1.0,-0.25,1.0,-0.25,11.0,-1.0,0.0,0.0,-0.25,-0.25,0.0,0.0,-1.0,8.0,0.0,0.0,0.0,0.0,0.0,0.0,0.0,0.0,31.713539123535156,181.765869140625,31.62970733642578,181.45704650878906,-0.083831787109375,-0.3088226318359375,0.31999874114990234,-1.835864833057068,-0.26197347044944763,-0.9650750756263733,0.0,-14.853507041931152,10.219110488891602,0.0,28.0,28.0,28.0,0.0,0.0,0.0,0.0,0.0,1.0,120.0,1.0,0.0,3.0,0.0,4.2,48.57710003852844,0.40559994522482157,8.230600040405989,31.76990000065416,17.46350002940744,4.0,4.47460007853806,2.996399998664856,0.6559999892488122,0.000300002284348011
1,250,250,1.7075220741440935,0,0,1.0,4.0,1.0,0.42797601222991943,0.396254301071167,1.0,1.0,1.0,1.0,1.0,1.0,0.43291810154914856,0.4925950765609741,1.0,0.396254301071167,0.396254301071167,1.0,1.0,0.43291810154914856,0.0,0.5807764530181885,1.0,1.0,0.896591067314148,0.4587228298187256,-0.8237012028694153,-0.4545454680919647,0.3519347310066223,0.6537256836891174,-0.7567315697669983,0.0,0.15520349144935608,-0.21842096745967865,-1.0,-0.6194393038749695,1.0,156.9741973876953,9.906357765197754,9.906357765197754,25.0,10.822952270507812,25.0,0.15520349144935608,0.8447965085506439,0.39625431060791017,0.39625431060791017,0.0,0.0,0.0,0.0,0.0,0.5146637260913849,0.95173037199504,0.605009405482593,-0.3838814294249241,0.02,-0.0,-0.019149089691474983,-1.3619978928745457e-05,0.0,0.15,-0.0,0.0,0.0,-0.0,0.0,0.43948181936576275,-0.007308524778836227,-0.25432122200727464,0.0,0.007856767285953888,0.0,0.4429620692604467,-0.0,0.0,-0.23291900145320987,-0.14979280729868297,-0.2460019446286057,0.35088226944208145,-0.0,-3.17333984375,0.0,-0.33013278245925903,-0.0,-0.39666748046875,-0.39666748046875,-0.05,0.45500940548259294,0.3494385778903961,0.2,0.0,-0.07013901577320482,-0.0,-0.2427000862825374,0.0,0.0,-0.0,0.046561047434806824,-0.08367768595041321,-0.0,0.0,0.0,0.0,0.3284695265699633,-0.0,-0.0,-0.0339256888535755,0.02,0.0,0.0,0.0,0.0,0.0,0.0,0.3494385778903961,32.73154069416225,32.4,1.0,0.0,-0.25,1.0,1.0,4.0,-0.25,1.0,-0.25,1.0,-0.25,12.0,-1.0,0.0,0.0,-0.25,-0.25,0.0,0.0,-1.0,8.0,0.0,0.0,0.0,0.0,0.0,0.0,0.0,0.0,31.629718780517578,181.45730590820312,31.545886993408203,181.1484832763672,-0.083831787109375,-0.3088226318359375,0.31999874114990234,-1.835864833057068,-0.26197317242622375,-0.9650751948356628,0.0,-14.853507041931152,10.219110488891602,0.0,28.0,28.0,28.0,0.0,0.0,0.0,0.0,0.0,1.0,120.0,1.0,0.0,3.0,0.0,4.24,49.46450004354119,0.5828000139445066,8.13400000333786,31.854899949394166,14.127800008282065,4.0,4.844699986279011,3.374400082975626,0.6360000697895885,0.000400003045797348
1,251,251,1.5883092698781986,0,0,1.0,4.0,1.0,0.42797601222991943,0.396254301071167,1.0,1.0,1.0,1.0,1.0,1.0,0.43291810154914856,0.4925950765609741,1.0,0.396254301071167,0.396254301071167,1.0,1.0,0.43291810154914856,0.0,0.5823056101799011,1.0,1.0,0.8954572677612305,0.4675934314727783,0.5390128493309021,-0.4545454680919647,0.3519347310066223,0.6317787170410156,-0.7751488089561462,0.0,0.15520349144935608,-0.21842096745967865,-1.0,-0.7010954022407532,1.0,156.58843994140625,9.647562980651855,9.647562980651855,25.0,10.412335395812988,25.0,0.15588447451591492,0.8441155254840851,0.3859025192260742,0.3859025192260742,0.0,0.0,0.0,0.0,0.0,0.556928426027298,0.8104858673323977,0.6004587201242251,-0.399563743605722,0.02,-0.0,-0.021933230225140935,-1.3619978928745457e-05,-0.12691246032714842,0.15,-0.0,0.0,0.0,-0.0,0.0,0.44213338737065216,-0.007761555925509777,-0.25455956608057023,0.0,0.008290120146491331,0.0,0.4458293663827997,-0.0,0.0,-0.26141485446670615,-0.1509104234703786,-0.2746687611430159,0.3513249084353447,-0.0,-3.0860595703125,0.0,-0.2871870994567871,-0.0,-0.3857574462890625,-0.3857574462890625,-0.05,0.45045872012422505,0.34617456793785095,0.2,0.0,-0.06818845102124448,-0.0,-0.2944629489888388,0.0,0.0,-0.0,0.046765342354774475,-0.08367768595041321,-0.0,0.0,0.0,0.0,0.34146925797275846,-0.0,-0.0,-0.0,0.02,0.0,0.0,0.0,0.0,0.0,0.0,0.34617456793785095,31.821277143247425,32.4,0.0,0.6,-0.25,1.0,1.0,4.0,-0.25,1.0,-0.25,1.0,-0.25,13.0,-1.0,0.0,0.0,-0.25,-0.25,0.0,0.0,-1.0,8.0,0.0,0.0,0.0,0.0,0.0,0.0,0.0,0.0,31.5458984375,181.14874267578125,31.462066650390625,180.8399200439453,-0.083831787109375,-0.3088226318359375,0.31999874114990234,-1.835864833057068,-0.2619728147983551,-0.9650751948356628,0.0,-14.853507041931152,10.219110488891602,0.0,28.0,28.0,28.0,0.0,0.0,0.0,0.0,0.0,1.0,120.0,1.0,0.0,3.0,0.0,4.28,52.72610008250922,1.0290000354871154,7.089999970048666,36.89230000600219,17.882300075143576,4.0,4.283100017346442,2.7084999019280076,0.6828000769019127,0.000500003807246685
1,252,252,1.6545357629580928,0,0,1.0,4.0,1.0,0.42594799399375916,0.3859025239944458,1.0,1.0,1.0,1.0,1.0,1.0,0.41649341583251953,0.46189719438552856,1.0,0.3859025239944458,0.3859025239944458,1.0,1.0,0.41649341583251953,0.0,0.5838631987571716,1.0,1.0,0.8943150639533997,0.4545896649360657,-0.7901593446731567,-0.4545454680919647,0.35687705874443054,0.6093011498451233,-0.7929388880729675,0.0,0.15588447451591492,-0.23182779550552368,-1.0,-0.7818083763122559,1.0,156.2137451171875,9.647562980651855,9.647562980651855,25.0,10.412335395812988,25.0,0.15588447451591492,0.8441155254840851,0.3859025192260742,0.3859025192260742,0.0,0.0,0.0,0.0,0.0,0.6006018221378326,0.9081599809906835,0.6002830846374131,-0.47450912480783636,0.02,-0.0,-0.021933230225140935,-1.3619978928745457e-05,0.0,0.15,-0.0,0.0,0.0,-0.0,0.0,0.44213338737065216,-0.007761555925509777,-0.25455956608057023,0.0,0.008290120146491331,0.0,0.4458293663827997,-0.0,0.0,-0.28874525789104577,-0.1509104234703786,-0.3033848341657839,0.3513249084353447,-0.0,-2.99755859375,0.0,-0.24351370334625244,-0.0,-0.37469482421875,-0.37469482421875,-0.05,0.45028308463741307,0.3460395932197571,0.2,0.0,-0.06973879041078367,-0.0,-0.361389465383972,0.0,0.0,-0.0,0.046765342354774475,-0.08367768595041321,-0.0,0.0,0.0,0.0,0.33956131472823553,-0.0,-0.0,-0.00646852541744196,0.02,0.0,0.0,0.0,0.0,0.0,0.0,0.3460395932197571,32.544768858365714,32.4,1.0,0.0,-0.25,1.0,1.0,4.0,-0.25,1.0,-0.25,1.0,-0.25,14.0,-1.0,0.0,0.0,-0.25,-0.25,0.0,0.0,-1.0,8.0,0.0,0.0,0.0,0.0,0.0,0.0,0.0,0.0,31.462078094482422,180.84017944335938,31.378246307373047,180.53135681152344,-0.083831787109375,-0.3088226318359375,0.31999874114990234,-1.835864833057068,-0.2619725167751312,-0.9650753140449524,0.0,-14.853507041931152,10.219110488891602,0.0,28.0,28.0,28.0,0.0,0.0,0.0,0.0,0.0,1.0,120.0,1.0,0.0,3.0,0.0,4.32,32.05929999239743,0.6868999917060137,8.751200046390295,14.144100015982985,10.826700017787516,4.0,5.2229000721126795,2.63409991748631,0.5922000855207443,0.000500003807246685
1,253,253,1.5137662275080475,0,0,1.0,4.0,1.0,0.42594799399375916,0.3859025239944458,1.0,1.0,1.0,1.0,1.0,1.0,0.41649341583251953,0.46189719438552856,1.0,0.3859025239944458,0.3859025239944458,1.0,1.0,0.41649341583251953,0.0,0.5854719281196594,1.0,1.0,0.893156111240387,0.46492525935173035,0.6280310153961182,-0.4545454680919647,0.35687705874443054,0.5862829685211182,-0.8101063370704651,0.0,0.15588447451591492,-0.23182779550552368,-1.0,-0.8635448813438416,1.0,155.84996032714844,9.420823097229004,9.420823097229004,25.0,10.03211784362793,25.0,0.1535709798336029,0.8464290201663971,0.3768329238891602,0.3768329238891602,0.0,0.0,0.0,0.0,0.0,0.6458986699581146,0.7674953074519878,0.5973316741792912,-0.5169594240813464,0.02,-0.0,-0.024874133243931146,-1.3619978928745457e-05,-0.11364807128906249,0.15,-0.0,0.0,0.0,-0.0,0.0,0.4331151311064596,-0.0062437305735551785,-0.253749842941761,0.0,0.006817896257747282,0.0,0.4360883361414859,-0.0,0.0,-0.31028945687861853,-0.14712131336132617,-0.3318771345923319,0.3498211368918419,-0.0,-2.9102783203125,0.0,-0.20053035020828247,-0.0,-0.3637847900390625,-0.3637847900390625,-0.05,0.44733167417929126,0.34299394488334656,0.2,0.0,-0.06771572694150466,-0.0,-0.41163730513950947,0.0,0.0,-0.0,0.04607129395008087,-0.08367768595041321,-0.0,0.0,0.0,0.0,0.35048216552946454,-0.0,-0.0,-0.0,0.02,0.0,0.0,0.0,0.0,0.0,0.0,0.34299394488334656,31.60067257270217,32.4,0.0,0.6,-0.25,1.0,1.0,4.0,-0.25,1.0,-0.25,1.0,-0.25,15.0,-1.0,0.0,0.0,-0.25,-0.25,0.0,0.0,-1.0,8.0,0.0,0.0,0.0,0.0,0.0,0.0,0.0,0.0,31.378257751464844,180.5316162109375,31.29442596435547,180.22279357910156,-0.083831787109375,-0.3088226318359375,0.31999874114990234,-1.835864833057068,-0.26197218894958496,-0.9650754332542419,0.0,-14.853507041931152,10.219110488891602,0.0,28.0,28.0,28.0,0.0,0.0,0.0,0.0,0.0,1.0,120.0,1.0,0.0,3.0,0.0,4.36,50.9435998974368,0.4251999780535698,7.611799985170364,35.23209993727505,17.864200053736567,4.0,4.331899923272431,2.550699980929494,0.7624001009389758,0.000500003807246685
1,254,254,1.5959884673311628,0,0,1.0,3.0,1.0,0.4263935983181,0.3768329322338104,1.0,1.0,1.0,1.0,1.0,1.0,0.40128472447395325,0.4351073205471039,1.0,0.3768329322338104,0.3768329322338104,1.0,1.0,0.40128472447395325,0.0,0.5871067047119141,1.0,1.0,0.8919898867607117,0.45143818855285645,-0.8195280432701111,-0.4545454680919647,0.35801583528518677,0.5629663467407227,-0.8264797925949097,0.0,0.1535709798336029,-0.24046039581298828,-1.0,-0.9487051963806152,1.0,155.4972381591797,9.420823097229004,9.420823097229004,25.0,10.03211784362793,25.0,0.1535709798336029,0.8464290201663971,0.3768329238891602,0.3768329238891602,0.0,0.0,0.0,0.0,0.0,0.689479261636734,0.9074073415496546,0.5963623426465519,-0.6172604785017776,0.02,-0.0,-0.024874133243931146,-1.3619978928745457e-05,0.0,0.15,-0.0,0.0,0.0,-0.0,0.0,0.4331151311064596,-0.0062437305735551785,-0.253749842941761,0.0,0.006817896257747282,0.0,0.4360883361414859,-0.0,0.0,-0.3270662521061144,-0.10298491759910558,-0.3603581188535645,0.3498211368918419,-0.0,-2.82177734375,0.0,-0.15694975852966309,-0.0,-0.35272216796875,-0.35272216796875,-0.05,0.44636234264655184,0.3422507047653198,0.2,0.0,-0.06869437686574778,-0.0,-0.4772416258959609,0.0,0.0,-0.0,0.032249905215843984,-0.0585743791677735,-0.0,0.0,0.0,0.0,0.34938652780334417,-0.04500000178813934,-0.0,-0.0,0.02,0.0,0.0,0.0,0.0,0.0,0.0,0.3422507047653198,32.0573758706823,32.4,0.7326086850269979,0.0,-0.25,0.699999988079071,1.0,3.0,-0.25,0.699999988079071,-0.25,0.699999988079071,-0.25,16.0,-1.0,0.0,0.0,-0.25,-0.25,0.0,0.0,-1.0,8.0,0.0,0.0,0.0,0.0,0.0,0.0,0.0,0.0,31.294437408447266,180.22305297851562,31.21060562133789,179.9142303466797,-0.083831787109375,-0.3088226318359375,0.31999874114990234,-1.835864833057068,-0.2619718909263611,-0.9650754928588867,0.0,-14.853507041931152,10.219110488891602,0.0,28.0,28.0,28.0,0.0,0.0,0.0,0.0,0.0,1.0,120.0,1.0,0.0,3.0,0.0,4.4,31.028699944727123,0.5610999651253223,7.612699992023408,15.187300043180585,11.910200002603233,4.0,4.708699998445809,2.356800017878413,0.574299949221313,0.000400003045797348
1,255,255,1.415587935654601,0,0,1.0,4.0,1.0,0.4263935983181,0.3768329322338104,1.0,1.0,1.0,1.0,1.0,1.0,0.40128472447395325,0.4351073205471039,1.0,0.3768329322338104,0.3768329322338104,1.0,1.0,0.40128472447395325,0.0,0.5887835621833801,1.0,1.0,0.8908106088638306,0.4579625129699707,0.39644384384155273,-0.4545454680919647,0.35801583528518677,0.5392022728919983,-0.8421763181686401,0.0,0.1535709798336029,-0.24046039581298828,-1.0,-1.0,1.0,155.15467834472656,9.225777626037598,9.225777626037598,25.0,9.683032989501953,25.0,0.15019050240516663,0.8498094975948334,0.3690311050415039,0.3690311050415039,0.0,0.0,0.0,0.0,0.0,0.732893317937851,0.7616818189782047,0.6055263913033083,-0.7045135925647628,0.02,-0.0,-0.027922888598916482,-1.3619978928745457e-05,-0.10040382385253907,0.15,-0.0,0.0,0.0,-0.0,0.0,0.41988608444585385,-0.00413419129886434,-0.2525666758418083,0.0,0.0046666833487423775,0.0,0.4218547469691226,-0.0,0.0,-0.31639106022684194,-0.14162417706917696,-0.3894330036542666,0.34762382656335833,-0.0,-2.740478515625,0.0,-0.11691617965698242,-0.0,-0.342559814453125,-0.342559814453125,-0.05,0.45552639130330835,0.3481267988681793,0.2,0.0,-0.06962918854097704,-0.0,-0.548558635094975,0.0,0.0,-0.0,0.045057150721549984,-0.08367768595041321,-0.0,0.0,0.0,0.0,0.3604307485884958,-0.04500000178813934,-0.0,-0.0027052319118081123,0.02,0.0,0.0,0.0,0.0,0.0,0.0,0.3481267988681793,32.49362131912262,32.4,1.0,0.0,-0.25,1.0,1.0,4.0,-0.25,1.0,-0.25,1.0,-0.25,17.0,-1.0,0.0,0.0,-0.25,-0.25,0.0,0.0,-1.0,8.0,0.0,0.0,0.0,0.0,0.0,0.0,0.0,0.0,31.210617065429688,179.91448974609375,31.126785278320312,179.6056671142578,-0.083831787109375,-0.3088226318359375,0.31999874114990234,-1.835864833057068,-0.2619715631008148,-0.9650756120681763,0.0,-14.853507041931152,10.219110488891602,0.0,28.0,28.0,28.0,0.0,0.0,0.0,0.0,0.0,1.0,120.0,1.0,0.0,3.0,0.0,4.44,79.40960000269115,0.507800024934113,7.503699976950884,64.00720006786287,31.713199918158352,4.0,3.9019000250846148,2.8970999410375953,0.5515000084415078,0.000400003045797348
1,256,256,2.8202438800279044,0,0,1.0,4.0,1.0,0.4293346107006073,0.3690311014652252,1.0,1.0,1.0,1.0,1.0,1.0,0.3873213231563568,0.411851704120636,1.0,0.3690311014652252,0.3690311014652252,1.0,1.0,0.3873213231563568,0.0,0.5905455350875854,1.0,1.0,0.8895998597145081,0.4641945958137512,0.3786852955818176,-0.4545454680919647,0.3595246374607086,0.514491617679596,-0.8574954271316528,0.0,0.15019050240516663,-0.24585002660751343,-1.0,-1.0,1.0,154.82276916503906,9.052349090576172,9.052349090576172,25.0,9.355879783630371,25.0,0.14353050291538239,0.8564694970846176,0.36209396362304686,0.36209396362304686,0.0,0.0,0.0,0.0,0.0,0.781436488032341,0.7590138451676471,2.1543654997005395,-0.8945719528726231,0.02,-0.0,-0.03112075767976166,-1.3619978928745457e-05,-0.09128694534301758,0.15,-0.0,0.0,0.0,-0.0,0.0,0.39364389440573183,-0.0003543738418706173,-0.2502356760203838,0.0,0.00042850185524331586,0.0,0.39381264385424164,-0.0,0.0,-0.29535948289068126,-0.13093133083982084,-0.41820067202033023,0.3432948268949986,-0.0,-2.6552734375,0.0,-0.07503300905227661,-0.0,-0.3319091796875,-0.3319091796875,1.5,0.4543654997005396,0.3450007438659668,0.2,0.0,-0.06798202597557433,-0.0,-0.6044549732825045,0.0,0.0,-0.0,0.01854090474042833,-0.24067585835497263,-0.0,0.0,0.0,0.0,0.3706238174817543,-0.0,-0.0,-0.0,0.02,0.0,0.0,0.0,0.0,0.0,0.0,0.3450007438659668,31.724945455268024,32.4,0.0,0.6,-0.25,1.0,1.0,4.0,-0.25,1.0,-0.25,1.0,-0.25,18.0,-1.0,0.0,0.0,-0.25,-0.25,0.0,0.0,-1.0,8.0,0.0,0.0,0.0,0.0,0.0,0.0,0.0,0.0,31.12679672241211,179.60592651367188,31.042966842651367,179.29710388183594,-0.08382987976074219,-0.3088226318359375,0.31999823451042175,-1.835859064289509,-0.26197126507759094,-0.9650757312774658,0.0,-14.853507041931152,10.219110488891602,0.0,28.0,28.0,28.0,0.0,0.0,0.0,0.0,0.0,1.0,120.0,1.0,0.0,3.0,0.0,4.48,72.72980001289397,0.5276000592857599,7.340700016357005,54.39410009421408,17.514900071546435,4.0,6.400300073437393,3.3520000288262963,0.6733000045642257,0.000500003807246685
1,257,257,1.3250662573496343,0,0,1.0,4.0,1.0,0.435128778219223,0.3620939552783966,1.0,1.0,1.0,1.0,1.0,1.0,0.3742351830005646,0.3913303017616272,1.0,0.3620939552783966,0.3620939552783966,1.0,1.0,0.3742351830005646,0.0,0.5923255681991577,1.0,1.0,0.8883848190307617,0.45321351289749146,-0.6672533750534058,-0.4545454680919647,0.3546126186847687,0.48961400985717773,-0.8719393014907837,0.0,0.14353050291538239,-0.24723844230175018,-1.0,-1.0,1.0,154.50225830078125,9.052349090576172,9.052349090576172,25.0,9.355879783630371,25.0,0.14353050291538239,0.8564694970846176,0.36209396362304686,0.36209396362304686,0.0,0.0,0.0,0.0,0.0,0.826356515288353,0.8509676066261209,0.6043339037587555,-0.9765917683235952,0.02,-0.0,-0.03112075767976166,-1.3619978928745457e-05,0.0,0.15,-0.0,0.0,0.0,-0.0,0.0,0.39364389440573183,-0.0003543738418706173,-0.2502356760203838,0.0,0.00042850185524331586,0.0,0.39381264385424164,-0.0,0.0,-0.29535948289068126,-0.13093133083982084,-0.44699100981185547,0.3432948268949986,-0.0,-2.5640869140625,0.0,-0.03011298179626465,-0.0,-0.3205108642578125,-0.3205108642578125,-0.05,0.4543339037587555,0.3449767529964447,0.2,0.0,-0.06965723932928272,-0.0,-0.6812849506445559,0.0,0.0,-0.0,0.01854090474042833,-0.24067585835497263,-0.0,0.0,0.0,0.0,0.37129063359721054,-0.0,-0.0,-0.0035146247352123845,0.02,0.0,0.0,0.0,0.0,0.0,0.0,0.3449767529964447,32.50671168699861,32.4,1.0,0.0,-0.25,1.0,1.0,4.0,-0.25,1.0,-0.25,1.0,-0.25,19.0,-1.0,0.0,0.0,-0.25,-0.25,0.0,0.0,-1.0,8.0,0.0,0.0,0.0,0.0,0.0,0.0,0.0,0.0,31.042978286743164,179.29736328125,30.959148406982422,178.98854064941406,-0.08382987976074219,-0.3088226318359375,0.31999823451042175,-1.835859064289509,-0.2619709074497223,-0.9650757312774658,0.0,-14.853507041931152,10.219110488891602,0.0,28.0,28.0,28.0,0.0,0.0,0.0,0.0,0.0,1.0,120.0,1.0,0.0,3.0,0.0,4.52,24.955200031399727,0.5186999915167689,7.3455999372527,9.800500003620982,6.767699960619211,4.0,3.8449999410659075,2.73230008315295,0.6867999909445643,0.000500003807246685
1,258,258,1.2192626462449678,0,0,1.0,4.0,1.0,0.435128778219223,0.3620939552783966,1.0,1.0,1.0,1.0,1.0,1.0,0.3742351830005646,0.3913303017616272,1.0,0.3620939552783966,0.3620939552783966,1.0,1.0,0.3742351830005646,0.0,0.5941479206085205,1.0,1.0,0.8871572017669678,0.464381605386734,0.6786165237426758,-0.4545454680919647,0.3546126186847687,0.4643111526966095,-0.8856721520423889,0.0,0.14353050291538239,-0.24723844230175018,-1.0,-1.0,1.0,154.192626953125,8.917778015136719,8.917778015136719,25.0,9.063461303710938,25.0,0.13550207018852234,0.8644979298114777,0.3567111206054687,0.3567111206054687,0.0,0.0,0.0,0.0,0.0,0.875391741384929,0.7522847922435999,0.6036860228004236,-1.0320999101839847,0.02,-0.0,-0.03428972051970582,-1.3619978928745457e-05,-0.07546154022216797,0.15,-0.0,0.0,0.0,-0.0,0.0,0.36000871658325195,-0.0,-0.25,0.0,0.0,0.0,0.36000871658325195,-0.0,0.0,-0.27000653743743896,-0.11828347721478866,-0.47555374515275606,0.3380763456225395,-0.0,-2.47705078125,0.0,0.010893811573451373,-0.0,-0.30963134765625,-0.30963134765625,-0.05,0.4536860228004236,0.34182798862457275,0.2,0.0,-0.06735281082436974,-0.0,-0.7321683266401137,0.0,0.0,-0.0,0.01652472992283771,-0.24910350264233896,-0.0,0.0,0.0,0.0,0.38032225445012613,-0.0,-0.0,-0.0,0.02,0.0,0.0,0.0,0.0,0.0,0.0,0.34182798862457275,31.431311718039215,32.4,0.0,0.6,-0.25,1.0,1.0,4.0,-0.25,1.0,-0.25,1.0,-0.25,20.0,-1.0,0.0,0.0,-0.25,-0.25,0.0,0.0,-1.0,8.0,0.0,0.0,0.0,0.0,0.0,0.0,0.0,0.0,30.95915985107422,178.98880004882812,30.875329971313477,178.6799774169922,-0.08382987976074219,-0.3088226318359375,0.31999823451042175,-1.835859064289509,-0.2619706094264984,-0.9650758504867554,0.0,-14.853507041931152,10.219110488891602,0.0,28.0,28.0,28.0,0.0,0.0,0.0,0.0,0.0,1.0,120.0,1.0,0.0,3.0,0.0,4.56,52.57519998122007,0.5504000000655651,7.1304000448435545,38.09679998084903,19.396599964238703,4.0,3.7872000830248,2.42979999165982,0.5400999216362834,0.000500003807246685
1,259,259,1.2553853908623989,0,0,1.0,4.0,1.0,0.4439481496810913,0.35671111941337585,1.0,1.0,1.0,1.0,1.0,1.0,0.3625384569168091,0.37378910183906555,0.5096078515052795,0.35671111941337585,0.35671111941337585,1.0,1.0,0.3625384569168091,0.0,0.5959851741790771,1.0,1.0,0.8859274387359619,0.4490187466144562,-0.9335069060325623,-0.4545454680919647,0.3554273843765259,0.4388279914855957,-0.8985710740089417,0.0,0.13550207018852234,-0.24549798667430878,-1.0,-1.0,1.0,153.89431762695312,8.917778015136719,8.917778015136719,25.0,9.063461303710938,25.0,0.13550207018852234,0.8644979298114777,0.3567111206054687,0.3567111206054687,0.0,0.0,0.0,0.0,0.0,0.9138875544802172,0.8303790934495373,0.6038037770863474,-1.112685034153703,0.02,-0.0,-0.03428972051970582,-1.3619978928745457e-05,0.0,0.15,-0.0,0.0,0.0,-0.0,0.0,0.36000871658325195,-0.0,-0.25,0.0,0.0,0.0,0.36000871658325195,-0.0,0.0,-0.27000653743743896,-0.11828347721478866,-0.50409287936681,0.3380763456225395,-0.0,-2.386474609375,0.0,0.04938962466873953,-0.0,-0.298309326171875,-0.298309326171875,-0.05,0.45380377708634734,0.3419167101383209,0.2,0.0,-0.0688846115352586,-0.0,-0.811221649898943,0.0,0.0,-0.0,0.01652472992283771,-0.24910350264233896,-0.0,0.0,0.0,0.0,0.38295501543389565,-0.0,-0.0,-0.0,0.02,0.0,0.0,0.0,0.0,0.0,0.0,0.3419167101383209,32.14615204978735,32.4,1.0,0.0,-0.25,1.0,1.0,4.0,-0.25,1.0,-0.25,1.0,-0.25,21.0,-1.0,0.0,0.0,-0.25,-0.25,0.0,0.0,-1.0,8.0,0.0,0.0,0.0,0.0,0.0,0.0,0.0,0.0,30.875341415405273,178.68023681640625,30.79151153564453,178.3714141845703,-0.08382987976074219,-0.3088226318359375,0.31999823451042175,-1.835859064289509,-0.26197031140327454,-0.9650759100914001,0.0,-14.853507041931152,10.219110488891602,0.0,28.0,28.0,28.0,0.0,0.0,0.0,0.0,0.0,1.0,120.0,1.0,0.0,3.0,0.0,4.6,32.24430000409484,0.5587000632658601,7.503799977712333,15.020499937236309,11.55809999909252,4.0,4.89949993789196,3.572000074200332,0.6595999002456665,0.000400003045797348
1,260,260,1.079041228725085,0,0,1.0,4.0,1.0,0.4439481496810913,0.35671111941337585,1.0,1.0,1.0,1.0,1.0,1.0,0.3625384569168091,0.37378910183906555,0.5096078515052795,0.35671111941337585,0.35671111941337585,1.0,1.0,0.3625384569168091,0.0,0.5978606939315796,1.0,1.0,0.8846870064735413,0.4592307507991791,0.6205211281776428,-0.4545454680919647,0.3554273843765259,0.41300833225250244,-0.9107272624969482,0.0,0.13550207018852234,-0.24549798667430878,-1.0,-1.0,1.0,153.60739135742188,8.802528381347656,8.813102722167969,25.0,8.802528381347656,25.0,0.12556160986423492,0.8744383901357651,0.35210113525390624,0.35252410888671876,0.0,0.0,0.0,0.0,0.0,0.9636745467732042,0.7403469826276197,0.6169938658336583,-1.261974166509397,0.02,-0.0,-0.03739041584487879,-1.3619978928745457e-05,-0.06271453857421874,0.15,-0.0,0.0,0.0,-0.0,0.0,0.3181541467967786,-0.0,-0.25,0.0,0.0,0.0,0.3181541467967786,-0.0,0.0,-0.23861561009758397,-0.1029900876268374,-0.5332771463105024,0.3316150464117527,-0.0,-2.29541015625,0.0,0.08923615663743911,-0.0,-0.28692626953125,-0.28692626953125,-0.05,0.4669938658336583,0.34852656722068787,0.2,0.0,-0.07015934076857354,-0.0,-0.9103701700692094,0.0,0.0,-0.0,0.014189146084528504,-0.2597391960139353,-0.0,0.0,0.0,0.0,0.3957629611565101,-0.0,-0.0,-0.0358946057422073,0.02,0.0,0.0,0.0,0.0,0.0,0.0,0.34852656722068787,32.74102569200099,32.4,1.0,0.0,-0.25,1.0,1.0,4.0,-0.25,1.0,-0.25,1.0,-0.25,22.0,-1.0,0.0,0.0,-0.25,-0.25,0.0,0.0,-1.0,8.0,0.0,0.0,0.0,0.0,0.0,0.0,0.0,0.0,30.791522979736328,178.37167358398438,30.707693099975586,178.06285095214844,-0.08382987976074219,-0.3088226318359375,0.31999823451042175,-1.835859064289509,-0.26197001338005066,-0.9650760293006897,0.0,-14.853507041931152,10.219110488891602,0.0,28.0,28.0,28.0,0.0,0.0,0.0,0.0,0.0,1.0,120.0,1.0,0.0,3.0,0.0,4.64,51.00720003247261,0.6975000724196434,9.49269998818636,33.56449992861599,17.441400093957782,4.0,3.7676000501960516,2.666299929842353,0.7935999892652035,0.000400003045797348
1,261,261,1.173120907153443,0,0,1.0,4.0,1.0,0.4561883807182312,0.3525241017341614,1.0,1.0,1.0,1.0,1.0,1.0,0.3521011471748352,0.35898905992507935,0.4722215235233307,0.3521011471748352,0.3525241017341614,1.0,1.0,0.3521011471748352,0.0,0.5998207330703735,1.0,1.0,0.8834171295166016,0.46772894263267517,0.5163833498954773,-0.4545454680919647,0.3632466793060303,0.3862573206424713,-0.9223910570144653,0.0,0.12556160986423492,-0.24065335094928741,-1.0,-1.0,1.0,153.3310089111328,8.802528381347656,8.813102722167969,25.0,8.802528381347656,25.0,0.12556160986423492,0.8744383901357651,0.35210113525390624,0.35252410888671876,0.0,0.0,0.0,0.0,0.0,0.999807744915441,0.7992922999382553,0.613008093350037,-1.2589872310502903,0.02,-0.0,-0.03739041584487879,-1.3619978928745457e-05,0.0,0.15,-0.0,0.0,0.0,-0.0,0.0,0.3181541467967786,-0.0,-0.25,0.0,0.0,0.0,0.3181541467967786,-0.0,0.0,-0.23861561009758397,-0.1029900876268374,-0.5621065380256987,0.3316150464117527,-0.0,-2.2110595703125,0.0,0.12536935477967592,-0.0,-0.2763824462890625,-0.2763824462890625,-0.05,0.463008093350037,0.34555190801620483,0.2,0.0,-0.06800409335523311,-0.0,-0.9454330877656505,0.0,0.0,-0.0,0.014189146084528504,-0.2597391960139353,-0.0,0.0,0.0,0.0,0.391993739892927,-0.0,-0.0,-0.0,0.02,0.0,0.0,0.0,0.0,0.0,0.0,0.34555190801620483,31.735243565775455,32.4,0.0,0.6,-0.25,1.0,1.0,4.0,-0.25,1.0,-0.25,1.0,-0.25,23.0,-1.0,0.0,0.0,-0.25,-0.25,0.0,0.0,-1.0,8.0,0.0,0.0,0.0,0.0,0.0,0.0,0.0,0.0,30.707704544067383,178.0631103515625,30.62387466430664,177.75428771972656,-0.08382987976074219,-0.3088226318359375,0.31999823451042175,-1.835859064289509,-0.2619696855545044,-0.9650761485099792,0.0,-14.853507041931152,10.219110488891602,0.0,28.0,28.0,28.0,0.0,0.0,0.0,0.0,0.0,1.0,120.0,1.0,0.0,3.0,0.0,4.68,38.183100055903196,0.5594000685960054,7.2252999525517225,18.06349994149059,11.173699982464314,4.0,8.690900052897632,2.88609997369349,0.7205000147223473,0.000400003045797348
1,262,262,-10.932822597381934,0,0,1.0,4.0,1.0,0.4561883807182312,0.3525241017341614,1.0,1.0,1.0,1.0,1.0,1.0,0.3521011471748352,0.35898905992507935,0.4722215235233307,0.3521011471748352,0.3525241017341614,1.0,1.0,0.3521011471748352,0.0,0.6017894744873047,1.0,1.0,0.8821477293968201,0.4533606171607971,-0.8730747699737549,-0.4545454680919647,0.3632466793060303,0.35950854420661926,-0.9331417679786682,0.0,0.12556160986423492,-0.24065335094928741,-1.0,-1.0,1.0,153.0659637451172,8.570359230041504,8.738837242126465,25.0,8.570359230041504,13.161179542541504,0.11490923911333084,0.8850907608866692,0.34281436920166014,0.3495534896850586,0.0,0.0,0.0,0.0,0.0,1.0515866029477094,-11.241645477947447,0.6176123573705503,-1.3803760797527471,0.02,-0.0,-0.04038542485968099,-0.0015516372404852762,-0.17013994216918943,0.15,-11.838820457458496,0.0,0.0,-0.0,0.0,0.27330205942455094,-0.0,-0.25,0.0,0.0,0.0,0.27330205942455094,-0.0,0.0,-0.2049765445684132,-0.08705169480102808,-0.5908736291259156,0.324691005423665,-0.0,-2.120361328125,0.0,0.1664958420610403,-0.0,-0.265045166015625,-0.265045166015625,-0.05,0.46761235737055035,0.34548619389533997,0.2,0.0,-0.06922009514248265,-0.0,-1.0516563311095597,0.0,0.0,-0.0,0.011883719910244178,-0.2713833734109491,-0.0,0.0,0.0,0.0,0.40467610430074324,-0.0,-0.0,-0.0,0.02,0.0,0.0,0.0,0.0,0.0,0.0,0.34548619389533997,32.3027110664919,32.4,1.0,0.0,-0.25,1.0,1.0,4.0,-0.25,1.0,-0.25,1.0,-0.25,24.0,-1.0,0.0,0.0,-0.25,-0.25,0.0,0.0,-1.0,8.0,0.0,0.0,0.0,0.0,0.0,0.0,0.0,0.0,30.623886108398438,177.75454711914062,30.540056228637695,177.4457244873047,-0.08382987976074219,-0.3088226318359375,0.31999823451042175,-1.835859064289509,-0.26196935772895813,-0.9650761485099792,0.0,-14.853507041931152,10.219110488891602,0.0,28.0,28.0,28.0,0.0,0.0,0.0,0.0,0.0,1.0,120.0,1.0,0.0,3.0,0.0,4.72,65.46300009358674,0.6166000384837389,8.06600006762892,47.83380008302629,27.130499947816133,4.0,4.943099920637906,3.2897000201046467,0.6785000441595912,0.000400003045797348
1,263,263,-0.05099842009152257,0,0,1.0,4.0,1.0,0.4726089537143707,0.34955349564552307,1.0,1.0,1.0,0.5264471769332886,1.0,1.0,0.3428143560886383,0.34648242592811584,0.4404205083847046,0.3428143560886383,0.34955349564552307,1.0,0.5264471769332886,0.3428143560886383,0.0,0.6037889719009399,1.0,1.0,0.8808712959289551,0.46146729588508606,0.49259331822395325,-0.4545454680919647,0.35465478897094727,0.3325197100639343,-0.9430962800979614,0.0,0.11490923911333084,-0.23263823986053467,-1.0,-1.0,1.0,152.8128204345703,8.369523048400879,8.697173118591309,25.0,8.369523048400879,12.37496566772461,0.10194718092679977,0.8980528190732002,0.33478092193603515,0.34788692474365235,0.0,0.0,0.0,0.0,0.0,1.1088906331662398,-0.1396743847830498,0.6321701593476075,-1.6723848278223201,0.02,-0.0,-0.04316994440483455,-0.002125051861661546,-0.08377241134643554,0.15,-0.7862138748168945,0.0,0.0,-0.0,0.0,0.21872497232336746,-0.0,-0.25,0.0,0.0,0.0,0.21872497232336746,-0.0,0.0,-0.16404372924252558,-0.0682857724691305,-0.620356373728931,0.31626566760241986,-0.0,-2.025146484375,0.0,0.2108378140930396,-0.0,-0.253143310546875,-0.253143310546875,-0.05,0.48217015934760743,0.35194456577301025,0.2,0.0,-0.07090529969770994,-0.0,-1.1783584780686513,0.0,0.0,-0.0,0.009353904929029482,-0.2858966385751549,-0.0,0.0,0.0,0.0,0.42048645471169754,-0.0,-0.0,-0.14657831640983326,0.02,0.0,0.0,0.0,0.0,0.0,0.0,0.35194456577301025,33.089139858931304,32.4,1.0,0.0,-0.25,1.0,1.0,4.0,-0.25,1.0,-0.25,1.0,-0.25,25.0,-1.0,0.0,0.0,-0.25,-0.25,0.0,0.0,-1.0,7.0,0.0,0.0,0.0,0.0,0.0,0.0,0.0,0.0,30.540067672729492,177.44598388671875,30.45623779296875,177.1371612548828,-0.08382987976074219,-0.3088226318359375,0.31999823451042175,-1.835859064289509,-0.26196902990341187,-0.9650762677192688,0.0,-14.853507041931152,10.219110488891602,0.0,28.0,28.0,28.0,0.0,0.0,0.0,0.0,0.0,1.0,120.0,1.0,0.0,3.0,0.0,4.76,88.34490005392581,0.5136999534443021,7.408600067719817,56.19829997885972,26.614399976097047,4.0,14.90370009560138,2.194399945437908,7.084800046868622,0.000400003045797348
1,264,264,0.9572184709232445,0,0,1.0,4.0,1.0,0.4939591884613037,0.34788691997528076,1.0,1.0,1.0,0.49499863386154175,1.0,1.0,0.3347809314727783,0.33626633882522583,0.4135734438896179,0.3347809314727783,0.34788691997528076,1.0,0.49499863386154175,0.3347809314727783,0.0,0.6058666706085205,1.0,1.0,0.879568874835968,0.4727019965648651,0.6826638579368591,-0.4545454680919647,0.37263086438179016,0.3045741617679596,-0.9524886012077332,0.0,0.10194718092679977,-0.2217855453491211,-1.0,-1.0,1.0,152.57008361816406,8.369523048400879,8.697173118591309,25.0,8.369523048400879,12.37496566772461,0.10194718092679977,0.8980528190732002,0.33478092193603515,0.34788692474365235,0.0,0.0,0.0,0.0,0.0,1.1456101735920619,0.7237999832969412,0.6281088292306397,-1.5603005151963982,0.02,-0.0,-0.04316994440483455,-0.002125051861661546,0.0,0.15,-0.0,0.0,0.0,-0.0,0.0,0.21872497232336746,-0.0,-0.25,0.0,0.0,0.0,0.21872497232336746,-0.0,0.0,-0.16404372924252558,-0.0682857724691305,-0.6495185830776413,0.31626566760241986,-0.0,-1.94189453125,0.0,0.24755735451886163,-0.0,-0.24273681640625,-0.24273681640625,-0.05,0.47810882923063974,0.3489801287651062,0.2,0.0,-0.06903282356075943,-0.0,-1.2147249579895134,0.0,0.0,-0.0,0.009353904929029482,-0.2858966385751549,-0.0,0.0,0.0,0.0,0.4139745366283585,-0.0,-0.0,-0.0,0.02,0.0,0.0,0.0,0.0,0.0,0.0,0.3489801287651062,32.215317661687735,32.4,0.0,0.6,-0.25,1.0,1.0,4.0,-0.25,1.0,-0.25,1.0,-0.25,26.0,-1.0,0.0,0.0,-0.25,-0.25,0.0,0.0,-1.0,6.0,0.0,0.0,0.0,0.0,0.0,0.0,0.0,0.0,30.456249237060547,177.13742065429688,30.372419357299805,176.82859802246094,-0.08382987976074219,-0.3088226318359375,0.31999823451042175,-1.835859064289509,-0.261968731880188,-0.9650763869285583,0.0,-14.853507041931152,10.219110488891602,0.0,28.0,28.0,28.0,0.0,0.0,0.0,0.0,0.0,1.0,120.0,1.0,0.0,3.0,0.0,4.8,56.494500022381544,0.8816999616101384,10.579099995084107,37.893100059591234,14.702299959026277,4.0,3.890700056217611,2.4739999789744616,0.7330999942496419,0.000800006091594696
1,265,265,0.042024531005410135,0,0,1.0,4.0,1.0,0.4939591884613037,0.34788691997528076,1.0,1.0,1.0,0.49499863386154175,1.0,1.0,0.3347809314727783,0.33626633882522583,0.4135734438896179,0.3347809314727783,0.34788691997528076,1.0,0.49499863386154175,0.3347809314727783,0.0,0.6079466342926025,1.0,1.0,0.8782702684402466,0.4602188169956207,-0.7585262060165405,-0.4545454680919647,0.37263086438179016,0.2766719460487366,-0.9609644412994385,0.0,0.10194718092679977,-0.2217855453491211,-1.0,-1.0,1.0,152.33900451660156,8.202713012695312,8.686300277709961,25.0,8.202713012695312,11.700173377990723,0.08909699320793152,0.9109030067920685,0.3281085205078125,0.34745201110839846,0.0,0.0,0.0,0.0,0.0,1.2037601453668652,-0.0543691368421394,0.6339496848376452,-1.7613161623569609,0.02,-0.0,-0.04562870622215419,-0.0027835111195994664,-0.06376659393310546,0.15,-0.6747922897338867,0.0,0.0,-0.0,0.0,0.16461891877023796,-0.0,-0.25,0.0,0.0,0.0,0.16461891877023796,-0.0,0.0,-0.12346418907767848,-0.05036265338737731,-0.6786514525300684,0.3079130455851555,-0.0,-1.8486328125,0.0,0.29285713857479667,-0.0,-0.2310791015625,-0.2310791015625,-0.05,0.4839496848376453,0.3490689694881439,0.2,0.0,-0.0703221923689491,-0.0,-1.3438052254879,0.0,0.0,-0.0,0.007144446778824775,-0.3006577991404012,-0.0,0.0,0.0,0.0,0.4271909690911863,-0.0,-0.0,-0.053675392138535394,0.02,0.0,0.0,0.0,0.0,0.0,0.0,0.3490689694881439,32.817023105509584,32.4,1.0,0.0,-0.25,1.0,1.0,4.0,-0.25,1.0,-0.25,1.0,-0.25,27.0,-1.0,0.0,0.0,-0.25,-0.25,0.0,0.0,-1.0,5.0,0.0,0.0,0.0,0.0,0.0,0.0,0.0,0.0,30.3724308013916,176.828857421875,30.28860092163086,176.52003479003906,-0.08382987976074219,-0.3088226318359375,0.31999823451042175,-1.835859064289509,-0.2619684040546417,-0.9650764465332031,0.0,-14.853507041931152,10.219110488891602,0.0,28.0,28.0,28.0,0.0,0.0,0.0,0.0,0.0,1.0,120.0,1.0,0.0,3.0,0.0,4.84,66.91749999299645,0.6384000880643725,9.497599909082055,51.47710000164807,25.03159991465509,4.0,2.7251000283285975,1.830599969252944,0.7096000481396914,0.0002998858690261841
1,266,266,0.8271109121703051,0,0,1.0,4.0,1.0,0.5207691788673401,0.3474520146846771,1.0,1.0,1.0,0.4680069386959076,1.0,1.0,0.3281085193157196,0.3283998370170593,0.3913807272911072,0.3281085193157196,0.3474520146846771,1.0,0.4680069386959076,0.3281085193157196,0.0,0.6100524663925171,1.0,1.0,0.8769680857658386,0.4688146114349365,0.5223137736320496,-0.4545454680919647,0.3657706081867218,0.24856284260749817,-0.9686157703399658,0.0,0.08909699320793152,-0.20883579552173615,-1.0,-1.0,1.0,152.1177215576172,8.202713012695312,8.686300277709961,25.0,8.202713012695312,11.700173377990723,0.08909699320793152,0.9109030067920685,0.3281085205078125,0.34745201110839846,0.0,0.0,0.0,0.0,0.0,1.2385693096777706,0.6766981448238085,0.6297610746653803,-1.7379176169966544,0.02,-0.0,-0.04562870622215419,-0.0027835111195994664,0.0,0.15,-0.0,0.0,0.0,-0.0,0.0,0.16461891877023796,-0.0,-0.25,0.0,0.0,0.0,0.16461891877023796,-0.0,0.0,-0.12346418907767848,-0.05036265338737731,-0.70758085186556,0.3079130455851555,-0.0,-1.770263671875,0.0,0.3276663028857021,-0.0,-0.221282958984375,-0.221282958984375,-0.05,0.47976107466538037,0.3460477590560913,0.2,0.0,-0.06840650593457477,-0.0,-1.3759977587005032,0.0,0.0,-0.0,0.007144446778824775,-0.3006577991404012,-0.0,0.0,0.0,0.0,0.41969936709014205,-0.0,-0.0,-0.0,0.02,0.0,0.0,0.0,0.0,0.0,0.0,0.3460477590560913,31.92303610280156,32.4,0.0,0.6,-0.25,1.0,1.0,4.0,-0.25,1.0,-0.25,1.0,-0.25,28.0,-1.0,0.0,0.0,-0.25,-0.25,0.0,0.0,-1.0,4.0,0.0,0.0,0.0,0.0,0.0,0.0,0.0,0.0,30.288612365722656,176.52029418945312,30.204782485961914,176.2114715576172,-0.08382987976074219,-0.3088226318359375,0.31999823451042175,-1.835859064289509,-0.26196810603141785,-0.9650765657424927,0.0,-14.853507041931152,10.219110488891602,0.0,28.0,28.0,28.0,0.0,0.0,0.0,0.0,0.0,1.0,120.0,1.0,0.0,3.0,0.0,4.88,54.92800008505583,0.5025999853387475,6.386000080965459,31.589699909090996,10.468600085005164,4.0,12.591800070367754,2.938699908554554,0.8809000719338655,0.000400003045797348
1,267,267,0.12000183748424818,0,0,1.0,4.0,1.0,0.5207691788673401,0.3474520146846771,1.0,1.0,1.0,0.4680069386959076,1.0,1.0,0.3281085193157196,0.3283998370170593,0.3913807272911072,0.3281085193157196,0.3474520146846771,1.0,0.4680069386959076,0.3281085193157196,0.0,0.6121543645858765,1.0,1.0,0.8756723403930664,0.4560433626174927,-0.7760303616523743,-0.4545454680919647,0.3657706081867218,0.22044126689434052,-0.9754002690315247,0.0,0.08909699320793152,-0.20883579552173615,-1.0,-1.0,1.0,151.9076385498047,8.070316314697266,8.70756721496582,25.0,8.070316314697266,11.12667465209961,0.07618102431297302,0.923818975687027,0.3228126525878906,0.34830268859863284,0.0,0.0,0.0,0.0,0.0,1.2967996562872361,0.052132010661613666,0.6356953331953858,-1.8846251626599875,0.02,-0.0,-0.04767990638546022,-0.003501223972589139,-0.007763652801513671,0.15,-0.5734987258911133,0.0,0.0,-0.0,0.0,0.11023589184409693,-0.0,-0.25,0.0,0.0,0.0,0.11023589184409693,-0.0,0.0,-0.0826769188830727,-0.03303088964798493,-0.7364530694580127,0.2995176658034325,-0.0,-1.6806640625,0.0,0.37298068060020917,-0.0,-0.2100830078125,-0.2100830078125,-0.05,0.4856953331953859,0.34621569514274597,0.2,0.0,-0.06926517478488387,-0.0,-1.5047142639467628,0.0,0.0,-0.0,0.005223193618836408,-0.31586891754717733,-0.0,0.0,0.0,0.0,0.42981154455515375,-0.0,-0.0,-0.0,0.02,0.0,0.0,0.0,0.0,0.0,0.0,0.34621569514274597,32.3237482329458,32.4,1.0,0.0,-0.25,1.0,1.0,4.0,-0.25,1.0,-0.25,1.0,-0.25,29.0,-1.0,0.0,0.0,-0.25,-0.25,0.0,0.0,-1.0,3.0,0.0,0.0,0.0,0.0,0.0,0.0,0.0,0.0,30.20479393005371,176.21173095703125,30.12096405029297,175.9029083251953,-0.08382987976074219,-0.3088226318359375,0.31999823451042175,-1.835859064289509,-0.2619677484035492,-0.9650765657424927,0.0,-14.853507041931152,10.219110488891602,0.0,28.0,28.0,28.0,0.0,0.0,0.0,0.0,0.0,1.0,120.0,1.0,0.0,3.0,0.0,4.92,70.02110010944307,0.4582001129165292,7.428000099025667,55.36770005710423,37.78080001939088,4.0,3.4026000648736954,2.553400001488626,0.7671000203117728,0.000400003045797348
1,268,268,0.5650196200537159,0,0,1.0,4.0,1.0,0.5543003678321838,0.3483026921749115,1.0,1.0,1.0,0.44506698846817017,1.0,1.0,0.3230711817741394,0.32281264662742615,0.37326428294181824,0.32281264662742615,0.3483026921749115,1.0,0.44506698846817017,0.32281264662742615,0.0,0.6142771244049072,1.0,1.0,0.8743751645088196,0.4617678225040436,0.34784039855003357,-0.4545454680919647,0.3597387969493866,0.19219134747982025,-0.9813574552536011,0.0,0.07618102431297302,-0.193964421749115,-1.0,-1.0,0.0,151.71014404296875,8.070316314697266,8.70756721496582,25.0,8.070316314697266,11.12667465209961,0.07618102431297302,0.923818975687027,0.3228126525878906,0.34830268859863284,0.0,0.0,0.0,0.0,0.0,1.3426390606027985,0.6393475235177577,0.6447995669614784,-2.0817665310283187,0.02,-0.0,-0.04767990638546022,-0.003501223972589139,0.0,0.15,-0.0,0.0,0.0,-0.0,0.0,0.11023589184409693,-0.0,-0.25,0.0,0.0,0.0,0.11023589184409693,-0.0,0.0,-0.0826769188830727,-0.03303088964798493,-0.7658959641078602,0.2995176658034325,-0.0,-1.5799560546875,0.0,0.4188200849157715,-0.0,-0.1974945068359375,-0.1974945068359375,-0.05,0.4947995669614784,0.3527054190635681,0.2,0.0,-0.07060846520766084,-0.0,-1.6069385186182967,0.0,0.0,-0.0,0.005223193618836408,-0.31586891754717733,-0.0,0.0,0.0,0.0,0.43576467871867086,-0.0,-0.0,-0.09357382327402017,0.02,0.0,0.0,0.0,0.0,0.0,0.0,0.3527054190635681,32.950617096908395,32.4,1.0,0.0,-0.25,1.0,1.0,4.0,-0.25,1.0,-0.25,1.0,-0.25,30.0,-1.0,0.0,0.0,-0.25,-0.25,0.0,0.0,-1.0,2.0,0.0,0.0,0.0,0.0,0.0,0.0,0.0,0.0,30.120975494384766,175.90316772460938,30.037145614624023,175.59434509277344,-0.08382987976074219,-0.3088226318359375,0.31999823451042175,-1.835859064289509,-0.2619674503803253,-0.9650766849517822,0.0,-14.853507041931152,10.219110488891602,0.0,28.0,28.0,28.0,0.0,0.0,0.0,0.0,0.0,1.0,120.0,1.0,0.0,3.0,0.0,4.96,27.400100021623075,0.5201000021770597,6.6648999927565455,12.477000011131167,9.602700010873377,4.0,4.017899977043271,2.999100019223988,0.6922000320628285,0.000400003045797348
1,269,269,0.12698293208801867,0,0,1.0,4.0,1.0,0.5543003678321838,0.3483026921749115,1.0,1.0,1.0,0.44506698846817017,1.0,1.0,0.3230711817741394,0.32281264662742615,0.37326428294181824,0.32281264662742615,0.3483026921749115,1.0,0.44506698846817017,0.32281264662742615,0.0,0.6164692044258118,1.0,1.0,0.8730581998825073,0.47072309255599976,0.5441570281982422,-0.4545454680919647,0.3597387969493866,0.16321821510791779,-0.9865899682044983,0.0,0.07618102431297302,-0.193964421749115,-1.0,-1.0,0.0,151.5217742919922,7.969862461090088,8.762104034423828,25.0,7.969862461090088,10.631217956542969,0.06311120092868805,0.936888799071312,0.3187944984436035,0.35048416137695315,0.0,0.0,0.0,0.0,0.0,1.3949849463489112,0.15575913425693894,0.646290624804685,-2.0900517733225166,0.02,-0.0,-0.049297751049495415,-0.004268640071293592,0.06729177474975585,0.15,-0.4954566955566406,0.0,0.0,-0.0,0.0,0.05520505654184441,-0.0,-0.25,0.0,0.0,0.0,0.05520505654184441,-0.0,0.0,-0.04140379240638331,-0.016189805332383973,-0.7951450575488024,0.2910222806036472,-0.0,-1.5069580078125,0.0,0.4580961472775993,-0.0,-0.1883697509765625,-0.1883697509765625,-0.05,0.49629062480468505,0.3496153652667999,0.2,0.0,-0.06917670871229577,-0.0,-1.6928164723248744,0.0,0.0,-0.0,0.003584721314395112,-0.3316433135997416,-0.0,0.0,0.0,0.0,0.4346739308396912,-0.0,-0.0,-0.0,0.02,0.0,0.0,0.0,0.0,0.0,0.0,0.3496153652667999,32.282464065738026,32.4,0.0,0.6,-0.25,1.0,1.0,4.0,-0.25,1.0,-0.25,1.0,-0.25,31.0,-1.0,0.0,0.0,-0.25,-0.25,0.0,0.0,-1.0,1.0,0.0,0.0,0.0,0.0,0.0,0.0,0.0,0.0,30.03715705871582,175.5946044921875,29.953327178955078,175.28578186035156,-0.08382987976074219,-0.3088226318359375,0.31999823451042175,-1.835859064289509,-0.26196709275245667,-0.9650768041610718,0.0,-14.853507041931152,10.219110488891602,0.0,28.0,28.0,28.0,0.0,0.0,0.0,0.0,0.0,1.0,120.0,1.0,0.0,3.0,0.0,5.0,50.58510007802397,0.4192000487819314,7.760999957099557,33.89820002485067,25.650599971413612,4.0,4.637200036086142,3.1087000388652086,0.7294999668374658,0.000500003807246685
1,270,270,0.1059867597132813,0,0,1.0,4.0,1.0,0.5965560078620911,0.350484162569046,1.0,1.0,1.0,0.4252487123012543,1.0,1.0,0.32013875246047974,0.31879448890686035,0.35840699076652527,0.31879448890686035,0.350484162569046,1.0,0.4252487123012543,0.31879448890686035,0.0,0.6186493039131165,1.0,1.0,0.8717511892318726,0.4611780643463135,-0.5799939632415771,-0.4545454680919647,0.3702238202095032,0.13429565727710724,-0.9909412860870361,0.0,0.06311120092868805,-0.1771722286939621,-1.0,-1.0,0.0,151.34463500976562,7.904812812805176,8.865043640136719,25.0,7.904812812805176,10.218894958496094,0.05108492448925972,0.9489150755107403,0.31619251251220704,0.35460174560546875,0.0,0.0,0.0,0.0,0.0,1.4546107872196963,0.30583384319419515,0.6517795261381817,-2.326237396838792,0.02,-0.0,-0.05037466978753212,-0.005034048299169418,0.1733338737487793,0.15,-0.412322998046875,0.0,0.0,-0.0,0.0,0.004568103112672493,-0.0,-0.25,0.0,0.0,0.0,0.004568103112672493,-0.0,0.0,-0.00342607733450437,-0.0013128906533294174,-0.8243370927805334,0.2832052009180188,-0.0,-1.4171142578125,0.0,0.505695711708956,-0.0,-0.1771392822265625,-0.1771392822265625,-0.05,0.5017795261381817,0.3497046232223511,0.2,0.0,-0.07042606448278363,-0.0,-1.8447835014871663,0.0,0.0,-0.0,0.0023487025590660307,-0.3464977580275279,-0.0,0.0,0.0,0.0,0.4458344473414812,-0.0,-0.0,-0.06687877540038055,0.02,0.0,0.0,0.0,0.0,0.0,0.0,0.3497046232223511,32.86549675863236,32.4,1.0,0.0,-0.25,1.0,1.0,4.0,-0.25,1.0,-0.25,1.0,-0.25,32.0,-1.0,0.0,0.0,-0.25,-0.25,0.0,0.0,-1.0,0.0,0.0,0.0,0.0,0.0,0.0,0.0,0.0,0.0,29.953338623046875,175.28604125976562,29.869508743286133,174.9772186279297,-0.08382987976074219,-0.3088226318359375,0.31999823451042175,-1.835859064289509,-0.2619667947292328,-0.9650769233703613,0.0,-14.853507041931152,10.219110488891602,0.0,28.0,28.0,28.0,0.0,0.0,0.0,0.0,0.0,1.0,120.0,1.0,0.0,3.0,0.0,5.04,54.85379998572171,0.6390000926330686,7.581499987281859,37.48929989524186,20.129800075665116,4.0,5.606000078842044,2.805899945087731,0.6966000655665994,0.0003998866304755211
1,271,271,0.407585553145859,0,0,1.0,4.0,1.0,1.0,0.35460174083709717,1.0,1.0,1.0,0.4087558090686798,1.0,1.0,0.31944018602371216,0.31619250774383545,0.3468368947505951,0.31619250774383545,0.35460174083709717,1.0,0.4087558090686798,0.31619250774383545,0.0,0.6208427548408508,1.0,1.0,0.8704473972320557,0.469507098197937,0.5061047673225403,-0.4545454680919647,0.36959853768348694,0.1053149476647377,-0.9944389462471008,0.0,0.05108492448925972,-0.159098282456398,-1.0,-1.0,0.0,151.17642211914062,7.904812812805176,8.865043640136719,25.0,7.904812812805176,10.218894958496094,0.05108492448925972,0.9489150755107403,0.31619251251220704,0.35460174560546875,0.0,0.0,0.0,0.0,0.0,1.4876439978320153,0.5343962595375948,0.6474110089028986,-2.2818657131266495,0.02,-0.0,-0.05037466978753212,-0.005034048299169418,0.0,0.15,-0.0,0.0,0.0,-0.0,0.0,0.004568103112672493,-0.0,-0.25,0.0,0.0,0.0,0.004568103112672493,-0.0,0.0,-0.00342607733450437,-0.0013128906533294174,-0.8533244893080556,0.2832052009180188,-0.0,-1.345703125,0.0,0.538728922321275,-0.0,-0.168212890625,-0.168212890625,-0.05,0.4974110089028986,0.3466600775718689,0.2,0.0,-0.06850430879015475,-0.0,-1.869212348868033,0.0,0.0,-0.0,0.0023487025590660307,-0.3464977580275279,-0.0,0.0,0.0,0.0,0.43540773938678523,-0.0,-0.0,-0.0,0.02,0.0,0.0,0.0,0.0,0.0,0.0,0.3466600775718689,31.968677435405553,32.4,0.0,0.6,-0.25,1.0,1.0,4.0,-0.25,1.0,-0.25,1.0,-0.25,33.0,-1.0,0.0,0.0,-0.25,-0.25,0.0,0.0,0.0,0.0,0.0,0.0,0.0,0.0,0.0,0.0,0.0,0.0,29.86952018737793,174.97747802734375,29.785690307617188,174.6686553955078,-0.08382987976074219,-0.3088226318359375,0.31999823451042175,-1.835859064289509,-0.2619664669036865,-0.9650770425796509,0.0,-14.853507041931152,10.219110488891602,0.0,28.0,28.0,28.0,0.0,0.0,0.0,0.0,0.0,1.0,120.0,1.0,0.0,3.0,0.0,5.08,36.10629995819181,0.8129000198096037,15.807999996468425,11.144899995997548,7.919900002889335,4.0,4.334799945354462,3.284800099208951,0.6939999293535948,0.000500003807246685
1,272,272,0.3533663660910378,0,0,1.0,4.0,1.0,1.0,0.35460174083709717,1.0,1.0,1.0,0.4087558090686798,1.0,1.0,0.31944018602371216,0.31619250774383545,0.3468368947505951,0.31619250774383545,0.35460174083709717,1.0,0.4087558090686798,0.31619250774383545,0.0,0.6230199337005615,1.0,1.0,0.8691563606262207,0.4566953778266907,-0.7784889936447144,-0.4545454680919647,0.36959853768348694,0.07644854485988617,-0.9970735311508179,0.0,0.05108492448925972,-0.159098282456398,-1.0,-1.0,0.0,151.0188446044922,7.875614643096924,9.023974418640137,25.0,7.875614643096924,9.882451057434082,0.04002748057246208,0.9599725194275379,0.3150245857238769,0.36095897674560545,0.0,0.0,0.0,0.0,0.0,1.545109291550476,0.49751659044212315,0.668447017711945,-2.3777065336135066,0.02,-0.0,-0.05086570054911803,-0.005759220016189742,0.29417114257812504,0.15,-0.3364439010620117,0.0,0.0,-0.0,0.0,0.0,0.0,0.0,0.35,0.0,0.0,0.0,0.0,0.0,0.0,0.0,0.0,0.27601786237210035,-0.0,-1.2606201171875,0.0,0.5851367721229381,-0.0,-0.1575775146484375,-0.1575775146484375,-0.05,0.5024909866278844,0.3467930555343628,0.2,0.0,-0.0699160943022264,-0.0,-2.0305522104205678,0.0870328968221491,0.10879112102768637,-0.09065926752307198,0.0014419792808809465,-0.36044268654361156,-0.007426621660502261,0.0,0.0,0.0,0.44641426949131763,-0.0,-0.0,-0.01597565029424305,0.02,0.0,0.0,0.0,0.0,0.0,0.0,0.3467930555343628,32.62751067437232,32.4,1.0,0.0,-0.25,1.0,1.0,4.0,-0.25,1.0,-0.25,1.0,-0.25,34.0,0.0,0.0,0.0,-0.25,-0.25,0.0,0.0,0.0,0.0,0.0,0.0,0.0,0.0,0.0,0.0,0.0,0.0,29.785701751708984,174.66891479492188,29.701871871948242,174.36009216308594,-0.08382987976074219,-0.3088226318359375,0.31999823451042175,-1.835859064289509,-0.26196610927581787,-0.9650770425796509,0.0,-14.853507041931152,10.219110488891602,0.0,28.0,28.0,28.0,0.0,0.0,0.0,0.0,0.0,1.0,120.0,1.0,0.0,3.0,0.0,5.12,45.30040000099689,0.6357000675052404,7.889400003477931,30.24100000038743,13.957999995909631,4.0,3.2148000318557024,2.2406999487429857,1.0383001063019037,0.0003998866304755211
1,273,273,0.41446412047490266,0,0,1.0,4.0,1.0,1.0,0.3609589636325836,1.0,1.0,1.0,0.395298033952713,1.0,1.0,0.32101970911026,0.31502458453178406,0.3382789194583893,0.31502458453178406,0.3609589636325836,1.0,0.395298033952713,0.31502458453178406,0.0,0.6252052783966064,1.0,1.0,0.8678708672523499,0.4661073088645935,0.5719038248062134,-0.4545454680919647,0.3637341260910034,0.047535236924886703,-0.9988695383071899,0.0,0.04002748057246208,-0.13997827470302582,0.0,0.0,0.0,150.86949157714844,7.875614643096924,9.023974418640137,25.0,7.875614643096924,9.882451057434082,0.04002748057246208,0.9599725194275379,0.3150245857238769,0.36095897674560545,0.0,0.0,0.0,0.0,0.0,1.5757745170780177,0.5273874430225097,0.6640769897759403,-2.3727748294015654,0.02,-0.0,-0.05086570054911803,-0.005759220016189742,0.0,0.15,-0.0,0.0,0.0,-0.0,0.0,0.0,0.0,0.0,0.35,0.0,0.0,0.0,0.0,0.0,0.0,0.0,0.0,0.27601786237210035,-0.0,-1.19482421875,0.0,0.6158019976504798,-0.0,-0.14935302734375,-0.14935302734375,-0.05,0.49812095869187967,0.3437770903110504,0.2,0.0,-0.06776414303015917,-0.0,-2.043748107774937,0.0870328968221491,0.10879112102768637,-0.09065926752307198,0.0014419792808809465,-0.36044268654361156,-0.007426621660502261,0.0,0.0,0.0,0.4340123635878175,-0.0,-0.0,-0.0,0.02,0.0,0.0,0.0,0.0,0.0,0.0,0.3437770903110504,31.623266747407616,32.4,0.0,0.6,-0.25,1.0,1.0,4.0,-0.25,1.0,-0.25,1.0,-0.25,35.0,0.0,0.0,0.0,-0.25,-0.25,0.0,0.0,0.0,0.0,0.0,0.0,0.0,0.0,0.0,0.0,0.0,0.0,29.70188331604004,174.3603515625,29.618053436279297,174.05152893066406,-0.08382987976074219,-0.3088226318359375,0.31999823451042175,-1.835859064289509,-0.2619657814502716,-0.9650771617889404,0.0,-14.853507041931152,10.219110488891602,0.0,28.0,28.0,28.0,0.0,0.0,0.0,0.0,0.0,1.0,120.0,1.0,0.0,3.0,0.0,5.16,52.5232000509277,0.6679999642074108,6.343499990180135,37.928400095552206,14.72839992493391,4.0,3.7987999385222793,3.0616000294685364,0.694400048814714,0.000600004568696022
1,274,274,0.5631811936008564,0,0,1.0,4.0,1.0,1.0,0.3609589636325836,1.0,1.0,1.0,0.395298033952713,1.0,1.0,0.32101970911026,0.31502458453178406,0.3382789194583893,0.31502458453178406,0.3609589636325836,1.0,0.395298033952713,0.31502458453178406,0.0,0.6273696422576904,1.0,1.0,0.8666001558303833,0.4517609477043152,-0.8717395067214966,-0.4545454680919647,0.3637341260910034,0.018837597221136093,-0.9998225569725037,0.0,0.04002748057246208,-0.13997827470302582,0.0,0.0,0.0,150.73011779785156,7.880967140197754,9.237913131713867,25.0,7.880967140197754,9.61398696899414,0.03054574690759182,0.9694542530924082,0.31523868560791013,0.36951652526855466,0.0,0.0,0.0,0.0,0.0,1.6291746048484481,0.6835311957624292,0.6834501303129765,-2.4529747373229975,0.02,-0.0,-0.05077532855543915,-0.00641210549308746,0.4160515785217285,0.15,-0.2684640884399414,0.0,0.0,-0.0,0.0,0.0,0.0,0.0,0.35,0.0,0.0,0.0,0.0,0.0,0.0,0.0,0.0,0.26985473548993466,-0.0,-1.114990234375,0.0,0.6597203517560399,-0.0,-0.139373779296875,-0.139373779296875,-0.05,0.5023233253651235,0.3438088297843933,0.2,0.0,-0.06896644730426904,-0.0,-2.199867774868134,0.169782572442835,0.21222821555354376,-0.1768568462946198,0.0008397383887283896,-0.372619522244153,-0.01751467299692887,0.0,0.0,0.0,0.4431311397291687,-0.0,-0.0,-0.0,0.02,0.0,0.0,0.0,0.0,0.0,0.0,0.3438088297843933,32.18434207532555,32.4,1.0,0.0,-0.25,1.0,1.0,4.0,-0.25,1.0,-0.25,1.0,-0.25,36.0,0.0,0.0,0.0,-0.25,-0.25,0.0,0.0,0.0,0.0,0.0,0.0,0.0,0.0,0.0,0.0,0.0,0.0,29.618064880371094,174.05178833007812,29.53423500061035,173.7429656982422,-0.08382987976074219,-0.3088226318359375,0.31999823451042175,-1.835859064289509,-0.26196548342704773,-0.9650772213935852,0.0,-14.853507041931152,10.219110488891602,0.0,28.0,28.0,28.0,0.0,0.0,0.0,0.0,0.0,1.0,120.0,1.0,0.0,3.0,0.0,5.2,50.49199995119125,0.6758000236004591,8.8481999700889,33.75379997305572,15.249100048094988,4.0,3.997399937361479,2.5666001019999385,0.6124000065028667,0.000500003807246685
1,275,275,0.29691138527501737,0,0,1.0,4.0,1.0,1.0,0.369516521692276,1.0,1.0,1.0,0.3845594823360443,1.0,1.0,0.32483574748039246,0.31523868441581726,0.3323838710784912,0.31523868441581726,0.369516521692276,1.0,0.3845594823360443,0.31523868441581726,0.0,0.6295360922813416,1.0,1.0,0.865337610244751,0.4597763121128082,0.4870445430278778,-0.4545454680919647,0.3560526371002197,-0.009777103550732136,-0.9999521970748901,0.0,0.03054574690759182,-0.12048421055078506,0.0,0.0,0.0,150.60336303710938,7.880967140197754,9.237913131713867,25.0,7.880967140197754,9.61398696899414,0.03054574690759182,0.9694542530924082,0.31523868560791013,0.36951652526855466,0.0,0.0,0.0,0.0,0.0,1.6772832900086598,0.5442688620327543,0.6928209779108504,-2.637461744677247,0.02,-0.0,-0.05077532855543915,-0.00641210549308746,0.0,0.15,-0.0,0.0,0.0,-0.0,0.0,0.0,0.0,0.0,0.35,0.0,0.0,0.0,0.0,0.0,0.0,0.0,0.0,0.26985473548993466,-0.0,-1.0140380859375,0.0,0.7078290369162518,-0.0,-0.1267547607421875,-0.1267547607421875,-0.05,0.5116941729629974,0.3502225875854492,0.2,0.0,-0.07036109742274774,-0.0,-2.3245093340779635,0.169782572442835,0.21222821555354376,-0.1768568462946198,0.0008397383887283896,-0.372619522244153,-0.01751467299692887,0.0,0.0,0.0,0.45145629608128085,-0.0,-0.0,-0.05845079802594185,0.02,0.0,0.0,0.0,0.0,0.0,0.0,0.3502225875854492,32.83517879728228,32.4,1.0,0.0,-0.25,1.0,1.0,4.0,-0.25,1.0,-0.25,1.0,-0.25,37.0,0.0,0.0,0.0,-0.25,-0.25,0.0,0.0,0.0,0.0,0.0,0.0,0.0,0.0,0.0,0.0,0.0,0.0,29.53424644470215,173.74322509765625,29.45041847229004,173.4344024658203,-0.08382797241210938,-0.3088226318359375,0.31999772787094116,-1.8358533086689646,-0.2619651257991791,-0.9650773406028748,0.0,-14.853507041931152,10.219110488891602,0.0,28.0,28.0,28.0,0.0,0.0,0.0,0.0,0.0,1.0,120.0,1.0,0.0,3.0,0.0,5.24,27.927799965254962,0.47019997145980597,4.823600058443844,13.257899903692305,10.14289993327111,4.0,5.317899980582297,3.3084999304264784,0.7180999964475632,0.000400003045797348
1,276,276,0.7641149618594771,0,0,1.0,4.0,1.0,1.0,0.369516521692276,1.0,1.0,1.0,0.3845594823360443,1.0,1.0,0.32483574748039246,0.31523868441581726,0.3323838710784912,0.31523868441581726,0.369516521692276,1.0,0.3845594823360443,0.31523868441581726,0.0,0.6317555904388428,1.0,1.0,0.8640653491020203,0.46907398104667664,0.5649624466896057,-0.4545454680919647,0.3560526371002197,-0.03910084068775177,-0.9992352724075317,0.0,0.03054574690759182,-0.12048421055078506,0.0,0.0,0.0,150.48419189453125,7.919295310974121,9.514239311218262,25.0,7.919295310974121,9.40243148803711,0.022342465817928314,0.9776575341820717,0.31677181243896485,0.38056957244873046,0.0,0.0,0.0,0.0,0.0,1.7202640374898857,0.8946483009031225,0.7052351328463573,-2.576032509379888,0.02,-0.0,-0.050132882452002855,-0.006978331718814877,0.5706215667724609,0.15,-0.21155548095703125,0.0,0.0,-0.0,0.0,0.0,0.0,0.0,0.35,0.0,0.0,0.0,0.0,0.0,0.0,0.0,0.0,0.2645226027816534,-0.0,-0.953369140625,0.0,0.742606503307814,-0.0,-0.119171142578125,-0.119171142578125,-0.05,0.5109830781550426,0.3472500443458557,0.2,0.0,-0.06864041024393269,-0.0,-2.385726637140797,0.24137484377080742,0.3017185547135093,-0.2514321289279244,0.0004492672009427656,-0.3833177256544167,-0.030458273098076916,0.0,0.0,0.0,0.44269342925851063,-0.0,-0.0,-0.0,0.02,0.0,0.0,0.0,0.0,0.0,0.0,0.3472500443458557,32.03219144716859,32.4,0.0,0.6,-0.25,1.0,1.0,4.0,-0.25,1.0,-0.25,1.0,-0.25,38.0,0.0,0.0,0.0,-0.25,-0.25,0.0,0.0,0.0,0.0,0.0,0.0,0.0,0.0,0.0,0.0,0.0,0.0,29.450429916381836,173.43466186523438,29.366601943969727,173.12583923339844,-0.08382797241210938,-0.3088226318359375,0.31999772787094116,-1.8358533086689646,-0.2619648277759552,-0.9650774598121643,0.0,-14.853507041931152,10.219110488891602,0.0,28.0,28.0,28.0,0.0,0.0,0.0,0.0,0.0,1.0,120.0,1.0,0.0,3.0,0.0,5.28,50.55280006490648,0.5646999925374985,6.59620005171746,34.18700001202524,22.659799898974597,4.0,5.2637000335380435,3.0775999184697866,0.8183000609278679,0.000400003045797348
1,277,277,0.9209941193042335,0,0,1.0,4.0,1.0,1.0,0.38056957721710205,1.0,1.0,1.0,0.37609726190567017,1.0,1.0,0.33107349276542664,0.31677180528640747,0.3288239538669586,0.31677180528640747,0.38056957721710205,1.0,0.37609726190567017,0.31677180528640747,0.0,0.6339474320411682,1.0,1.0,0.862811267375946,0.45760273933410645,-0.6970376372337341,-0.4545454680919647,0.3687288165092468,-0.06811169534921646,-0.9976776838302612,0.0,0.022342465817928314,-0.10069062560796738,0.0,0.0,0.0,151.77401733398438,7.993152141571045,9.851679801940918,25.0,7.993152141571045,9.252640724182129,0.015707528218626976,0.984292471781373,0.3197260856628418,0.39406719207763674,0.0,0.0,0.0,0.0,0.0,1.766947156815515,1.1203499376576835,0.7189044345432779,-2.705207409712243,0.02,-0.0,-0.04891782429287708,-0.007409227515722487,0.7249790000915527,0.15,-0.14979076385498047,0.0,0.0,-0.0,0.0,0.0,0.0,0.0,0.35,0.0,0.0,0.0,0.0,0.0,0.0,0.0,0.0,0.26020989334210753,-0.0,5.078261879863248,0.0,0.782654685034142,-0.0,1.289825439453125,1.289825439453125,-0.05,0.5140364796930811,0.3473283052444458,0.2,0.0,-0.06989280393512122,-0.0,-2.5444184493244997,0.29927975372834636,0.374099692160433,-0.3117497434670275,0.00022205379846506647,-0.392081351082185,-0.0461808562590526,0.0,0.0,0.0,0.4514887532297109,-0.0,-0.0,-0.014485705331601368,0.02,0.0,0.0,0.0,0.0,0.0,0.0,0.3473283052444458,32.6166418363899,32.4,1.0,0.0,-0.25,1.0,1.0,4.0,-0.25,1.0,-0.25,1.0,-0.25,39.0,0.0,0.0,0.0,-0.25,-0.25,0.0,0.0,0.0,0.0,0.0,0.0,0.0,0.0,0.0,0.0,0.0,0.0,29.366613388061523,173.1260986328125,29.282785415649414,172.81727600097656,-0.08382797241210938,-0.3088226318359375,0.31999772787094116,-1.8358533086689646,-0.26196447014808655,-0.9650774598121643,0.0,-14.853507041931152,10.219110488891602,0.0,28.0,28.0,28.0,0.0,0.0,0.0,0.0,0.0,1.0,120.0,1.0,0.0,3.0,0.0,5.32,93.6144000152126,0.8011999307200313,8.838200010359287,48.66600001696497,33.43029995448887,4.0,23.80670001730323,4.002500092610717,7.455400074832141,0.000400003045797348
1,278,278,0.35293377016850647,0,0,1.0,4.0,1.0,1.0,0.3940671980381012,1.0,1.0,1.0,0.3701056241989136,1.0,1.0,0.3398078978061676,0.3197260797023773,0.32766664028167725,0.3197260797023773,0.3940671980381012,1.0,0.3701056241989136,0.3197260797023773,0.0,0.6393017172813416,1.0,1.0,0.8628480434417725,0.4659520387649536,0.5073354244232178,-0.4545454680919647,0.3673151433467865,-0.09701213985681534,-0.9952831864356995,0.0,0.015707528218626976,-0.08143332600593567,0.0,0.0,0.0,155.3123321533203,7.993152141571045,9.851679801940918,25.0,7.993152141571045,9.252640724182129,0.015707528218626976,0.984292471781373,0.3197260856628418,0.39406719207763674,0.0,0.0,0.0,0.0,0.0,1.7863158847583054,0.5335363788301065,0.7143703612402167,-2.701288854660122,0.02,-0.0,-0.04891782429287708,-0.007409227515722487,0.0,0.15,-0.0,0.0,0.0,-0.0,0.0,0.0,0.0,0.0,0.35,0.0,0.0,0.0,0.0,0.0,0.0,0.0,0.0,0.26020989334210753,-0.0,7.874339774250984,0.0,0.8020234129769325,-0.0,3.5383148193359375,2.0,-0.05,0.5095024063900199,0.3442646861076355,0.2,0.0,-0.06803917884041688,-0.0,-2.556839224698684,0.29927975372834636,0.374099692160433,-0.3117497434670275,0.00022205379846506647,-0.392081351082185,-0.0461808562590526,0.0,0.0,0.0,0.4398634306387061,-0.0,-0.0,-0.0,0.02,0.0,0.0,0.0,0.0,0.0,0.0,0.3442646861076355,31.751616792194547,32.4,0.0,0.6,-0.25,1.0,1.0,4.0,-0.25,1.0,-0.25,1.0,-0.25,40.0,0.0,0.0,0.0,-0.25,-0.25,0.0,0.0,0.0,0.0,0.0,0.0,0.0,0.0,0.0,0.0,0.0,0.0,29.662900924682617,174.2169952392578,29.579071044921875,173.90817260742188,-0.08382987976074219,-0.3088226318359375,0.31999823451042175,-1.835859064289509,-0.26196539402008057,-0.9650772213935852,0.0,-14.853507041931152,10.219110488891602,0.0,28.0,28.0,28.0,0.0,0.0,0.0,0.0,0.0,1.0,120.0,1.0,0.0,3.0,0.0,5.36,100.46610003337264,0.4816999426111579,10.739700053818524,66.94669998250902,23.99719995446503,4.0,12.980600004084408,8.17280006594956,1.101900008507073,0.000500003807246685
1,279,279,1.0622453741087736,0,0,1.0,4.0,1.0,1.0,0.3940671980381012,1.0,1.0,1.0,0.3701056241989136,1.0,1.0,0.3398078978061676,0.3197260797023773,0.32766664028167725,0.3197260797023773,0.3940671980381012,1.0,0.3701056241989136,0.3197260797023773,0.0,0.6497026085853577,1.0,1.0,0.864876925945282,0.45359453558921814,-0.750889778137207,-0.4545454680919647,0.3673151433467865,-0.12563562393188477,-0.9920764565467834,0.0,0.015707528218626976,-0.08143332600593567,0.0,0.0,0.0,161.0836181640625,8.099701881408691,10.253204345703125,25.0,8.099701881408691,9.160774230957031,0.010543091222643852,0.9894569087773561,0.32398807525634765,0.410128173828125,0.0,0.0,0.0,0.0,0.0,1.8207811534571539,1.3357351688395063,0.7250871062573565,-2.839358054445243,0.02,-0.0,-0.047216792666587876,-0.007686555642028313,0.8827768898010254,0.15,-0.09186649322509766,0.0,0.0,-0.0,0.0,0.0,0.0,0.0,0.35,0.0,0.0,0.0,0.0,0.0,0.0,0.0,0.0,0.2568530092947185,-0.0,7.915655270218849,0.0,0.8313242446797978,-0.0,5.7712860107421875,2.0,-0.05,0.5119560522135866,0.344390332698822,0.2,0.0,-0.06950771094313157,-0.0,-2.721991396865788,0.3443512038751082,0.4304390048438852,-0.3586991707032377,0.00010004109527609085,-0.3989712492886303,-0.06465780241829139,0.0,0.0,0.0,0.4497281205721948,-0.0,-0.0,-0.00042097404043341894,0.02,0.0,0.0,0.0,0.0,0.0,0.0,0.344390332698822,32.4369317734614,32.4,1.0,0.0,-0.25,1.0,1.0,4.0,-0.25,1.0,-0.25,1.0,-0.25,41.0,0.0,0.0,0.0,-0.25,-0.25,0.0,0.0,0.0,0.0,0.0,0.0,0.0,0.0,0.0,0.0,0.0,0.0,30.568714141845703,177.5482635498047,30.484882354736328,177.23944091796875,-0.083831787109375,-0.3088226318359375,0.31999874114990234,-1.835864833057068,-0.2619737982749939,-0.9650750160217285,0.0,-14.853507041931152,10.219110488891602,0.0,28.0,28.0,28.0,0.0,0.0,0.0,0.0,0.0,1.0,120.0,1.0,0.0,3.0,0.0,5.4,117.4977000337094,0.7879999466240406,8.134700008668005,68.32459999714047,32.25619997829199,4.0,26.97399992030114,5.206100060604513,8.02740000654012,0.000800006091594696
1,280,280,3.173264774435158,0,0,2.0,4.0,1.0,1.0,0.4101281762123108,1.0,1.0,1.0,0.36643096804618835,1.0,1.0,0.3511659502983093,0.32398808002471924,0.3287602961063385,0.32398808002471924,0.4101281762123108,1.0,0.36643096804618835,0.32398808002471924,0.0,0.6651044487953186,1.0,1.0,0.8686234951019287,0.463384747505188,0.5948914885520935,-0.4545454680919647,0.36126846075057983,-0.15409524738788605,-0.9880560040473938,0.0,0.010543091222643852,-0.06296529620885849,0.0,0.0,0.0,173.8713836669922,8.099701881408691,10.253204345703125,25.0,8.099701881408691,9.160774230957031,0.010543091222643852,0.9894569087773561,0.32398807525634765,0.410128173828125,0.0,0.0,0.0,0.0,0.0,1.8240647139032427,-0.28654003522390026,2.270779316925106,-0.6550392211692905,0.02,-0.0,-0.047216792666587876,-0.007686555642028313,0.0,0.15,-0.0,0.0,0.0,-0.8097094058990478,0.0,0.0,0.0,0.0,0.35,0.0,0.0,0.0,0.0,0.0,0.0,0.0,0.0,0.2568530092947185,-0.0,7.915655270218849,0.0,0.8346078051258866,-0.0,12.787765502929688,2.0,1.5,0.5076482628813359,0.34149250388145447,0.2,0.0,-0.03473252852932257,-0.0,-1.4013774993444452,0.4820916854251515,0.6026146067814394,-0.1865235687656836,0.00010004109527609085,-0.10438457841948484,-0.033622057257511516,0.038794678560545824,0.0,0.0,0.42807271898376376,-0.018000000715255735,-0.0,-0.0,0.02,0.0,0.0,0.0,0.0,0.0,0.0,0.34149250388145447,31.170217910930518,32.4,0.0,0.6,0.0,1.0,2.0,4.0,0.0,1.0,-0.12999999523162842,1.0,-0.13,42.0,0.0,0.0,0.0,0.0,0.0,1.0,0.13,0.0,0.0,0.0,0.0,0.0,0.0,0.0,0.0,0.0,0.0,32.075801849365234,183.0959930419922,31.991968154907227,182.78717041015625,-0.08383369445800781,-0.3088226318359375,0.31999921798706055,-1.8358705574476768,-0.26197969913482666,-0.9650734066963196,0.0,-14.853507041931152,10.219110488891602,0.0,28.0,28.0,28.0,0.0,0.0,0.0,0.0,0.0,1.0,120.0,1.0,0.0,3.0,0.0,5.44,115.59980001766235,0.46520004980266094,8.942199987359345,66.56790000852197,18.13360000960529,4.0,28.438900015316904,4.3394999811425805,6.800299976021051,0.000400003045797348
1,281,281,1.1442757339030445,0,0,1.0,4.0,1.0,1.0,0.4101281762123108,1.0,1.0,1.0,0.36643096804618835,1.0,1.0,0.3511659502983093,0.32398808002471924,0.3287602961063385,0.32398808002471924,0.4101281762123108,1.0,0.36643096804618835,0.32398808002471924,0.0,0.6962160468101501,1.0,1.0,0.876992404460907,0.44528883695602417,-1.0,-0.23636363446712494,0.36126846075057983,-0.18167804181575775,-0.9833580851554871,0.0,0.010543091222643852,-0.06296529620885849,0.0,0.0,0.0,182.5487823486328,8.236315727233887,10.704790115356445,25.0,8.236315727233887,9.127287864685059,0.006958570331335068,0.9930414296686649,0.32945262908935546,0.4281916046142578,0.0,0.0,0.0,0.0,0.0,1.8533458207462996,1.5158015667939475,0.729356261986818,-2.9742279156240206,0.02,-0.0,-0.045122349196840696,-0.007790206195456138,1.0104534339904785,0.15,-0.033486366271972656,0.0,0.0,-0.0,0.0,0.0,0.0,0.0,0.35,0.0,0.0,0.0,0.0,0.0,0.0,0.0,0.0,0.2545230707153678,-0.0,7.9443314373493195,0.0,0.8603043910776347,-0.0,8.677398681640625,2.0,-0.05,0.5104899745169541,0.3423515856266022,0.2,0.0,-0.06820700609058673,-0.0,-2.8534996123837764,0.3756342952901667,0.4695428691127083,-0.3912857242605903,4.357953095052297e-05,-0.40378865536682623,-0.08466766074081059,0.0,0.0,0.0,0.4417470544677386,-0.018000000715255735,-0.0,-0.0,0.02,0.0,0.0,0.0,0.0,0.0,0.0,0.3423515856266022,31.829936175607145,32.4,1.0,0.0,-0.25,1.0,1.0,4.0,-0.25,1.0,-0.25,1.0,-0.25,43.0,0.0,0.0,0.0,-0.25,-0.25,0.0,0.0,0.0,0.0,0.0,0.0,0.0,0.0,0.0,0.0,0.0,0.0,35.4723014831543,195.60299682617188,35.388465881347656,195.29417419433594,-0.08383560180664062,-0.3088226318359375,0.31999972462654114,-1.835876341830054,-0.2619861364364624,-0.9650715589523315,0.0,-14.853507041931152,10.219110488891602,0.0,28.0,28.0,28.0,0.0,0.0,0.0,0.0,0.0,1.0,120.0,1.0,0.0,3.0,0.0,5.48,104.78799999691546,0.686399987898767,10.621099965646863,55.539999972097576,29.524699901230633,4.0,24.97669996228069,5.512699950486422,7.4081000639125705,0.000400003045797348
1,282,282,1.928357272632699,0,0,2.0,4.0,1.0,1.0,0.428191602230072,1.0,1.0,1.0,0.3650915026664734,0.6486815810203552,1.0,0.36478859186172485,0.32945263385772705,0.3319326639175415,0.32945263385772705,0.428191602230072,1.0,0.3650915026664734,0.32945263385772705,0.0,0.7179949283599854,1.0,1.0,0.8816092014312744,0.454713374376297,0.5726721286773682,-0.4545454680919647,0.31021711230278015,-0.20601077377796173,-0.9785497188568115,0.0,0.006958570331335068,-0.04614517465233803,0.0,0.0,0.0,194.20298767089844,8.236315727233887,10.704790115356445,25.0,8.236315727233887,9.127287864685059,0.006958570331335068,0.9930414296686649,0.32945262908935546,0.4281916046142578,0.0,0.0,0.0,0.0,0.0,1.8838362452972972,0.007007690778595338,0.7392988822215502,-0.721785545664744,0.02,-0.0,-0.045122349196840696,-0.007790206195456138,0.0,0.15,-0.0,0.0,0.0,-0.5344182014465332,0.0,0.0,0.0,0.0,0.35,0.0,0.0,0.0,0.0,0.0,0.0,0.0,0.0,0.2545230707153678,-0.0,7.9443314373493195,0.0,0.8907948156286323,-0.0,11.654205322265625,2.0,-0.05,0.5204325947516862,0.34901943802833557,0.2,0.0,-0.035963744790935094,-0.0,-1.547562489670796,0.5258880134062334,0.6573600167577918,-0.20346857661550694,4.357953095052297e-05,-0.10685575264155138,-0.0440271835852215,0.050800592659546964,0.0,0.0,0.44433844761742536,-0.018000000715255735,-0.0,-0.0,0.02,0.0,0.0,0.0,0.0,0.0,0.0,0.34901943802833557,32.275155581608416,32.4,1.0,0.0,0.0,1.0,2.0,4.0,0.0,1.0,-0.12999999523162842,1.0,-0.13,44.0,0.0,0.0,0.0,0.0,0.0,1.0,0.13,0.0,0.0,0.0,0.0,0.0,0.0,0.0,0.0,0.0,0.0,37.74980163574219,203.99000549316406,37.66596603393555,203.68118286132812,-0.08383560180664062,-0.3088226318359375,0.31999972462654114,-1.835876341830054,-0.26198938488960266,-0.9650707244873047,0.0,-14.853507041931152,10.219110488891602,0.0,28.0,28.0,28.0,0.0,0.0,0.0,0.0,0.0,1.0,120.0,1.0,0.0,3.0,0.0,5.52,116.31840001791716,0.7445999654009938,7.11480004247278,66.54859997797757,19.8639000300318,4.0,27.512399945408106,6.689200061373413,7.666999939829111,0.000500003807246685
1,283,283,0.9343722664792322,0,0,1.0,4.0,1.0,1.0,0.428191602230072,1.0,1.0,1.0,0.3650915026664734,0.6486815810203552,1.0,0.36478859186172485,0.32945263385772705,0.3319326639175415,0.32945263385772705,0.428191602230072,1.0,0.3650915026664734,0.32945263385772705,0.0,0.7464067935943604,1.0,1.0,0.8872897624969482,0.461073637008667,0.38647517561912537,-0.23636363446712494,0.31021711230278015,-0.23039181530475616,-0.9730979204177856,0.0,0.006958570331335068,-0.04614517465233803,0.0,0.0,0.0,217.60244750976562,8.400208473205566,11.187993049621582,25.0,8.400208473205566,9.154243469238281,0.004545075818896294,0.9954549241811037,0.3360083389282227,0.4475197219848633,0.0,0.0,0.0,0.0,0.0,1.9108394447539445,1.6671256576735818,0.7549779739519236,-3.4185708099002174,0.02,-0.0,-0.04273234454456206,-0.007706661517265011,1.1083023071289062,0.15,-0.0,0.0,0.0,-0.0,0.0,0.0,0.0,0.0,0.35,0.0,0.0,0.0,0.0,0.0,0.0,0.0,0.0,0.2529542992822826,-0.0,7.96363939344883,0.0,0.9153845205728408,-0.0,23.399459838867188,2.0,-0.05,0.5322500952621576,0.35620954632759094,0.2,0.0,-0.07090060712322592,-0.0,-3.150945765353313,0.39669752012599596,0.49587190015749494,-0.41322658346457913,1.859194277956423e-05,-0.4070485497622109,-0.10538907808031607,0.0,0.0,0.0,0.45926235660650255,-0.018000000715255735,-0.0,-0.14564823762758722,0.02,0.0,0.0,0.0,0.0,0.0,0.0,0.35620954632759094,33.08694999083877,32.4,1.0,0.0,-0.25,1.0,1.0,4.0,-0.25,1.0,-0.25,1.0,-0.25,45.0,0.0,0.0,0.0,-0.25,-0.25,0.0,0.0,0.0,0.0,0.0,0.0,0.0,0.0,0.0,0.0,0.0,0.0,40.81850051879883,215.29200744628906,40.73466491699219,214.98318481445312,-0.08383560180664062,-0.3088226318359375,0.31999972462654114,-1.835876341830054,-0.2619917094707489,-0.9650701880455017,0.0,-14.853507041931152,10.219110488891602,0.0,28.0,28.0,28.0,0.0,0.0,0.0,0.0,0.0,1.0,120.0,1.0,0.0,3.0,0.0,5.56,156.01899998728186,0.7156999781727791,9.619000018574297,84.28820001427084,30.2496999502182,4.0,38.80060010123998,14.352099969983101,8.198800031095743,0.000500003807246685
1,284,284,1.2204232695657606,0,0,1.0,4.0,1.0,1.0,0.4475197196006775,1.0,1.0,1.0,0.3661697506904602,0.6128473281860352,1.0,0.3801895081996918,0.33600834012031555,0.3370482623577118,0.33600834012031555,0.4475197196006775,1.0,0.3661697506904602,0.33600834012031555,0.0,0.8009147644042969,1.0,1.0,0.8971746563911438,0.47267070412635803,0.7046826481819153,-0.4545454680919647,0.30128195881843567,-0.25327980518341064,-0.9673930406570435,0.0,0.004545075818896294,-0.03266032785177231,0.0,0.0,0.0,233.04730224609375,8.59167766571045,11.727288246154785,25.0,8.59167766571045,9.220125198364258,0.0028540969360619783,0.997145903063938,0.343667106628418,0.4690915298461914,0.0,0.0,0.0,0.0,0.0,1.9166927796713922,1.8089757998012428,0.7534059559560077,-3.278651265862882,0.02,-0.0,-0.04010064886417816,-0.0075062228909594155,1.2581184387207032,0.15,-0.0,0.0,0.0,-0.0,0.0,0.0,0.0,0.0,0.35,0.0,0.0,0.0,0.0,0.0,0.0,0.0,0.0,0.2518551630084403,-0.0,7.977167224511504,0.0,0.9195468766074542,-0.0,15.444854736328125,2.0,-0.05,0.5279725110537068,0.3528376519680023,0.2,0.0,-0.06920569645703904,-0.0,-3.169486527607668,0.41145515401255,0.5143189425156874,-0.4285991187630729,7.331282388394535e-06,-0.409340354231496,-0.12780099661423205,0.0,0.0,0.0,0.4484642328356772,-0.0,-0.0,-0.0,0.02,0.0,0.0,0.0,0.0,0.0,0.0,0.3528376519680023,32.295991679951555,32.4,0.0,0.6,-0.25,1.0,1.0,4.0,-0.25,1.0,-0.25,1.0,-0.25,46.0,0.0,0.0,0.0,-0.25,-0.25,0.0,0.0,0.0,0.0,0.0,0.0,0.0,0.0,0.0,0.0,0.0,0.0,47.01380157470703,238.11900329589844,46.92996597290039,237.8101806640625,-0.08383560180664062,-0.3088226318359375,0.31999972462654114,-1.835876341830054,-0.2619852125644684,-0.9650719165802002,0.0,-14.853507041931152,10.219110488891602,0.0,28.0,28.0,28.0,0.0,0.0,0.0,0.0,0.0,1.0,120.0,1.0,0.0,3.0,0.0,5.6,121.7955999309197,0.6960999453440309,7.747100084088743,78.84890004061162,31.684799934737384,4.0,22.166599985212088,5.016000010073185,7.27760000154376,0.000400003045797348
1,285,285,2.243565931609866,0,0,2.0,4.0,1.0,1.0,0.469091534614563,1.0,1.0,1.0,0.36880502104759216,0.584773600101471,1.0,0.39804571866989136,0.3436671197414398,0.34390953183174133,0.3436671197414398,0.469091534614563,1.0,0.36880502104759216,0.3436671197414398,0.0,0.8375423550605774,1.0,1.0,0.9022254347801208,0.4613713026046753,-0.6865957379341125,-0.4545454680919647,0.309303343296051,-0.27669018507003784,-0.9609591960906982,0.0,0.0028540969360619783,-0.019862256944179535,0.0,0.0,0.0,237.31607055664062,8.59167766571045,11.727288246154785,25.0,8.59167766571045,9.220125198364258,0.0028540969360619783,0.997145903063938,0.343667106628418,0.4690915298461914,0.0,0.0,0.0,0.0,0.0,1.9356041330570855,0.334633738030401,0.7532760952178227,-0.799948034695443,0.02,-0.0,-0.04010064886417816,-0.0075062228909594155,0.0,0.15,-0.0,0.0,0.0,-0.21919464468955993,0.0,0.0,0.0,0.0,0.35,0.0,0.0,0.0,0.0,0.0,0.0,0.0,0.0,0.2518551630084403,-0.0,7.977167224511504,0.0,0.9384582299931474,-0.0,4.268768310546875,2.0,-0.05,0.5278426503155218,0.35275086760520935,0.2,0.0,-0.036323007433591153,-0.0,-1.7073001422508196,0.57603721561757,0.7200465195219625,-0.2228715417567979,7.331282388394535e-06,-0.10972088710204236,-0.06645651823940066,0.07668059225538948,0.0,0.0,0.45143525447509847,-0.018000000715255735,-0.0,-0.012047595874845964,0.02,0.0,0.0,0.0,0.0,0.0,0.0,0.35275086760520935,32.59757077373565,32.4,1.0,0.0,0.0,1.0,2.0,4.0,0.0,1.0,-0.12999999523162842,1.0,-0.13,47.0,0.0,0.0,0.0,0.0,0.0,1.0,0.13,0.0,0.0,0.0,0.0,0.0,0.0,0.0,0.0,0.0,0.0,51.06869888305664,253.05999755859375,51.06679153442383,239.0,-0.0019073486328125,-14.05999755859375,14.05999755859375,-1.570931984608163,-0.26198115944862366,-0.9650729298591614,0.0,-14.853507041931152,10.219110488891602,0.0,28.0,28.0,28.0,0.0,0.0,0.0,0.0,0.0,1.0,119.0,1.0,0.0,3.0,0.0,5.64,117.6776000065729,0.7002000929787755,6.941500003449619,65.93770009931177,17.30980002321303,4.0,27.0926000084728,6.922299973666668,10.038599953986704,0.000500003807246685
1,286,286,1.3673702859755288,0,0,1.0,4.0,1.0,1.0,0.469091534614563,1.0,1.0,1.0,0.36880502104759216,0.584773600101471,1.0,0.39804571866989136,0.3436671197414398,0.34390953183174133,0.3436671197414398,0.469091534614563,1.0,0.36880502104759216,0.3436671197414398,0.0,0.8403597474098206,1.0,1.0,0.9052253365516663,0.4656795859336853,0.26178741455078125,-0.23636363446712494,0.309303343296051,-0.30099183320999146,-0.9536266922950745,0.0,0.0028540969360619783,-0.019862256944179535,0.0,0.0,0.0,220.9371795654297,8.809771537780762,12.346158027648926,25.0,8.809771537780762,9.309816360473633,0.0016754334792494774,0.9983245665207505,0.35239086151123045,0.49384632110595705,0.0,0.0,0.0,0.0,0.0,1.9918138935341632,1.988907902340448,0.751947234765023,-3.3852987446641056,0.02,-0.0,-0.03730065561056493,-0.007241699601721363,1.4480911254882811,0.15,-0.0,0.0,0.0,-0.0,0.0,0.0,0.0,0.0,0.35,0.0,0.0,0.0,0.0,0.0,0.0,0.0,0.0,0.25108903176151215,-0.0,-16.0,0.0,0.9934893270134125,-0.0,-16.378890991210938,-2.0,-0.05,0.5246279283318221,0.3502507507801056,0.2,0.0,-0.0671745474057006,-0.0,-3.2460432968968145,0.42174167145382274,0.5271770893172784,-0.439314241097732,2.526369609051008e-06,-0.4109416164407207,-0.1527463292485923,0.0,0.0,0.0,0.43535913206445304,-0.018000000715255735,-0.0,-0.0,0.02,0.0,0.0,0.0,0.0,0.0,0.0,0.3502507507801056,31.348122122660282,32.4,0.0,0.6,-0.25,1.0,1.0,4.0,-0.25,1.0,-0.25,1.0,-0.25,48.0,0.0,0.0,0.0,-0.25,-0.25,0.0,0.0,0.0,0.0,0.0,0.0,0.0,0.0,0.0,0.0,0.0,0.0,51.06890106201172,257.5220031738281,51.06747817993164,239.0,-0.001422882080078125,-18.522003173828125,18.522003173828125,-1.5708731479704987,-0.25757133960723877,-0.966259241104126,0.0,-14.853507041931152,10.219110488891602,0.0,28.0,28.0,28.0,0.0,0.0,0.0,0.0,0.0,1.0,118.0,1.0,0.0,3.0,0.0,5.68,54.25599997397512,0.7017999887466431,7.131799939088523,38.79290004260838,15.236399951390922,4.0,4.294699989259243,2.5833999970927835,0.7163999835029244,0.000400003045797348
1,287,287,2.0527864166597216,0,0,2.0,3.0,1.0,1.0,0.4938463270664215,1.0,1.0,1.0,0.3723926544189453,0.5611698031425476,1.0,0.41906920075416565,0.3526478111743927,0.352390855550766,0.352390855550766,0.4938463270664215,1.0,0.3723926544189453,0.352390855550766,0.0,0.8431257605552673,1.0,1.0,0.8889851570129395,0.44783031940460205,-1.0,-0.4545454680919647,0.28396156430244446,-0.32307663559913635,-0.9463728070259094,0.0,0.0016754334792494774,-0.010815574787557125,0.0,0.0,0.0,226.25205993652344,8.809771537780762,12.346158027648926,25.0,8.809771537780762,9.309816360473633,0.0016754334792494774,0.9983245665207505,0.35239086151123045,0.49384632110595705,0.0,0.0,0.0,0.0,0.0,2.0083142123205935,0.4441644778973934,0.7272321702615809,-1.1469244438198463,0.02,-0.0,-0.03730065561056493,-0.007241699601721363,0.0,0.15,-0.0,0.0,0.0,-0.105512097868872,0.0,0.0,0.0,0.0,0.35,0.0,0.0,0.0,0.0,0.0,0.0,0.0,0.0,0.25108903176151215,-0.0,7.986596532166004,0.0,1.0099896457998432,-0.0,5.31488037109375,2.0,-0.05,0.5231086566800583,0.34923645853996277,0.2,0.0,-0.035687773819154923,-0.0,-1.767636181370562,0.4133068309861728,0.516633538732716,-0.15991038103631686,1.768458696219033e-06,-0.07738546103435355,-0.079428091209268,0.09164779072086236,0.0,0.0,0.4442189309785517,-0.04846648424863815,-0.0,-0.0,0.02,0.0,0.0,0.0,0.0,0.0,0.0,0.34923645853996277,32.02748932488262,32.4,0.7326086850269979,0.0,0.0,0.699999988079071,2.0,3.0,0.0,0.699999988079071,-0.12999999523162842,0.699999988079071,-0.13,49.0,0.0,0.0,0.0,0.0,0.0,1.0,0.13,0.0,0.0,0.0,0.0,0.0,0.0,0.0,0.0,0.0,0.0,51.06772232055664,238.99908447265625,50.979122161865234,238.69158935546875,-0.08860015869140625,-0.3074951171875,0.32000505924224854,-1.8513327287752637,-0.27687761187553406,-0.9609051942825317,0.0,-14.853507041931152,10.219110488891602,0.0,28.0,28.0,28.0,0.0,0.0,0.0,0.0,0.0,1.0,120.0,1.0,0.0,3.0,0.0,5.72,43.73259993735701,0.5831000162288547,8.786599966697395,14.37300001271069,9.767199982888997,4.0,12.350399978458881,6.81679998524487,0.7855999283492565,0.000500003807246685
1,288,288,6.440775997552386,0,0,2.0,4.0,1.0,1.0,0.4938463270664215,1.0,1.0,1.0,0.3723926544189453,0.5611698031425476,1.0,0.41906920075416565,0.3526478111743927,0.352390855550766,0.352390855550766,0.4938463270664215,1.0,0.3723926544189453,0.352390855550766,0.0,0.8577667474746704,1.0,1.0,0.8905200958251953,0.4575355648994446,0.5897284746170044,-0.23636363446712494,0.28396156430244446,-0.3451355993747711,-0.9385528564453125,0.0,0.0016754334792494774,-0.010815574787557125,0.0,0.0,0.0,222.11083984375,9.04885196685791,13.00929069519043,25.0,9.04885196685791,9.420741081237793,0.0009362283162772655,0.9990637716837227,0.3619540786743164,0.5203716278076171,0.0,0.0,0.0,0.0,0.0,2.062033096907893,1.973143703922361,0.7619899428620261,1.6236092538601066,0.02,-0.0,-0.03445628974505191,-0.006927410250704548,1.5618995666503905,0.15,-0.0,0.0,0.0,-0.143804669380188,0.0,0.0,0.0,0.0,0.35,0.0,0.0,0.0,0.0,0.0,0.0,0.0,0.0,0.2506085484055802,-0.0,-16.0,0.0,1.0629693252241699,-0.0,-4.1412200927734375,-2.0,-0.05,0.5334879081680698,0.35594186186790466,0.2,0.0,-0.0027743807251868523,-0.0,-0.14097685633342374,0.7707472497224809,0.963434062153101,-0.017841371521353733,7.888711141794272e-07,-0.0006110761146164446,-0.007149809308108222,0.10724713136473753,0.0,0.0,0.4464325066479149,-0.04846648424863815,-0.0,-0.0,0.02,0.0,0.0,0.0,0.0,0.0,0.0,0.35594186186790466,32.36777512717992,32.4,1.0,0.0,0.0,1.0,2.0,4.0,0.0,1.0,-0.009999999776482582,1.0,-0.010000000000000009,50.0,0.0,0.0,0.0,0.0,0.0,1.0,0.010000000000000009,0.0,0.0,0.0,0.0,0.0,0.0,0.0,0.0,0.0,0.0,52.49510955810547,243.95553588867188,52.48938751220703,239.0,-0.0057220458984375,-4.955535888671875,4.955539226531982,-1.571951003817035,-0.2768746614456177,-0.9609060287475586,0.0,-14.853507041931152,10.219110488891602,0.0,28.0,28.0,28.0,0.0,0.0,0.0,0.0,0.0,1.0,120.0,1.0,0.0,3.0,0.0,5.76,52.9437999939546,0.4806999349966645,10.302299982868135,35.80579999834299,25.961600011214614,4.0,3.8285000482574105,1.8010000931099057,0.7020999910309911,0.000400003045797348
1,289,289,5.037171200383273,0,0,2.0,4.0,1.0,1.0,0.5203716158866882,1.0,1.0,1.0,0.3768296539783478,0.543718695640564,1.0,0.4422655999660492,0.36305660009384155,0.36195409297943115,0.36195409297943115,0.5203716158866882,1.0,0.3768296539783478,0.36195409297943115,0.0,0.8605015873908997,1.0,1.0,0.8853611350059509,0.4623968005180359,0.2953869700431824,-0.0181818176060915,0.27802833914756775,-0.365201473236084,-0.9309285283088684,0.0,0.0009362283162772655,-0.00294853956438601,0.0,0.0,0.0,227.40145874023438,9.04885196685791,13.00929069519043,25.0,9.04885196685791,9.420741081237793,0.0009362283162772655,0.9990637716837227,0.3619540786743164,0.5203716278076171,0.0,0.0,0.0,0.0,0.0,2.1055093485889618,0.41006224343679243,0.774290368251806,1.7273092401057137,0.02,-0.0,-0.03445628974505191,-0.006927410250704548,0.0,0.15,-0.0,0.0,0.0,-0.1497965306043625,0.0,0.0,0.0,0.0,0.35,0.0,0.0,0.0,0.0,0.0,0.0,0.0,0.0,0.2506085484055802,-0.0,7.992510173469782,0.0,1.1064455769052388,-0.0,5.290618896484375,2.0,-0.05,0.5457883335578496,0.36414867639541626,0.2,0.0,-0.0,-0.0,-0.0,0.7850203469395638,0.9812754336744547,-0.0,0.0,-0.0,-0.0,0.008937261352137172,0.0,0.0,0.45124247403691137,-0.0014999999664723873,-0.0,-0.04642380189396965,0.02,0.0,0.0,0.0,0.0,0.0,0.0,0.36414867639541626,32.78783130113035,32.4,1.0,0.0,0.0,1.0,2.0,4.0,0.0,1.0,0.0,1.0,0.0,0.0,0.0,0.0,0.0,0.0,0.0,0.0,0.0,0.0,0.0,0.0,0.0,0.0,0.0,0.0,0.0,0.0,0.0,52.49022674560547,238.99630737304688,52.399864196777344,238.6893310546875,-0.090362548828125,-0.306976318359375,0.3199997544288635,-1.8570738064411123,-0.28238368034362793,-0.9593015313148499,0.0,-14.853507041931152,10.219110488891602,0.0,28.0,28.0,28.0,0.0,0.0,0.0,0.0,0.0,1.0,120.0,1.0,0.0,3.0,0.0,5.8,37.10570000112057,0.6308999145403504,8.866899996064603,22.054600063711405,10.108900023624301,4.0,3.104100003838539,1.7605000175535679,0.6593000143766403,0.000700005330145359
1,290,290,9.54594579829709,0,0,2.0,4.0,1.0,1.0,0.5203716158866882,1.0,1.0,1.0,0.3768296539783478,0.543718695640564,1.0,0.4422655999660492,0.36305660009384155,0.36195409297943115,0.36195409297943115,0.5203716158866882,1.0,0.3768296539783478,0.36195409297943115,0.0,0.8753499388694763,1.0,1.0,0.8869199752807617,0.4683975875377655,0.36463209986686707,0.0,0.27802833914756775,-0.37938469648361206,-0.9252390265464783,0.0,0.0009362283162772655,-0.00294853956438601,0.0,0.0,0.0,223.3470916748047,9.305395126342773,25.0,25.0,9.305395126342773,9.591351509094238,0.0,1.0,0.37221580505371094,1.0,0.0,0.0,0.0,0.0,0.0,2.1241408586502075,4.82899356081025,0.7728113788366318,1.8,0.02,-0.0,-0.03164604050639089,-0.0064704254974025915,4.273478698730469,0.15,-0.0,0.0,0.0,-0.0,0.0,0.0,0.0,0.0,0.35,0.0,0.0,0.0,0.0,0.0,0.0,0.0,0.0,0.25,-0.0,-16.0,0.0,1.1241408586502075,-0.0,-4.0543670654296875,-2.0,-0.05,0.5428113788366318,0.3618742525577545,0.2,0.0,-0.0,-0.0,-0.0,0.8,1.0,-0.0,0.0,-0.0,-0.0,0.0,0.0,0.0,0.4436313280835748,-0.0,-0.0,-0.0,0.02,0.0,0.0,0.0,0.0,0.0,0.0,0.3618742525577545,31.941455622017383,32.4,0.0,0.6,0.0,1.0,2.0,4.0,0.0,1.0,0.0,1.0,0.0,0.0,0.0,0.0,0.0,0.0,0.0,0.0,0.0,0.0,0.0,0.0,0.0,0.0,0.0,0.0,0.0,0.0,0.0,53.93435287475586,243.89859008789062,53.92845153808594,239.0,-0.005901336669921875,-4.898590087890625,4.898593425750732,-1.572001027211165,-0.28238770365715027,-0.9593003392219543,0.0,-14.853507041931152,10.219110488891602,0.0,28.0,28.0,28.0,0.0,0.0,0.0,0.0,0.0,1.0,120.0,1.0,0.0,3.0,0.0,5.84,53.60710003878921,0.6222000811249018,10.946499998681247,34.35360000003129,23.66569999139756,4.0,4.611099953763187,2.3675999836996198,0.6758000236004591,0.000400003045797348
1,291,291,5.574439887987663,0,0,2.0,4.0,1.0,1.0,1.0,1.0,1.0,1.0,0.38365405797958374,0.5378544330596924,1.0,0.4642404317855835,0.37435635924339294,0.37221580743789673,0.37221580743789673,1.0,1.0,0.38365405797958374,0.37221580743789673,0.0,0.8780890107154846,1.0,1.0,0.8817163109779358,0.456306517124176,-0.7347010970115662,0.0,0.14871244132518768,-0.38887423276901245,-0.9212908744812012,0.0,0.0,0.0,0.0,0.0,0.0,223.3172607421875,9.559562683105469,25.0,25.0,9.559562683105469,9.801875114440918,0.0,1.0,0.38238250732421875,1.0,0.0,0.0,0.0,0.0,0.0,2.136143922805786,0.8550578460722739,0.773652206659317,1.7895859124502862,0.02,-0.0,-0.029089011817976785,-0.005947865578395843,0.28754348754882814,0.15,-0.0,0.0,0.0,-0.0,0.0,0.0,0.0,0.0,0.35,0.0,0.0,0.0,0.0,0.0,0.0,0.0,0.0,0.25,-0.0,-0.2386474609375,0.0,1.1361439228057861,-0.0,-0.0298309326171875,-0.0298309326171875,-0.05,0.543652206659317,0.3624348044395447,0.2,0.0,-0.0,-0.0,-0.0,0.8,1.0,-0.0,0.0,-0.0,-0.0,0.0,0.0,0.0,0.45255123591981833,-0.0,-0.0,-0.010414087549713947,0.02,0.0,0.0,0.0,0.0,0.0,0.0,0.3624348044395447,32.58368898622692,32.4,1.0,0.0,0.0,1.0,2.0,4.0,0.0,1.0,0.0,1.0,0.0,0.0,0.0,0.0,0.0,0.0,0.0,0.0,0.0,0.0,0.0,0.0,0.0,0.0,0.0,0.0,0.0,0.0,0.0,53.929447174072266,239.00022888183594,53.83731460571289,238.69378662109375,-0.092132568359375,-0.3064422607421875,0.3199926018714905,-1.8628514453166536,-0.2879185676574707,-0.9576549530029297,0.0,-14.853507041931152,10.219110488891602,0.0,28.0,28.0,28.0,0.0,0.0,0.0,0.0,0.0,1.0,120.0,1.0,0.0,3.0,0.0,5.88,46.541100018657744,0.5675000138580799,9.716000058688223,28.263899963349104,15.394799993373454,4.0,4.701000056229532,2.688199980184436,0.5636999849230051,0.000300002284348011
1,292,292,4.670171671306858,0,0,2.0,3.0,1.0,1.0,1.0,1.0,1.0,1.0,0.3920750021934509,0.5424115657806396,1.0,0.48193007707595825,0.38520917296409607,0.38238251209259033,0.38238251209259033,1.0,1.0,0.3920750021934509,0.38238251209259033,0.0,0.880090057849884,1.0,1.0,0.8811063170433044,0.4654812812805176,0.5574942231178284,0.0,0.0672844797372818,-0.3948114216327667,-0.91876220703125,0.0,0.0,0.0,0.0,0.0,0.0,223.28627014160156,9.559562683105469,25.0,25.0,9.559562683105469,9.801875114440918,0.0,1.0,0.38238250732421875,1.0,0.0,0.0,0.0,0.0,0.0,2.1305036544799805,0.5594218991158106,0.7452461409568787,1.2149999767541886,0.02,-0.0,-0.029089011817976785,-0.005947865578395843,0.0,0.15,-0.0,0.0,0.0,-0.0,0.0,0.0,0.0,0.0,0.35,0.0,0.0,0.0,0.0,0.0,0.0,0.0,0.0,0.25,-0.0,-0.2479248046875,0.0,1.1305036544799805,-0.0,-0.0309906005859375,-0.0309906005859375,-0.05,0.539246141910553,0.35949742794036865,0.2,0.0,-0.0,-0.0,-0.0,0.5599999904632569,0.699999988079071,-0.0,0.0,-0.0,-0.0,0.0,0.0,0.0,0.4444587765121833,-0.04500000178813934,-0.0,-0.0,0.02,0.0,0.0,0.0,0.0,0.0,0.0,0.35949742794036865,32.001031908877195,32.4,0.0,0.6,0.0,0.699999988079071,2.0,3.0,0.0,0.699999988079071,0.0,0.699999988079071,0.0,0.0,0.0,0.0,0.0,0.0,0.0,0.0,0.0,0.0,0.0,0.0,0.0,0.0,0.0,0.0,0.0,0.0,0.0,53.836883544921875,238.69390869140625,53.7447509765625,238.38746643066406,-0.092132568359375,-0.3064422607421875,0.3199926018714905,-1.8628514453166536,-0.28791677951812744,-0.9576554298400879,0.0,-14.853507041931152,10.219110488891602,0.0,28.0,28.0,28.0,0.0,0.0,0.0,0.0,0.0,1.0,120.0,1.0,0.0,3.0,0.0,5.92,45.91169999912381,0.37990009877830744,7.712599937804043,29.89430003799498,13.29450006596744,4.0,4.4493000023067,2.7766000712290406,0.6589998956769705,0.000600004568696022
1,293,293,5.509050036084914,0,0,2.0,4.0,1.0,1.0,1.0,1.0,1.0,1.0,0.3920750021934509,0.5424115657806396,1.0,0.48193007707595825,0.38520917296409607,0.38238251209259033,0.38238251209259033,1.0,1.0,0.3920750021934509,0.38238251209259033,0.0,0.8820660710334778,1.0,1.0,0.8805001974105835,0.45715761184692383,-0.5057787299156189,0.0,0.0672844797372818,-0.39903706312179565,-0.9169347882270813,0.0,0.0,0.0,0.0,0.0,0.0,246.89035034179688,9.803592681884766,25.0,25.0,9.803592681884766,10.025691986083984,0.0,1.0,0.3921437072753906,1.0,0.0,0.0,0.0,0.0,0.0,2.1179723739624023,0.8547944388172134,0.7698346185684204,1.7464486047368781,0.02,-0.0,-0.026829639470576747,-0.0054385130125559275,0.2847507476806641,0.15,-0.0,0.0,0.0,-0.0,0.0,0.0,0.0,0.0,0.35,0.0,0.0,0.0,0.0,0.0,0.0,0.0,0.0,0.25,-0.0,8.0,0.0,1.1179723739624023,-0.0,23.604080200195312,2.0,-0.05,0.5398346185684204,0.3598897457122803,0.2,0.0,-0.0,-0.0,-0.0,0.8,1.0,-0.0,0.0,-0.0,-0.0,0.0,0.0,0.0,0.45231184361968196,-0.04500000178813934,-0.0,-0.00855139347498248,0.02,0.0,0.0,0.0,0.0,0.0,0.0,0.3598897457122803,32.5664527406171,32.4,1.0,0.0,0.0,1.0,2.0,4.0,0.0,1.0,0.0,1.0,0.0,0.0,0.0,0.0,0.0,0.0,0.0,0.0,0.0,0.0,0.0,0.0,0.0,0.0,0.0,0.0,0.0,0.0,0.0,53.74441146850586,238.3877410888672,53.652278900146484,238.081298828125,-0.092132568359375,-0.3064422607421875,0.3199926018714905,-1.8628514453166536,-0.2879151403903961,-0.9576559066772461,0.0,-14.853507041931152,10.219110488891602,0.0,28.0,28.0,28.0,0.0,0.0,0.0,0.0,0.0,1.0,120.0,1.0,0.0,3.0,0.0,5.96,106.24450002796948,0.6535000866279006,9.572200011461973,66.11740007065237,31.286700046621263,4.0,25.974999996833503,3.158099949359894,0.7325999904423952,0.000400003045797348
1,294,294,5.290941598732631,0,0,2.0,4.0,1.0,1.0,1.0,1.0,1.0,1.0,0.4010276794433594,0.5513007640838623,1.0,0.49681174755096436,0.3953963816165924,0.39214369654655457,0.39214369654655457,1.0,1.0,0.4010276794433594,0.39214369654655457,0.0,0.9418153166770935,1.0,1.0,0.8890730738639832,0.46523502469062805,0.4908166825771332,0.0,0.029105372726917267,-0.4013848900794983,-0.915909469127655,0.0,0.0,0.0,0.0,0.0,0.0,227.7154541015625,9.803592681884766,25.0,25.0,9.803592681884766,10.025691986083984,0.0,1.0,0.3921437072753906,1.0,0.0,0.0,0.0,0.0,0.0,2.1476441621780396,0.5578114834620161,0.765485953092575,1.8,0.02,-0.0,-0.026829639470576747,-0.0054385130125559275,0.0,0.15,-0.0,0.0,0.0,-0.0,0.0,0.0,0.0,0.0,0.35,0.0,0.0,0.0,0.0,0.0,0.0,0.0,0.0,0.25,-0.0,-16.0,0.0,1.1476441621780396,-0.0,-19.174896240234375,-2.0,-0.05,0.5354859530925751,0.35699063539505005,0.2,0.0,-0.0,-0.0,-0.0,0.8,1.0,-0.0,0.0,-0.0,-0.0,0.0,0.0,0.0,0.4400796359451488,-0.0,-0.0,-0.0,0.02,0.0,0.0,0.0,0.0,0.0,0.0,0.35699063539505005,31.68573378805071,32.4,0.0,0.6,0.0,1.0,2.0,4.0,0.0,1.0,0.0,1.0,0.0,0.0,0.0,0.0,0.0,0.0,0.0,0.0,0.0,0.0,0.0,0.0,0.0,0.0,0.0,0.0,0.0,0.0,0.0,60.584800720214844,261.14300537109375,60.58346939086914,239.0,-0.001331329345703125,-22.14300537109375,22.14300537109375,-1.5708564509429732,-0.2879120409488678,-0.9576568603515625,0.0,-14.853507041931152,10.219110488891602,0.0,28.0,28.0,28.0,0.0,0.0,0.0,0.0,0.0,1.0,119.0,1.0,0.0,3.0,0.0,6.0,23.20309996139258,0.6256999913603067,6.7532999673858285,7.890400011092424,4.473599954508245,4.0,4.409200046211481,2.861199900507927,0.6389000918716192,0.000500003807246685
1,295,295,5.577730754119555,0,0,2.0,4.0,1.0,1.0,1.0,1.0,1.0,1.0,0.4010276794433594,0.5513007640838623,1.0,0.49681174755096436,0.3953963816165924,0.39214369654655457,0.39214369654655457,1.0,1.0,0.4010276794433594,0.39214369654655457,0.0,0.9445303082466125,1.0,1.0,0.867324948310852,0.45265334844589233,-0.7645129561424255,0.0,0.029105372726917267,-0.40328696370124817,-0.915073573589325,0.0,0.0,0.0,0.0,0.0,0.0,241.6807098388672,10.038422584533691,25.0,25.0,10.038422584533691,10.251174926757812,0.0,1.0,0.4015369033813477,1.0,0.0,0.0,0.0,0.0,0.0,2.1449358463287354,0.8462858707729977,0.7665090370178222,1.8,0.02,-0.0,-0.024822266384782656,-0.0049694665679361405,0.2780570983886719,0.15,-0.0,0.0,0.0,-0.0,0.0,0.0,0.0,0.0,0.35,0.0,0.0,0.0,0.0,0.0,0.0,0.0,0.0,0.25,-0.0,8.0,0.0,1.1449358463287354,-0.0,13.965255737304688,2.0,-0.05,0.5365090370178223,0.35767269134521484,0.2,0.0,-0.0,-0.0,-0.0,0.8,1.0,-0.0,0.0,-0.0,-0.0,0.0,0.0,0.0,0.4480205053370446,-0.0,-0.0,-0.0,0.02,0.0,0.0,0.0,0.0,0.0,0.0,0.35767269134521484,32.25747638426721,32.4,1.0,0.0,0.0,1.0,2.0,4.0,0.0,1.0,0.0,1.0,0.0,0.0,0.0,0.0,0.0,0.0,0.0,0.0,0.0,0.0,0.0,0.0,0.0,0.0,0.0,0.0,0.0,0.0,0.0,60.58354568481445,238.99961853027344,60.473812103271484,238.6990203857422,-0.10973358154296875,-0.30059814453125,0.32000109553337097,-1.9208159870749575,-0.31315088272094727,-0.9497033357620239,0.0,-14.853507041931152,10.219110488891602,0.0,28.0,28.0,28.0,0.0,1.0,30.0,1.0,0.0,1.0,118.0,1.0,0.0,3.0,0.0,6.04,88.69260002393275,0.5636999849230051,9.547099936753511,45.48800003249198,17.30189996305853,4.0,26.104900054633617,6.035599973984063,0.9075000416487455,0.000400003045797348
1,296,296,5.246876268302261,0,0,2.0,4.0,1.0,1.0,1.0,1.0,1.0,1.0,0.4100469946861267,0.5620498657226562,1.0,1.0,0.4050396978855133,0.4015369117259979,0.4015369117259979,1.0,1.0,0.4100469946861267,0.4015369117259979,0.0,0.9868984222412109,1.0,1.0,0.8717125058174133,0.46082109212875366,0.49630433320999146,0.0,0.012894514948129654,-0.40419062972068787,-0.9146747589111328,0.0,0.0,0.0,0.0,0.0,0.0,248.79086303710938,10.038422584533691,25.0,25.0,10.038422584533691,10.251174926757812,0.0,1.0,0.4015369033813477,1.0,0.0,0.0,0.0,0.0,0.0,2.156419515609741,0.5774662125569087,0.7772749769687652,1.7157155631668457,0.02,-0.0,-0.024822266384782656,-0.0049694665679361405,0.0,0.15,-0.0,0.0,0.0,-0.0,0.0,0.0,0.0,0.0,0.35,0.0,0.0,0.0,0.0,0.0,0.0,0.0,0.0,0.25,-0.0,8.0,0.0,1.1564195156097412,-0.0,7.1101531982421875,2.0,-0.05,0.5472749769687653,0.3648499846458435,0.2,0.0,-0.0,-0.0,-0.0,0.8,1.0,-0.0,0.0,-0.0,-0.0,0.0,0.0,0.0,0.4572579455096275,-0.0,-0.0,-0.08428443683315429,0.02,0.0,0.0,0.0,0.0,0.0,0.0,0.3648499846458435,32.92257207669318,32.4,1.0,0.0,0.0,1.0,2.0,4.0,0.0,1.0,0.0,1.0,0.0,0.0,0.0,0.0,0.0,0.0,0.0,0.0,0.0,0.0,0.0,0.0,0.0,0.0,0.0,0.0,0.0,0.0,0.0,65.34049987792969,252.0279998779297,65.33621978759766,239.0,-0.00428009033203125,-13.027999877929688,13.027999877929688,-1.571124856903973,-0.31478267908096313,-0.9491637945175171,0.0,-14.853507041931152,10.219110488891602,0.0,28.0,28.0,28.0,0.0,1.0,30.0,0.0,0.0,1.0,117.0,1.0,0.0,3.0,0.0,6.08,63.619099906645715,0.6749000167474151,9.557899902574718,26.25720005016774,11.377700022421777,4.0,20.92350006569177,5.264599923975766,0.8996000979095697,0.0003998866304755211
1,297,297,5.631844851335992,0,0,2.0,4.0,1.0,1.0,1.0,1.0,1.0,1.0,0.4100469946861267,0.5620498657226562,1.0,1.0,0.4050396978855133,0.4015369117259979,0.4015369117259979,1.0,1.0,0.4100469946861267,0.4015369117259979,0.0,0.9896681904792786,1.0,1.0,0.8787135481834412,0.47032245993614197,0.5773400068283081,0.0,0.012894514948129654,-0.40480220317840576,-0.9144042730331421,0.0,0.0,0.0,0.0,0.0,0.0,231.0051727294922,10.276744842529297,25.0,25.0,10.276744842529297,10.485401153564453,0.0,1.0,0.41106979370117186,1.0,0.0,0.0,0.0,0.0,0.0,2.185568928718567,0.8532418310255901,0.773034091591835,1.8,0.02,-0.0,-0.022939507392553266,-0.0045250200732998725,0.28434829711914067,0.15,-0.0,0.0,0.0,-0.0,0.0,0.0,0.0,0.0,0.35,0.0,0.0,0.0,0.0,0.0,0.0,0.0,0.0,0.25,-0.0,-16.0,0.0,1.185568928718567,-0.0,-17.785690307617188,-2.0,-0.05,0.543034091591835,0.36202272772789,0.2,0.0,-0.0,-0.0,-0.0,0.8,1.0,-0.0,0.0,-0.0,-0.0,0.0,0.0,0.0,0.4463580613723026,-0.0,-0.0,-0.0,0.02,0.0,0.0,0.0,0.0,0.0,0.0,0.36202272772789,32.13778041880578,32.4,0.0,0.6,0.0,1.0,2.0,4.0,0.0,1.0,0.0,1.0,0.0,0.0,0.0,0.0,0.0,0.0,0.0,0.0,0.0,0.0,0.0,0.0,0.0,0.0,0.0,0.0,0.0,0.0,0.0,65.33930206298828,259.82000732421875,65.33779907226562,239.0,-0.00150299072265625,-20.82000732421875,20.82000732421875,-1.5708685165251888,-0.30588454008102417,-0.952068567276001,0.0,-14.853507041931152,10.219110488891602,0.0,28.0,28.0,28.0,0.0,0.0,30.0,0.0,0.0,1.0,116.0,1.0,0.0,3.0,0.0,6.12,56.85060005635023,0.6916000274941325,8.68219998665154,38.860199972987175,18.368499935604632,4.0,4.600599990226328,3.155799931846559,0.8296000305563211,0.000500003807246685
1,298,298,5.617642595008409,0,0,2.0,4.0,1.0,1.0,1.0,1.0,1.0,1.0,0.41941604018211365,0.5742525458335876,1.0,1.0,0.4147266745567322,0.41106978058815,0.41106978058815,1.0,1.0,0.41941604018211365,0.41106978058815,0.0,0.992414116859436,1.0,1.0,0.85687255859375,0.45911115407943726,-0.6812427639961243,0.0,0.009386416524648666,-0.40546613931655884,-0.9141100645065308,0.0,0.0,0.0,0.0,0.0,0.0,230.9876708984375,10.51602554321289,25.0,25.0,10.51602554321289,10.722920417785645,0.0,1.0,0.42064102172851564,1.0,0.0,0.0,0.0,0.0,0.0,2.1900742053985596,0.865596382802516,0.7739818948507309,1.7679901119566033,0.02,-0.0,-0.021193811208173045,-0.004114899074331812,0.28643226623535156,0.15,-0.0,0.0,0.0,-0.0,0.0,0.0,0.0,0.0,0.35,0.0,0.0,0.0,0.0,0.0,0.0,0.0,0.0,0.25,-0.0,-0.1400146484375,0.0,1.1900742053985596,-0.0,-0.0175018310546875,-0.0175018310546875,-0.05,0.5439818948507309,0.36265459656715393,0.2,0.0,-0.0,-0.0,-0.0,0.8,1.0,-0.0,0.0,-0.0,-0.0,0.0,0.0,0.0,0.4544728268496694,-0.0,-0.0,-0.03200988804339676,0.02,0.0,0.0,0.0,0.0,0.0,0.0,0.36265459656715393,32.72204353317619,32.4,1.0,0.0,0.0,1.0,2.0,4.0,0.0,1.0,0.0,1.0,0.0,0.0,0.0,0.0,0.0,0.0,0.0,0.0,0.0,0.0,0.0,0.0,0.0,0.0,0.0,0.0,0.0,0.0,0.0,65.337890625,238.99928283691406,65.2281494140625,238.6986846923828,-0.1097412109375,-0.30059814453125,0.3200037181377411,-1.9208383604357315,-0.33078527450561523,-0.9437060952186584,0.0,-14.853507041931152,10.219110488891602,0.0,28.0,28.0,28.0,0.0,1.0,30.0,0.0,0.0,1.0,115.0,1.0,0.0,3.0,0.0,6.16,53.71610005386174,0.5260000471025705,3.9185999194160104,40.155300055630505,22.92939997278154,4.0,4.841000074520707,3.3702999353408813,0.8654000703245401,0.000600004568696022
1,299,299,4.728365071605123,0,0,2.0,3.0,1.0,1.0,1.0,1.0,1.0,1.0,0.4289168119430542,0.5867636203765869,1.0,1.0,0.42442062497138977,0.4206410348415375,0.4206410348415375,1.0,1.0,0.4289168119430542,0.4206410348415375,0.0,0.9942512512207031,1.0,1.0,0.8562740683555603,0.46745777130126953,0.5071728229522705,0.0,0.0003453593817539513,-0.40556132793426514,-0.9140678644180298,0.0,0.0,0.0,0.0,0.0,0.0,230.96621704101562,10.51602554321289,25.0,25.0,10.51602554321289,10.722920417785645,0.0,1.0,0.42064102172851564,1.0,0.0,0.0,0.0,0.0,0.0,2.1792389154434204,0.5684585293039452,0.7456676501035691,1.2149999767541886,0.02,-0.0,-0.021193811208173045,-0.004114899074331812,0.0,0.15,-0.0,0.0,0.0,-0.0,0.0,0.0,0.0,0.0,0.35,0.0,0.0,0.0,0.0,0.0,0.0,0.0,0.0,0.25,-0.0,-0.171630859375,0.0,1.1792389154434204,-0.0,-0.021453857421875,-0.021453857421875,-0.05,0.5396676510572433,0.35977843403816223,0.2,0.0,-0.0,-0.0,-0.0,0.5599999904632569,0.699999988079071,-0.0,0.0,-0.0,-0.0,0.0,0.0,0.0,0.44376723958645015,-0.04500000178813934,-0.0,-0.0,0.02,0.0,0.0,0.0,0.0,0.0,0.0,0.35977843403816223,31.95124125022441,32.4,0.0,0.6,0.0,0.699999988079071,2.0,3.0,0.0,0.699999988079071,0.0,0.699999988079071,0.0,0.0,0.0,0.0,0.0,0.0,0.0,0.0,0.0,0.0,0.0,0.0,0.0,0.0,0.0,0.0,0.0,0.0,0.0,65.22711181640625,238.69839477539062,65.02095794677734,238.4536590576172,-0.20615386962890625,-0.2447357177734375,0.31999218463897705,-2.2708341511157206,-0.3307657241821289,-0.9437128901481628,0.0,-14.853507041931152,10.219110488891602,0.0,28.0,28.0,28.0,0.0,1.0,30.0,0.0,0.0,1.0,114.0,1.0,0.0,3.0,0.0,6.2,27.533199987374246,0.7172999903559685,5.500599974766374,14.253499917685986,9.161300025880337,4.0,3.898399998433888,2.3806000826880336,0.7480999920517206,0.000400003045797348
1,300,300,5.5815856518757565,0,0,2.0,4.0,1.0,1.0,1.0,1.0,1.0,1.0,0.4289168119430542,0.5867636203765869,1.0,1.0,0.42442062497138977,0.4206410348415375,0.4206410348415375,1.0,1.0,0.4289168119430542,0.4206410348415375,0.0,0.9952658414840698,1.0,1.0,0.8559269309043884,0.4564462900161743,-0.6690992116928101,0.0,0.0003453593817539513,-0.4059164226055145,-0.9139102101325989,0.0,0.0,0.0,0.0,0.0,0.0,230.9821319580078,10.750125885009766,25.0,25.0,10.750125885009766,10.956167221069336,0.0,1.0,0.43000503540039064,1.0,0.0,0.0,0.0,0.0,0.0,2.181868314743042,0.8589018226887202,0.7703673052787781,1.7504482091652167,0.02,-0.0,-0.019615496345689452,-0.003748349411788542,0.2805789947509766,0.15,-0.0,0.0,0.0,-0.0,0.0,0.0,0.0,0.0,0.35,0.0,0.0,0.0,0.0,0.0,0.0,0.0,0.0,0.25,-0.0,0.06365966796875,0.0,1.181868314743042,-0.0,0.0159149169921875,0.0159149169921875,-0.05,0.5403673052787781,0.36024487018585205,0.2,0.0,-0.0,-0.0,-0.0,0.8,1.0,-0.0,0.0,-0.0,-0.0,0.0,0.0,0.0,0.45168667369522164,-0.04500000178813934,-0.0,-0.004551789046643961,0.02,0.0,0.0,0.0,0.0,0.0,0.0,0.36024487018585205,32.52144050605595,32.4,1.0,0.0,0.0,1.0,2.0,4.0,0.0,1.0,0.0,1.0,0.0,0.0,0.0,0.0,0.0,0.0,0.0,0.0,0.0,0.0,0.0,0.0,0.0,0.0,0.0,0.0,0.0,0.0,0.0,65.01990509033203,238.4541473388672,64.74232482910156,238.29493713378906,-0.27758026123046875,-0.159210205078125,0.31999796628952026,-2.620837789493456,-0.33031782507896423,-0.9438697695732117,0.0,-14.853507041931152,10.219110488891602,0.0,28.0,28.0,28.0,0.0,1.0,30.0,0.0,0.0,1.0,113.0,1.0,0.0,3.0,0.0,6.24,61.342100030742586,0.7520000217482448,4.798499983735383,47.25419997703284,23.73820007778704,4.0,5.162199959158897,2.5499999755993485,0.7847000379115343,0.000400003045797348
1,301,301,5.332940293444051,0,0,2.0,4.0,1.0,1.0,1.0,1.0,1.0,1.0,0.4382466971874237,0.5995136499404907,1.0,1.0,0.43388110399246216,0.4300050437450409,0.4300050437450409,1.0,1.0,0.4382466971874237,0.4300050437450409,0.0,0.9956904053688049,1.0,1.0,0.8558151721954346,0.46459200978279114,0.4949646294116974,0.0,-0.003775774734094739,-0.40569445490837097,-0.9140087366104126,0.0,0.0,0.0,0.0,0.0,0.0,234.34970092773438,10.750125885009766,25.0,25.0,10.750125885009766,10.956167221069336,0.0,1.0,0.43000503540039064,1.0,0.0,0.0,0.0,0.0,0.0,2.178941488265991,0.5679885249265572,0.766010280251503,1.8,0.02,-0.0,-0.019615496345689452,-0.003748349411788542,0.0,0.15,-0.0,0.0,0.0,-0.0,0.0,0.0,0.0,0.0,0.35,0.0,0.0,0.0,0.0,0.0,0.0,0.0,0.0,0.25,-0.0,8.0,0.0,1.1789414882659912,-0.0,3.3675689697265625,2.0,-0.05,0.536010280251503,0.3573401868343353,0.2,0.0,-0.0,-0.0,-0.0,0.8,1.0,-0.0,0.0,-0.0,-0.0,0.0,0.0,0.0,0.44135237068403516,-0.0,-0.0,-0.0,0.02,0.0,0.0,0.0,0.0,0.0,0.0,0.3573401868343353,31.777370689250528,32.4,0.0,0.6,0.0,1.0,2.0,4.0,0.0,1.0,0.0,1.0,0.0,0.0,0.0,0.0,0.0,0.0,0.0,0.0,0.0,0.0,0.0,0.0,0.0,0.0,0.0,0.0,0.0,0.0,0.0,64.74163055419922,238.2957000732422,64.4499282836914,238.1641387939453,-0.2917022705078125,-0.131561279296875,0.31999778747558594,-2.7178973265955646,-0.32949593663215637,-0.9441570043563843,0.0,-14.853507041931152,10.219110488891602,0.0,28.0,28.0,28.0,0.0,1.0,30.0,0.0,0.0,1.0,112.0,1.0,0.0,3.0,0.0,6.28,50.10940006468445,0.6017000414431095,4.799799993634224,35.427400027401745,16.109300078824162,4.0,5.38539991248399,3.1565000535920262,0.7063000230118632,0.000400003045797348
1,302,302,5.012420733853384,0,0,2.0,3.0,1.0,1.0,1.0,1.0,1.0,1.0,0.4382466971874237,0.5995136499404907,1.0,1.0,0.43388110399246216,0.4300050437450409,0.4300050437450409,1.0,1.0,0.4382466971874237,0.4300050437450409,0.0,1.0,1.0,1.0,0.8506609797477722,0.45396244525909424,-0.645893931388855,0.0,-0.003775774734094739,-0.4058609902858734,-0.9139348268508911,0.0,0.0,0.0,0.0,0.0,0.0,233.822998046875,10.98315143585205,25.0,25.0,10.98315143585205,11.189276695251465,0.0,1.0,0.43932605743408204,1.0,0.0,0.0,0.0,0.0,0.0,2.181456208229065,0.8543909331999265,0.7415736156702042,1.2149999767541886,0.02,-0.0,-0.018162105458981323,-0.0034146390656398028,0.2796642303466797,0.15,-0.0,0.0,0.0,-0.0,0.0,0.0,0.0,0.0,0.35,0.0,0.0,0.0,0.0,0.0,0.0,0.0,0.0,0.25,-0.0,-4.213623046875,0.0,1.181456208229065,-0.0,-0.526702880859375,-0.526702880859375,-0.05,0.5355736166238785,0.3570490777492523,0.2,0.0,-0.0,-0.0,-0.0,0.5599999904632569,0.699999988079071,-0.0,0.0,-0.0,-0.0,0.0,0.0,0.0,0.446303447377868,-0.04500000178813934,-0.0,-0.0,0.02,0.0,0.0,0.0,0.0,0.0,0.0,0.3570490777492523,32.1338482112065,32.4,0.7326086850269979,0.0,0.0,0.699999988079071,2.0,3.0,0.0,0.699999988079071,0.0,0.699999988079071,0.0,0.0,0.0,0.0,0.0,0.0,0.0,0.0,0.0,0.0,0.0,0.0,0.0,0.0,0.0,0.0,0.0,0.0,0.0,68.13302612304688,239.82533264160156,67.90412902832031,239.0,-0.2288970947265625,-0.8253326416015625,0.8564857244491577,-1.8413359591412202,-0.3399095833301544,-0.9404580593109131,0.0,-14.853507041931152,10.219110488891602,0.0,28.0,28.0,28.0,0.0,1.0,30.0,0.0,0.0,1.0,111.0,1.0,0.0,3.0,0.0,6.32,118.84100001771003,0.6617999169975519,6.210100022144616,86.80219994857907,36.61329997703433,4.0,4.144600010477006,3.8244000170379877,17.144700046628714,0.000600004568696022
1,303,303,5.290374260439495,0,0,2.0,4.0,1.0,1.0,1.0,1.0,1.0,1.0,0.4475710690021515,0.6122435927391052,1.0,1.0,0.44328823685646057,0.43932604789733887,0.43932604789733887,1.0,1.0,0.4475710690021515,0.43932604789733887,0.0,1.0,1.0,1.0,0.8496672511100769,0.45905497670173645,0.30944228172302246,0.0,-0.002598648192360997,-0.4057098627090454,-0.9140019416809082,0.0,0.0,0.0,0.0,0.0,0.0,244.10450744628906,10.98315143585205,25.0,25.0,10.98315143585205,11.189276695251465,0.0,1.0,0.43932605743408204,1.0,0.0,0.0,0.0,0.0,0.0,2.206471085548401,0.5840389113762895,0.7753212112188339,1.7045430522959706,0.02,-0.0,-0.018162105458981323,-0.0034146390656398028,0.0,0.15,-0.0,0.0,0.0,-0.0,0.0,0.0,0.0,0.0,0.35,0.0,0.0,0.0,0.0,0.0,0.0,0.0,0.0,0.25,-0.0,8.0,0.0,1.2064710855484009,-0.0,10.281509399414062,2.0,-0.05,0.5453212112188339,0.3635474741458893,0.2,0.0,-0.0,-0.0,-0.0,0.8,1.0,-0.0,0.0,-0.0,-0.0,0.0,0.0,0.0,0.4556156559009106,-0.04500000178813934,-0.0,-0.05045694591589005,0.02,0.0,0.0,0.0,0.0,0.0,0.0,0.3635474741458893,32.80432722486556,32.4,1.0,0.0,0.0,1.0,2.0,4.0,0.0,1.0,0.0,1.0,0.0,0.0,0.0,0.0,0.0,0.0,0.0,0.0,0.0,0.0,0.0,0.0,0.0,0.0,0.0,0.0,0.0,0.0,0.0,67.90512084960938,238.99977111816406,67.71906280517578,238.7394256591797,-0.18605804443359375,-0.260345458984375,0.31999585032463074,-2.191292460798196,-0.34016579389572144,-0.9403654336929321,0.0,-14.853507041931152,10.219110488891602,0.0,28.0,28.0,28.0,0.0,1.0,30.0,0.0,0.0,1.0,110.0,1.0,0.0,3.0,0.0,6.36,138.07890005409718,0.6172000430524349,10.420899954624474,110.36849999800324,32.74980001151562,4.0,9.762200061231852,4.0695000207051635,2.796499989926815,0.000500003807246685
1,304,304,7.133099570685163,0,0,2.0,4.0,1.0,1.0,1.0,1.0,1.0,1.0,0.4475710690021515,0.6122435927391052,1.0,1.0,0.44328823685646057,0.43932604789733887,0.43932604789733887,1.0,1.0,0.4475710690021515,0.43932604789733887,0.0,1.0,1.0,1.0,0.8478142619132996,0.468633234500885,0.5820130109786987,0.0,-0.002598648192360997,-0.4055439531803131,-0.9140755534172058,0.0,0.0,0.0,0.0,0.0,0.0,281.6568603515625,11.22181510925293,25.0,25.0,11.22181510925293,11.428397178649902,0.0,1.0,0.44887260437011717,1.0,0.0,0.0,0.0,0.0,0.0,2.1295621395111084,0.8624746738011992,2.321062757372856,1.8,0.02,-0.0,-0.016786073400044253,-0.003103168242176993,0.2865791320800781,0.15,-0.0,0.0,0.0,-0.0,0.0,0.0,0.0,0.0,0.35,0.0,0.0,0.0,0.0,0.0,0.0,0.0,0.0,0.25,-0.0,8.0,0.0,1.1295621395111084,-0.0,37.55235290527344,2.0,1.5,0.5410627573728561,0.3607085049152374,0.2,0.0,-0.0,-0.0,-0.0,0.8,1.0,-0.0,0.0,-0.0,-0.0,0.0,0.0,0.0,0.4457847833633423,-0.0,-0.0,-0.0,0.02,0.0,0.0,0.0,0.0,0.0,0.0,0.3607085049152374,32.09650440216065,32.4,0.0,0.6,0.0,1.0,2.0,4.0,0.0,1.0,0.0,1.0,0.0,0.0,0.0,0.0,0.0,0.0,0.0,0.0,0.0,0.0,0.0,0.0,0.0,0.0,0.0,0.0,0.0,0.0,0.0,73.72071838378906,247.13522338867188,73.63517761230469,239.0,-0.085540771484375,-8.135223388671875,8.135673522949219,-1.5813108035357877,-0.35018977522850037,-0.9366787672042847,0.0,-14.853507041931152,10.219110488891602,0.0,28.0,28.0,28.0,0.0,1.0,30.0,0.0,0.0,1.0,109.0,1.0,0.0,3.0,0.0,6.4,192.19540001358837,0.7356000132858753,6.14569999743253,116.26819998491555,42.4885000102222,4.0,53.56170004233718,6.119900033809245,9.320400073193014,0.000500003807246685
1,305,305,6.568347713152672,0,0,2.0,3.0,1.0,1.0,1.0,1.0,1.0,1.0,0.4571358859539032,0.6254527568817139,1.0,1.0,0.45290645956993103,0.4488725960254669,0.4488725960254669,1.0,1.0,0.4571358859539032,0.4488725960254669,0.0,1.0,1.0,1.0,0.8866984844207764,0.4585214853286743,-0.6144295334815979,0.0,0.0015194927109405398,-0.40569961071014404,-0.9140064716339111,0.0,0.0,0.0,0.0,0.0,0.0,258.5025634765625,11.458367347717285,25.0,25.0,11.458367347717285,11.665756225585938,0.0,1.0,0.4583346939086914,1.0,0.0,0.0,0.0,0.0,0.0,2.1711326837539673,0.8666145625527403,2.296567263007164,1.2140332038388009,0.02,-0.0,-0.015526074976910574,-0.0028220963193009044,0.28418540954589844,0.15,-0.0,0.0,0.0,-0.0,0.0,0.0,0.0,0.0,0.35,0.0,0.0,0.0,0.0,0.0,0.0,0.0,0.0,0.25,-0.0,-16.0,0.0,1.1711326837539673,-0.0,-23.154296875,-2.0,1.5,0.5405672639608383,0.3603781759738922,0.2,0.0,-0.0,-0.0,-0.0,0.5599999904632569,0.699999988079071,-0.0,0.0,-0.0,-0.0,0.0,0.0,0.0,0.4507773243030533,-0.04500000178813934,-0.0,-0.0009667729153876377,0.02,0.0,0.0,0.0,0.0,0.0,0.0,0.3603781759738922,32.455967349819836,32.4,0.7326086850269979,0.0,0.0,0.699999988079071,2.0,3.0,0.0,0.699999988079071,0.0,0.699999988079071,0.0,0.0,0.0,0.0,0.0,0.0,0.0,0.0,0.0,0.0,0.0,0.0,0.0,0.0,0.0,0.0,0.0,0.0,0.0,74.1677017211914,289.77801513671875,74.1670913696289,239.0,-0.0006103515625,-50.77801513671875,50.77801513671875,-1.570808346791471,-0.30342233180999756,-0.952856183052063,0.0,-14.853507041931152,10.219110488891602,0.0,28.0,28.0,28.0,0.0,0.0,30.0,0.0,0.0,1.0,108.0,1.0,0.0,3.0,0.0,6.44,88.43380003236234,0.7471999851986766,6.0394000029191375,72.88620003964752,21.235099993646145,4.0,4.96930000372231,3.0619000317528844,0.686699990183115,0.000400003045797348
1,306,306,5.311034948211481,0,0,2.0,4.0,1.0,1.0,1.0,1.0,1.0,1.0,0.4666302502155304,0.6384884715080261,1.0,1.0,0.4624497592449188,0.45833468437194824,0.45833468437194824,1.0,1.0,0.4666302502155304,0.45833468437194824,0.0,1.0,1.0,1.0,0.863099992275238,0.4636566638946533,0.3120338022708893,0.0,-0.0021690060384571552,-0.40552592277526855,-0.9140835404396057,0.0,0.0,0.0,0.0,0.0,0.0,238.39578247070312,11.458367347717285,25.0,25.0,11.458367347717285,11.665756225585938,0.0,1.0,0.4583346939086914,1.0,0.0,0.0,0.0,0.0,0.0,2.1991896629333496,0.5716020291860602,0.7652432578802109,1.7549999982118607,0.02,-0.0,-0.015526074976910574,-0.0028220963193009044,0.0,0.15,-0.0,0.0,0.0,-0.0,0.0,0.0,0.0,0.0,0.35,0.0,0.0,0.0,0.0,0.0,0.0,0.0,0.0,0.25,-0.0,-16.0,0.0,1.1991896629333496,-0.0,-20.106781005859375,-2.0,-0.05,0.5352432578802109,0.35682883858680725,0.2,0.0,-0.0,-0.0,-0.0,0.8,1.0,-0.0,0.0,-0.0,-0.0,0.0,0.0,0.0,0.4399502004822717,-0.04500000178813934,-0.0,-0.0,0.02,0.0,0.0,0.0,0.0,0.0,0.0,0.35682883858680725,31.676414434723558,32.4,0.0,0.6,0.0,1.0,2.0,4.0,0.0,1.0,0.0,1.0,0.0,0.0,0.0,0.0,0.0,0.0,0.0,0.0,0.0,0.0,0.0,0.0,0.0,0.0,0.0,0.0,0.0,0.0,0.0,74.16729736328125,263.0002746582031,74.16587829589844,239.0,-0.0014190673828125,-24.000274658203125,24.000274658203125,-1.5708554539257809,-0.33216944336891174,-0.9432197213172913,0.0,-14.853507041931152,10.219110488891602,0.0,28.0,28.0,28.0,0.0,0.0,30.0,0.0,0.0,1.0,107.0,1.0,0.0,3.0,0.0,6.48,27.93290000408888,0.714799971319735,5.844500032253563,12.754800030961633,8.339400053955615,4.0,4.621900035999715,3.0602000188082457,0.8979999693110585,0.000400003045797348
1,307,307,5.64672815536539,0,0,2.0,4.0,1.0,1.0,1.0,1.0,1.0,1.0,0.4666302502155304,0.6384884715080261,1.0,1.0,0.4624497592449188,0.45833468437194824,0.45833468437194824,1.0,1.0,0.4666302502155304,0.45833468437194824,0.0,1.0,1.0,1.0,0.8358278274536133,0.4525201916694641,-0.6766952276229858,0.0,-0.0021690060384571552,-0.40562859177589417,-0.9140380024909973,0.0,0.0,0.0,0.0,0.0,0.0,238.3847198486328,11.689472198486328,25.0,25.0,11.689472198486328,11.897159576416016,0.0,1.0,0.4675788879394531,1.0,0.0,0.0,0.0,0.0,0.0,2.2025481462478638,0.858101287832661,0.7660787212848663,1.8,0.02,-0.0,-0.014387407987815818,-0.0025726040735283393,0.27744522094726565,0.15,-0.0,0.0,0.0,-0.0,0.0,0.0,0.0,0.0,0.35,0.0,0.0,0.0,0.0,0.0,0.0,0.0,0.0,0.25,-0.0,-0.0885009765625,0.0,1.2025481462478638,-0.0,-0.0110626220703125,-0.0110626220703125,-0.05,0.5360787212848663,0.3573858141899109,0.2,0.0,-0.0,-0.0,-0.0,0.8,1.0,-0.0,0.0,-0.0,-0.0,0.0,0.0,0.0,0.4476160789467396,-0.0,-0.0,-0.0,0.02,0.0,0.0,0.0,0.0,0.0,0.0,0.3573858141899109,32.228357684165246,32.4,1.0,0.0,0.0,1.0,2.0,4.0,0.0,1.0,0.0,1.0,0.0,0.0,0.0,0.0,0.0,0.0,0.0,0.0,0.0,0.0,0.0,0.0,0.0,0.0,0.0,0.0,0.0,0.0,0.0,74.16590881347656,239.0001983642578,74.05616760253906,238.69960021972656,-0.1097412109375,-0.30059814453125,0.3200037181377411,-1.9208383604357315,-0.3626196086406708,-0.9319372177124023,0.0,-14.853507041931152,10.219110488891602,0.0,28.0,28.0,28.0,0.0,1.0,30.0,0.0,0.0,1.0,106.0,1.0,0.0,3.0,0.0,6.52,50.344199989922345,0.6749000167474151,4.7574000200256705,36.14550002384931,17.960599972866476,4.0,4.785900004208088,3.2204000744968653,0.7220999104902148,0.000500003807246685
1,308,308,5.343729886870546,0,0,2.0,4.0,1.0,1.0,1.0,1.0,1.0,1.0,0.47588637471199036,0.6512097120285034,1.0,1.0,0.4717668294906616,0.4675788879394531,0.4675788879394531,1.0,1.0,0.47588637471199036,0.4675788879394531,0.0,1.0,1.0,1.0,0.8352146744728088,0.4604051113128662,0.47911739349365234,0.0,-0.004799140151590109,-0.4053139090538025,-0.9141775965690613,0.0,0.0,0.0,0.0,0.0,0.0,238.37379455566406,11.689472198486328,25.0,25.0,11.689472198486328,11.897159576416016,0.0,1.0,0.4675788879394531,1.0,0.0,0.0,0.0,0.0,0.0,2.226996064186096,0.58963972675073,0.7767845797538757,1.730309516179844,0.02,-0.0,-0.014387407987815818,-0.0025726040735283393,0.0,0.15,-0.0,0.0,0.0,-0.0,0.0,0.0,0.0,0.0,0.35,0.0,0.0,0.0,0.0,0.0,0.0,0.0,0.0,0.25,-0.0,-0.08740234375,0.0,1.2269960641860962,-0.0,-0.01092529296875,-0.01092529296875,-0.05,0.5467845797538757,0.3645230531692505,0.2,0.0,-0.0,-0.0,-0.0,0.8,1.0,-0.0,0.0,-0.0,-0.0,0.0,0.0,0.0,0.45659973881207416,-0.0,-0.0,-0.069690483820156,0.02,0.0,0.0,0.0,0.0,0.0,0.0,0.3645230531692505,32.875181194469334,32.4,1.0,0.0,0.0,1.0,2.0,4.0,0.0,1.0,0.0,1.0,0.0,0.0,0.0,0.0,0.0,0.0,0.0,0.0,0.0,0.0,0.0,0.0,0.0,0.0,0.0,0.0,0.0,0.0,0.0,74.05538177490234,238.699951171875,73.84922790527344,238.45521545410156,-0.20615386962890625,-0.2447357177734375,0.31999218463897705,-2.2708341511157206,-0.36264193058013916,-0.9319285750389099,0.0,-14.853507041931152,10.219110488891602,0.0,28.0,28.0,28.0,0.0,1.0,30.0,0.0,0.0,1.0,105.0,1.0,0.0,3.0,0.0,6.56,31.905499985441566,0.624299980700016,4.08330000936985,18.554899957962334,12.215499999001622,4.0,4.8117999685928226,3.0968000646680593,0.6973999552428722,0.000500003807246685
1,309,309,5.674150891453453,0,0,2.0,4.0,1.0,1.0,1.0,1.0,1.0,1.0,0.47588637471199036,0.6512097120285034,1.0,1.0,0.4717668294906616,0.4675788879394531,0.4675788879394531,1.0,1.0,0.47588637471199036,0.4675788879394531,0.0,1.0,1.0,1.0,0.8348488211631775,0.4696454405784607,0.5614787340164185,0.0,-0.004799140151590109,-0.4051343500614166,-0.9142571687698364,0.0,0.0,0.0,0.0,0.0,0.0,238.39288330078125,11.925556182861328,25.0,25.0,11.925556182861328,12.133606910705566,0.0,1.0,0.47702224731445314,1.0,0.0,0.0,0.0,0.0,0.0,2.217637300491333,0.8640208138529745,0.7724927771091461,1.8,0.02,-0.0,-0.013311332803022123,-0.0023404417892496105,0.28344612121582036,0.15,-0.0,0.0,0.0,-0.0,0.0,0.0,0.0,0.0,0.35,0.0,0.0,0.0,0.0,0.0,0.0,0.0,0.0,0.25,-0.0,0.07635498046875,0.0,1.217637300491333,-0.0,0.0190887451171875,0.0190887451171875,-0.05,0.5424927771091461,0.3616618514060974,0.2,0.0,-0.0,-0.0,-0.0,0.8,1.0,-0.0,0.0,-0.0,-0.0,0.0,0.0,0.0,0.4462264672294259,-0.0,-0.0,-0.0,0.02,0.0,0.0,0.0,0.0,0.0,0.0,0.3616618514060974,32.12830564051866,32.4,0.0,0.6,0.0,1.0,2.0,4.0,0.0,1.0,0.0,1.0,0.0,0.0,0.0,0.0,0.0,0.0,0.0,0.0,0.0,0.0,0.0,0.0,0.0,0.0,0.0,0.0,0.0,0.0,0.0,73.84846496582031,238.45594787597656,73.57088470458984,238.29673767089844,-0.27758026123046875,-0.159210205078125,0.31999796628952026,-2.620837789493456,-0.36224478483200073,-0.932083010673523,0.0,-14.853507041931152,10.219110488891602,0.0,28.0,28.0,28.0,0.0,1.0,30.0,0.0,0.0,1.0,104.0,1.0,0.0,3.0,0.0,6.6,81.31289994344115,0.6797999376431108,5.182299995794892,68.15489998552948,48.43339999206364,4.0,4.016199964098632,2.3659999715164304,0.8823999669402838,0.000500003807246685
1,310,310,5.377048996722122,0,0,2.0,4.0,1.0,1.0,1.0,1.0,1.0,1.0,0.4853442907333374,0.664254367351532,1.0,1.0,0.48128098249435425,0.477022260427475,0.477022260427475,1.0,1.0,0.4853442907333374,0.477022260427475,0.0,1.0,1.0,1.0,0.8347324132919312,0.45897579193115234,-0.648329496383667,0.0,0.0018497513374313712,-0.4052262008190155,-0.9142164587974548,0.0,0.0,0.0,0.0,0.0,0.0,238.46136474609375,11.925556182861328,25.0,25.0,11.925556182861328,12.133606910705566,0.0,1.0,0.47702224731445314,1.0,0.0,0.0,0.0,0.0,0.0,2.220915675163269,0.5883402996793924,0.7732916730642319,1.7745013488152286,0.02,-0.0,-0.013311332803022123,-0.0023404417892496105,0.0,0.15,-0.0,0.0,0.0,-0.0,0.0,0.0,0.0,0.0,0.35,0.0,0.0,0.0,0.0,0.0,0.0,0.0,0.0,0.25,-0.0,0.27392578125,0.0,1.220915675163269,-0.0,0.0684814453125,0.0684814453125,-0.05,0.5432916730642319,0.3621944487094879,0.2,0.0,-0.0,-0.0,-0.0,0.8,1.0,-0.0,0.0,-0.0,-0.0,0.0,0.0,0.0,0.4539920742716641,-0.0,-0.0,-0.025498651184771404,0.02,0.0,0.0,0.0,0.0,0.0,0.0,0.3621944487094879,32.687429347559814,32.4,1.0,0.0,0.0,1.0,2.0,4.0,0.0,1.0,0.0,1.0,0.0,0.0,0.0,0.0,0.0,0.0,0.0,0.0,0.0,0.0,0.0,0.0,0.0,0.0,0.0,0.0,0.0,0.0,0.0,73.57041931152344,238.2975616455078,73.26052856445312,238.21775817871094,-0.3098907470703125,-0.079803466796875,0.32000136375427246,-2.889547745636084,-0.36147576570510864,-0.9323815107345581,0.0,-14.853507041931152,10.219110488891602,0.0,28.0,28.0,28.0,0.0,1.0,30.0,0.0,0.0,1.0,103.0,1.0,0.0,3.0,0.0,6.64,34.41720001865178,0.664499937556684,4.9573000287637115,16.918599954806268,12.381899985484779,4.0,8.047500043176115,3.111999947577715,0.6837000837549567,0.000400003045797348
1,311,311,5.055417420910611,0,0,2.0,3.0,1.0,1.0,1.0,1.0,1.0,1.0,0.4853442907333374,0.664254367351532,1.0,1.0,0.48128098249435425,0.477022260427475,0.477022260427475,1.0,1.0,0.4853442907333374,0.477022260427475,0.0,1.0,1.0,1.0,0.8347796201705933,0.4669632911682129,0.48535043001174927,0.0,0.0018497513374313712,-0.40500184893608093,-0.9143158793449402,0.0,0.0,0.0,0.0,0.0,0.0,238.52687072753906,12.164018630981445,25.0,25.0,12.164018630981445,12.372764587402344,0.0,1.0,0.4865607452392578,1.0,0.0,0.0,0.0,0.0,0.0,2.2097887992858887,0.8657201493251463,0.7449084955453873,1.2149999767541886,0.02,-0.0,-0.012307064995335796,-0.0021269236494662947,0.28643302917480473,0.15,-0.0,0.0,0.0,-0.0,0.0,0.0,0.0,0.0,0.35,0.0,0.0,0.0,0.0,0.0,0.0,0.0,0.0,0.25,-0.0,0.26202392578125,0.0,1.2097887992858887,-0.0,0.0655059814453125,0.0655059814453125,-0.05,0.5389084964990616,0.3592723309993744,0.2,0.0,-0.0,-0.0,-0.0,0.5599999904632569,0.699999988079071,-0.0,0.0,-0.0,-0.0,0.0,0.0,0.0,0.4437211087951437,-0.04500000178813934,-0.0,-0.0,0.02,0.0,0.0,0.0,0.0,0.0,0.0,0.3592723309993744,31.947919833250346,32.4,0.0,0.6,0.0,0.699999988079071,2.0,3.0,0.0,0.699999988079071,0.0,0.699999988079071,0.0,0.0,0.0,0.0,0.0,0.0,0.0,0.0,0.0,0.0,0.0,0.0,0.0,0.0,0.0,0.0,0.0,0.0,0.0,73.2602310180664,238.21853637695312,72.95034790039062,238.1387176513672,-0.30988311767578125,-0.0798187255859375,0.31999775767326355,-2.889495630014661,-0.3604813516139984,-0.9327664375305176,0.0,-14.853507041931152,10.219110488891602,0.0,28.0,28.0,28.0,0.0,1.0,30.0,0.0,0.0,1.0,102.0,1.0,0.0,3.0,0.0,6.68,49.7979000210762,0.6432000081986189,5.45250007417053,35.33569991122931,28.178200009278953,4.0,4.821499926038086,2.8194000478833914,0.6950999377295375,0.000300002284348011
1,312,312,5.62103357817594,0,0,2.0,4.0,1.0,1.0,1.0,1.0,1.0,1.0,0.4949105978012085,0.6774516105651855,1.0,1.0,0.4908924102783203,0.48656073212623596,0.48656073212623596,1.0,1.0,0.4949105978012085,0.48656073212623596,0.0,1.0,1.0,1.0,0.8348286151885986,0.4563988447189331,-0.6419353485107422,0.0,0.0008439058437943459,-0.4051075279712677,-0.9142690300941467,0.0,0.0,0.0,0.0,0.0,0.0,238.59292602539062,12.399179458618164,25.0,25.0,12.399179458618164,12.608365058898926,0.0,1.0,0.4959671783447266,1.0,0.0,0.0,0.0,0.0,0.0,2.2123942375183105,0.8712186679971783,0.7700059223175049,1.747414750342947,0.02,-0.0,-0.011391878962343413,-0.0019356369609438173,0.2823688507080078,0.15,-0.0,0.0,0.0,-0.0,0.0,0.0,0.0,0.0,0.35,0.0,0.0,0.0,0.0,0.0,0.0,0.0,0.0,0.25,-0.0,0.26422119140625,0.0,1.2123942375183105,-0.0,0.0660552978515625,0.0660552978515625,-0.05,0.5400059223175049,0.3600039482116699,0.2,0.0,-0.0,-0.0,-0.0,0.8,1.0,-0.0,0.0,-0.0,-0.0,0.0,0.0,0.0,0.4521773332124577,-0.04500000178813934,-0.0,-0.00758524786891372,0.02,0.0,0.0,0.0,0.0,0.0,0.0,0.3600039482116699,32.55676799129695,32.4,1.0,0.0,0.0,1.0,2.0,4.0,0.0,1.0,0.0,1.0,0.0,0.0,0.0,0.0,0.0,0.0,0.0,0.0,0.0,0.0,0.0,0.0,0.0,0.0,0.0,0.0,0.0,0.0,0.0,72.9501953125,238.13916015625,72.64031219482422,238.05934143066406,-0.30988311767578125,-0.0798187255859375,0.31999775767326355,-2.889495630014661,-0.3594859838485718,-0.9331504106521606,0.0,-14.853507041931152,10.219110488891602,0.0,28.0,28.0,28.0,0.0,1.0,30.0,0.0,0.0,1.0,101.0,1.0,0.0,3.0,0.0,6.72,43.05840004235506,0.6035000551491976,5.215600016526878,30.491699930280447,16.101000015623868,4.0,3.47869994584471,2.601000014692545,0.624299980700016,0.000500003807246685
1,313,313,5.372486355647575,0,0,2.0,4.0,1.0,1.0,1.0,1.0,1.0,1.0,0.5043346285820007,0.6905391216278076,1.0,1.0,1.0,0.49596717953681946,0.49596717953681946,1.0,1.0,0.5043346285820007,0.49596717953681946,0.0,1.0,1.0,1.0,0.834876298904419,0.46509668231010437,0.52851402759552,0.0,-0.004710555076599121,-0.40480732917785645,-0.9144020080566406,0.0,0.0,0.0,0.0,0.0,0.0,241.80035400390625,12.399179458618164,25.0,25.0,12.399179458618164,12.608365058898926,0.0,1.0,0.4959671783447266,1.0,0.0,0.0,0.0,0.0,0.0,2.2097930908203125,0.5768866983504413,0.7658065664768219,1.8,0.02,-0.0,-0.011391878962343413,-0.0019356369609438173,0.0,0.15,-0.0,0.0,0.0,-0.0,0.0,0.0,0.0,0.0,0.35,0.0,0.0,0.0,0.0,0.0,0.0,0.0,0.0,0.25,-0.0,8.0,0.0,1.2097930908203125,-0.0,3.207427978515625,2.0,-0.05,0.5358065664768219,0.3572043776512146,0.2,0.0,-0.0,-0.0,-0.0,0.8,1.0,-0.0,0.0,-0.0,-0.0,0.0,0.0,0.0,0.4402142142737285,-0.0,-0.0,-0.0,0.02,0.0,0.0,0.0,0.0,0.0,0.0,0.3572043776512146,31.69542342770845,32.4,0.0,0.6,0.0,1.0,2.0,4.0,0.0,1.0,0.0,1.0,0.0,0.0,0.0,0.0,0.0,0.0,0.0,0.0,0.0,0.0,0.0,0.0,0.0,0.0,0.0,0.0,0.0,0.0,0.0,72.64030456542969,238.0595703125,72.3304214477539,237.979736328125,-0.30988311767578125,-0.079833984375,0.3200015723705292,-2.8894494408178244,-0.3584895431995392,-0.9335336685180664,0.0,-14.853507041931152,10.219110488891602,0.0,28.0,28.0,28.0,0.0,1.0,30.0,0.0,0.0,1.0,100.0,1.0,0.0,3.0,0.0,6.76,113.271199981682,0.5645999917760491,6.435299990698695,66.39509997330606,22.691800026223063,4.0,27.552299899980426,5.054600071161985,7.229799986816943,0.000400003045797348
1,314,314,5.6635568549317155,0,0,2.0,4.0,1.0,1.0,1.0,1.0,1.0,1.0,0.5043346285820007,0.6905391216278076,1.0,1.0,1.0,0.49596717953681946,0.49596717953681946,1.0,1.0,0.5043346285820007,0.49596717953681946,0.0,1.0,1.0,1.0,0.8284194469451904,0.4527917504310608,-0.7476949095726013,0.0,-0.004710555076599121,-0.40488114953041077,-0.9143692851066589,0.0,0.0,0.0,0.0,0.0,0.0,241.86451721191406,12.630157470703125,25.0,25.0,12.630157470703125,12.83998966217041,0.0,1.0,0.505206298828125,1.0,0.0,0.0,0.0,0.0,0.0,2.213081955909729,0.8635956277531419,0.7668792712688446,1.8,0.02,-0.0,-0.01056017098192339,-0.001764357514711212,0.27743225097656254,0.15,-0.0,0.0,0.0,-0.0,0.0,0.0,0.0,0.0,0.35,0.0,0.0,0.0,0.0,0.0,0.0,0.0,0.0,0.25,-0.0,0.25665283203125,0.0,1.213081955909729,-0.0,0.0641632080078125,0.0641632080078125,-0.05,0.5368792712688446,0.35791951417922974,0.2,0.0,-0.0,-0.0,-0.0,0.8,1.0,-0.0,0.0,-0.0,-0.0,0.0,0.0,0.0,0.448487905273214,-0.0,-0.0,-0.0,0.02,0.0,0.0,0.0,0.0,0.0,0.0,0.35791951417922974,32.29112917967141,32.4,1.0,0.0,0.0,1.0,2.0,4.0,0.0,1.0,0.0,1.0,0.0,0.0,0.0,0.0,0.0,0.0,0.0,0.0,0.0,0.0,0.0,0.0,0.0,0.0,0.0,0.0,0.0,0.0,0.0,76.41729736328125,239.03199768066406,76.10741424560547,238.95217895507812,-0.30988311767578125,-0.0798187255859375,0.31999775767326355,-2.889495630014661,-0.37050044536590576,-0.9288322925567627,0.0,-14.853507041931152,10.219110488891602,0.0,28.0,28.0,28.0,0.0,1.0,30.0,0.0,0.0,1.0,99.0,1.0,0.0,3.0,0.0,6.8,68.56099993456155,0.7567999418824911,5.432800040580332,53.26469999272376,22.988899960182607,4.0,5.084599950350821,3.200200037099421,0.7751999655738473,0.000500003807246685
1,315,315,4.7752667905399555,0,0,2.0,3.0,1.0,1.0,1.0,1.0,1.0,1.0,0.5135995745658875,0.7033193111419678,1.0,1.0,1.0,0.505206286907196,0.505206286907196,1.0,1.0,0.5135995745658875,0.505206286907196,0.0,1.0,1.0,1.0,0.8284691572189331,0.4613018333911896,0.5171056985855103,0.0,-0.0038604014553129673,-0.4046179950237274,-0.9144858121871948,0.0,0.0,0.0,0.0,0.0,0.0,241.93313598632812,12.630157470703125,25.0,25.0,12.630157470703125,12.83998966217041,0.0,1.0,0.505206298828125,1.0,0.0,0.0,0.0,0.0,0.0,2.233221173286438,0.5924991992321644,0.7517757999897003,1.1777706180316532,0.02,-0.0,-0.01056017098192339,-0.001764357514711212,0.0,0.15,-0.0,0.0,0.0,-0.0,0.0,0.0,0.0,0.0,0.35,0.0,0.0,0.0,0.0,0.0,0.0,0.0,0.0,0.25,-0.0,0.27447509765625,0.0,1.233221173286438,-0.0,0.0686187744140625,0.0686187744140625,-0.05,0.5457758009433746,0.36385053396224976,0.2,0.0,-0.0,-0.0,-0.0,0.5599999904632569,0.699999988079071,-0.0,0.0,-0.0,-0.0,0.0,0.0,0.0,0.45482372772879903,-0.04500000178813934,-0.0,-0.0372293587225353,0.02,0.0,0.0,0.0,0.0,0.0,0.0,0.36385053396224976,32.74730839647353,32.4,0.7326086850269979,0.0,0.0,0.699999988079071,2.0,3.0,0.0,0.699999988079071,0.0,0.699999988079071,0.0,0.0,0.0,0.0,0.0,0.0,0.0,0.0,0.0,0.0,0.0,0.0,0.0,0.0,0.0,0.0,0.0,0.0,0.0,76.10811614990234,238.95237731933594,75.79823303222656,238.87255859375,-0.30988311767578125,-0.0798187255859375,0.31999775767326355,-2.889495630014661,-0.3695279061794281,-0.9292196035385132,0.0,-14.853507041931152,10.219110488891602,0.0,28.0,28.0,28.0,0.0,1.0,30.0,0.0,0.0,1.0,98.0,1.0,0.0,3.0,0.0,6.84,29.264000011608005,0.7653000066056848,5.461500026285648,15.501699992455542,11.60550001077354,4.0,4.32930001989007,2.445199992507696,0.7305999752134085,0.000400003045797348
1,316,316,5.120062687373101,0,0,2.0,3.0,1.0,1.0,1.0,1.0,1.0,1.0,0.5135995745658875,0.7033193111419678,1.0,1.0,1.0,0.505206286907196,0.505206286907196,1.0,1.0,0.5135995745658875,0.505206286907196,0.0,1.0,1.0,1.0,0.8285127878189087,0.4678186774253845,0.39598891139030457,0.0,-0.0038604014553129673,-0.40452203154563904,-0.9145282506942749,0.0,0.0,0.0,0.0,0.0,0.0,244.21646118164062,12.866068840026855,25.0,25.0,12.866068840026855,13.076435089111328,0.0,1.0,0.5146427536010743,1.0,0.0,0.0,0.0,0.0,0.0,2.227368712425232,0.8663525306939484,0.7463414657115937,1.259999978542328,0.02,-0.0,-0.009774285707644038,-0.0016051359210546342,0.2833072662353516,0.15,-0.0,0.0,0.0,-0.0,0.0,0.0,0.0,0.0,0.35,0.0,0.0,0.0,0.0,0.0,0.0,0.0,0.0,0.25,-0.0,8.0,0.0,1.227368712425232,-0.0,2.2833251953125,2.0,-0.05,0.5403414666652679,0.36022764444351196,0.2,0.0,-0.0,-0.0,-0.0,0.5599999904632569,0.699999988079071,-0.0,0.0,-0.0,-0.0,0.0,0.0,0.0,0.4444246860872954,-0.0,-0.0,-0.0,0.02,0.0,0.0,0.0,0.0,0.0,0.0,0.36022764444351196,31.99857739828527,32.4,0.0,0.6,0.0,0.699999988079071,2.0,3.0,0.0,0.699999988079071,0.0,0.699999988079071,0.0,0.0,0.0,0.0,0.0,0.0,0.0,0.0,0.0,0.0,0.0,0.0,0.0,0.0,0.0,0.0,0.0,0.0,0.0,75.79821014404297,238.87255859375,75.48832702636719,238.79273986816406,-0.30988311767578125,-0.0798187255859375,0.31999775767326355,-2.889495630014661,-0.36855125427246094,-0.9296074509620667,0.0,-14.853507041931152,10.219110488891602,0.0,28.0,28.0,28.0,0.0,1.0,30.0,0.0,0.0,1.0,97.0,1.0,0.0,3.0,0.0,6.88,116.36350001208484,0.48889999743551016,4.314400022849441,51.46370001602918,18.174299970269203,4.0,41.80470004212111,10.04959992133081,8.200000040233135,0.000400003045797348
1,317,317,4.84257311336777,0,0,2.0,3.0,1.0,1.0,1.0,1.0,1.0,1.0,0.5230574011802673,0.7163195610046387,1.0,1.0,1.0,0.5146427750587463,0.5146427750587463,1.0,1.0,0.5230574011802673,0.5146427750587463,0.0,1.0,1.0,1.0,0.824052095413208,0.4571225345134735,-0.6499400734901428,0.0,0.0013139905640855432,-0.4045896530151367,-0.9144983291625977,0.0,0.0,0.0,0.0,0.0,0.0,243.93824768066406,12.866068840026855,25.0,25.0,12.866068840026855,13.076435089111328,0.0,1.0,0.5146427536010743,1.0,0.0,0.0,0.0,0.0,0.0,2.2280633449554443,0.5886583688616157,0.7458537060022354,1.259997693548475,0.02,-0.0,-0.009774285707644038,-0.0016051359210546342,0.0,0.15,-0.0,0.0,0.0,-0.0,0.0,0.0,0.0,0.0,0.35,0.0,0.0,0.0,0.0,0.0,0.0,0.0,0.0,0.25,-0.0,-2.2257080078125,0.0,1.2280633449554443,-0.0,-0.2782135009765625,-0.2782135009765625,-0.05,0.5398537069559097,0.3599024713039398,0.2,0.0,-0.0,-0.0,-0.0,0.5599999904632569,0.699999988079071,-0.0,0.0,-0.0,-0.0,0.0,0.0,0.0,0.4500377904903144,-0.0,-0.0,-2.2849938531222635e-06,0.02,0.0,0.0,0.0,0.0,0.0,0.0,0.3599024713039398,32.40272091530264,32.4,0.7326086850269979,0.0,0.0,0.699999988079071,2.0,3.0,0.0,0.699999988079071,0.0,0.699999988079071,0.0,0.0,0.0,0.0,0.0,0.0,0.0,0.0,0.0,0.0,0.0,0.0,0.0,0.0,0.0,0.0,0.0,0.0,0.0,78.34559631347656,239.5290069580078,78.0818862915039,239.0,-0.26371002197265625,-0.5290069580078125,0.5910933613777161,-2.0332432955563795,-0.3765225410461426,-0.9264074563980103,0.0,-14.853507041931152,10.219110488891602,0.0,28.0,28.0,28.0,0.0,1.0,30.0,0.0,0.0,1.0,96.0,1.0,0.0,3.0,0.0,6.92,23.517100024037063,0.6452000234276056,7.391600054688752,7.569100009277463,4.127599997445941,4.0,4.117100033909082,3.084000083617866,0.6815999513491988,0.000400003045797348
1,318,318,5.626574552001477,0,0,2.0,4.0,1.0,1.0,1.0,1.0,1.0,1.0,0.5230574011802673,0.7163195610046387,1.0,1.0,1.0,0.5146427750587463,0.5146427750587463,1.0,1.0,0.5230574011802673,0.5146427750587463,0.0,1.0,1.0,1.0,0.8234210014343262,0.4628960192203522,0.35081902146339417,0.0,0.0013139905640855432,-0.4044383466243744,-0.9145652651786804,0.0,0.0,0.0,0.0,0.0,0.0,255.250244140625,13.111411094665527,24.980398178100586,25.0,13.111411094665527,13.31380844116211,0.0,1.0,0.524456443786621,0.9992159271240234,0.0,0.0,0.0,0.0,0.0,2.2219682931900024,0.8650848298687946,0.7645214307308197,1.7549999982118607,0.02,-0.0,-0.009019962521042322,-0.0014597411101639442,0.2853425979614258,0.15,-0.0,0.0,0.0,-0.0,0.0,0.0,0.0,0.0,0.35,0.0,0.0,0.0,0.0,0.0,0.0,0.0,0.0,0.25,-0.0,8.0,0.0,1.2219682931900024,-0.0,11.311996459960938,2.0,-0.05,0.5345214307308197,0.35634762048721313,0.2,0.0,-0.0,-0.0,-0.0,0.8,1.0,-0.0,0.0,-0.0,-0.0,0.0,0.0,0.0,0.4402219355385751,-0.04500000178813934,-0.0,-0.0,0.02,0.0,0.0,0.0,0.0,0.0,0.0,0.35634762048721313,31.695979358777407,32.4,0.0,0.6,0.0,1.0,2.0,4.0,0.0,1.0,0.0,1.0,0.0,0.0,0.0,0.0,0.0,0.0,0.0,0.0,0.0,0.0,0.0,0.0,0.0,0.0,0.0,0.0,0.0,0.0,0.0,78.08279418945312,238.99954223632812,77.85052490234375,238.7794189453125,-0.232269287109375,-0.220123291015625,0.3200051188468933,-2.383036404458059,-0.3763570785522461,-0.9264746904373169,0.0,-14.853507041931152,10.219110488891602,0.0,28.0,28.0,28.0,0.0,1.0,30.0,0.0,0.0,1.0,95.0,1.0,0.0,3.0,0.0,6.96,83.55149999260902,0.5935999797657132,5.368200014345348,51.342800026759505,24.094099993817508,4.0,19.783399999141693,5.349499988369644,1.0767999337986112,0.000600004568696022
1,319,319,5.479729257728597,0,0,2.0,4.0,0.9992159008979797,1.0,1.0,1.0,1.0,1.0,0.5325523614883423,0.7294573187828064,1.0,1.0,1.0,0.5244564414024353,0.5244564414024353,0.9992159008979797,1.0,0.5325523614883423,0.5244564414024353,0.0,1.0,1.0,1.0,0.8177801370620728,0.4527997076511383,-0.6134909391403198,0.0,0.0008284015930257738,-0.40450718998908997,-0.9145348072052002,0.0,0.0,0.0,0.0,0.0,0.0,312.70709228515625,13.40556812286377,24.474231719970703,25.0,13.40556812286377,13.546202659606934,0.0,1.0,0.5362227249145508,0.9789692687988282,0.0,0.0,0.0,0.0,0.0,2.128915309906006,0.7651979969997615,0.7656159508228302,1.8,0.02,-0.0,-0.0081932261997679,-0.0013301628931855324,0.17643337249755864,0.15,-0.0,0.0,0.0,-0.0,0.0,0.0,0.0,0.0,0.35,0.0,0.0,0.0,0.0,0.0,0.0,0.0,0.0,0.25,-0.0,8.0,0.0,1.1289153099060059,-0.0,57.45684814453125,2.0,-0.05,0.5356159508228302,0.35707730054855347,0.2,0.0,-0.0,-0.0,-0.0,0.8,1.0,-0.0,0.0,-0.0,-0.0,0.0,0.0,0.0,0.44828801359515635,-0.0,-0.0,-0.0,0.02,0.0,0.0,0.0,0.0,0.0,0.0,0.35707730054855347,32.27673697885126,32.4,1.0,0.0,0.0,1.0,2.0,4.0,0.0,1.0,0.0,1.0,0.0,0.0,0.0,0.0,0.0,0.0,0.0,0.0,0.0,0.0,0.0,0.0,0.0,0.0,0.0,0.0,0.0,0.0,0.0,86.24320220947266,246.72999572753906,86.1004409790039,239.0,-0.14276123046875,-7.7299957275390625,7.731314182281494,-1.5892627020987997,-0.39304840564727783,-0.9195178151130676,0.0,-14.853507041931152,10.219110488891602,0.0,28.0,28.0,28.0,0.0,1.0,30.0,0.0,0.0,1.0,94.0,1.0,0.0,3.0,0.0,7.0,110.78049999196082,0.4610000178217888,4.187399987131357,70.32609998714179,33.70919998269528,4.0,23.408800014294684,4.655600059777498,7.699699955992401,0.000800006091594696
1,320,320,4.69032488914449,0,0,2.0,3.0,0.9789692759513855,0.9963022470474243,1.0,1.0,1.0,1.0,0.5418481230735779,0.7423383593559265,1.0,1.0,1.0,0.5362226963043213,0.5362226963043213,0.9789692759513855,1.0,0.5418481230735779,0.5362226963043213,0.0,1.0,1.0,1.0,0.8801403641700745,0.46109625697135925,0.5041298866271973,0.0,-0.004405250307172537,-0.40421515703201294,-0.9146639108657837,0.0,0.0,0.0,0.0,0.0,0.0,323.5155029296875,13.40556812286377,24.474231719970703,25.0,13.40556812286377,13.546202659606934,0.0,1.0,0.5362227249145508,0.9789692687988282,0.0,0.0,0.0,0.0,0.0,2.131150007247925,0.5940469658371718,0.7505238342285157,1.1946040818308783,0.02,-0.0,-0.0081932261997679,-0.0013301628931855324,0.0,0.15,-0.0,0.0,0.0,-0.0,0.0,0.0,0.0,0.0,0.35,0.0,0.0,0.0,0.0,0.0,0.0,0.0,0.0,0.25,-0.0,8.0,0.0,1.1311500072479248,-0.0,10.80841064453125,2.0,-0.05,0.5445238351821899,0.36301589012145996,0.2,0.0,-0.0,-0.0,-0.0,0.5599999904632569,0.699999988079071,-0.0,0.0,-0.0,-0.0,0.0,0.0,0.0,0.45357035493012515,-0.04500000178813934,-0.0,-0.020395894923310245,0.02,0.0,0.0,0.0,0.0,0.0,0.0,0.36301589012145996,32.65706555496901,32.4,0.7326086850269979,0.0,0.0,0.699999988079071,2.0,3.0,0.0,0.699999988079071,0.0,0.699999988079071,0.0,0.0,0.0,0.0,0.0,0.0,0.0,0.0,0.0,0.0,0.0,0.0,0.0,0.0,0.0,0.0,0.0,0.0,0.0,87.45860290527344,313.072998046875,87.45816040039062,239.0,-0.0004425048828125,-74.072998046875,74.072998046875,-1.570802300697613,-0.3200564682483673,-0.9473984837532043,0.0,-14.853507041931152,10.219110488891602,0.0,28.0,28.0,28.0,0.0,0.0,30.0,0.0,0.0,1.0,93.0,1.0,0.0,3.0,0.0,7.04,112.14080010540783,0.7158000953495502,4.9406999023631215,67.9311000276357,18.24439992196858,4.0,26.77969995420426,5.813800031319261,5.906700040213764,0.000500003807246685
1,321,321,5.547859243986629,0,0,2.0,4.0,0.9789692759513855,0.9963022470474243,1.0,1.0,1.0,1.0,0.5418481230735779,0.7423383593559265,1.0,1.0,1.0,0.5362226963043213,0.5362226963043213,0.9789692759513855,1.0,0.5418481230735779,0.5362226963043213,0.0,1.0,1.0,1.0,0.8879808783531189,0.46652951836586,0.33014634251594543,0.0,-0.004405250307172537,-0.40403616428375244,-0.9147430062294006,0.0,0.0,0.0,0.0,0.0,0.0,250.6246795654297,13.692983627319336,23.963769912719727,25.0,13.692983627319336,13.779203414916992,0.0,1.0,0.5477193450927734,0.958550796508789,0.0,0.0,0.0,0.0,0.0,2.2483054399490356,0.7555015876269565,0.7690522181987762,1.7549999982118607,0.02,-0.0,-0.0074600734369391,-0.0012117930335765034,0.1699941635131836,0.15,-0.0,0.0,0.0,-0.0,0.0,0.0,0.0,0.0,0.35,0.0,0.0,0.0,0.0,0.0,0.0,0.0,0.0,0.25,-0.0,-16.0,0.0,1.2483054399490356,-0.0,-72.89082336425781,-2.0,-0.05,0.5390522181987762,0.35936814546585083,0.2,0.0,-0.0,-0.0,-0.0,0.8,1.0,-0.0,0.0,-0.0,-0.0,0.0,0.0,0.0,0.44417929058428857,-0.04500000178813934,-0.0,-0.0,0.02,0.0,0.0,0.0,0.0,0.0,0.0,0.35936814546585083,31.980908922068778,32.4,0.0,0.6,0.0,1.0,2.0,4.0,0.0,1.0,0.0,1.0,0.0,0.0,0.0,0.0,0.0,0.0,0.0,0.0,0.0,0.0,0.0,0.0,0.0,0.0,0.0,0.0,0.0,0.0,0.0,87.45860290527344,324.97601318359375,87.45823669433594,239.0,-0.0003662109375,-85.97601318359375,85.97601318359375,-1.5708005862496233,-0.30913013219833374,-0.9510197639465332,0.0,-14.853507041931152,10.219110488891602,0.0,28.0,28.0,28.0,0.0,0.0,30.0,0.0,0.0,1.0,92.0,1.0,0.0,3.0,0.0,7.08,34.70540000125766,0.8369999704882503,4.192900029011071,22.77059992775321,15.003600041382015,4.0,3.3234000438824296,2.7239000191912055,0.8237999863922596,0.000500003807246685
1,322,322,5.42863209659759,0,0,2.0,4.0,0.9585508108139038,0.9755330085754395,1.0,1.0,1.0,1.0,0.5511681437492371,0.755190908908844,1.0,1.0,1.0,0.5477193593978882,0.5477193593978882,0.9585508108139038,1.0,0.5511681437492371,0.5477193593978882,0.0,1.0,1.0,1.0,0.803769052028656,0.4568701386451721,-0.5869415402412415,0.0,0.0005996692925691605,-0.40407413244247437,-0.9147262573242188,0.0,0.0,0.0,0.0,0.0,0.0,250.63059997558594,13.692983627319336,23.963769912719727,25.0,13.692983627319336,13.779203414916992,0.0,1.0,0.5477193450927734,0.958550796508789,0.0,0.0,0.0,0.0,0.0,2.253219723701477,0.5936213423157709,0.7702051210403442,1.7915859095399977,0.02,-0.0,-0.0074600734369391,-0.0012117930335765034,0.0,0.15,-0.0,0.0,0.0,-0.0,0.0,0.0,0.0,0.0,0.35,0.0,0.0,0.0,0.0,0.0,0.0,0.0,0.0,0.25,-0.0,0.023681640625,0.0,1.253219723701477,-0.0,0.00592041015625,0.00592041015625,-0.05,0.5402051210403442,0.3601367473602295,0.2,0.0,-0.0,-0.0,-0.0,0.8,1.0,-0.0,0.0,-0.0,-0.0,0.0,0.0,0.0,0.4522932087862865,-0.0,-0.0,-0.008414090460002192,0.02,0.0,0.0,0.0,0.0,0.0,0.0,0.3601367473602295,32.56511103261263,32.4,1.0,0.0,0.0,1.0,2.0,4.0,0.0,1.0,0.0,1.0,0.0,0.0,0.0,0.0,0.0,0.0,0.0,0.0,0.0,0.0,0.0,0.0,0.0,0.0,0.0,0.0,0.0,0.0,0.0,87.45826721191406,238.99996948242188,87.34854125976562,238.69937133789062,-0.1097259521484375,-0.30059814453125,0.31999847292900085,-1.9207935857194687,-0.4082412123680115,-0.9128741025924683,0.0,-14.853507041931152,10.219110488891602,0.0,28.0,28.0,28.0,0.0,1.0,30.0,0.0,0.0,1.0,91.0,1.0,0.0,3.0,0.0,7.12,25.973499985411763,0.6871999939903617,4.9974999856203794,14.071800047531724,10.767800034955144,4.0,3.154000034555793,2.2185000125318766,0.8151000365614891,0.000300002284348011
1,323,323,5.601443937452121,0,0,2.0,4.0,0.9585508108139038,0.9755330085754395,1.0,1.0,1.0,1.0,0.5511681437492371,0.755190908908844,1.0,1.0,1.0,0.5477193593978882,0.5477193593978882,0.9585508108139038,1.0,0.5511681437492371,0.5477193593978882,0.0,1.0,1.0,1.0,0.8031327724456787,0.46521586179733276,0.50711989402771,0.0,0.0005996692925691605,-0.4038484990596771,-0.9148258566856384,0.0,0.0,0.0,0.0,0.0,0.0,250.62203979492188,14.002820014953613,23.453004837036133,25.0,14.002820014953613,14.01542854309082,0.0,1.0,0.5601128005981445,0.9381201934814453,0.0,0.0,0.0,0.0,0.0,2.2437386512756348,0.7717115909173927,0.7659936952590942,1.8,0.02,-0.0,-0.006744567749836312,-0.0011025338793323501,0.18912963867187502,0.15,-0.0,0.0,0.0,-0.0,0.0,0.0,0.0,0.0,0.35,0.0,0.0,0.0,0.0,0.0,0.0,0.0,0.0,0.25,-0.0,-0.0684814453125,0.0,1.2437386512756348,-0.0,-0.0085601806640625,-0.0085601806640625,-0.05,0.5359936952590942,0.3573291301727295,0.2,0.0,-0.0,-0.0,-0.0,0.8,1.0,-0.0,0.0,-0.0,-0.0,0.0,0.0,0.0,0.4404290538746864,-0.0,-0.0,-0.0,0.02,0.0,0.0,0.0,0.0,0.0,0.0,0.3573291301727295,31.710891878977417,32.4,0.0,0.6,0.0,1.0,2.0,4.0,0.0,1.0,0.0,1.0,0.0,0.0,0.0,0.0,0.0,0.0,0.0,0.0,0.0,0.0,0.0,0.0,0.0,0.0,0.0,0.0,0.0,0.0,0.0,87.34770202636719,238.69944763183594,87.14155578613281,238.45469665527344,-0.206146240234375,-0.2447509765625,0.31999891996383667,-2.270785170622893,-0.4083205461502075,-0.9128386378288269,0.0,-14.853507041931152,10.219110488891602,0.0,28.0,28.0,28.0,0.0,1.0,30.0,0.0,0.0,1.0,90.0,1.0,0.0,3.0,0.0,7.16,57.88129998836666,0.5666000070050359,5.594699992798269,43.955600005574524,17.61029998306185,4.0,4.677199991419911,2.385100000537932,0.6751000182703137,0.000400003045797348
1,324,324,4.808419775365463,0,0,2.0,3.0,0.9381201863288879,0.954759955406189,1.0,1.0,1.0,1.0,0.5606171488761902,0.7684023976325989,1.0,1.0,1.0,0.5601127743721008,0.5601127743721008,0.9381201863288879,1.0,0.5606171488761902,0.5601127743721008,0.0,1.0,1.0,1.0,0.8027629256248474,0.45301273465156555,-0.7415096759796143,0.0,0.0013430067338049412,-0.40391555428504944,-0.9147962927818298,0.0,0.0,0.0,0.0,0.0,0.0,250.63983154296875,14.002820014953613,23.453004837036133,25.0,14.002820014953613,14.01542854309082,0.0,1.0,0.5601128005981445,0.9381201934814453,0.0,0.0,0.0,0.0,0.0,2.243349552154541,0.5885365957008517,0.7415336507558823,1.2149999767541886,0.02,-0.0,-0.006744567749836312,-0.0011025338793323501,0.0,0.15,-0.0,0.0,0.0,-0.0,0.0,0.0,0.0,0.0,0.35,0.0,0.0,0.0,0.0,0.0,0.0,0.0,0.0,0.25,-0.0,0.0711669921875,0.0,1.243349552154541,-0.0,0.017791748046875,0.017791748046875,-0.05,0.5355336517095566,0.3570224344730377,0.2,0.0,-0.0,-0.0,-0.0,0.5599999904632569,0.699999988079071,-0.0,0.0,-0.0,-0.0,0.0,0.0,0.0,0.44638369733002037,-0.04500000178813934,-0.0,-0.0,0.02,0.0,0.0,0.0,0.0,0.0,0.0,0.3570224344730377,32.13962620776147,32.4,0.7326086850269979,0.0,0.0,0.699999988079071,2.0,3.0,0.0,0.699999988079071,0.0,0.699999988079071,0.0,0.0,0.0,0.0,0.0,0.0,0.0,0.0,0.0,0.0,0.0,0.0,0.0,0.0,0.0,0.0,0.0,0.0,0.0,87.14070892333984,238.45529174804688,86.8631362915039,238.2960662841797,-0.2775726318359375,-0.1592254638671875,0.31999891996383667,-2.6207845817970363,-0.4079945981502533,-0.9129843711853027,0.0,-14.853507041931152,10.219110488891602,0.0,28.0,28.0,28.0,0.0,1.0,30.0,0.0,0.0,1.0,89.0,1.0,0.0,3.0,0.0,7.2,24.881100049242377,0.6041000597178936,3.751999931409955,14.142800006084144,10.588299948722124,4.0,3.970199963077903,1.7508999444544315,0.6354000652208924,0.000400003045797348
1,325,325,5.652898021866872,0,0,2.0,4.0,0.9381201863288879,0.954759955406189,1.0,1.0,1.0,1.0,0.5606171488761902,0.7684023976325989,1.0,1.0,1.0,0.5601127743721008,0.5601127743721008,0.9381201863288879,1.0,0.5606171488761902,0.5601127743721008,0.0,1.0,1.0,1.0,0.8026513457298279,0.45913752913475037,0.3721652030944824,0.0,0.0013430067338049412,-0.4037863612174988,-0.9148533344268799,0.0,0.0,0.0,0.0,0.0,0.0,250.72496032714844,14.250431060791016,22.944068908691406,25.0,14.4375,14.250431060791016,0.0,1.0,0.5700172424316406,0.9177627563476562,0.0,0.0,0.0,0.0,0.0,2.265087366104126,0.8878076356765926,0.7752606827020645,1.7047423373840898,0.02,-0.0,-0.005857519475998207,-0.0010036165744199128,0.2890642166137696,0.15,-0.0,0.0,0.0,-0.0,0.0,0.0,0.0,0.0,0.35,0.0,0.0,0.0,0.0,0.0,0.0,0.0,0.0,0.25,-0.0,0.34051513671875,0.0,1.265087366104126,-0.0,0.0851287841796875,0.0851287841796875,-0.05,0.5452606827020645,0.36350712180137634,0.2,0.0,-0.0,-0.0,-0.0,0.8,1.0,-0.0,0.0,-0.0,-0.0,0.0,0.0,0.0,0.4556045551132411,-0.04500000178813934,-0.0,-0.05025766082777103,0.02,0.0,0.0,0.0,0.0,0.0,0.0,0.36350712180137634,32.80352796815336,32.4,1.0,0.0,0.0,1.0,2.0,4.0,0.0,1.0,0.0,1.0,0.0,0.0,0.0,0.0,0.0,0.0,0.0,0.0,0.0,0.0,0.0,0.0,0.0,0.0,0.0,0.0,0.0,0.0,0.0,86.86260223388672,238.29684448242188,86.54725646972656,238.24246215820312,-0.31534576416015625,-0.05438232421875,0.32000061869621277,-2.9708193626725774,-0.4073025584220886,-0.9132932424545288,0.0,-14.853507041931152,10.219110488891602,0.0,28.0,28.0,28.0,0.0,1.0,30.0,0.0,0.0,1.0,88.0,1.0,0.0,3.0,0.0,7.24,46.61980003584176,0.5666000070050359,5.394799984060228,34.82459997758269,23.59719993546605,4.0,3.3828000305220485,1.6737000551074743,0.7474999874830246,0.000500003807246685
1,326,326,4.964579949350089,0,0,2.0,3.0,0.9177627563476562,0.9340904355049133,1.0,1.0,1.0,1.0,0.5700172185897827,0.7813074588775635,1.0,1.0,1.0,0.5774999856948853,0.5700172185897827,0.9177627563476562,1.0,0.5700172185897827,0.5774999856948853,0.0,1.0,1.0,1.0,0.8027518391609192,0.4686218202114105,0.5763036012649536,0.0,-0.002277381718158722,-0.4035978317260742,-0.9149364829063416,0.0,0.0,0.0,0.0,0.0,0.0,250.81048583984375,14.504796981811523,22.431907653808594,25.0,14.678035736083984,14.504796981811523,0.0,1.0,0.580191879272461,0.8972763061523438,0.0,0.0,0.0,0.0,0.0,2.253530263900757,0.7290266936728664,0.7470230150222779,1.2149999767541886,0.02,-0.0,-0.005419170531342819,-0.0009065253195502082,0.14052658081054686,0.15,-0.0,0.0,0.0,-0.0,0.0,0.0,0.0,0.0,0.35,0.0,0.0,0.0,0.0,0.0,0.0,0.0,0.0,0.25,-0.0,0.34210205078125,0.0,1.2535302639007568,-0.0,0.0855255126953125,0.0855255126953125,-0.05,0.5410230159759521,0.36068201065063477,0.2,0.0,-0.0,-0.0,-0.0,0.5599999904632569,0.699999988079071,-0.0,0.0,-0.0,-0.0,0.0,0.0,0.0,0.44482580871321264,-0.04500000178813934,-0.0,-0.0,0.02,0.0,0.0,0.0,0.0,0.0,0.0,0.36068201065063477,32.02745822735131,32.4,0.0,0.6,0.0,0.699999988079071,2.0,3.0,0.0,0.699999988079071,0.0,0.699999988079071,0.0,0.0,0.0,0.0,0.0,0.0,0.0,0.0,0.0,0.0,0.0,0.0,0.0,0.0,0.0,0.0,0.0,0.0,0.0,86.54700469970703,238.24334716796875,86.23084259033203,238.19393920898438,-0.316162109375,-0.049407958984375,0.31999942660331726,-2.9865723519423035,-0.4063272178173065,-0.9137276411056519,0.0,-14.853507041931152,10.219110488891602,0.0,28.0,28.0,28.0,0.0,1.0,30.0,0.0,0.0,1.0,87.0,1.0,0.0,3.0,0.0,7.28,42.955399956554174,0.5582999438047409,4.96179994661361,30.142200062982738,15.471999999135733,4.0,4.180099931545556,2.3990999907255173,0.6786000449210405,0.000400003045797348
1,327,327,5.3880020881671005,0,0,2.0,4.0,0.8972762823104858,0.9132161736488342,1.0,1.0,1.0,1.0,0.5801918506622314,0.7942241430282593,1.0,1.0,1.0,0.5871214270591736,0.5801918506622314,0.8972762823104858,1.0,0.5801918506622314,0.5871214270591736,0.0,1.0,1.0,1.0,0.8028619289398193,0.45753511786460876,-0.6736716628074646,0.0,0.0005331244901753962,-0.403673380613327,-0.9149031639099121,0.0,0.0,0.0,0.0,0.0,0.0,250.8965606689453,14.504796981811523,22.431907653808594,25.0,14.678035736083984,14.504796981811523,0.0,1.0,0.580191879272461,0.8972763061523438,0.0,0.0,0.0,0.0,0.0,2.256127119064331,0.5963444677498125,0.7719381409883499,1.7435923603646077,0.02,-0.0,-0.005419170531342819,-0.0009065253195502082,0.0,0.15,-0.0,0.0,0.0,-0.0,0.0,0.0,0.0,0.0,0.35,0.0,0.0,0.0,0.0,0.0,0.0,0.0,0.0,0.25,-0.0,0.34429931640625,0.0,1.256127119064331,-0.0,0.0860748291015625,0.0860748291015625,-0.05,0.5419381409883499,0.3612920939922333,0.2,0.0,-0.0,-0.0,-0.0,0.8,1.0,-0.0,0.0,-0.0,-0.0,0.0,0.0,0.0,0.4526701636007056,-0.04500000178813934,-0.0,-0.011407637847252948,0.02,0.0,0.0,0.0,0.0,0.0,0.0,0.3612920939922333,32.5922517792508,32.4,1.0,0.0,0.0,1.0,2.0,4.0,0.0,1.0,0.0,1.0,0.0,0.0,0.0,0.0,0.0,0.0,0.0,0.0,0.0,0.0,0.0,0.0,0.0,0.0,0.0,0.0,0.0,0.0,0.0,86.23065185546875,238.1944580078125,85.91448974609375,238.14503479003906,-0.316162109375,-0.0494232177734375,0.3200017809867859,-2.986525250898437,-0.40534064173698425,-0.9141656756401062,0.0,-14.853507041931152,10.219110488891602,0.0,28.0,28.0,28.0,0.0,1.0,30.0,0.0,0.0,1.0,86.0,1.0,0.0,3.0,0.0,7.32,24.717199965380132,0.586399924941361,5.313500063493848,11.46299997344613,6.523000076413155,4.0,3.753800061531365,2.842899993993342,0.726599944755435,0.000400003045797348
1,328,328,1.5646708486372174,0,0,2.0,4.0,0.8972762823104858,0.9132161736488342,1.0,1.0,1.0,1.0,0.5801918506622314,0.7942241430282593,1.0,1.0,1.0,0.5871214270591736,0.5801918506622314,0.8972762823104858,1.0,0.5801918506622314,0.5871214270591736,0.0,1.0,1.0,1.0,0.8029710650444031,0.4656035900115967,0.49027219414711,0.0,0.0005331244901753962,-0.40341949462890625,-0.9150151610374451,0.0,0.0,0.0,0.0,0.0,0.0,257.6908874511719,12.916829109191895,12.916829109191895,25.0,15.195608139038086,14.810081481933594,0.01856348104774952,0.9814365189522505,0.5166731643676757,0.5166731643676757,0.0,0.0,0.0,0.0,0.0,2.221119315613072,-2.5375946317337985,0.7294314824769266,1.1317146822810173,0.02,-0.0,-0.004587100417929089,-0.0008023180985720081,-0.06382827758789059,0.15,-0.0,0.0,0.0,-2.970156967639923,0.0,0.0,0.0,0.0,0.35,0.0,0.0,0.0,0.0,0.0,0.0,0.0,0.0,0.26206626268103717,-0.0,7.851492151618004,0.0,1.2396827966608215,-0.0,6.7943267822265625,2.0,-0.05,0.5291330521533258,0.35841071605682373,0.2,0.0,-0.0,-0.0,-0.0,0.5029843032360077,0.6287303790450096,-0.0,0.0,-0.0,-0.0,0.0,0.0,0.0,0.3517800320105163,-0.0,-0.0,-0.0,0.02,0.0,0.0,0.0,0.0,0.0,0.0,0.35841071605682373,31.872764122076333,32.4,0.0,0.6,0.0,1.0,2.0,4.0,0.0,1.0,0.0,1.0,0.0,0.0,0.0,0.0,0.0,0.0,0.0,0.0,0.0,0.0,0.0,0.0,0.0,0.0,0.0,0.0,0.0,0.0,0.0,85.9144515991211,238.14527893066406,85.5982894897461,238.09585571289062,-0.316162109375,-0.0494232177734375,0.3200017809867859,-2.986525250898437,-0.40435320138931274,-0.9146029353141785,0.0,-14.853507041931152,10.219110488891602,0.0,28.0,28.0,28.0,0.0,1.0,30.0,0.0,0.0,1.0,85.0,1.0,0.0,3.0,0.0,7.36,80.77460003551096,0.5891999462619424,5.380299990065396,37.92290005367249,16.825800063088536,4.0,26.26900002360344,3.829000052064657,6.74129999242723,0.000400003045797348
1,329,329,3.16065802015554,0,0,2.0,4.0,0.5166731476783752,0.8924970030784607,1.0,1.0,1.0,1.0,0.5924032330513,0.807131826877594,1.0,1.0,1.0,0.6078243255615234,0.5166731476783752,0.5166731476783752,1.0,0.5924032330513,0.6078243255615234,0.0,1.0,1.0,1.0,0.7877413034439087,0.4553252160549164,-0.624555230140686,0.0,0.001260516233742237,-0.4034903347492218,-0.9149839282035828,0.0,0.01856348104774952,0.0032237228006124496,0.0,0.0,0.0,307.61480712890625,12.916829109191895,12.916829109191895,25.0,15.195608139038086,14.810081481933594,0.01856348104774952,0.9814365189522505,0.5166731643676757,0.5166731643676757,0.0,0.0,0.0,0.0,0.0,2.20579665462121,-2.47661931132649,2.280549782417239,1.1309308944435807,0.02,-0.0,-0.004587100417929089,-0.0008023180985720081,0.0,0.15,-0.0,0.0,0.0,-2.970156967639923,0.0,0.0,0.0,0.0,0.35,0.0,0.0,0.0,0.0,0.0,0.0,0.0,0.0,0.26206626268103717,-0.0,7.851492151618004,0.0,1.2243601356689597,-0.0,49.923919677734375,2.0,1.5,0.5302513520936383,0.3591682016849518,0.2,0.0,-0.0,-0.0,-0.0,0.5029843032360077,0.6287303790450096,-0.0,0.0,-0.0,-0.0,0.0,0.0,0.0,0.34892707482993424,-0.0,-0.0,-0.0007837878374365396,0.02,0.0,0.0,0.0,0.0,0.0,0.0,0.3591682016849518,32.4503931800276,32.4,1.0,0.0,0.0,1.0,2.0,4.0,0.0,1.0,0.0,1.0,0.0,0.0,0.0,0.0,0.0,0.0,0.0,0.0,0.0,0.0,0.0,0.0,0.0,0.0,0.0,0.0,0.0,0.0,0.0,94.78669738769531,239.53199768066406,94.50665283203125,239.0,-0.2800445556640625,-0.5319976806640625,0.6012042164802551,-2.055341635098133,-0.43135568499565125,-0.9021819233894348,0.0,-14.853507041931152,10.219110488891602,0.0,28.0,28.0,28.0,0.0,1.0,30.0,0.0,0.0,1.0,84.0,1.0,0.0,3.0,0.0,7.4,122.54790007136762,0.5369000136852264,6.998099968768656,74.39800002612174,30.49300005659461,4.0,25.93120001256466,6.422500009648502,8.225400000810623,0.000400003045797348
1,330,330,0.7543789220191242,0,0,2.0,4.0,0.5166731476783752,0.8924970030784607,1.0,1.0,1.0,1.0,0.5924032330513,0.807131826877594,1.0,1.0,1.0,0.6078243255615234,0.5166731476783752,0.5166731476783752,1.0,0.5924032330513,0.6078243255615234,0.0,1.0,1.0,1.0,0.8049094080924988,0.4635770320892334,0.5014141201972961,0.0,0.001260516233742237,-0.40331730246543884,-0.9150602221488953,0.0,0.01856348104774952,0.0032237228006124496,0.0,0.0,0.0,342.6073303222656,12.616399765014648,12.616399765014648,25.0,15.442288398742676,15.168771743774414,0.023712268099188805,0.9762877319008112,0.504655990600586,0.504655990600586,0.0,0.0,0.0,0.0,0.0,2.131512380228334,-3.0593336091471097,0.7158418025086968,0.9463583484292031,0.02,-0.0,-0.004238290661838944,-0.0006950814661160787,0.2506915092468262,0.15,-0.0,0.0,0.0,-3.7939628958702087,0.0,0.0,0.0,0.0,0.35,0.0,0.0,0.0,0.0,0.0,0.0,0.0,0.0,0.26541297426447275,-0.0,7.81030185520649,0.0,1.155224648327523,-0.0,34.992523193359375,2.0,-0.05,0.5237814314673989,0.3563704192638397,0.2,0.0,-0.0,-0.0,-0.0,0.42060371041297917,0.5257546380162239,-0.0,0.0,-0.0,-0.0,0.0,0.0,0.0,0.33887114960422804,-0.0,-0.0,-0.0,0.02,0.0,0.0,0.0,0.0,0.0,0.0,0.3563704192638397,31.69165855742991,32.4,0.0,0.6,0.0,1.0,2.0,4.0,0.0,1.0,0.0,1.0,0.0,0.0,0.0,0.0,0.0,0.0,0.0,0.0,0.0,0.0,0.0,0.0,0.0,0.0,0.0,0.0,0.0,0.0,0.0,118.25700378417969,283.9949951171875,118.21051788330078,239.0,-0.04648590087890625,-44.9949951171875,44.995018005371094,-1.5718294613907617,-0.43725916743278503,-0.8993355631828308,0.0,-14.853507041931152,10.219110488891602,0.0,28.0,28.0,28.0,0.0,0.0,30.0,0.0,0.0,1.0,83.0,1.0,0.0,3.0,0.0,7.44,110.59269995894283,0.6502999458462,9.242900065146387,57.55150003824383,24.118099943734705,4.0,27.92100002989173,7.135799969546497,8.053999976255,0.000400003045797348
1,331,331,0.6208772639416013,0,0,2.0,4.0,0.5046560168266296,0.8717114925384521,1.0,1.0,1.0,1.0,0.6067508459091187,0.820239782333374,1.0,1.0,1.0,0.6176915168762207,0.5046560168266296,0.5046560168266296,1.0,0.6067508459091187,0.6176915168762207,0.0,1.0,1.0,1.0,0.8456069231033325,0.4527379870414734,-0.6586238145828247,0.0,0.001384900533594191,-0.4034006893634796,-0.9150234460830688,0.0,0.023712268099188805,0.004117858130484819,0.0,0.0,0.0,273.3738708496094,12.616399765014648,12.616399765014648,25.0,15.442288398742676,15.168771743774414,0.023712268099188805,0.9762877319008112,0.504655990600586,0.504655990600586,0.0,0.0,0.0,0.0,0.0,2.250166734851594,-3.312695985556894,0.7170481662176983,0.9463583484292031,0.02,-0.0,-0.004238290661838944,-0.0006950814661160787,0.0,0.15,-0.0,0.0,0.0,-3.7939628958702087,0.0,0.0,0.0,0.0,0.35,0.0,0.0,0.0,0.0,0.0,0.0,0.0,0.0,0.26541297426447275,-0.0,-16.0,0.0,1.273879002950783,-0.0,-69.23345947265625,-2.0,-0.05,0.5249877951764004,0.35719120502471924,0.2,0.0,-0.0,-0.0,-0.0,0.42060371041297917,0.5257546380162239,-0.0,0.0,-0.0,-0.0,0.0,0.0,0.0,0.3362002824412698,-0.0,-0.0,-0.0,0.02,0.0,0.0,0.0,0.0,0.0,0.0,0.35719120502471924,32.225326176434756,32.4,1.0,0.0,0.0,1.0,2.0,4.0,0.0,1.0,0.0,1.0,0.0,0.0,0.0,0.0,0.0,0.0,0.0,0.0,0.0,0.0,0.0,0.0,0.0,0.0,0.0,0.0,0.0,0.0,0.0,118.27899932861328,325.9599914550781,118.2785415649414,239.0,-0.000457763671875,-86.95999145507812,86.95999145507812,-1.5708015908670117,-0.3885253965854645,-0.9214379787445068,0.0,-14.853507041931152,10.219110488891602,0.0,28.0,28.0,28.0,0.0,0.0,30.0,0.0,0.0,1.0,82.0,1.0,0.0,3.0,0.0,7.48,31.451900023967028,0.4729999927803874,7.9110999358817935,15.830900054425001,12.029499979689717,4.0,4.17369999922812,2.487199963070452,0.5448000738397241,0.000400003045797348
1,332,332,9.311036268371755,0,0,2.0,3.0,0.5046560168266296,0.8717114925384521,1.0,1.0,1.0,1.0,0.6067508459091187,0.820239782333374,1.0,1.0,1.0,0.6176915168762207,0.5046560168266296,0.5046560168266296,1.0,0.6067508459091187,0.6176915168762207,0.0,1.0,1.0,1.0,0.7421914339065552,0.4603618085384369,0.4632531404495239,0.0,0.001384900533594191,-0.4032236635684967,-0.9151014685630798,0.0,0.023712268099188805,0.004117858130484819,0.0,0.0,0.0,273.4085998535156,15.406975746154785,20.903579711914062,25.0,15.861373901367188,15.406975746154785,0.0,1.0,0.6162790298461914,0.8361431884765625,0.0,0.0,0.0,0.0,0.0,2.3262051343917847,5.030651385107618,0.7507349687814713,1.1834447800908823,0.02,-0.0,-0.0037076532536076054,-0.000631910300936733,4.430550003051758,0.15,-0.0,0.0,0.0,-0.0,0.0,0.0,0.0,0.0,0.35,0.0,0.0,0.0,0.0,0.0,0.0,0.0,0.0,0.25,-0.0,0.138916015625,0.0,1.3262051343917847,-0.0,0.03472900390625,0.03472900390625,-0.05,0.5447349697351456,0.36315664649009705,0.2,0.0,-0.0,-0.0,-0.0,0.5599999904632569,0.699999988079071,-0.0,0.0,-0.0,-0.0,0.0,0.0,0.0,0.454440945610404,-0.04500000178813934,-0.0,-0.031555196663306195,0.02,0.0,0.0,0.0,0.0,0.0,0.0,0.36315664649009705,32.719748083949085,32.4,0.7326086850269979,0.0,0.0,0.699999988079071,2.0,3.0,0.0,0.699999988079071,0.0,0.699999988079071,0.0,0.0,0.0,0.0,0.0,0.0,0.0,0.0,0.0,0.0,0.0,0.0,0.0,0.0,0.0,0.0,0.0,0.0,0.0,118.27838134765625,239.0000457763672,118.16868591308594,238.69943237304688,-0.1096954345703125,-0.3006134033203125,0.32000234723091125,-1.92068766185775,-0.5029584169387817,-0.8643105626106262,0.0,-14.853507041931152,10.219110488891602,0.0,28.0,28.0,28.0,0.0,1.0,30.0,0.0,0.0,1.0,81.0,1.0,0.0,3.0,0.0,7.52,44.04970002360642,0.6712999893352389,3.383600036613643,31.925200019031763,24.85709998290986,4.0,4.531800048425794,2.8095999732613564,0.6961999461054802,0.000400003045797348
1,333,333,5.745296283887177,0,0,2.0,4.0,0.8361431956291199,0.8510906100273132,1.0,1.0,1.0,1.0,0.6162790060043335,0.8331090807914734,1.0,1.0,1.0,0.6344549655914307,0.6162790060043335,0.8361431956291199,1.0,0.6162790060043335,0.6344549655914307,0.0,1.0,1.0,1.0,0.7415344715118408,0.4674249589443207,0.429185688495636,0.0,-0.0016531352885067463,-0.4031120538711548,-0.9151506423950195,0.0,0.0,0.0,0.0,0.0,0.0,273.4169616699219,15.642677307128906,20.394363403320312,25.0,16.308116912841797,15.642677307128906,0.0,1.0,0.6257070922851562,0.8157745361328125,0.0,0.0,0.0,0.0,0.0,2.3123817443847656,0.888623695896416,0.7692908453941345,1.7549999982118607,0.02,-0.0,-0.003217952957916613,-0.0005750556569373929,0.29891014099121094,0.15,-0.0,0.0,0.0,-0.0,0.0,0.0,0.0,0.0,0.35,0.0,0.0,0.0,0.0,0.0,0.0,0.0,0.0,0.25,-0.0,0.033447265625,0.0,1.3123817443847656,-0.0,0.00836181640625,0.00836181640625,-0.05,0.5392908453941345,0.35952723026275635,0.2,0.0,-0.0,-0.0,-0.0,0.8,1.0,-0.0,0.0,-0.0,-0.0,0.0,0.0,0.0,0.443506563520059,-0.04500000178813934,-0.0,-0.0,0.02,0.0,0.0,0.0,0.0,0.0,0.0,0.35952723026275635,31.932472573444247,32.4,0.0,0.6,0.0,1.0,2.0,4.0,0.0,1.0,0.0,1.0,0.0,0.0,0.0,0.0,0.0,0.0,0.0,0.0,0.0,0.0,0.0,0.0,0.0,0.0,0.0,0.0,0.0,0.0,0.0,118.16803741455078,238.69973754882812,117.96190643310547,238.45497131347656,-0.2061309814453125,-0.2447662353515625,0.3200007677078247,-2.270717996425405,-0.5031404495239258,-0.8642046451568604,0.0,-14.853507041931152,10.219110488891602,0.0,28.0,28.0,28.0,0.0,1.0,30.0,0.0,0.0,1.0,80.0,1.0,0.0,3.0,0.0,7.56,63.41990001965314,0.559799955226481,3.2130000181496143,49.97040005400777,24.5040999725461,4.0,5.3872000426054,3.5462999949231744,0.7023999933153391,0.000500003807246685
1,334,334,4.887008121420107,0,0,2.0,3.0,0.8157745599746704,0.8303708434104919,1.0,1.0,1.0,1.0,0.6257070899009705,0.8459470868110657,1.0,1.0,1.0,0.6523246765136719,0.6257070899009705,0.8157745599746704,1.0,0.6257070899009705,0.6523246765136719,0.0,1.0,1.0,1.0,0.741147518157959,0.4561781883239746,-0.6833989024162292,0.0,0.00020949273311998695,-0.40315985679626465,-0.915129542350769,0.0,0.0,0.0,0.0,0.0,0.0,273.4408874511719,15.642677307128906,20.394363403320312,25.0,16.308116912841797,15.642677307128906,0.0,1.0,0.6257070922851562,0.8157745361328125,0.0,0.0,0.0,0.0,0.0,2.3118369579315186,0.59537748973485,0.7447936969995499,1.2149999767541886,0.02,-0.0,-0.003217952957916613,-0.0005750556569373929,0.0,0.15,-0.0,0.0,0.0,-0.0,0.0,0.0,0.0,0.0,0.35,0.0,0.0,0.0,0.0,0.0,0.0,0.0,0.0,0.25,-0.0,0.095703125,0.0,1.3118369579315186,-0.0,0.02392578125,0.02392578125,-0.05,0.5387936979532242,0.3591957986354828,0.2,0.0,-0.0,-0.0,-0.0,0.5599999904632569,0.699999988079071,-0.0,0.0,-0.0,-0.0,0.0,0.0,0.0,0.449170498349704,-0.04500000178813934,-0.0,-0.0,0.02,0.0,0.0,0.0,0.0,0.0,0.0,0.3591957986354828,32.340275881178684,32.4,0.7326086850269979,0.0,0.0,0.699999988079071,2.0,3.0,0.0,0.699999988079071,0.0,0.699999988079071,0.0,0.0,0.0,0.0,0.0,0.0,0.0,0.0,0.0,0.0,0.0,0.0,0.0,0.0,0.0,0.0,0.0,0.0,0.0,117.96128845214844,238.45565795898438,117.68372344970703,238.29641723632812,-0.27756500244140625,-0.15924072265625,0.31999990344047546,-2.620731340637695,-0.5029575228691101,-0.8643110394477844,0.0,-14.853507041931152,10.219110488891602,0.0,28.0,28.0,28.0,0.0,1.0,30.0,0.0,0.0,1.0,79.0,1.0,0.0,3.0,0.0,7.6,19.62999999523163,0.5913999630138278,3.5224000457674265,9.143600007519126,6.10699993558228,4.0,3.1561999348923564,2.4924000026658177,0.699699972756207,0.000400003045797348
1,335,335,5.636438515718549,0,0,2.0,4.0,0.8157745599746704,0.8303708434104919,1.0,1.0,1.0,1.0,0.6257070899009705,0.8459470868110657,1.0,1.0,1.0,0.6523246765136719,0.6257070899009705,0.8157745599746704,1.0,0.6257070899009705,0.6523246765136719,0.0,1.0,1.0,1.0,0.7410321831703186,0.4620039463043213,0.3539959192276001,0.0,0.00020949273311998695,-0.40298932790756226,-0.9152047038078308,0.0,0.0,0.0,0.0,0.0,0.0,273.5234069824219,16.07209014892578,19.882673263549805,25.0,16.603477478027344,16.07209014892578,0.0,1.0,0.6428836059570312,0.7953069305419922,0.0,0.0,0.0,0.0,0.0,2.335787296295166,0.8595105846682423,0.778508882522583,1.6426317522325578,0.02,-0.0,-0.002932006945335161,-0.0004842986171602514,0.2545465469360352,0.15,-0.0,0.0,0.0,-0.0,0.0,0.0,0.0,0.0,0.35,0.0,0.0,0.0,0.0,0.0,0.0,0.0,0.0,0.25,-0.0,0.330078125,0.0,1.335787296295166,-0.0,0.08251953125,0.08251953125,-0.05,0.548508882522583,0.36567258834838867,0.2,0.0,-0.0,-0.0,-0.0,0.8,1.0,-0.0,0.0,-0.0,-0.0,0.0,0.0,0.0,0.45838034329470245,-0.04500000178813934,-0.0,-0.11236824597930298,0.02,0.0,0.0,0.0,0.0,0.0,0.0,0.36567258834838867,33.00338471721858,32.4,1.0,0.0,0.0,1.0,2.0,4.0,0.0,1.0,0.0,1.0,0.0,0.0,0.0,0.0,0.0,0.0,0.0,0.0,0.0,0.0,0.0,0.0,0.0,0.0,0.0,0.0,0.0,0.0,0.0,117.6833724975586,238.29721069335938,117.36802673339844,238.24282836914062,-0.31534576416015625,-0.05438232421875,0.32000061869621277,-2.9708193626725774,-0.5024315714836121,-0.8646169900894165,0.0,-14.853507041931152,10.219110488891602,0.0,28.0,28.0,28.0,0.0,1.0,30.0,0.0,0.0,1.0,78.0,1.0,0.0,3.0,0.0,7.64,41.78369999863207,0.5954999942332506,2.4933000095188618,32.61009999550879,15.424199984408915,4.0,3.4583000233396888,1.8949999939650297,0.6945000495761633,0.000400003045797348
1,336,336,5.5136017440389695,0,0,2.0,4.0,0.795306921005249,0.809563159942627,1.0,1.0,1.0,1.0,0.6428835988044739,0.8589382171630859,1.0,1.0,1.0,0.6641390919685364,0.6428835988044739,0.795306921005249,1.0,0.6428835988044739,0.6641390919685364,0.0,1.0,1.0,1.0,0.741152286529541,0.4714769124984741,0.5756152868270874,0.0,-0.001402145135216415,-0.4028674066066742,-0.9152583479881287,0.0,0.0,0.0,0.0,0.0,0.0,273.6217956542969,16.07209014892578,19.882673263549805,25.0,16.603477478027344,16.07209014892578,0.0,1.0,0.6428836059570312,0.7953069305419922,0.0,0.0,0.0,0.0,0.0,2.3253886699676514,0.5939713625740118,0.7742417114973068,1.8,0.02,-0.0,-0.002932006945335161,-0.0004842986171602514,0.0,0.15,-0.0,0.0,0.0,-0.0,0.0,0.0,0.0,0.0,0.35,0.0,0.0,0.0,0.0,0.0,0.0,0.0,0.0,0.25,-0.0,0.3935546875,0.0,1.3253886699676514,-0.0,0.098388671875,0.098388671875,-0.05,0.5442417114973068,0.3628278076648712,0.2,0.0,-0.0,-0.0,-0.0,0.8,1.0,-0.0,0.0,-0.0,-0.0,0.0,0.0,0.0,0.44738766813650727,-0.0,-0.0,-0.0,0.02,0.0,0.0,0.0,0.0,0.0,0.0,0.3628278076648712,32.211912105828524,32.4,0.0,0.6,0.0,1.0,2.0,4.0,0.0,1.0,0.0,1.0,0.0,0.0,0.0,0.0,0.0,0.0,0.0,0.0,0.0,0.0,0.0,0.0,0.0,0.0,0.0,0.0,0.0,0.0,0.0,117.367919921875,238.24371337890625,117.0489730834961,238.2177276611328,-0.31894683837890625,-0.0259857177734375,0.3200036585330963,-3.060298706701405,-0.5016248226165771,-0.865085244178772,0.0,-14.853507041931152,10.219110488891602,0.0,28.0,28.0,28.0,0.0,1.0,30.0,0.0,0.0,1.0,77.0,1.0,0.0,3.0,0.0,7.68,24.239799939095974,0.615699915215373,3.10550001449883,14.443400083109736,9.17259999550879,4.0,3.5155999939888716,1.9329999340698123,0.5969000048935413,0.000300002284348011
1,337,337,6.331289751874274,0,0,2.0,4.0,0.795306921005249,0.809563159942627,1.0,1.0,1.0,1.0,0.6428835988044739,0.8589382171630859,1.0,1.0,1.0,0.6641390919685364,0.6428835988044739,0.795306921005249,1.0,0.6428835988044739,0.6641390919685364,0.0,1.0,1.0,1.0,0.7413281798362732,0.460170179605484,-0.6870421767234802,0.0,-0.001402145135216415,-0.40293899178504944,-0.9152268171310425,0.0,0.0,0.0,0.0,0.0,0.0,273.7209777832031,16.566884994506836,19.366104125976562,25.0,17.61337661743164,16.566884994506836,0.0,1.0,0.6626753997802735,0.7746441650390625,0.0,0.0,0.0,0.0,0.0,2.328834056854248,1.4537322122615348,0.7754674363136291,1.7532560464448623,0.02,-0.0,-0.002142047140373465,-0.00039733659023970637,0.8508665084838868,0.15,-0.0,0.0,0.0,-0.0,0.0,0.0,0.0,0.0,0.35,0.0,0.0,0.0,0.0,0.0,0.0,0.0,0.0,0.25,-0.0,0.396728515625,0.0,1.328834056854248,-0.0,0.09918212890625,0.09918212890625,-0.05,0.5454674363136292,0.36364495754241943,0.2,0.0,-0.0,-0.0,-0.0,0.8,1.0,-0.0,0.0,-0.0,-0.0,0.0,0.0,0.0,0.4554050875082612,-0.0,-0.0,-0.04674395355513779,0.02,0.0,0.0,0.0,0.0,0.0,0.0,0.36364495754241943,32.78916630059481,32.4,1.0,0.0,0.0,1.0,2.0,4.0,0.0,1.0,0.0,1.0,0.0,0.0,0.0,0.0,0.0,0.0,0.0,0.0,0.0,0.0,0.0,0.0,0.0,0.0,0.0,0.0,0.0,0.0,0.0,117.04886627197266,238.21835327148438,116.72991943359375,238.19236755371094,-0.31894683837890625,-0.0259857177734375,0.3200036585330963,-3.060298706701405,-0.5007598996162415,-0.8655862212181091,0.0,-14.853507041931152,10.219110488891602,0.0,28.0,28.0,28.0,0.0,1.0,30.0,0.0,0.0,1.0,76.0,1.0,0.0,3.0,0.0,7.72,47.05149994697422,0.3776999656111002,4.090700065717101,34.8740000044927,25.71319998241961,4.0,4.664200008846819,2.2126000840216875,0.7977999048307538,0.000400003045797348
1,338,338,5.5016045792272825,0,0,2.0,4.0,0.774644136428833,0.7885503172874451,1.0,1.0,1.0,1.0,0.6626753807067871,0.8720736503601074,1.0,1.0,1.0,0.7045350670814514,0.6626753807067871,0.774644136428833,1.0,0.6626753807067871,0.7045350670814514,0.0,1.0,1.0,1.0,0.7415031790733337,0.46841666102409363,0.5010887384414673,0.0,-0.002222242997959256,-0.40279102325439453,-0.915291965007782,0.0,0.0,0.0,0.0,0.0,0.0,273.8172912597656,16.566884994506836,19.366104125976562,25.0,17.61337661743164,16.566884994506836,0.0,1.0,0.6626753997802735,0.7746441650390625,0.0,0.0,0.0,0.0,0.0,2.317349910736084,0.5930060787370945,0.7712485897541046,1.8,0.02,-0.0,-0.002142047140373465,-0.00039733659023970637,0.0,0.15,-0.0,0.0,0.0,-0.0,0.0,0.0,0.0,0.0,0.35,0.0,0.0,0.0,0.0,0.0,0.0,0.0,0.0,0.25,-0.0,0.38525390625,0.0,1.317349910736084,-0.0,0.0963134765625,0.0963134765625,-0.05,0.5412485897541046,0.3608323931694031,0.2,0.0,-0.0,-0.0,-0.0,0.8,1.0,-0.0,0.0,-0.0,-0.0,0.0,0.0,0.0,0.4455454624677077,-0.0,-0.0,-0.0,0.02,0.0,0.0,0.0,0.0,0.0,0.0,0.3608323931694031,32.07927329767495,32.4,0.0,0.6,0.0,1.0,2.0,4.0,0.0,1.0,0.0,1.0,0.0,0.0,0.0,0.0,0.0,0.0,0.0,0.0,0.0,0.0,0.0,0.0,0.0,0.0,0.0,0.0,0.0,0.0,0.0,116.72993469238281,238.19268798828125,116.41099548339844,238.1667022705078,-0.318939208984375,-0.0259857177734375,0.31999605894088745,-3.060296768853441,-0.49989408254623413,-0.8660865426063538,0.0,-14.853507041931152,10.219110488891602,0.0,28.0,28.0,28.0,0.0,1.0,30.0,0.0,0.0,1.0,75.0,1.0,0.0,3.0,0.0,7.76,28.577299905009568,0.6058999570086598,2.7416000375524163,17.86380005069077,9.903400088660419,4.0,4.90409997291863,1.7949999310076237,0.6404999876394868,0.000300002284348011
1,339,339,6.385144926135302,0,0,2.0,4.0,0.774644136428833,0.7885503172874451,1.0,1.0,1.0,1.0,0.6626753807067871,0.8720736503601074,1.0,1.0,1.0,0.7045350670814514,0.6626753807067871,0.774644136428833,1.0,0.6626753807067871,0.7045350670814514,0.0,1.0,1.0,1.0,0.7416790127754211,0.45827531814575195,-0.6162265539169312,0.0,-0.002222242997959256,-0.4028586745262146,-0.9152622222900391,0.0,0.0,0.0,0.0,0.0,0.0,273.9143371582031,12.936230659484863,18.850370407104492,12.936230659484863,19.110183715820312,16.81318473815918,0.0,1.0,0.5174492263793945,0.7540148162841797,0.0,0.0,0.0,0.0,0.0,2.3200912475585938,1.4939549192394062,0.7724373000860214,1.7786614592512815,0.02,-0.0,-0.010582413077263757,-0.0003600575422911051,0.9012454605102539,0.15,-0.0,0.0,0.0,-0.0,0.0,0.0,0.0,0.0,0.35,0.0,0.0,0.0,0.0,0.0,0.0,0.0,0.0,0.25,-0.0,0.38818359375,0.0,1.3200912475585938,-0.0,0.0970458984375,0.0970458984375,-0.05,0.5424373000860214,0.3616248667240143,0.2,0.0,-0.0,-0.0,-0.0,0.8,1.0,-0.0,0.0,-0.0,-0.0,0.0,0.0,0.0,0.45365192934870724,-0.0,-0.0,-0.021338540748718587,0.02,0.0,0.0,0.0,0.0,0.0,0.0,0.3616248667240143,32.66293891310692,32.4,1.0,0.0,0.0,1.0,2.0,4.0,0.0,1.0,0.0,1.0,0.0,0.0,0.0,0.0,0.0,0.0,0.0,0.0,0.0,0.0,0.0,0.0,0.0,0.0,0.0,0.0,0.0,0.0,0.0,116.41108703613281,238.1668701171875,116.09214782714844,238.14088439941406,-0.318939208984375,-0.0259857177734375,0.31999605894088745,-3.060296768853441,-0.4990270733833313,-0.8665863275527954,0.0,-14.853507041931152,10.219110488891602,0.0,28.0,28.0,28.0,0.0,1.0,30.0,0.0,0.0,1.0,74.0,1.0,0.0,3.0,0.0,7.8,58.36659995839,0.49329991452395916,4.146800027228892,39.504799991846085,24.402399896644056,4.0,3.4522999776527286,9.277000091969967,1.4604999450966716,0.000400003045797348
1,340,340,7.648859843742895,0,0,2.0,3.0,0.754014790058136,0.7675530910491943,1.0,1.0,1.0,0.5174492001533508,0.6725273728370667,0.8851898908615112,1.0,1.0,1.0,0.7644073367118835,0.5174492001533508,0.754014790058136,0.5174492001533508,0.6725273728370667,0.7644073367118835,0.0,1.0,1.0,1.0,0.741853654384613,0.46661341190338135,0.5066542029380798,0.0,-0.0024810072500258684,-0.40262067317962646,-0.9153669476509094,0.0,0.0,0.0,0.0,0.0,0.0,269.71258544921875,17.177614212036133,18.340883255004883,20.070175170898438,20.59233856201172,17.177614212036133,0.0,1.0,0.6871045684814453,0.7336353302001953,0.0,0.0,0.0,0.0,0.0,2.2996931076049805,3.3699213506103045,0.7442454087734223,1.2149999767541886,0.02,-0.0,-0.001601473259067529,-0.0003112175137457164,2.7786495208740236,0.15,-0.0,0.0,0.0,-0.0,0.0,0.0,0.0,0.0,0.35,0.0,0.0,0.0,0.0,0.0,0.0,0.0,0.0,0.25,-0.0,-16.0,0.0,1.2996931076049805,-0.0,-4.201751708984375,-2.0,-0.05,0.5382454097270966,0.3588302731513977,0.2,0.0,-0.0,-0.0,-0.0,0.5599999904632569,0.699999988079071,-0.0,0.0,-0.0,-0.0,0.0,0.0,0.0,0.443184520509094,-0.04500000178813934,-0.0,-0.0,0.02,0.0,0.0,0.0,0.0,0.0,0.0,0.3588302731513977,31.909285476654766,32.4,0.0,0.6,0.0,0.699999988079071,2.0,3.0,0.0,0.699999988079071,0.0,0.699999988079071,0.0,0.0,0.0,0.0,0.0,0.0,0.0,0.0,0.0,0.0,0.0,0.0,0.0,0.0,0.0,0.0,0.0,0.0,0.0,116.09227752685547,238.1409912109375,115.7733383178711,238.11500549316406,-0.318939208984375,-0.0259857177734375,0.31999605894088745,-3.060296768853441,-0.49815863370895386,-0.8670859336853027,0.0,-14.853507041931152,10.219110488891602,0.0,28.0,28.0,28.0,0.0,1.0,30.0,0.0,0.0,1.0,73.0,1.0,0.0,3.0,0.0,7.84,109.36920007225126,0.700899981893599,7.337599992752075,68.87910002842546,31.923700007610023,4.0,20.549100008793175,4.445499973371625,7.419100031256676,0.000500003807246685
1,341,341,5.449731620782243,0,0,2.0,4.0,0.7336353063583374,0.7468456029891968,1.0,1.0,1.0,0.8028070330619812,0.6871045827865601,0.8979050517082214,1.0,1.0,1.0,0.8236935138702393,0.6871045827865601,0.7336353063583374,0.8028070330619812,0.6871045827865601,0.8236935138702393,0.0,1.0,1.0,1.0,0.7520575523376465,0.4558469355106354,-0.6542130708694458,0.0,0.00011512244964251295,-0.40263882279396057,-0.9153589606285095,0.0,0.0,0.0,0.0,0.0,0.0,271.4363708496094,17.177614212036133,18.340883255004883,20.070175170898438,20.59233856201172,17.177614212036133,0.0,1.0,0.6871045684814453,0.7336353302001953,0.0,0.0,0.0,0.0,0.0,2.307122230529785,0.5987591098675984,0.7695723879337311,1.7542778924511286,0.02,-0.0,-0.001601473259067529,-0.0003112175137457164,0.0,0.15,-0.0,0.0,0.0,-0.0,0.0,0.0,0.0,0.0,0.35,0.0,0.0,0.0,0.0,0.0,0.0,0.0,0.0,0.25,-0.0,6.8951416015625,0.0,1.3071222305297852,-0.0,1.723785400390625,1.723785400390625,-0.05,0.5395723879337311,0.35971492528915405,0.2,0.0,-0.0,-0.0,-0.0,0.8,1.0,-0.0,0.0,-0.0,-0.0,0.0,0.0,0.0,0.4506718006404117,-0.04500000178813934,-0.0,-0.0007221057607320205,0.02,0.0,0.0,0.0,0.0,0.0,0.0,0.35971492528915405,32.44836964610964,32.4,1.0,0.0,0.0,1.0,2.0,4.0,0.0,1.0,0.0,1.0,0.0,0.0,0.0,0.0,0.0,0.0,0.0,0.0,0.0,0.0,0.0,0.0,0.0,0.0,0.0,0.0,0.0,0.0,0.0,109.85399627685547,237.6320037841797,109.53504943847656,237.60601806640625,-0.31894683837890625,-0.0259857177734375,0.3200036585330963,-3.060298706701405,-0.48082435131073,-0.8768169283866882,0.0,-14.853507041931152,10.219110488891602,0.0,28.0,28.0,28.0,0.0,1.0,30.0,0.0,0.0,1.0,72.0,1.0,0.0,3.0,0.0,7.88,55.137200048193336,0.6075999699532986,7.1440000319853425,42.03389992471784,10.708900052122772,4.0,3.05049994494766,1.7305000219494104,0.528200063854456,0.000300002284348011
1,342,342,6.010367781083886,0,0,2.0,3.0,0.7336353063583374,0.7468456029891968,1.0,1.0,1.0,0.8028070330619812,0.6871045827865601,0.8979050517082214,1.0,1.0,1.0,0.8236935138702393,0.6871045827865601,0.7336353063583374,0.8028070330619812,0.6871045827865601,0.8236935138702393,0.0,1.0,1.0,1.0,0.7483971118927002,0.46354812383651733,0.4679550230503082,0.0,0.00011512244964251295,-0.4024451971054077,-0.9154440760612488,0.0,0.0,0.0,0.0,0.0,0.0,271.5294494628906,17.63177490234375,17.831764221191406,19.552875518798828,22.0689640045166,17.63177490234375,0.0,1.0,0.70527099609375,0.7132705688476563,0.0,0.0,0.0,0.0,0.0,2.2969337701797485,1.7370134832075288,0.741420550942421,1.2149999767541886,0.02,-0.0,-0.0014810012708070038,-0.00025951844853537137,1.148152961730957,0.15,-0.0,0.0,0.0,-0.0,0.0,0.0,0.0,0.0,0.35,0.0,0.0,0.0,0.0,0.0,0.0,0.0,0.0,0.25,-0.0,0.372314453125,0.0,1.2969337701797485,-0.0,0.09307861328125,0.09307861328125,-0.05,0.5354205518960953,0.35694703459739685,0.2,0.0,-0.0,-0.0,-0.0,0.5599999904632569,0.699999988079071,-0.0,0.0,-0.0,-0.0,0.0,0.0,0.0,0.4406010411959142,-0.04500000178813934,-0.0,-0.0,0.02,0.0,0.0,0.0,0.0,0.0,0.0,0.35694703459739685,31.72327496610582,32.4,0.0,0.6,0.0,0.699999988079071,2.0,3.0,0.0,0.699999988079071,0.0,0.699999988079071,0.0,0.0,0.0,0.0,0.0,0.0,0.0,0.0,0.0,0.0,0.0,0.0,0.0,0.0,0.0,0.0,0.0,0.0,0.0,111.78828430175781,237.79002380371094,111.46934509277344,237.7640380859375,-0.318939208984375,-0.0259857177734375,0.31999605894088745,-3.060296768853441,-0.4862692952156067,-0.8738090395927429,0.0,-14.853507041931152,10.219110488891602,0.0,28.0,28.0,28.0,0.0,1.0,30.0,0.0,0.0,1.0,71.0,1.0,0.0,3.0,0.0,7.92,43.56029990594834,0.4938999190926552,2.6916000060737133,24.337699986062944,15.578399994410574,4.0,4.5906000304967165,10.161899961531162,1.2468000641092658,0.0005998881533741951
1,343,343,4.202891729414002,0,0,3.0,3.0,0.7132705450057983,0.7261202335357666,1.0,1.0,1.0,0.7821150422096252,0.7052710056304932,0.9109166860580444,1.0,1.0,1.0,0.8827585577964783,0.7052710056304932,0.7132705450057983,0.7821150422096252,0.7052710056304932,0.8827585577964783,0.0,1.0,1.0,1.0,0.7485741972923279,0.4531896412372589,-0.6294224858283997,0.0,0.0008793144952505827,-0.40250006318092346,-0.9154199361801147,0.0,0.0,0.0,0.0,0.0,0.0,283.1380310058594,17.63177490234375,17.831764221191406,19.552875518798828,22.0689640045166,17.63177490234375,0.0,1.0,0.70527099609375,0.7132705688476563,0.0,0.0,0.0,0.0,0.0,2.3072407245635986,0.5913400227733379,0.7410142409801483,0.5432967410969175,0.02,-0.0,-0.0014810012708070038,-0.00025951844853537137,0.0,0.15,-0.0,0.0,0.0,-0.0,0.0,0.0,0.0,0.0,0.35,0.0,0.0,0.0,0.0,0.0,0.0,0.0,0.0,0.25,-0.0,8.0,0.0,1.3072407245635986,-0.0,11.60858154296875,2.0,-0.05,0.5350142419338226,0.3566761612892151,0.2,0.0,-0.03281327903260078,-0.0,-0.0,0.4378181743621827,0.5472727179527282,-0.15272727012634274,0.0,-0.06664462696422228,-0.17160897549715906,0.0,0.0,0.0,0.44308054249268025,-0.017999999597668646,-0.0,-0.0,0.02,0.0,0.0,0.0,0.0,0.0,0.0,0.3566761612892151,31.901799059472978,32.4,0.7326086850269979,0.0,0.25,0.699999988079071,3.0,3.0,0.25,0.699999988079071,0.11999999731779099,0.699999988079071,0.12,1.0,0.0,0.0,0.0,0.25,0.25,1.0,0.13,0.0,0.0,0.0,0.0,0.0,0.0,0.0,0.0,0.0,0.0,111.4690170288086,237.76400756835938,111.1777572631836,237.6314697265625,-0.291259765625,-0.132537841796875,0.3199976980686188,-2.7145468492276303,-0.4853748679161072,-0.8743062019348145,0.0,-14.853507041931152,10.219110488891602,0.0,28.0,28.0,28.0,0.0,1.0,29.0,1.0,0.0,1.0,70.0,1.0,0.0,3.0,0.0,7.96,88.59489997848868,0.4539999645203352,13.358700089156628,39.37609994318336,11.79520005825907,4.0,22.642299998551607,4.447599989362061,8.272000006400049,0.000500003807246685
1,344,344,6.428632808120841,0,0,2.0,4.0,0.7132705450057983,0.7261202335357666,1.0,1.0,1.0,0.7821150422096252,0.7052710056304932,0.9109166860580444,1.0,1.0,1.0,0.8827585577964783,0.7052710056304932,0.7132705450057983,0.7821150422096252,0.7052710056304932,0.8827585577964783,0.0,1.0,1.0,1.0,0.736389696598053,0.45573997497558594,0.15496882796287537,0.2181818187236786,0.0008793144952505827,-0.40176287293434143,-0.9157437086105347,0.0,0.0,0.0,0.0,0.0,0.0,413.7498474121094,17.32988929748535,17.32988929748535,19.029098510742188,23.400474548339844,17.901012420654297,0.0,1.0,0.693195571899414,0.693195571899414,0.0,0.0,0.0,0.0,0.0,2.1565892696380615,1.5627591506786698,0.7745502996444702,1.9147340881596395,0.02,-0.0,-0.0015180407710214735,-0.00023302198034865087,0.9594877243041993,0.15,-0.0,0.0,0.0,-0.0,0.0,0.0,0.0,0.0,0.35,0.0,0.0,0.0,0.0,0.0,0.0,0.0,0.0,0.25,-0.0,8.0,0.0,1.1565892696380615,-0.0,130.61181640625,2.0,-0.05,0.5445502996444702,0.3630335330963135,0.2,0.0,-0.0,-0.0,-0.0,0.8,1.0,-0.0,0.0,-0.0,-0.0,0.20356120763897537,0.0,0.0,0.45502248912584053,-0.04846648424863815,-0.0,-0.04036063523069756,0.02,0.0,0.0,0.0,0.0,0.0,0.0,0.3630335330963135,32.76161921706051,32.4,1.0,0.0,0.0,1.0,2.0,4.0,0.0,1.0,0.0,1.0,0.0,0.0,0.0,0.0,0.0,0.0,0.0,0.0,0.0,0.0,0.0,0.0,0.0,0.0,0.0,0.0,0.0,0.0,0.0,122.66400146484375,242.86000061035156,122.43588256835938,239.0,-0.228118896484375,-3.8600006103515625,3.8667354583740234,-1.6298258210029986,-0.50886070728302,-0.8608489632606506,0.0,-14.853507041931152,10.219110488891602,0.0,28.0,28.0,28.0,0.0,1.0,29.0,0.0,0.0,1.0,69.0,1.0,0.0,3.0,0.0,8.0,152.60619996115565,0.522000016644597,7.182899978943169,103.66349993273616,34.90920003969222,4.0,28.913900023326278,5.189399933442473,7.0940000005066395,0.000400003045797348
1,345,345,5.517873161008959,0,0,2.0,4.0,0.6931955814361572,0.7059975266456604,1.0,1.0,1.0,0.7611639499664307,0.7160404920578003,0.9261248111724854,1.0,1.0,1.0,0.9360190033912659,0.6931955814361572,0.6931955814361572,0.7611639499664307,0.7160404920578003,0.9360190033912659,0.0,1.0,1.0,1.0,0.8741830587387085,0.4680231213569641,0.7463716864585876,0.0,-0.04799305275082588,-0.3981141448020935,-0.9173358678817749,0.0,0.0,0.0,0.0,0.0,0.0,287.2209777832031,17.32988929748535,17.32988929748535,19.029098510742188,23.400474548339844,17.901012420654297,0.0,1.0,0.693195571899414,0.693195571899414,0.0,0.0,0.0,0.0,0.0,2.334881067276001,0.5926792372971823,0.7703128564357757,1.8,0.02,-0.0,-0.0015180407710214735,-0.00023302198034865087,0.0,0.15,-0.0,0.0,0.0,-0.0,0.0,0.0,0.0,0.0,0.35,0.0,0.0,0.0,0.0,0.0,0.0,0.0,0.0,0.25,-0.0,-16.0,0.0,1.334881067276001,-0.0,-126.52886962890625,-2.0,-0.05,0.5403128564357758,0.36020857095718384,0.2,0.0,-0.0,-0.0,-0.0,0.8,1.0,-0.0,0.0,-0.0,-0.0,0.0,0.0,0.0,0.44443030004855244,-0.0,-0.0,-0.0,0.02,0.0,0.0,0.0,0.0,0.0,0.0,0.36020857095718384,31.998981603495775,32.4,0.0,0.6,0.0,1.0,2.0,4.0,0.0,1.0,0.0,1.0,0.0,0.0,0.0,0.0,0.0,0.0,0.0,0.0,0.0,0.0,0.0,0.0,0.0,0.0,0.0,0.0,0.0,0.0,0.0,131.68800354003906,395.9070129394531,131.68777465820312,239.0,-0.0002288818359375,-156.90701293945312,156.90701293945312,-1.5707977855049133,-0.35517561435699463,-0.9347995519638062,0.0,-14.853507041931152,10.219110488891602,0.0,28.0,28.0,28.0,0.0,0.0,29.0,0.0,0.0,1.0,68.0,1.0,0.0,3.0,0.0,8.04,16.0339999711141,0.5533000221475959,3.5557999508455396,5.0267999758943915,2.05360003747046,4.0,3.986799973063171,2.308499999344349,0.575799960643053,0.000600004568696022
1,346,346,5.444215933758218,0,0,3.0,4.0,0.6931955814361572,0.7059975266456604,1.0,1.0,1.0,0.7611639499664307,0.7160404920578003,0.9261248111724854,1.0,1.0,1.0,0.9360190033912659,0.6931955814361572,0.6931955814361572,0.7611639499664307,0.7160404920578003,0.9360190033912659,0.0,1.0,1.0,1.0,0.713489830493927,0.4571283161640167,-0.6620118021965027,0.0,-0.04799305275082588,-0.39503902196884155,-0.9186643362045288,0.0,0.0,0.0,0.0,0.0,0.0,307.3943176269531,16.83660888671875,16.83660888671875,18.492008209228516,24.50961685180664,18.48135757446289,0.0,1.0,0.67346435546875,0.67346435546875,0.0,0.0,0.0,0.0,0.0,2.3195786476135254,1.5116012023360412,0.77154734313488,0.8214887406737715,0.02,-0.0,-0.0016708086793687433,-0.00018474836756080695,0.907016944885254,0.15,-0.0,0.0,0.0,-0.0,0.0,0.0,0.0,0.0,0.35,0.0,0.0,0.0,0.0,0.0,0.0,0.0,0.0,0.25,-0.0,8.0,0.0,1.3195786476135254,-0.0,20.17333984375,2.0,-0.05,0.5415473431348801,0.36103156208992004,0.2,0.0,-0.033802628547945184,-0.0,-0.0,0.6254545454545455,0.7818181818181819,-0.21818181818181814,0.0,-0.0952066115702479,-0.1542389914772727,0.0,0.0,0.0,0.4564398144977167,-0.017999999597668646,-0.0,-0.06635393722400329,0.02,0.0,0.0,0.0,0.0,0.0,0.0,0.36103156208992004,32.8636666438356,32.4,1.0,0.0,0.25,1.0,3.0,4.0,0.25,1.0,0.11999999731779099,1.0,0.12,1.0,0.0,0.0,0.0,0.25,0.25,1.0,0.13,0.0,0.0,0.0,0.0,0.0,0.0,0.0,0.0,0.0,0.0,131.6877899169922,239.00003051757812,131.57806396484375,238.69943237304688,-0.1097259521484375,-0.30059814453125,0.31999847292900085,-1.9207935857194687,-0.5393708944320679,-0.8420682549476624,0.0,-14.853507041931152,10.219110488891602,0.0,28.0,28.0,28.0,0.0,1.0,29.0,0.0,0.0,1.0,67.0,1.0,0.0,3.0,0.0,8.08,79.57269996404648,0.5024999845772982,3.5783000057563186,56.66360002942383,37.43369993753731,4.0,4.433499998413026,4.157900111749768,10.196100105531514,0.0004998873919248581
1,347,347,3.534566823503836,0,0,3.0,3.0,0.6734643578529358,0.6866718530654907,1.0,1.0,1.0,0.7396803498268127,0.7392542958259583,0.9451369643211365,1.0,1.0,1.0,0.9803846478462219,0.6734643578529358,0.6734643578529358,0.7396803498268127,0.7392542958259583,0.9803846478462219,0.0,1.0,1.0,1.0,0.7332879900932312,0.469480961561203,0.7505946755409241,0.2181818187236786,-0.03198569640517235,-0.39242175221443176,-0.9197853803634644,0.0,0.0,0.0,0.0,0.0,0.0,293.13909912109375,16.346904754638672,16.346904754638672,17.95532989501953,25.0,18.414125442504883,0.0,1.0,0.6538761901855469,0.6538761901855469,0.0,0.0,0.0,0.0,0.0,2.332268714904785,0.7079411882907919,0.7429351496696472,-0.26857822936138814,0.02,-0.0,-0.001929414560257171,-0.000189784188508047,0.1769599533081055,0.15,-0.06723213195800781,0.0,0.0,-0.0,0.0,0.0,0.0,0.0,0.35,0.0,0.0,0.0,0.0,0.0,0.0,0.0,0.0,0.25,-0.0,-16.0,0.0,1.3322687149047852,-0.0,-14.255218505859375,-2.0,-0.05,0.5369351506233215,0.35795676708221436,0.2,0.0,-0.06670068630097592,-0.0,-0.0,0.3156363582611085,0.39454544782638556,-0.3054545402526855,0.0,-0.26657850785688914,-0.2913828568892045,0.0,0.0,0.0,0.45033256568945945,-0.04846648424863815,-0.0,-0.00017695990048897776,0.02,0.0,0.0,0.0,0.0,0.0,0.0,0.35795676708221436,32.42394472964108,32.4,0.0,0.6,0.25,0.699999988079071,3.0,3.0,0.25,0.699999988079071,0.23999999463558197,0.699999988079071,0.24,2.0,0.0,0.0,0.0,0.25,0.25,1.0,0.010000000000000009,0.0,0.0,0.0,0.0,0.0,0.0,0.0,0.0,0.0,0.0,139.11306762695312,259.337158203125,139.1104278564453,239.0,-0.0026397705078125,-20.337158203125,20.337158203125,-1.5709261271567965,-0.5257388949394226,-0.8506459593772888,0.0,-14.853507041931152,10.219110488891602,0.0,28.0,28.0,28.0,0.0,0.0,29.0,0.0,0.0,1.0,66.0,1.0,0.0,3.0,0.0,8.12,56.71730008907616,0.5639999872073531,9.016800089739263,39.16949999984354,19.92170000448823,4.0,4.309799987822771,2.903299988247454,0.709500047378242,0.000500003807246685
1,348,348,4.375790381174546,0,0,2.0,3.0,0.6538761854171753,0.6678685545921326,1.0,1.0,1.0,0.7182132005691528,0.7365649938583374,0.9657600522041321,1.0,1.0,1.0,1.0,0.6538761854171753,0.6538761854171753,0.7182132005691528,0.7365649938583374,1.0,0.0,1.0,1.0,1.0,0.7000458836555481,0.4631991982460022,-0.38170304894447327,0.4363636374473572,-0.09922068566083908,-0.3871003985404968,-0.9220376014709473,0.0,0.0,0.0,0.0,0.0,0.0,293.1733093261719,16.346904754638672,16.346904754638672,17.95532989501953,25.0,18.414125442504883,0.0,1.0,0.6538761901855469,0.6538761901855469,0.0,0.0,0.0,0.0,0.0,2.293314576148987,0.5821796645737088,0.7283172446489334,0.7519788958029175,0.02,-0.0,-0.001929414560257171,-0.000189784188508047,0.0,0.15,-0.0,0.0,0.0,-0.0,0.0,0.0,0.0,0.0,0.35,0.0,0.0,0.0,0.0,0.0,0.0,0.0,0.0,0.25,-0.0,0.1368408203125,0.0,1.2933145761489868,-0.0,0.034210205078125,0.034210205078125,-0.05,0.5223172456026077,0.34821149706840515,0.2,0.0,-0.03216293296376722,-0.0,-0.0,0.4378181743621827,0.5472727179527282,-0.15272727012634274,0.0,-0.06664462696422228,-0.14569142844460226,0.18211426158460967,0.0,0.0,0.434298863322474,-0.017999999597668646,-0.0,-0.0,0.02,0.0,0.0,0.0,0.0,0.0,0.0,0.34821149706840515,31.26951815921813,32.4,0.0,0.6,0.0,0.699999988079071,2.0,3.0,0.0,0.699999988079071,0.11999999731779099,0.699999988079071,0.12,3.0,0.0,0.0,0.0,0.0,0.0,1.0,0.12,0.0,0.0,0.0,0.0,0.0,0.0,0.0,0.0,0.0,0.0,139.11044311523438,238.99990844726562,139.0006866455078,238.69932556152344,-0.1097564697265625,-0.3005828857421875,0.31999459862709045,-1.9208995095763257,-0.5583186149597168,-0.8296265602111816,0.0,-14.853507041931152,10.219110488891602,0.0,28.0,28.0,28.0,0.0,1.0,29.0,0.0,0.0,1.0,65.0,1.0,0.0,3.0,0.0,8.16,25.508500053547323,0.6640000501647592,3.653899999335408,10.33150008879602,6.927900016307831,4.0,5.3001000778749585,4.157499992288649,1.376100000925362,0.000500003807246685
1,349,349,5.568916942891146,0,0,2.0,4.0,0.6538761854171753,0.6678685545921326,1.0,1.0,1.0,0.7182132005691528,0.7365649938583374,0.9657600522041321,1.0,1.0,1.0,1.0,0.6538761854171753,0.6538761854171753,0.7182132005691528,0.7365649938583374,1.0,0.0,1.0,1.0,1.0,0.6993954181671143,0.4467073976993561,-1.0,0.2181818187236786,-0.09922068566083908,-0.3763904273509979,-0.9264611601829529,0.0,0.0,0.0,0.0,0.0,0.0,293.17718505859375,15.902106285095215,15.902106285095215,17.40087890625,25.0,18.890853881835938,0.0,1.0,0.6360842514038086,0.6360842514038086,0.0,0.0,0.0,0.0,0.0,2.2901288270950317,0.5815847541280604,0.7532602655887604,1.9239430960792945,0.02,-0.0,-0.00228692616094732,-0.00015683529855304367,-0.009282283782958978,0.15,-0.0,0.0,0.0,-0.0,0.0,0.0,0.0,0.0,0.35,0.0,0.0,0.0,0.0,0.0,0.0,0.0,0.0,0.25,-0.0,0.0155029296875,0.0,1.2901288270950317,-0.0,0.003875732421875,0.003875732421875,-0.05,0.5232602655887604,0.3488401770591736,0.2,0.0,-0.0,-0.0,-0.0,0.8,1.0,-0.0,0.0,-0.0,-0.0,0.1724095803279326,0.0,0.0,0.4433107993705198,-0.04846648424863815,-0.0,-0.0,0.02,0.0,0.0,0.0,0.0,0.0,0.0,0.3488401770591736,31.918377554677424,32.4,1.0,0.0,0.0,1.0,2.0,4.0,0.0,1.0,0.0,1.0,0.0,0.0,0.0,0.0,0.0,0.0,0.0,0.0,0.0,0.0,0.0,0.0,0.0,0.0,0.0,0.0,0.0,0.0,0.0,139.00013732910156,238.6994171142578,138.79396057128906,238.45469665527344,-0.2061767578125,-0.244720458984375,0.319995254278183,-2.270919557420583,-0.5585483312606812,-0.829472005367279,0.0,-14.853507041931152,10.219110488891602,0.0,28.0,28.0,28.0,0.0,1.0,29.0,0.0,0.0,1.0,64.0,1.0,0.0,3.0,0.0,8.2,57.645500055514276,0.5423000548034906,3.335300018079579,45.948299928568304,17.15269999112934,4.0,4.470300045795739,2.7358001098036766,0.5744000663980842,0.000500003807246685
1,350,350,5.493329857697761,0,0,2.0,4.0,0.636084258556366,0.6530338525772095,1.0,1.0,1.0,0.6960351467132568,0.7556341290473938,1.0,1.0,1.0,1.0,1.0,0.636084258556366,0.636084258556366,0.6960351467132568,0.7556341290473938,1.0,0.0,1.0,1.0,1.0,0.6989977955818176,0.45597681403160095,0.5632460117340088,0.0,-0.1619466096162796,-0.36431965231895447,-0.9312739372253418,0.0,0.0,0.0,0.0,0.0,0.0,293.19549560546875,15.902106285095215,15.902106285095215,17.40087890625,25.0,18.890853881835938,0.0,1.0,0.6360842514038086,0.6360842514038086,0.0,0.0,0.0,0.0,0.0,2.3115015029907227,0.5971903819945223,0.7646379727125168,1.8,0.02,-0.0,-0.00228692616094732,-0.00015683529855304367,0.0,0.15,-0.0,0.0,0.0,-0.0,0.0,0.0,0.0,0.0,0.35,0.0,0.0,0.0,0.0,0.0,0.0,0.0,0.0,0.25,-0.0,0.0732421875,0.0,1.3115015029907227,-0.0,0.018310546875,0.018310546875,-0.05,0.5346379727125168,0.35642531514167786,0.2,0.0,-0.0,-0.0,-0.0,0.8,1.0,-0.0,0.0,-0.0,-0.0,0.0,0.0,0.0,0.44963414345402275,-0.0,-0.0,-0.0,0.02,0.0,0.0,0.0,0.0,0.0,0.0,0.35642531514167786,32.373658328689636,32.4,1.0,0.0,0.0,1.0,2.0,4.0,0.0,1.0,0.0,1.0,0.0,0.0,0.0,0.0,0.0,0.0,0.0,0.0,0.0,0.0,0.0,0.0,0.0,0.0,0.0,0.0,0.0,0.0,0.0,138.7933807373047,238.45516967773438,138.5157928466797,238.29598999023438,-0.277587890625,-0.1591796875,0.3199893832206726,-2.6209323911810056,-0.5584425926208496,-0.8295432329177856,0.0,-14.853507041931152,10.219110488891602,0.0,28.0,28.0,28.0,0.0,1.0,29.0,0.0,0.0,1.0,63.0,1.0,0.0,3.0,0.0,8.24,27.250699931755662,0.5040999967604876,4.116999916732311,14.492199989035726,9.380399947986007,4.0,4.322999971918762,3.0632000416517258,0.7242999272421002,0.000400003045797348
1,351,351,5.368269617156332,0,0,2.0,4.0,0.636084258556366,0.6530338525772095,1.0,1.0,1.0,0.6960351467132568,0.7556341290473938,1.0,1.0,1.0,1.0,1.0,0.636084258556366,0.636084258556366,0.6960351467132568,0.7556341290473938,1.0,0.0,1.0,1.0,1.0,0.6988540887832642,0.4624808430671692,0.39520901441574097,0.0,-0.1619466096162796,-0.35547059774398804,-0.9346874952316284,0.0,0.0,0.0,0.0,0.0,0.0,293.26580810546875,15.450542449951172,15.450542449951172,16.870153427124023,25.0,19.16522216796875,0.0,1.0,0.6180216979980468,0.6180216979980468,0.0,0.0,0.0,0.0,0.0,2.333252429962158,0.5146189569747426,0.7758104014396667,1.724587828779765,0.02,-0.0,-0.002696934668222133,-0.00014053392046762015,-0.08940889358520505,0.15,-0.0,0.0,0.0,-0.0,0.0,0.0,0.0,0.0,0.35,0.0,0.0,0.0,0.0,0.0,0.0,0.0,0.0,0.25,-0.0,0.28125,0.0,1.3332524299621582,-0.0,0.0703125,0.0703125,-0.05,0.5458104014396667,0.36387360095977783,0.2,0.0,-0.0,-0.0,-0.0,0.8,1.0,-0.0,0.0,-0.0,-0.0,0.0,0.0,0.0,0.45686531914863737,-0.0,-0.0,-0.07541217122023515,0.02,0.0,0.0,0.0,0.0,0.0,0.0,0.36387360095977783,32.894302978701894,32.4,1.0,0.0,0.0,1.0,2.0,4.0,0.0,1.0,0.0,1.0,0.0,0.0,0.0,0.0,0.0,0.0,0.0,0.0,0.0,0.0,0.0,0.0,0.0,0.0,0.0,0.0,0.0,0.0,0.0,138.51544189453125,238.29664611816406,138.20008850097656,238.24232482910156,-0.3153533935546875,-0.0543212890625,0.31999775767326355,-2.971011376182814,-0.5580137968063354,-0.8298317193984985,0.0,-14.853507041931152,10.219110488891602,0.0,28.0,28.0,28.0,0.0,1.0,29.0,0.0,0.0,1.0,62.0,1.0,0.0,3.0,0.0,8.28,62.35619995277375,0.6675999611616135,3.4699999960139394,37.652799976058304,19.74989997688681,4.0,5.171999917365611,13.271300005726516,2.0941999973729253,0.000500003807246685
1,352,352,5.501834640490857,0,0,2.0,4.0,0.6180217266082764,0.6369087100028992,1.0,1.0,1.0,0.6748061180114746,0.7666088938713074,1.0,1.0,1.0,1.0,1.0,0.6180217266082764,0.6180217266082764,0.6748061180114746,0.7666088938713074,1.0,0.0,1.0,1.0,1.0,0.6989426016807556,0.4699186086654663,0.45194849371910095,0.0,-0.0807684138417244,-0.3496756851673126,-0.936870813369751,0.0,0.0,0.0,0.0,0.0,0.0,293.08831787109375,15.450542449951172,15.450542449951172,16.870153427124023,25.0,19.16522216796875,0.0,1.0,0.6180216979980468,0.6180216979980468,0.0,0.0,0.0,0.0,0.0,2.3179515600204468,0.592275968777982,0.7716071116924286,1.8,0.02,-0.0,-0.002696934668222133,-0.00014053392046762015,0.0,0.15,-0.0,0.0,0.0,-0.0,0.0,0.0,0.0,0.0,0.35,0.0,0.0,0.0,0.0,0.0,0.0,0.0,0.0,0.25,-0.0,-1.419921875,0.0,1.3179515600204468,-0.0,-0.177490234375,-0.177490234375,-0.05,0.5416071116924286,0.3610714077949524,0.2,0.0,-0.0,-0.0,-0.0,0.8,1.0,-0.0,0.0,-0.0,-0.0,0.0,0.0,0.0,0.44511343736667186,-0.0,-0.0,-0.0,0.02,0.0,0.0,0.0,0.0,0.0,0.0,0.3610714077949524,32.048167490400374,32.4,0.0,0.6,0.0,1.0,2.0,4.0,0.0,1.0,0.0,1.0,0.0,0.0,0.0,0.0,0.0,0.0,0.0,0.0,0.0,0.0,0.0,0.0,0.0,0.0,0.0,0.0,0.0,0.0,0.0,138.19998168945312,238.2431640625,137.88311767578125,238.19850158691406,-0.316864013671875,-0.0446624755859375,0.3199961483478546,-3.0015635673137604,-0.5573127865791321,-0.8303026556968689,0.0,-14.853507041931152,10.219110488891602,0.0,28.0,28.0,28.0,0.0,1.0,29.0,0.0,0.0,1.0,61.0,1.0,0.0,3.0,0.0,8.32,127.6003000093624,0.5751000717282295,6.713799899443984,73.79769999533892,19.845700007863343,4.0,29.646400013007224,7.1619999362155795,9.662299999035895,0.000500003807246685
1,353,353,6.270323717836056,0,0,3.0,4.0,0.6180217266082764,0.6369087100028992,1.0,1.0,1.0,0.6748061180114746,0.7666088938713074,1.0,1.0,1.0,1.0,1.0,0.6180217266082764,0.6180217266082764,0.6748061180114746,0.7666088938713074,1.0,0.0,1.0,1.0,1.0,0.6994947195053101,0.4578309655189514,-0.7344925999641418,0.0,-0.0807684138417244,-0.34577852487564087,-0.9383161664009094,0.0,0.0,0.0,0.0,0.0,0.0,297.3971862792969,14.983909606933594,14.983909606933594,16.36467742919922,25.0,20.074081420898438,0.0,1.0,0.5993563842773437,0.5993563842773437,0.0,0.0,0.0,0.0,0.0,2.323508381843567,0.7593782867277639,2.3225303280353544,0.8449067212293713,0.02,-0.0,-0.003160994153090827,-9.770035428333545e-05,0.162896728515625,0.15,-0.0,0.0,0.0,-0.0,0.0,0.0,0.0,0.0,0.35,0.0,0.0,0.0,0.0,0.0,0.0,0.0,0.0,0.25,-0.0,8.0,0.0,1.323508381843567,-0.0,4.308868408203125,2.0,1.5,0.5425303280353546,0.3616868853569031,0.2,0.0,-0.033833569746098344,-0.0,-0.0,0.6254545454545455,0.7818181818181819,-0.21818181818181814,0.0,-0.0952066115702479,-0.12190096768465908,0.0,0.0,0.0,0.449740252719513,-0.017999999597668646,-0.0,-0.0752430392628638,0.02,0.0,0.0,0.0,0.0,0.0,0.0,0.3616868853569031,32.89374836426228,32.4,1.0,0.0,0.25,1.0,3.0,4.0,0.25,1.0,0.11999999731779099,1.0,0.12,1.0,0.0,0.0,0.0,0.25,0.25,1.0,0.13,0.0,0.0,0.0,0.0,0.0,0.0,0.0,0.0,0.0,0.0,137.5760040283203,238.156005859375,137.25914001464844,238.11134338378906,-0.316864013671875,-0.0446624755859375,0.3199961483478546,-3.0015635673137604,-0.5558902621269226,-0.8312556743621826,0.0,-14.853507041931152,10.219110488891602,0.0,28.0,28.0,28.0,0.0,1.0,29.0,0.0,0.0,1.0,60.0,1.0,0.0,3.0,0.0,8.36,148.03190005477518,0.6744000129401684,8.188300067558885,97.48309990391135,33.9675999712199,4.0,28.918400057591498,5.349799990653992,7.366299978457391,0.000400003045797348
1,354,354,5.785508238236638,0,0,2.0,4.0,0.5993564128875732,0.6188176870346069,1.0,1.0,1.0,0.6545870900154114,0.8029632568359375,1.0,1.0,1.0,1.0,1.0,0.5993564128875732,0.5993564128875732,0.6545870900154114,0.8029632568359375,1.0,0.0,1.0,1.0,1.0,0.6920889019966125,0.4699106812477112,0.734011173248291,0.2181818187236786,-0.041290976107120514,-0.3424828052520752,-0.9395241141319275,0.0,0.0,0.0,0.0,0.0,0.0,297.4664611816406,14.523061752319336,14.523061752319336,15.865194320678711,25.0,21.062049865722656,0.0,1.0,0.5809224700927734,0.5809224700927734,0.0,0.0,0.0,0.0,0.0,2.3106203079223633,0.7624136290322233,0.7681529629230499,1.9243213383590017,0.02,-0.0,-0.0037031487985149675,-6.580644667716683e-05,0.19699504852294925,0.15,-0.0,0.0,0.0,-0.0,0.0,0.0,0.0,0.0,0.35,0.0,0.0,0.0,0.0,0.0,0.0,0.0,0.0,0.25,-0.0,0.277099609375,0.0,1.3106203079223633,-0.0,0.06927490234375,0.06927490234375,-0.05,0.5381529629230499,0.35876864194869995,0.2,0.0,-0.0,-0.0,-0.0,0.8,1.0,-0.0,0.0,-0.0,-0.0,0.14232133795667037,0.0,0.0,0.4191875357544662,-0.017999999597668646,-0.0,-0.0,0.02,0.0,0.0,0.0,0.0,0.0,0.0,0.35876864194869995,31.65279661204666,32.4,0.0,0.6,0.0,1.0,2.0,4.0,0.0,1.0,0.0,1.0,0.0,0.0,0.0,0.0,0.0,0.0,0.0,0.0,0.0,0.0,0.0,0.0,0.0,0.0,0.0,0.0,0.0,0.0,0.0,142.44900512695312,238.843994140625,142.13214111328125,238.79931640625,-0.316864013671875,-0.044677734375,0.31999829411506653,-3.001516356489638,-0.56682950258255,-0.8238351345062256,0.0,-14.853507041931152,10.219110488891602,0.0,28.0,28.0,28.0,0.0,1.0,29.0,0.0,0.0,1.0,59.0,1.0,0.0,3.0,0.0,8.4,37.29490004479885,0.6545999785885215,6.453800015151501,23.492699954658747,15.205100062303245,4.0,3.8953000912442803,2.072499948553741,0.6787000456824899,0.000400003045797348
1,355,355,4.129541694990237,0,0,2.0,2.0,0.5809224843978882,0.6009740233421326,1.0,1.0,1.0,0.6346077919006348,0.8424819707870483,1.0,1.0,1.0,1.0,1.0,0.5809224843978882,0.5809224843978882,0.6346077919006348,0.8424819707870483,1.0,0.0,1.0,1.0,1.0,0.6921875476837158,0.452182799577713,-1.0,0.0,-0.07124926149845123,-0.3374643623828888,-0.941338300704956,0.0,0.0,0.0,0.0,0.0,0.0,301.25933837890625,14.523061752319336,14.523061752319336,15.865194320678711,25.0,21.062049865722656,0.0,1.0,0.5809224700927734,0.5809224700927734,0.0,0.0,0.0,0.0,0.0,2.3067500591278076,0.5567794047509029,0.7135122382640838,0.5324999928474426,0.02,-0.0,-0.0037031487985149675,-6.580644667716683e-05,0.0,0.15,-0.0,0.0,0.0,-0.0,0.0,0.0,0.0,0.0,0.35,0.0,0.0,0.0,0.0,0.0,0.0,0.0,0.0,0.25,-0.0,8.0,0.0,1.3067500591278076,-0.0,3.792877197265625,2.0,-0.05,0.535512238740921,0.357008159160614,0.2,0.0,-0.0,-0.0,-0.0,0.27999999523162844,0.3499999940395355,-0.0,0.0,-0.0,-0.0,0.0,0.0,0.0,0.41054835999609507,-0.09749999642372131,-0.0,-0.0,0.02,0.0,0.0,0.0,0.0,0.0,0.0,0.357008159160614,32.08790800374001,23.26086922832157,0.4206521686004555,0.0,0.0,0.3499999940395355,2.0,2.0,0.0,0.3499999940395355,0.0,0.3499999940395355,0.0,0.0,0.0,0.0,0.0,0.0,0.0,0.0,0.0,0.0,0.0,0.0,0.0,0.0,0.0,0.0,0.0,0.0,0.0,142.13327026367188,238.79995727539062,141.81640625,238.75527954101562,-0.316864013671875,-0.044677734375,0.31999829411506653,-3.001516356489638,-0.5661306977272034,-0.8243154883384705,0.0,-14.853507041931152,10.219110488891602,0.0,28.0,28.0,28.0,0.0,1.0,29.0,0.0,0.0,1.0,58.0,1.0,0.0,3.0,0.0,8.44,93.04289997089654,0.6335999350994825,4.15579997934401,52.32790007721633,15.697099966928363,4.0,21.217299974523485,6.250199978239834,8.415000047534704,0.000500003807246685
1,356,356,3.6879982944556047,0,0,3.0,2.0,0.5809224843978882,0.6009740233421326,1.0,1.0,1.0,0.6346077919006348,0.8424819707870483,1.0,1.0,1.0,1.0,1.0,0.5809224843978882,0.5809224843978882,0.6346077919006348,0.8424819707870483,1.0,0.0,1.0,1.0,1.0,0.6858405470848083,0.458398699760437,0.3777008652687073,0.0,-0.07124926149845123,-0.33313247561454773,-0.9428800344467163,0.0,0.0,0.0,0.0,0.0,0.0,414.79071044921875,14.057929039001465,14.057929039001465,15.371585845947266,25.0,21.24888038635254,0.0,1.0,0.5623171615600586,0.5623171615600586,0.0,0.0,0.0,0.0,0.0,2.2833049297332764,0.4405677105524134,0.7178852224349975,0.22624043173491723,0.02,-0.0,-0.004335350449991511,-6.10678535409516e-05,-0.12404062271118164,0.15,-0.0,0.0,0.0,-0.0,0.0,0.0,0.0,0.0,0.35,0.0,0.0,0.0,0.0,0.0,0.0,0.0,0.0,0.25,-0.0,8.0,0.0,1.2833049297332764,-0.0,113.5313720703125,2.0,-0.05,0.5398852229118347,0.35992348194122314,0.2,0.0,-0.03288066850792511,-0.0,-0.0,0.21890908718109134,0.2736363589763641,-0.07636363506317137,0.0,-0.03332231348211114,-0.10573839777166193,0.0,0.0,0.0,0.4190047515671275,-0.017999999597668646,-0.0,-0.0,0.02,0.0,0.0,0.0,0.0,0.0,0.0,0.35992348194122314,31.967316604927184,23.26086922832157,0.4206521686004555,0.0,0.25,0.3499999940395355,3.0,2.0,0.25,0.3499999940395355,0.11999999731779099,0.3499999940395355,0.12,1.0,0.0,0.0,0.0,0.25,0.25,1.0,0.13,0.0,0.0,0.0,0.0,0.0,0.0,0.0,0.0,0.0,0.0,146.3520050048828,239.3939971923828,146.06967163085938,239.0,-0.2823333740234375,-0.3939971923828125,0.4847122132778168,-2.1925681756683004,-0.5753365755081177,-0.8179168105125427,0.0,-14.853507041931152,10.219110488891602,0.0,28.0,28.0,28.0,0.0,1.0,29.0,0.0,0.0,1.0,57.0,1.0,0.0,3.0,0.0,8.48,177.1772000938654,0.7610000902786851,8.220799965783954,116.31439998745918,54.83570008073002,4.0,36.20900004170835,6.991399917751551,8.632500073872507,0.000900006853044033
1,357,357,4.914932102731909,0,0,2.0,3.0,0.5623171329498291,0.5829689502716064,1.0,1.0,1.0,0.6148634552955627,0.8499552011489868,1.0,1.0,1.0,1.0,1.0,0.5623171329498291,0.5623171329498291,0.6148634552955627,0.8499552011489868,1.0,0.0,1.0,1.0,1.0,0.7233656048774719,0.4566759467124939,-0.10468003153800964,0.2181818187236786,-0.043679822236299515,-0.32977935671806335,-0.9440580606460571,0.0,0.0,0.0,0.0,0.0,0.0,303.58709716796875,14.057929039001465,14.057929039001465,15.371585845947266,25.0,21.24888038635254,0.0,1.0,0.5623171615600586,0.5623171615600586,0.0,0.0,0.0,0.0,0.0,2.334337830543518,0.49664582422086695,0.7520148742198944,1.31193357374763,0.02,-0.0,-0.004335350449991511,-6.10678535409516e-05,0.0,0.15,-0.0,0.0,0.0,-0.0,0.0,0.0,0.0,0.0,0.35,0.0,0.0,0.0,0.0,0.0,0.0,0.0,0.0,0.25,-0.0,-16.0,0.0,1.334337830543518,-0.0,-111.20361328125,-2.0,-0.05,0.5460148751735687,0.36400991678237915,0.2,0.0,-0.0,-0.0,-0.0,0.5599999904632569,0.699999988079071,-0.0,0.0,-0.0,-0.0,0.1321729885158149,0.0,0.0,0.3510422425243994,-0.05550000071525574,-0.0,-0.02473939259525713,0.02,0.0,0.0,0.0,0.0,0.0,0.0,0.36400991678237915,32.683117699921134,32.4,0.7326086850269979,0.0,0.0,0.699999988079071,2.0,3.0,0.0,0.699999988079071,0.0,0.699999988079071,0.0,0.0,0.0,0.0,0.0,0.0,0.0,0.0,0.0,0.0,0.0,0.0,0.0,0.0,0.0,0.0,0.0,0.0,0.0,213.16900634765625,332.7040100097656,149.0,239.0,-64.16900634765625,-93.70401000976562,113.56981658935547,-2.171251544328356,-0.57733553647995,-0.8165070414543152,0.0,-14.853507041931152,10.219110488891602,0.0,28.0,28.0,28.0,0.0,0.0,29.0,0.0,0.0,1.0,56.0,1.0,0.0,3.0,0.0,8.52,27.413200004957616,0.7031999994069338,8.015700033865869,10.497599956579506,6.219599978066981,4.0,4.5785000547766685,2.858299994841218,0.7295999675989151,0.000600004568696022
1,358,358,3.3508418797400163,0,0,3.0,4.0,0.5623171329498291,0.5829689502716064,1.0,1.0,1.0,0.6148634552955627,0.8499552011489868,1.0,1.0,1.0,1.0,1.0,0.5623171329498291,0.5623171329498291,0.6148634552955627,0.8499552011489868,1.0,0.0,1.0,1.0,1.0,0.6800728440284729,0.4669016897678375,0.6213551163673401,0.0,-0.043679822236299515,-0.32448527216911316,-0.9458907246589661,0.0,0.0,0.0,0.0,0.0,0.0,303.5991516113281,13.592482566833496,13.592482566833496,14.868694305419922,25.0,21.42576789855957,0.010016495361924171,0.9899835046380758,0.5436993026733399,0.5436993026733399,0.0,0.0,0.0,0.0,0.0,2.2951404894537957,-0.41737456239231435,0.7499521217595003,0.7031238309190344,0.02,-0.0,-0.00509584309087116,-5.6896316019643036e-05,-0.12922592163085936,0.15,-0.0,0.0,0.0,-0.8333724141120911,0.0,0.0,0.0,0.0,0.35,0.0,0.0,0.0,0.0,0.0,0.0,0.0,0.0,0.2565107219852507,-0.0,0.04773480033350097,0.0,1.3051569848157196,-0.0,0.012054443359375,0.012054443359375,-0.05,0.535978514338579,0.3603873550891876,0.2,0.0,-0.03255799876745684,-0.0,-0.0,0.5001572943817486,0.6251966179771857,-0.17447347478433087,9.02971614019036e-05,-0.08876323151237718,-0.07805918928849873,0.0,0.0,0.0,0.4003765127575269,-0.04846648424863815,-0.0,-0.0,0.02,0.0,0.0,0.0,0.0,0.0,0.0,0.3603873550891876,31.653609912805262,32.4,0.0,0.6,0.25,1.0,3.0,4.0,0.25,1.0,0.11999999731779099,1.0,0.12,1.0,0.0,0.0,0.0,0.25,0.25,1.0,0.13,0.0,0.0,0.0,0.0,0.0,0.0,0.0,0.0,0.0,0.0,149.00001525878906,238.99996948242188,148.73963928222656,238.81394958496094,-0.2603759765625,-0.1860198974609375,0.31999850273132324,-2.5212489207259585,-0.5822698473930359,-0.8129956126213074,0.0,-14.853507041931152,10.219110488891602,0.0,28.0,28.0,28.0,0.0,1.0,29.0,0.0,0.0,1.0,55.0,1.0,0.0,3.0,0.0,8.56,58.45090001821518,0.6908000214025378,5.15180011279881,44.052000041119754,22.65090006403625,4.0,4.67890000436455,3.000000026077032,0.8406999986618757,0.000500003807246685
1,359,359,3.209674962315982,0,0,3.0,3.0,0.543699324131012,0.5652565956115723,1.0,1.0,1.0,0.59474778175354,0.8570306897163391,1.0,1.0,1.0,1.0,1.0,0.543699324131012,0.543699324131012,0.59474778175354,0.8570306897163391,1.0,0.0,1.0,1.0,1.0,0.6798197627067566,0.4521944224834442,-0.8936699628829956,0.2181818187236786,-0.06579910963773727,-0.31942805647850037,-0.9476104974746704,0.0,0.010016495361924171,0.006739625241607428,0.0,0.0,0.0,303.6431884765625,13.592482566833496,13.592482566833496,14.868694305419922,25.0,21.42576789855957,0.010016495361924171,0.9899835046380758,0.5436993026733399,0.5436993026733399,0.0,0.0,0.0,0.0,0.0,2.288288879230887,0.5325739902588758,0.7297060407512355,-0.36089394792501617,0.02,-0.0,-0.00509584309087116,-5.6896316019643036e-05,0.0,0.15,-0.0,0.0,0.0,-0.05256656720085946,0.0,0.0,0.0,0.0,0.35,0.0,0.0,0.0,0.0,0.0,0.0,0.0,0.0,0.2565107219852507,-0.0,0.1743830807120048,0.0,1.298305374592811,-0.0,0.044036865234375,0.044036865234375,-0.05,0.5349245163192153,0.3596786558628082,0.2,0.0,-0.06810658656046219,-0.0,-0.0,0.2524049558895679,0.31550619486195985,-0.2442628605382914,6.320801190490647e-05,-0.25747876591461116,-0.15611837857699745,0.0,0.0,0.0,0.440293296866626,-0.04846648424863815,-0.0,-0.15443523084944846,0.02,0.0,0.0,0.0,0.0,0.0,0.0,0.3596786558628082,33.107368466891344,32.4,0.7326086850269979,0.0,0.25,0.699999988079071,3.0,3.0,0.25,0.699999988079071,0.23999999463558197,0.699999988079071,0.24,2.0,0.0,0.0,0.0,0.25,0.25,1.0,0.010000000000000009,0.0,0.0,0.0,0.0,0.0,0.0,0.0,0.0,0.0,0.0,148.7393035888672,238.81417846679688,148.430908203125,238.728759765625,-0.3083953857421875,-0.085418701171875,0.3200063407421112,-2.8713885441088083,-0.5819696187973022,-0.8132104873657227,0.0,-14.853507041931152,10.219110488891602,0.0,28.0,28.0,28.0,0.0,1.0,29.0,0.0,0.0,1.0,54.0,1.0,0.0,3.0,0.0,8.6,31.267100013792515,0.7764999754726887,3.5676000406965613,17.226200085133314,13.686200021766126,4.0,4.9103000201284885,3.4886000212281942,1.2655999744310975,0.000600004568696022
1,360,360,3.232715320564313,0,0,3.0,3.0,0.543699324131012,0.5652565956115723,1.0,1.0,1.0,0.59474778175354,0.8570306897163391,1.0,1.0,1.0,1.0,1.0,0.543699324131012,0.543699324131012,0.59474778175354,0.8570306897163391,1.0,0.0,1.0,1.0,1.0,0.6798191666603088,0.4729624092578888,1.0,0.4363636374473572,-0.06579910963773727,-0.31188565492630005,-0.95011967420578,0.0,0.010016495361924171,0.006739625241607428,0.0,0.0,0.0,303.7069091796875,13.147255897521973,13.147255897521973,14.37319564819336,25.0,21.75638198852539,0.02299949899315834,0.9770005010068417,0.5258902359008789,0.5258902359008789,0.0,0.0,0.0,0.0,0.0,2.2369966152737675,0.5124040863723327,0.7028492946389582,-0.2395346757207452,0.02,-0.0,-0.005980783906679188,-4.9848328149779235e-05,-0.06078220367431639,0.15,-0.0,0.0,0.0,-0.0,0.0,0.0,0.0,0.0,0.35,0.0,0.0,0.0,0.0,0.0,0.0,0.0,0.0,0.26494967434555294,-0.0,0.24902063551053288,0.0,1.2599961142669258,-0.0,0.063720703125,0.063720703125,-0.05,0.5226087340262892,0.35535281896591187,0.2,0.0,-0.06888675629760006,-0.0,-0.0,0.16494851243273984,0.20618564054092478,-0.17182136711743734,0.00033325547530455664,-0.2677186959183679,-0.10107526403164634,0.0,0.0,0.0,0.429216922281478,-0.0015000008046627043,-0.0,-0.0,0.02,0.0,0.0,0.0,0.0,0.0,0.0,0.35535281896591187,32.147152938880026,32.4,0.0,0.6,0.25,0.699999988079071,3.0,3.0,0.25,0.699999988079071,0.25,0.699999988079071,0.25,3.0,0.0,0.0,0.0,0.25,0.25,0.0,0.0,0.0,0.0,0.0,0.0,0.0,0.0,0.0,0.0,0.0,0.0,148.43075561523438,238.72952270507812,148.11306762695312,238.69114685058594,-0.31768798828125,-0.0383758544921875,0.3199974298477173,-3.021377813525742,-0.581385612487793,-0.813628077507019,0.0,-14.853507041931152,10.219110488891602,0.0,28.0,28.0,28.0,0.0,1.0,29.0,0.0,0.0,1.0,53.0,1.0,0.0,3.0,0.0,8.64,71.43850007560104,0.5811000009998679,4.077300080098212,57.25479999091476,35.23270005825907,4.0,4.854399943724275,3.1886000651866198,1.450299983844161,0.000400003045797348
1,361,361,3.2645238361642503,0,0,3.0,4.0,0.5258902311325073,0.5489471554756165,1.0,1.0,1.0,0.574927806854248,0.8702552914619446,1.0,1.0,1.0,1.0,1.0,0.5258902311325073,0.5258902311325073,0.574927806854248,0.8702552914619446,1.0,0.0,1.0,1.0,1.0,0.6799135804176331,0.45924505591392517,-0.8335204124450684,0.4545454680919647,-0.1433286964893341,-0.2989756762981415,-0.9542607069015503,0.0,0.02299949899315834,0.02035500667989254,0.0,0.0,0.0,303.7679443359375,12.766026496887207,12.766026496887207,13.88114070892334,25.0,22.696949005126953,0.03418876603245735,0.9658112339675426,0.5106410598754882,0.5106410598754882,0.0,0.0,0.0,0.0,0.0,2.201201856594038,0.7785251531453163,0.6923567332741705,-0.4275599068492748,0.02,-0.0,-0.007016784533721924,-3.421821660695932e-05,0.202811393737793,0.15,-0.0,0.0,0.0,-0.0,0.0,0.0,0.0,0.0,0.35,0.0,0.0,0.0,0.0,0.0,0.0,0.0,0.0,0.27222269792109727,-0.0,0.2357937582928571,0.0,1.2353906226264955,-0.0,0.06103515625,0.06103515625,-0.05,0.5170587589261022,0.35502296686172485,0.2,0.0,-0.07035166941615088,-0.0,-0.0,0.1379889509894631,0.1724861887368289,-0.14373849061402408,0.0010519845505398988,-0.36791707659432804,-0.05480491639112095,0.0,0.0,0.0,0.4327647621578522,-0.04500000178813934,-0.0,-0.05727487632234341,0.02,0.0,0.0,0.0,0.0,0.0,0.0,0.35502296686172485,32.83077906087041,32.4,1.0,0.0,0.25,1.0,3.0,4.0,0.25,1.0,0.25,1.0,0.25,4.0,0.0,0.0,0.0,0.25,0.25,0.0,0.0,0.0,0.0,0.0,0.0,0.0,0.0,0.0,0.0,0.0,0.0,148.1129150390625,238.69186401367188,147.79522705078125,238.6534881591797,-0.31768798828125,-0.0383758544921875,0.3199974298477173,-3.021377813525742,-0.58069908618927,-0.8141182065010071,0.0,-14.853507041931152,10.219110488891602,0.0,28.0,28.0,28.0,0.0,1.0,29.0,0.0,0.0,1.0,52.0,1.0,0.0,3.0,0.0,8.68,54.36479998752475,0.7192000048235059,4.0744999423623085,37.01009997166693,23.1104000704363,4.0,4.777000052854419,3.0902998987585306,4.652000032365322,0.000500003807246685
1,362,362,4.685137335468227,0,0,3.0,3.0,0.5106410384178162,0.5379024744033813,1.0,1.0,1.0,0.5552456378936768,0.9078779816627502,1.0,1.0,1.0,1.0,1.0,0.5106410384178162,0.5106410384178162,0.5552456378936768,0.9078779816627502,1.0,0.0,1.0,1.0,1.0,0.6799955368041992,0.469011127948761,0.593425452709198,0.4545454680919647,-0.2682003974914551,-0.2804586589336395,-0.9598661065101624,0.0,0.03418876603245735,0.03529210761189461,0.0,0.0,0.0,303.8226623535156,12.766026496887207,12.766026496887207,13.88114070892334,25.0,22.696949005126953,0.03418876603245735,0.9658112339675426,0.5106410598754882,0.5106410598754882,0.0,0.0,0.0,0.0,0.0,2.1769830283557883,0.5664427846396798,2.229571185294724,-0.30785966282196536,0.02,-0.0,-0.007016784533721924,-3.421821660695932e-05,0.0,0.15,-0.0,0.0,0.0,-0.0,0.0,0.0,0.0,0.0,0.35,0.0,0.0,0.0,0.0,0.0,0.0,0.0,0.0,0.27222269792109727,-0.0,0.21138910430954638,0.0,1.2111717943882456,-0.0,0.054718017578125,0.054718017578125,1.5,0.5118626035526513,0.3514551818370819,0.2,0.0,-0.06796483697635786,-0.0,-0.0,0.0965922640476677,0.12074033005958461,-0.10061694171632052,0.000736389172837296,-0.2575419492301163,-0.05480491639112095,0.0,0.0,0.0,0.42349378739000865,-0.04500000178813934,-0.0,-0.0,0.02,0.0,0.0,0.0,0.0,0.0,0.0,0.3514551818370819,31.71692392230034,32.4,0.0,0.6,0.25,0.699999988079071,3.0,3.0,0.25,0.699999988079071,0.25,0.699999988079071,0.25,5.0,0.0,0.0,0.0,0.25,0.25,0.0,0.0,0.0,0.0,0.0,0.0,0.0,0.0,0.0,0.0,0.0,0.0,147.7952423095703,238.6538848876953,147.47755432128906,238.61549377441406,-0.31768798828125,-0.03839111328125,0.31999924778938293,-3.0213304679903406,-0.5800121426582336,-0.8146077990531921,0.0,-14.853507041931152,10.219110488891602,0.0,28.0,28.0,28.0,0.0,1.0,29.0,0.0,0.0,1.0,51.0,1.0,0.0,3.0,0.0,8.72,69.2544000921771,0.8085001027211547,6.603999994695187,46.79689998738468,17.50220009125769,4.0,11.051999987103045,3.3257000613957644,0.6243999814614654,0.000300002284348011
1,363,363,0.14142307461459103,0,0,2.0,4.0,0.5106410384178162,0.5379024744033813,1.0,1.0,1.0,0.5552456378936768,0.9078779816627502,1.0,1.0,1.0,1.0,1.0,0.5106410384178162,0.5106410384178162,0.5552456378936768,0.9078779816627502,1.0,0.0,1.0,1.0,1.0,0.6800658702850342,0.45309892296791077,-0.9668881297111511,0.4545454680919647,-0.2682003974914551,-0.25891414284706116,-0.9659003615379333,0.0,0.03418876603245735,0.03529210761189461,0.0,0.0,0.0,303.8724670410156,12.423563957214355,12.423563957214355,13.419886589050293,25.0,23.145084381103516,0.042207229882478714,0.9577927701175213,0.4969425582885742,0.4969425582885742,0.0,0.0,0.0,0.0,0.0,2.140241999336335,-2.7006637835411116,0.6687769692170716,0.013067889602295914,0.02,-0.0,-0.00815501571597505,-2.8602782439754536e-05,0.021164894104003934,0.15,-0.0,0.0,0.0,-3.2415152549743653,0.0,0.0,0.0,0.0,0.35,0.0,0.0,0.0,0.0,0.0,0.0,0.0,0.0,0.27743469942361115,-0.0,0.19081027842184994,0.0,1.1824492292188138,-0.0,0.0498046875,0.0498046875,-0.05,0.5063085370290376,0.35009923577308655,0.2,0.0,-0.03565544274944173,-0.0,-0.0,0.09521348216316917,0.11901685270396146,-0.03683854964646426,0.0016033052289171638,-0.08381090571865328,-0.013036614436172076,0.015042246305617627,0.0,0.0,0.37787019582766446,-0.04846648424863815,-0.0,-0.0,0.02,0.0,0.0,0.0,0.0,0.0,0.0,0.35009923577308655,31.998474262319505,32.4,1.0,0.0,0.0,1.0,2.0,4.0,0.0,1.0,0.12999999523162842,1.0,0.13,6.0,0.0,0.0,0.0,0.0,0.0,1.0,0.13,0.0,0.0,0.0,0.0,0.0,0.0,0.0,0.0,0.0,0.0,147.4776611328125,238.61569213867188,147.15997314453125,238.57730102539062,-0.31768798828125,-0.03839111328125,0.31999924778938293,-3.0213304679903406,-0.5793242454528809,-0.8150971531867981,0.0,-14.853507041931152,10.219110488891602,0.0,28.0,28.0,28.0,0.0,1.0,29.0,0.0,0.0,1.0,50.0,1.0,0.0,3.0,0.0,8.76,87.79719995800406,0.6055999547243118,4.36500005889684,46.8985999468714,23.57069996651262,4.0,5.1142999436706305,15.37289994303137,15.397400013171136,0.000400003045797348
1,364,364,3.040771013315439,0,0,3.0,4.0,0.49694254994392395,1.0,1.0,1.0,0.6200849413871765,0.536795437335968,0.9258033633232117,1.0,1.0,1.0,1.0,1.0,0.49694254994392395,0.49694254994392395,0.536795437335968,0.9258033633232117,1.0,0.0,1.0,1.0,1.0,0.6801205277442932,0.4571210741996765,0.24440133571624756,0.23636363446712494,-0.30293554067611694,-0.23567678034305573,-0.9718315005302429,0.0,0.042207229882478714,0.045823391526937485,0.0,0.0,0.0,343.97381591796875,12.423563957214355,12.423563957214355,13.419886589050293,25.0,23.145084381103516,0.042207229882478714,0.9577927701175213,0.4969425582885742,0.4969425582885742,0.0,0.0,0.0,0.0,0.0,2.197641689127421,0.5813315989996443,0.6782840723179255,-0.43648634712955175,0.02,-0.0,-0.00815501571597505,-2.8602782439754536e-05,0.0,0.15,-0.0,0.0,0.0,-0.0,0.0,0.0,0.0,0.0,0.35,0.0,0.0,0.0,0.0,0.0,0.0,0.0,0.0,0.27743469942361115,-0.0,7.66234216094017,0.0,1.2398489190098996,-0.0,40.101348876953125,2.0,-0.05,0.5158156401298915,0.35667315125465393,0.2,0.0,-0.07028448437305966,-0.0,-0.0,0.0680096301165494,0.08501203764568675,-0.07084336470473897,0.0016033052289171638,-0.35767195855590683,-0.025070412377253992,0.0,0.0,0.0,0.43951521749805905,-0.018000000715255735,-0.0,-0.04924109939448984,0.02,0.0,0.0,0.0,0.0,0.0,0.0,0.35667315125465393,32.799426040761176,32.4,1.0,0.0,0.25,1.0,3.0,4.0,0.25,1.0,0.25,1.0,0.25,7.0,0.0,0.0,0.0,0.25,0.25,0.0,0.0,0.0,0.0,0.0,0.0,0.0,0.0,0.0,0.0,0.0,0.0,147.1601104736328,238.57742309570312,146.84242248535156,238.53903198242188,-0.31768798828125,-0.03839111328125,0.31999924778938293,-3.0213304679903406,-0.5786350965499878,-0.8155866265296936,0.0,-14.853507041931152,10.219110488891602,0.0,28.0,28.0,28.0,0.0,1.0,29.0,0.0,0.0,1.0,49.0,1.0,0.0,3.0,0.0,8.8,140.13459999114275,0.8313000435009599,11.896500014699996,109.30380003992468,33.511499990709126,4.0,13.731899904087186,3.623399999924004,0.7046000100672245,0.000400003045797348
1,365,365,2.8460720632459213,0,0,3.0,4.0,0.49694254994392395,1.0,1.0,1.0,0.6200849413871765,0.536795437335968,0.9258033633232117,1.0,1.0,1.0,1.0,1.0,0.49694254994392395,0.49694254994392395,0.536795437335968,0.9258033633232117,1.0,0.0,1.0,1.0,1.0,0.6177204251289368,0.4685632288455963,0.6952706575393677,0.4545454680919647,-0.30293554067611694,-0.21337322890758514,-0.9769707322120667,0.0,0.042207229882478714,0.045823391526937485,0.0,0.0,0.0,306.1249084472656,12.104732513427734,12.104732513427734,12.983168601989746,25.0,23.27141761779785,0.04738444834947586,0.9526155516505241,0.4841893005371094,0.4841893005371094,0.0,0.0,0.0,0.0,0.0,2.108668259556814,0.44823494760800714,0.661954588811468,-0.39278573273036776,0.02,-0.0,-0.00940655476884354,-2.7193302368245048e-05,-0.09752229690551756,0.15,-0.0,0.0,0.0,-0.0,0.0,0.0,0.0,0.0,0.35,0.0,0.0,0.0,0.0,0.0,0.0,0.0,0.0,0.28079989142715933,-0.0,-16.0,0.0,1.15605270790629,-0.0,-37.848907470703125,-2.0,-0.05,0.5077697061706293,0.3527195453643799,0.2,0.0,-0.06344663903308767,-0.0,-0.0,0.02282663258639249,0.02853329073299061,-0.023777742277492176,0.002020757350845731,-0.35113393034423057,-0.007808101745786189,0.0,0.0,0.0,0.4051909925847365,-0.0,-0.0,-0.0,0.02,0.0,0.0,0.0,0.0,0.0,0.0,0.3527195453643799,29.608431548774245,32.4,0.0,0.6,0.25,1.0,3.0,4.0,0.25,1.0,0.25,1.0,0.25,8.0,0.0,0.0,0.0,0.25,0.25,0.0,0.0,0.0,0.0,0.0,0.0,0.0,0.0,0.0,0.0,0.0,0.0,194.5442352294922,244.30519104003906,149.0,239.0,-45.54423522949219,-5.3051910400390625,45.85218048095703,-3.025630883751525,-0.6667104959487915,-0.745316743850708,0.0,-14.853507041931152,10.219110488891602,0.0,28.0,28.0,28.0,0.0,0.0,29.0,0.0,0.0,1.0,48.0,1.0,0.0,3.0,0.0,8.84,43.03030006121844,0.7883000653237104,4.387299995869398,29.462099890224636,16.31679991260171,4.0,4.87750000320375,2.9186999890953302,0.5679000169038773,0.000300002284348011
1,366,366,2.9081066106638276,0,0,3.0,3.0,0.48418930172920227,1.0,1.0,1.0,0.5865831971168518,0.5193267464637756,0.9308567047119141,1.0,1.0,1.0,1.0,1.0,0.48418930172920227,0.48418930172920227,0.5193267464637756,0.9308567047119141,1.0,0.0,1.0,1.0,1.0,0.6770037412643433,0.42297759652137756,-1.0,0.4545454680919647,-0.2957829535007477,-0.1902642399072647,-0.9817329049110413,0.0,0.04738444834947586,0.057444822043180466,0.0,0.0,0.0,306.1607666015625,12.104732513427734,12.104732513427734,12.983168601989746,25.0,23.27141761779785,0.04738444834947586,0.9526155516505241,0.4841893005371094,0.4841893005371094,0.0,0.0,0.0,0.0,0.0,2.081817985824599,0.5803434287876431,0.6570577771951752,-0.43111258114358997,0.02,-0.0,-0.00940655476884354,-2.7193302368245048e-05,0.0,0.15,-0.0,0.0,0.0,-0.0,0.0,0.0,0.0,0.0,0.35,0.0,0.0,0.0,0.0,0.0,0.0,0.0,0.0,0.28079989142715933,-0.0,0.13663614174674876,0.0,1.1292024341740747,-0.0,0.035858154296875,0.035858154296875,-0.05,0.5041283593964758,0.35019010305404663,0.2,0.0,-0.06974589953752501,-0.0,-0.07671849342673652,0.015978642538360077,0.019973303172950096,-0.016644419310791747,0.0014145301215027068,-0.24579374705511875,-0.007808101745786189,0.0,0.0,0.0,0.4397771768588549,-0.04500000178813934,-0.0,-0.006768394112305293,0.02,0.0,0.0,0.0,0.0,0.0,0.0,0.35019010305404663,32.548086450845005,32.4,0.7326086850269979,0.0,0.25,0.699999988079071,3.0,3.0,0.25,0.699999988079071,0.25,0.699999988079071,0.25,9.0,0.0,0.0,0.0,0.25,0.25,0.0,0.0,0.0,0.0,0.0,0.0,0.0,0.0,0.0,0.0,0.0,0.0,149.00057983398438,239.00025939941406,148.68304443359375,238.9605712890625,-0.317535400390625,-0.0396881103515625,0.3200060725212097,-3.017249487917732,-0.5822706818580627,-0.8129950761795044,0.0,-14.853507041931152,10.219110488891602,0.0,28.0,28.0,28.0,0.0,1.0,29.0,0.0,0.0,1.0,47.0,1.0,0.0,3.0,0.0,8.88,28.845599968917668,0.7000999758020043,4.01499995496124,15.993100008927286,12.14299991261214,4.0,4.45949996355921,2.87430000025779,0.7679000264033675,0.000600004568696022
1,367,367,2.7780052712297345,0,0,3.0,4.0,0.48418930172920227,1.0,1.0,1.0,0.5865831971168518,0.5193267464637756,0.9308567047119141,1.0,1.0,1.0,1.0,1.0,0.48418930172920227,0.48418930172920227,0.5193267464637756,0.9308567047119141,1.0,0.0,1.0,1.0,1.0,0.6770017743110657,0.46497267484664917,1.0,0.4545454680919647,-0.2957829535007477,-0.16496723890304565,-0.9862990379333496,0.0,0.04738444834947586,0.057444822043180466,0.0,0.0,0.0,306.1884460449219,11.83764934539795,11.83764934539795,12.575807571411133,25.0,23.799741744995117,0.04809178411960602,0.951908215880394,0.47350597381591797,0.47350597381591797,0.0,0.0,0.0,0.0,0.0,2.0489748635436698,0.6525916997889478,0.6512327093158794,-0.5947940014187623,0.02,-0.0,-0.010750153167716445,-2.2013173192561683e-05,0.08232137680053714,0.15,-0.0,0.0,0.0,-0.0,0.0,0.0,0.0,0.0,0.35,0.0,0.0,0.0,0.0,0.0,0.0,0.0,0.0,0.2812596596777439,-0.0,0.1053931581791403,0.0,1.0970666476632758,-0.0,0.027679443359375,0.027679443359375,-0.05,0.49817956390724905,0.346274733543396,0.2,0.0,-0.0677038442272693,-0.0,-0.14872347561372182,0.016653520410711116,0.020816900513388893,-0.017347417094490745,0.0020815377298261106,-0.3502453570405058,-0.005325864308561409,0.0,0.0,0.0,0.4310424893293197,-0.04500000178813934,-0.0,-0.0,0.02,0.0,0.0,0.0,0.0,0.0,0.0,0.346274733543396,31.595127306059005,32.4,0.0,0.6,0.25,1.0,3.0,4.0,0.25,1.0,0.25,1.0,0.25,10.0,0.0,0.0,0.0,0.25,0.25,0.0,0.0,0.0,0.0,0.0,0.0,0.0,0.0,0.0,0.0,0.0,0.0,148.68309020996094,238.96060180664062,148.3655548095703,238.92091369628906,-0.317535400390625,-0.0396881103515625,0.3200060725212097,-3.017249487917732,-0.5815908908843994,-0.8134813904762268,0.0,-14.853507041931152,10.219110488891602,0.0,28.0,28.0,28.0,0.0,1.0,29.0,0.0,0.0,1.0,46.0,1.0,0.0,3.0,0.0,8.92,47.03400004655123,0.7612999761477113,4.377300036139786,33.58359995763749,25.763200013898313,4.0,4.31750004645437,3.2745000207796693,0.686099985614419,0.000400003045797348
1,368,368,1.0078851986927124,0,0,2.0,3.0,0.47350597381591797,1.0,1.0,1.0,0.5558164119720459,0.5030323266983032,0.9519896507263184,1.0,1.0,1.0,1.0,1.0,0.47350597381591797,0.47350597381591797,0.5030323266983032,0.9519896507263184,1.0,0.0,1.0,1.0,1.0,0.6769863963127136,0.45135897397994995,-0.8272214531898499,0.4545454680919647,-0.33326104283332825,-0.1386720985174179,-0.9903383255004883,0.0,0.04809178411960602,0.06745342165231705,0.0,0.0,0.0,306.2102966308594,11.603605270385742,11.603605270385742,12.200615882873535,25.0,24.794389724731445,0.03917756676673889,0.9608224332332611,0.46414421081542967,0.46414421081542967,0.0,0.0,0.0,0.0,0.0,2.045601104840191,-1.6338148698070984,0.663455599561796,-0.08735663590217632,0.02,-0.0,-0.01215988224991729,-1.4787494594301032e-05,0.28262296676635745,0.15,-0.0,0.0,0.0,-2.467246423181268,0.0,0.0,0.0,0.0,0.35,0.0,0.0,0.0,0.0,0.0,0.0,0.0,0.0,0.2754654183983803,-0.0,0.08397813259216491,0.0,1.08477867160693,-0.0,0.0218505859375,0.0218505859375,-0.05,0.5013344745469651,0.3457363247871399,0.2,0.0,-0.035482870700281645,-0.0,-0.11911660959509529,0.0925613182950724,0.1157016478688405,-0.035812414816545866,0.0009669754783227442,-0.059977274875921055,-0.014749006740104962,0.017018083432174994,0.0,0.0,0.4129832563523238,-0.04846648424863815,-0.0,-0.0,0.02,0.0,0.0,0.0,0.0,0.0,0.0,0.3457363247871399,31.84360191050917,32.4,0.7326086850269979,0.0,0.0,0.699999988079071,2.0,3.0,0.0,0.699999988079071,0.12999999523162842,0.699999988079071,0.13,11.0,0.0,0.0,0.0,0.0,0.0,1.0,0.13,0.0,0.0,0.0,0.0,0.0,0.0,0.0,0.0,0.0,0.0,148.36570739746094,238.9209747314453,148.0481719970703,238.88128662109375,-0.317535400390625,-0.0396881103515625,0.3200060725212097,-3.017249487917732,-0.5809099674224854,-0.8139678239822388,0.0,-14.853507041931152,10.219110488891602,0.0,28.0,28.0,28.0,0.0,1.0,29.0,0.0,0.0,1.0,45.0,1.0,0.0,3.0,0.0,8.96,42.7180000115186,0.6564999930560589,3.730199998244643,30.97880003042519,15.012199990451336,4.0,4.069299902766943,2.6138999965041876,0.6307000294327736,0.000400003045797348
1,369,369,2.754692057080891,0,0,3.0,2.0,0.46414420008659363,1.0,1.0,1.0,0.5281883478164673,0.48802462220191956,0.9917755722999573,1.0,1.0,1.0,1.0,1.0,0.46414420008659363,0.46414420008659363,0.48802462220191956,0.9917755722999573,1.0,0.0,1.0,1.0,1.0,0.6769527792930603,0.4549086093902588,0.2156897634267807,0.23636363446712494,-0.3286149501800537,-0.11216587573289871,-0.9936894774436951,0.0,0.03917756676673889,0.06719768792390823,0.0,0.0,0.0,306.2303466796875,11.603605270385742,11.603605270385742,12.200615882873535,25.0,24.794389724731445,0.03917756676673889,0.9608224332332611,0.46414421081542967,0.46414421081542967,0.0,0.0,0.0,0.0,0.0,2.03856497654888,0.5779827392144787,0.663562482724037,-0.5454181414065047,0.02,-0.0,-0.01215988224991729,-1.4787494594301032e-05,0.0,0.15,-0.0,0.0,0.0,-0.0,0.0,0.0,0.0,0.0,0.35,0.0,0.0,0.0,0.0,0.0,0.0,0.0,0.0,0.2754654183983803,-0.0,0.07705814680593903,0.0,1.077742543315619,-0.0,0.020050048828125,0.020050048828125,-0.05,0.5075019202166214,0.3499895930290222,0.2,0.0,-0.06856229354978673,-0.0,-0.30688640434230474,0.03305761367681157,0.04132201709601446,-0.03443501424667872,0.0004834877391613721,-0.12653407256426433,-0.02836347450020185,0.0,0.0,0.0,0.4401574089589903,-0.05550000071525574,-0.0,-0.0,0.02,0.0,0.0,0.0,0.0,0.0,0.0,0.3499895930290222,31.99573698990047,23.26086922832157,0.4206521686004555,0.0,0.25,0.3499999940395355,3.0,2.0,0.25,0.3499999940395355,0.25,0.3499999940395355,0.25,12.0,0.0,0.0,0.0,0.25,0.25,0.0,0.0,0.0,0.0,0.0,0.0,0.0,0.0,0.0,0.0,0.0,0.0,148.04837036132812,238.88136291503906,147.7308349609375,238.8416748046875,-0.317535400390625,-0.0396881103515625,0.3200060725212097,-3.017249487917732,-0.5802276134490967,-0.8144543766975403,0.0,-14.853507041931152,10.219110488891602,0.0,28.0,28.0,28.0,0.0,1.0,29.0,0.0,0.0,1.0,44.0,1.0,0.0,3.0,0.0,9.0,25.89400007855147,0.6282000103965402,3.928299993276596,12.298200046643615,6.5367999486625195,4.0,5.020099924877286,3.2157000387087464,0.7673000218346715,0.000400003045797348
1,370,370,2.6402373495675806,0,0,3.0,3.0,0.46414420008659363,1.0,1.0,1.0,0.5281883478164673,0.48802462220191956,0.9917755722999573,1.0,1.0,1.0,1.0,1.0,0.46414420008659363,0.46414420008659363,0.48802462220191956,0.9917755722999573,1.0,0.0,1.0,1.0,1.0,0.6768955588340759,0.45708194375038147,0.13206170499324799,0.4545454680919647,-0.3286149501800537,-0.08765194565057755,-0.9961511492729187,0.0,0.03917756676673889,0.06719768792390823,0.0,0.0,0.0,306.246826171875,11.380206108093262,11.380206108093262,11.844382286071777,25.0,25.0,0.028265759348869324,0.9717342406511307,0.45520824432373047,0.45520824432373047,0.0,0.0,0.0,0.0,0.0,2.0478974353403796,0.5447192275242959,0.6894567634217732,-0.6618360767188683,0.02,-0.0,-0.013671812583473898,-1.3619978928745457e-05,-0.027523670196533193,0.15,-0.0,0.0,0.0,-0.0,0.0,0.0,0.0,0.0,0.35,0.0,0.0,0.0,0.0,0.0,0.0,0.0,0.0,0.26837274357676505,-0.0,0.06405474730854621,0.0,1.076163194689249,-0.0,0.0164794921875,0.0164794921875,-0.05,0.5151144143070546,0.35186344385147095,0.2,0.0,-0.06752261167506553,-0.0,-0.3864206260244626,0.13277644971664698,0.16597056214580874,-0.13830880178817395,0.0005033404769161246,-0.26290441737099285,-0.053429973093615114,0.0,0.0,0.0,0.43592833028323175,-0.052499999105930326,-0.0,-0.0,0.02,0.0,0.0,0.0,0.0,0.0,0.0,0.35186344385147095,31.510552115030585,32.4,0.7326086850269979,0.0,0.25,0.699999988079071,3.0,3.0,0.25,0.699999988079071,0.25,0.699999988079071,0.25,13.0,0.0,0.0,0.0,0.25,0.25,0.0,0.0,0.0,0.0,0.0,0.0,0.0,0.0,0.0,0.0,0.0,0.0,147.73106384277344,238.8417510986328,147.4135284423828,238.80206298828125,-0.317535400390625,-0.0396881103515625,0.3200060725212097,-3.017249487917732,-0.5795438289642334,-0.8149411082267761,0.0,-14.853507041931152,10.219110488891602,0.0,28.0,28.0,28.0,0.0,1.0,29.0,0.0,0.0,1.0,43.0,1.0,0.0,3.0,0.0,9.04,60.66690001171082,0.6038000574335456,4.121099947951734,47.20419994555414,18.090000026859343,4.0,5.272899987176061,2.672899980098009,0.7475999882444739,0.000300002284348011
1,371,371,2.4913514186129975,0,0,3.0,4.0,0.4552082419395447,1.0,1.0,1.0,0.5042062401771545,0.47377529740333557,1.0,1.0,1.0,1.0,1.0,1.0,0.4552082419395447,0.4552082419395447,0.47377529740333557,1.0,1.0,0.0,1.0,1.0,1.0,0.6768197417259216,0.4501507580280304,-0.42116743326187134,0.4545454680919647,-0.31856632232666016,-0.062671959400177,-0.9980341792106628,0.0,0.028265759348869324,0.06225830316543579,0.0,0.0,0.0,306.2608642578125,11.380206108093262,11.380206108093262,11.844382286071777,25.0,25.0,0.028265759348869324,0.9717342406511307,0.45520824432373047,0.45520824432373047,0.0,0.0,0.0,0.0,0.0,2.038391973100982,0.5904303258419029,0.7056515579484176,-0.8631224382783049,0.02,-0.0,-0.013671812583473898,-1.3619978928745457e-05,0.0,0.15,-0.0,0.0,0.0,-0.0,0.0,0.0,0.0,0.0,0.35,0.0,0.0,0.0,0.0,0.0,0.0,0.0,0.0,0.26837274357676505,-0.0,0.054565155114687514,0.0,1.0666577324498512,-0.0,0.0140380859375,0.0140380859375,-0.05,0.5208767729066085,0.3557995855808258,0.2,0.0,-0.07041246947864337,-0.0,-0.48355055933205215,0.189680645682595,0.23710080710324372,-0.19758400591936978,0.0007190578364113742,-0.37557774549746925,-0.053429973093615114,0.0,0.0,0.0,0.4541157584043055,-0.04500000178813934,-0.0,-0.06506819379126606,0.02,0.0,0.0,0.0,0.0,0.0,0.0,0.3557995855808258,32.85915242336691,32.4,1.0,0.0,0.25,1.0,3.0,4.0,0.25,1.0,0.25,1.0,0.25,14.0,0.0,0.0,0.0,0.25,0.25,0.0,0.0,0.0,0.0,0.0,0.0,0.0,0.0,0.0,0.0,0.0,0.0,147.4137725830078,238.80215454101562,147.0962371826172,238.76246643066406,-0.317535400390625,-0.0396881103515625,0.3200060725212097,-3.017249487917732,-0.5788586139678955,-0.8154278993606567,0.0,-14.853507041931152,10.219110488891602,0.0,28.0,28.0,28.0,0.0,1.0,29.0,0.0,0.0,1.0,42.0,1.0,0.0,3.0,0.0,9.08,33.56240002904087,0.42280007619410753,3.159099956974387,22.110400022938848,13.495999970473349,4.0,4.388100001960993,2.6305000064894557,0.8128000190481544,0.000500003807246685
1,372,372,1.9179825841843205,0,0,2.0,2.0,0.4552082419395447,1.0,1.0,1.0,0.5042062401771545,0.47377529740333557,1.0,1.0,1.0,1.0,1.0,1.0,0.4552082419395447,0.4552082419395447,0.47377529740333557,1.0,1.0,0.0,1.0,1.0,1.0,0.676721453666687,0.46941646933555603,1.0,0.4545454680919647,-0.31856632232666016,-0.03570772707462311,-0.9993622899055481,0.0,0.028265759348869324,0.06225830316543579,0.0,0.0,0.0,356.8153991699219,11.185457229614258,11.185457229614258,11.506623268127441,25.0,25.0,0.02367914281785488,0.9763208571821451,0.44741828918457033,0.44741828918457033,0.0,0.0,0.0,0.0,0.0,2.097911522578772,-0.640961674132923,0.6827929247262706,-0.24176018898779922,0.02,-0.0,-0.01528101599742952,-1.3619978928745457e-05,-0.09895574569702148,0.15,-0.0,0.0,0.0,-1.1093204762271947,0.0,0.0,0.0,0.0,0.35,0.0,0.0,0.0,0.0,0.0,0.0,0.0,0.0,0.26539144283160565,-0.0,7.810566857457161,0.0,1.1215906653966268,-0.0,50.554534912109375,2.0,-0.05,0.5180532449552846,0.3524629473686218,0.2,0.0,-0.035643624550044536,-0.0,-0.28827772520585654,0.11255755461480228,0.14069694326850285,-0.0435490538688223,0.00017662106543749718,-0.03345148106488809,-0.03170826305182869,0.036586454641591146,0.0,0.0,0.43260918376765134,-0.09914761483669281,-0.0,-0.0,0.02,0.0,0.0,0.0,0.0,0.0,0.0,0.3524629473686218,31.987868185937405,32.4,0.0,0.6,0.0,0.3499999940395355,2.0,2.0,0.0,0.3499999940395355,0.12999999523162842,0.3499999940395355,0.13,15.0,0.0,0.0,0.0,0.0,0.0,1.0,0.13,0.0,0.0,0.0,0.0,0.0,0.0,0.0,0.0,0.0,0.0,147.0964813232422,238.76255798339844,146.77894592285156,238.72286987304688,-0.317535400390625,-0.0396881103515625,0.3200060725212097,-3.017249487917732,-0.5781719088554382,-0.8159148693084717,0.0,-14.853507041931152,10.219110488891602,0.0,28.0,28.0,28.0,0.0,1.0,29.0,0.0,0.0,1.0,41.0,1.0,0.0,3.0,0.0,9.12,110.0824000313878,0.46280003152787685,2.6560999685898423,66.25420006457716,25.424799998290837,4.0,27.651000069454312,5.396299995481968,7.625499973073602,0.000500003807246685
1,373,373,0.43086652900121825,0,0,2.0,4.0,0.44741830229759216,1.0,1.0,1.0,0.48211538791656494,0.4602649211883545,1.0,1.0,1.0,1.0,1.0,1.0,0.44741830229759216,0.44741830229759216,0.4602649211883545,1.0,1.0,0.0,1.0,1.0,1.0,0.6016004681587219,0.45696955919265747,-0.7563230991363525,0.23636363446712494,-0.34339481592178345,-0.008648616261780262,-0.9999626278877258,0.0,0.02367914281785488,0.061521533876657486,0.0,0.0,0.0,308.35302734375,11.185457229614258,11.185457229614258,11.506623268127441,25.0,25.0,0.02367914281785488,0.9763208571821451,0.44741828918457033,0.44741828918457033,0.0,0.0,0.0,0.0,0.0,1.9969086273138625,-3.1264657295836473,0.7122529878415647,0.8281706434294384,0.02,-0.0,-0.01528101599742952,-1.3619978928745457e-05,0.0,0.15,-0.0,0.0,0.0,-3.6371163368225097,0.0,0.0,0.0,0.0,0.35,0.0,0.0,0.0,0.0,0.0,0.0,0.0,0.0,0.26539144283160565,-0.0,-16.0,0.0,1.0205877701317174,-0.0,-48.462371826171875,-2.0,-0.05,0.5201396163501325,0.35388243198394775,0.2,0.0,-0.002741807524649163,-0.0,-0.025343006614939087,0.4134767382795161,0.516845922849395,-0.009571220793507322,0.0005046316241295315,-3.5694670867302194e-07,-0.0024390971578329775,0.03658645455072769,0.0,0.0,0.37594524321522055,-0.09914761483669281,-0.0,-0.0,0.02,0.0,0.0,0.0,0.0,0.0,0.0,0.35388243198394775,31.987754454240203,32.4,1.0,0.0,0.0,1.0,2.0,4.0,0.0,1.0,0.009999999776482582,1.0,0.010000000000000009,16.0,0.0,0.0,0.0,0.0,0.0,1.0,0.010000000000000009,0.0,0.0,0.0,0.0,0.0,0.0,0.0,0.0,0.0,0.0,206.28599548339844,246.16000366210938,149.0,239.0,-57.28599548339844,-7.160003662109375,57.73171615600586,-3.0172504785852654,-0.6838504672050476,-0.7296221852302551,0.0,-14.853507041931152,10.219110488891602,0.0,28.0,28.0,28.0,0.0,0.0,29.0,0.0,0.0,1.0,40.0,1.0,0.0,3.0,0.0,9.16,44.956999947316945,0.5056998925283551,5.5926000932231545,24.12329998333007,13.093200046569109,4.0,6.225100019946694,7.30719999410212,1.171699957922101,0.000500003807246685
1,374,374,2.137911463915155,0,0,2.0,3.0,0.44741830229759216,1.0,1.0,1.0,0.48211538791656494,0.4602649211883545,1.0,1.0,1.0,1.0,1.0,1.0,0.44741830229759216,0.44741830229759216,0.4602649211883545,1.0,1.0,0.0,1.0,1.0,1.0,0.6729288101196289,0.45696792006492615,-9.872543159872293e-05,0.0181818176060915,-0.34339481592178345,0.014506646431982517,-0.9998947978019714,0.0,0.02367914281785488,0.061521533876657486,0.0,0.0,0.0,308.35162353515625,11.01356315612793,11.01356315612793,11.200138092041016,25.0,25.0,0.014617995359003544,0.9853820046409965,0.4405425262451172,0.4405425262451172,0.0,0.0,0.0,0.0,0.0,2.0135146010375067,-1.470390905991514,0.7243089570716339,0.8504788117975283,0.02,-0.0,-0.01690658314325942,-1.3619978928745457e-05,-0.08834644317626952,0.15,-0.0,0.0,0.0,-1.9178809743722969,0.0,0.0,0.0,0.0,0.35,0.0,0.0,0.0,0.0,0.0,0.0,0.0,0.0,0.2595016969833523,-0.0,-0.01123046875,0.0,1.02813259639651,-0.0,-0.00140380859375,-0.00140380859375,-0.05,0.5346811125485761,0.3609388470649719,0.2,0.0,-0.0,-0.0,-0.0,0.39627844523057854,0.4953480565382231,-0.0,-0.0,-0.0,-0.0,0.003877305534536309,0.0,0.0,0.40275671467924057,-0.04502499550580978,-0.0,-0.0,0.02,0.0,0.0,0.0,0.0,0.0,0.0,0.3609388470649719,32.28734568849206,32.4,0.7326086850269979,0.0,0.0,0.699999988079071,2.0,3.0,0.0,0.699999988079071,0.0,0.699999988079071,0.0,0.0,0.0,0.0,0.0,0.0,0.0,0.0,0.0,0.0,0.0,0.0,0.0,0.0,0.0,0.0,0.0,0.0,0.0,149.0,238.99998474121094,148.68246459960938,238.96029663085938,-0.317535400390625,-0.0396881103515625,0.3200060725212097,-3.017249487917732,-0.5822697877883911,-0.8129956722259521,0.0,-14.853507041931152,10.219110488891602,0.0,28.0,28.0,28.0,0.0,1.0,29.0,0.0,0.0,1.0,39.0,1.0,0.0,3.0,0.0,9.2,37.411099998280406,0.6570999976247549,5.321400007233024,23.899500025436282,16.236600000411272,4.0,4.216999979689717,2.4040999123826623,0.8824000833556056,0.000500003807246685
1,375,375,2.5696626464860386,0,0,2.0,4.0,0.4405425190925598,1.0,1.0,0.6391456723213196,0.4637501835823059,0.4480055272579193,1.0,1.0,1.0,1.0,1.0,1.0,0.4405425190925598,0.4405425190925598,0.4480055272579193,1.0,1.0,0.0,1.0,1.0,1.0,0.6727733016014099,0.4612478017807007,0.2600618302822113,0.0,-0.24083951115608215,0.03098464570939541,-0.9995198845863342,0.0,0.014617995359003544,0.04966774210333824,0.0,0.0,0.0,308.3515930175781,10.8032865524292,10.8032865524292,10.90958309173584,25.0,25.0,0.01161941047757864,0.9883805895224214,0.43213146209716796,0.43213146209716796,0.0,0.0,0.0,0.0,0.0,2.023676633897092,-1.4039550993154257,0.7577875935582269,1.1721535183461453,0.02,-0.0,-0.01860881958073438,-1.3619978928745457e-05,-0.09794958114624024,0.15,-0.0,0.0,0.0,-1.8591056764125824,0.0,0.0,0.0,0.0,0.35,0.0,0.0,0.0,0.0,0.0,0.0,0.0,0.0,0.2575526168104261,-0.0,-0.000244140625,0.0,1.0352960443746706,-0.0,-3.0517578125e-05,-3.0517578125e-05,-0.05,0.5463786503223527,0.36788585782051086,0.2,0.0,-0.0,-0.0,-0.0,0.6140894323587418,0.7676117904484272,-0.0,-0.0,-0.0,-0.0,0.0,0.0,0.0,0.42172259780305993,-0.04500000178813934,-0.0,-0.16454770267288424,0.02,0.0,0.0,0.0,0.0,0.0,0.0,0.36788585782051086,33.13016063757241,32.4,1.0,0.0,0.0,1.0,2.0,4.0,0.0,1.0,0.0,1.0,0.0,0.0,0.0,0.0,0.0,0.0,0.0,0.0,0.0,0.0,0.0,0.0,0.0,0.0,0.0,0.0,0.0,0.0,0.0,148.68173217773438,238.96017456054688,148.36419677734375,238.9204864501953,-0.317535400390625,-0.0396881103515625,0.3200060725212097,-3.017249487917732,-0.5815885066986084,-0.8134831786155701,0.0,-14.853507041931152,10.219110488891602,0.0,28.0,28.0,28.0,0.0,1.0,29.0,0.0,0.0,1.0,38.0,1.0,0.0,3.0,0.0,9.24,69.29459993261844,0.4797999281436205,3.356600063852966,57.274799910373986,43.57980005443096,4.0,4.577099927701056,2.942000050097704,0.6217999616637826,0.000500003807246685
1,376,376,4.641592969064072,0,0,3.0,4.0,0.43213146924972534,1.0,1.0,0.6086724400520325,0.4490596652030945,0.43638333678245544,1.0,1.0,1.0,1.0,1.0,1.0,0.43213146924972534,0.43213146924972534,0.43638333678245544,1.0,1.0,0.0,1.0,1.0,1.0,0.6725956201553345,0.47328799962997437,0.7316101789474487,0.0,-0.11507027596235275,0.041806671768426895,-0.9991257190704346,0.0,0.01161941047757864,0.04485686495900154,0.0,0.0,0.0,308.3479919433594,10.8032865524292,10.8032865524292,10.90958309173584,25.0,25.0,0.01161941047757864,0.9883805895224214,0.43213146209716796,0.43213146209716796,0.0,0.0,0.0,0.0,0.0,2.008979956635085,-0.430868079268737,2.3040637897875116,0.7394173019102125,0.02,-0.0,-0.01860881958073438,-1.3619978928745457e-05,0.0,0.15,-0.0,0.0,0.0,-0.9667349517345428,0.0,0.0,0.0,0.0,0.35,0.0,0.0,0.0,0.0,0.0,0.0,0.0,0.0,0.2575526168104261,-0.0,-0.02880859375,0.0,1.0205993671126636,-0.0,-0.00360107421875,-0.00360107421875,1.5,0.5426548465516372,0.36537855863571167,0.2,0.0,-0.030152027609965628,-0.0,-0.0,0.48010628348047085,0.6001328543505886,-0.16747893609783862,0.00012150962986181786,-0.08775306629497824,-0.037559315950257625,0.0,0.0,0.0,0.40448931202546895,-0.017999999597668646,-0.0,-0.0,0.02,0.0,0.0,0.0,0.0,0.0,0.0,0.36537855863571167,29.314471287466585,32.4,0.0,0.6,0.25,1.0,3.0,4.0,0.25,1.0,0.11999999731779099,1.0,0.12,1.0,0.0,0.0,0.0,0.25,0.25,1.0,0.13,0.0,0.0,0.0,0.0,0.0,0.0,0.0,0.0,0.0,0.0,148.3639373779297,238.92044067382812,148.04640197753906,238.88075256347656,-0.317535400390625,-0.0396881103515625,0.3200060725212097,-3.017249487917732,-0.5809066891670227,-0.813970148563385,0.0,-14.853507041931152,10.219110488891602,0.0,28.0,28.0,28.0,0.0,1.0,29.0,0.0,0.0,1.0,37.0,1.0,0.0,3.0,0.0,9.28,22.91460009291768,0.5816000048071146,3.2512000761926174,9.735699975863099,6.549300043843687,4.0,5.17240003682673,3.17349995020777,0.9689000435173512,0.000400003045797348
1,377,377,-5.388476920517775,0,0,3.0,2.0,0.43213146924972534,1.0,1.0,0.6086724400520325,0.4490596652030945,0.43638333678245544,1.0,1.0,1.0,1.0,1.0,1.0,0.43213146924972534,0.43213146924972534,0.43638333678245544,1.0,1.0,0.0,1.0,1.0,1.0,0.6724170446395874,0.4187781512737274,-1.0,0.2181818187236786,-0.11507027596235275,0.04982145130634308,-0.9987581372261047,0.0,0.01161941047757864,0.04485686495900154,0.0,0.0,0.0,308.3408203125,10.599311828613281,10.599311828613281,10.623135566711426,25.0,16.761537551879883,0.009036291390657425,0.9909637086093426,0.42397247314453124,0.42397247314453124,0.0,0.0,0.0,0.0,0.0,1.9996928281525284,-7.908082664808933,0.7123223516385192,-0.21240943549988947,0.02,-0.0,-0.02045637159505457,-0.0003675732920383037,-0.21556612014770507,0.15,-8.238462448120117,0.0,0.0,-0.03527768138230241,0.0,0.0,0.0,0.0,0.35,0.0,0.0,0.0,0.0,0.0,0.0,0.0,0.0,0.25587358940392735,-0.0,-0.057373046875,0.0,1.0087291195431858,-0.0,-0.007171630859375,-0.007171630859375,-0.05,0.5393826752079477,0.3623717725276947,0.2,0.0,-0.06699407792350223,-0.0,-0.0,0.12929635806322107,0.16162044757902633,-0.1251255078031171,2.5721186622484688e-05,-0.12918114106323883,-0.07434062126461569,0.0,0.0,0.0,0.4520475297282852,-0.09914761483669281,-0.0,-0.0085629994375927,0.02,0.0,0.0,0.0,0.0,0.0,0.0,0.3623717725276947,32.56656565725803,23.26086922832157,0.4206521686004555,0.0,0.25,0.3499999940395355,3.0,2.0,0.25,0.3499999940395355,0.23999999463558197,0.3499999940395355,0.24,2.0,0.0,0.0,0.0,0.25,0.25,1.0,0.010000000000000009,0.0,0.0,0.0,0.0,0.0,0.0,0.0,0.0,0.0,0.0,148.04638671875,238.88076782226562,147.72885131835938,238.84107971191406,-0.317535400390625,-0.0396881103515625,0.3200060725212097,-3.017249487917732,-0.5802239179611206,-0.8144570589065552,0.0,-14.853507041931152,10.219110488891602,0.0,28.0,28.0,28.0,0.0,1.0,29.0,0.0,0.0,1.0,36.0,1.0,0.0,3.0,0.0,9.32,55.493999971076846,0.6412999937310815,3.9136999985203147,39.85329996794462,18.415700062178075,4.0,4.5424000127241015,3.091599908657372,3.4085999941453338,0.000300002284348011
1,378,378,3.2135436931446453,0,0,2.0,3.0,0.423972487449646,1.0,1.0,0.5842792987823486,0.43572530150413513,0.42492541670799255,1.0,1.0,0.6704614758491516,1.0,1.0,1.0,0.423972487449646,0.423972487449646,0.42492541670799255,0.6704614758491516,1.0,0.0,1.0,1.0,1.0,0.6722395420074463,0.4652366638183594,1.0,0.4363636374473572,-0.12766508758068085,0.05957759544253349,-0.9982236623764038,0.0,0.009036291390657425,0.038638196885585785,0.0,0.0,0.0,308.3272399902344,10.599311828613281,10.599311828613281,10.623135566711426,25.0,16.761537551879883,0.009036291390657425,0.9909637086093426,0.42397247314453124,0.42397247314453124,0.0,0.0,0.0,0.0,0.0,1.9761035647568004,-0.050243263511342694,0.7270524775583175,0.5406309143408702,0.02,-0.0,-0.02045637159505457,-0.0003675732920383037,0.0,0.15,-0.0,0.0,0.0,-0.6164919384587805,0.0,0.0,0.0,0.0,0.35,0.0,0.0,0.0,0.0,0.0,0.0,0.0,0.0,0.25587358940392735,-0.0,-0.108642578125,0.0,0.9851398561474578,-0.0,-0.013580322265625,-0.013580322265625,-0.05,0.5311731246971745,0.3568563759326935,0.2,0.0,-0.03257845080412286,-0.0,-0.0,0.3586931223689358,0.44836640296116975,-0.1251255078031171,5.1442373244969376e-05,-0.06256866558229464,-0.03717031063230784,0.046462882174617755,0.0,0.0,0.43707261983453066,-0.05550000071525574,-0.0,-0.0,0.02,0.0,0.0,0.0,0.0,0.0,0.0,0.3568563759326935,31.673493837341667,32.4,0.0,0.6,0.0,0.699999988079071,2.0,3.0,0.0,0.699999988079071,0.11999999731779099,0.699999988079071,0.12,3.0,0.0,0.0,0.0,0.0,0.0,1.0,0.12,0.0,0.0,0.0,0.0,0.0,0.0,0.0,0.0,0.0,0.0,147.7289581298828,238.84112548828125,147.4114227294922,238.8014373779297,-0.317535400390625,-0.0396881103515625,0.3200060725212097,-3.017249487917732,-0.579539954662323,-0.8149439096450806,0.0,-14.853507041931152,10.219110488891602,0.0,28.0,28.0,28.0,0.0,1.0,29.0,0.0,0.0,1.0,35.0,1.0,0.0,3.0,0.0,9.36,30.459900037385523,0.7397000445052981,13.180599897168577,6.247500074096024,2.252000034786761,4.0,4.868699936196208,4.393500043079257,0.9940000018104911,0.000400003045797348
1,379,379,2.374400791999124,0,0,4.0,4.0,0.423972487449646,1.0,1.0,0.5842792987823486,0.43572530150413513,0.42492541670799255,1.0,1.0,0.6704614758491516,1.0,1.0,1.0,0.423972487449646,0.423972487449646,0.42492541670799255,0.6704614758491516,1.0,0.0,1.0,1.0,1.0,0.6720670461654663,0.4524784982204437,-0.7752359509468079,0.2181818187236786,-0.12766508758068085,0.07384978979825974,-0.9972693920135498,0.0,0.009036291390657425,0.038638196885585785,0.0,0.0,0.0,308.30963134765625,10.34604549407959,10.540031433105469,10.34604549407959,25.0,16.033428192138672,0.004687843844294548,0.9953121561557055,0.41384181976318357,0.42160125732421877,0.0,0.0,0.0,0.0,0.0,1.9681358983198438,-0.2701674567710514,0.7552060964689148,-0.0987737460185831,0.02,-0.0,-0.022419515684338163,-0.0004918464020438945,-0.09472148895263671,0.15,-0.7281093597412109,0.0,0.0,-0.030002200603485213,0.0,0.0,0.0,0.0,0.35,0.0,0.0,0.0,0.0,0.0,0.0,0.0,0.0,0.2530470984987915,-0.0,-0.140869140625,0.0,0.9728237421641384,-0.0,-0.017608642578125,-0.017608642578125,-0.05,0.5327066466197861,0.35655853152275085,0.2,0.0,-0.06749366028004034,-0.0,-0.0,0.4086332627859983,0.5107915784824979,-0.39545154463161114,1.9778291917641257e-05,-0.3747143553860849,-0.0803567482907522,0.0,0.0,0.0,0.4555769546126635,-0.04846648424863815,-0.0,-0.05173557274187024,0.02,0.0,0.0,0.0,0.0,0.0,0.0,0.35655853152275085,32.80941819168628,32.4,1.0,0.0,0.5,1.0,4.0,4.0,0.5,1.0,0.23999999463558197,1.0,0.24,4.0,0.0,0.0,0.0,0.5,0.5,1.0,0.26,0.0,0.0,0.0,0.0,0.0,0.0,0.0,0.0,0.0,0.0,147.41102600097656,238.8013916015625,147.09349060058594,238.76170349121094,-0.317535400390625,-0.0396881103515625,0.3200060725212097,-3.017249487917732,-0.5788534283638,-0.8154316544532776,0.0,-14.853507041931152,10.219110488891602,0.0,28.0,28.0,28.0,0.0,1.0,29.0,0.0,0.0,1.0,34.0,1.0,0.0,3.0,0.0,9.4,62.93550005648285,0.8052999619394541,3.4884000197052956,49.73880003672093,25.14139993581921,4.0,4.698699922300875,2.933699986897409,1.2337000807747245,0.000500003807246685
1,380,380,3.946512376493168,0,0,2.0,4.0,0.421601265668869,1.0,1.0,0.5562127232551575,0.42214104533195496,0.4138418138027191,1.0,1.0,0.6413371562957764,1.0,1.0,1.0,0.4138418138027191,0.421601265668869,0.4138418138027191,0.6413371562957764,1.0,0.0,1.0,1.0,1.0,0.6718853712081909,0.4687059819698334,0.9860454201698303,0.4363636374473572,-0.1930633783340454,0.08961423486471176,-0.9959765672683716,0.0,0.004687843844294548,0.025768602266907692,0.0,0.0,0.0,371.1693420410156,10.34604549407959,10.540031433105469,10.34604549407959,25.0,16.033428192138672,0.004687843844294548,0.9953121561557055,0.41384181976318357,0.42160125732421877,0.0,0.0,0.0,0.0,0.0,2.0553753064771527,0.1762997799426346,0.7499440454809421,0.9448932445924385,0.02,-0.0,-0.022419515684338163,-0.0004918464020438945,0.0,0.15,-0.0,0.0,0.0,-0.3900286078453064,0.0,0.0,0.0,0.0,0.35,0.0,0.0,0.0,0.0,0.0,0.0,0.0,0.0,0.2530470984987915,-0.0,7.962497249245644,0.0,1.0600631503214475,-0.0,62.859710693359375,2.0,-0.05,0.5274445956318133,0.35303646326065063,0.2,0.0,-0.03261365259335722,-0.0,-0.0,0.5668138806386428,0.7085173507983035,-0.19772577231580557,1.9778291917641257e-05,-0.09216292755524307,-0.0401783741453761,0.05022296107102539,0.0,0.0,0.43923974987432307,-0.017999999597668646,-0.0,-0.0,0.02,0.0,0.0,0.0,0.0,0.0,0.0,0.35303646326065063,31.7077177990973,32.4,0.0,0.6,0.0,1.0,2.0,4.0,0.0,1.0,0.11999999731779099,1.0,0.12,5.0,0.0,0.0,0.0,0.0,0.0,1.0,0.12,0.0,0.0,0.0,0.0,0.0,0.0,0.0,0.0,0.0,0.0,147.0933837890625,238.76170349121094,146.77584838867188,238.72201538085938,-0.317535400390625,-0.0396881103515625,0.3200060725212097,-3.017249487917732,-0.5781660079956055,-0.8159191012382507,0.0,-14.853507041931152,10.219110488891602,0.0,28.0,28.0,28.0,0.0,1.0,29.0,0.0,0.0,1.0,33.0,1.0,0.0,3.0,0.0,9.44,114.0231000026688,0.7073000306263566,3.598200040869415,68.57520004268736,21.907700109295547,4.0,38.40590000618249,2.036200021393597,0.6602000212296844,0.000500003807246685
1,381,381,2.804441845054182,0,0,3.0,3.0,0.421601265668869,1.0,1.0,0.5562127232551575,0.42214104533195496,0.4138418138027191,1.0,1.0,0.6413371562957764,1.0,1.0,1.0,0.4138418138027191,0.421601265668869,0.4138418138027191,0.6413371562957764,1.0,0.0,1.0,1.0,1.0,0.5825851559638977,0.45296740531921387,-0.9563371539115906,0.2181818187236786,-0.1930633783340454,0.10765659064054489,-0.994188129901886,0.0,0.004687843844294548,0.025768602266907692,0.0,0.0,0.0,310.3565979003906,10.090036392211914,10.7820463180542,10.090036392211914,25.0,15.286303520202637,0.003040992422029376,0.9969590075779706,0.40360145568847655,0.43128185272216796,0.0,0.0,0.0,0.0,0.0,1.929559574744951,0.21442465692848983,0.7295999022303861,-0.08914228884964476,0.02,-0.0,-0.024401731917188425,-0.0006631600379234812,0.4084811973571777,0.15,-0.7471246719360352,0.0,0.0,-0.015959128091604633,0.0,0.0,0.0,0.0,0.35,0.0,0.0,0.0,0.0,0.0,0.0,0.0,0.0,0.2519766450743191,-0.0,-16.0,0.0,0.9326005671669803,-0.0,-60.812744140625,-2.0,-0.05,0.527005814638731,0.3522477149963379,0.2,0.0,-0.06578234719588075,-0.0,-0.0,0.2964394027893289,0.37054925348666107,-0.28687684140902786,5.826009894612898e-06,-0.26379913554270873,-0.09121196273927383,0.0,0.0,0.0,0.44409215155406384,-0.04846648424863815,-0.0,-0.0,0.02,0.0,0.0,0.0,0.0,0.0,0.0,0.3522477149963379,31.97752988688648,32.4,0.7326086850269979,0.0,0.25,0.699999988079071,3.0,3.0,0.25,0.699999988079071,0.23999999463558197,0.699999988079071,0.24,6.0,0.0,0.0,0.0,0.25,0.25,1.0,0.010000000000000009,0.0,0.0,0.0,0.0,0.0,0.0,0.0,0.0,0.0,0.0,220.0659942626953,247.88400268554688,149.0,239.0,-71.06599426269531,-8.884002685546875,71.619140625,-3.017227220061321,-0.7029871344566345,-0.7112026214599609,0.0,-14.853507041931152,10.219110488891602,0.0,28.0,28.0,28.0,0.0,0.0,29.0,0.0,0.0,1.0,32.0,1.0,0.0,3.0,0.0,9.48,51.34949996136129,0.533199985511601,3.4933999413624406,31.486100051552057,20.119699998758733,4.0,7.148100063204765,7.2791000129655,1.3699999544769526,0.000500003807246685
1,382,382,7.219107030952407,0,0,2.0,3.0,0.4312818646430969,1.0,1.0,0.5280951857566833,0.4093647301197052,0.4036014676094055,1.0,1.0,0.6114521622657776,1.0,1.0,1.0,0.4036014676094055,0.4312818646430969,0.4036014676094055,0.6114521622657776,1.0,0.0,1.0,1.0,1.0,0.6679862141609192,0.45682185888290405,0.23421187698841095,0.4363636374473572,-0.2275414615869522,0.12588317692279816,-0.9920450448989868,0.0,0.003040992422029376,0.010736976750195026,0.0,0.0,0.0,310.3254089355469,9.856515884399414,15.257098197937012,9.856515884399414,25.0,14.568724632263184,0.0,1.0,0.39426063537597655,0.6102839279174804,0.0,0.0,0.0,0.0,0.0,1.9276917576789856,3.7844165080495564,0.7411253291368485,0.7458734360870167,0.02,-0.0,-0.026363428571053487,-0.0008836383748630123,3.9289228057861325,0.15,-0.7175788879394531,0.0,0.0,-0.0,0.0,0.0,0.0,0.0,0.35,0.0,0.0,0.0,0.0,0.0,0.0,0.0,0.0,0.25,-0.0,-0.24951171875,0.0,0.9276917576789856,-0.0,-0.03118896484375,-0.03118896484375,-0.05,0.5351253300905228,0.3567502200603485,0.2,0.0,-0.033349387180847775,-0.0,-0.0,0.4378181743621827,0.5472727179527282,-0.15272727012634274,0.0,-0.06664462696422228,-0.12666935036399146,0.1583366671136182,0.0,0.0,0.45031965714879335,-0.017999999597668646,-0.0,-0.00016348910843949974,0.02,0.0,0.0,0.0,0.0,0.0,0.0,0.3567502200603485,32.42301531471312,32.4,0.7326086850269979,0.0,0.0,0.699999988079071,2.0,3.0,0.0,0.699999988079071,0.11999999731779099,0.699999988079071,0.12,7.0,0.0,0.0,0.0,0.0,0.0,1.0,0.12,0.0,0.0,0.0,0.0,0.0,0.0,0.0,0.0,0.0,0.0,149.00001525878906,239.0,148.68247985839844,238.96031188964844,-0.317535400390625,-0.0396881103515625,0.3200060725212097,-3.017249487917732,-0.5822697877883911,-0.8129956126213074,0.0,-14.853507041931152,10.219110488891602,0.0,28.0,28.0,28.0,0.0,1.0,29.0,0.0,0.0,1.0,31.0,1.0,0.0,3.0,0.0,9.52,57.42049997206777,0.6646999390795827,4.292299970984459,43.081199983134866,23.116600001230836,4.0,5.26420003734529,3.1930000986903906,0.8825999684631824,0.000500003807246685
1,383,383,5.152710073106572,0,0,2.0,4.0,0.6102839112281799,1.0,1.0,0.5017205476760864,0.3977991044521332,0.3942606449127197,1.0,1.0,0.5827490091323853,1.0,1.0,1.0,0.3942606449127197,0.6102839112281799,0.3942606449127197,0.5827490091323853,1.0,0.0,1.0,1.0,1.0,0.6677741408348083,0.4631859362125397,0.3867061138153076,0.2181818187236786,-0.2608241140842438,0.14598716795444489,-0.989286482334137,0.0,0.0,0.0,0.0,0.0,0.0,310.28704833984375,9.856515884399414,15.257098197937012,9.856515884399414,25.0,14.568724632263184,0.0,1.0,0.39426063537597655,0.6102839279174804,0.0,0.0,0.0,0.0,0.0,1.8982203006744385,0.5645787338715433,0.7600408452749252,1.9098701932856657,0.02,-0.0,-0.026363428571053487,-0.0008836383748630123,0.0,0.15,-0.0,0.0,0.0,-0.0,0.0,0.0,0.0,0.0,0.35,0.0,0.0,0.0,0.0,0.0,0.0,0.0,0.0,0.25,-0.0,-0.306884765625,0.0,0.8982203006744385,-0.0,-0.038360595703125,-0.038360595703125,-0.05,0.5300408452749252,0.3533605635166168,0.2,0.0,-0.0,-0.0,-0.0,0.8,1.0,-0.0,0.0,-0.0,-0.0,0.15833667753430378,0.0,0.0,0.44182580081745987,-0.04846648424863815,-0.0,-0.0,0.02,0.0,0.0,0.0,0.0,0.0,0.0,0.3533605635166168,31.811457658857112,32.4,0.0,0.6,0.0,1.0,2.0,4.0,0.0,1.0,0.0,1.0,0.0,0.0,0.0,0.0,0.0,0.0,0.0,0.0,0.0,0.0,0.0,0.0,0.0,0.0,0.0,0.0,0.0,0.0,0.0,148.68222045898438,238.96026611328125,148.36468505859375,238.9205780029297,-0.317535400390625,-0.0396881103515625,0.3200060725212097,-3.017249487917732,-0.5815894603729248,-0.8134824633598328,0.0,-14.853507041931152,10.219110488891602,0.0,28.0,28.0,28.0,0.0,1.0,29.0,0.0,0.0,1.0,30.0,1.0,0.0,3.0,0.0,9.56,24.66460003051907,0.4912000149488449,4.330300027504563,11.449500103481114,7.425800082273781,4.0,4.8204000340774655,2.839999971911311,0.7033000001683831,0.000500003807246685
1,384,384,7.5624498067749295,0,0,3.0,4.0,0.6102839112281799,1.0,1.0,0.5017205476760864,0.3977991044521332,0.3942606449127197,1.0,1.0,0.5827490091323853,1.0,1.0,1.0,0.3942606449127197,0.6102839112281799,0.3942606449127197,0.5827490091323853,1.0,0.0,1.0,1.0,1.0,0.6675572395324707,0.4544493854045868,-0.5308660268783569,0.0,-0.2608241140842438,0.16446556150913239,-0.9863828420639038,0.0,0.0,0.0,0.0,0.0,0.0,370.89208984375,9.651698112487793,25.0,9.651698112487793,25.0,13.980310440063477,0.0,1.0,0.3860679244995117,1.0,0.0,0.0,0.0,0.0,0.0,1.9938345551490784,3.918453902753813,0.7618581759929657,0.8683031728790732,0.02,-0.0,-0.028214303831800333,-0.0011181307285603528,3.940117015838623,0.15,-0.588414192199707,0.0,0.0,-0.0,0.0,0.0,0.0,0.0,0.35,0.0,0.0,0.0,0.0,0.0,0.0,0.0,0.0,0.25,-0.0,8.0,0.0,0.9938345551490784,-0.0,60.60504150390625,2.0,-0.05,0.5318581759929657,0.3545721173286438,0.2,0.0,-0.033035670498464786,-0.0,-0.0,0.6254545454545455,0.7818181818181819,-0.21818181818181814,0.0,-0.0952066115702479,-0.17454545454545453,0.0,0.0,0.0,0.4460835136752576,-0.017999999597668646,-0.0,-0.0,0.02,0.0,0.0,0.0,0.0,0.0,0.0,0.3545721173286438,32.118012984618545,32.4,1.0,0.0,0.25,1.0,3.0,4.0,0.25,1.0,0.11999999731779099,1.0,0.12,1.0,0.0,0.0,0.0,0.25,0.25,1.0,0.13,0.0,0.0,0.0,0.0,0.0,0.0,0.0,0.0,0.0,0.0,148.3646697998047,238.92059326171875,148.04713439941406,238.8809051513672,-0.317535400390625,-0.0396881103515625,0.3200060725212097,-3.017249487917732,-0.5809081196784973,-0.8139691352844238,0.0,-14.853507041931152,10.219110488891602,0.0,28.0,28.0,28.0,0.0,1.0,29.0,0.0,0.0,1.0,29.0,1.0,0.0,3.0,0.0,9.6,74.31870000436902,0.5396000342443585,3.857900039292872,50.99549994338304,28.059499920345843,4.0,15.645699924789369,2.466500038281083,0.7724000606685877,0.000500003807246685
1,385,385,5.236979907925038,0,0,2.0,4.0,1.0,1.0,1.0,0.48023736476898193,0.38793784379959106,0.3860679268836975,1.0,1.0,0.5592124462127686,1.0,1.0,1.0,0.3860679268836975,1.0,0.3860679268836975,0.5592124462127686,1.0,0.0,1.0,1.0,1.0,0.5819798707962036,0.45882874727249146,0.26610705256462097,0.2181818187236786,-0.1561523824930191,0.17755669355392456,-0.9841105937957764,0.0,0.0,0.0,0.0,0.0,0.0,311.2537536621094,9.651698112487793,25.0,9.651698112487793,25.0,13.980310440063477,0.0,1.0,0.3860679244995117,1.0,0.0,0.0,0.0,0.0,0.0,1.8815629482269287,0.5732252469219247,0.7724766838550567,1.9897150289211285,0.02,-0.0,-0.028214303831800333,-0.0011181307285603528,0.0,0.15,-0.0,0.0,0.0,-0.0,0.0,0.0,0.0,0.0,0.35,0.0,0.0,0.0,0.0,0.0,0.0,0.0,0.0,0.25,-0.0,-16.0,0.0,0.8815629482269287,-0.0,-59.638336181640625,-2.0,-0.05,0.5424766838550568,0.36165112257003784,0.2,0.0,-0.0,-0.0,-0.0,0.8,1.0,-0.0,0.0,-0.0,-0.0,0.2181818038225174,0.0,0.0,0.4525576814822853,-0.017999999597668646,-0.0,-0.010466775303720035,0.02,0.0,0.0,0.0,0.0,0.0,0.0,0.36165112257003784,32.58415306672454,32.4,1.0,0.0,0.0,1.0,2.0,4.0,0.0,1.0,0.0,1.0,0.0,0.0,0.0,0.0,0.0,0.0,0.0,0.0,0.0,0.0,0.0,0.0,0.0,0.0,0.0,0.0,0.0,0.0,0.0,218.59918212890625,247.69903564453125,149.0,239.0,-69.59918212890625,-8.69903564453125,70.14071655273438,-3.017249850177572,-0.7010342478752136,-0.713127613067627,0.0,-14.853507041931152,10.219110488891602,0.0,28.0,28.0,28.0,0.0,0.0,29.0,0.0,0.0,1.0,28.0,1.0,0.0,3.0,0.0,9.64,32.016900018788874,0.7741999579593539,3.571400069631636,18.959300010465086,12.903599999845028,4.0,4.925800021737814,2.9764999635517597,0.7749000797048211,0.000400003045797348
1,386,386,4.640737748038259,0,0,2.0,4.0,1.0,1.0,1.0,0.48023736476898193,0.38793784379959106,0.3860679268836975,1.0,1.0,0.5592124462127686,1.0,1.0,1.0,0.3860679268836975,1.0,0.3860679268836975,0.5592124462127686,1.0,0.0,1.0,1.0,1.0,0.6653262972831726,0.46548789739608765,0.404635488986969,0.0,-0.1561523824930191,0.18937042355537415,-0.9819056987762451,0.0,0.0,0.0,0.0,0.0,0.0,374.9686584472656,9.515214920043945,25.0,9.515214920043945,25.0,13.531231880187988,0.0,1.0,0.3806085968017578,1.0,0.0,0.0,0.0,0.0,0.0,1.9862233996391296,0.06597774017998302,0.7685366082191467,1.8,0.02,-0.0,-0.029519710968707986,-0.0013381522207089249,-0.043322696685791015,0.15,-0.4490785598754883,0.0,0.0,-0.0,0.0,0.0,0.0,0.0,0.35,0.0,0.0,0.0,0.0,0.0,0.0,0.0,0.0,0.25,-0.0,8.0,0.0,0.9862233996391296,-0.0,63.71490478515625,2.0,-0.05,0.5385366082191467,0.35902440547943115,0.2,0.0,-0.0,-0.0,-0.0,0.8,1.0,-0.0,0.0,-0.0,-0.0,0.0,0.0,0.0,0.43923685993067924,-0.0,-0.0,-0.0,0.02,0.0,0.0,0.0,0.0,0.0,0.0,0.35902440547943115,31.625053915008902,32.4,0.0,0.6,0.0,1.0,2.0,4.0,0.0,1.0,0.0,1.0,0.0,0.0,0.0,0.0,0.0,0.0,0.0,0.0,0.0,0.0,0.0,0.0,0.0,0.0,0.0,0.0,0.0,0.0,0.0,149.00059509277344,239.0000762939453,149.0,239.0,-0.0005950927734375,-7.62939453125e-05,0.0005999634740874171,-3.014083092721701,-0.5822709798812866,-0.8129947781562805,0.0,-14.853507041931152,10.219110488891602,0.0,28.0,28.0,28.0,0.0,1.0,0.0,0.0,1.0,1.0,27.0,1.0,0.0,3.0,0.0,9.68,125.78110001049936,0.5534000229090452,3.794000018388033,105.88269995059818,55.989200016483665,4.0,12.127499911002815,2.420000033453107,0.9624999947845936,0.000500003807246685
1,387,387,6.562328808912311,0,0,2.0,4.0,1.0,1.0,1.0,0.4636452794075012,0.38060858845710754,0.6542585492134094,1.0,1.0,0.5412492752075195,1.0,1.0,1.0,0.38060858845710754,1.0,0.38060858845710754,0.5412492752075195,1.0,0.0,1.0,1.0,1.0,0.5772075057029724,0.45178648829460144,-0.8325513601303101,0.0,-0.12270057946443558,0.19846507906913757,-0.9801079630851746,0.0,0.0,0.0,0.0,0.0,0.0,311.68499755859375,9.515214920043945,25.0,9.515214920043945,25.0,13.531231880187988,0.0,1.0,0.3806085968017578,1.0,0.0,0.0,0.0,0.0,0.0,1.8561041951179504,0.5669500404682505,2.3192745733261106,1.8,0.02,-0.0,-0.029519710968707986,-0.0013381522207089249,0.0,0.15,-0.0,0.0,0.0,-0.0,0.0,0.0,0.0,0.0,0.35,0.0,0.0,0.0,0.0,0.0,0.0,0.0,0.0,0.25,-0.0,-16.0,0.0,0.8561041951179504,-0.0,-63.283660888671875,-2.0,1.5,0.5392745733261108,0.3595163822174072,0.2,0.0,-0.0,-0.0,-0.0,0.8,1.0,-0.0,0.0,-0.0,-0.0,0.0,0.0,0.0,0.44780790365766737,-0.0,-0.0,-0.0,0.02,0.0,0.0,0.0,0.0,0.0,0.0,0.3595163822174072,32.24216906335205,32.4,1.0,0.0,0.0,1.0,2.0,4.0,0.0,1.0,0.0,1.0,0.0,0.0,0.0,0.0,0.0,0.0,0.0,0.0,0.0,0.0,0.0,0.0,0.0,0.0,0.0,0.0,0.0,0.0,0.0,222.47976684570312,248.4202880859375,149.0,239.0,-73.47976684570312,-9.4202880859375,74.08116149902344,-3.014085702372509,-0.7058150768280029,-0.7083961367607117,0.0,-14.853507041931152,10.219110488891602,0.0,28.0,28.0,28.0,0.0,0.0,0.0,0.0,0.0,1.0,26.0,1.0,0.0,3.0,0.0,9.72,28.879799996502697,0.5623999750241637,3.6356999771669507,16.351599944755435,11.631399975158274,4.0,4.4015999883413315,3.132399986498058,0.7602000841870904,0.000400003045797348
1,388,388,4.6112340044160876,0,0,2.0,4.0,1.0,1.0,1.0,0.4636452794075012,0.38060858845710754,0.6542585492134094,1.0,1.0,0.5412492752075195,1.0,1.0,1.0,0.38060858845710754,1.0,0.38060858845710754,0.5412492752075195,1.0,0.0,1.0,1.0,1.0,0.6639429926872253,0.46060240268707275,0.5356902480125427,0.0,-0.12270057946443558,0.20405186712741852,-0.9789600968360901,0.0,0.0,0.0,0.0,0.0,0.0,311.5926208496094,9.401190757751465,25.0,9.401190757751465,25.0,13.197925567626953,0.0,1.0,0.3760476303100586,1.0,0.0,0.0,0.0,0.0,0.0,1.8699483275413513,0.20723861625002968,0.7798286187648773,1.7342184418598299,0.02,-0.0,-0.030656774460915328,-0.001528997432288994,-0.03368127822875976,0.15,-0.33330631256103516,0.0,0.0,-0.0,0.0,0.0,0.0,0.0,0.35,0.0,0.0,0.0,0.0,0.0,0.0,0.0,0.0,0.25,-0.0,-0.739013671875,0.0,0.8699483275413513,-0.0,-0.092376708984375,-0.092376708984375,-0.05,0.5498286187648773,0.3665524125099182,0.2,0.0,-0.0,-0.0,-0.0,0.8,1.0,-0.0,0.0,-0.0,-0.0,0.0,0.0,0.0,0.45641197893302893,-0.0,-0.0,-0.06578155814017017,0.02,0.0,0.0,0.0,0.0,0.0,0.0,0.3665524125099182,32.86166248317808,32.4,1.0,0.0,0.0,1.0,2.0,4.0,0.0,1.0,0.0,1.0,0.0,0.0,0.0,0.0,0.0,0.0,0.0,0.0,0.0,0.0,0.0,0.0,0.0,0.0,0.0,0.0,0.0,0.0,0.0,149.0022430419922,239.00054931640625,148.71804809570312,238.85348510742188,-0.2841949462890625,-0.147064208984375,0.3199916481971741,-2.664061802964964,-0.5822740793228149,-0.8129925727844238,0.0,-14.853507041931152,10.219110488891602,0.0,28.0,28.0,28.0,0.0,1.0,30.0,1.0,0.0,1.0,25.0,1.0,0.0,3.0,0.0,9.76,57.863299967721105,0.5575999384745955,11.654100031591952,37.049499922432005,29.18019995559007,4.0,4.887599963694811,2.982800011523068,0.7045000093057752,0.000400003045797348
1,389,389,4.106254322701487,0,0,2.0,3.0,1.0,1.0,1.0,0.4508741497993469,0.37604764103889465,1.0,1.0,1.0,0.5279170274734497,1.0,1.0,1.0,0.37604764103889465,1.0,0.37604764103889465,0.5279170274734497,1.0,0.0,1.0,1.0,1.0,0.6634194850921631,0.4694523215293884,0.5377547144889832,0.0,-0.05515003204345703,0.2077649086713791,-0.9781787991523743,0.0,0.0,0.0,0.0,0.0,0.0,311.4896240234375,9.319918632507324,25.0,9.319918632507324,25.0,12.917015075683594,0.0,1.0,0.37279674530029294,1.0,0.0,0.0,0.0,0.0,0.0,1.863135814666748,0.2565875275669426,0.7515310037136078,1.2149999767541886,0.02,-0.0,-0.0314940195298718,-0.0017108262558698556,-0.02660728454589844,0.15,-0.2809104919433594,0.0,0.0,-0.0,0.0,0.0,0.0,0.0,0.35,0.0,0.0,0.0,0.0,0.0,0.0,0.0,0.0,0.25,-0.0,-0.823974609375,0.0,0.863135814666748,-0.0,-0.102996826171875,-0.102996826171875,-0.05,0.5455310046672821,0.36368733644485474,0.2,0.0,-0.0,-0.0,-0.0,0.5599999904632569,0.699999988079071,-0.0,0.0,-0.0,-0.0,0.0,0.0,0.0,0.44731014984194206,-0.04500000178813934,-0.0,-0.0,0.02,0.0,0.0,0.0,0.0,0.0,0.0,0.36368733644485474,32.20633078861982,32.4,0.0,0.6,0.0,0.699999988079071,2.0,3.0,0.0,0.699999988079071,0.0,0.699999988079071,0.0,0.0,0.0,0.0,0.0,0.0,0.0,0.0,0.0,0.0,0.0,0.0,0.0,0.0,0.0,0.0,0.0,0.0,0.0,148.7194061279297,238.8525848388672,148.46441650390625,238.6592559814453,-0.2549896240234375,-0.193328857421875,0.31999337673187256,-2.492874815301438,-0.5818581581115723,-0.8132902383804321,0.0,-14.853507041931152,10.219110488891602,0.0,28.0,28.0,28.0,0.0,1.0,30.0,0.0,0.0,1.0,24.0,1.0,0.0,3.0,0.0,9.8,41.80509992875159,0.4572999896481633,3.364300006069243,29.8915000166744,16.682200017385185,4.0,4.552199970930815,2.7697000186890364,0.7299999706447124,0.000600004568696022
1,390,390,4.932920584663351,0,0,2.0,4.0,1.0,1.0,1.0,0.4396718740463257,0.3727967441082001,1.0,1.0,1.0,0.5166805982589722,1.0,1.0,1.0,0.3727967441082001,1.0,0.3727967441082001,0.5166805982589722,1.0,0.0,1.0,1.0,1.0,0.662771463394165,0.46009042859077454,-0.5688643455505371,0.0,-0.029860883951187134,0.21052303910255432,-0.9775888919830322,0.0,0.0,0.0,0.0,0.0,0.0,311.3865661621094,9.319918632507324,25.0,9.319918632507324,25.0,12.917015075683594,0.0,1.0,0.37279674530029294,1.0,0.0,0.0,0.0,0.0,0.0,1.862672507762909,0.572577450806628,0.7761665540933609,1.7015040720004535,0.02,-0.0,-0.0314940195298718,-0.0017108262558698556,0.0,0.15,-0.0,0.0,0.0,-0.0,0.0,0.0,0.0,0.0,0.35,0.0,0.0,0.0,0.0,0.0,0.0,0.0,0.0,0.25,-0.0,-0.824462890625,0.0,0.8626725077629089,-0.0,-0.103057861328125,-0.103057861328125,-0.05,0.5461665540933609,0.3641110360622406,0.2,0.0,-0.0,-0.0,-0.0,0.8,1.0,-0.0,0.0,-0.0,-0.0,0.0,0.0,0.0,0.4557822965923697,-0.04500000178813934,-0.0,-0.05349592621140728,0.02,0.0,0.0,0.0,0.0,0.0,0.0,0.3641110360622406,32.816325354650616,32.4,1.0,0.0,0.0,1.0,2.0,4.0,0.0,1.0,0.0,1.0,0.0,0.0,0.0,0.0,0.0,0.0,0.0,0.0,0.0,0.0,0.0,0.0,0.0,0.0,0.0,0.0,0.0,0.0,0.0,148.46554565429688,238.65859985351562,148.2105255126953,238.46530151367188,-0.2550201416015625,-0.19329833984375,0.31999924778938293,-2.493008403021312,-0.5815870761871338,-0.8134841322898865,0.0,-14.853507041931152,10.219110488891602,0.0,28.0,28.0,28.0,0.0,1.0,30.0,0.0,0.0,1.0,23.0,1.0,0.0,3.0,0.0,9.84,20.359400077722967,0.7518000202253461,3.5442999796941876,8.712699986062944,5.717699998058379,4.0,4.374300013296306,2.258199965581298,0.6936000427231193,0.000700005330145359
1,391,391,4.734824056953075,0,0,2.0,4.0,1.0,1.0,1.0,0.4396718740463257,0.3727967441082001,1.0,1.0,1.0,0.5166805982589722,1.0,1.0,1.0,0.3727967441082001,1.0,0.3727967441082001,0.5166805982589722,1.0,0.0,1.0,1.0,1.0,0.6621221899986267,0.46880465745925903,0.5295091867446899,0.0,-0.029860883951187134,0.21187610924243927,-0.9772965312004089,0.0,0.0,0.0,0.0,0.0,0.0,311.2820739746094,9.277183532714844,25.0,9.277183532714844,25.0,12.664892196655273,0.0,1.0,0.3710873413085938,1.0,0.0,0.0,0.0,0.0,0.0,1.8572580814361572,0.28574160489428274,0.7718243706226349,1.8,0.02,-0.0,-0.031943449508491845,-0.0018923616437480004,-0.020255584716796872,0.15,-0.2521228790283203,0.0,0.0,-0.0,0.0,0.0,0.0,0.0,0.35,0.0,0.0,0.0,0.0,0.0,0.0,0.0,0.0,0.25,-0.0,-0.8359375,0.0,0.8572580814361572,-0.0,-0.1044921875,-0.1044921875,-0.05,0.5418243706226349,0.3612162470817566,0.2,0.0,-0.0,-0.0,-0.0,0.8,1.0,-0.0,0.0,-0.0,-0.0,0.0,0.0,0.0,0.44195587979163975,-0.0,-0.0,-0.0,0.02,0.0,0.0,0.0,0.0,0.0,0.0,0.3612162470817566,31.82082334499806,32.4,0.0,0.6,0.0,1.0,2.0,4.0,0.0,1.0,0.0,1.0,0.0,0.0,0.0,0.0,0.0,0.0,0.0,0.0,0.0,0.0,0.0,0.0,0.0,0.0,0.0,0.0,0.0,0.0,0.0,148.2113037109375,238.46517944335938,147.95626831054688,238.2718963623047,-0.255035400390625,-0.1932830810546875,0.3200021982192993,-2.493075244384027,-0.5813134908676147,-0.8136796951293945,0.0,-14.853507041931152,10.219110488891602,0.0,28.0,28.0,28.0,0.0,1.0,30.0,0.0,0.0,1.0,22.0,1.0,0.0,3.0,0.0,9.88,59.64550003409386,0.7249000482261181,4.696200019679964,46.17620003409684,17.338500008918345,4.0,4.516500048339367,2.8548999689519405,0.6404999876394868,0.000400003045797348
1,392,392,5.009619177604962,0,0,2.0,4.0,1.0,1.0,1.0,0.4293346703052521,0.37108734250068665,1.0,1.0,1.0,0.5065956711769104,1.0,1.0,1.0,0.37108734250068665,1.0,0.37108734250068665,0.5065956711769104,1.0,0.0,1.0,1.0,1.0,0.6614786982536316,0.45458319783210754,-0.8641510605812073,0.0,-0.015853846445679665,0.21313361823558807,-0.9770230650901794,0.0,0.0,0.0,0.0,0.0,0.0,311.177001953125,9.277183532714844,25.0,9.277183532714844,25.0,12.664892196655273,0.0,1.0,0.3710873413085938,1.0,0.0,0.0,0.0,0.0,0.0,1.8557040095329285,0.5682218472444215,0.7724676537513733,1.7932256670762388,0.02,-0.0,-0.031943449508491845,-0.0018923616437480004,0.0,0.15,-0.0,0.0,0.0,-0.0,0.0,0.0,0.0,0.0,0.35,0.0,0.0,0.0,0.0,0.0,0.0,0.0,0.0,0.25,-0.0,-0.840576171875,0.0,0.8557040095329285,-0.0,-0.105072021484375,-0.105072021484375,-0.05,0.5424676537513733,0.3616451025009155,0.2,0.0,-0.0,-0.0,-0.0,0.8,1.0,-0.0,0.0,-0.0,-0.0,0.0,0.0,0.0,0.45205765839666134,-0.0,-0.0,-0.006774332923761199,0.02,0.0,0.0,0.0,0.0,0.0,0.0,0.3616451025009155,32.54815140455961,32.4,1.0,0.0,0.0,1.0,2.0,4.0,0.0,1.0,0.0,1.0,0.0,0.0,0.0,0.0,0.0,0.0,0.0,0.0,0.0,0.0,0.0,0.0,0.0,0.0,0.0,0.0,0.0,0.0,0.0,147.95677185058594,238.27198791503906,147.7017364501953,238.07872009277344,-0.255035400390625,-0.193267822265625,0.3199929893016815,-2.4931132368645295,-0.5810381770133972,-0.8138763308525085,0.0,-14.853507041931152,10.219110488891602,0.0,28.0,28.0,28.0,0.0,1.0,30.0,0.0,0.0,1.0,21.0,1.0,0.0,3.0,0.0,9.92,24.75930005311966,0.6147000240162015,3.9027000311762094,12.928599957376719,8.600000059232116,4.0,4.304600064642727,2.3302999325096607,0.6506000645458698,0.000500003807246685
1,393,393,4.783891513222157,0,0,2.0,4.0,1.0,1.0,1.0,0.4293346703052521,0.37108734250068665,1.0,1.0,1.0,0.5065956711769104,1.0,1.0,1.0,0.37108734250068665,1.0,0.37108734250068665,0.5065956711769104,1.0,0.0,1.0,1.0,1.0,0.6608322262763977,0.4649735987186432,0.631361186504364,0.0,-0.015853846445679665,0.21356309950351715,-0.976929247379303,0.0,0.0,0.0,0.0,0.0,0.0,311.0704650878906,9.323861122131348,25.0,9.323861122131348,25.0,12.4302978515625,0.0,1.0,0.3729544448852539,1.0,0.0,0.0,0.0,0.0,0.0,1.8501644730567932,0.34557622300952584,0.768150817155838,1.8,0.02,-0.0,-0.0314528794057785,-0.0020785350320006823,0.023266410827636717,0.15,-0.23459434509277344,0.0,0.0,-0.0,0.0,0.0,0.0,0.0,0.35,0.0,0.0,0.0,0.0,0.0,0.0,0.0,0.0,0.25,-0.0,-0.852294921875,0.0,0.8501644730567932,-0.0,-0.106536865234375,-0.106536865234375,-0.05,0.538150817155838,0.35876721143722534,0.2,0.0,-0.0,-0.0,-0.0,0.8,1.0,-0.0,0.0,-0.0,-0.0,0.0,0.0,0.0,0.44043557171244174,-0.0,-0.0,-0.0,0.02,0.0,0.0,0.0,0.0,0.0,0.0,0.35876721143722534,31.711361163295805,32.4,0.0,0.6,0.0,1.0,2.0,4.0,0.0,1.0,0.0,1.0,0.0,0.0,0.0,0.0,0.0,0.0,0.0,0.0,0.0,0.0,0.0,0.0,0.0,0.0,0.0,0.0,0.0,0.0,0.0,147.70199584960938,238.0787811279297,147.44696044921875,237.88551330566406,-0.255035400390625,-0.193267822265625,0.3199929893016815,-2.4931132368645295,-0.5807616114616394,-0.8140736818313599,0.0,-14.853507041931152,10.219110488891602,0.0,28.0,28.0,28.0,0.0,1.0,30.0,0.0,0.0,1.0,20.0,1.0,0.0,3.0,0.0,9.96,44.428299996070564,0.6300000241026282,3.6584000336006284,32.46589994523674,15.148999984376132,4.0,4.83300001360476,2.1797000663354993,0.6311999168246984,0.000400003045797348
1,394,394,5.0043701430086776,0,0,2.0,4.0,1.0,1.0,1.0,0.41957974433898926,0.37295445799827576,1.0,1.0,1.0,0.49721190333366394,1.0,1.0,1.0,0.37295445799827576,1.0,0.37295445799827576,0.49721190333366394,1.0,0.0,1.0,1.0,1.0,0.6601907014846802,0.4530194401741028,-0.7263804078102112,0.0,-0.008096440695226192,0.214130699634552,-0.9768050312995911,0.0,0.0,0.0,0.0,0.0,0.0,310.96392822265625,9.323861122131348,25.0,9.323861122131348,25.0,12.4302978515625,0.0,1.0,0.3729544448852539,1.0,0.0,0.0,0.0,0.0,0.0,1.850503921508789,0.5650208463196448,0.7688453751802444,1.8,0.02,-0.0,-0.0314528794057785,-0.0020785350320006823,0.0,0.15,-0.0,0.0,0.0,-0.0,0.0,0.0,0.0,0.0,0.35,0.0,0.0,0.0,0.0,0.0,0.0,0.0,0.0,0.25,-0.0,-0.852294921875,0.0,0.8505039215087891,-0.0,-0.106536865234375,-0.106536865234375,-0.05,0.5388453751802444,0.35923025012016296,0.2,0.0,-0.0,-0.0,-0.0,0.8,1.0,-0.0,0.0,-0.0,-0.0,0.0,0.0,0.0,0.44855226075742394,-0.0,-0.0,-0.0,0.02,0.0,0.0,0.0,0.0,0.0,0.0,0.35923025012016296,32.29576277453452,32.4,1.0,0.0,0.0,1.0,2.0,4.0,0.0,1.0,0.0,1.0,0.0,0.0,0.0,0.0,0.0,0.0,0.0,0.0,0.0,0.0,0.0,0.0,0.0,0.0,0.0,0.0,0.0,0.0,0.0,147.44712829589844,237.88558959960938,147.1920928955078,237.69232177734375,-0.255035400390625,-0.193267822265625,0.3199929893016815,-2.4931132368645295,-0.7510980367660522,-0.6601906418800354,0.0,-86.1972885131836,32.519771575927734,0.0,28.0,28.0,28.0,0.0,1.0,34.0,1.0,0.0,1.0,19.0,1.0,0.0,2.0,1.0,0.0,30.82910005468875,0.3883000463247299,10.769299929961562,13.45890003722161,9.760099928826094,4.0,3.4620000515133142,2.117699943482876,0.606900081038475,0.000400003045797348
1,395,395,4.7902260385557796,0,0,2.0,4.0,1.0,1.0,1.0,0.41957974433898926,0.37295445799827576,1.0,1.0,1.0,0.49721190333366394,1.0,1.0,1.0,0.37295445799827576,1.0,0.37295445799827576,0.49721190333366394,1.0,0.0,1.0,1.0,1.0,0.6595466732978821,0.46136805415153503,0.5072930455207825,0.0,-0.008096440695226192,0.214179128408432,-0.976794421672821,0.0,0.0,0.0,0.0,0.0,0.0,310.86181640625,9.402464866638184,25.0,9.402464866638184,25.0,12.205972671508789,0.0,1.0,0.37609859466552736,1.0,0.0,0.0,0.0,0.0,0.0,1.8687301874160767,0.3991248242063061,0.7795219528675079,1.72284907406589,0.02,-0.0,-0.03064382864718645,-0.002273665770951796,0.0494234848022461,0.15,-0.22432518005371094,0.0,0.0,-0.0,0.0,0.0,0.0,0.0,0.35,0.0,0.0,0.0,0.0,0.0,0.0,0.0,0.0,0.25,-0.0,-0.81689453125,0.0,0.8687301874160767,-0.0,-0.10211181640625,-0.10211181640625,-0.05,0.5495219528675079,0.3663479685783386,0.2,0.0,-0.0,-0.0,-0.0,0.8,1.0,-0.0,0.0,-0.0,-0.0,0.0,0.0,0.0,0.45694401387590916,-0.0,-0.0,-0.0771509259341101,0.02,0.0,0.0,0.0,0.0,0.0,0.0,0.3663479685783386,32.89996899906546,32.4,1.0,0.0,0.0,1.0,2.0,4.0,0.0,1.0,0.0,1.0,0.0,0.0,0.0,0.0,0.0,0.0,0.0,0.0,0.0,0.0,0.0,0.0,0.0,0.0,0.0,0.0,0.0,0.0,0.0,147.1921844482422,237.6923828125,146.9371337890625,237.49911499023438,-0.2550506591796875,-0.193267822265625,0.3200051486492157,-2.493142038244004,-0.7510488033294678,-0.660246729850769,0.0,-86.1972885131836,32.519771575927734,0.0,28.0,28.0,28.0,0.0,1.0,34.0,0.0,0.0,1.0,18.0,1.0,0.0,3.0,0.0,0.04,46.33699997793883,0.5368000129237771,3.589299973100424,34.677800023928285,26.008999906480312,4.0,4.172599990852177,2.429199987091124,0.8955999510362744,0.000500003807246685
1,396,396,4.2765649607896545,0,0,2.0,3.0,1.0,1.0,1.0,0.410155326128006,0.3760986030101776,1.0,1.0,1.0,0.4882389008998871,1.0,1.0,1.0,0.3760986030101776,1.0,0.3760986030101776,0.4882389008998871,1.0,0.0,1.0,1.0,1.0,0.658888041973114,0.4699995517730713,0.5244845747947693,0.0,8.824824180919677e-05,0.21414385735988617,-0.9768021106719971,0.0,0.0,0.0,0.0,0.0,0.0,310.7589111328125,9.530977249145508,25.0,9.530977249145508,25.0,11.976901054382324,0.0,1.0,0.3812390899658203,1.0,0.0,0.0,0.0,0.0,0.0,1.8654491901397705,0.42486436576840747,0.7512514281272888,1.2149999767541886,0.02,-0.0,-0.0293658996428972,-0.002491841643361015,0.08906560897827148,0.15,-0.22907161712646484,0.0,0.0,-0.0,0.0,0.0,0.0,0.0,0.35,0.0,0.0,0.0,0.0,0.0,0.0,0.0,0.0,0.25,-0.0,-0.8232421875,0.0,0.8654491901397705,-0.0,-0.1029052734375,-0.1029052734375,-0.05,0.5452514290809631,0.3635009527206421,0.2,0.0,-0.0,-0.0,-0.0,0.5599999904632569,0.699999988079071,-0.0,0.0,-0.0,-0.0,0.0,0.0,0.0,0.44672811520285904,-0.04500000178813934,-0.0,-0.0,0.02,0.0,0.0,0.0,0.0,0.0,0.0,0.3635009527206421,32.16442429460585,32.4,0.0,0.6,0.0,0.699999988079071,2.0,3.0,0.0,0.699999988079071,0.0,0.699999988079071,0.0,0.0,0.0,0.0,0.0,0.0,0.0,0.0,0.0,0.0,0.0,0.0,0.0,0.0,0.0,0.0,0.0,0.0,0.0,146.9371795654297,237.4991455078125,146.68214416503906,237.30587768554688,-0.255035400390625,-0.193267822265625,0.3199929893016815,-2.4931132368645295,-0.7509993314743042,-0.6603029370307922,0.0,-86.1972885131836,32.519771575927734,0.0,28.0,28.0,28.0,0.0,1.0,34.0,0.0,0.0,1.0,17.0,1.0,0.0,3.0,0.0,0.08,39.1554000088945,0.7180999964475632,3.6210999824106693,26.995499967597425,14.34350002091378,4.0,4.776400048285723,2.449000021442771,0.5522000137716532,0.000300002284348011
1,397,397,4.950723733446936,0,0,2.0,4.0,1.0,1.0,1.0,0.4005371332168579,0.3812390863895416,1.0,1.0,1.0,0.4790760278701782,1.0,1.0,1.0,0.3812390863895416,1.0,0.3812390863895416,0.4790760278701782,1.0,0.0,1.0,1.0,1.0,0.6582350730895996,0.4594917893409729,-0.6384936571121216,0.0,-0.0027443200815469027,0.21439479291439056,-0.9767470955848694,0.0,0.0,0.0,0.0,0.0,0.0,310.6560974121094,9.530977249145508,25.0,9.530977249145508,25.0,11.976901054382324,0.0,1.0,0.3812390899658203,1.0,0.0,0.0,0.0,0.0,0.0,1.8657569885253906,0.5730790789823728,0.7758831787109375,1.7160044872282356,0.02,-0.0,-0.0293658996428972,-0.002491841643361015,0.0,0.15,-0.0,0.0,0.0,-0.0,0.0,0.0,0.0,0.0,0.35,0.0,0.0,0.0,0.0,0.0,0.0,0.0,0.0,0.25,-0.0,-0.822509765625,0.0,0.8657569885253906,-0.0,-0.102813720703125,-0.102813720703125,-0.05,0.5458831787109375,0.363922119140625,0.2,0.0,-0.0,-0.0,-0.0,0.8,1.0,-0.0,0.0,-0.0,-0.0,0.0,0.0,0.0,0.454936820268631,-0.04500000178813934,-0.0,-0.03899551098362508,0.02,0.0,0.0,0.0,0.0,0.0,0.0,0.363922119140625,32.75545105934143,32.4,1.0,0.0,0.0,1.0,2.0,4.0,0.0,1.0,0.0,1.0,0.0,0.0,0.0,0.0,0.0,0.0,0.0,0.0,0.0,0.0,0.0,0.0,0.0,0.0,0.0,0.0,0.0,0.0,0.0,146.6821746826172,237.30592346191406,146.42713928222656,237.11265563964844,-0.255035400390625,-0.193267822265625,0.3199929893016815,-2.4931132368645295,-0.7509498000144958,-0.6603593230247498,0.0,-86.1972885131836,32.519771575927734,0.0,28.0,28.0,28.0,0.0,1.0,34.0,0.0,0.0,1.0,16.0,1.0,0.0,3.0,0.0,0.12,22.534799994900823,0.5313999718055129,4.022900015115738,10.801699943840504,6.441199919208884,4.0,3.8232000079005957,2.6805000379681587,0.649399938993156,0.000400003045797348
1,398,398,4.9227962264689,0,0,2.0,4.0,1.0,1.0,1.0,0.4005371332168579,0.3812390863895416,1.0,1.0,1.0,0.4790760278701782,1.0,1.0,1.0,0.3812390863895416,1.0,0.3812390863895416,0.4790760278701782,1.0,0.0,1.0,1.0,1.0,0.6575797200202942,0.4679350256919861,0.5130440592765808,0.0,-0.0027443200815469027,0.2141464501619339,-0.9768015742301941,0.0,0.0,0.0,0.0,0.0,0.0,465.2120056152344,9.683486938476562,25.0,9.683486938476562,25.0,11.751426696777344,0.0,1.0,0.3873394775390625,1.0,0.0,0.0,0.0,0.0,0.0,1.8869178891181946,0.44437310489735893,0.7715052324533462,1.8,0.02,-0.0,-0.027918689188039723,-0.0027270264304351853,0.10847929000854493,0.15,-0.22547435760498047,0.0,0.0,-0.0,0.0,0.0,0.0,0.0,0.35,0.0,0.0,0.0,0.0,0.0,0.0,0.0,0.0,0.25,-0.0,8.0,0.0,0.8869178891181946,-0.0,154.555908203125,2.0,-0.05,0.5415052324533463,0.36100348830223083,0.2,0.0,-0.0,-0.0,-0.0,0.8,1.0,-0.0,0.0,-0.0,-0.0,0.0,0.0,0.0,0.4420138881122694,-0.0,-0.0,-0.0,0.02,0.0,0.0,0.0,0.0,0.0,0.0,0.36100348830223083,31.824999944083395,32.4,0.0,0.6,0.0,1.0,2.0,4.0,0.0,1.0,0.0,1.0,0.0,0.0,0.0,0.0,0.0,0.0,0.0,0.0,0.0,0.0,0.0,0.0,0.0,0.0,0.0,0.0,0.0,0.0,0.0,146.4272003173828,237.11273193359375,146.1721649169922,236.91946411132812,-0.255035400390625,-0.193267822265625,0.3199929893016815,-2.4931132368645295,-0.750900149345398,-0.660415768623352,0.0,-86.1972885131836,32.519771575927734,0.0,28.0,28.0,28.0,0.0,1.0,34.0,0.0,0.0,1.0,15.0,1.0,0.0,3.0,0.0,0.16,108.08500007260591,0.5230000242590904,3.4947999520227313,53.7686999887228,23.029600037261844,4.0,36.15069994702935,6.247300072573125,7.857499993406236,0.000400003045797348
1,399,399,6.589248309936428,0,0,2.0,4.0,1.0,1.0,1.0,0.38970494270324707,0.3873394727706909,1.0,1.0,1.0,0.47005707025527954,1.0,1.0,1.0,0.3873394727706909,1.0,0.3873394727706909,0.47005707025527954,1.0,0.0,1.0,1.0,1.0,0.6396336555480957,0.4546428620815277,-0.8076832890510559,0.0,-0.002421395853161812,0.21429196000099182,-0.9767696261405945,0.0,0.0,0.0,0.0,0.0,0.0,424.0587463378906,9.683486938476562,25.0,9.683486938476562,25.0,11.751426696777344,0.0,1.0,0.3873394775390625,1.0,0.0,0.0,0.0,0.0,0.0,1.8812062740325928,0.5711353069348573,2.321981995105743,1.7949247338632355,0.02,-0.0,-0.027918689188039723,-0.0027270264304351853,0.0,0.15,-0.0,0.0,0.0,-0.0,0.0,0.0,0.0,0.0,0.35,0.0,0.0,0.0,0.0,0.0,0.0,0.0,0.0,0.25,-0.0,-16.0,0.0,0.8812062740325928,-0.0,-41.15325927734375,-2.0,1.5,0.5419819951057434,0.3613213300704956,0.2,0.0,-0.0,-0.0,-0.0,0.8,1.0,-0.0,0.0,-0.0,-0.0,0.0,0.0,0.0,0.4517810225533322,-0.0,-0.0,-0.005075266136764535,0.02,0.0,0.0,0.0,0.0,0.0,0.0,0.3613213300704956,32.52823362383992,32.4,1.0,0.0,0.0,1.0,2.0,4.0,0.0,1.0,0.0,1.0,0.0,0.0,0.0,0.0,0.0,0.0,0.0,0.0,0.0,0.0,0.0,0.0,0.0,0.0,0.0,0.0,0.0,0.0,0.0,269.6300048828125,330.4739990234375,149.0,239.0,-120.6300048828125,-91.4739990234375,151.39051818847656,-2.4927992953808533,-0.7667022347450256,-0.6420029401779175,0.0,-86.1972885131836,32.519771575927734,0.0,28.0,28.0,28.0,0.0,0.0,34.0,0.0,0.0,1.0,14.0,1.0,0.0,3.0,0.0,0.2,63.27319995034486,0.46749995090067387,8.1314000999555,34.590200055390596,11.838300037197769,4.0,11.432699975557625,2.4286999832838774,6.190699990838766,0.000400003045797348
1,400,400,4.923707848573877,0,0,2.0,4.0,1.0,1.0,1.0,0.38970494270324707,0.3873394727706909,1.0,1.0,1.0,0.47005707025527954,1.0,1.0,1.0,0.3873394727706909,1.0,0.3873394727706909,0.47005707025527954,1.0,0.0,1.0,1.0,1.0,0.6425061821937561,0.4646890461444855,0.6104459166526794,0.0,-0.002421395853161812,0.21410615742206573,-0.9768103957176208,0.0,0.0,0.0,0.0,0.0,0.0,314.48028564453125,9.874314308166504,25.0,9.874314308166504,25.0,11.530537605285645,0.0,1.0,0.39497257232666017,1.0,0.0,0.0,0.0,0.0,0.0,1.8565752506256104,0.4795773653041865,0.7675552326440811,1.8,0.02,-0.0,-0.026208477760517438,-0.0029789397021076198,0.1394085502624512,0.15,-0.22088909149169922,0.0,0.0,-0.0,0.0,0.0,0.0,0.0,0.35,0.0,0.0,0.0,0.0,0.0,0.0,0.0,0.0,0.25,-0.0,-16.0,0.0,0.8565752506256104,-0.0,-109.57846069335938,-2.0,-0.05,0.5375552326440811,0.3583701550960541,0.2,0.0,-0.0,-0.0,-0.0,0.8,1.0,-0.0,0.0,-0.0,-0.0,0.0,0.0,0.0,0.4402453239960596,-0.0,-0.0,-0.0,0.02,0.0,0.0,0.0,0.0,0.0,0.0,0.3583701550960541,31.697663327716292,32.4,0.0,0.6,0.0,1.0,2.0,4.0,0.0,1.0,0.0,1.0,0.0,0.0,0.0,0.0,0.0,0.0,0.0,0.0,0.0,0.0,0.0,0.0,0.0,0.0,0.0,0.0,0.0,0.0,0.0,236.62600708007812,305.4469909667969,149.0,239.0,-87.62600708007812,-66.44699096679688,109.97054290771484,-2.4927993068599985,-0.7636556625366211,-0.6456238031387329,0.0,-86.1972885131836,32.519771575927734,0.0,28.0,28.0,28.0,0.0,0.0,34.0,0.0,0.0,1.0,13.0,1.0,0.0,3.0,0.0,0.24,35.88909993413836,0.6041999440640211,3.8799000903964043,23.96650006994605,15.052500064484775,4.0,4.112099995836616,2.503999974578619,0.7939999923110008,0.000500003807246685
1,401,401,5.014566882653936,0,0,2.0,4.0,1.0,1.0,1.0,0.394972562789917,0.4290110468864441,1.0,1.0,1.0,0.46122151613235474,1.0,1.0,1.0,0.394972562789917,1.0,0.394972562789917,0.46122151613235474,1.0,0.0,1.0,1.0,1.0,0.6548470854759216,0.4528237581253052,-0.7209811806678772,0.0,-0.0016705922316759825,0.21420229971408844,-0.9767892956733704,0.0,0.0,0.0,0.0,0.0,0.0,314.3749694824219,9.874314308166504,25.0,9.874314308166504,25.0,11.530537605285645,0.0,1.0,0.39497257232666017,1.0,0.0,0.0,0.0,0.0,0.0,1.857862949371338,0.5684307626921977,0.7682731705904007,1.8,0.02,-0.0,-0.026208477760517438,-0.0029789397021076198,0.0,0.15,-0.0,0.0,0.0,-0.0,0.0,0.0,0.0,0.0,0.35,0.0,0.0,0.0,0.0,0.0,0.0,0.0,0.0,0.25,-0.0,-0.842529296875,0.0,0.8578629493713379,-0.0,-0.105316162109375,-0.105316162109375,-0.05,0.5382731705904007,0.35884878039360046,0.2,0.0,-0.0,-0.0,-0.0,0.8,1.0,-0.0,0.0,-0.0,-0.0,0.0,0.0,0.0,0.44761818015482274,-0.0,-0.0,-0.0,0.02,0.0,0.0,0.0,0.0,0.0,0.0,0.35884878039360046,32.228508971147235,32.4,1.0,0.0,0.0,1.0,2.0,4.0,0.0,1.0,0.0,1.0,0.0,0.0,0.0,0.0,0.0,0.0,0.0,0.0,0.0,0.0,0.0,0.0,0.0,0.0,0.0,0.0,0.0,0.0,0.0,149.00010681152344,239.0000762939453,148.74411010742188,238.80807495117188,-0.2559967041015625,-0.1920013427734375,0.319998174905777,-2.4980820438160185,-0.7514948844909668,-0.6597389578819275,0.0,-86.1972885131836,32.519771575927734,0.0,28.0,28.0,28.0,0.0,1.0,34.0,0.0,0.0,1.0,12.0,1.0,0.0,3.0,0.0,0.28,25.02010005991906,0.8863999973982573,3.753800061531365,12.856899993494153,9.828499983996153,4.0,4.288199939765036,2.545700059272349,0.6606000242754817,0.000400003045797348
1,402,402,4.357931427481248,0,0,2.0,3.0,1.0,1.0,1.0,0.394972562789917,0.4290110468864441,1.0,1.0,1.0,0.46122151613235474,1.0,1.0,1.0,0.394972562789917,1.0,0.394972562789917,0.46122151613235474,1.0,0.0,1.0,1.0,1.0,0.6542090773582458,0.4604072570800781,0.4608035087585449,0.0,-0.0016705922316759825,0.21399225294589996,-0.9768353700637817,0.0,0.0,0.0,0.0,0.0,0.0,314.27423095703125,10.109094619750977,25.0,10.109094619750977,25.0,11.310385704040527,0.0,1.0,0.40436378479003904,1.0,0.0,0.0,0.0,0.0,0.0,1.8739889860153198,0.5316920892365972,0.7530514138936997,1.179198938335632,0.02,-0.0,-0.02424827086659731,-0.003253164428825706,0.17461513519287108,0.15,-0.2201519012451172,0.0,0.0,-0.0,0.0,0.0,0.0,0.0,0.35,0.0,0.0,0.0,0.0,0.0,0.0,0.0,0.0,0.25,-0.0,-0.805908203125,0.0,0.8739889860153198,-0.0,-0.100738525390625,-0.100738525390625,-0.05,0.547051414847374,0.36470094323158264,0.2,0.0,-0.0,-0.0,-0.0,0.5599999904632569,0.699999988079071,-0.0,0.0,-0.0,-0.0,0.0,0.0,0.0,0.4547302905842663,-0.04500000178813934,-0.0,-0.03580103841855654,0.02,0.0,0.0,0.0,0.0,0.0,0.0,0.36470094323158264,32.74058092206717,32.4,0.7326086850269979,0.0,0.0,0.699999988079071,2.0,3.0,0.0,0.699999988079071,0.0,0.699999988079071,0.0,0.0,0.0,0.0,0.0,0.0,0.0,0.0,0.0,0.0,0.0,0.0,0.0,0.0,0.0,0.0,0.0,0.0,0.0,148.74375915527344,238.80784606933594,148.48776245117188,238.6158447265625,-0.2559967041015625,-0.1920013427734375,0.319998174905777,-2.4980820438160185,-0.7514427900314331,-0.659798264503479,0.0,-86.1972885131836,32.519771575927734,0.0,28.0,28.0,28.0,0.0,1.0,34.0,0.0,0.0,1.0,11.0,1.0,0.0,3.0,0.0,0.32,44.60050002671778,0.5810000002384186,3.3078999258577824,32.99840004183352,22.466900059953332,4.0,4.205400007776916,2.8711999766528606,0.6061000749468803,0.000800006091594696
1,403,403,4.894976226537394,0,0,2.0,4.0,1.0,1.0,1.0,0.4043637812137604,0.4736058712005615,1.0,1.0,1.0,0.45241543650627136,1.0,1.0,1.0,0.4043637812137604,1.0,0.4043637812137604,0.45241543650627136,1.0,0.0,1.0,1.0,1.0,0.6535593271255493,0.4677225947380066,0.4445069134235382,0.0,0.0016913666622713208,0.21380148828029633,-0.9768771529197693,0.0,0.0,0.0,0.0,0.0,0.0,314.17242431640625,10.297786712646484,25.0,10.297786712646484,25.0,11.083638191223145,0.0,1.0,0.41191146850585936,1.0,0.0,0.0,0.0,0.0,0.0,1.8692178130149841,0.4789704333235502,0.7717879819869995,1.7549999982118607,0.02,-0.0,-0.022780349654850325,-0.0035620178574174866,0.1373488235473633,0.15,-0.2267475128173828,0.0,0.0,-0.0,0.0,0.0,0.0,0.0,0.35,0.0,0.0,0.0,0.0,0.0,0.0,0.0,0.0,0.25,-0.0,-0.814453125,0.0,0.8692178130149841,-0.0,-0.101806640625,-0.101806640625,-0.05,0.5417879819869995,0.361191987991333,0.2,0.0,-0.0,-0.0,-0.0,0.8,1.0,-0.0,0.0,-0.0,-0.0,0.0,0.0,0.0,0.44471149010583755,-0.04500000178813934,-0.0,-0.0,0.02,0.0,0.0,0.0,0.0,0.0,0.0,0.361191987991333,32.0192272876203,32.4,0.0,0.6,0.0,1.0,2.0,4.0,0.0,1.0,0.0,1.0,0.0,0.0,0.0,0.0,0.0,0.0,0.0,0.0,0.0,0.0,0.0,0.0,0.0,0.0,0.0,0.0,0.0,0.0,0.0,148.48780822753906,238.61595153808594,148.2318115234375,238.4239501953125,-0.2559967041015625,-0.1920013427734375,0.319998174905777,-2.4980820438160185,-0.7513906359672546,-0.6598576307296753,0.0,-86.1972885131836,32.519771575927734,0.0,28.0,28.0,28.0,0.0,1.0,34.0,0.0,0.0,1.0,10.0,1.0,0.0,3.0,0.0,0.36,36.50700009893626,0.6265999982133508,4.159800009801984,24.939300026744604,13.506299932487309,4.0,4.351199953816831,1.8004999728873372,0.5886000581085682,0.000400003045797348
1,404,404,4.412564140310416,0,0,2.0,3.0,1.0,1.0,1.0,0.4119114577770233,0.5187080502510071,1.0,1.0,1.0,0.4433455169200897,1.0,1.0,1.0,0.4119114577770233,1.0,0.4119114577770233,0.4433455169200897,1.0,0.0,1.0,1.0,1.0,0.6529167294502258,0.4574175179004669,-0.626175045967102,0.0,-0.002000984502956271,0.21392378211021423,-0.9768503308296204,0.0,0.0,0.0,0.0,0.0,0.0,314.0690002441406,10.297786712646484,25.0,10.297786712646484,25.0,11.083638191223145,0.0,1.0,0.41191146850585936,1.0,0.0,0.0,0.0,0.0,0.0,1.862763524055481,0.5707419124747619,0.7440587270259857,1.2149999767541886,0.02,-0.0,-0.022780349654850325,-0.0035620178574174866,0.0,0.15,-0.0,0.0,0.0,-0.0,0.0,0.0,0.0,0.0,0.35,0.0,0.0,0.0,0.0,0.0,0.0,0.0,0.0,0.25,-0.0,-0.827392578125,0.0,0.862763524055481,-0.0,-0.103424072265625,-0.103424072265625,-0.05,0.53805872797966,0.3587058186531067,0.2,0.0,-0.0,-0.0,-0.0,0.5599999904632569,0.699999988079071,-0.0,0.0,-0.0,-0.0,0.0,0.0,0.0,0.44708427998702976,-0.04500000178813934,-0.0,-0.0,0.02,0.0,0.0,0.0,0.0,0.0,0.0,0.3587058186531067,32.19006815906614,32.4,0.7326086850269979,0.0,0.0,0.699999988079071,2.0,3.0,0.0,0.699999988079071,0.0,0.699999988079071,0.0,0.0,0.0,0.0,0.0,0.0,0.0,0.0,0.0,0.0,0.0,0.0,0.0,0.0,0.0,0.0,0.0,0.0,0.0,148.2319793701172,238.42416381835938,147.97598266601562,238.23216247558594,-0.2559967041015625,-0.1920013427734375,0.319998174905777,-2.4980820438160185,-0.7513384222984314,-0.6599171161651611,0.0,-86.1972885131836,32.519771575927734,0.0,28.0,28.0,28.0,0.0,1.0,34.0,0.0,0.0,1.0,9.0,1.0,0.0,3.0,0.0,0.4,43.17339998669922,0.38219999987632036,4.187999991700053,30.419500079005957,13.008099980652332,4.0,4.474699962884188,2.7340000960975885,0.9337998926639557,0.000400003045797348
1,405,405,4.71770775208395,0,0,2.0,4.0,1.0,1.0,1.0,0.4119114577770233,0.5187080502510071,1.0,1.0,1.0,0.4433455169200897,1.0,1.0,1.0,0.4119114577770233,1.0,0.4119114577770233,0.4433455169200897,1.0,0.0,1.0,1.0,1.0,0.6522773504257202,0.45985811948776245,0.14829936623573303,0.0,-0.002000984502956271,0.21380431950092316,-0.9768764972686768,0.0,0.0,0.0,0.0,0.0,0.0,313.9691467285156,10.608915328979492,25.0,10.608915328979492,21.837366104125977,10.856851577758789,0.0,1.0,0.42435661315917966,1.0,0.0,0.0,0.0,0.0,0.0,1.8773419260978699,0.3499604194178627,0.7772860187292099,1.6931193878390074,0.02,-0.0,-0.020867362142756987,-0.0039002546409393477,-0.004704303741455064,0.15,-0.22678661346435547,0.0,0.0,-0.0,0.0,0.0,0.0,0.0,0.35,0.0,0.0,0.0,0.0,0.0,0.0,0.0,0.0,0.25,-0.0,-0.798828125,0.0,0.8773419260978699,-0.0,-0.099853515625,-0.099853515625,-0.05,0.5472860187292099,0.36485734581947327,0.2,0.0,-0.0,-0.0,-0.0,0.8,1.0,-0.0,0.0,-0.0,-0.0,0.0,0.0,0.0,0.45621895340736957,-0.04500000178813934,-0.0,-0.06188061037285342,0.02,0.0,0.0,0.0,0.0,0.0,0.0,0.36485734581947327,32.84776464533061,32.4,1.0,0.0,0.0,1.0,2.0,4.0,0.0,1.0,0.0,1.0,0.0,0.0,0.0,0.0,0.0,0.0,0.0,0.0,0.0,0.0,0.0,0.0,0.0,0.0,0.0,0.0,0.0,0.0,0.0,147.97616577148438,238.2323760986328,147.7201690673828,238.04037475585938,-0.2559967041015625,-0.1920013427734375,0.319998174905777,-2.4980820438160185,-0.7512860298156738,-0.659976601600647,0.0,-86.1972885131836,32.519771575927734,0.0,28.0,28.0,28.0,0.0,1.0,34.0,0.0,0.0,1.0,8.0,1.0,0.0,3.0,0.0,0.44,44.2742999875918,0.7372000254690647,3.8518999936059117,31.959999934770167,15.821500099264085,4.0,4.299100022763014,2.5629999581724405,0.8236999856308103,0.000500003807246685
1,406,406,5.034666587620546,0,0,2.0,4.0,1.0,1.0,1.0,0.424356609582901,0.5632367134094238,1.0,1.0,1.0,0.4342740774154663,1.0,1.0,0.8734946250915527,0.424356609582901,1.0,0.424356609582901,0.4342740774154663,0.8734946250915527,0.0,1.0,1.0,1.0,0.6516245603561401,0.4692537784576416,0.5709170699119568,0.0,0.002203217940405011,0.21356719732284546,-0.9769283533096313,0.0,0.0,0.0,0.0,0.0,0.0,313.8677978515625,10.608915328979492,25.0,10.608915328979492,21.837366104125977,10.856851577758789,0.0,1.0,0.42435661315917966,1.0,0.0,0.0,0.0,0.0,0.0,1.8717694878578186,0.5698398517663972,0.7730572479963302,1.8,0.02,-0.0,-0.020867362142756987,-0.0039002546409393477,0.0,0.15,-0.0,0.0,0.0,-0.0,0.0,0.0,0.0,0.0,0.35,0.0,0.0,0.0,0.0,0.0,0.0,0.0,0.0,0.25,-0.0,-0.810791015625,0.0,0.8717694878578186,-0.0,-0.101348876953125,-0.101348876953125,-0.05,0.5430572479963303,0.36203816533088684,0.2,0.0,-0.0,-0.0,-0.0,0.8,1.0,-0.0,0.0,-0.0,-0.0,0.0,0.0,0.0,0.4446074685500935,-0.0,-0.0,-0.0,0.02,0.0,0.0,0.0,0.0,0.0,0.0,0.36203816533088684,32.01173773560673,32.4,0.0,0.6,0.0,1.0,2.0,4.0,0.0,1.0,0.0,1.0,0.0,0.0,0.0,0.0,0.0,0.0,0.0,0.0,0.0,0.0,0.0,0.0,0.0,0.0,0.0,0.0,0.0,0.0,0.0,147.72030639648438,238.04054260253906,147.4643096923828,237.84854125976562,-0.2559967041015625,-0.1920013427734375,0.319998174905777,-2.4980820438160185,-0.7512336373329163,-0.6600363254547119,0.0,-86.1972885131836,32.519771575927734,0.0,28.0,28.0,28.0,0.0,1.0,34.0,0.0,0.0,1.0,7.0,1.0,0.0,3.0,0.0,0.48,23.85369990952313,0.676299910992384,4.265700001269579,13.24570004362613,10.147599969059229,4.0,3.2531999750062823,1.7173000378534198,0.6654999451711774,0.000500003807246685
1,407,407,6.912587313285321,0,0,2.0,4.0,1.0,1.0,1.0,0.424356609582901,0.5632367134094238,1.0,1.0,1.0,0.4342740774154663,1.0,1.0,0.8734946250915527,0.424356609582901,1.0,0.424356609582901,0.4342740774154663,0.8734946250915527,0.0,1.0,1.0,1.0,0.6509764790534973,0.4573105275630951,-0.7257177829742432,0.0,0.002203217940405011,0.21362772583961487,-0.9769151210784912,0.0,0.0,0.0,0.0,0.0,0.0,384.1265563964844,10.861145973205566,25.0,10.861145973205566,25.0,11.016744613647461,0.0,1.0,0.43444583892822264,1.0,0.0,0.0,0.0,0.0,0.0,1.8868312239646912,2.4461614495205315,0.7738730418682098,1.7857215979318888,0.02,-0.0,-0.01890897202573671,-0.003658614885491302,1.8657417297363281,0.15,-0.0,0.0,0.0,-0.0,0.0,0.0,0.0,0.0,0.35,0.0,0.0,0.0,0.0,0.0,0.0,0.0,0.0,0.25,-0.0,8.0,0.0,0.8868312239646912,-0.0,70.25875854492188,2.0,-0.05,0.5438730418682098,0.3625820279121399,0.2,0.0,-0.0,-0.0,-0.0,0.8,1.0,-0.0,0.0,-0.0,-0.0,0.0,0.0,0.0,0.45298730669543147,-0.0,-0.0,-0.014278402068111172,0.02,0.0,0.0,0.0,0.0,0.0,0.0,0.3625820279121399,32.615086082071066,32.4,1.0,0.0,0.0,1.0,2.0,4.0,0.0,1.0,0.0,1.0,0.0,0.0,0.0,0.0,0.0,0.0,0.0,0.0,0.0,0.0,0.0,0.0,0.0,0.0,0.0,0.0,0.0,0.0,0.0,147.4644012451172,237.84866333007812,147.20840454101562,237.65664672851562,-0.2559967041015625,-0.1920166015625,0.32000732421875,-2.4980438491609327,-0.7511811256408691,-0.6600961685180664,0.0,-86.1972885131836,32.519771575927734,0.0,28.0,28.0,28.0,0.0,1.0,34.0,0.0,0.0,1.0,6.0,1.0,0.0,3.0,0.0,0.52,61.72060000244528,0.6932000396773219,3.376099979504943,31.97150002233684,13.120100018568337,4.0,13.747700024396181,4.368099966086447,7.523100008256733,0.000500003807246685
1,408,408,5.0518092543460975,0,0,2.0,4.0,1.0,1.0,1.0,0.4344458281993866,0.6083417534828186,1.0,1.0,1.0,0.4406697750091553,1.0,1.0,1.0,0.4344458281993866,1.0,0.4344458281993866,0.4406697750091553,1.0,0.0,1.0,1.0,1.0,0.6413015127182007,0.4659298062324524,0.5237398743629456,0.0,0.002540201647207141,0.21342772245407104,-0.9769588708877563,0.0,0.0,0.0,0.0,0.0,0.0,482.49267578125,10.861145973205566,25.0,10.861145973205566,25.0,11.016744613647461,0.0,1.0,0.43444583892822264,1.0,0.0,0.0,0.0,0.0,0.0,1.8941654562950134,0.568067431507315,0.7695763665437698,1.8,0.02,-0.0,-0.01890897202573671,-0.003658614885491302,0.0,0.15,-0.0,0.0,0.0,-0.0,0.0,0.0,0.0,0.0,0.35,0.0,0.0,0.0,0.0,0.0,0.0,0.0,0.0,0.25,-0.0,8.0,0.0,0.8941654562950134,-0.0,98.36611938476562,2.0,-0.05,0.5395763665437698,0.35971757769584656,0.2,0.0,-0.0,-0.0,-0.0,0.8,1.0,-0.0,0.0,-0.0,-0.0,0.0,0.0,0.0,0.440635018418543,-0.0,-0.0,-0.0,0.02,0.0,0.0,0.0,0.0,0.0,0.0,0.35971757769584656,31.725721326135098,32.4,0.0,0.6,0.0,1.0,2.0,4.0,0.0,1.0,0.0,1.0,0.0,0.0,0.0,0.0,0.0,0.0,0.0,0.0,0.0,0.0,0.0,0.0,0.0,0.0,0.0,0.0,0.0,0.0,0.0,203.58999633789062,279.9469909667969,149.0,239.0,-54.589996337890625,-40.946990966796875,68.24018859863281,-2.498038866213389,-0.7605025172233582,-0.6493349671363831,0.0,-86.1972885131836,32.519771575927734,0.0,28.0,28.0,28.0,0.0,0.0,34.0,0.0,0.0,1.0,5.0,1.0,0.0,3.0,0.0,0.56,79.31289996486157,0.7687000324949622,6.716499920003116,63.95850004628301,19.215199979953468,4.0,4.262100090272725,2.844400005415082,0.7187000010162592,0.000500003807246685
1,409,409,5.446914101093167,0,0,2.0,4.0,1.0,1.0,1.0,0.4344458281993866,0.6083417534828186,1.0,1.0,1.0,0.4406697750091553,1.0,1.0,1.0,0.4344458281993866,1.0,0.4344458281993866,0.4406697750091553,1.0,0.0,1.0,1.0,1.0,0.6325862407684326,0.4532245993614197,-0.7720180153846741,0.0,0.002540201647207141,0.21349339187145233,-0.9769445061683655,0.0,0.0,0.0,0.0,0.0,0.0,316.4371643066406,11.228140830993652,25.0,11.261129379272461,25.0,11.228140830993652,0.0,1.0,0.4491256332397461,1.0,0.0,0.0,0.0,0.0,0.0,1.8717908263206482,0.9851361155816633,0.7704241234064102,1.7995630357844465,0.02,-0.0,-0.016569721695558346,-0.0033619667408140404,0.4045452117919922,0.15,-0.0,0.0,0.0,-0.0,0.0,0.0,0.0,0.0,0.35,0.0,0.0,0.0,0.0,0.0,0.0,0.0,0.0,0.25,-0.0,-16.0,0.0,0.8717908263206482,-0.0,-166.05551147460938,-2.0,-0.05,0.5404241234064102,0.3602827489376068,0.2,0.0,-0.0,-0.0,-0.0,0.8,1.0,-0.0,0.0,-0.0,-0.0,0.0,0.0,0.0,0.4505225922260434,-0.0,-0.0,-0.00043696421555352905,0.02,0.0,0.0,0.0,0.0,0.0,0.0,0.3602827489376068,32.43762664027512,32.4,1.0,0.0,0.0,1.0,2.0,4.0,0.0,1.0,0.0,1.0,0.0,0.0,0.0,0.0,0.0,0.0,0.0,0.0,0.0,0.0,0.0,0.0,0.0,0.0,0.0,0.0,0.0,0.0,0.0,282.1882019042969,338.9011535644531,149.0,239.0,-133.18820190429688,-99.90115356445312,166.4912567138672,-2.4980435153726406,-0.7688434720039368,-0.6394370198249817,0.0,-86.1972885131836,32.519771575927734,0.0,28.0,28.0,28.0,0.0,0.0,34.0,0.0,0.0,1.0,4.0,1.0,0.0,3.0,0.0,0.6,34.69070000573993,0.6952000549063087,3.4833999816328287,21.990599925629795,15.531399985775352,4.0,4.934899974614382,2.8455000137910247,0.7128999568521976,0.000500003807246685
1,410,410,5.373401800755969,0,0,2.0,4.0,1.0,1.0,1.0,0.45044517517089844,0.6531314253807068,1.0,0.7880039811134338,1.0,0.44912564754486084,1.0,1.0,1.0,0.44912564754486084,1.0,0.45044517517089844,0.44912564754486084,1.0,0.0,1.0,1.0,1.0,0.6485981941223145,0.4633946716785431,0.6179733872413635,0.0,0.0036307538393884897,0.21317678689956665,-0.9770136475563049,0.0,0.0,0.0,0.0,0.0,0.0,316.3348083496094,11.496602058410645,25.0,11.56176471710205,25.0,11.496602058410645,0.0,1.0,0.4598640823364258,1.0,0.0,0.0,0.0,0.0,0.0,1.8683847784996033,0.9188724974436684,0.7661445248126983,1.8,0.02,-0.0,-0.015005773511659848,-0.003019652176145174,0.34789276123046875,0.15,-0.0,0.0,0.0,-0.0,0.0,0.0,0.0,0.0,0.35,0.0,0.0,0.0,0.0,0.0,0.0,0.0,0.0,0.25,-0.0,-0.81884765625,0.0,0.8683847784996033,-0.0,-0.10235595703125,-0.10235595703125,-0.05,0.5361445248126984,0.3574296832084656,0.2,0.0,-0.0,-0.0,-0.0,0.8,1.0,-0.0,0.0,-0.0,-0.0,0.0,0.0,0.0,0.4390051619010047,-0.0,-0.0,-0.0,0.02,0.0,0.0,0.0,0.0,0.0,0.0,0.3574296832084656,31.608371656872336,32.4,0.0,0.6,0.0,1.0,2.0,4.0,0.0,1.0,0.0,1.0,0.0,0.0,0.0,0.0,0.0,0.0,0.0,0.0,0.0,0.0,0.0,0.0,0.0,0.0,0.0,0.0,0.0,0.0,0.0,149.00067138671875,239.00050354003906,148.7446746826172,238.80850219726562,-0.2559967041015625,-0.1920013427734375,0.319998174905777,-2.4980820438160185,-0.7514949440956116,-0.6597387790679932,0.0,-86.1972885131836,32.519771575927734,0.0,28.0,28.0,28.0,0.0,1.0,34.0,0.0,0.0,1.0,3.0,1.0,0.0,3.0,0.0,0.64,50.70820008404553,0.646200031042099,2.655099960975349,38.635200005955994,14.913500053808093,4.0,5.255899974144995,2.8255999786779284,0.646200031042099,0.000500003807246685
1,411,411,5.033923220120928,0,0,2.0,4.0,1.0,1.0,1.0,0.4624705910682678,0.6975095272064209,1.0,0.7963019609451294,1.0,0.45986407995224,1.0,1.0,1.0,0.45986407995224,1.0,0.4624705910682678,0.45986407995224,1.0,0.0,1.0,1.0,1.0,0.6479623317718506,0.45154815912246704,-0.7198393940925598,0.0,-0.0008469504537060857,0.2132520228624344,-0.9769971966743469,0.0,0.0,0.0,0.0,0.0,0.0,316.23260498046875,11.496602058410645,25.0,11.56176471710205,25.0,11.496602058410645,0.0,1.0,0.4598640823364258,1.0,0.0,0.0,0.0,0.0,0.0,1.8682112097740173,0.5787546867957337,0.766957323551178,1.8,0.02,-0.0,-0.015005773511659848,-0.003019652176145174,0.0,0.15,-0.0,0.0,0.0,-0.0,0.0,0.0,0.0,0.0,0.35,0.0,0.0,0.0,0.0,0.0,0.0,0.0,0.0,0.25,-0.0,-0.817626953125,0.0,0.8682112097740173,-0.0,-0.102203369140625,-0.102203369140625,-0.05,0.536957323551178,0.35797154903411865,0.2,0.0,-0.0,-0.0,-0.0,0.8,1.0,-0.0,0.0,-0.0,-0.0,0.0,0.0,0.0,0.4467801124835387,-0.0,-0.0,-0.0,0.02,0.0,0.0,0.0,0.0,0.0,0.0,0.35797154903411865,32.16816809881479,32.4,1.0,0.0,0.0,1.0,2.0,4.0,0.0,1.0,0.0,1.0,0.0,0.0,0.0,0.0,0.0,0.0,0.0,0.0,0.0,0.0,0.0,0.0,0.0,0.0,0.0,0.0,0.0,0.0,0.0,148.7446746826172,238.8085479736328,148.48867797851562,238.61654663085938,-0.2559967041015625,-0.1920013427734375,0.319998174905777,-2.4980820438160185,-0.7514429688453674,-0.6597980260848999,0.0,-86.1972885131836,32.519771575927734,0.0,28.0,28.0,28.0,0.0,1.0,34.0,0.0,0.0,1.0,2.0,1.0,0.0,3.0,0.0,0.68,20.18519991543144,0.6022999295964837,2.880200045183301,9.669899940490723,6.388899986632168,4.0,4.361299914307892,2.0511000184342265,0.5936999805271626,0.000400003045797348
1,412,412,5.55180353007988,0,0,2.0,4.0,1.0,1.0,1.0,0.4624705910682678,0.6975095272064209,1.0,0.7963019609451294,1.0,0.45986407995224,1.0,1.0,1.0,0.45986407995224,1.0,0.4624705910682678,0.45986407995224,1.0,0.0,1.0,1.0,1.0,0.6473234295845032,0.4595452547073364,0.48593440651893616,0.0,-0.0008469504537060857,0.21298053860664368,-0.9770564436912537,0.0,0.0,0.0,0.0,0.0,0.0,316.1349792480469,11.839653015136719,25.0,12.065723419189453,25.0,11.839653015136719,0.0,1.0,0.47358612060546873,1.0,0.0,0.0,0.0,0.0,0.0,1.8863275647163391,1.1313439876363747,0.7776458817720413,1.7364860959551256,0.02,-0.0,-0.012711381400016228,-0.002632466576874733,0.5403873443603515,0.15,-0.0,0.0,0.0,-0.0,0.0,0.0,0.0,0.0,0.35,0.0,0.0,0.0,0.0,0.0,0.0,0.0,0.0,0.25,-0.0,-0.781005859375,0.0,0.8863275647163391,-0.0,-0.097625732421875,-0.097625732421875,-0.05,0.5476458817720413,0.3650972545146942,0.2,0.0,-0.0,-0.0,-0.0,0.8,1.0,-0.0,0.0,-0.0,-0.0,0.0,0.0,0.0,0.45630049125291405,-0.0,-0.0,-0.06351390404487439,0.02,0.0,0.0,0.0,0.0,0.0,0.0,0.3650972545146942,32.853635370209815,32.4,1.0,0.0,0.0,1.0,2.0,4.0,0.0,1.0,0.0,1.0,0.0,0.0,0.0,0.0,0.0,0.0,0.0,0.0,0.0,0.0,0.0,0.0,0.0,0.0,0.0,0.0,0.0,0.0,0.0,148.48886108398438,238.61676025390625,148.2328643798828,238.4247589111328,-0.2559967041015625,-0.1920013427734375,0.319998174905777,-2.4980820438160185,-0.751390814781189,-0.6598573327064514,0.0,-86.1972885131836,32.519771575927734,0.0,28.0,28.0,28.0,0.0,1.0,34.0,0.0,0.0,1.0,1.0,1.0,0.0,3.0,0.0,0.72,43.6010000994429,0.6996000884100795,3.8319999584928155,31.004999997094274,14.34490003157407,4.0,4.413099959492683,2.8696999652311206,0.744700082577765,0.000600004568696022
1,413,413,5.054408930834489,0,0,2.0,4.0,1.0,1.0,1.0,0.4826289415359497,0.7418041229248047,1.0,1.0,1.0,0.4735861122608185,1.0,1.0,1.0,0.4735861122608185,1.0,0.4826289415359497,0.4735861122608185,1.0,0.0,1.0,1.0,1.0,0.6466699838638306,0.4693376421928406,0.5950236916542053,0.0,0.0012223911471664906,0.2128647267818451,-0.9770816564559937,0.0,0.0,0.0,0.0,0.0,0.0,316.0358581542969,11.839653015136719,25.0,12.065723419189453,25.0,11.839653015136719,0.0,1.0,0.47358612060546873,1.0,0.0,0.0,0.0,0.0,0.0,1.8805170059204102,0.5805381587111526,0.7733537662029266,1.8,0.02,-0.0,-0.012711381400016228,-0.002632466576874733,0.0,0.15,-0.0,0.0,0.0,-0.0,0.0,0.0,0.0,0.0,0.35,0.0,0.0,0.0,0.0,0.0,0.0,0.0,0.0,0.25,-0.0,-0.79296875,0.0,0.8805170059204102,-0.0,-0.09912109375,-0.09912109375,-0.05,0.5433537662029266,0.3622358441352844,0.2,0.0,-0.0,-0.0,-0.0,0.8,1.0,-0.0,0.0,-0.0,-0.0,0.0,0.0,0.0,0.4458820066880435,-0.0,-0.0,-0.0,0.02,0.0,0.0,0.0,0.0,0.0,0.0,0.3622358441352844,32.10350448153913,32.4,0.0,0.6,0.0,1.0,2.0,4.0,0.0,1.0,0.0,1.0,0.0,0.0,0.0,0.0,0.0,0.0,0.0,0.0,0.0,0.0,0.0,0.0,0.0,0.0,0.0,0.0,0.0,0.0,0.0,148.23309326171875,238.42501831054688,147.9770965576172,238.23301696777344,-0.2559967041015625,-0.1920013427734375,0.319998174905777,-2.4980820438160185,-0.7513386607170105,-0.659916877746582,0.0,-86.1972885131836,32.519771575927734,0.0,28.0,28.0,28.0,0.0,1.0,34.0,0.0,0.0,1.0,0.0,1.0,0.0,3.0,0.0,0.76,27.34150004107505,0.6253999890759587,4.241700051352382,13.659099931828678,10.330399964004755,4.0,4.679800011217594,3.321500029414892,0.7860000478103757,0.000400003045797348
1,414,414,5.503056014456287,0,0,2.0,4.0,1.0,1.0,1.0,0.4826289415359497,0.7418041229248047,1.0,1.0,1.0,0.4735861122608185,1.0,1.0,1.0,0.4735861122608185,1.0,0.4826289415359497,0.4735861122608185,1.0,0.0,1.0,1.0,1.0,0.6460211277008057,0.4586215019226074,-0.6511552929878235,0.0,0.0012223911471664906,0.2129112184047699,-0.9770715236663818,0.0,0.0,0.0,0.0,0.0,0.0,315.9371643066406,12.224743843078613,25.0,12.43570327758789,25.0,12.224743843078613,0.0,1.0,0.4889897537231445,1.0,0.0,0.0,0.0,0.0,0.0,1.8824058771133423,1.039342826636323,0.7741698729991913,1.7871374377074305,0.02,-0.0,-0.011256064226335988,-0.002256657954074144,0.45002021789550783,0.15,-0.0,0.0,0.0,-0.0,0.0,0.0,0.0,0.0,0.35,0.0,0.0,0.0,0.0,0.0,0.0,0.0,0.0,0.25,-0.0,-0.78955078125,0.0,0.8824058771133423,-0.0,-0.09869384765625,-0.09869384765625,-0.05,0.5441698729991913,0.3627799153327942,0.2,0.0,-0.0,-0.0,-0.0,0.8,1.0,-0.0,0.0,-0.0,-0.0,0.0,0.0,0.0,0.45283533092122524,-0.0,-0.0,-0.012862562292569477,0.02,0.0,0.0,0.0,0.0,0.0,0.0,0.3627799153327942,32.60414382632822,32.4,1.0,0.0,0.0,1.0,2.0,4.0,0.0,1.0,0.0,1.0,0.0,0.0,0.0,0.0,0.0,0.0,0.0,0.0,0.0,0.0,0.0,0.0,0.0,0.0,0.0,0.0,0.0,0.0,0.0,147.97731018066406,238.23326110839844,147.7213134765625,238.041259765625,-0.2559967041015625,-0.1920013427734375,0.319998174905777,-2.4980820438160185,-0.7512862682342529,-0.6599764823913574,0.0,-86.1972885131836,32.519771575927734,0.0,28.0,28.0,28.0,0.0,1.0,34.0,0.0,0.0,1.0,0.0,1.0,0.0,3.0,0.0,0.8,48.29720000270754,0.6959999445825815,4.611500073224306,36.657100077718496,16.504100058227777,4.0,3.850499982945621,1.8562000477686524,0.5938999820500612,0.000300002284348011
1,415,415,5.066629687360303,0,0,2.0,4.0,1.0,1.0,1.0,0.49742811918258667,1.0,1.0,1.0,1.0,0.4889897406101227,1.0,1.0,1.0,0.4889897406101227,1.0,0.49742811918258667,0.4889897406101227,1.0,0.0,1.0,1.0,1.0,0.6453701853752136,0.46577349305152893,0.43458276987075806,0.0,0.0020865302067250013,0.21274906396865845,-0.9771068692207336,0.0,0.0,0.0,0.0,0.0,0.0,460.71466064453125,12.224743843078613,25.0,12.43570327758789,25.0,12.224743843078613,0.0,1.0,0.4889897537231445,1.0,0.0,0.0,0.0,0.0,0.0,1.8984128832817078,0.5783809338126343,0.7698358702659607,1.8,0.02,-0.0,-0.011256064226335988,-0.002256657954074144,0.0,0.15,-0.0,0.0,0.0,-0.0,0.0,0.0,0.0,0.0,0.35,0.0,0.0,0.0,0.0,0.0,0.0,0.0,0.0,0.25,-0.0,8.0,0.0,0.8984128832817078,-0.0,144.77749633789062,2.0,-0.05,0.5398358702659607,0.35989058017730713,0.2,0.0,-0.0,-0.0,-0.0,0.8,1.0,-0.0,0.0,-0.0,-0.0,0.0,0.0,0.0,0.4418936559930444,-0.0,-0.0,-0.0,0.02,0.0,0.0,0.0,0.0,0.0,0.0,0.35989058017730713,31.816343231499197,32.4,0.0,0.6,0.0,1.0,2.0,4.0,0.0,1.0,0.0,1.0,0.0,0.0,0.0,0.0,0.0,0.0,0.0,0.0,0.0,0.0,0.0,0.0,0.0,0.0,0.0,0.0,0.0,0.0,0.0,147.72149658203125,238.04147338867188,147.4654998779297,237.84947204589844,-0.2559967041015625,-0.1920013427734375,0.319998174905777,-2.4980820438160185,-0.7512338757514954,-0.6600361466407776,0.0,-86.1972885131836,32.519771575927734,0.0,28.0,28.0,28.0,0.0,1.0,34.0,0.0,0.0,1.0,0.0,1.0,0.0,3.0,0.0,0.84,48.00710000563413,0.5491001065820456,3.3507999032735825,16.9172000605613,8.981799939647317,4.0,21.716199931688607,4.279499989934266,1.1584999738261104,0.000500003807246685
1,416,416,5.489220772784424,0,0,2.0,4.0,1.0,1.0,1.0,0.49742811918258667,1.0,1.0,1.0,1.0,0.4889897406101227,1.0,1.0,1.0,0.4889897406101227,1.0,0.49742811918258667,0.4889897406101227,1.0,0.0,1.0,1.0,1.0,0.6308730244636536,0.4545191824436188,-0.6838546991348267,0.0,0.0020865302067250013,0.21280698478221893,-0.9770942330360413,0.0,0.0,0.0,0.0,0.0,0.0,489.55767822265625,12.447576522827148,25.0,12.833517074584961,25.0,12.447576522827148,0.0,1.0,0.49790306091308595,1.0,0.0,0.0,0.0,0.0,0.0,1.9033761024475098,0.9963059556031193,0.7707362878322601,1.7988024269015361,0.02,-0.0,-0.00987908428929545,-0.0020642188325579163,0.4073841094970703,0.15,-0.0,0.0,0.0,-0.0,0.0,0.0,0.0,0.0,0.35,0.0,0.0,0.0,0.0,0.0,0.0,0.0,0.0,0.25,-0.0,8.0,0.0,0.9033761024475098,-0.0,28.843017578125,2.0,-0.05,0.5407362878322601,0.3604908585548401,0.2,0.0,-0.0,-0.0,-0.0,0.8,1.0,-0.0,0.0,-0.0,-0.0,0.0,0.0,0.0,0.45086514922790233,-0.0,-0.0,-0.0011975730984639928,0.02,0.0,0.0,0.0,0.0,0.0,0.0,0.3604908585548401,32.46229074440897,32.4,1.0,0.0,0.0,1.0,2.0,4.0,0.0,1.0,0.0,1.0,0.0,0.0,0.0,0.0,0.0,0.0,0.0,0.0,0.0,0.0,0.0,0.0,0.0,0.0,0.0,0.0,0.0,0.0,0.0,263.49700927734375,324.8739929199219,149.0,239.0,-114.49700927734375,-85.87399291992188,143.12200927734375,-2.4980846425784793,-0.7672035694122314,-0.6414036154747009,0.0,-86.1972885131836,32.519771575927734,0.0,28.0,28.0,28.0,0.0,0.0,34.0,0.0,0.0,1.0,0.0,1.0,0.0,3.0,0.0,0.88,96.26809996552765,0.6593000143766403,4.610999953001738,58.638200047425926,21.836400032043457,4.0,29.823599965311587,1.7920000245794654,0.7056999020278454,0.000300002284348011
1,417,417,5.339465567781825,0,0,2.0,4.0,1.0,1.0,1.0,0.5133407115936279,1.0,1.0,1.0,1.0,0.497903048992157,1.0,1.0,1.0,0.497903048992157,1.0,0.5133407115936279,0.497903048992157,1.0,0.0,1.0,1.0,1.0,0.6286448836326599,0.4637470245361328,0.560718297958374,0.0,0.003102301387116313,0.21255090832710266,-0.977150022983551,0.0,0.0,0.0,0.0,0.0,0.0,482.5068359375,12.472128868103027,25.0,13.168778419494629,25.0,12.472128868103027,0.0,1.0,0.4988851547241211,1.0,0.0,0.0,0.0,0.0,0.0,1.8973527550697327,0.8556179466985658,0.7664948660135269,1.8,0.02,-0.0,-0.00885230445499368,-0.002044045489876488,0.27803001403808597,0.15,-0.0,0.0,0.0,-0.0,0.0,0.0,0.0,0.0,0.35,0.0,0.0,0.0,0.0,0.0,0.0,0.0,0.0,0.25,-0.0,-16.0,0.0,0.8973527550697327,-0.0,-7.05084228515625,-2.0,-0.05,0.5364948660135269,0.35766324400901794,0.2,0.0,-0.0,-0.0,-0.0,0.8,1.0,-0.0,0.0,-0.0,-0.0,0.0,0.0,0.0,0.43848428260535005,-0.0,-0.0,-0.0,0.02,0.0,0.0,0.0,0.0,0.0,0.0,0.35766324400901794,31.5708683475852,32.4,0.0,0.6,0.0,1.0,2.0,4.0,0.0,1.0,0.0,1.0,0.0,0.0,0.0,0.0,0.0,0.0,0.0,0.0,0.0,0.0,0.0,0.0,0.0,0.0,0.0,0.0,0.0,0.0,0.0,286.4079895019531,342.0559997558594,149.0,239.0,-137.40798950195312,-103.05599975585938,171.75999450683594,-2.498091497112792,-0.7692033648490906,-0.6390040516853333,0.0,-86.1972885131836,32.519771575927734,0.0,28.0,28.0,28.0,0.0,0.0,34.0,0.0,0.0,1.0,0.0,1.0,0.0,3.0,0.0,0.92,74.69460007268935,0.5245000356808305,3.6239000037312508,52.56109999027103,24.343700031749904,4.0,14.441200066357851,2.7752999449148774,0.7243000436574221,0.000500003807246685
1,418,418,5.051600764990088,0,0,2.0,4.0,1.0,1.0,1.0,0.5267511606216431,1.0,1.0,1.0,1.0,0.4988851547241211,1.0,1.0,1.0,0.4988851547241211,1.0,0.5267511606216431,0.4988851547241211,1.0,0.0,1.0,1.0,1.0,0.6286218166351318,0.45101240277290344,-0.7738041877746582,0.0,-0.000596639874856919,0.21262037754058838,-0.9771348834037781,0.0,0.0,0.0,0.0,0.0,0.0,318.41015625,12.472128868103027,25.0,13.168778419494629,25.0,12.472128868103027,0.0,1.0,0.4988851547241211,1.0,0.0,0.0,0.0,0.0,0.0,1.8766366243362427,0.5876112359764547,0.767352904677391,1.8,0.02,-0.0,-0.00885230445499368,-0.002044045489876488,0.0,0.15,-0.0,0.0,0.0,-0.0,0.0,0.0,0.0,0.0,0.35,0.0,0.0,0.0,0.0,0.0,0.0,0.0,0.0,0.25,-0.0,-16.0,0.0,0.8766366243362427,-0.0,-164.0966796875,-2.0,-0.05,0.537352904677391,0.35823526978492737,0.2,0.0,-0.0,-0.0,-0.0,0.8,1.0,-0.0,0.0,-0.0,-0.0,0.0,0.0,0.0,0.44850758592132484,-0.0,-0.0,-0.0,0.02,0.0,0.0,0.0,0.0,0.0,0.0,0.35823526978492737,32.292546186335386,32.4,1.0,0.0,0.0,1.0,2.0,4.0,0.0,1.0,0.0,1.0,0.0,0.0,0.0,0.0,0.0,0.0,0.0,0.0,0.0,0.0,0.0,0.0,0.0,0.0,0.0,0.0,0.0,0.0,0.0,280.5840148925781,337.68798828125,149.0,239.0,-131.58401489257812,-98.68798828125,164.48001098632812,-2.4980916282430154,-0.7687187790870667,-0.6395869255065918,0.0,-86.1972885131836,32.519771575927734,0.0,28.0,28.0,28.0,0.0,0.0,34.0,0.0,0.0,1.0,0.0,1.0,0.0,3.0,0.0,0.96,30.43060004711151,0.6788000464439392,4.166699945926666,17.892300034873188,12.621399946510792,4.0,4.073700052686036,2.8232999611645937,0.7618999807164073,0.000300002284348011
1,419,419,5.239779700373697,0,0,2.0,3.0,1.0,1.0,1.0,0.5267511606216431,1.0,1.0,1.0,1.0,0.4988851547241211,1.0,1.0,1.0,0.4988851547241211,1.0,0.5267511606216431,0.4988851547241211,1.0,0.0,1.0,1.0,1.0,0.6424104571342468,0.4613220989704132,0.6264564394950867,0.0,-0.000596639874856919,0.21244564652442932,-0.9771729111671448,0.0,0.0,0.0,0.0,0.0,0.0,318.31268310546875,13.099590301513672,25.0,13.84042739868164,25.0,13.099590301513672,0.0,1.0,0.5239836120605469,1.0,0.0,0.0,0.0,0.0,0.0,1.8916635513305664,1.3833436134746453,0.75215935587883,1.192613179689656,0.02,-0.0,-0.0071103601126917045,-0.0015903376529785409,0.7883037567138672,0.15,-0.0,0.0,0.0,-0.0,0.0,0.0,0.0,0.0,0.35,0.0,0.0,0.0,0.0,0.0,0.0,0.0,0.0,0.25,-0.0,-0.77978515625,0.0,0.8916635513305664,-0.0,-0.09747314453125,-0.09747314453125,-0.05,0.5461593568325043,0.3641062378883362,0.2,0.0,-0.0,-0.0,-0.0,0.5599999904632569,0.699999988079071,-0.0,0.0,-0.0,-0.0,0.0,0.0,0.0,0.45374055452644835,-0.04500000178813934,-0.0,-0.022386797064532622,0.02,0.0,0.0,0.0,0.0,0.0,0.0,0.3641062378883362,32.669319925904276,32.4,0.7326086850269979,0.0,0.0,0.699999988079071,2.0,3.0,0.0,0.699999988079071,0.0,0.699999988079071,0.0,0.0,0.0,0.0,0.0,0.0,0.0,0.0,0.0,0.0,0.0,0.0,0.0,0.0,0.0,0.0,0.0,0.0,0.0,149.0001220703125,239.0000762939453,148.74412536621094,238.80807495117188,-0.2559967041015625,-0.1920013427734375,0.319998174905777,-2.4980820438160185,-0.7514948844909668,-0.6597388982772827,0.0,-86.1972885131836,32.519771575927734,0.0,28.0,28.0,28.0,0.0,1.0,34.0,0.0,0.0,1.0,0.0,1.0,0.0,3.0,0.0,1.0,43.04320004303008,0.5845000268891454,3.626900026574731,30.931999906897545,14.45429993327707,4.0,4.413199960254133,2.761100069619715,0.686099985614419,0.000300002284348011
1,420,420,5.012919841237381,0,0,2.0,4.0,1.0,1.0,1.0,0.5536171197891235,1.0,1.0,1.0,1.0,0.5239835977554321,1.0,1.0,1.0,0.5239835977554321,1.0,0.5536171197891235,0.5239835977554321,1.0,0.0,1.0,1.0,1.0,0.6417584419250488,0.4667045772075653,0.3270605504512787,0.0,0.0004869261756539345,0.212399423122406,-0.977182924747467,0.0,0.0,0.0,0.0,0.0,0.0,318.2142028808594,13.099590301513672,25.0,13.84042739868164,25.0,13.099590301513672,0.0,1.0,0.5239836120605469,1.0,0.0,0.0,0.0,0.0,0.0,1.8846405744552612,0.5823843727782523,0.7708948957920074,1.7549999982118607,0.02,-0.0,-0.0071103601126917045,-0.0015903376529785409,0.0,0.15,-0.0,0.0,0.0,-0.0,0.0,0.0,0.0,0.0,0.35,0.0,0.0,0.0,0.0,0.0,0.0,0.0,0.0,0.25,-0.0,-0.787841796875,0.0,0.8846405744552612,-0.0,-0.098480224609375,-0.098480224609375,-0.05,0.5408948957920074,0.36059659719467163,0.2,0.0,-0.0,-0.0,-0.0,0.8,1.0,-0.0,0.0,-0.0,-0.0,0.0,0.0,0.0,0.44108507054392254,-0.04500000178813934,-0.0,-0.0,0.02,0.0,0.0,0.0,0.0,0.0,0.0,0.36059659719467163,31.758125079162422,32.4,0.0,0.6,0.0,1.0,2.0,4.0,0.0,1.0,0.0,1.0,0.0,0.0,0.0,0.0,0.0,0.0,0.0,0.0,0.0,0.0,0.0,0.0,0.0,0.0,0.0,0.0,0.0,0.0,0.0,148.7435302734375,238.8076171875,148.48753356933594,238.61561584472656,-0.2559967041015625,-0.1920013427734375,0.319998174905777,-2.4980820438160185,-0.7514429092407227,-0.6597982048988342,0.0,-86.1972885131836,32.519771575927734,0.0,28.0,28.0,28.0,0.0,1.0,34.0,0.0,0.0,1.0,0.0,1.0,0.0,3.0,0.0,1.04,23.901999928057194,0.43429993093013763,3.3831000328063965,14.120599953457713,8.88809992466122,4.0,3.407799988053739,1.765199936926365,0.761799979954958,0.000500003807246685
1,421,421,6.682989720935708,0,0,2.0,3.0,1.0,1.0,1.0,0.5536171197891235,1.0,1.0,1.0,1.0,0.5239835977554321,1.0,1.0,1.0,0.5239835977554321,1.0,0.5536171197891235,0.5239835977554321,1.0,0.0,1.0,1.0,1.0,0.6411125063896179,0.45368748903274536,-0.7909677624702454,0.0,0.0004869261756539345,0.21245133876800537,-0.9771716594696045,0.0,0.0,0.0,0.0,0.0,0.0,318.1158752441406,13.442519187927246,25.0,14.51423168182373,25.0,13.442519187927246,0.0,1.0,0.5377007675170898,1.0,0.0,0.0,0.0,0.0,0.0,1.88437420129776,1.2674283488940055,2.296187193989754,1.2149999767541886,0.02,-0.0,-0.0057138491351626935,-0.001386489203937225,0.6762149810791016,0.15,-0.0,0.0,0.0,-0.0,0.0,0.0,0.0,0.0,0.35,0.0,0.0,0.0,0.0,0.0,0.0,0.0,0.0,0.25,-0.0,-0.78662109375,0.0,0.88437420129776,-0.0,-0.09832763671875,-0.09832763671875,1.5,0.540187194943428,0.360124796628952,0.2,0.0,-0.0,-0.0,-0.0,0.5599999904632569,0.699999988079071,-0.0,0.0,-0.0,-0.0,0.0,0.0,0.0,0.44831370615400373,-0.04500000178813934,-0.0,-0.0,0.02,0.0,0.0,0.0,0.0,0.0,0.0,0.360124796628952,32.27858684308827,32.4,0.7326086850269979,0.0,0.0,0.699999988079071,2.0,3.0,0.0,0.699999988079071,0.0,0.699999988079071,0.0,0.0,0.0,0.0,0.0,0.0,0.0,0.0,0.0,0.0,0.0,0.0,0.0,0.0,0.0,0.0,0.0,0.0,0.0,148.48753356933594,238.61566162109375,148.23153686523438,238.4236602783203,-0.2559967041015625,-0.1920013427734375,0.319998174905777,-2.4980820438160185,-0.7513907551765442,-0.6598575115203857,0.0,-86.1972885131836,32.519771575927734,0.0,28.0,28.0,28.0,0.0,1.0,34.0,0.0,0.0,1.0,0.0,1.0,0.0,3.0,0.0,1.08,41.7099999031052,0.4091999726369977,4.030299955047667,30.351300025358796,14.792899950407445,4.0,3.1940999906510115,2.8737999964505434,0.8169999346137047,0.000500003807246685
1,422,422,4.487861177667156,0,0,2.0,3.0,1.0,1.0,1.0,0.5805692672729492,1.0,1.0,1.0,1.0,0.5377007722854614,1.0,1.0,1.0,0.5377007722854614,1.0,0.5805692672729492,0.5377007722854614,1.0,0.0,1.0,1.0,1.0,0.6404666304588318,0.46112266182899475,0.4517897367477417,0.0,0.0009772670455276966,0.2123609334230423,-0.9771912693977356,0.0,0.0,0.0,0.0,0.0,0.0,318.0211486816406,13.442519187927246,25.0,14.51423168182373,25.0,13.442519187927246,0.0,1.0,0.5377007675170898,1.0,0.0,0.0,0.0,0.0,0.0,1.8992179036140442,0.5981115338120216,0.7539935398101807,1.21653820043091,0.02,-0.0,-0.0057138491351626935,-0.001386489203937225,0.0,0.15,-0.0,0.0,0.0,-0.0,0.0,0.0,0.0,0.0,0.35,0.0,0.0,0.0,0.0,0.0,0.0,0.0,0.0,0.25,-0.0,-0.7578125,0.0,0.8992179036140442,-0.0,-0.0947265625,-0.0947265625,-0.05,0.547993540763855,0.3653290271759033,0.2,0.0,-0.0,-0.0,-0.0,0.5599999904632569,0.699999988079071,-0.0,0.0,-0.0,-0.0,0.0,0.0,0.0,0.4552118721511216,-0.0,-0.0,-0.04346177811141791,0.02,0.0,0.0,0.0,0.0,0.0,0.0,0.3653290271759033,32.77525479488075,32.4,0.7326086850269979,0.0,0.0,0.699999988079071,2.0,3.0,0.0,0.699999988079071,0.0,0.699999988079071,0.0,0.0,0.0,0.0,0.0,0.0,0.0,0.0,0.0,0.0,0.0,0.0,0.0,0.0,0.0,0.0,0.0,0.0,0.0,148.23170471191406,238.4238739013672,147.9757080078125,238.23187255859375,-0.2559967041015625,-0.1920013427734375,0.319998174905777,-2.4980820438160185,-0.7513384819030762,-0.6599169969558716,0.0,-86.1972885131836,32.519771575927734,0.0,28.0,28.0,28.0,0.0,1.0,34.0,0.0,0.0,1.0,0.0,1.0,0.0,3.0,0.0,1.12,27.09590003360063,0.7026999955996871,4.279599990695715,16.162600019015372,9.705699980258942,4.0,3.434399957768619,1.727399998344481,0.7482999935746193,0.000600004568696022
1,423,423,5.598653041557054,0,0,2.0,4.0,1.0,1.0,1.0,0.5805692672729492,1.0,1.0,1.0,1.0,0.5377007722854614,1.0,1.0,1.0,0.5377007722854614,1.0,0.5805692672729492,0.5377007722854614,1.0,0.0,1.0,1.0,1.0,0.6398105025291443,0.4682179391384125,0.4311353862285614,0.0,0.0009772670455276966,0.21220843493938446,-0.9772244095802307,0.0,0.0,0.0,0.0,0.0,0.0,317.9246826171875,13.513266563415527,25.0,15.190284729003906,25.0,13.513266563415527,0.0,1.0,0.5405306625366211,1.0,0.0,0.0,0.0,0.0,0.0,1.8929818868637085,1.1580987624680805,0.7725723940134048,1.7549999982118607,0.02,-0.0,-0.004594948481177808,-0.001347802986404651,0.5691413879394531,0.15,-0.0,0.0,0.0,-0.0,0.0,0.0,0.0,0.0,0.35,0.0,0.0,0.0,0.0,0.0,0.0,0.0,0.0,0.25,-0.0,-0.771728515625,0.0,0.8929818868637085,-0.0,-0.096466064453125,-0.096466064453125,-0.05,0.5425723940134048,0.3617149293422699,0.2,0.0,-0.0,-0.0,-0.0,0.8,1.0,-0.0,0.0,-0.0,-0.0,0.0,0.0,0.0,0.44490012599620976,-0.04500000178813934,-0.0,-0.0,0.02,0.0,0.0,0.0,0.0,0.0,0.0,0.3617149293422699,32.0328090717271,32.4,0.0,0.6,0.0,1.0,2.0,4.0,0.0,1.0,0.0,1.0,0.0,0.0,0.0,0.0,0.0,0.0,0.0,0.0,0.0,0.0,0.0,0.0,0.0,0.0,0.0,0.0,0.0,0.0,0.0,147.97579956054688,238.23202514648438,147.7198028564453,238.04002380371094,-0.2559967041015625,-0.1920013427734375,0.319998174905777,-2.4980820438160185,-0.7512861490249634,-0.659976601600647,0.0,-86.1972885131836,32.519771575927734,0.0,28.0,28.0,28.0,0.0,1.0,34.0,0.0,0.0,1.0,0.0,1.0,0.0,3.0,0.0,1.16,62.6981999957934,0.6164999213069677,4.135700059123337,50.50459993071854,24.16230004746467,4.0,3.72009992133826,2.9936000937595963,0.6990000838413835,0.000600004568696022
1,424,424,5.914457290307614,0,0,2.0,4.0,1.0,1.0,1.0,0.6076114177703857,1.0,1.0,1.0,1.0,0.5405306816101074,1.0,1.0,1.0,0.5405306816101074,1.0,0.6076114177703857,0.5405306816101074,1.0,0.0,1.0,1.0,1.0,0.6391612887382507,0.4576115608215332,-0.6444841623306274,0.0,-0.00016130883886944503,0.2122555375099182,-0.9772142171859741,0.0,0.0,0.0,0.0,0.0,0.0,317.8283386230469,14.260708808898926,25.0,15.864128112792969,25.0,14.260708808898926,0.0,1.0,0.570428352355957,1.0,0.0,0.0,0.0,0.0,0.0,1.8936262130737305,1.4356312133943776,0.7735429513454437,1.7916569124940633,0.02,-0.0,-0.0037044053310456146,-0.0009994990766006705,0.8380516052246094,0.15,-0.0,0.0,0.0,-0.0,0.0,0.0,0.0,0.0,0.35,0.0,0.0,0.0,0.0,0.0,0.0,0.0,0.0,0.25,-0.0,-0.770751953125,0.0,0.8936262130737305,-0.0,-0.096343994140625,-0.096343994140625,-0.05,0.5435429513454437,0.36236196756362915,0.2,0.0,-0.0,-0.0,-0.0,0.8,1.0,-0.0,0.0,-0.0,-0.0,0.0,0.0,0.0,0.45228351257741456,-0.0,-0.0,-0.008343087505936693,0.02,0.0,0.0,0.0,0.0,0.0,0.0,0.36236196756362915,32.564412905573846,32.4,1.0,0.0,0.0,1.0,2.0,4.0,0.0,1.0,0.0,1.0,0.0,0.0,0.0,0.0,0.0,0.0,0.0,0.0,0.0,0.0,0.0,0.0,0.0,0.0,0.0,0.0,0.0,0.0,0.0,147.71975708007812,238.0400848388672,147.46376037597656,237.84808349609375,-0.2559967041015625,-0.1920013427734375,0.319998174905777,-2.4980820438160185,-0.7512336373329163,-0.6600364446640015,0.0,-86.1972885131836,32.519771575927734,0.0,28.0,28.0,28.0,0.0,1.0,34.0,0.0,0.0,1.0,0.0,1.0,0.0,3.0,0.0,1.2,39.89699995145202,0.4760000156238675,4.1717999847605824,29.724500025622547,14.307999983429909,4.0,3.3016999950632453,1.581300050020218,0.6007999181747437,0.000400003045797348
1,425,425,4.454171012827579,0,0,2.0,3.0,1.0,1.0,1.0,0.6345651149749756,1.0,1.0,1.0,1.0,0.5704283714294434,1.0,1.0,1.0,0.5704283714294434,1.0,0.6345651149749756,0.5704283714294434,1.0,0.0,1.0,1.0,1.0,0.6385089755058289,0.4652059078216553,0.4614616632461548,0.0,0.002297768834978342,0.21208788454532623,-0.9772505760192871,0.0,0.0,0.0,0.0,0.0,0.0,317.7304992675781,14.260708808898926,25.0,15.864128112792969,25.0,14.260708808898926,0.0,1.0,0.570428352355957,1.0,0.0,0.0,0.0,0.0,0.0,1.8872925639152527,0.5865777035443226,0.7453007686138153,1.2149999767541886,0.02,-0.0,-0.0037044053310456146,-0.0009994990766006705,0.0,0.15,-0.0,0.0,0.0,-0.0,0.0,0.0,0.0,0.0,0.35,0.0,0.0,0.0,0.0,0.0,0.0,0.0,0.0,0.25,-0.0,-0.78271484375,0.0,0.8872925639152527,-0.0,-0.09783935546875,-0.09783935546875,-0.05,0.5393007695674896,0.3595338463783264,0.2,0.0,-0.0,-0.0,-0.0,0.5599999904632569,0.699999988079071,-0.0,0.0,-0.0,-0.0,0.0,0.0,0.0,0.4412816079519689,-0.04500000178813934,-0.0,-0.0,0.02,0.0,0.0,0.0,0.0,0.0,0.0,0.3595338463783264,31.77227577254176,32.4,0.0,0.6,0.0,0.699999988079071,2.0,3.0,0.0,0.699999988079071,0.0,0.699999988079071,0.0,0.0,0.0,0.0,0.0,0.0,0.0,0.0,0.0,0.0,0.0,0.0,0.0,0.0,0.0,0.0,0.0,0.0,0.0,147.4636993408203,237.84811401367188,147.20770263671875,237.65611267089844,-0.2559967041015625,-0.1920013427734375,0.319998174905777,-2.4980820438160185,-0.7511810064315796,-0.660096287727356,0.0,-86.1972885131836,32.519771575927734,0.0,28.0,28.0,28.0,0.0,1.0,34.0,0.0,0.0,1.0,0.0,1.0,0.0,3.0,0.0,1.24,19.145699916407466,0.6035999394953251,2.855399972759187,8.506600046530366,5.774899967946112,4.0,4.0487999795004725,2.3673000978305936,0.7369999075308442,0.000400003045797348
1,426,426,5.353834842909858,0,0,2.0,4.0,1.0,1.0,1.0,0.6345651149749756,1.0,1.0,1.0,1.0,0.5704283714294434,1.0,1.0,1.0,0.5704283714294434,1.0,0.6345651149749756,0.5704283714294434,1.0,0.0,1.0,1.0,1.0,0.6378610134124756,0.4538896679878235,-0.6876190304756165,0.0,0.002297768834978342,0.21210598945617676,-0.9772466421127319,0.0,0.0,0.0,0.0,0.0,0.0,317.633056640625,14.058582305908203,25.0,16.536306381225586,25.0,14.058582305908203,0.0,1.0,0.5623432922363282,1.0,0.0,0.0,0.0,0.0,0.0,1.8890208005905151,0.9200634658082569,0.7704332429170608,1.754317333594026,0.02,-0.0,-0.002994586252875518,-0.0010836657993427599,0.5256150245666504,0.15,-0.20212650299072266,0.0,0.0,-0.0,0.0,0.0,0.0,0.0,0.35,0.0,0.0,0.0,0.0,0.0,0.0,0.0,0.0,0.25,-0.0,-0.779541015625,0.0,0.8890208005905151,-0.0,-0.097442626953125,-0.097442626953125,-0.05,0.5404332429170609,0.3602888286113739,0.2,0.0,-0.0,-0.0,-0.0,0.8,1.0,-0.0,0.0,-0.0,-0.0,0.0,0.0,0.0,0.4506531962845475,-0.04500000178813934,-0.0,-0.0006826646178345082,0.02,0.0,0.0,0.0,0.0,0.0,0.0,0.3602888286113739,32.44703013248741,32.4,1.0,0.0,0.0,1.0,2.0,4.0,0.0,1.0,0.0,1.0,0.0,0.0,0.0,0.0,0.0,0.0,0.0,0.0,0.0,0.0,0.0,0.0,0.0,0.0,0.0,0.0,0.0,0.0,0.0,147.20774841308594,237.65618896484375,146.95175170898438,237.46417236328125,-0.2559967041015625,-0.1920166015625,0.32000732421875,-2.4980438491609327,-0.7511283159255981,-0.6601561307907104,0.0,-86.1972885131836,32.519771575927734,0.0,28.0,28.0,28.0,0.0,1.0,34.0,0.0,0.0,1.0,0.0,1.0,0.0,3.0,0.0,1.28,41.85939999297261,0.3948000958189368,3.9747999981045723,30.52700008265674,14.56280006095767,4.0,3.4707000013440847,2.1447999170050025,1.3104000827297568,0.0004998873919248581
1,427,427,4.4636860851642854,0,0,2.0,3.0,1.0,1.0,1.0,0.6614522337913513,1.0,1.0,1.0,1.0,0.5623432993888855,1.0,1.0,1.0,0.5623432993888855,1.0,0.6614522337913513,0.5623432993888855,1.0,0.0,1.0,1.0,1.0,0.6372101902961731,0.46352899074554443,0.5857242941856384,0.0,0.0008846367127262056,0.2120296210050583,-0.9772632122039795,0.0,0.0,0.0,0.0,0.0,0.0,487.9554748535156,14.058582305908203,25.0,16.536306381225586,25.0,14.058582305908203,0.0,1.0,0.5623432922363282,1.0,0.0,0.0,0.0,0.0,0.0,1.902078628540039,0.5843360428211459,0.7422714370489121,1.2149999767541886,0.02,-0.0,-0.002994586252875518,-0.0010836657993427599,0.0,0.15,-0.0,0.0,0.0,-0.0,0.0,0.0,0.0,0.0,0.35,0.0,0.0,0.0,0.0,0.0,0.0,0.0,0.0,0.25,-0.0,8.0,0.0,0.9020786285400391,-0.0,170.32241821289062,2.0,-0.05,0.5362714380025864,0.35751429200172424,0.2,0.0,-0.0,-0.0,-0.0,0.5599999904632569,0.699999988079071,-0.0,0.0,-0.0,-0.0,0.0,0.0,0.0,0.43841429487336425,-0.04500000178813934,-0.0,-0.0,0.02,0.0,0.0,0.0,0.0,0.0,0.0,0.35751429200172424,31.565829230882226,32.4,0.0,0.6,0.0,0.699999988079071,2.0,3.0,0.0,0.699999988079071,0.0,0.699999988079071,0.0,0.0,0.0,0.0,0.0,0.0,0.0,0.0,0.0,0.0,0.0,0.0,0.0,0.0,0.0,0.0,0.0,0.0,0.0,146.9517822265625,237.46421813964844,146.69578552246094,237.27220153808594,-0.2559967041015625,-0.1920166015625,0.32000732421875,-2.4980438491609327,-0.7510756850242615,-0.6602161526679993,0.0,-86.1972885131836,32.519771575927734,0.0,28.0,28.0,28.0,0.0,1.0,34.0,0.0,0.0,1.0,0.0,1.0,0.0,3.0,0.0,1.32,71.79299998097122,0.5384000251069665,9.24359995406121,56.86400004196912,18.315900000743568,4.0,2.769600017927587,1.7839999636635184,0.5563999293372035,0.000300002284348011
1,428,428,5.851456201201098,0,0,2.0,4.0,1.0,1.0,1.0,0.6614522337913513,1.0,1.0,1.0,1.0,0.5623432993888855,1.0,1.0,1.0,0.5623432993888855,1.0,0.6614522337913513,0.5623432993888855,1.0,0.0,1.0,1.0,1.0,0.6239539384841919,0.45094043016433716,-0.764931321144104,0.0,0.0008846367127262056,0.21205934882164001,-0.9772567749023438,0.0,0.0,0.0,0.0,0.0,0.0,320.6329650878906,14.7892484664917,25.0,17.204511642456055,25.0,14.7892484664917,0.0,1.0,0.591569938659668,1.0,0.0,0.0,0.0,0.0,0.0,1.8871486186981201,1.422040376191753,0.7672672080993652,1.7549999982118607,0.02,-0.0,-0.0024302444806505842,-0.0008090319156659137,0.8268306732177735,0.15,-0.0,0.0,0.0,-0.0,0.0,0.0,0.0,0.0,0.35,0.0,0.0,0.0,0.0,0.0,0.0,0.0,0.0,0.25,-0.0,-16.0,0.0,0.8871486186981201,-0.0,-167.322509765625,-2.0,-0.05,0.5372672080993652,0.35817813873291016,0.2,0.0,-0.0,-0.0,-0.0,0.8,1.0,-0.0,0.0,-0.0,-0.0,0.0,0.0,0.0,0.44844897937029604,-0.04500000178813934,-0.0,-0.0,0.02,0.0,0.0,0.0,0.0,0.0,0.0,0.35817813873291016,32.288326514661314,32.4,1.0,0.0,0.0,1.0,2.0,4.0,0.0,1.0,0.0,1.0,0.0,0.0,0.0,0.0,0.0,0.0,0.0,0.0,0.0,0.0,0.0,0.0,0.0,0.0,0.0,0.0,0.0,0.0,0.0,283.1240234375,339.60302734375,149.0,239.0,-134.1240234375,-100.60302734375,167.66104125976562,-2.498043813395871,-0.7689216732978821,-0.6393429636955261,0.0,-86.1972885131836,32.519771575927734,0.0,28.0,28.0,28.0,0.0,0.0,34.0,0.0,0.0,1.0,0.0,1.0,0.0,3.0,0.0,1.36,34.954599919728935,0.39309996645897627,4.173399996943772,22.647600038908422,14.355799998156726,4.0,4.522299976088107,2.575300051830709,0.6122000049799681,0.000500003807246685
1,429,429,5.03951715469535,0,0,2.0,4.0,1.0,1.0,1.0,0.6881804466247559,1.0,1.0,1.0,1.0,0.5915699601173401,1.0,1.0,1.0,0.5915699601173401,1.0,0.6881804466247559,0.5915699601173401,1.0,0.0,1.0,1.0,1.0,0.6355634927749634,0.4612618088722229,0.6271677613258362,0.0,0.002451059641316533,0.2118845134973526,-0.9772946834564209,0.0,0.0,0.0,0.0,0.0,0.0,320.8600158691406,14.7892484664917,25.0,17.204511642456055,25.0,14.7892484664917,0.0,1.0,0.591569938659668,1.0,0.0,0.0,0.0,0.0,0.0,1.907792091369629,0.6033582985110385,0.7780115562677383,1.730355208546944,0.02,-0.0,-0.0024302444806505842,-0.0008090319156659137,0.0,0.15,-0.0,0.0,0.0,-0.0,0.0,0.0,0.0,0.0,0.35,0.0,0.0,0.0,0.0,0.0,0.0,0.0,0.0,0.25,-0.0,0.908203125,0.0,0.9077920913696289,-0.0,0.22705078125,0.22705078125,-0.05,0.5480115562677383,0.36534103751182556,0.2,0.0,-0.0,-0.0,-0.0,0.8,1.0,-0.0,0.0,-0.0,-0.0,0.0,0.0,0.0,0.456597574907355,-0.0,-0.0,-0.069644791453056,0.02,0.0,0.0,0.0,0.0,0.0,0.0,0.36534103751182556,32.87502539332956,32.4,1.0,0.0,0.0,1.0,2.0,4.0,0.0,1.0,0.0,1.0,0.0,0.0,0.0,0.0,0.0,0.0,0.0,0.0,0.0,0.0,0.0,0.0,0.0,0.0,0.0,0.0,0.0,0.0,0.0,149.00009155273438,239.0000762939453,149.0,239.0,-9.1552734375e-05,-7.62939453125e-05,0.00011917495430679992,-2.4468543621299044,-0.7514948844909668,-0.6597389578819275,0.0,-86.1972885131836,32.519771575927734,0.0,28.0,28.0,28.0,0.0,1.0,0.0,0.0,1.0,1.0,0.0,1.0,0.0,3.0,0.0,1.4,24.382199975661933,0.7048000115901232,2.6903999969363213,13.970199972391129,9.506999980658293,4.0,3.741699969395995,2.495800028555095,0.752599909901619,0.000500003807246685
1,430,430,5.853217579485536,0,0,2.0,4.0,1.0,1.0,1.0,0.6881804466247559,1.0,1.0,1.0,1.0,0.5915699601173401,1.0,1.0,1.0,0.5915699601173401,1.0,0.6881804466247559,0.5915699601173401,1.0,0.0,1.0,1.0,1.0,0.6348736882209778,0.4696432054042816,0.5092872381210327,0.0,0.002451059641316533,0.21170969307422638,-0.977332592010498,0.0,0.0,0.0,0.0,0.0,0.0,321.0858154296875,15.352468490600586,25.0,17.87830924987793,25.0,15.352468490600586,0.0,1.0,0.6140987396240234,1.0,0.0,0.0,0.0,0.0,0.0,1.9025393724441528,1.356957782866121,0.7737204241752624,1.8,0.02,-0.0,-0.0019752150976189782,-0.0006458390714838257,0.7643260955810547,0.15,-0.0,0.0,0.0,-0.0,0.0,0.0,0.0,0.0,0.35,0.0,0.0,0.0,0.0,0.0,0.0,0.0,0.0,0.25,-0.0,0.9031982421875,0.0,0.9025393724441528,-0.0,0.225799560546875,0.225799560546875,-0.05,0.5437204241752625,0.3624802827835083,0.2,0.0,-0.0,-0.0,-0.0,0.8,1.0,-0.0,0.0,-0.0,-0.0,0.0,0.0,0.0,0.44525274145416915,-0.0,-0.0,-0.0,0.02,0.0,0.0,0.0,0.0,0.0,0.0,0.3624802827835083,32.05819738470018,32.4,0.0,0.6,0.0,1.0,2.0,4.0,0.0,1.0,0.0,1.0,0.0,0.0,0.0,0.0,0.0,0.0,0.0,0.0,0.0,0.0,0.0,0.0,0.0,0.0,0.0,0.0,0.0,0.0,0.0,149.0002899169922,239.00018310546875,149.0,239.0,-0.0002899169921875,-0.00018310546875,0.000342898623785004,-2.5782763814883376,-0.7514949440956116,-0.6597388982772827,0.0,-86.1972885131836,32.519771575927734,0.0,28.0,28.0,28.0,0.0,1.0,0.0,1.0,1.0,1.0,0.0,1.0,0.0,3.0,0.0,1.44,69.49119991622865,0.7026999955996871,12.20100000500679,48.44819998834282,27.687599998898804,4.0,4.533500061370432,2.814499894157052,0.7632001070305705,0.000400003045797348
1,431,431,5.801010619420896,0,0,2.0,4.0,1.0,1.0,1.0,0.7151323556900024,1.0,1.0,1.0,1.0,0.6140987277030945,1.0,1.0,1.0,0.6140987277030945,1.0,0.7151323556900024,0.6140987277030945,1.0,0.0,1.0,1.0,1.0,0.6341906785964966,0.45797425508499146,-0.7090520858764648,0.0,-0.000337903737090528,0.21174931526184082,-0.9773240089416504,0.0,0.0,0.0,0.0,0.0,0.0,320.99200439453125,15.80720329284668,25.0,18.55225372314453,25.0,15.80720329284668,0.0,1.0,0.6322881317138672,1.0,0.0,0.0,0.0,0.0,0.0,1.903222918510437,1.3223684036982,0.7746734577417373,1.7807458394705218,0.02,-0.0,-0.0016116504335700072,-0.0005384294287625234,0.7210494995117187,0.15,-0.0,0.0,0.0,-0.0,0.0,0.0,0.0,0.0,0.35,0.0,0.0,0.0,0.0,0.0,0.0,0.0,0.0,0.25,-0.0,-0.75048828125,0.0,0.903222918510437,-0.0,-0.09381103515625,-0.09381103515625,-0.05,0.5446734577417374,0.3631156384944916,0.2,0.0,-0.0,-0.0,-0.0,0.8,1.0,-0.0,0.0,-0.0,-0.0,0.0,0.0,0.0,0.45346898404881375,-0.0,-0.0,-0.01925416052947829,0.02,0.0,0.0,0.0,0.0,0.0,0.0,0.3631156384944916,32.649766851514585,32.4,1.0,0.0,0.0,1.0,2.0,4.0,0.0,1.0,0.0,1.0,0.0,0.0,0.0,0.0,0.0,0.0,0.0,0.0,0.0,0.0,0.0,0.0,0.0,0.0,0.0,0.0,0.0,0.0,0.0,149.0004119873047,239.00045776367188,148.74441528320312,238.80845642089844,-0.2559967041015625,-0.1920013427734375,0.319998174905777,-2.4980820438160185,-0.7514946460723877,-0.6597391963005066,0.0,-86.1972885131836,32.519771575927734,0.0,28.0,28.0,28.0,0.0,1.0,34.0,1.0,0.0,1.0,0.0,1.0,0.0,3.0,0.0,1.48,51.87409999780357,0.5707000382244587,14.155999990180135,28.3575999783352,16.536699957214296,4.0,5.0642000278458,2.8835999546572566,0.7978000212460756,0.000500003807246685
1,432,432,4.467869682355666,0,0,2.0,3.0,1.0,1.0,1.0,0.7420901656150818,1.0,1.0,1.0,1.0,0.6322881579399109,1.0,1.0,1.0,0.6322881579399109,1.0,0.7420901656150818,0.6322881579399109,1.0,0.0,1.0,1.0,1.0,0.633538544178009,0.46642524003982544,0.5135151743888855,0.0,0.0008648185175843537,0.2116115242242813,-0.9773538708686829,0.0,0.0,0.0,0.0,0.0,0.0,320.8966064453125,15.80720329284668,25.0,18.55225372314453,25.0,15.80720329284668,0.0,1.0,0.6322881317138672,1.0,0.0,0.0,0.0,0.0,0.0,1.896600604057312,0.5898804289539097,0.7463886725902558,1.2149999767541886,0.02,-0.0,-0.0016116504335700072,-0.0005384294287625234,0.0,0.15,-0.0,0.0,0.0,-0.0,0.0,0.0,0.0,0.0,0.35,0.0,0.0,0.0,0.0,0.0,0.0,0.0,0.0,0.25,-0.0,-0.76318359375,0.0,0.896600604057312,-0.0,-0.09539794921875,-0.09539794921875,-0.05,0.54038867354393,0.36025911569595337,0.2,0.0,-0.0,-0.0,-0.0,0.5599999904632569,0.699999988079071,-0.0,0.0,-0.0,-0.0,0.0,0.0,0.0,0.44203050881624223,-0.04500000178813934,-0.0,-0.0,0.02,0.0,0.0,0.0,0.0,0.0,0.0,0.36025911569595337,31.826196634769442,32.4,0.0,0.6,0.0,0.699999988079071,2.0,3.0,0.0,0.699999988079071,0.0,0.699999988079071,0.0,0.0,0.0,0.0,0.0,0.0,0.0,0.0,0.0,0.0,0.0,0.0,0.0,0.0,0.0,0.0,0.0,0.0,0.0,148.74459838867188,238.80860900878906,148.4886016845703,238.61660766601562,-0.2559967041015625,-0.1920013427734375,0.319998174905777,-2.4980820438160185,-0.7514427304267883,-0.6597982048988342,0.0,-86.1972885131836,32.519771575927734,0.0,28.0,28.0,28.0,0.0,1.0,34.0,0.0,0.0,1.0,0.0,1.0,0.0,3.0,0.0,1.52,22.071799961850047,0.6991999689489603,3.8671999936923385,9.528299910016358,6.315400009043515,4.0,4.396299947984517,2.750299987383187,0.8011000463739038,0.000400003045797348
1,433,433,5.759722235477809,0,0,2.0,4.0,1.0,1.0,1.0,0.7420901656150818,1.0,1.0,1.0,1.0,0.6322881579399109,1.0,1.0,1.0,0.6322881579399109,1.0,0.7420901656150818,0.6322881579399109,1.0,0.0,1.0,1.0,1.0,0.6328907608985901,0.45465993881225586,-0.7149047255516052,0.0,0.0008648185175843537,0.2116125226020813,-0.9773536324501038,0.0,0.0,0.0,0.0,0.0,0.0,320.8014831542969,16.26218032836914,25.0,19.224393844604492,25.0,16.26218032836914,0.0,1.0,0.6504872131347657,1.0,0.0,0.0,0.0,0.0,0.0,1.8989694714546204,1.3198011602546742,0.7715407717227936,1.7494108320457216,0.02,-0.0,-0.0013219296581714747,-0.00044883961646369826,0.7197029113769531,0.15,-0.0,0.0,0.0,-0.0,0.0,0.0,0.0,0.0,0.35,0.0,0.0,0.0,0.0,0.0,0.0,0.0,0.0,0.25,-0.0,-0.760986328125,0.0,0.8989694714546204,-0.0,-0.095123291015625,-0.095123291015625,-0.05,0.5415407717227936,0.36102718114852905,0.2,0.0,-0.0,-0.0,-0.0,0.8,1.0,-0.0,0.0,-0.0,-0.0,0.0,0.0,0.0,0.4518690181523562,-0.04500000178813934,-0.0,-0.005589166166139074,0.02,0.0,0.0,0.0,0.0,0.0,0.0,0.36102718114852905,32.534569306969644,32.4,1.0,0.0,0.0,1.0,2.0,4.0,0.0,1.0,0.0,1.0,0.0,0.0,0.0,0.0,0.0,0.0,0.0,0.0,0.0,0.0,0.0,0.0,0.0,0.0,0.0,0.0,0.0,0.0,0.0,148.48878479003906,238.6167755126953,148.2327880859375,238.42477416992188,-0.2559967041015625,-0.1920013427734375,0.319998174905777,-2.4980820438160185,-0.7513906955718994,-0.6598575115203857,0.0,-86.1972885131836,32.519771575927734,0.0,28.0,28.0,28.0,0.0,1.0,34.0,0.0,0.0,1.0,0.0,1.0,0.0,3.0,0.0,1.56,58.085800032131374,0.6992999697104096,3.6421000258997083,44.928999966941774,16.54209999833256,4.0,4.571900004521012,3.231200040318072,0.9744999697431922,0.000500003807246685
1,434,434,5.0685742834249226,0,0,2.0,4.0,1.0,1.0,1.0,0.7689757347106934,1.0,1.0,1.0,1.0,0.6504871845245361,1.0,1.0,1.0,0.6504871845245361,1.0,0.7689757347106934,0.6504871845245361,1.0,0.0,1.0,1.0,1.0,0.6322404146194458,0.4647795557975769,0.6149068474769592,0.0,0.0014463523402810097,0.21152441203594208,-0.9773727059364319,0.0,0.0,0.0,0.0,0.0,0.0,320.7049255371094,16.26218032836914,25.0,19.224393844604492,25.0,16.26218032836914,0.0,1.0,0.6504872131347657,1.0,0.0,0.0,0.0,0.0,0.0,1.8939213752746582,0.5872585186401104,0.7673943895101547,1.8,0.02,-0.0,-0.0013219296581714747,-0.00044883961646369826,0.0,0.15,-0.0,0.0,0.0,-0.0,0.0,0.0,0.0,0.0,0.35,0.0,0.0,0.0,0.0,0.0,0.0,0.0,0.0,0.25,-0.0,-0.7724609375,0.0,0.8939213752746582,-0.0,-0.0965576171875,-0.0965576171875,-0.05,0.5373943895101547,0.35826292634010315,0.2,0.0,-0.0,-0.0,-0.0,0.8,1.0,-0.0,0.0,-0.0,-0.0,0.0,0.0,0.0,0.4390292879147455,-0.0,-0.0,-0.0,0.02,0.0,0.0,0.0,0.0,0.0,0.0,0.35826292634010315,31.610108729861675,32.4,0.0,0.6,0.0,1.0,2.0,4.0,0.0,1.0,0.0,1.0,0.0,0.0,0.0,0.0,0.0,0.0,0.0,0.0,0.0,0.0,0.0,0.0,0.0,0.0,0.0,0.0,0.0,0.0,0.0,148.23277282714844,238.42477416992188,147.97677612304688,238.23277282714844,-0.2559967041015625,-0.1920013427734375,0.319998174905777,-2.4980820438160185,-0.751338541507721,-0.6599169373512268,0.0,-86.1972885131836,32.519771575927734,0.0,28.0,28.0,28.0,0.0,1.0,34.0,0.0,0.0,1.0,0.0,1.0,0.0,3.0,0.0,1.6,30.399200040847063,0.5219000158831477,2.424500067718327,19.68900009524077,12.563099968247116,4.0,4.012800054624677,2.735899994149804,0.9744999697431922,0.000500003807246685
1,435,435,5.878401631146413,0,0,2.0,4.0,1.0,1.0,1.0,0.7689757347106934,1.0,1.0,1.0,1.0,0.6504871845245361,1.0,1.0,1.0,0.6504871845245361,1.0,0.7689757347106934,0.6504871845245361,1.0,0.0,1.0,1.0,1.0,0.6315949559211731,0.451572984457016,-0.8024831414222717,0.0,0.0014463523402810097,0.21155160665512085,-0.9773668050765991,0.0,0.0,0.0,0.0,0.0,0.0,320.6092834472656,16.913480758666992,25.0,19.894392013549805,25.0,16.913480758666992,0.0,1.0,0.6765392303466797,1.0,0.0,0.0,0.0,0.0,0.0,1.8964743614196777,1.3937451601323907,0.7681821095943451,1.8,0.02,-0.0,-0.001091020876251698,-0.00034589852447275703,0.7965187072753908,0.15,-0.0,0.0,0.0,-0.0,0.0,0.0,0.0,0.0,0.35,0.0,0.0,0.0,0.0,0.0,0.0,0.0,0.0,0.25,-0.0,-0.76513671875,0.0,0.8964743614196777,-0.0,-0.09564208984375,-0.09564208984375,-0.05,0.5381821095943451,0.35878807306289673,0.2,0.0,-0.0,-0.0,-0.0,0.8,1.0,-0.0,0.0,-0.0,-0.0,0.0,0.0,0.0,0.4486633722577244,-0.0,-0.0,-0.0,0.02,0.0,0.0,0.0,0.0,0.0,0.0,0.35878807306289673,32.30376280255616,32.4,1.0,0.0,0.0,1.0,2.0,4.0,0.0,1.0,0.0,1.0,0.0,0.0,0.0,0.0,0.0,0.0,0.0,0.0,0.0,0.0,0.0,0.0,0.0,0.0,0.0,0.0,0.0,0.0,0.0,147.9766387939453,238.23268127441406,147.72064208984375,238.04067993164062,-0.2559967041015625,-0.1920013427734375,0.319998174905777,-2.4980820438160185,-0.7512862682342529,-0.6599764823913574,0.0,-86.1972885131836,32.519771575927734,0.0,28.0,28.0,28.0,0.0,1.0,34.0,0.0,0.0,1.0,0.0,1.0,0.0,3.0,0.0,1.64,54.14410005323589,0.6689999718219042,4.87170007545501,39.33659999165684,17.383099999278784,4.0,5.366899888031185,3.100900095887482,0.7639999967068434,0.000300002284348011
1,436,436,4.453492820778349,0,0,2.0,3.0,1.0,1.0,1.0,0.7957756519317627,1.0,1.0,1.0,1.0,0.6765392422676086,1.0,1.0,1.0,0.6765392422676086,1.0,0.7957756519317627,0.6765392422676086,1.0,0.0,1.0,1.0,1.0,0.6309478282928467,0.46148231625556946,0.6021302938461304,0.0,0.0024284273386001587,0.2113637924194336,-0.9774074554443359,0.0,0.0,0.0,0.0,0.0,0.0,320.5179138183594,16.913480758666992,25.0,19.894392013549805,25.0,16.913480758666992,0.0,1.0,0.6765392303466797,1.0,0.0,0.0,0.0,0.0,0.0,1.9135438203811646,0.6042702283074383,0.7527932512760163,1.162885520813731,0.02,-0.0,-0.001091020876251698,-0.00034589852447275703,0.0,0.15,-0.0,0.0,0.0,-0.0,0.0,0.0,0.0,0.0,0.35,0.0,0.0,0.0,0.0,0.0,0.0,0.0,0.0,0.25,-0.0,-0.73095703125,0.0,0.9135438203811646,-0.0,-0.09136962890625,-0.09136962890625,-0.05,0.5467932522296906,0.3645288348197937,0.2,0.0,-0.0,-0.0,-0.0,0.5599999904632569,0.699999988079071,-0.0,0.0,-0.0,-0.0,0.0,0.0,0.0,0.4557071477081627,-0.04500000178813934,-0.0,-0.052114455940457535,0.02,0.0,0.0,0.0,0.0,0.0,0.0,0.3645288348197937,32.81091463498771,32.4,0.7326086850269979,0.0,0.0,0.699999988079071,2.0,3.0,0.0,0.699999988079071,0.0,0.699999988079071,0.0,0.0,0.0,0.0,0.0,0.0,0.0,0.0,0.0,0.0,0.0,0.0,0.0,0.0,0.0,0.0,0.0,0.0,0.0,147.72068786621094,238.04074096679688,147.46469116210938,237.84873962402344,-0.2559967041015625,-0.1920013427734375,0.319998174905777,-2.4980820438160185,-0.7512338757514954,-0.6600361466407776,0.0,-86.1972885131836,32.519771575927734,0.0,28.0,28.0,28.0,0.0,1.0,34.0,0.0,0.0,1.0,0.0,1.0,0.0,3.0,0.0,1.68,28.741000103764236,0.7178999949246645,3.4840001026168466,16.264300094917417,12.445300002582371,4.0,4.439600044861436,3.0343999387696385,0.7746000774204731,0.000500003807246685
1,437,437,5.682197088704616,0,0,2.0,4.0,1.0,1.0,1.0,0.7957756519317627,1.0,1.0,1.0,1.0,0.6765392422676086,1.0,1.0,1.0,0.6765392422676086,1.0,0.7957756519317627,0.6765392422676086,1.0,0.0,1.0,1.0,1.0,0.6302899122238159,0.46872735023498535,0.44023597240448,0.0,0.0024284273386001587,0.21122650802135468,-0.9774371385574341,0.0,0.0,0.0,0.0,0.0,0.0,320.42474365234375,17.162776947021484,25.0,20.567068099975586,25.0,17.162776947021484,0.0,1.0,0.6865110778808594,1.0,0.0,0.0,0.0,0.0,0.0,1.9060733318328857,1.229476413832218,0.771647344827652,1.7549999982118607,0.02,-0.0,-0.0009056702561647384,-0.000313070052320654,0.6378593444824219,0.15,-0.0,0.0,0.0,-0.0,0.0,0.0,0.0,0.0,0.35,0.0,0.0,0.0,0.0,0.0,0.0,0.0,0.0,0.25,-0.0,-0.745361328125,0.0,0.9060733318328857,-0.0,-0.093170166015625,-0.093170166015625,-0.05,0.541647344827652,0.3610982298851013,0.2,0.0,-0.0,-0.0,-0.0,0.8,1.0,-0.0,0.0,-0.0,-0.0,0.0,0.0,0.0,0.4428358096582815,-0.04500000178813934,-0.0,-0.0,0.02,0.0,0.0,0.0,0.0,0.0,0.0,0.3610982298851013,31.884178295396268,32.4,0.0,0.6,0.0,1.0,2.0,4.0,0.0,1.0,0.0,1.0,0.0,0.0,0.0,0.0,0.0,0.0,0.0,0.0,0.0,0.0,0.0,0.0,0.0,0.0,0.0,0.0,0.0,0.0,0.0,147.46478271484375,237.84886169433594,147.2087860107422,237.6568603515625,-0.2559967041015625,-0.1920013427734375,0.319998174905777,-2.4980820438160185,-0.7511813640594482,-0.6600958704948425,0.0,-86.1972885131836,32.519771575927734,0.0,28.0,28.0,28.0,0.0,1.0,34.0,0.0,0.0,1.0,0.0,1.0,0.0,3.0,0.0,1.72,72.17780000064522,0.4075999604538083,3.309899941086769,60.61390007380396,25.679899961687624,4.0,4.178400035016239,2.8177000349387527,0.8116000099107623,0.000600004568696022
1,438,438,5.883666928668033,0,0,2.0,4.0,1.0,1.0,1.0,0.8226827383041382,1.0,1.0,1.0,1.0,0.6865110993385315,1.0,1.0,1.0,0.6865110993385315,1.0,0.8226827383041382,0.6865110993385315,1.0,0.0,1.0,1.0,1.0,0.6296377778053284,0.45548826456069946,-0.8044586181640625,0.0,-0.0012717602076008916,0.21127286553382874,-0.9774271249771118,0.0,0.0,0.0,0.0,0.0,0.0,320.33172607421875,17.80256462097168,25.0,21.239009857177734,25.0,17.80256462097168,0.0,1.0,0.7121025848388672,1.0,0.0,0.0,0.0,0.0,0.0,1.9066869020462036,1.395054282520699,0.7726246076822281,1.789301136418903,0.02,-0.0,-0.0007576943471051468,-0.00024238125134071634,0.7934684753417969,0.15,-0.0,0.0,0.0,-0.0,0.0,0.0,0.0,0.0,0.35,0.0,0.0,0.0,0.0,0.0,0.0,0.0,0.0,0.25,-0.0,-0.744140625,0.0,0.9066869020462036,-0.0,-0.093017578125,-0.093017578125,-0.05,0.5426246076822281,0.3617497384548187,0.2,0.0,-0.0,-0.0,-0.0,0.8,1.0,-0.0,0.0,-0.0,-0.0,0.0,0.0,0.0,0.4525858827773481,-0.0,-0.0,-0.010698863581097047,0.02,0.0,0.0,0.0,0.0,0.0,0.0,0.3617497384548187,32.586183559969065,32.4,1.0,0.0,0.0,1.0,2.0,4.0,0.0,1.0,0.0,1.0,0.0,0.0,0.0,0.0,0.0,0.0,0.0,0.0,0.0,0.0,0.0,0.0,0.0,0.0,0.0,0.0,0.0,0.0,0.0,147.2089080810547,237.65701293945312,146.95291137695312,237.4650115966797,-0.2559967041015625,-0.1920013427734375,0.319998174905777,-2.4980820438160185,-0.7511286735534668,-0.6601558327674866,0.0,-86.1972885131836,32.519771575927734,0.0,28.0,28.0,28.0,0.0,1.0,34.0,0.0,0.0,1.0,0.0,1.0,0.0,3.0,0.0,1.76,47.701200004667044,0.6897000130265951,3.301299992017448,34.784300019964576,18.819599994458258,4.0,5.2918000146746635,2.8831999516114593,0.7152999751269817,0.000400003045797348
1,439,439,5.0781281581919515,0,0,2.0,4.0,1.0,1.0,1.0,0.8495603799819946,1.0,1.0,1.0,1.0,0.7121025919914246,1.0,1.0,1.0,0.7121025919914246,1.0,0.8495603799819946,0.7121025919914246,1.0,0.0,1.0,1.0,1.0,0.6289825439453125,0.4655168950557709,0.6093795895576477,0.0,0.0007451557903550565,0.21117395162582397,-0.9774485230445862,0.0,0.0,0.0,0.0,0.0,0.0,320.2370300292969,17.80256462097168,25.0,21.239009857177734,25.0,17.80256462097168,0.0,1.0,0.7121025848388672,1.0,0.0,0.0,0.0,0.0,0.0,1.8999963402748108,0.5897624007265893,0.7683694171905517,1.8,0.02,-0.0,-0.0007576943471051468,-0.00024238125134071634,0.0,0.15,-0.0,0.0,0.0,-0.0,0.0,0.0,0.0,0.0,0.35,0.0,0.0,0.0,0.0,0.0,0.0,0.0,0.0,0.25,-0.0,-0.757568359375,0.0,0.8999963402748108,-0.0,-0.094696044921875,-0.094696044921875,-0.05,0.5383694171905518,0.35891294479370117,0.2,0.0,-0.0,-0.0,-0.0,0.8,1.0,-0.0,0.0,-0.0,-0.0,0.0,0.0,0.0,0.4407624763250351,-0.0,-0.0,-0.0,0.02,0.0,0.0,0.0,0.0,0.0,0.0,0.35891294479370117,31.73489829540253,32.4,0.0,0.6,0.0,1.0,2.0,4.0,0.0,1.0,0.0,1.0,0.0,0.0,0.0,0.0,0.0,0.0,0.0,0.0,0.0,0.0,0.0,0.0,0.0,0.0,0.0,0.0,0.0,0.0,0.0,146.9530487060547,237.46517944335938,146.69705200195312,237.27316284179688,-0.2559967041015625,-0.1920166015625,0.32000732421875,-2.4980438491609327,-0.7510758638381958,-0.6602158546447754,0.0,-86.1972885131836,32.519771575927734,0.0,28.0,28.0,28.0,0.0,1.0,34.0,0.0,0.0,1.0,0.0,1.0,0.0,3.0,0.0,1.8,26.823499938473105,0.7322999881580472,3.9130999939516187,14.274100074544549,6.87480007763952,4.0,4.341699997894466,2.7767999563366175,0.7454999722540379,0.000700005330145359
1,440,440,5.881940295498015,0,0,2.0,4.0,1.0,1.0,1.0,0.8495603799819946,1.0,1.0,1.0,1.0,0.7121025919914246,1.0,1.0,1.0,0.7121025919914246,1.0,0.8495603799819946,0.7121025919914246,1.0,0.0,1.0,1.0,1.0,0.6283316612243652,0.45335569977760315,-0.7389628887176514,0.0,0.0007451557903550565,0.2111762911081314,-0.9774479866027832,0.0,0.0,0.0,0.0,0.0,0.0,320.1429748535156,18.439319610595703,25.0,21.909605026245117,25.0,18.439319610595703,0.0,1.0,0.7375727844238281,1.0,0.0,0.0,0.0,0.0,0.0,1.902642011642456,1.3898676953717486,0.7694305884838104,1.8,0.02,-0.0,-0.0006396241980897946,-0.0001878812114994744,0.7911781311035156,0.15,-0.0,0.0,0.0,-0.0,0.0,0.0,0.0,0.0,0.35,0.0,0.0,0.0,0.0,0.0,0.0,0.0,0.0,0.25,-0.0,-0.75244140625,0.0,0.902642011642456,-0.0,-0.09405517578125,-0.09405517578125,-0.05,0.5394305884838104,0.3596203923225403,0.2,0.0,-0.0,-0.0,-0.0,0.8,1.0,-0.0,0.0,-0.0,-0.0,0.0,0.0,0.0,0.4495170696778223,-0.0,-0.0,-0.0,0.02,0.0,0.0,0.0,0.0,0.0,0.0,0.3596203923225403,32.365229016803205,32.4,1.0,0.0,0.0,1.0,2.0,4.0,0.0,1.0,0.0,1.0,0.0,0.0,0.0,0.0,0.0,0.0,0.0,0.0,0.0,0.0,0.0,0.0,0.0,0.0,0.0,0.0,0.0,0.0,0.0,146.6971893310547,237.27333068847656,146.44119262695312,237.08131408691406,-0.2559967041015625,-0.1920166015625,0.32000732421875,-2.4980438491609327,-0.7510229349136353,-0.660275936126709,0.0,-86.1972885131836,32.519771575927734,0.0,28.0,28.0,28.0,0.0,1.0,34.0,0.0,0.0,1.0,0.0,1.0,0.0,3.0,0.0,1.84,52.49759997241199,0.7778999861329794,4.144600010477006,39.13640009704977,17.3689000075683,4.0,4.812299972400069,2.746800077147782,0.8361999643966556,0.000400003045797348
1,441,441,5.005729447582575,0,0,2.0,4.0,1.0,1.0,1.0,0.8763841986656189,1.0,1.0,1.0,1.0,0.7375727891921997,1.0,1.0,1.0,0.7375727891921997,1.0,0.8763841986656189,0.7375727891921997,1.0,0.0,1.0,1.0,1.0,0.6276785135269165,0.4623604118824005,0.5471620559692383,0.0,0.0012800331460312009,0.21108196675777435,-0.9774683713912964,0.0,0.0,0.0,0.0,0.0,0.0,320.0538330078125,18.439319610595703,25.0,21.909605026245117,25.0,18.439319610595703,0.0,1.0,0.7375727844238281,1.0,0.0,0.0,0.0,0.0,0.0,1.9222381711006165,0.6080016177912595,0.7802151250839233,1.6752745336067765,0.02,-0.0,-0.0006396241980897946,-0.0001878812114994744,0.0,0.15,-0.0,0.0,0.0,-0.0,0.0,0.0,0.0,0.0,0.35,0.0,0.0,0.0,0.0,0.0,0.0,0.0,0.0,0.25,-0.0,-0.713134765625,0.0,0.9222381711006165,-0.0,-0.089141845703125,-0.089141845703125,-0.05,0.5502151250839233,0.3668100833892822,0.2,0.0,-0.0,-0.0,-0.0,0.8,1.0,-0.0,0.0,-0.0,-0.0,0.0,0.0,0.0,0.45882912320084873,-0.0,-0.0,-0.12472546639322363,0.02,0.0,0.0,0.0,0.0,0.0,0.0,0.3668100833892822,33.03569687046111,32.4,1.0,0.0,0.0,1.0,2.0,4.0,0.0,1.0,0.0,1.0,0.0,0.0,0.0,0.0,0.0,0.0,0.0,0.0,0.0,0.0,0.0,0.0,0.0,0.0,0.0,0.0,0.0,0.0,0.0,146.4413299560547,237.08148193359375,146.1853485107422,236.88946533203125,-0.2559814453125,-0.1920166015625,0.31999510526657104,-2.498015238932235,-0.7509700059890747,-0.6603362560272217,0.0,-86.1972885131836,32.519771575927734,0.0,28.0,28.0,28.0,0.0,1.0,34.0,0.0,0.0,1.0,0.0,1.0,0.0,3.0,0.0,1.88,32.44820004329085,0.650599948130548,2.911600051447749,19.050000002607703,13.146799989044666,4.0,6.344699999317527,2.7759000658988953,0.686699990183115,0.000400003045797348
1,442,442,5.880098688195198,0,0,2.0,4.0,1.0,1.0,1.0,0.8763841986656189,1.0,1.0,1.0,1.0,0.7375727891921997,1.0,1.0,1.0,0.7375727891921997,1.0,0.8763841986656189,0.7375727891921997,1.0,0.0,1.0,1.0,1.0,0.627011239528656,0.47193852066993713,0.5820033550262451,0.0,0.0012800331460312009,0.21096079051494598,-0.9774945378303528,0.0,0.0,0.0,0.0,0.0,0.0,319.96368408203125,19.00583839416504,25.0,22.5885009765625,25.0,19.00583839416504,0.0,1.0,0.7602335357666016,1.0,0.0,0.0,0.0,0.0,0.0,1.9181582927703857,1.3659976716737452,0.7759427237510681,1.8,0.02,-0.0,-0.0005441631961709578,-0.00014978521919766324,0.7697242736816408,0.15,-0.0,0.0,0.0,-0.0,0.0,0.0,0.0,0.0,0.35,0.0,0.0,0.0,0.0,0.0,0.0,0.0,0.0,0.25,-0.0,-0.72119140625,0.0,0.9181582927703857,-0.0,-0.09014892578125,-0.09014892578125,-0.05,0.5459427237510681,0.3639618158340454,0.2,0.0,-0.0,-0.0,-0.0,0.8,1.0,-0.0,0.0,-0.0,-0.0,0.0,0.0,0.0,0.4469673464074731,-0.0,-0.0,-0.0,0.02,0.0,0.0,0.0,0.0,0.0,0.0,0.3639618158340454,32.18164894133806,32.4,0.0,0.6,0.0,1.0,2.0,4.0,0.0,1.0,0.0,1.0,0.0,0.0,0.0,0.0,0.0,0.0,0.0,0.0,0.0,0.0,0.0,0.0,0.0,0.0,0.0,0.0,0.0,0.0,0.0,146.18548583984375,236.88963317871094,145.92950439453125,236.69761657714844,-0.2559814453125,-0.1920166015625,0.31999510526657104,-2.498015238932235,-0.7509170174598694,-0.6603966355323792,0.0,-86.1972885131836,32.519771575927734,0.0,28.0,28.0,28.0,0.0,1.0,34.0,0.0,0.0,1.0,0.0,1.0,0.0,3.0,0.0,1.92,48.64559997804463,0.546499970369041,3.652699990198016,36.71580005902797,16.660499968566,4.0,4.751699976623058,2.339900005608797,0.609199982136488,0.000300002284348011
1,443,443,5.110366715617948,0,0,2.0,4.0,1.0,1.0,1.0,0.9035400152206421,1.0,1.0,1.0,1.0,0.7602335214614868,1.0,1.0,1.0,0.7602335214614868,1.0,0.9035400152206421,0.7602335214614868,1.0,0.0,1.0,1.0,1.0,0.6263495087623596,0.4597378373146057,-0.7413610219955444,0.0,-0.0007467636023648083,0.2109980285167694,-0.9774864912033081,0.0,0.0,0.0,0.0,0.0,0.0,319.8733215332031,19.00583839416504,25.0,22.5885009765625,25.0,19.00583839416504,0.0,1.0,0.7602335357666016,1.0,0.0,0.0,0.0,0.0,0.0,1.9174220561981201,0.6005529197004812,0.7748792278766632,1.7975125118426836,0.02,-0.0,-0.0005441631961709578,-0.00014978521919766324,0.0,0.15,-0.0,0.0,0.0,-0.0,0.0,0.0,0.0,0.0,0.35,0.0,0.0,0.0,0.0,0.0,0.0,0.0,0.0,0.25,-0.0,-0.722900390625,0.0,0.9174220561981201,-0.0,-0.090362548828125,-0.090362548828125,-0.05,0.5448792278766632,0.36325281858444214,0.2,0.0,-0.0,-0.0,-0.0,0.8,1.0,-0.0,0.0,-0.0,-0.0,0.0,0.0,0.0,0.4512468681158498,-0.0,-0.0,-0.0024874881573164294,0.02,0.0,0.0,0.0,0.0,0.0,0.0,0.36325281858444214,32.489774504341185,32.4,1.0,0.0,0.0,1.0,2.0,4.0,0.0,1.0,0.0,1.0,0.0,0.0,0.0,0.0,0.0,0.0,0.0,0.0,0.0,0.0,0.0,0.0,0.0,0.0,0.0,0.0,0.0,0.0,0.0,145.92965698242188,236.69778442382812,145.67367553710938,236.50576782226562,-0.2559814453125,-0.1920166015625,0.31999510526657104,-2.498015238932235,-0.750863790512085,-0.6604570150375366,0.0,-86.1972885131836,32.519771575927734,0.0,28.0,28.0,28.0,0.0,1.0,34.0,0.0,0.0,1.0,0.0,1.0,0.0,3.0,0.0,1.96,32.38640003837645,0.6701999809592962,4.7021000646054745,17.649599933065474,12.747399974614382,4.0,5.475400015711784,2.8371999505907297,1.0158000513911247,0.000400003045797348
1,444,444,7.306715077391189,0,0,2.0,4.0,1.0,1.0,1.0,0.9035400152206421,1.0,1.0,1.0,1.0,0.7602335214614868,1.0,1.0,1.0,0.7602335214614868,1.0,0.9035400152206421,0.7602335214614868,1.0,0.0,1.0,1.0,1.0,0.625688374042511,0.4641396403312683,0.267470121383667,0.0,-0.0007467636023648083,0.21092589199543,-0.9775020480155945,0.0,0.0,0.0,0.0,0.0,0.0,319.8031311035156,19.34571647644043,25.0,23.262779235839844,25.0,19.34571647644043,0.0,1.0,0.7738286590576172,1.0,0.0,0.0,0.0,0.0,0.0,1.904946506023407,1.2641722115188065,2.317596359848976,1.8,0.02,-0.0,-0.0004684967461665808,-0.00013074530094475757,0.6753738403320313,0.15,-0.0,0.0,0.0,-0.0,0.0,0.0,0.0,0.0,0.35,0.0,0.0,0.0,0.0,0.0,0.0,0.0,0.0,0.25,-0.0,-0.5615234375,0.0,0.904946506023407,-0.0,-0.0701904296875,-0.0701904296875,1.5,0.5375963598489761,0.35839757323265076,0.2,0.0,-0.0,-0.0,-0.0,0.8,1.0,-0.0,0.0,-0.0,-0.0,0.0,0.0,0.0,0.43939761323388665,-0.0,-0.0,-0.0,0.02,0.0,0.0,0.0,0.0,0.0,0.0,0.35839757323265076,31.63662815283984,32.4,0.0,0.6,0.0,1.0,2.0,4.0,0.0,1.0,0.0,1.0,0.0,0.0,0.0,0.0,0.0,0.0,0.0,0.0,0.0,0.0,0.0,0.0,0.0,0.0,0.0,0.0,0.0,0.0,0.0,145.673828125,236.50595092773438,145.36752319335938,236.41334533691406,-0.306304931640625,-0.0926055908203125,0.3199976682662964,-2.8479983515115608,-0.7508105039596558,-0.6605176329612732,0.0,-86.1972885131836,32.519771575927734,0.0,28.0,28.0,28.0,0.0,1.0,33.0,0.0,0.0,1.0,0.0,1.0,0.0,3.0,0.0,2.0,65.94609993044287,0.7046000100672245,4.300800035707653,49.58969994913787,26.782000088132918,4.0,4.749000072479248,5.620099953375757,0.928299967199564,0.000400003045797348
1,445,445,5.877812455543325,0,0,2.0,4.0,1.0,1.0,1.0,0.9305111765861511,1.0,1.0,1.0,1.0,0.7738286852836609,1.0,1.0,1.0,0.7738286852836609,1.0,0.9305111765861511,0.7738286852836609,1.0,0.0,1.0,1.0,1.0,0.6253018975257874,0.4519518315792084,-0.7405784130096436,0.0,-0.0005573321832343936,0.2109455019235611,-0.9774978160858154,0.0,0.0,0.0,0.0,0.0,0.0,319.7358703613281,19.970138549804688,25.0,23.93153953552246,25.0,19.970138549804688,0.0,1.0,0.7988055419921875,1.0,0.0,0.0,0.0,0.0,0.0,1.9058083295822144,1.3832566067064271,0.7687475192546844,1.8,0.02,-0.0,-0.0004085028005349563,-0.00010184808432581153,0.7847770690917969,0.15,-0.0,0.0,0.0,-0.0,0.0,0.0,0.0,0.0,0.35,0.0,0.0,0.0,0.0,0.0,0.0,0.0,0.0,0.25,-0.0,-0.5380859375,0.0,0.9058083295822144,-0.0,-0.0672607421875,-0.0672607421875,-0.05,0.5387475192546844,0.3591650128364563,0.2,0.0,-0.0,-0.0,-0.0,0.8,1.0,-0.0,0.0,-0.0,-0.0,0.0,0.0,0.0,0.44898988849949095,-0.0,-0.0,-0.0,0.02,0.0,0.0,0.0,0.0,0.0,0.0,0.3591650128364563,32.32727197196335,32.4,1.0,0.0,0.0,1.0,2.0,4.0,0.0,1.0,0.0,1.0,0.0,0.0,0.0,0.0,0.0,0.0,0.0,0.0,0.0,0.0,0.0,0.0,0.0,0.0,0.0,0.0,0.0,0.0,0.0,145.36781311035156,236.41387939453125,145.05934143066406,236.3287353515625,-0.3084716796875,-0.08514404296875,0.32000669836997986,-2.872279334255645,-0.750525712966919,-0.6608412265777588,0.0,-86.1972885131836,32.519771575927734,0.0,28.0,28.0,28.0,0.0,1.0,33.0,0.0,0.0,1.0,0.0,1.0,0.0,3.0,0.0,2.04,41.624899953603745,0.4509999416768551,4.195600049570203,30.05739999935031,14.962300076149404,4.0,4.309699987061322,1.8201000057160854,0.7543000392615795,0.000600004568696022
1,446,446,5.016144275776547,0,0,2.0,4.0,1.0,1.0,1.0,0.9572615623474121,1.0,1.0,1.0,1.0,0.7988055348396301,1.0,1.0,1.0,0.7988055348396301,1.0,0.9572615623474121,0.7988055348396301,1.0,0.0,1.0,1.0,1.0,0.6249303221702576,0.4618181586265564,0.5995172262191772,0.0,0.000800894049461931,0.2108791321516037,-0.9775121212005615,0.0,0.0,0.0,0.0,0.0,0.0,319.6731262207031,19.970138549804688,25.0,23.93153953552246,25.0,19.970138549804688,0.0,1.0,0.7988055419921875,1.0,0.0,0.0,0.0,0.0,0.0,1.924360454082489,0.6079961650353014,0.7795649576187134,1.6842226990400437,0.02,-0.0,-0.0004085028005349563,-0.00010184808432581153,0.0,0.15,-0.0,0.0,0.0,-0.0,0.0,0.0,0.0,0.0,0.35,0.0,0.0,0.0,0.0,0.0,0.0,0.0,0.0,0.25,-0.0,-0.501953125,0.0,0.924360454082489,-0.0,-0.062744140625,-0.062744140625,-0.05,0.5495649576187134,0.3663766384124756,0.2,0.0,-0.0,-0.0,-0.0,0.8,1.0,-0.0,0.0,-0.0,-0.0,0.0,0.0,0.0,0.4585065159201622,-0.0,-0.0,-0.11577730095995628,0.02,0.0,0.0,0.0,0.0,0.0,0.0,0.3663766384124756,33.012469146251675,32.4,1.0,0.0,0.0,1.0,2.0,4.0,0.0,1.0,0.0,1.0,0.0,0.0,0.0,0.0,0.0,0.0,0.0,0.0,0.0,0.0,0.0,0.0,0.0,0.0,0.0,0.0,0.0,0.0,0.0,145.05946350097656,236.32916259765625,144.75100708007812,236.24400329589844,-0.3084564208984375,-0.0851593017578125,0.31999605894088745,-2.8722206820644844,-0.7502250671386719,-0.6611825227737427,0.0,-86.1972885131836,32.519771575927734,0.0,28.0,28.0,28.0,0.0,1.0,33.0,0.0,0.0,1.0,0.0,1.0,0.0,3.0,0.0,2.08,24.579099961556494,0.7526000263169408,4.213999956846237,10.59489999897778,6.501500029116869,4.0,4.963800078257918,3.0719999922439456,0.9521000320091844,0.000400003045797348
1,447,447,5.777247537712795,0,0,2.0,4.0,1.0,1.0,1.0,0.9572615623474121,1.0,1.0,1.0,1.0,0.7988055348396301,1.0,1.0,1.0,0.7988055348396301,1.0,0.9572615623474121,0.7988055348396301,1.0,0.0,1.0,1.0,1.0,0.6245442628860474,0.47160670161247253,0.5947892069816589,0.0,0.000800894049461931,0.2108076959848404,-0.9775275588035583,0.0,0.0,0.0,0.0,0.0,0.0,319.60894775390625,20.27858543395996,25.0,24.61176872253418,25.0,20.27858543395996,0.0,1.0,0.8111434173583985,1.0,0.0,0.0,0.0,0.0,0.0,1.9187933206558228,1.2631009087369278,0.7753533083200455,1.8,0.02,-0.0,-0.0003597634014996116,-9.002645576278058e-05,0.6675621032714844,0.15,-0.0,0.0,0.0,-0.0,0.0,0.0,0.0,0.0,0.35,0.0,0.0,0.0,0.0,0.0,0.0,0.0,0.0,0.25,-0.0,-0.513427734375,0.0,0.9187933206558228,-0.0,-0.064178466796875,-0.064178466796875,-0.05,0.5453533083200455,0.36356887221336365,0.2,0.0,-0.0,-0.0,-0.0,0.8,1.0,-0.0,0.0,-0.0,-0.0,0.0,0.0,0.0,0.44598859532270585,-0.0,-0.0,-0.0,0.02,0.0,0.0,0.0,0.0,0.0,0.0,0.36356887221336365,32.11117886323482,32.4,0.0,0.6,0.0,1.0,2.0,4.0,0.0,1.0,0.0,1.0,0.0,0.0,0.0,0.0,0.0,0.0,0.0,0.0,0.0,0.0,0.0,0.0,0.0,0.0,0.0,0.0,0.0,0.0,0.0,144.75119018554688,236.24424743652344,144.44273376464844,236.15908813476562,-0.3084564208984375,-0.0851593017578125,0.31999605894088745,-2.8722206820644844,-0.7499242424964905,-0.6615237593650818,0.0,-86.1972885131836,32.519771575927734,0.0,28.0,28.0,28.0,0.0,1.0,33.0,0.0,0.0,1.0,0.0,1.0,0.0,3.0,0.0,2.12,45.96349992789328,0.4678999539464712,4.37520002014935,33.85280002839863,15.055900090374053,4.0,4.478599992580712,2.13670008815825,0.6146999076008797,0.000400003045797348
1,448,448,5.074257440362455,0,0,2.0,4.0,1.0,1.0,1.0,0.9844707250595093,1.0,1.0,1.0,1.0,0.8111433982849121,1.0,1.0,1.0,0.8111433982849121,1.0,0.9844707250595093,0.8111433982849121,1.0,0.0,1.0,1.0,1.0,0.6241635680198669,0.45873111486434937,-0.7823700308799744,0.0,-0.0010422670748084784,0.2108747959136963,-0.9775130748748779,0.0,0.0,0.0,0.0,0.0,0.0,319.54510498046875,20.27858543395996,25.0,24.61176872253418,25.0,20.27858543395996,0.0,1.0,0.8111434173583985,1.0,0.0,0.0,0.0,0.0,0.0,1.9206039905548096,0.6049922311941595,0.7760461676120758,1.7526150510014111,0.02,-0.0,-0.0003597634014996116,-9.002645576278058e-05,0.0,0.15,-0.0,0.0,0.0,-0.0,0.0,0.0,0.0,0.0,0.35,0.0,0.0,0.0,0.0,0.0,0.0,0.0,0.0,0.25,-0.0,-0.5107421875,0.0,0.9206039905548096,-0.0,-0.0638427734375,-0.0638427734375,-0.05,0.5460461676120758,0.36403077840805054,0.2,0.0,-0.0,-0.0,-0.0,0.8,1.0,-0.0,0.0,-0.0,-0.0,0.0,0.0,0.0,0.45544202105142184,-0.0,-0.0,-0.047384948998588805,0.02,0.0,0.0,0.0,0.0,0.0,0.0,0.36403077840805054,32.79182551570237,32.4,1.0,0.0,0.0,1.0,2.0,4.0,0.0,1.0,0.0,1.0,0.0,0.0,0.0,0.0,0.0,0.0,0.0,0.0,0.0,0.0,0.0,0.0,0.0,0.0,0.0,0.0,0.0,0.0,0.0,144.4429473876953,236.15927124023438,144.13449096679688,236.07411193847656,-0.3084564208984375,-0.0851593017578125,0.31999605894088745,-2.8722206820644844,-0.7496227025985718,-0.6618654131889343,0.0,-86.1972885131836,32.519771575927734,0.0,28.0,28.0,28.0,0.0,1.0,33.0,0.0,0.0,1.0,0.0,1.0,0.0,3.0,0.0,2.16,34.375500050373375,0.5308000836521387,3.470199997536838,23.47739995457232,16.107300063595176,4.0,4.221700015477836,1.9510999554768205,0.6910000229254365,0.000400003045797348
1,449,449,5.660729565931176,0,0,2.0,4.0,1.0,1.0,1.0,0.9844707250595093,1.0,1.0,1.0,1.0,0.8111433982849121,1.0,1.0,1.0,0.8111433982849121,1.0,0.9844707250595093,0.8111433982849121,1.0,0.0,1.0,1.0,1.0,0.6237816214561462,0.46845465898513794,0.5908390879631042,0.0,-0.0010422670748084784,0.2106817215681076,-0.9775547385215759,0.0,0.0,0.0,0.0,0.0,0.0,319.48016357421875,20.89771842956543,25.0,25.0,25.0,20.89771842956543,0.0,1.0,0.8359087371826172,1.0,0.0,0.0,0.0,0.0,0.0,1.9164961576461792,1.152372246695374,0.7718611615896225,1.8,0.02,-0.0,-0.00033651726698731967,-7.027740801550542e-05,0.5582382202148437,0.15,-0.0,0.0,0.0,-0.0,0.0,0.0,0.0,0.0,0.35,0.0,0.0,0.0,0.0,0.0,0.0,0.0,0.0,0.25,-0.0,-0.51953125,0.0,0.9164961576461792,-0.0,-0.06494140625,-0.06494140625,-0.05,0.5418611615896225,0.36124077439308167,0.2,0.0,-0.0,-0.0,-0.0,0.8,1.0,-0.0,0.0,-0.0,-0.0,0.0,0.0,0.0,0.44454082115553323,-0.0,-0.0,-0.0,0.02,0.0,0.0,0.0,0.0,0.0,0.0,0.36124077439308167,32.00693912319839,32.4,0.0,0.6,0.0,1.0,2.0,4.0,0.0,1.0,0.0,1.0,0.0,0.0,0.0,0.0,0.0,0.0,0.0,0.0,0.0,0.0,0.0,0.0,0.0,0.0,0.0,0.0,0.0,0.0,0.0,144.13470458984375,236.0742645263672,143.8262481689453,235.98910522460938,-0.3084564208984375,-0.0851593017578125,0.31999605894088745,-2.8722206820644844,-0.7493205070495605,-0.6622074246406555,0.0,-86.1972885131836,32.519771575927734,0.0,28.0,28.0,28.0,0.0,1.0,33.0,0.0,0.0,1.0,0.0,1.0,0.0,3.0,0.0,2.2,46.30929999984801,0.506300013512373,3.5888999700546265,35.11110006365925,16.200499958358705,4.0,4.084100015461445,2.3948000743985176,0.5852999165654182,0.000500003807246685
1,450,450,5.098789315376122,0,0,2.0,4.0,1.0,1.0,1.0,1.0,1.0,1.0,1.0,1.0,0.8359087109565735,1.0,1.0,1.0,0.8359087109565735,1.0,1.0,0.8359087109565735,1.0,0.0,1.0,1.0,1.0,0.6234058141708374,0.4572419822216034,-0.6813250184059143,0.0,-0.0007949203136377037,0.21074706315994263,-0.9775406122207642,0.0,0.0,0.0,0.0,0.0,0.0,319.4137878417969,20.89771842956543,25.0,25.0,25.0,20.89771842956543,0.0,1.0,0.8359087371826172,1.0,0.0,0.0,0.0,0.0,0.0,1.9108593463897705,0.5990965296362237,0.7688334393501282,1.8,0.02,-0.0,-0.00033651726698731967,-7.027740801550542e-05,0.0,0.15,-0.0,0.0,0.0,-0.0,0.0,0.0,0.0,0.0,0.35,0.0,0.0,0.0,0.0,0.0,0.0,0.0,0.0,0.25,-0.0,-0.531005859375,0.0,0.9108593463897705,-0.0,-0.066375732421875,-0.066375732421875,-0.05,0.5388334393501282,0.35922229290008545,0.2,0.0,-0.0,-0.0,-0.0,0.8,1.0,-0.0,0.0,-0.0,-0.0,0.0,0.0,0.0,0.4495033243112266,-0.0,-0.0,-0.0,0.02,0.0,0.0,0.0,0.0,0.0,0.0,0.35922229290008545,32.36423935040831,32.4,1.0,0.0,0.0,1.0,2.0,4.0,0.0,1.0,0.0,1.0,0.0,0.0,0.0,0.0,0.0,0.0,0.0,0.0,0.0,0.0,0.0,0.0,0.0,0.0,0.0,0.0,0.0,0.0,0.0,143.82647705078125,235.98924255371094,143.5180206298828,235.90408325195312,-0.3084564208984375,-0.0851593017578125,0.31999605894088745,-2.8722206820644844,-0.7490177154541016,-0.6625499129295349,0.0,-86.1972885131836,32.519771575927734,0.0,28.0,28.0,28.0,0.0,1.0,33.0,0.0,0.0,1.0,0.0,1.0,0.0,3.0,0.0,2.24,34.963000100106,0.6209000712260604,3.6717000184580684,21.35709999129176,14.0872000483796,4.0,5.082600051537156,3.2278000144287944,0.9619999909773469,0.000500003807246685
1,451,451,5.28813978715048,0,0,2.0,4.0,1.0,1.0,1.0,1.0,1.0,1.0,1.0,1.0,0.8359087109565735,1.0,1.0,1.0,0.8359087109565735,1.0,1.0,0.8359087109565735,1.0,0.0,1.0,1.0,1.0,0.6230329871177673,0.46234628558158875,0.3101564347743988,0.0,-0.0007949203136377037,0.21068483591079712,-0.9775540232658386,0.0,0.0,0.0,0.0,0.0,0.0,319.35150146484375,21.513723373413086,25.0,25.0,25.0,21.513723373413086,0.0,1.0,0.8605489349365234,1.0,0.0,0.0,0.0,0.0,0.0,1.9276851415634155,0.8536034235969798,0.7790944534540176,1.7077567685360675,0.02,-0.0,-0.00033651726698731967,-5.4929382421009074e-05,0.2464019775390625,0.15,-0.0,0.0,0.0,-0.0,0.0,0.0,0.0,0.0,0.35,0.0,0.0,0.0,0.0,0.0,0.0,0.0,0.0,0.25,-0.0,-0.498291015625,0.0,0.9276851415634155,-0.0,-0.062286376953125,-0.062286376953125,-0.05,0.5490944534540176,0.3660629689693451,0.2,0.0,-0.0,-0.0,-0.0,0.8,1.0,-0.0,0.0,-0.0,-0.0,0.0,0.0,0.0,0.4575928927073256,-0.0,-0.0,-0.09224323146393255,0.02,0.0,0.0,0.0,0.0,0.0,0.0,0.3660629689693451,32.94668827492744,32.4,1.0,0.0,0.0,1.0,2.0,4.0,0.0,1.0,0.0,1.0,0.0,0.0,0.0,0.0,0.0,0.0,0.0,0.0,0.0,0.0,0.0,0.0,0.0,0.0,0.0,0.0,0.0,0.0,0.0,143.51824951171875,235.90420532226562,143.2097930908203,235.81903076171875,-0.3084564208984375,-0.085174560546875,0.3200001120567322,-2.8721747123432246,-0.7487142086029053,-0.6628929376602173,0.0,-86.1972885131836,32.519771575927734,0.0,28.0,28.0,28.0,0.0,1.0,33.0,0.0,0.0,1.0,0.0,1.0,0.0,3.0,0.0,2.28,70.68620005156845,0.7510000141337514,3.6709000123664737,55.298699997365475,31.810500076971948,4.0,7.80949997715652,2.2980000358074903,0.8233999833464622,0.000600004568696022
1,452,452,5.360448936895862,0,0,2.0,4.0,1.0,1.0,1.0,1.0,1.0,1.0,1.0,1.0,0.8605489134788513,1.0,1.0,1.0,0.8605489134788513,1.0,1.0,0.8605489134788513,1.0,0.0,1.0,1.0,1.0,0.6226463317871094,0.4706669747829437,0.5055980086326599,0.0,0.0015657813055440784,0.2106606662273407,-0.9775592684745789,0.0,0.0,0.0,0.0,0.0,0.0,319.2873229980469,22.137516021728516,25.0,25.0,25.0,22.137516021728516,0.0,1.0,0.8855006408691406,1.0,0.0,0.0,0.0,0.0,0.0,1.920192003250122,0.8453879428668176,0.774868990778923,1.8,0.02,-0.0,-0.00033651726698731967,-4.279971077395021e-05,0.24951705932617188,0.15,-0.0,0.0,0.0,-0.0,0.0,0.0,0.0,0.0,0.35,0.0,0.0,0.0,0.0,0.0,0.0,0.0,0.0,0.25,-0.0,-0.513427734375,0.0,0.9201920032501221,-0.0,-0.064178466796875,-0.064178466796875,-0.05,0.544868990778923,0.36324599385261536,0.2,0.0,-0.0,-0.0,-0.0,0.8,1.0,-0.0,0.0,-0.0,-0.0,0.0,0.0,0.0,0.446250200518407,-0.0,-0.0,-0.0,0.02,0.0,0.0,0.0,0.0,0.0,0.0,0.36324599385261536,32.1300144373253,32.4,0.0,0.6,0.0,1.0,2.0,4.0,0.0,1.0,0.0,1.0,0.0,0.0,0.0,0.0,0.0,0.0,0.0,0.0,0.0,0.0,0.0,0.0,0.0,0.0,0.0,0.0,0.0,0.0,0.0,143.21002197265625,235.81915283203125,142.9015655517578,235.73397827148438,-0.3084564208984375,-0.085174560546875,0.3200001120567322,-2.8721747123432246,-0.7484099864959717,-0.6632363796234131,0.0,-86.1972885131836,32.519771575927734,0.0,28.0,28.0,28.0,0.0,1.0,33.0,0.0,0.0,1.0,0.0,1.0,0.0,3.0,0.0,2.32,51.256900071166456,0.7496000034734607,4.739800002425909,36.00329998880625,16.101600020192564,4.0,6.465999991632998,2.5964999804273248,0.6597000174224377,0.000300002284348011
1,453,453,5.080248326693678,0,0,2.0,4.0,1.0,1.0,1.0,1.0,1.0,1.0,1.0,1.0,0.8855006694793701,1.0,1.0,1.0,0.8855006694793701,1.0,1.0,0.8855006694793701,1.0,0.0,1.0,1.0,1.0,0.6222642660140991,0.45900020003318787,-0.7089182734489441,0.0,-7.79816837166436e-05,0.2106669396162033,-0.977557897567749,0.0,0.0,0.0,0.0,0.0,0.0,319.2237243652344,22.137516021728516,25.0,25.0,25.0,22.137516021728516,0.0,1.0,0.8855006408691406,1.0,0.0,0.0,0.0,0.0,0.0,1.922791302204132,0.6048290337123204,0.7760310578346252,1.7565969329426008,0.02,-0.0,-0.00033651726698731967,-4.279971077395021e-05,0.0,0.15,-0.0,0.0,0.0,-0.0,0.0,0.0,0.0,0.0,0.35,0.0,0.0,0.0,0.0,0.0,0.0,0.0,0.0,0.25,-0.0,-0.5087890625,0.0,0.9227913022041321,-0.0,-0.0635986328125,-0.0635986328125,-0.05,0.5460310578346252,0.3640207052230835,0.2,0.0,-0.0,-0.0,-0.0,0.8,1.0,-0.0,0.0,-0.0,-0.0,0.0,0.0,0.0,0.4552083506900817,-0.0,-0.0,-0.0434030670573992,0.02,0.0,0.0,0.0,0.0,0.0,0.0,0.3640207052230835,32.775001249685886,32.4,1.0,0.0,0.0,1.0,2.0,4.0,0.0,1.0,0.0,1.0,0.0,0.0,0.0,0.0,0.0,0.0,0.0,0.0,0.0,0.0,0.0,0.0,0.0,0.0,0.0,0.0,0.0,0.0,0.0,142.90179443359375,235.73410034179688,142.5933380126953,235.64892578125,-0.3084564208984375,-0.085174560546875,0.3200001120567322,-2.8721747123432246,-0.7481050491333008,-0.6635803580284119,0.0,-86.1972885131836,32.519771575927734,0.0,28.0,28.0,28.0,0.0,1.0,33.0,0.0,0.0,1.0,0.0,1.0,0.0,3.0,0.0,2.36,25.08509997278452,0.4841999616473913,3.031600033864379,13.75209994148463,8.032799931243062,4.0,4.566099960356951,2.4365000426769257,0.7807000074535608,0.000400003045797348
1,454,454,5.351120451743617,0,0,2.0,4.0,1.0,1.0,1.0,1.0,1.0,1.0,1.0,1.0,0.8855006694793701,1.0,1.0,1.0,0.8855006694793701,1.0,1.0,0.8855006694793701,1.0,0.0,1.0,1.0,1.0,0.6218804717063904,0.4682143032550812,0.5598843693733215,0.0,-7.79816837166436e-05,0.21061131358146667,-0.9775698781013489,0.0,0.0,0.0,0.0,0.0,0.0,319.1585998535156,22.75894546508789,25.0,25.0,25.0,22.75894546508789,0.0,1.0,0.9103578186035156,1.0,0.0,0.0,0.0,0.0,0.0,1.917120337486267,0.8421584433865688,0.7718416708707809,1.8,0.02,-0.0,-0.00033651726698731967,-3.338008843607083e-05,0.24857177734375002,0.15,-0.0,0.0,0.0,-0.0,0.0,0.0,0.0,0.0,0.35,0.0,0.0,0.0,0.0,0.0,0.0,0.0,0.0,0.25,-0.0,-0.52099609375,0.0,0.9171203374862671,-0.0,-0.06512451171875,-0.06512451171875,-0.05,0.541841670870781,0.36122778058052063,0.2,0.0,-0.0,-0.0,-0.0,0.8,1.0,-0.0,0.0,-0.0,-0.0,0.0,0.0,0.0,0.4439565633982421,-0.0,-0.0,-0.0,0.02,0.0,0.0,0.0,0.0,0.0,0.0,0.36122778058052063,31.964872564673428,32.4,0.0,0.6,0.0,1.0,2.0,4.0,0.0,1.0,0.0,1.0,0.0,0.0,0.0,0.0,0.0,0.0,0.0,0.0,0.0,0.0,0.0,0.0,0.0,0.0,0.0,0.0,0.0,0.0,0.0,142.59356689453125,235.6490478515625,142.2851104736328,235.56387329101562,-0.3084564208984375,-0.085174560546875,0.3200001120567322,-2.8721747123432246,-0.7477993369102478,-0.6639248132705688,0.0,-86.1972885131836,32.519771575927734,0.0,28.0,28.0,28.0,0.0,1.0,33.0,0.0,0.0,1.0,0.0,1.0,0.0,3.0,0.0,2.4,47.71239997353405,0.5111000500619411,3.8305999478325248,35.91420000884682,16.782799968495965,4.0,4.649600014090538,2.1649000700563192,0.6009999196976423,0.000500003807246685
1,455,455,5.104196447348814,0,0,2.0,4.0,1.0,1.0,1.0,1.0,1.0,1.0,1.0,1.0,0.9103578329086304,1.0,1.0,1.0,0.9103578329086304,1.0,1.0,0.9103578329086304,1.0,0.0,1.0,1.0,1.0,0.621502161026001,0.4566410481929779,-0.7032366991043091,0.0,-0.00037030482781119645,0.21063899993896484,-0.9775639176368713,0.0,0.0,0.0,0.0,0.0,0.0,319.09429931640625,22.75894546508789,25.0,25.0,25.0,22.75894546508789,0.0,1.0,0.9103578186035156,1.0,0.0,0.0,0.0,0.0,0.0,1.9205630421638489,0.6023448783847457,0.7730805385112762,1.7882079882889437,0.02,-0.0,-0.00033651726698731967,-3.338008843607083e-05,0.0,0.15,-0.0,0.0,0.0,-0.0,0.0,0.0,0.0,0.0,0.35,0.0,0.0,0.0,0.0,0.0,0.0,0.0,0.0,0.25,-0.0,-0.514404296875,0.0,0.9205630421638489,-0.0,-0.064300537109375,-0.064300537109375,-0.05,0.5430805385112762,0.36205369234085083,0.2,0.0,-0.0,-0.0,-0.0,0.8,1.0,-0.0,0.0,-0.0,-0.0,0.0,0.0,0.0,0.45271477574016905,-0.0,-0.0,-0.011792011711056283,0.02,0.0,0.0,0.0,0.0,0.0,0.0,0.36205369234085083,32.595463853292166,32.4,1.0,0.0,0.0,1.0,2.0,4.0,0.0,1.0,0.0,1.0,0.0,0.0,0.0,0.0,0.0,0.0,0.0,0.0,0.0,0.0,0.0,0.0,0.0,0.0,0.0,0.0,0.0,0.0,0.0,142.2853240966797,235.56399536132812,141.97686767578125,235.47882080078125,-0.3084564208984375,-0.085174560546875,0.3200001120567322,-2.8721747123432246,-0.7474928498268127,-0.6642698049545288,0.0,-86.1972885131836,32.519771575927734,0.0,28.0,28.0,28.0,0.0,1.0,33.0,0.0,0.0,1.0,0.0,1.0,0.0,3.0,0.0,2.44,28.88250001706183,0.4757000133395195,3.9649000391364098,16.725299996323884,10.413000010885298,4.0,4.298000014387071,2.3471000604331493,1.0434999130666256,0.000400003045797348
1,456,456,5.342080230572264,0,0,2.0,4.0,1.0,1.0,1.0,1.0,1.0,1.0,1.0,1.0,0.9103578329086304,1.0,1.0,1.0,0.9103578329086304,1.0,1.0,0.9103578329086304,1.0,0.0,1.0,1.0,1.0,0.6211223602294922,0.46564948558807373,0.5473882555961609,0.0,-0.00037030482781119645,0.21048475801944733,-0.9775971174240112,0.0,0.0,0.0,0.0,0.0,0.0,319.0286865234375,23.37548065185547,25.0,25.0,25.0,23.37548065185547,0.0,1.0,0.9350192260742187,1.0,0.0,0.0,0.0,0.0,0.0,1.9154282808303833,0.8377309809709,0.7689209687709808,1.8,0.02,-0.0,-0.00033651726698731967,-2.6084610199675042e-05,0.24661407470703126,0.15,-0.0,0.0,0.0,-0.0,0.0,0.0,0.0,0.0,0.35,0.0,0.0,0.0,0.0,0.0,0.0,0.0,0.0,0.25,-0.0,-0.52490234375,0.0,0.9154282808303833,-0.0,-0.06561279296875,-0.06561279296875,-0.05,0.5389209687709808,0.35928064584732056,0.2,0.0,-0.0,-0.0,-0.0,0.8,1.0,-0.0,0.0,-0.0,-0.0,0.0,0.0,0.0,0.44147950814105574,-0.0,-0.0,-0.0,0.02,0.0,0.0,0.0,0.0,0.0,0.0,0.35928064584732056,31.786524586156013,32.4,0.0,0.6,0.0,1.0,2.0,4.0,0.0,1.0,0.0,1.0,0.0,0.0,0.0,0.0,0.0,0.0,0.0,0.0,0.0,0.0,0.0,0.0,0.0,0.0,0.0,0.0,0.0,0.0,0.0,141.97708129882812,235.47894287109375,141.6686248779297,235.39376831054688,-0.3084564208984375,-0.085174560546875,0.3200001120567322,-2.8721747123432246,-0.7471857666969299,-0.6646153330802917,0.0,-86.1972885131836,32.519771575927734,0.0,28.0,28.0,28.0,0.0,1.0,33.0,0.0,0.0,1.0,0.0,1.0,0.0,3.0,0.0,2.48,54.94659999385476,0.6603999063372612,4.007300012744963,41.148000047542155,17.381200101226568,4.0,5.492699914611876,2.919000107795,0.6841999711468816,0.000400003045797348
1,457,457,5.10576712684613,0,0,2.0,4.0,1.0,1.0,1.0,1.0,1.0,1.0,1.0,1.0,0.9350192546844482,1.0,1.0,1.0,0.9350192546844482,1.0,1.0,0.9350192546844482,1.0,0.0,1.0,1.0,1.0,0.6207482218742371,0.45409321784973145,-0.7022042274475098,0.0,-0.0008168493513949215,0.21052123606204987,-0.9775893092155457,0.0,0.0,0.0,0.0,0.0,0.0,318.96319580078125,23.37548065185547,25.0,25.0,25.0,23.37548065185547,0.0,1.0,0.9350192260742187,1.0,0.0,0.0,0.0,0.0,0.0,1.9162620902061462,0.5994417150495606,0.7700633215904236,1.8,0.02,-0.0,-0.00033651726698731967,-2.6084610199675042e-05,0.0,0.15,-0.0,0.0,0.0,-0.0,0.0,0.0,0.0,0.0,0.35,0.0,0.0,0.0,0.0,0.0,0.0,0.0,0.0,0.25,-0.0,-0.52392578125,0.0,0.9162620902061462,-0.0,-0.06549072265625,-0.06549072265625,-0.05,0.5400633215904236,0.3600422143936157,0.2,0.0,-0.0,-0.0,-0.0,0.8,1.0,-0.0,0.0,-0.0,-0.0,0.0,0.0,0.0,0.4498043169267476,-0.0,-0.0,-0.0,0.02,0.0,0.0,0.0,0.0,0.0,0.0,0.3600422143936157,32.385910818725826,32.4,1.0,0.0,0.0,1.0,2.0,4.0,0.0,1.0,0.0,1.0,0.0,0.0,0.0,0.0,0.0,0.0,0.0,0.0,0.0,0.0,0.0,0.0,0.0,0.0,0.0,0.0,0.0,0.0,0.0,141.66883850097656,235.39389038085938,141.36038208007812,235.3087158203125,-0.3084564208984375,-0.085174560546875,0.3200001120567322,-2.8721747123432246,-0.7468777894973755,-0.6649613380432129,0.0,-86.1972885131836,32.519771575927734,0.0,28.0,28.0,28.0,0.0,1.0,33.0,0.0,0.0,1.0,0.0,1.0,0.0,3.0,0.0,2.52,60.37059996742755,0.48099993728101254,3.208199981600046,45.764700043946505,15.75540006160736,4.0,4.737500101327896,3.3977999119088054,2.7431000489741564,0.000300002284348011
1,458,458,5.146252153465422,0,0,2.0,4.0,1.0,1.0,1.0,1.0,1.0,1.0,1.0,1.0,0.9350192546844482,1.0,1.0,1.0,0.9350192546844482,1.0,1.0,0.9350192546844482,1.0,0.0,1.0,1.0,1.0,0.6203715205192566,0.4626558721065521,0.520300567150116,0.0,-0.0008168493513949215,0.21045327186584473,-0.9776039123535156,0.0,0.0,0.0,0.0,0.0,0.0,318.9021301269531,23.70059585571289,25.0,25.0,25.0,23.70059585571289,0.0,1.0,0.9480238342285157,1.0,0.0,0.0,0.0,0.0,0.0,1.934293508529663,0.7386146598329414,0.7808786588907242,1.6724653262120943,0.02,-0.0,-0.00033651726698731967,-2.2903721570530307e-05,0.13004608154296876,0.15,-0.0,0.0,0.0,-0.0,0.0,0.0,0.0,0.0,0.35,0.0,0.0,0.0,0.0,0.0,0.0,0.0,0.0,0.25,-0.0,-0.488525390625,0.0,0.9342935085296631,-0.0,-0.061065673828125,-0.061065673828125,-0.05,0.5508786588907242,0.3672524392604828,0.2,0.0,-0.0,-0.0,-0.0,0.8,1.0,-0.0,0.0,-0.0,-0.0,0.0,0.0,0.0,0.4589279992785305,-0.0,-0.0,-0.1275346737879057,0.02,0.0,0.0,0.0,0.0,0.0,0.0,0.3672524392604828,33.0428159480542,32.4,1.0,0.0,0.0,1.0,2.0,4.0,0.0,1.0,0.0,1.0,0.0,0.0,0.0,0.0,0.0,0.0,0.0,0.0,0.0,0.0,0.0,0.0,0.0,0.0,0.0,0.0,0.0,0.0,0.0,141.360595703125,235.308837890625,141.05213928222656,235.22366333007812,-0.3084564208984375,-0.085174560546875,0.3200001120567322,-2.8721747123432246,-0.7465690970420837,-0.6653078198432922,0.0,-86.1972885131836,32.519771575927734,0.0,28.0,28.0,28.0,0.0,1.0,33.0,0.0,0.0,1.0,0.0,1.0,0.0,3.0,0.0,2.56,63.21539997588843,0.4553999751806259,4.003799986094236,50.551299937069416,33.13639992848039,4.0,4.463899997062981,2.9952999902889132,0.7026999955996871,0.000400003045797348
1,459,459,5.369189466650187,0,0,2.0,4.0,1.0,1.0,1.0,1.0,1.0,1.0,1.0,1.0,0.9480238556861877,1.0,1.0,1.0,0.9480238556861877,1.0,1.0,0.9480238556861877,1.0,0.0,1.0,1.0,1.0,0.6199803948402405,0.47204023599624634,0.5702301263809204,0.0,-0.0004103969258721918,0.21047784388065338,-0.9775986075401306,0.0,0.0,0.0,0.0,0.0,0.0,318.8392639160156,24.318811416625977,25.0,25.0,25.0,24.318811416625977,0.0,1.0,0.9727524566650391,1.0,0.0,0.0,0.0,0.0,0.0,1.9271512627601624,0.8454469219991563,0.7765912818908691,1.8,0.02,-0.0,-0.00033651726698731967,-1.788590883643427e-05,0.2472862243652344,0.15,-0.0,0.0,0.0,-0.0,0.0,0.0,0.0,0.0,0.35,0.0,0.0,0.0,0.0,0.0,0.0,0.0,0.0,0.25,-0.0,-0.5029296875,0.0,0.9271512627601624,-0.0,-0.0628662109375,-0.0628662109375,-0.05,0.5465912818908691,0.3643941879272461,0.2,0.0,-0.0,-0.0,-0.0,0.8,1.0,-0.0,0.0,-0.0,-0.0,0.0,0.0,0.0,0.44851510080974566,-0.0,-0.0,-0.0,0.02,0.0,0.0,0.0,0.0,0.0,0.0,0.3643941879272461,32.29308725830168,32.4,0.0,0.6,0.0,1.0,2.0,4.0,0.0,1.0,0.0,1.0,0.0,0.0,0.0,0.0,0.0,0.0,0.0,0.0,0.0,0.0,0.0,0.0,0.0,0.0,0.0,0.0,0.0,0.0,0.0,141.0523681640625,235.22378540039062,140.74391174316406,235.1385955810547,-0.3084564208984375,-0.0851898193359375,0.3200041651725769,-2.872128758491203,-0.7462597489356995,-0.6656548380851746,0.0,-86.1972885131836,32.519771575927734,0.0,28.0,28.0,28.0,0.0,1.0,33.0,0.0,0.0,1.0,0.0,1.0,0.0,3.0,0.0,2.6,39.704800001345575,0.5825000116601586,3.036899957805872,28.328699991106987,14.464600011706352,4.0,4.399099969305098,2.558700041845441,0.7580999517813325,0.000500003807246685
1,460,460,5.072577640086553,0,0,2.0,4.0,1.0,1.0,1.0,1.0,1.0,1.0,1.0,1.0,0.9727524518966675,1.0,1.0,1.0,0.9727524518966675,1.0,1.0,0.9727524518966675,1.0,0.0,1.0,1.0,1.0,0.6195940971374512,0.4613298177719116,-0.6508061289787292,0.0,-0.00032304308842867613,0.21048718690872192,-0.977596640586853,0.0,0.0,0.0,0.0,0.0,0.0,318.7770080566406,24.318811416625977,25.0,25.0,25.0,24.318811416625977,0.0,1.0,0.9727524566650391,1.0,0.0,0.0,0.0,0.0,0.0,1.929994821548462,0.6058188217436519,0.7777379262447357,1.7390260705497038,0.02,-0.0,-0.00033651726698731967,-1.788590883643427e-05,0.0,0.15,-0.0,0.0,0.0,-0.0,0.0,0.0,0.0,0.0,0.35,0.0,0.0,0.0,0.0,0.0,0.0,0.0,0.0,0.25,-0.0,-0.498046875,0.0,0.9299948215484619,-0.0,-0.062255859375,-0.062255859375,-0.05,0.5477379262447357,0.3651586174964905,0.2,0.0,-0.0,-0.0,-0.0,0.8,1.0,-0.0,0.0,-0.0,-0.0,0.0,0.0,0.0,0.45617322491947565,-0.0,-0.0,-0.06097392945029624,0.02,0.0,0.0,0.0,0.0,0.0,0.0,0.3651586174964905,32.84447219420225,32.4,1.0,0.0,0.0,1.0,2.0,4.0,0.0,1.0,0.0,1.0,0.0,0.0,0.0,0.0,0.0,0.0,0.0,0.0,0.0,0.0,0.0,0.0,0.0,0.0,0.0,0.0,0.0,0.0,0.0,140.744140625,235.1387176513672,140.43568420410156,235.05352783203125,-0.3084564208984375,-0.0851898193359375,0.3200041651725769,-2.872128758491203,-0.7459496855735779,-0.6660023331642151,0.0,-86.1972885131836,32.519771575927734,0.0,28.0,28.0,28.0,0.0,1.0,33.0,0.0,0.0,1.0,0.0,1.0,0.0,3.0,0.0,2.64,21.543500013649464,0.5963000003248453,4.051900003105402,9.781799977645278,5.986600066535175,4.0,4.070699913427234,2.414699993096292,0.6013000383973122,0.000400003045797348
1,461,461,4.74989320809485,0,0,2.0,3.0,1.0,1.0,1.0,1.0,1.0,1.0,1.0,1.0,0.9727524518966675,1.0,1.0,1.0,0.9727524518966675,1.0,1.0,0.9727524518966675,1.0,0.0,1.0,1.0,1.0,0.6192062497138977,0.4692067503929138,0.47863274812698364,0.0,-0.00032304308842867613,0.21046295762062073,-0.9776018261909485,0.0,0.0,0.0,0.0,0.0,0.0,318.7133483886719,24.934444427490234,25.0,25.0,25.0,24.934444427490234,0.0,1.0,0.9973777770996094,1.0,0.0,0.0,0.0,0.0,0.0,1.9246219992637634,0.840749873467699,0.7495213586091996,1.2149999767541886,0.02,-0.0,-0.00033651726698731967,-1.3981848919048619e-05,0.24625320434570314,0.15,-0.0,0.0,0.0,-0.0,0.0,0.0,0.0,0.0,0.35,0.0,0.0,0.0,0.0,0.0,0.0,0.0,0.0,0.25,-0.0,-0.50927734375,0.0,0.9246219992637634,-0.0,-0.06365966796875,-0.06365966796875,-0.05,0.5435213595628738,0.3623475730419159,0.2,0.0,-0.0,-0.0,-0.0,0.5599999904632569,0.699999988079071,-0.0,0.0,-0.0,-0.0,0.0,0.0,0.0,0.44484716823790227,-0.04500000178813934,-0.0,-0.0,0.02,0.0,0.0,0.0,0.0,0.0,0.0,0.3623475730419159,32.02899611312896,32.4,0.0,0.6,0.0,0.699999988079071,2.0,3.0,0.0,0.699999988079071,0.0,0.699999988079071,0.0,0.0,0.0,0.0,0.0,0.0,0.0,0.0,0.0,0.0,0.0,0.0,0.0,0.0,0.0,0.0,0.0,0.0,0.0,140.4359130859375,235.05364990234375,140.12745666503906,234.9684600830078,-0.3084564208984375,-0.0851898193359375,0.3200041651725769,-2.872128758491203,-0.7456387877464294,-0.6663503050804138,0.0,-86.1972885131836,32.519771575927734,0.0,28.0,28.0,28.0,0.0,1.0,33.0,0.0,0.0,1.0,0.0,1.0,0.0,3.0,0.0,2.68,53.185799974016845,0.4518999485298991,3.7317000096663833,35.39660002570599,15.957399969920516,4.0,9.747400064952672,3.0123000033199787,0.7994999177753925,0.000500003807246685
1,462,462,4.550959971435898,0,0,2.0,3.0,1.0,1.0,1.0,1.0,1.0,1.0,1.0,1.0,0.9973777532577515,1.0,1.0,1.0,0.9973777532577515,1.0,1.0,0.9973777532577515,1.0,0.0,1.0,1.0,1.0,0.6188240647315979,0.4575570821762085,-0.7078785300254822,0.0,-0.0003754887729883194,0.21048741042613983,-0.9775965809822083,0.0,0.0,0.0,0.0,0.0,0.0,318.6498107910156,24.934444427490234,25.0,25.0,25.0,24.934444427490234,0.0,1.0,0.9973777770996094,1.0,0.0,0.0,0.0,0.0,0.0,1.925283432006836,0.6013717087683981,0.7490504521131516,1.2552543785475119,0.02,-0.0,-0.00033651726698731967,-1.3981848919048619e-05,0.0,0.15,-0.0,0.0,0.0,-0.0,0.0,0.0,0.0,0.0,0.35,0.0,0.0,0.0,0.0,0.0,0.0,0.0,0.0,0.25,-0.0,-0.50830078125,0.0,0.9252834320068359,-0.0,-0.06353759765625,-0.06353759765625,-0.05,0.5430504530668259,0.3620336353778839,0.2,0.0,-0.0,-0.0,-0.0,0.5599999904632569,0.699999988079071,-0.0,0.0,-0.0,-0.0,0.0,0.0,0.0,0.4517222078843044,-0.0,-0.0,-0.004745599994816103,0.02,0.0,0.0,0.0,0.0,0.0,0.0,0.3620336353778839,32.52399896766991,32.4,0.7326086850269979,0.0,0.0,0.699999988079071,2.0,3.0,0.0,0.699999988079071,0.0,0.699999988079071,0.0,0.0,0.0,0.0,0.0,0.0,0.0,0.0,0.0,0.0,0.0,0.0,0.0,0.0,0.0,0.0,0.0,0.0,0.0,140.127685546875,234.9685821533203,139.81922912597656,234.88339233398438,-0.3084564208984375,-0.0851898193359375,0.3200041651725769,-2.872128758491203,-0.7453272342681885,-0.6666988730430603,0.0,-86.1972885131836,32.519771575927734,0.0,28.0,28.0,28.0,0.0,1.0,33.0,0.0,0.0,1.0,0.0,1.0,0.0,3.0,0.0,2.72,27.754500042647123,0.7113000610843301,3.3946000039577484,16.187499975785613,10.862800059840083,4.0,3.46110004466027,2.145300037227571,1.8264999380335212,0.000200001522898674
1,463,463,5.075389843592345,0,0,2.0,4.0,1.0,1.0,1.0,1.0,1.0,1.0,1.0,1.0,0.9973777532577515,1.0,1.0,1.0,0.9973777532577515,1.0,1.0,0.9973777532577515,1.0,0.0,1.0,1.0,1.0,0.6184426546096802,0.46462854743003845,0.4296899735927582,0.0,-0.0003754887729883194,0.21041123569011688,-0.9776129722595215,0.0,0.0,0.0,0.0,0.0,0.0,318.5841064453125,25.0,25.0,25.0,25.0,25.0,0.0,1.0,1.0,1.0,0.0,0.0,0.0,0.0,0.0,1.9167784452438354,0.6158058726879952,0.7678055274486542,1.7549999982118607,0.02,-0.0,-0.00033651726698731967,-1.3619978928745457e-05,0.02622222900390625,0.15,-0.0,0.0,0.0,-0.0,0.0,0.0,0.0,0.0,0.35,0.0,0.0,0.0,0.0,0.0,0.0,0.0,0.0,0.25,-0.0,-0.525634765625,0.0,0.9167784452438354,-0.0,-0.065704345703125,-0.065704345703125,-0.05,0.5378055274486542,0.3585370182991028,0.2,0.0,-0.0,-0.0,-0.0,0.8,1.0,-0.0,0.0,-0.0,-0.0,0.0,0.0,0.0,0.439933780930005,-0.04500000178813934,-0.0,-0.0,0.02,0.0,0.0,0.0,0.0,0.0,0.0,0.3585370182991028,31.67523222696036,32.4,0.0,0.6,0.0,1.0,2.0,4.0,0.0,1.0,0.0,1.0,0.0,0.0,0.0,0.0,0.0,0.0,0.0,0.0,0.0,0.0,0.0,0.0,0.0,0.0,0.0,0.0,0.0,0.0,0.0,139.8194580078125,234.88351440429688,139.51100158691406,234.79832458496094,-0.3084564208984375,-0.0851898193359375,0.3200041651725769,-2.872128758491203,-0.7450149059295654,-0.6670478582382202,0.0,-86.1972885131836,32.519771575927734,0.0,28.0,28.0,28.0,0.0,1.0,33.0,0.0,0.0,1.0,0.0,1.0,0.0,3.0,0.0,2.76,56.40650005079806,0.7926000980660319,2.540899906307459,45.92699999921024,16.338399960659444,4.0,3.94979992415756,2.365600084885955,0.7887999527156353,0.000300002284348011
1,464,464,5.106322715324275,0,0,2.0,4.0,1.0,1.0,1.0,1.0,1.0,1.0,1.0,1.0,1.0,1.0,1.0,1.0,1.0,1.0,1.0,1.0,1.0,0.0,1.0,1.0,1.0,0.6180675029754639,0.4525033235549927,-0.7367767095565796,0.0,-0.0005610210355371237,0.21044400334358215,-0.977605938911438,0.0,0.0,0.0,0.0,0.0,0.0,318.5185852050781,25.0,25.0,25.0,25.0,25.0,0.0,1.0,1.0,1.0,0.0,0.0,0.0,0.0,0.0,1.9179316759109497,0.599382630628459,0.7690084087848663,1.8,0.02,-0.0,-0.00033651726698731967,-1.3619978928745457e-05,0.0,0.15,-0.0,0.0,0.0,-0.0,0.0,0.0,0.0,0.0,0.35,0.0,0.0,0.0,0.0,0.0,0.0,0.0,0.0,0.25,-0.0,-0.524169921875,0.0,0.9179316759109497,-0.0,-0.065521240234375,-0.065521240234375,-0.05,0.5390084087848663,0.3593389391899109,0.2,0.0,-0.0,-0.0,-0.0,0.8,1.0,-0.0,0.0,-0.0,-0.0,0.0,0.0,0.0,0.449732767874375,-0.0,-0.0,-0.0,0.02,0.0,0.0,0.0,0.0,0.0,0.0,0.3593389391899109,32.380759286955,32.4,1.0,0.0,0.0,1.0,2.0,4.0,0.0,1.0,0.0,1.0,0.0,0.0,0.0,0.0,0.0,0.0,0.0,0.0,0.0,0.0,0.0,0.0,0.0,0.0,0.0,0.0,0.0,0.0,0.0,139.51123046875,234.79844665527344,139.20277404785156,234.7132568359375,-0.3084564208984375,-0.0851898193359375,0.3200041651725769,-2.872128758491203,-0.7447018027305603,-0.6673974394798279,0.0,-86.1972885131836,32.519771575927734,0.0,28.0,28.0,28.0,0.0,1.0,33.0,0.0,0.0,1.0,0.0,1.0,0.0,3.0,0.0,2.8,27.917500003241003,0.4689999623224139,4.011200042441487,16.32890000473708,11.976100038737059,4.0,4.218699992634356,2.1877000108361244,0.6762000266462564,0.000400003045797348
1,465,465,5.035004618053691,0,0,2.0,4.0,1.0,1.0,1.0,1.0,1.0,1.0,1.0,1.0,1.0,1.0,1.0,1.0,1.0,1.0,1.0,1.0,1.0,0.0,1.0,1.0,1.0,0.617689847946167,0.4625822901725769,0.6124367117881775,0.0,-0.0005610210355371237,0.21045109629631042,-0.9776043891906738,0.0,0.0,0.0,0.0,0.0,0.0,318.4575500488281,25.0,25.0,25.0,25.0,25.0,0.0,1.0,1.0,1.0,0.0,0.0,0.0,0.0,0.0,1.9359825253486633,0.6078923370176179,0.7798311668634414,1.6912985888239689,0.02,-0.0,-0.00033651726698731967,-1.3619978928745457e-05,0.0,0.15,-0.0,0.0,0.0,-0.0,0.0,0.0,0.0,0.0,0.35,0.0,0.0,0.0,0.0,0.0,0.0,0.0,0.0,0.25,-0.0,-0.48828125,0.0,0.9359825253486633,-0.0,-0.06103515625,-0.06103515625,-0.05,0.5498311668634415,0.3665541112422943,0.2,0.0,-0.0,-0.0,-0.0,0.8,1.0,-0.0,0.0,-0.0,-0.0,0.0,0.0,0.0,0.458242474263534,-0.0,-0.0,-0.10870141117603124,0.02,0.0,0.0,0.0,0.0,0.0,0.0,0.3665541112422943,32.99345814697445,32.4,1.0,0.0,0.0,1.0,2.0,4.0,0.0,1.0,0.0,1.0,0.0,0.0,0.0,0.0,0.0,0.0,0.0,0.0,0.0,0.0,0.0,0.0,0.0,0.0,0.0,0.0,0.0,0.0,0.0,139.2030029296875,234.71337890625,138.89456176757812,234.628173828125,-0.308441162109375,-0.085205078125,0.3199935257434845,-2.8720700904333842,-0.7443878650665283,-0.667747437953949,0.0,-86.1972885131836,32.519771575927734,0.0,28.0,28.0,28.0,0.0,1.0,33.0,0.0,0.0,1.0,0.0,1.0,0.0,3.0,0.0,2.84,49.18149998411536,0.5852000322192907,3.952499944716692,37.464900058694184,23.81839998997748,4.0,4.020599997602403,2.45939998421818,0.66840008366853,0.000400003045797348
1,466,466,6.671730043557397,0,0,2.0,4.0,1.0,1.0,1.0,1.0,1.0,1.0,1.0,1.0,1.0,1.0,1.0,1.0,1.0,1.0,1.0,1.0,1.0,0.0,1.0,1.0,1.0,0.6172976493835449,0.47133511304855347,0.5318566560745239,0.0,-0.0005428227013908327,0.21049246191978455,-0.9775955080986023,0.0,0.0,0.0,0.0,0.0,0.0,318.3948059082031,25.0,25.0,25.0,25.0,25.0,0.0,1.0,1.0,1.0,0.0,0.0,0.0,0.0,0.0,1.929448425769806,0.5966916492254658,2.325589968562126,1.8,0.02,-0.0,-0.00033651726698731967,-1.3619978928745457e-05,0.0,0.15,-0.0,0.0,0.0,-0.0,0.0,0.0,0.0,0.0,0.35,0.0,0.0,0.0,0.0,0.0,0.0,0.0,0.0,0.25,-0.0,-0.501953125,0.0,0.9294484257698059,-0.0,-0.062744140625,-0.062744140625,1.5,0.5455899685621262,0.3637266457080841,0.2,0.0,-0.0,-0.0,-0.0,0.8,1.0,-0.0,0.0,-0.0,-0.0,0.0,0.0,0.0,0.4470417864713818,-0.0,-0.0,-0.0,0.02,0.0,0.0,0.0,0.0,0.0,0.0,0.3637266457080841,32.18700862593949,32.4,0.0,0.6,0.0,1.0,2.0,4.0,0.0,1.0,0.0,1.0,0.0,0.0,0.0,0.0,0.0,0.0,0.0,0.0,0.0,0.0,0.0,0.0,0.0,0.0,0.0,0.0,0.0,0.0,0.0,138.89479064941406,234.6282958984375,138.5863494873047,234.5430908203125,-0.308441162109375,-0.085205078125,0.3199935257434845,-2.8720700904333842,-0.7440732717514038,-0.668097972869873,0.0,-86.1972885131836,32.519771575927734,0.0,28.0,28.0,28.0,0.0,1.0,33.0,0.0,0.0,1.0,0.0,1.0,0.0,3.0,0.0,2.88,35.56750004645437,0.44450000859797,2.613099990412593,26.831199997104704,14.353999984450638,4.0,3.4178000641986728,1.5063999453559518,0.7129000732675195,0.000400003045797348
1,467,467,4.495173201920689,0,0,2.0,3.0,1.0,1.0,1.0,1.0,1.0,1.0,1.0,1.0,1.0,1.0,1.0,1.0,1.0,1.0,1.0,1.0,1.0,0.0,1.0,1.0,1.0,0.6169105172157288,0.4598143994808197,-0.7000429630279541,0.0,-0.000518680433742702,0.21052266657352448,-0.977588951587677,0.0,0.0,0.0,0.0,0.0,0.0,318.3078918457031,25.0,25.0,25.0,25.0,25.0,0.0,1.0,1.0,1.0,0.0,0.0,0.0,0.0,0.0,1.9298531413078308,0.6035456010325996,0.7510573256015778,1.1907171339786815,0.02,-0.0,-0.00033651726698731967,-1.3619978928745457e-05,0.0,0.15,-0.0,0.0,0.0,-0.0,0.0,0.0,0.0,0.0,0.35,0.0,0.0,0.0,0.0,0.0,0.0,0.0,0.0,0.25,-0.0,-0.6953125,0.0,0.9298531413078308,-0.0,-0.0869140625,-0.0869140625,-0.05,0.5450573265552521,0.3633715510368347,0.2,0.0,-0.0,-0.0,-0.0,0.5599999904632569,0.699999988079071,-0.0,0.0,-0.0,-0.0,0.0,0.0,0.0,0.45389573827851565,-0.04500000178813934,-0.0,-0.024282842775507164,0.02,0.0,0.0,0.0,0.0,0.0,0.0,0.3633715510368347,32.680493156053124,32.4,0.7326086850269979,0.0,0.0,0.699999988079071,2.0,3.0,0.0,0.699999988079071,0.0,0.699999988079071,0.0,0.0,0.0,0.0,0.0,0.0,0.0,0.0,0.0,0.0,0.0,0.0,0.0,0.0,0.0,0.0,0.0,0.0,0.0,138.58657836914062,234.543212890625,138.32472229003906,234.35928344726562,-0.2618560791015625,-0.183929443359375,0.3199978768825531,-2.5292533297736486,-0.743757963180542,-0.6684489250183105,0.0,-86.1972885131836,32.519771575927734,0.0,28.0,28.0,28.0,0.0,1.0,32.0,0.0,0.0,1.0,0.0,1.0,0.0,3.0,0.0,2.92,23.140800069086254,0.4244000883772969,4.160999902524054,10.26010001078248,6.4261999214068055,4.0,4.439800046384335,3.169700037688017,0.6615000311285257,0.000400003045797348
1,468,468,5.0596764256618165,0,0,2.0,4.0,1.0,1.0,1.0,1.0,1.0,1.0,1.0,1.0,1.0,1.0,1.0,1.0,1.0,1.0,1.0,1.0,1.0,0.0,1.0,1.0,1.0,0.6162596344947815,0.4668641984462738,0.42837199568748474,0.0,-0.000518680433742702,0.21048736572265625,-0.9775965809822083,0.0,0.0,0.0,0.0,0.0,0.0,318.2192687988281,25.0,25.0,25.0,25.0,25.0,0.0,1.0,1.0,1.0,0.0,0.0,0.0,0.0,0.0,1.9234589338302612,0.5914597203395514,0.7697577732801437,1.7549999982118607,0.02,-0.0,-0.00033651726698731967,-1.3619978928745457e-05,0.0,0.15,-0.0,0.0,0.0,-0.0,0.0,0.0,0.0,0.0,0.35,0.0,0.0,0.0,0.0,0.0,0.0,0.0,0.0,0.25,-0.0,-0.708984375,0.0,0.9234589338302612,-0.0,-0.088623046875,-0.088623046875,-0.05,0.5397577732801437,0.3598385155200958,0.2,0.0,-0.0,-0.0,-0.0,0.8,1.0,-0.0,0.0,-0.0,-0.0,0.0,0.0,0.0,0.4418098575854674,-0.04500000178813934,-0.0,-0.0,0.02,0.0,0.0,0.0,0.0,0.0,0.0,0.3598385155200958,31.810309746153653,32.4,0.0,0.6,0.0,1.0,2.0,4.0,0.0,1.0,0.0,1.0,0.0,0.0,0.0,0.0,0.0,0.0,0.0,0.0,0.0,0.0,0.0,0.0,0.0,0.0,0.0,0.0,0.0,0.0,0.0,138.32525634765625,234.35910034179688,138.0634002685547,234.1751708984375,-0.2618560791015625,-0.183929443359375,0.3199978768825531,-2.5292533297736486,-0.7436744570732117,-0.6685419678688049,0.0,-86.1972885131836,32.519771575927734,0.0,28.0,28.0,28.0,0.0,1.0,32.0,0.0,0.0,1.0,0.0,1.0,0.0,3.0,0.0,2.96,47.33470000792295,0.48390007577836514,3.333200002089143,35.927000106312335,15.711499960161746,4.0,4.278599983081222,2.6325000217184424,0.6354999495670199,0.000400003045797348
1,469,469,5.114650255161491,0,0,2.0,4.0,1.0,1.0,1.0,1.0,1.0,1.0,1.0,1.0,1.0,1.0,1.0,1.0,1.0,1.0,1.0,1.0,1.0,0.0,1.0,1.0,1.0,0.6156161427497864,0.45443299412727356,-0.7553675174713135,0.0,-0.0004398754390422255,0.21051308512687683,-0.9775910377502441,0.0,0.0,0.0,0.0,0.0,0.0,318.13153076171875,25.0,25.0,25.0,25.0,25.0,0.0,1.0,1.0,1.0,0.0,0.0,0.0,0.0,0.0,1.926885962486267,0.6013582564796506,0.7710758107900619,1.795330225405512,0.02,-0.0,-0.00033651726698731967,-1.3619978928745457e-05,0.0,0.15,-0.0,0.0,0.0,-0.0,0.0,0.0,0.0,0.0,0.35,0.0,0.0,0.0,0.0,0.0,0.0,0.0,0.0,0.25,-0.0,-0.701904296875,0.0,0.9268859624862671,-0.0,-0.087738037109375,-0.087738037109375,-0.05,0.541075810790062,0.36071720719337463,0.2,0.0,-0.0,-0.0,-0.0,0.8,1.0,-0.0,0.0,-0.0,-0.0,0.0,0.0,0.0,0.4517083937255666,-0.0,-0.0,-0.0046697745944882406,0.02,0.0,0.0,0.0,0.0,0.0,0.0,0.36071720719337463,32.52300434824079,32.4,1.0,0.0,0.0,1.0,2.0,4.0,0.0,1.0,0.0,1.0,0.0,0.0,0.0,0.0,0.0,0.0,0.0,0.0,0.0,0.0,0.0,0.0,0.0,0.0,0.0,0.0,0.0,0.0,0.0,138.063720703125,234.1750946044922,137.80184936523438,233.99118041992188,-0.261871337890625,-0.1839141845703125,0.32000160217285156,-2.5293197386512385,-0.7435901761054993,-0.6686356663703918,0.0,-86.1972885131836,32.519771575927734,0.0,28.0,28.0,28.0,0.0,1.0,32.0,0.0,0.0,1.0,0.0,1.0,0.0,3.0,0.0,3.0,29.3699000030756,0.6056999554857612,4.291199962608516,19.148900057189167,9.687499958090484,4.0,3.0553999822586775,1.6456999583169818,0.5880000535398722,0.000400003045797348
1,470,470,5.095585809596739,0,0,2.0,4.0,1.0,1.0,1.0,1.0,1.0,1.0,1.0,1.0,1.0,1.0,1.0,1.0,1.0,1.0,1.0,1.0,1.0,0.0,1.0,1.0,1.0,0.6149708032608032,0.4646143615245819,0.6186584830284119,0.0,-0.0004398754390422255,0.21047966182231903,-0.977598249912262,0.0,0.0,0.0,0.0,0.0,0.0,318.0419921875,25.0,25.0,25.0,25.0,25.0,0.0,1.0,1.0,1.0,0.0,0.0,0.0,0.0,0.0,1.9198389053344727,0.5887633844697101,0.7669835197925567,1.8,0.02,-0.0,-0.00033651726698731967,-1.3619978928745457e-05,0.0,0.15,-0.0,0.0,0.0,-0.0,0.0,0.0,0.0,0.0,0.35,0.0,0.0,0.0,0.0,0.0,0.0,0.0,0.0,0.25,-0.0,-0.71630859375,0.0,0.9198389053344727,-0.0,-0.08953857421875,-0.08953857421875,-0.05,0.5369835197925568,0.35798901319503784,0.2,0.0,-0.0,-0.0,-0.0,0.8,1.0,-0.0,0.0,-0.0,-0.0,0.0,0.0,0.0,0.4391135217156261,-0.0,-0.0,-0.0,0.02,0.0,0.0,0.0,0.0,0.0,0.0,0.35798901319503784,31.61617356352508,32.4,0.0,0.6,0.0,1.0,2.0,4.0,0.0,1.0,0.0,1.0,0.0,0.0,0.0,0.0,0.0,0.0,0.0,0.0,0.0,0.0,0.0,0.0,0.0,0.0,0.0,0.0,0.0,0.0,0.0,137.8020782470703,233.9912567138672,137.5402069091797,233.80734252929688,-0.261871337890625,-0.1839141845703125,0.32000160217285156,-2.5293197386512385,-0.7435052394866943,-0.6687300801277161,0.0,-86.1972885131836,32.519771575927734,0.0,28.0,28.0,28.0,0.0,1.0,32.0,0.0,0.0,1.0,0.0,1.0,0.0,3.0,0.0,3.04,48.3269999967888,0.4026000387966633,3.3761999802663922,36.27869999036193,16.45500003360212,4.0,5.120999994687736,2.5874999118968844,0.5235000280663371,0.000400003045797348
