episode,episode_step,global_step,reward,terminated,truncated,model_steering,model_drive,obs_lidar_00,obs_lidar_01,obs_lidar_02,obs_lidar_03,obs_lidar_04,obs_lidar_05,obs_lidar_06,obs_lidar_07,obs_lidar_08,obs_lidar_09,obs_lidar_10,obs_lidar_11,obs_lidar_min,obs_front_lidar_min,obs_left_lidar_min,obs_back_lidar_min,obs_right_lidar_min,obs_vision_visible,obs_pursuer_dx,obs_pursuer_dy,obs_pursuer_distance,obs_pursuer_sin_bearing,obs_ego_speed,obs_ego_acceleration,obs_ego_steering,obs_ego_yaw_rate,obs_ego_heading_sin,obs_ego_heading_cos,obs_ego_touch,obs_avoidance_front_risk,obs_avoidance_danger_delta,obs_avoidance_turn_direction,obs_avoidance_heading_progress,obs_avoidance_heading_remaining,distance_to_pursuer,obstacle_distance,front_obstacle_distance,left_obstacle_distance,right_obstacle_distance,back_obstacle_distance,front_corridor_risk,obstacle_risk_escape_scale,min_lidar,front_lidar,pursuer_visible,front_pursuer_visible,left_pursuer_visible,right_pursuer_visible,back_pursuer_visible,pursuer_reward_total,obstacle_reward_total,movement_reward_total,stability_reward_total,survival_reward_total,front_obstacle_penalty,side_obstacle_penalty,back_obstacle_penalty,obstacle_clearance_delta_reward,obstacle_collision_free_reward,back_approach_penalty,front_blocked_speed_penalty,front_blocked_drive_penalty,front_blocked_straight_penalty,front_blocked_brake_reward,obstacle_action_reward,obstacle_action_penalty,obstacle_target_steering,obstacle_target_drive,obstacle_steering_error,obstacle_drive_error,obstacle_turn_commitment_reward,obstacle_turn_switch_penalty,obstacle_turn_progress_reward,obstacle_wrong_heading_penalty,obstacle_insufficient_turn_penalty,obstacle_heading_progress,obstacle_heading_goal,obstacle_safety_intervention_penalty,moving_away_reward,visual_moving_away_reward,radial_escape_reward,tangential_orbit_penalty,raw_distance_delta,distance_delta,exploration_reward,movement_reward,rewarded_moved_distance,still_penalty,obstacle_stall_penalty,fast_turn_penalty,tight_turn_penalty,long_curve_penalty,straight_drive_reward,clear_path_straight_reward,unnecessary_turn_penalty,avoidance_turn_reward,over_avoidance_turn_penalty,clear_front_turn_penalty,straighten_reward,turn_towards_obstacle_penalty,turn_towards_visible_pursuer_penalty,path_prediction_reward,action_smoothness_penalty,tilt_penalty,overspeed_penalty,survival_reward,captured,obstacle_collision,rollover,touch_contact,raw_touch_sensor_contact,touch_collision_plausible,moved_distance,speed_kmh,target_speed,throttle,brake,policy_steering,policy_drive,policy_steering_index,policy_drive_index,quantized_steering,quantized_drive,applied_steering,applied_drive,current_steering,steering_direction_streak,obstacle_turn_direction,obstacle_safety_active,obstacle_safety_action_delta,evader_steering_target,evader_steering_command_target,evader_steering_stabilization_active,evader_steering_stabilization_delta,evader_steering_commit_direction,evader_steering_commit_steps_left,pursuer_avoidance_active,pursuer_avoidance_obstacle_count,pursuer_avoidance_side,pursuer_avoidance_commit_steps_left,pursuer_return_to_chase_steps_left,pursuer_contact_active,pursuer_contact_source,pursuer_contact_memory_steps_left,pursuer_x,pursuer_y,pursuer_next_x,pursuer_next_y,pursuer_move_x,pursuer_move_y,pursuer_move_distance,pursuer_heading,pursuer_guidance_x,pursuer_guidance_y,pursuer_knows_exact_position,pursuer_target_x,pursuer_target_y,pursuer_lidar_avoidance_active,pursuer_lidar_front_distance,pursuer_lidar_left_distance,pursuer_lidar_right_distance,pursuer_lidar_danger_count,pursuer_planner_active,pursuer_planner_path_length,pursuer_planner_replan,pursuer_planner_stuck_recovery,pursuer_count,pursuer_direct_chase_hold_steps_left,pursuer_behavior_limited,pursuer_line_of_sight,pursuer_info_mode,pursuer_hint_refresh,pursuer_hint_age_seconds,timing_total_ms,timing_control_ms,timing_pursuer_ms,timing_webots_ms,timing_webots_max_step_ms,timing_webots_steps,timing_observation_ms,timing_reward_ms,timing_finish_ms,timing_display_ms
1,1,1,-1.2574746287678402,0,0,2.0,2.0,0.6347799301147461,1.0,0.6849517822265625,0.586211621761322,0.5649504661560059,0.5907225608825684,0.7449281215667725,1.0,1.0,0.6509217619895935,0.6417353749275208,0.6962814927101135,0.5649504661560059,0.6347799301147461,0.5649504661560059,0.7449281215667725,0.6417353749275208,0.0,0.9243215918540955,0.5102115273475647,1.0,0.48325228691101074,-7.675859592382039e-07,-4.6641507651656866e-05,0.0,-0.020573485642671585,0.004126009531319141,-0.9999914765357971,0.0,0.0,0.0,0.0,0.0,0.0,126.69422149658203,14.122049331665039,15.885093688964844,14.122049331665039,16.045753479003906,18.649883270263672,0.0,1.0,0.5648819732666016,0.6354037475585937,0.0,0.0,0.0,0.0,0.0,1.0005400287918746,0.18373139901142208,-3.0192460467363706,0.5774999901652337,0.0,-0.0,-0.009648485489904225,-0.0001727049151776104,0.043552589416503903,0.15,-0.0,0.0,0.0,-0.0,0.0,0.0,0.0,0.0,0.35,0.0,0.0,0.0,0.0,0.0,0.0,0.0,0.0,0.25,-0.0,-0.00177001953125,0.0,0.0005400287918746471,-0.0,-0.00022125244140625,-0.00022125244140625,-0.05,0.002753953740466386,0.001835969160310924,-3.0,0.0,-0.0,-0.0,-0.0,0.27999999523162844,0.3499999940395355,-0.0,0.0,-0.0,-0.0,0.0,0.0,0.0,0.0,-0.052499999105930326,-0.0,-0.0,0.0,0.0,0.0,0.0,0.0,0.0,0.0,0.001835969160310924,0.11397840846329928,23.26086922832157,0.4206521686004555,0.0,0.0,0.3499999940395355,2.0,2.0,0.0,0.3499999940395355,0.0,0.3499999940395355,0.0,0.0,0.0,0.0,0.0,0.0,0.0,0.0,0.0,0.0,0.0,0.0,0.0,0.0,0.0,0.0,0.0,0.0,0.0,0.0,0.0,0.0,0.0,0.0,0.0,0.0,0.0,0.0,0.0,0.0,0.0,0.0,0.0,28.0,28.0,28.0,0.0,0.0,0.0,0.0,0.0,1.0,0.0,1.0,0.0,0.0,0.0,0.04,78.56910000555217,0.6785000441595912,0.002199900336563587,67.97350000124425,28.99490005802363,4.0,5.625199992209673,3.394500003196299,0.8374999742954969,0.000900006853044033
1,2,2,-0.961160087086878,0,0,3.0,4.0,0.6354037523269653,1.0,0.6845695376396179,0.5857024192810059,0.5648819804191589,0.59115070104599,0.7459953427314758,1.0,1.0,0.6507183313369751,0.6418301463127136,0.6971901655197144,0.5648819804191589,0.6354037523269653,0.5648819804191589,0.7459953427314758,0.6418301463127136,0.0,0.9243142008781433,0.5102211236953735,1.0,0.4832622706890106,0.001628262922167778,0.09893959015607834,0.0,-0.014709936454892159,0.005251281429082155,-0.9999862313270569,0.0,0.0,0.0,0.0,0.0,0.0,126.69595336914062,14.122049331665039,15.885093688964844,14.122049331665039,16.045753479003906,18.649883270263672,0.0,1.0,0.5648819732666016,0.6354037475585937,0.0,0.0,0.0,0.0,0.0,1.008420859463513,0.14009848604034272,-2.9663909222278746,0.856711489637141,0.0,-0.0,-0.009648485489904225,-0.0001727049151776104,0.0,0.15,-0.0,0.0,0.0,-0.0,0.0,0.0,0.0,0.0,0.35,0.0,0.0,0.0,0.0,0.0,0.0,0.0,0.0,0.25,-0.0,0.006927490234375,0.0,0.008420859463512897,-0.0,0.00173187255859375,0.00173187255859375,-0.05,0.0036090777721256018,0.0024060518480837345,-3.0,0.0,-0.0003944668394412313,-0.0,-0.0,0.6254545454545455,0.7818181818181819,-0.21818181818181814,0.0,-0.0952066115702479,-0.13763072620738634,0.0,-8.032355457544326e-05,0.0,0.0,-0.09914761483669281,-0.0,-0.0,0.0,0.0,0.0,0.0,0.0,0.0,0.0,0.0024060518480837345,0.38350942723453046,32.4,1.0,0.0,0.25,1.0,3.0,4.0,0.25,1.0,0.11999999731779099,1.0,0.12,1.0,0.0,0.0,0.0,0.25,0.25,1.0,0.13,0.0,0.0,0.0,0.0,0.0,0.0,0.0,0.0,0.0,0.0,0.0,0.0,0.0,0.0,0.0,0.0,0.0,0.0,0.0,0.0,0.0,0.0,0.0,0.0,28.0,28.0,28.0,0.0,0.0,0.0,0.0,0.0,1.0,0.0,1.0,0.0,0.0,0.0,0.08,49.3317999644205,0.49560004845261574,0.002599903382360935,35.20360006950796,17.249400028958917,4.0,6.8039000034332275,4.711100016720593,2.0495998905971646,0.001100008375942707
1,3,3,1.1148451682137421,0,0,2.0,3.0,0.6354037523269653,1.0,0.6845695376396179,0.5857024192810059,0.5648819804191589,0.59115070104599,0.7459953427314758,1.0,1.0,0.6507183313369751,0.6418301463127136,0.6971901655197144,0.5648819804191589,0.6354037523269653,0.5648819804191589,0.7459953427314758,0.6418301463127136,0.0,0.9243330359458923,0.5102168321609497,1.0,0.48325157165527344,0.005478706210851669,0.23396790027618408,0.2181818187236786,-0.014709936454892159,0.005250272341072559,-0.9999862313270569,0.0,0.0,0.0,0.0,0.0,0.0,126.70059204101562,14.121367454528809,15.887117385864258,14.121367454528809,16.046541213989258,18.654455184936523,0.0,1.0,0.5648546981811523,0.6354846954345703,0.0,0.0,0.0,0.0,0.0,1.020011717453599,0.1466030847302407,-1.4353856780845673,1.3836160441144698,0.0,-0.0,-0.00964904830271848,-0.00017238936694316434,0.006424522399902344,0.15,-0.0,0.0,0.0,-0.0,0.0,0.0,0.0,0.0,0.35,0.0,0.0,0.0,0.0,0.0,0.0,0.0,0.0,0.25,-0.0,0.0185546875,0.0,0.020011717453598976,-0.0,0.004638671875,0.004638671875,1.5,0.008614322869107127,0.005742881912738085,-3.0,0.0,-0.0,-0.0,-0.0,0.5599999904632569,0.699999988079071,-0.0,0.0,-0.0,-0.0,0.17208254982078017,0.0,0.0,0.0,-0.04846648424863815,-0.0,-0.0,0.0,0.0,0.0,0.0,0.0,0.0,0.0,0.005742881912738085,0.6704817096143961,32.4,0.7326086850269979,0.0,0.0,0.699999988079071,2.0,3.0,0.0,0.699999988079071,0.0,0.699999988079071,0.0,0.0,0.0,0.0,0.0,0.0,0.0,0.0,0.0,0.0,0.0,0.0,0.0,0.0,0.0,0.0,0.0,0.0,0.0,0.0,0.0,0.0,0.0,0.0,0.0,0.0,0.0,0.0,0.0,0.0,0.0,0.0,0.0,28.0,28.0,28.0,0.0,0.0,0.0,0.0,0.0,1.0,0.0,1.0,0.0,0.0,0.0,0.12,80.09190007578582,0.6553999846801162,0.000400003045797348,67.7394000813365,46.444599982351065,4.0,6.289599929004908,3.509600064717233,1.8489999929443002,0.000500003807246685
1,4,4,-0.003397382252092074,0,0,2.0,4.0,0.6354846954345703,1.0,0.6845209002494812,0.585604727268219,0.5648546814918518,0.5912015438079834,0.7461782097816467,1.0,1.0,0.6507045030593872,0.6418616771697998,0.6973477005958557,0.5648546814918518,0.6354846954345703,0.5648546814918518,0.7461782097816467,0.6418616771697998,0.0,0.9243780374526978,0.5102153420448303,1.0,0.4832324981689453,0.009578309953212738,0.24910788238048553,0.0,-0.0005510362097993493,0.005504737142473459,-0.999984860420227,0.0,0.0,0.0,0.0,0.0,0.0,126.70779418945312,14.122748374938965,15.89180850982666,14.122748374938965,16.044347763061523,18.656864166259766,0.0,1.0,0.5649099349975586,0.6356723403930664,0.0,0.0,0.0,0.0,0.0,1.0322619453072548,0.16546174014342344,-2.956121065914631,1.7549999982118607,0.0,-0.0,-0.009648572960467497,-0.00017222333384402154,0.011187362670898437,0.15,-0.0,0.0,0.0,-0.0,0.0,0.0,0.0,0.0,0.35,0.0,0.0,0.0,0.0,0.0,0.0,0.0,0.0,0.25,-0.0,0.02880859375,0.0,0.03226194530725479,-0.0,0.0072021484375,0.0072021484375,-0.05,0.01387893408536911,0.009252622723579407,-3.0,0.0,-0.0,-0.0,-0.0,0.8,1.0,-0.0,0.0,-0.0,-0.0,0.0,0.0,0.0,0.014095173766836526,-0.04500000178813934,-0.0,-0.0,0.0,0.0,0.0,0.0,0.0,0.0,0.0,0.009252622723579407,1.0148525112122297,32.4,1.0,0.0,0.0,1.0,2.0,4.0,0.0,1.0,0.0,1.0,0.0,0.0,0.0,0.0,0.0,0.0,0.0,0.0,0.0,0.0,0.0,0.0,0.0,0.0,0.0,0.0,0.0,0.0,0.0,0.0,0.0,0.0,0.0,0.0,0.0,0.0,0.0,0.0,0.0,0.0,0.0,0.0,0.0,28.0,28.0,28.0,0.0,0.0,0.0,0.0,0.0,1.0,0.0,1.0,0.0,0.0,0.0,0.16,66.76049996167421,0.7356000132858753,0.000500003807246685,52.54669999703765,27.63939998112619,4.0,8.1432000733912,4.4664000160992146,0.8252999978139997,0.000400003045797348
1,5,5,0.05324037897290035,0,0,2.0,4.0,0.6356723308563232,1.0,0.6843569278717041,0.585578978061676,0.5649099349975586,0.5913541316986084,0.7462745904922485,1.0,1.0,0.6505588293075562,0.6417739391326904,0.6974053382873535,0.5649099349975586,0.6356723308563232,0.5649099349975586,0.7462745904922485,0.6417739391326904,0.0,0.9244473576545715,0.5102139711380005,1.0,0.4832036793231964,0.014497892931103706,0.2989329993724823,0.0,-0.002506694057956338,0.005779779050499201,-0.9999833106994629,0.0,0.0,0.0,0.0,0.0,0.0,126.7181396484375,14.122748374938965,15.89180850982666,14.122748374938965,16.044347763061523,18.656864166259766,0.0,1.0,0.5649099349975586,0.6356723403930664,0.0,0.0,0.0,0.0,0.0,1.0451815947890282,0.1585664210923142,-2.950507636908442,1.8,0.0,-0.0,-0.009648572960467497,-0.00017222333384402154,0.0,0.15,-0.0,0.0,0.0,-0.0,0.0,0.0,0.0,0.0,0.35,0.0,0.0,0.0,0.0,0.0,0.0,0.0,0.0,0.25,-0.0,0.0413818359375,0.0,0.04518159478902817,-0.0,0.010345458984375,0.010345458984375,-0.05,0.019492363091558218,0.012994908727705479,-3.0,0.0,-0.0,-0.0,-0.0,0.8,1.0,-0.0,0.0,-0.0,-0.0,0.0,0.0,0.0,0.018387217386625708,-0.0,-0.0,-0.0,0.0,0.0,0.0,0.0,0.0,0.0,0.0,0.012994908727705479,1.3238796518370508,32.4,1.0,0.0,0.0,1.0,2.0,4.0,0.0,1.0,0.0,1.0,0.0,0.0,0.0,0.0,0.0,0.0,0.0,0.0,0.0,0.0,0.0,0.0,0.0,0.0,0.0,0.0,0.0,0.0,0.0,0.0,0.0,0.0,0.0,0.0,0.0,0.0,0.0,0.0,0.0,0.0,0.0,0.0,0.0,28.0,28.0,28.0,0.0,0.0,0.0,0.0,0.0,1.0,0.0,1.0,0.0,0.0,0.0,0.2,65.4231000225991,0.7332999957725406,0.000700005330145359,51.51779996231198,33.94779993686825,4.0,6.841400056146085,4.333400051109493,1.950400066561997,0.000400003045797348
1,6,6,-0.5325161288787688,0,0,2.0,3.0,0.6356723308563232,1.0,0.6843569278717041,0.585578978061676,0.5649099349975586,0.5913541316986084,0.7462745904922485,1.0,1.0,0.6505588293075562,0.6417739391326904,0.6974053382873535,0.5649099349975586,0.6356723308563232,0.5649099349975586,0.7462745904922485,0.6417739391326904,0.0,0.9245468974113464,0.5102120637893677,1.0,0.48316243290901184,0.01891256682574749,0.26825273036956787,0.0,-0.002506694057956338,0.0059507773257792,-0.9999822974205017,0.0,0.0,0.0,0.0,0.0,0.0,126.73123931884766,14.124074935913086,15.894957542419434,14.124074935913086,16.0408878326416,18.655574798583984,0.0,1.0,0.5649629974365235,0.6357983016967773,0.0,0.0,0.0,0.0,0.0,1.0556442700326443,0.16688510994267794,-2.9700454856082796,1.2149999767541886,0.0,-0.0,-0.009649622283682956,-0.00017231218043310564,0.006866760253906251,0.15,-0.00128936767578125,0.0,0.0,-0.0,0.0,0.0,0.0,0.0,0.35,0.0,0.0,0.0,0.0,0.0,0.0,0.0,0.0,0.25,-0.0,0.052398681640625,0.0,0.05564427003264427,-0.0,0.01309967041015625,0.01309967041015625,-0.05,0.02395451534539461,0.01596967689692974,-3.0,0.0,-0.0,-0.0,-0.0,0.5599999904632569,0.699999988079071,-0.0,0.0,-0.0,-0.0,0.0,0.0,0.0,0.02112965182866901,-0.04500000178813934,-0.0,-0.0,0.0,0.0,0.0,0.0,0.0,0.0,0.0,0.01596967689692974,1.5213349316641689,32.4,0.7326086850269979,0.0,0.0,0.699999988079071,2.0,3.0,0.0,0.699999988079071,0.0,0.699999988079071,0.0,0.0,0.0,0.0,0.0,0.0,0.0,0.0,0.0,0.0,0.0,0.0,0.0,0.0,0.0,0.0,0.0,0.0,0.0,0.0,0.0,0.0,0.0,0.0,0.0,0.0,0.0,0.0,0.0,0.0,0.0,0.0,0.0,28.0,28.0,28.0,0.0,0.0,0.0,0.0,0.0,1.0,0.0,1.0,0.0,0.0,0.0,0.24,51.878999918699265,0.651499954983592,0.000600004568696022,42.48489998281002,19.741600030101836,4.0,4.8766001127660275,3.026600112207234,0.7953000022098422,0.000600004568696022
1,7,7,-0.47763179101208997,0,0,2.0,3.0,0.6357982754707336,1.0,0.6841632723808289,0.5855888724327087,0.5649629831314087,0.5914611220359802,0.746222972869873,1.0,1.0,0.6503890752792358,0.641635537147522,0.697334349155426,0.5649629831314087,0.6357982754707336,0.5649629831314087,0.746222972869873,0.641635537147522,0.0,0.9246723651885986,0.5102105736732483,1.0,0.48311111330986023,0.02173335663974285,0.17140215635299683,0.0,-0.0016406286740675569,0.006086543668061495,-0.9999814629554749,0.0,0.0,0.0,0.0,0.0,0.0,126.74687194824219,14.124074935913086,15.894957542419434,14.124074935913086,16.0408878326416,18.655574798583984,0.0,1.0,0.5649629974365235,0.6357983016967773,0.0,0.0,0.0,0.0,0.0,1.0646548941731453,0.16391081027527485,-2.966197474002838,1.259999978542328,0.0,-0.0,-0.009649622283682956,-0.00017231218043310564,0.0,0.15,-0.0,0.0,0.0,-0.0,0.0,0.0,0.0,0.0,0.35,0.0,0.0,0.0,0.0,0.0,0.0,0.0,0.0,0.25,-0.0,0.062530517578125,0.0,0.0646548941731453,-0.0,0.01563262939453125,0.01563262939453125,-0.05,0.02780252695083618,0.01853501796722412,-3.0,0.0,-0.0,-0.0,-0.0,0.5599999904632569,0.699999988079071,-0.0,0.0,-0.0,-0.0,0.0,0.0,0.0,0.02373274473939091,-0.0,-0.0,-0.0,0.0,0.0,0.0,0.0,0.0,0.0,0.0,0.01853501796722412,1.7087576212361455,32.4,0.7326086850269979,0.0,0.0,0.699999988079071,2.0,3.0,0.0,0.699999988079071,0.0,0.699999988079071,0.0,0.0,0.0,0.0,0.0,0.0,0.0,0.0,0.0,0.0,0.0,0.0,0.0,0.0,0.0,0.0,0.0,0.0,0.0,0.0,0.0,0.0,0.0,0.0,0.0,0.0,0.0,0.0,0.0,0.0,0.0,0.0,0.0,28.0,28.0,28.0,0.0,0.0,0.0,0.0,0.0,1.0,0.0,1.0,0.0,0.0,0.0,0.28,26.155599975027144,0.7845000363886356,0.000700005330145359,16.190599999390543,11.381100048311055,4.0,5.301499972119927,3.0885000014677644,0.7563999388366938,0.000500003807246685
1,8,8,0.06265995449700057,0,0,2.0,4.0,0.6357982754707336,1.0,0.6841632723808289,0.5855888724327087,0.5649629831314087,0.5914611220359802,0.746222972869873,1.0,1.0,0.6503890752792358,0.641635537147522,0.697334349155426,0.5649629831314087,0.6357982754707336,0.5649629831314087,0.746222972869873,0.641635537147522,0.0,0.9248218536376953,0.5102092623710632,1.0,0.48305028676986694,0.024410823360085487,0.1626933068037033,0.0,-0.0016406286740675569,0.006183559074997902,-0.9999808669090271,0.0,0.0,0.0,0.0,0.0,0.0,126.76580047607422,14.12500286102295,15.896933555603027,14.12500286102295,16.036401748657227,18.652456283569336,0.0,1.0,0.565000114440918,0.6358773422241211,0.0,0.0,0.0,0.0,0.0,1.076150357723236,0.1687813148958297,-2.937271716333926,1.7549999982118607,0.0,-0.0,-0.009652658043573898,-0.00017252725779837044,0.003968925476074219,0.15,-0.0031185150146484375,0.0,0.0,-0.0,0.0,0.0,0.0,0.0,0.35,0.0,0.0,0.0,0.0,0.0,0.0,0.0,0.0,0.25,-0.0,0.075714111328125,0.0,0.07615035772323608,-0.0,0.01892852783203125,0.01892852783203125,-0.05,0.032728283666074276,0.02181885577738285,-3.0,0.0,-0.0,-0.0,-0.0,0.8,1.0,-0.0,0.0,-0.0,-0.0,0.0,0.0,0.0,0.027756089735776188,-0.04500000178813934,-0.0,-0.0,0.0,0.0,0.0,0.0,0.0,0.0,0.0,0.02181885577738285,1.9984384609758854,32.4,1.0,0.0,0.0,1.0,2.0,4.0,0.0,1.0,0.0,1.0,0.0,0.0,0.0,0.0,0.0,0.0,0.0,0.0,0.0,0.0,0.0,0.0,0.0,0.0,0.0,0.0,0.0,0.0,0.0,0.0,0.0,0.0,0.0,0.0,0.0,0.0,0.0,0.0,0.0,0.0,0.0,0.0,0.0,28.0,28.0,28.0,0.0,0.0,0.0,0.0,0.0,1.0,0.0,1.0,0.0,0.0,0.0,0.32,71.69189990963787,0.7668999023735523,0.000700005330145359,58.20039997342974,25.230699917301536,4.0,8.009099983610213,3.23150004260242,1.4400999061763287,0.000400003045797348
1,9,9,0.1301320078860655,0,0,2.0,4.0,0.6358773708343506,1.0,0.6839539408683777,0.5856015682220459,0.5650001168251038,0.5915296673774719,0.7460982799530029,1.0,1.0,0.650188148021698,0.6414560675621033,0.6971909403800964,0.5650001168251038,0.6358773708343506,0.5650001168251038,0.7460982799530029,0.6414560675621033,0.0,0.9250028133392334,0.5102078318595886,1.0,0.4829767942428589,0.02854912169277668,0.2514590620994568,0.0,-0.0008649100200273097,0.006251012906432152,-0.9999804496765137,0.0,0.0,0.0,0.0,0.0,0.0,126.78852844238281,14.12500286102295,15.896933555603027,14.12500286102295,16.036401748657227,18.652456283569336,0.0,1.0,0.565000114440918,0.6358773422241211,0.0,0.0,0.0,0.0,0.0,1.089346058666706,0.17240073307265205,-2.9316147838532927,1.8,0.0,-0.0,-0.009652658043573898,-0.00017252725779837044,0.0,0.15,-0.0,0.0,0.0,-0.0,0.0,0.0,0.0,0.0,0.35,0.0,0.0,0.0,0.0,0.0,0.0,0.0,0.0,0.25,-0.0,0.090911865234375,0.0,0.08934605866670609,-0.0,0.02272796630859375,0.02272796630859375,-0.05,0.038385216146707535,0.025590144097805023,-3.0,0.0,-0.0,-0.0,-0.0,0.8,1.0,-0.0,0.0,-0.0,-0.0,0.0,0.0,0.0,0.03222591837402433,-0.0,-0.0,-0.0,0.0,0.0,0.0,0.0,0.0,0.0,0.0,0.025590144097805023,2.320266122929752,32.4,1.0,0.0,0.0,1.0,2.0,4.0,0.0,1.0,0.0,1.0,0.0,0.0,0.0,0.0,0.0,0.0,0.0,0.0,0.0,0.0,0.0,0.0,0.0,0.0,0.0,0.0,0.0,0.0,0.0,0.0,0.0,0.0,0.0,0.0,0.0,0.0,0.0,0.0,0.0,0.0,0.0,0.0,0.0,28.0,28.0,28.0,0.0,0.0,0.0,0.0,0.0,1.0,0.0,1.0,0.0,0.0,0.0,0.36,42.887200019322336,0.8604000322520733,0.000800006091594696,31.360399909317493,16.447999980300665,4.0,6.5861999755725265,3.3397000515833497,0.7009999826550484,0.000500003807246685
1,10,10,0.151671838698463,0,0,2.0,4.0,0.6358773708343506,1.0,0.6839539408683777,0.5856015682220459,0.5650001168251038,0.5915296673774719,0.7460982799530029,1.0,1.0,0.650188148021698,0.6414560675621033,0.6971909403800964,0.5650001168251038,0.6358773708343506,0.5650001168251038,0.7460982799530029,0.6414560675621033,0.0,0.9252201318740845,0.5102059841156006,1.0,0.48288846015930176,0.033146657049655914,0.27936428785324097,0.0,-0.0008649100200273097,0.006303610745817423,-0.9999801516532898,0.0,0.0,0.0,0.0,0.0,0.0,126.81502532958984,14.125821113586426,15.898392677307129,14.125821113586426,16.030807495117188,18.64733123779297,0.0,1.0,0.565032844543457,0.6359357070922852,0.0,0.0,0.0,0.0,0.0,1.1027375385165215,0.1747954774773882,-2.9258611772954466,1.8,0.0,-0.0,-0.009657168019681662,-0.00017288130461315984,0.002594032287597656,0.15,-0.0051250457763671875,0.0,0.0,-0.0,0.0,0.0,0.0,0.0,0.35,0.0,0.0,0.0,0.0,0.0,0.0,0.0,0.0,0.25,-0.0,0.105987548828125,0.0,0.10273753851652145,-0.0,0.02649688720703125,0.02649688720703125,-0.05,0.044138822704553604,0.029425881803035736,-3.0,0.0,-0.0,-0.0,-0.0,0.8,1.0,-0.0,0.0,-0.0,-0.0,0.0,0.0,0.0,0.03715654029045254,-0.0,-0.0,-0.0,0.0,0.0,0.0,0.0,0.0,0.0,0.0,0.029425881803035736,2.675270900912583,32.4,1.0,0.0,0.0,1.0,2.0,4.0,0.0,1.0,0.0,1.0,0.0,0.0,0.0,0.0,0.0,0.0,0.0,0.0,0.0,0.0,0.0,0.0,0.0,0.0,0.0,0.0,0.0,0.0,0.0,0.0,0.0,0.0,0.0,0.0,0.0,0.0,0.0,0.0,0.0,0.0,0.0,0.0,0.0,28.0,28.0,28.0,0.0,0.0,0.0,0.0,0.0,1.0,0.0,1.0,0.0,0.0,0.0,0.4,84.15100001730025,0.5922999698668718,0.000900006853044033,75.785499997437,37.58649993687868,4.0,4.282200010493398,2.6527000591158867,0.7923999801278114,0.000400003045797348
1,11,11,0.17425367237072553,0,0,2.0,4.0,0.6359357237815857,1.0,0.6837092638015747,0.585620105266571,0.5650328397750854,0.5915815234184265,0.7458932399749756,1.0,1.0,0.6499503254890442,0.6412323117256165,0.6969770789146423,0.5650328397750854,0.6359357237815857,0.5650328397750854,0.7458932399749756,0.6412323117256165,0.0,0.9254736304283142,0.51020348072052,1.0,0.4827851951122284,0.03821815550327301,0.3081638813018799,0.0,-0.0005426218849606812,0.006342187523841858,-0.9999799132347107,0.0,0.0,0.0,0.0,0.0,0.0,126.84501647949219,14.126808166503906,15.899747848510742,14.126808166503906,16.023845672607422,18.64060401916504,0.0,1.0,0.5650723266601563,0.6359899139404297,0.0,0.0,0.0,0.0,0.0,1.1162466630339622,0.17805863925259696,-2.9200516299158337,1.8,0.0,-0.0,-0.009662863091387426,-0.00017334713521405964,0.0022609329223632815,0.15,-0.0067272186279296875,0.0,0.0,-0.0,0.0,0.0,0.0,0.0,0.35,0.0,0.0,0.0,0.0,0.0,0.0,0.0,0.0,0.25,-0.0,0.119964599609375,0.0,0.11624666303396225,-0.0,0.02999114990234375,0.02999114990234375,-0.05,0.04994837008416653,0.03329891338944435,-3.0,0.0,-0.0,-0.0,-0.0,0.8,1.0,-0.0,0.0,-0.0,-0.0,0.0,0.0,0.0,0.042361135184764864,-0.0,-0.0,-0.0,0.0,0.0,0.0,0.0,0.0,0.0,0.0,0.03329891338944435,3.0500017333030702,32.4,1.0,0.0,0.0,1.0,2.0,4.0,0.0,1.0,0.0,1.0,0.0,0.0,0.0,0.0,0.0,0.0,0.0,0.0,0.0,0.0,0.0,0.0,0.0,0.0,0.0,0.0,0.0,0.0,0.0,0.0,0.0,0.0,0.0,0.0,0.0,0.0,0.0,0.0,0.0,0.0,0.0,0.0,0.0,28.0,28.0,28.0,0.0,0.0,0.0,0.0,0.0,1.0,0.0,1.0,0.0,0.0,0.0,0.44,45.83469999488443,0.6861999863758683,0.000600004568696022,36.796199972741306,31.99540008790791,4.0,4.443100071512163,3.1118999468162656,0.7566999411210418,0.000500003807246685
1,12,12,-1.125798112587033,0,0,2.0,2.0,0.6359899044036865,1.0,0.6834298968315125,0.5856525301933289,0.5650722980499268,0.5916326642036438,0.7456241846084595,1.0,1.0,0.6496635675430298,0.6409538388252258,0.6966865062713623,0.5650722980499268,0.6359899044036865,0.5650722980499268,0.7456241846084595,0.6409538388252258,0.0,0.9257605075836182,0.5102007985115051,1.0,0.48266851902008057,0.04357145354151726,0.32528719305992126,0.0,-0.00028777954867109656,0.006369299255311489,-0.9999797344207764,0.0,0.0,0.0,0.0,0.0,0.0,126.87699890136719,14.126808166503906,15.899747848510742,14.126808166503906,16.023845672607422,18.64060401916504,0.0,1.0,0.5650723266601563,0.6359899139404297,0.0,0.0,0.0,0.0,0.0,1.1249478459358215,0.18507406131833928,-2.9683200126886367,0.5324999928474426,0.0,-0.0,-0.009662863091387426,-0.00017334713521405964,0.0,0.15,-0.0,0.0,0.0,-0.0,0.0,0.0,0.0,0.0,0.35,0.0,0.0,0.0,0.0,0.0,0.0,0.0,0.0,0.25,-0.0,0.1279296875,0.0,0.12494784593582153,-0.0,0.031982421875,0.031982421875,-0.05,0.05367998778820038,0.03578665852546692,-3.0,0.0,-0.0,-0.0,-0.0,0.27999999523162844,0.3499999940395355,-0.0,0.0,-0.0,-0.0,0.0,0.0,0.0,0.044910271544940775,-0.09749999642372131,-0.0,-0.0,0.0,0.0,0.0,0.0,0.0,0.0,0.0,0.03578665852546692,3.2335395512357357,23.26086922832157,0.4206521686004555,0.0,0.0,0.3499999940395355,2.0,2.0,0.0,0.3499999940395355,0.0,0.3499999940395355,0.0,0.0,0.0,0.0,0.0,0.0,0.0,0.0,0.0,0.0,0.0,0.0,0.0,0.0,0.0,0.0,0.0,0.0,0.0,0.0,0.0,0.0,0.0,0.0,0.0,0.0,0.0,0.0,0.0,0.0,0.0,0.0,0.0,28.0,28.0,28.0,0.0,0.0,0.0,0.0,0.0,1.0,0.0,1.0,0.0,0.0,0.0,0.48,22.777799982577562,0.6664999527856708,0.000600004568696022,12.565199984237552,8.857799926772714,4.0,5.757100065238774,2.993699978105724,0.7630999898537993,0.000300002284348011
1,13,13,-0.4128359274605813,0,0,2.0,3.0,0.6359899044036865,1.0,0.6834298968315125,0.5856525301933289,0.5650722980499268,0.5916326642036438,0.7456241846084595,1.0,1.0,0.6496635675430298,0.6409538388252258,0.6966865062713623,0.5650722980499268,0.6359899044036865,0.5650722980499268,0.7456241846084595,0.6409538388252258,0.0,0.9260661005973816,0.5101984739303589,1.0,0.4825446605682373,0.04619342088699341,0.15932102501392365,0.0,-0.00028777954867109656,0.006396900396794081,-0.999979555606842,0.0,0.0,0.0,0.0,0.0,0.0,126.91064453125,14.127969741821289,15.901180267333984,14.127969741821289,16.01616096496582,18.63250732421875,0.0,1.0,0.5651187896728516,0.6360472106933593,0.0,0.0,0.0,0.0,0.0,1.1331862211227417,0.18324375144740904,-2.9367658794671296,1.2074999794363976,0.0,-0.0,-0.009669019824390569,-0.000173909460867851,0.0023861312866210937,0.15,-0.008096694946289062,0.0,0.0,-0.0,0.0,0.0,0.0,0.0,0.35,0.0,0.0,0.0,0.0,0.0,0.0,0.0,0.0,0.25,-0.0,0.13458251953125,0.0,0.1331862211227417,-0.0,0.0336456298828125,0.0336456298828125,-0.05,0.05723412148654461,0.03815608099102974,-3.0,0.0,-0.0,-0.0,-0.0,0.5599999904632569,0.699999988079071,-0.0,0.0,-0.0,-0.0,0.0,0.0,0.0,0.04879724439233542,-0.052499999105930326,-0.0,-0.0,0.0,0.0,0.0,0.0,0.0,0.0,0.0,0.03815608099102974,3.51340159624815,32.4,0.7326086850269979,0.0,0.0,0.699999988079071,2.0,3.0,0.0,0.699999988079071,0.0,0.699999988079071,0.0,0.0,0.0,0.0,0.0,0.0,0.0,0.0,0.0,0.0,0.0,0.0,0.0,0.0,0.0,0.0,0.0,0.0,0.0,0.0,0.0,0.0,0.0,0.0,0.0,0.0,0.0,0.0,0.0,0.0,0.0,0.0,0.0,28.0,28.0,28.0,0.0,0.0,0.0,0.0,0.0,1.0,0.0,1.0,0.0,0.0,0.0,0.52,64.62389999069273,0.7164999842643738,0.000600004568696022,53.760799928568304,23.49080005660653,4.0,5.68179995752871,3.533500013872981,0.8839999791234732,0.000500003807246685
1,14,14,0.18661716547863882,0,0,2.0,4.0,0.6360471844673157,1.0,0.6830999851226807,0.5856949090957642,0.5651187896728516,0.5916879177093506,0.74530029296875,1.0,1.0,0.6493474841117859,0.6406464576721191,0.6963649988174438,0.5651187896728516,0.6360471844673157,0.5651187896728516,0.74530029296875,0.6406464576721191,0.0,0.9263874292373657,0.510196328163147,1.0,0.48241469264030457,0.050191450864076614,0.24293580651283264,0.0,-9.009920904645696e-05,0.006405492778867483,-0.9999794960021973,0.0,0.0,0.0,0.0,0.0,0.0,126.94692993164062,14.127969741821289,15.901180267333984,14.127969741821289,16.01616096496582,18.63250732421875,0.0,1.0,0.5651187896728516,0.6360472106933593,0.0,0.0,0.0,0.0,0.0,1.1452798694372177,0.19390670930104667,-2.9075694114714863,1.7549999982118607,0.0,-0.0,-0.009669019824390569,-0.000173909460867851,0.0,0.15,-0.0,0.0,0.0,-0.0,0.0,0.0,0.0,0.0,0.35,0.0,0.0,0.0,0.0,0.0,0.0,0.0,0.0,0.25,-0.0,0.1451416015625,0.0,0.1452798694372177,-0.0,0.036285400390625,0.036285400390625,-0.05,0.06243058852851391,0.041620392352342606,-3.0,0.0,-0.0,-0.0,-0.0,0.8,1.0,-0.0,0.0,-0.0,-0.0,0.0,0.0,0.0,0.05374963858630508,-0.04500000178813934,-0.0,-0.0,0.0,0.0,0.0,0.0,0.0,0.0,0.0,0.041620392352342606,3.869973978213966,32.4,1.0,0.0,0.0,1.0,2.0,4.0,0.0,1.0,0.0,1.0,0.0,0.0,0.0,0.0,0.0,0.0,0.0,0.0,0.0,0.0,0.0,0.0,0.0,0.0,0.0,0.0,0.0,0.0,0.0,0.0,0.0,0.0,0.0,0.0,0.0,0.0,0.0,0.0,0.0,0.0,0.0,0.0,0.0,28.0,28.0,28.0,0.0,0.0,0.0,0.0,0.0,1.0,0.0,1.0,0.0,0.0,0.0,0.56,32.16740000061691,0.5849999142810702,0.000600004568696022,22.866800078190863,17.609499976970255,4.0,5.0475000170990825,2.910599927417934,0.7275000680238008,0.000400003045797348
1,15,15,0.24864060813344935,0,0,2.0,4.0,0.6360471844673157,1.0,0.6830999851226807,0.5856949090957642,0.5651187896728516,0.5916879177093506,0.74530029296875,1.0,1.0,0.6493474841117859,0.6406464576721191,0.6963649988174438,0.5651187896728516,0.6360471844673157,0.5651187896728516,0.74530029296875,0.6406464576721191,0.0,0.9267336130142212,0.5101944208145142,1.0,0.48227497935295105,0.055285342037677765,0.30952462553977966,0.0,-9.009920904645696e-05,0.006406581029295921,-0.9999794960021973,0.0,0.0,0.0,0.0,0.0,0.0,126.98624420166016,14.129297256469727,15.902536392211914,14.129297256469727,16.00748062133789,18.62346076965332,0.0,1.0,0.5651718902587891,0.6361014556884765,0.0,0.0,0.0,0.0,0.0,1.1586204171180725,0.19186719337262154,-2.9018470023572447,1.8,0.0,-0.0,-0.009675969437051218,-0.0001745399134354851,0.002189826965332032,0.15,-0.009046554565429688,0.0,0.0,-0.0,0.0,0.0,0.0,0.0,0.35,0.0,0.0,0.0,0.0,0.0,0.0,0.0,0.0,0.25,-0.0,0.157257080078125,0.0,0.1586204171180725,-0.0,0.03931427001953125,0.03931427001953125,-0.05,0.06815299764275551,0.045435331761837006,-3.0,0.0,-0.0,-0.0,-0.0,0.8,1.0,-0.0,0.0,-0.0,-0.0,0.0,0.0,0.0,0.05857443032320589,-0.0,-0.0,-0.0,0.0,0.0,0.0,0.0,0.0,0.0,0.0,0.045435331761837006,4.217358983270824,32.4,1.0,0.0,0.0,1.0,2.0,4.0,0.0,1.0,0.0,1.0,0.0,0.0,0.0,0.0,0.0,0.0,0.0,0.0,0.0,0.0,0.0,0.0,0.0,0.0,0.0,0.0,0.0,0.0,0.0,0.0,0.0,0.0,0.0,0.0,0.0,0.0,0.0,0.0,0.0,0.0,0.0,0.0,0.0,28.0,28.0,28.0,0.0,0.0,0.0,0.0,0.0,1.0,0.0,1.0,0.0,0.0,0.0,0.6,69.27630002610385,0.5653999978676438,0.000600004568696022,55.89660000987351,23.7296000123024,4.0,7.262400002218783,4.233199986629188,1.2768999440595508,0.000500003807246685
1,16,16,0.2789459496947744,0,0,2.0,4.0,0.636101484298706,1.0,0.6827558279037476,0.5857496857643127,0.5651718974113464,0.5917438864707947,0.7449384331703186,1.0,1.0,0.648993968963623,0.6402992010116577,0.6959916949272156,0.5651718974113464,0.636101484298706,0.5651718974113464,0.7449384331703186,0.6402992010116577,0.0,0.9271087050437927,0.5101923942565918,1.0,0.4821237623691559,0.060247983783483505,0.30154949426651,0.0,-4.72479814561666e-06,0.006406598258763552,-0.9999794960021973,0.0,0.0,0.0,0.0,0.0,0.0,127.0287094116211,14.129297256469727,15.902536392211914,14.129297256469727,16.00748062133789,18.62346076965332,0.0,1.0,0.5651718902587891,0.6361014556884765,0.0,0.0,0.0,0.0,0.0,1.1717777401208878,0.2033722800227621,-2.8962040704488756,1.8,0.0,-0.0,-0.009675969437051218,-0.0001745399134354851,0.0,0.15,-0.0,0.0,0.0,-0.0,0.0,0.0,0.0,0.0,0.35,0.0,0.0,0.0,0.0,0.0,0.0,0.0,0.0,0.25,-0.0,0.16986083984375,0.0,0.17177774012088776,-0.0,0.0424652099609375,0.0424652099609375,-0.05,0.07379592955112457,0.04919728636741638,-3.0,0.0,-0.0,-0.0,-0.0,0.8,1.0,-0.0,0.0,-0.0,-0.0,0.0,0.0,0.0,0.06322278937324881,-0.0,-0.0,-0.0,0.0,0.0,0.0,0.0,0.0,0.0,0.0,0.04919728636741638,4.552040834873915,32.4,1.0,0.0,0.0,1.0,2.0,4.0,0.0,1.0,0.0,1.0,0.0,0.0,0.0,0.0,0.0,0.0,0.0,0.0,0.0,0.0,0.0,0.0,0.0,0.0,0.0,0.0,0.0,0.0,0.0,0.0,0.0,0.0,0.0,0.0,0.0,0.0,0.0,0.0,0.0,0.0,0.0,0.0,0.0,28.0,28.0,28.0,0.0,0.0,0.0,0.0,0.0,1.0,0.0,1.0,0.0,0.0,0.0,0.64,75.24490007199347,0.7301000878214836,0.000600004568696022,64.7388999350369,40.28020007535815,4.0,5.451799952425063,3.277700045146048,1.0102000087499619,0.000400003045797348
1,17,17,0.29388803602176217,0,0,2.0,4.0,0.636101484298706,1.0,0.6827558279037476,0.5857496857643127,0.5651718974113464,0.5917438864707947,0.7449384331703186,1.0,1.0,0.648993968963623,0.6402992010116577,0.6959916949272156,0.5651718974113464,0.636101484298706,0.5651718974113464,0.7449384331703186,0.6402992010116577,0.0,0.927513837814331,0.5101901888847351,1.0,0.4819605350494385,0.06502915173768997,0.29052242636680603,0.0,-4.72479814561666e-06,0.006404137704521418,-0.9999794960021973,0.0,0.0,0.0,0.0,0.0,0.0,127.07442474365234,14.130805969238281,15.904075622558594,14.130805969238281,15.99759578704834,18.61284828186035,0.0,1.0,0.5652322387695312,0.6361630249023438,0.0,0.0,0.0,0.0,0.0,1.1848043650388718,0.19970328726785708,-2.8906196162849667,1.8,0.0,-0.0,-0.00968392558050181,-0.00017528240934655144,0.0024625015258789066,0.15,-0.01061248779296875,0.0,0.0,-0.0,0.0,0.0,0.0,0.0,0.35,0.0,0.0,0.0,0.0,0.0,0.0,0.0,0.0,0.25,-0.0,0.182861328125,0.0,0.18480436503887177,-0.0,0.04571533203125,0.04571533203125,-0.05,0.07938038371503353,0.052920255810022354,-3.0,0.0,-0.0,-0.0,-0.0,0.8,1.0,-0.0,0.0,-0.0,-0.0,0.0,0.0,0.0,0.0677124815247953,-0.0,-0.0,-0.0,0.0,0.0,0.0,0.0,0.0,0.0,0.0,0.052920255810022354,4.875298669785262,32.4,1.0,0.0,0.0,1.0,2.0,4.0,0.0,1.0,0.0,1.0,0.0,0.0,0.0,0.0,0.0,0.0,0.0,0.0,0.0,0.0,0.0,0.0,0.0,0.0,0.0,0.0,0.0,0.0,0.0,0.0,0.0,0.0,0.0,0.0,0.0,0.0,0.0,0.0,0.0,0.0,0.0,0.0,0.0,28.0,28.0,28.0,0.0,0.0,0.0,0.0,0.0,1.0,0.0,1.0,0.0,0.0,0.0,0.68,55.67020003218204,0.6573999999091029,0.000600004568696022,46.15509998984635,35.10169999208301,4.0,4.213500069454312,3.93799995072186,0.6761000258848071,0.000400003045797348
1,18,18,2.599817825818925,0,0,2.0,4.0,0.6361629962921143,1.0,0.6823630332946777,0.585813045501709,0.5652322173118591,0.5918059349060059,0.7445139288902283,1.0,1.0,0.6485954523086548,0.6399038434028625,0.6955558061599731,0.5652322173118591,0.6361629962921143,0.5652322173118591,0.7445139288902283,0.6399038434028625,0.0,0.9279499650001526,0.5101876258850098,1.0,0.48178473114967346,0.06964712589979172,0.2806057631969452,0.0,4.656967576011084e-05,0.006399988662451506,-0.9999794960021973,0.0,0.0,0.0,0.0,0.0,0.0,127.12348937988281,14.13252067565918,17.047780990600586,14.13252067565918,15.986032485961914,18.601024627685547,0.0,1.0,0.5653008270263672,0.6819112396240234,0.0,0.0,0.0,0.0,0.0,1.1977608501911163,2.487124056036144,-2.885067080408335,1.8,0.0,-0.0,-0.009693386692130943,-0.00017611336421869016,2.2866854858398438,0.15,-0.011823654174804688,0.0,0.0,-0.0,0.0,0.0,0.0,0.0,0.35,0.0,0.0,0.0,0.0,0.0,0.0,0.0,0.0,0.25,-0.0,0.196258544921875,0.0,0.19776085019111633,-0.0,0.04906463623046875,0.04906463623046875,-0.05,0.08493291959166527,0.05662194639444351,-3.0,0.0,-0.0,-0.0,-0.0,0.8,1.0,-0.0,0.0,-0.0,-0.0,0.0,0.0,0.0,0.07213172442745418,-0.0,-0.0,-0.0,0.0,0.0,0.0,0.0,0.0,0.0,0.0,0.05662194639444351,5.1934841587767,32.4,1.0,0.0,0.0,1.0,2.0,4.0,0.0,1.0,0.0,1.0,0.0,0.0,0.0,0.0,0.0,0.0,0.0,0.0,0.0,0.0,0.0,0.0,0.0,0.0,0.0,0.0,0.0,0.0,0.0,0.0,0.0,0.0,0.0,0.0,0.0,0.0,0.0,0.0,0.0,0.0,0.0,0.0,0.0,28.0,28.0,28.0,0.0,0.0,0.0,0.0,0.0,1.0,0.0,1.0,0.0,0.0,0.0,0.72,46.736599993892014,0.6218999624252319,0.000400003045797348,38.603900000452995,21.137199946679175,4.0,4.027499933727086,2.5733000366017222,0.8695999858900905,0.000600004568696022
1,19,19,0.3478883820842271,0,0,2.0,4.0,1.0,1.0,0.6819112300872803,0.5858851671218872,0.5653008222579956,0.5918766856193542,0.7440409660339355,1.0,1.0,0.6481269001960754,0.6394413113594055,0.6950520873069763,0.5653008222579956,0.6819112300872803,0.5653008222579956,0.7440409660339355,0.6394413113594055,0.0,0.9284181594848633,0.5101847052574158,1.0,0.4815959930419922,0.07419262826442719,0.2762026786804199,0.0,6.522899639094248e-05,0.0063947769813239574,-0.999979555606842,0.0,0.0,0.0,0.0,0.0,0.0,127.17595672607422,14.13252067565918,17.047780990600586,14.13252067565918,15.986032485961914,18.601024627685547,0.0,1.0,0.5653008270263672,0.6819112396240234,0.0,0.0,0.0,0.0,0.0,1.2107123583555222,0.21669427306160988,-2.879518249332905,1.8,0.0,-0.0,-0.009693386692130943,-0.00017611336421869016,0.0,0.15,-0.0,0.0,0.0,-0.0,0.0,0.0,0.0,0.0,0.35,0.0,0.0,0.0,0.0,0.0,0.0,0.0,0.0,0.25,-0.0,0.209869384765625,0.0,0.21071235835552216,-0.0,0.05246734619140625,0.05246734619140625,-0.05,0.09048175066709518,0.06032116711139679,-3.0,0.0,-0.0,-0.0,-0.0,0.8,1.0,-0.0,0.0,-0.0,-0.0,0.0,0.0,0.0,0.0765637731179595,-0.0,-0.0,-0.0,0.0,0.0,0.0,0.0,0.0,0.0,0.0,0.06032116711139679,5.512591664493084,32.4,1.0,0.0,0.0,1.0,2.0,4.0,0.0,1.0,0.0,1.0,0.0,0.0,0.0,0.0,0.0,0.0,0.0,0.0,0.0,0.0,0.0,0.0,0.0,0.0,0.0,0.0,0.0,0.0,0.0,0.0,0.0,0.0,0.0,0.0,0.0,0.0,0.0,0.0,0.0,0.0,0.0,0.0,0.0,28.0,28.0,28.0,0.0,0.0,0.0,0.0,0.0,1.0,0.0,1.0,0.0,0.0,0.0,0.76,25.860399939119816,0.6671999581158161,0.000600004568696022,16.43570000305772,9.67469997704029,4.0,5.140700028277934,2.784400014206767,0.7859000470489264,0.0004998873919248581
1,20,20,-0.2608834053496383,0,0,2.0,3.0,1.0,1.0,0.6819112300872803,0.5858851671218872,0.5653008222579956,0.5918766856193542,0.7440409660339355,1.0,1.0,0.6481269001960754,0.6394413113594055,0.6950520873069763,0.5653008222579956,0.6819112300872803,0.5653008222579956,0.7440409660339355,0.6394413113594055,0.0,0.9289188385009766,0.5101814270019531,1.0,0.4813942313194275,0.07875131070613861,0.27700304985046387,0.0,6.522899639094248e-05,0.006388907320797443,-0.9999796152114868,0.0,0.0,0.0,0.0,0.0,0.0,127.23129272460938,14.134427070617676,17.034557342529297,14.134427070617676,15.973250389099121,18.58745002746582,0.0,1.0,0.565377082824707,0.6813822937011719,0.0,0.0,0.0,0.0,0.0,1.2214695662260056,0.20156438589892167,-2.898917334228754,1.2149999767541886,0.0,-0.0,-0.009703883141770625,-0.0001770722325186338,-0.004790306091308594,0.15,-0.013574600219726562,0.0,0.0,-0.0,0.0,0.0,0.0,0.0,0.35,0.0,0.0,0.0,0.0,0.0,0.0,0.0,0.0,0.25,-0.0,0.221343994140625,0.0,0.22146956622600555,-0.0,0.05533599853515625,0.05533599853515625,-0.05,0.09508266672492027,0.06338844448328018,-3.0,0.0,-0.0,-0.0,-0.0,0.5599999904632569,0.699999988079071,-0.0,0.0,-0.0,-0.0,0.0,0.0,0.0,0.0798102475842461,-0.04500000178813934,-0.0,-0.0,0.0,0.0,0.0,0.0,0.0,0.0,0.0,0.06338844448328018,5.746337826065719,32.4,0.7326086850269979,0.0,0.0,0.699999988079071,2.0,3.0,0.0,0.699999988079071,0.0,0.699999988079071,0.0,0.0,0.0,0.0,0.0,0.0,0.0,0.0,0.0,0.0,0.0,0.0,0.0,0.0,0.0,0.0,0.0,0.0,0.0,0.0,0.0,0.0,0.0,0.0,0.0,0.0,0.0,0.0,0.0,0.0,0.0,0.0,0.0,28.0,28.0,28.0,0.0,0.0,0.0,0.0,0.0,1.0,0.0,1.0,0.0,0.0,0.0,0.8,53.53159992955625,0.767699908465147,0.000600004568696022,44.982300023548305,18.453099997714162,4.0,4.929200047627091,2.1028999472036958,0.7069000275805593,0.000400003045797348
1,21,21,0.3427487653014696,0,0,2.0,4.0,1.0,1.0,0.6813822984695435,0.5859658718109131,0.5653770565986633,0.5919545292854309,0.7434980273246765,1.0,1.0,0.6476094126701355,0.6389300227165222,0.6944943070411682,0.5653770565986633,0.6813822984695435,0.5653770565986633,0.7434980273246765,0.6389300227165222,0.0,0.9294469356536865,0.5101777911186218,1.0,0.48118141293525696,0.08209054172039032,0.20290465652942657,0.0,2.8587295673787594e-05,0.006386492867022753,-0.9999796152114868,0.0,0.0,0.0,0.0,0.0,0.0,127.2896957397461,14.134427070617676,17.034557342529297,14.134427070617676,15.973250389099121,18.58745002746582,0.0,1.0,0.565377082824707,0.6813822937011719,0.0,0.0,0.0,0.0,0.0,1.233144760131836,0.2245176793155708,-2.869913672357798,1.7549999982118607,0.0,-0.0,-0.009703883141770625,-0.0001770722325186338,0.0,0.15,-0.0,0.0,0.0,-0.0,0.0,0.0,0.0,0.0,0.35,0.0,0.0,0.0,0.0,0.0,0.0,0.0,0.0,0.25,-0.0,0.233612060546875,0.0,0.23314476013183594,-0.0,0.05840301513671875,0.05840301513671875,-0.05,0.10008632764220238,0.06672421842813492,-3.0,0.0,-0.0,-0.0,-0.0,0.8,1.0,-0.0,0.0,-0.0,-0.0,0.0,0.0,0.0,0.08439863468986004,-0.04500000178813934,-0.0,-0.0,0.0,0.0,0.0,0.0,0.0,0.0,0.0,0.06672421842813492,6.0767016976699235,32.4,1.0,0.0,0.0,1.0,2.0,4.0,0.0,1.0,0.0,1.0,0.0,0.0,0.0,0.0,0.0,0.0,0.0,0.0,0.0,0.0,0.0,0.0,0.0,0.0,0.0,0.0,0.0,0.0,0.0,0.0,0.0,0.0,0.0,0.0,0.0,0.0,0.0,0.0,0.0,0.0,0.0,0.0,0.0,28.0,28.0,28.0,0.0,0.0,0.0,0.0,0.0,1.0,0.0,1.0,0.0,0.0,0.0,0.84,25.463599944487214,0.5546000320464373,0.000500003807246685,16.351599944755435,12.495399918407202,4.0,4.687099950388074,3.2351999543607235,0.591800082474947,0.0002998858690261841
1,22,22,0.3908203150451186,0,0,2.0,4.0,1.0,1.0,0.6813822984695435,0.5859658718109131,0.5653770565986633,0.5919545292854309,0.7434980273246765,1.0,1.0,0.6476094126701355,0.6389300227165222,0.6944943070411682,0.5653770565986633,0.6813822984695435,0.5653770565986633,0.7434980273246765,0.6389300227165222,0.0,0.9300041794776917,0.5101739168167114,1.0,0.4809570014476776,0.08681002259254456,0.2867741882801056,0.0,2.8587295673787594e-05,0.006378245539963245,-0.9999796748161316,0.0,0.0,0.0,0.0,0.0,0.0,127.35148620605469,14.136527061462402,17.02033042907715,14.136527061462402,15.958999633789062,18.57224464416504,0.0,1.0,0.5654610824584961,0.680813217163086,0.0,0.0,0.0,0.0,0.0,1.2463191449642181,0.20877791197300005,-2.8642767418920996,1.8,0.0,-0.0,-0.00971571496917468,-0.00017815249481590163,-0.005210494995117187,0.15,-0.01520538330078125,0.0,0.0,-0.0,0.0,0.0,0.0,0.0,0.35,0.0,0.0,0.0,0.0,0.0,0.0,0.0,0.0,0.25,-0.0,0.247161865234375,0.0,0.24631914496421814,-0.0,0.06179046630859375,0.06179046630859375,-0.05,0.10572325810790062,0.07048217207193375,-3.0,0.0,-0.0,-0.0,-0.0,0.8,1.0,-0.0,0.0,-0.0,-0.0,0.0,0.0,0.0,0.08908765773288907,-0.0,-0.0,-0.0,0.0,0.0,0.0,0.0,0.0,0.0,0.0,0.07048217207193375,6.414311356768012,32.4,1.0,0.0,0.0,1.0,2.0,4.0,0.0,1.0,0.0,1.0,0.0,0.0,0.0,0.0,0.0,0.0,0.0,0.0,0.0,0.0,0.0,0.0,0.0,0.0,0.0,0.0,0.0,0.0,0.0,0.0,0.0,0.0,0.0,0.0,0.0,0.0,0.0,0.0,0.0,0.0,0.0,0.0,0.0,28.0,28.0,28.0,0.0,0.0,0.0,0.0,0.0,1.0,0.0,1.0,0.0,0.0,0.0,0.88,47.3970000166446,0.6928999209776521,0.000700005330145359,38.7350000673905,17.1200999757275,4.0,4.604899906553328,2.543400041759014,0.7841000333428383,0.000500003807246685
1,23,23,0.4348505213230851,0,0,2.0,4.0,1.0,1.0,0.680813193321228,0.5860548615455627,0.5654610991477966,0.5920402407646179,0.7428897619247437,1.0,1.0,0.6470322608947754,0.6383599638938904,0.6938732266426086,0.5654610991477966,0.680813193321228,0.5654610991477966,0.7428897619247437,0.6383599638938904,0.0,0.9305936098098755,0.5101698637008667,1.0,0.48071983456611633,0.09163302183151245,0.2930639386177063,0.0,8.333451114594936e-05,0.006371614523231983,-0.9999796748161316,0.0,0.0,0.0,0.0,0.0,0.0,127.41657257080078,14.136527061462402,17.02033042907715,14.136527061462402,15.958999633789062,18.57224464416504,0.0,1.0,0.5654610824584961,0.680813217163086,0.0,0.0,0.0,0.0,0.0,1.2595054805278778,0.23398081773221538,-2.858635776937008,1.8,0.0,-0.0,-0.00971571496917468,-0.00017815249481590163,0.0,0.15,-0.0,0.0,0.0,-0.0,0.0,0.0,0.0,0.0,0.35,0.0,0.0,0.0,0.0,0.0,0.0,0.0,0.0,0.25,-0.0,0.260345458984375,0.0,0.2595054805278778,-0.0,0.06508636474609375,0.06508636474609375,-0.05,0.1113642230629921,0.07424281537532806,-3.0,0.0,-0.0,-0.0,-0.0,0.8,1.0,-0.0,0.0,-0.0,-0.0,0.0,0.0,0.0,0.09387468519620597,-0.0,-0.0,-0.0,0.0,0.0,0.0,0.0,0.0,0.0,0.0,0.07424281537532806,6.75897733412683,32.4,1.0,0.0,0.0,1.0,2.0,4.0,0.0,1.0,0.0,1.0,0.0,0.0,0.0,0.0,0.0,0.0,0.0,0.0,0.0,0.0,0.0,0.0,0.0,0.0,0.0,0.0,0.0,0.0,0.0,0.0,0.0,0.0,0.0,0.0,0.0,0.0,0.0,0.0,0.0,0.0,0.0,0.0,0.0,28.0,28.0,28.0,0.0,0.0,0.0,0.0,0.0,1.0,0.0,1.0,0.0,0.0,0.0,0.92,21.86000009533018,0.4224000731483102,0.000600004568696022,14.207399915903807,11.56059990171343,4.0,3.9082999574020505,2.5652999756857753,0.7293000817298889,0.000500003807246685
1,24,24,0.4367793959989268,0,0,2.0,4.0,1.0,1.0,0.680813193321228,0.5860548615455627,0.5654610991477966,0.5920402407646179,0.7428897619247437,1.0,1.0,0.6470322608947754,0.6383599638938904,0.6938732266426086,0.5654610991477966,0.680813193321228,0.5654610991477966,0.7428897619247437,0.6383599638938904,0.0,0.931214451789856,0.5101655721664429,1.0,0.4804702699184418,0.09655681997537613,0.2991892099380493,0.0,8.333451114594936e-05,0.006365112494677305,-0.9999797344207764,0.0,0.0,0.0,0.0,0.0,0.0,127.48492431640625,14.138821601867676,17.005523681640625,14.138821601867676,15.943562507629395,18.55600357055664,0.0,1.0,0.5655528640747071,0.680220947265625,0.0,0.0,0.0,0.0,0.0,1.2726931273937225,0.21708339399239615,-2.852997125387192,1.8,0.0,-0.0,-0.009728581187181872,-0.00017931361742054347,-0.0054333114624023435,0.15,-0.016241073608398438,0.0,0.0,-0.0,0.0,0.0,0.0,0.0,0.35,0.0,0.0,0.0,0.0,0.0,0.0,0.0,0.0,0.25,-0.0,0.273406982421875,0.0,0.27269312739372253,-0.0,0.06835174560546875,0.06835174560546875,-0.05,0.11700287461280823,0.07800191640853882,-3.0,0.0,-0.0,-0.0,-0.0,0.8,1.0,-0.0,0.0,-0.0,-0.0,0.0,0.0,0.0,0.09866567386779934,-0.0,-0.0,-0.0,0.0,0.0,0.0,0.0,0.0,0.0,0.0,0.07800191640853882,7.103928518481553,32.4,1.0,0.0,0.0,1.0,2.0,4.0,0.0,1.0,0.0,1.0,0.0,0.0,0.0,0.0,0.0,0.0,0.0,0.0,0.0,0.0,0.0,0.0,0.0,0.0,0.0,0.0,0.0,0.0,0.0,0.0,0.0,0.0,0.0,0.0,0.0,0.0,0.0,0.0,0.0,0.0,0.0,0.0,0.0,28.0,28.0,28.0,0.0,0.0,0.0,0.0,0.0,1.0,0.0,1.0,0.0,0.0,0.0,0.96,34.206299926154315,0.6914999103173614,0.000700005330145359,25.402900064364076,16.551699955016375,4.0,3.7246999563649297,2.750699990428984,1.6062000067904592,0.000600004568696022
1,25,25,0.4578290276576569,0,0,2.0,4.0,1.0,1.0,0.6802209615707397,0.5861513614654541,0.5655528903007507,0.5921348333358765,0.7422401309013367,1.0,1.0,0.6464079022407532,0.6377425193786621,0.693198025226593,0.5655528903007507,0.6802209615707397,0.5655528903007507,0.7422401309013367,0.6377425193786621,0.0,0.9318663477897644,0.5101612210273743,1.0,0.48020851612091064,0.10148469358682632,0.2994367778301239,0.0,8.138953126035631e-05,0.006358669139444828,-0.9999797940254211,0.0,0.0,0.0,0.0,0.0,0.0,127.55648803710938,14.141311645507812,16.988834381103516,14.141311645507812,15.926795959472656,18.537948608398438,0.0,1.0,0.5656524658203125,0.6795533752441406,0.0,0.0,0.0,0.0,0.0,1.2858604788780212,0.21933892491951504,-2.8473703761398794,1.8,0.0,-0.0,-0.009742667300621422,-0.00018061330516495669,-0.006110038757324219,0.15,-0.018054962158203125,0.0,0.0,-0.0,0.0,0.0,0.0,0.0,0.35,0.0,0.0,0.0,0.0,0.0,0.0,0.0,0.0,0.25,-0.0,0.2862548828125,0.0,0.28586047887802124,-0.0,0.071563720703125,0.071563720703125,-0.05,0.12262962386012077,0.08175308257341385,-3.0,0.0,-0.0,-0.0,-0.0,0.8,1.0,-0.0,0.0,-0.0,-0.0,0.0,0.0,0.0,0.10342720644082876,-0.0,-0.0,-0.0,0.0,0.0,0.0,0.0,0.0,0.0,0.0,0.08175308257341385,7.44675886373967,32.4,1.0,0.0,0.0,1.0,2.0,4.0,0.0,1.0,0.0,1.0,0.0,0.0,0.0,0.0,0.0,0.0,0.0,0.0,0.0,0.0,0.0,0.0,0.0,0.0,0.0,0.0,0.0,0.0,0.0,0.0,0.0,0.0,0.0,0.0,0.0,0.0,0.0,0.0,0.0,0.0,0.0,0.0,0.0,28.0,28.0,28.0,0.0,0.0,0.0,0.0,0.0,1.0,0.0,1.0,0.0,0.0,0.0,1.0,48.72710001654923,0.6983999628573656,0.00100000761449337,38.27449993696064,22.17830007430166,4.0,5.608999985270202,3.009399981237948,1.0946000693365932,0.000300002284348011
1,26,26,0.5054513085887571,0,0,2.0,4.0,1.0,1.0,0.6795533895492554,0.586256206035614,0.5656524896621704,0.5922371745109558,0.741517961025238,1.0,1.0,0.6457310318946838,0.6370718479156494,0.6924612522125244,0.5656524896621704,0.6795533895492554,0.5656524896621704,0.741517961025238,0.6370718479156494,0.0,0.9325485825538635,0.5101568102836609,1.0,0.4799349308013916,0.10638227313756943,0.2975957989692688,0.0,7.689796620979905e-05,0.00635235570371151,-0.9999797940254211,0.0,0.0,0.0,0.0,0.0,0.0,127.63126373291016,14.141311645507812,16.988834381103516,14.141311645507812,15.926795959472656,18.537948608398438,0.0,1.0,0.5656524658203125,0.6795533752441406,0.0,0.0,0.0,0.0,0.0,1.2989942729473114,0.2482182757065437,-2.841761240065098,1.8,0.0,-0.0,-0.009742667300621422,-0.00018061330516495669,0.0,0.15,-0.0,0.0,0.0,-0.0,0.0,0.0,0.0,0.0,0.35,0.0,0.0,0.0,0.0,0.0,0.0,0.0,0.0,0.25,-0.0,0.299102783203125,0.0,0.2989942729473114,-0.0,0.07477569580078125,0.07477569580078125,-0.05,0.1282387599349022,0.08549250662326813,-3.0,0.0,-0.0,-0.0,-0.0,0.8,1.0,-0.0,0.0,-0.0,-0.0,0.0,0.0,0.0,0.10814155631233008,-0.0,-0.0,-0.0,0.0,0.0,0.0,0.0,0.0,0.0,0.0,0.08549250662326813,7.786192054487765,32.4,1.0,0.0,0.0,1.0,2.0,4.0,0.0,1.0,0.0,1.0,0.0,0.0,0.0,0.0,0.0,0.0,0.0,0.0,0.0,0.0,0.0,0.0,0.0,0.0,0.0,0.0,0.0,0.0,0.0,0.0,0.0,0.0,0.0,0.0,0.0,0.0,0.0,0.0,0.0,0.0,0.0,0.0,0.0,28.0,28.0,28.0,0.0,0.0,0.0,0.0,0.0,1.0,0.0,1.0,0.0,0.0,0.0,1.04,29.72109999973327,0.7476999890059233,0.000500003807246685,19.393500057049096,7.767899893224239,4.0,5.0200000405311584,3.1968000112101436,1.3191000325605273,0.000400003045797348
1,27,27,-0.8790466948515256,0,0,2.0,4.0,1.0,1.0,0.6795533895492554,0.586256206035614,0.5656524896621704,0.5922371745109558,0.741517961025238,1.0,1.0,0.6457310318946838,0.6370718479156494,0.6924612522125244,0.5656524896621704,0.6795533895492554,0.5656524896621704,0.741517961025238,0.6370718479156494,0.0,0.9332612752914429,0.5101521611213684,1.0,0.4796494245529175,0.11123131215572357,0.29464685916900635,0.0,7.689796620979905e-05,0.00634617917239666,-0.9999798536300659,0.0,0.0,0.0,0.0,0.0,0.0,127.70923614501953,14.143956184387207,16.970882415771484,14.143956184387207,15.908628463745117,15.705944061279297,0.0,1.0,0.5657582473754883,0.6788352966308594,0.0,0.0,0.0,0.0,0.0,1.312091737985611,-2.704967542207845,-1.2861708906292915,1.8,0.0,-0.0,-0.009758169420526841,-0.0005606854926341961,-0.12545005798339842,0.15,-2.8320045471191406,0.0,0.0,-0.0,0.0,0.0,0.0,0.0,0.35,0.0,0.0,0.0,0.0,0.0,0.0,0.0,0.0,0.25,-0.0,0.3118896484375,0.0,0.31209173798561096,-0.0,0.077972412109375,0.077972412109375,1.5,0.13382910937070847,0.08921940624713898,-3.0,0.0,-0.0,-0.0,-0.0,0.8,1.0,-0.0,0.0,-0.0,-0.0,0.0,0.0,0.0,0.11280591780785472,-0.0,-0.0,-0.0,0.0,0.0,0.0,0.0,0.0,0.0,0.0,0.08921940624713898,8.12202608216554,32.4,1.0,0.0,0.0,1.0,2.0,4.0,0.0,1.0,0.0,1.0,0.0,0.0,0.0,0.0,0.0,0.0,0.0,0.0,0.0,0.0,0.0,0.0,0.0,0.0,0.0,0.0,0.0,0.0,0.0,0.0,0.0,0.0,0.0,0.0,0.0,0.0,0.0,0.0,0.0,0.0,0.0,0.0,0.0,28.0,28.0,28.0,0.0,0.0,0.0,0.0,0.0,1.0,0.0,1.0,0.0,0.0,0.0,1.08,61.0793000087142,0.7160000968724489,0.000700005330145359,47.96390002593398,19.507199991494417,4.0,7.687199977226555,3.383500035852194,1.289399922825396,0.000300002284348011
1,28,28,-0.061794973757163474,0,0,2.0,3.0,1.0,1.0,0.6788352727890015,0.5863680243492126,0.565758228302002,0.5923454761505127,0.7407516241073608,1.0,0.628237783908844,0.6449933052062988,0.6363451480865479,0.6916744112968445,0.565758228302002,0.6788352727890015,0.565758228302002,0.628237783908844,0.6363451480865479,0.0,0.9340043663978577,0.5101474523544312,1.0,0.47935211658477783,0.11602894216775894,0.2915225923061371,0.0,7.517093035858124e-05,0.006340130232274532,-0.9999799132347107,0.0,0.0,0.0,0.0,0.0,0.0,127.78987121582031,14.143956184387207,16.970882415771484,14.143956184387207,15.908628463745117,15.705944061279297,0.0,1.0,0.5657582473754883,0.6788352966308594,0.0,0.0,0.0,0.0,0.0,1.3229143023490906,0.2558530336655221,-2.8555622865259647,1.2149999767541886,0.0,-0.0,-0.009758169420526841,-0.0005606854926341961,0.0,0.15,-0.0,0.0,0.0,-0.0,0.0,0.0,0.0,0.0,0.35,0.0,0.0,0.0,0.0,0.0,0.0,0.0,0.0,0.25,-0.0,0.322540283203125,0.0,0.3229143023490906,-0.0,0.08063507080078125,0.08063507080078125,-0.05,0.13843771442770958,0.09229180961847305,-3.0,0.0,-0.0,-0.0,-0.0,0.5599999904632569,0.699999988079071,-0.0,0.0,-0.0,-0.0,0.0,0.0,0.0,0.11617188857868316,-0.04500000178813934,-0.0,-0.0,0.0,0.0,0.0,0.0,0.0,0.0,0.0,0.09229180961847305,8.364375977665187,32.4,0.7326086850269979,0.0,0.0,0.699999988079071,2.0,3.0,0.0,0.699999988079071,0.0,0.699999988079071,0.0,0.0,0.0,0.0,0.0,0.0,0.0,0.0,0.0,0.0,0.0,0.0,0.0,0.0,0.0,0.0,0.0,0.0,0.0,0.0,0.0,0.0,0.0,0.0,0.0,0.0,0.0,0.0,0.0,0.0,0.0,0.0,0.0,28.0,28.0,28.0,0.0,0.0,0.0,0.0,0.0,1.0,0.0,1.0,0.0,0.0,0.0,1.12,34.56310008186847,0.6131000118330121,0.001100008375942707,24.18559999205172,13.38040002156049,4.0,5.871200002729893,2.7578999288380146,1.0948000708594918,0.000500003807246685
1,29,29,0.5187331664929389,0,0,2.0,4.0,1.0,1.0,0.6788352727890015,0.5863680243492126,0.565758228302002,0.5923454761505127,0.7407516241073608,1.0,0.628237783908844,0.6449933052062988,0.6363451480865479,0.6916744112968445,0.565758228302002,0.6788352727890015,0.565758228302002,0.628237783908844,0.6363451480865479,0.0,0.9347726106643677,0.5101425647735596,1.0,0.4790450632572174,0.1194910854101181,0.2103731781244278,0.0,7.517093035858124e-05,0.0063372706063091755,-0.9999799132347107,0.0,0.0,0.0,0.0,0.0,0.0,127.87342071533203,14.146793365478516,16.95157814025879,14.146793365478516,15.889386177062988,15.70884895324707,0.0,1.0,0.5658717346191406,0.6780631256103515,0.0,0.0,0.0,0.0,0.0,1.3345719873905182,0.2557514109084607,-2.8265902300179007,1.7549999982118607,0.0,-0.0,-0.009774657697707918,-0.0005600343786769953,-0.004668655395507811,0.15,-0.0,0.0,0.0,-0.0,0.0,0.0,0.0,0.0,0.35,0.0,0.0,0.0,0.0,0.0,0.0,0.0,0.0,0.25,-0.0,0.334197998046875,0.0,0.3345719873905182,-0.0,0.08354949951171875,0.08354949951171875,-0.05,0.14340976998209953,0.09560651332139969,-3.0,0.0,-0.0,-0.0,-0.0,0.8,1.0,-0.0,0.0,-0.0,-0.0,0.0,0.0,0.0,0.12075475838035346,-0.04500000178813934,-0.0,-0.0,0.0,0.0,0.0,0.0,0.0,0.0,0.0,0.09560651332139969,8.694342603385449,32.4,1.0,0.0,0.0,1.0,2.0,4.0,0.0,1.0,0.0,1.0,0.0,0.0,0.0,0.0,0.0,0.0,0.0,0.0,0.0,0.0,0.0,0.0,0.0,0.0,0.0,0.0,0.0,0.0,0.0,0.0,0.0,0.0,0.0,0.0,0.0,0.0,0.0,0.0,0.0,0.0,0.0,0.0,0.0,28.0,28.0,28.0,0.0,0.0,0.0,0.0,0.0,1.0,0.0,1.0,0.0,0.0,0.0,1.16,76.38349989429116,0.5735999438911676,0.000700005330145359,65.60989993158728,22.411299985833466,4.0,5.379999987781048,3.8014999590814114,0.9729000739753246,0.000400003045797348
1,30,30,0.5916410779714807,0,0,2.0,4.0,1.0,1.0,0.678063154220581,0.5864868760108948,0.5658717155456543,0.5924630165100098,0.7399436235427856,1.0,0.6283539533615112,0.6442143321037292,0.6355754733085632,0.6908345818519592,0.5658717155456543,0.678063154220581,0.5658717155456543,0.6283539533615112,0.6355754733085632,0.0,0.9355684518814087,0.5101375579833984,1.0,0.4787273705005646,0.12420489639043808,0.28642937541007996,0.0,9.950297680916265e-05,0.006329991854727268,-0.9999799728393555,0.0,0.0,0.0,0.0,0.0,0.0,127.96025085449219,14.146793365478516,16.95157814025879,14.146793365478516,15.889386177062988,15.70884895324707,0.0,1.0,0.5658717346191406,0.6780631256103515,0.0,0.0,0.0,0.0,0.0,1.3476559221744537,0.26500149843695026,-2.8210163426399233,1.8,0.0,-0.0,-0.009774657697707918,-0.0005600343786769953,0.0,0.15,-0.0,0.0,0.0,-0.0,0.0,0.0,0.0,0.0,0.35,0.0,0.0,0.0,0.0,0.0,0.0,0.0,0.0,0.25,-0.0,0.347320556640625,0.0,0.34765592217445374,-0.0,0.08683013916015625,0.08683013916015625,-0.05,0.1489836573600769,0.09932243824005127,-3.0,0.0,-0.0,-0.0,-0.0,0.8,1.0,-0.0,0.0,-0.0,-0.0,0.0,0.0,0.0,0.1253361905133352,-0.0,-0.0,-0.0,0.0,0.0,0.0,0.0,0.0,0.0,0.0,0.09932243824005127,9.024205716960132,32.4,1.0,0.0,0.0,1.0,2.0,4.0,0.0,1.0,0.0,1.0,0.0,0.0,0.0,0.0,0.0,0.0,0.0,0.0,0.0,0.0,0.0,0.0,0.0,0.0,0.0,0.0,0.0,0.0,0.0,0.0,0.0,0.0,0.0,0.0,0.0,0.0,0.0,0.0,0.0,0.0,0.0,0.0,0.0,28.0,28.0,28.0,0.0,0.0,0.0,0.0,0.0,1.0,0.0,1.0,0.0,0.0,0.0,1.2,34.56310008186847,0.700599979609251,0.000700005330145359,23.604399990290403,16.179499914869666,4.0,5.93380001373589,3.158499952405691,1.1224000481888652,0.000400003045797348
1,31,31,3.216360586280356,0,0,2.0,3.0,1.0,1.0,0.678063154220581,0.5864868760108948,0.5658717155456543,0.5924630165100098,0.7399436235427856,1.0,0.6283539533615112,0.6442143321037292,0.6355754733085632,0.6908345818519592,0.5658717155456543,0.678063154220581,0.5658717155456543,0.6283539533615112,0.6355754733085632,0.0,0.9363953471183777,0.5101323127746582,1.0,0.4783976078033447,0.12891721725463867,0.28633952140808105,0.0,9.950297680916265e-05,0.006324050948023796,-0.9999800324440002,0.0,0.0,0.0,0.0,0.0,0.0,128.0498046875,14.149785995483398,16.930959701538086,14.149785995483398,15.868739128112793,15.711935997009277,0.0,1.0,0.565991439819336,0.6772383880615235,0.0,0.0,0.0,0.0,0.0,1.3584676384925842,0.2633139306254488,0.3595790404081345,1.2149999767541886,0.02,-0.0,-0.009792624248929526,-0.0005593432652101882,-0.005034255981445313,0.15,-0.0,0.0,0.0,-0.0,0.0,0.0,0.0,0.0,0.35,0.0,0.0,0.0,0.0,0.0,0.0,0.0,0.0,0.25,-0.0,0.35821533203125,0.0,0.35846763849258423,-0.0,0.0895538330078125,0.0895538330078125,-0.05,0.15357904136180878,0.10238602757453918,0.2,0.0,-0.0,-0.0,-0.0,0.5599999904632569,0.699999988079071,-0.0,0.0,-0.0,-0.0,0.0,0.0,0.0,0.12870015412103383,-0.04500000178813934,-0.0,-0.0,0.02,0.0,0.0,0.0,0.0,0.0,0.0,0.10238602757453918,9.266411096714437,32.4,0.7326086850269979,0.0,0.0,0.699999988079071,2.0,3.0,0.0,0.699999988079071,0.0,0.699999988079071,0.0,0.0,0.0,0.0,0.0,0.0,0.0,0.0,0.0,0.0,0.0,0.0,0.0,0.0,0.0,0.0,0.0,0.0,0.0,0.0,0.0,0.0,0.0,0.0,0.0,0.0,0.0,0.0,0.0,0.0,0.0,0.0,0.0,28.0,28.0,28.0,0.0,0.0,0.0,0.0,0.0,1.0,0.0,1.0,0.0,0.0,0.0,1.24,62.31289997231215,0.6491000531241298,0.000500003807246685,50.363399903289974,34.450899926014245,4.0,7.151000085286796,3.3495998941361904,0.764199998229742,0.000400003045797348
1,32,32,2.926821545426954,0,0,1.0,4.0,1.0,1.0,0.677238404750824,0.586612343788147,0.5659914612770081,0.5925866961479187,0.7390758991241455,1.0,0.6284774541854858,0.6433780789375305,0.6347495913505554,0.6899347901344299,0.5659914612770081,0.677238404750824,0.5659914612770081,0.6284774541854858,0.6347495913505554,0.0,0.9372480511665344,0.5101269483566284,1.0,0.47805798053741455,0.13237729668617249,0.2102477252483368,0.0,3.863462552544661e-05,0.006321082357317209,-0.9999800324440002,0.0,0.0,0.0,0.0,0.0,0.0,128.1424102783203,14.152816772460938,16.909502029418945,14.152816772460938,15.847135543823242,15.715402603149414,0.0,1.0,0.5661126708984375,0.6763800811767579,0.0,0.0,0.0,0.0,0.0,1.3705485463142395,0.2677015460172304,0.3885360541939735,0.880035398901511,0.02,-0.0,-0.009811818432832596,-0.0005585681935889387,-0.005218467712402344,0.15,-0.0,0.0,0.0,-0.0,0.0,0.0,0.0,0.0,0.35,0.0,0.0,0.0,0.0,0.0,0.0,0.0,0.0,0.25,-0.0,0.37042236328125,0.0,0.3705485463142395,-0.0,0.0926055908203125,0.0926055908203125,-0.05,0.15853605419397354,0.10569070279598236,0.2,0.0,-0.00987110622065408,-0.0,-0.0,0.6254545454545455,0.7818181818181819,-0.21818181818181814,0.0,-0.0952066115702479,-0.15551130814985795,0.0,0.0,0.0,0.1332904003560543,-0.04846648424863815,-0.0,-0.0,0.02,0.0,0.0,0.0,0.0,0.0,0.0,0.10569070279598236,9.59690882563591,32.4,1.0,0.0,-0.25,1.0,1.0,4.0,-0.25,1.0,-0.11999999731779099,1.0,-0.12,1.0,0.0,0.0,0.0,-0.25,-0.25,1.0,0.13,0.0,0.0,0.0,0.0,0.0,0.0,0.0,0.0,0.0,0.0,0.0,0.0,0.0,0.0,0.0,0.0,0.0,0.0,0.0,0.0,0.0,0.0,0.0,0.0,28.0,28.0,28.0,0.0,0.0,0.0,0.0,0.0,1.0,0.0,1.0,0.0,0.0,0.0,1.28,50.27949996292591,0.700899981893599,0.000700005330145359,37.811200018040836,20.38270002231002,4.0,6.70869997702539,3.672500024549663,1.336699933744967,0.000500003807246685
1,33,33,4.050882139907355,0,0,2.0,4.0,1.0,1.0,0.6763800978660583,0.5867487192153931,0.5661126971244812,0.592701256275177,0.738136887550354,1.0,0.6286160945892334,0.6425099968910217,0.6338854432106018,0.6889743804931641,0.5661126971244812,0.6763800978660583,0.5661126971244812,0.6286160945892334,0.6338854432106018,0.0,0.9381285905838013,0.5101231932640076,1.0,0.47770899534225464,0.13709869980812073,0.2868903875350952,-0.2181818187236786,0.003974288236349821,0.006256734486669302,-0.9999804496765137,0.0,0.0,0.0,0.0,0.0,0.0,128.23812866210938,14.152816772460938,16.909502029418945,14.152816772460938,15.847135543823242,15.715402603149414,0.0,1.0,0.5661126708984375,0.6763800811767579,0.0,0.0,0.0,0.0,0.0,1.382910817861557,0.2775453814008841,0.3940368178486824,1.9763891227962318,0.02,-0.0,-0.009811818432832596,-0.0005585681935889387,0.0,0.15,-0.0,0.0,0.0,-0.0,0.0,0.0,0.0,0.0,0.35,0.0,0.0,0.0,0.0,0.0,0.0,0.0,0.0,0.25,-0.0,0.38287353515625,0.0,0.382910817861557,-0.0,0.0957183837890625,0.0957183837890625,-0.05,0.1640368178486824,0.10935787856578827,0.2,0.0,-0.0,-0.0,-0.0,0.8,1.0,-0.0,0.0,-0.0,-0.0,0.1943891223939005,0.0,0.0,0.13791576802730562,-0.017999999597668646,-0.0,-0.0,0.02,0.0,0.0,0.0,0.0,0.0,0.0,0.10935787856578827,9.929935297966004,32.4,1.0,0.0,0.0,1.0,2.0,4.0,0.0,1.0,0.0,1.0,0.0,0.0,0.0,0.0,0.0,0.0,0.0,0.0,0.0,0.0,0.0,0.0,0.0,0.0,0.0,0.0,0.0,0.0,0.0,0.0,0.0,0.0,0.0,0.0,0.0,0.0,0.0,0.0,0.0,0.0,0.0,0.0,0.0,28.0,28.0,28.0,0.0,0.0,0.0,0.0,0.0,1.0,0.0,1.0,0.0,0.0,0.0,1.32,34.38550001010299,0.7058000192046165,0.000600004568696022,22.89819996803999,12.840699986554682,4.0,6.12489995546639,3.4494000719860196,1.1652999091893435,0.000500003807246685
1,34,34,7.902109778232625,0,0,2.0,4.0,1.0,1.0,0.6763800978660583,0.5867487192153931,0.5661126971244812,0.592701256275177,0.738136887550354,1.0,0.6286160945892334,0.6425099968910217,0.6338854432106018,0.6889743804931641,0.5661126971244812,0.6763800978660583,0.5661126971244812,0.6286160945892334,0.6338854432106018,0.0,0.939039945602417,0.5101168155670166,1.0,0.4773464798927307,0.14185622334480286,0.2890854775905609,0.0,0.003974288236349821,0.005015450529754162,-0.9999874234199524,0.0,0.0,0.0,0.0,0.0,0.0,128.3372344970703,14.154131889343262,25.0,14.154131889343262,15.825599670410156,15.729264259338379,0.0,1.0,0.5661652755737304,1.0,0.0,0.0,0.0,0.0,0.0,1.3963289856910706,4.286172478951267,0.39960831359028814,1.8,0.02,-0.0,-0.009834697469931812,-0.0005554796917485731,4.004012451171875,0.15,-0.0,0.0,0.0,-0.0,0.0,0.0,0.0,0.0,0.35,0.0,0.0,0.0,0.0,0.0,0.0,0.0,0.0,0.25,-0.0,0.39642333984375,0.0,0.39632898569107056,-0.0,0.0991058349609375,0.0991058349609375,-0.05,0.16960831359028816,0.11307220906019211,0.2,0.0,-0.0,-0.0,-0.0,0.8,1.0,-0.0,0.0,-0.0,-0.0,0.0,0.0,0.0,0.1425502049410716,-0.0,-0.0,-0.0,0.02,0.0,0.0,0.0,0.0,0.0,0.0,0.11307220906019211,10.263614755757153,32.4,1.0,0.0,0.0,1.0,2.0,4.0,0.0,1.0,0.0,1.0,0.0,0.0,0.0,0.0,0.0,0.0,0.0,0.0,0.0,0.0,0.0,0.0,0.0,0.0,0.0,0.0,0.0,0.0,0.0,0.0,0.0,0.0,0.0,0.0,0.0,0.0,0.0,0.0,0.0,0.0,0.0,0.0,0.0,28.0,28.0,28.0,0.0,0.0,0.0,0.0,0.0,1.0,0.0,1.0,0.0,0.0,0.0,1.36,58.343300013802946,0.6346000591292977,0.000500003807246685,45.79010000452399,19.96599999256432,4.0,7.160500041209161,3.0802999390289187,1.6398000298067927,0.000400003045797348
1,35,35,3.308440776511779,0,0,2.0,3.0,1.0,1.0,1.0,0.5871497988700867,0.5661652684211731,0.5923604369163513,0.7364643812179565,1.0,0.6291705965995789,0.6418701410293579,0.6330239772796631,0.6874092221260071,0.5661652684211731,1.0,0.5661652684211731,0.6291705965995789,0.6330239772796631,0.0,0.9399824738502502,0.5101115703582764,1.0,0.4769729673862457,0.14662307500839233,0.2896523177623749,0.0,0.012809043750166893,0.0038761557079851627,-0.9999924898147583,0.0,0.0,0.0,0.0,0.0,0.0,128.43919372558594,14.154131889343262,25.0,14.154131889343262,15.825599670410156,15.729264259338379,0.0,1.0,0.5661652755737304,1.0,0.0,0.0,0.0,0.0,0.0,1.4077098071575165,0.2855156283525137,0.3802153642475605,1.2149999767541886,0.02,-0.0,-0.009834697469931812,-0.0005554796917485731,0.0,0.15,-0.0,0.0,0.0,-0.0,0.0,0.0,0.0,0.0,0.35,0.0,0.0,0.0,0.0,0.0,0.0,0.0,0.0,0.25,-0.0,0.4078369140625,0.0,0.4077098071575165,-0.0,0.101959228515625,0.101959228515625,-0.05,0.17421536520123482,0.11614357680082321,0.2,0.0,-0.0,-0.0,-0.0,0.5599999904632569,0.699999988079071,-0.0,0.0,-0.0,-0.0,0.0,0.0,0.0,0.14590580551419408,-0.04500000178813934,-0.0,-0.0,0.02,0.0,0.0,0.0,0.0,0.0,0.0,0.11614357680082321,10.505217997021974,32.4,0.7326086850269979,0.0,0.0,0.699999988079071,2.0,3.0,0.0,0.699999988079071,0.0,0.699999988079071,0.0,0.0,0.0,0.0,0.0,0.0,0.0,0.0,0.0,0.0,0.0,0.0,0.0,0.0,0.0,0.0,0.0,0.0,0.0,0.0,0.0,0.0,0.0,0.0,0.0,0.0,0.0,0.0,0.0,0.0,0.0,0.0,0.0,28.0,28.0,28.0,0.0,0.0,0.0,0.0,0.0,1.0,0.0,1.0,0.0,0.0,0.0,1.4,52.750300033949316,0.7538000354543328,0.000500003807246685,43.759800028055906,14.462799998000264,4.0,4.516400047577918,2.8156000189483166,0.8588000200688839,0.000300002284348011
1,36,36,3.895669938381405,0,0,2.0,4.0,1.0,1.0,1.0,0.5871497988700867,0.5661652684211731,0.5923604369163513,0.7364643812179565,1.0,0.6291705965995789,0.6418701410293579,0.6330239772796631,0.6874092221260071,0.5661652684211731,1.0,0.5661652684211731,0.6291705965995789,0.6330239772796631,0.0,0.9409506916999817,0.510108470916748,1.0,0.47659143805503845,0.1500745415687561,0.2097250372171402,0.0,0.012809043750166893,0.003193987300619483,-0.9999948740005493,0.0,0.0,0.0,0.0,0.0,0.0,128.54409790039062,14.155689239501953,25.0,14.155689239501953,15.803217887878418,15.737533569335938,0.0,1.0,0.5662275695800781,1.0,0.0,0.0,0.0,0.0,0.0,1.4195489883422852,0.29194914376327535,0.4091718080639839,1.7549999982118607,0.02,-0.0,-0.009858275045174223,-0.0005536453536557353,0.0018677902221679692,0.15,-0.0,0.0,0.0,-0.0,0.0,0.0,0.0,0.0,0.35,0.0,0.0,0.0,0.0,0.0,0.0,0.0,0.0,0.25,-0.0,0.41961669921875,0.0,0.41954898834228516,-0.0,0.1049041748046875,0.1049041748046875,-0.05,0.17917180806398392,0.11944787204265594,0.2,0.0,-0.0,-0.0,-0.0,0.8,1.0,-0.0,0.0,-0.0,-0.0,0.0,0.0,0.0,0.15049327393993736,-0.04500000178813934,-0.0,-0.0,0.02,0.0,0.0,0.0,0.0,0.0,0.0,0.11944787204265594,10.835515723675488,32.4,1.0,0.0,0.0,1.0,2.0,4.0,0.0,1.0,0.0,1.0,0.0,0.0,0.0,0.0,0.0,0.0,0.0,0.0,0.0,0.0,0.0,0.0,0.0,0.0,0.0,0.0,0.0,0.0,0.0,0.0,0.0,0.0,0.0,0.0,0.0,0.0,0.0,0.0,0.0,0.0,0.0,0.0,0.0,28.0,28.0,28.0,0.0,0.0,0.0,0.0,0.0,1.0,0.0,1.0,0.0,0.0,0.0,1.44,34.56309996545315,0.7243000436574221,0.000500003807246685,25.53649991750717,16.329800011590123,4.0,4.533799947239459,3.0161000322550535,0.7218000246211886,0.000500003807246685
1,37,37,3.962106499680893,0,0,2.0,4.0,1.0,1.0,1.0,0.5874007344245911,0.5662275552749634,0.5922130942344666,0.7351202964782715,1.0,0.6295013427734375,0.6410884261131287,0.6321287155151367,0.686098039150238,0.5662275552749634,1.0,0.5662275552749634,0.6295013427734375,0.6321287155151367,0.0,0.9419463872909546,0.5101059079170227,1.0,0.47620007395744324,0.15479308366775513,0.2867167890071869,0.0,0.006171096116304398,0.0027248456608504057,-0.9999963045120239,0.0,0.0,0.0,0.0,0.0,0.0,128.6522674560547,14.155689239501953,25.0,14.155689239501953,15.803217887878418,15.737533569335938,0.0,1.0,0.5662275695800781,1.0,0.0,0.0,0.0,0.0,0.0,1.4327160716056824,0.29466617912949766,0.414724248945713,1.8,0.02,-0.0,-0.009858275045174223,-0.0005536453536557353,0.0,0.15,-0.0,0.0,0.0,-0.0,0.0,0.0,0.0,0.0,0.35,0.0,0.0,0.0,0.0,0.0,0.0,0.0,0.0,0.25,-0.0,0.43267822265625,0.0,0.4327160716056824,-0.0,0.1081695556640625,0.1081695556640625,-0.05,0.18472424894571304,0.12314949929714203,0.2,0.0,-0.0,-0.0,-0.0,0.8,1.0,-0.0,0.0,-0.0,-0.0,0.0,0.0,0.0,0.1550780995283276,-0.0,-0.0,-0.0,0.02,0.0,0.0,0.0,0.0,0.0,0.0,0.12314949929714203,11.165623166039586,32.4,1.0,0.0,0.0,1.0,2.0,4.0,0.0,1.0,0.0,1.0,0.0,0.0,0.0,0.0,0.0,0.0,0.0,0.0,0.0,0.0,0.0,0.0,0.0,0.0,0.0,0.0,0.0,0.0,0.0,0.0,0.0,0.0,0.0,0.0,0.0,0.0,0.0,0.0,0.0,0.0,0.0,0.0,0.0,28.0,28.0,28.0,0.0,0.0,0.0,0.0,0.0,1.0,0.0,1.0,0.0,0.0,0.0,1.48,24.32359999511391,0.6579000037163496,0.000600004568696022,14.166199951432645,11.220399988815188,4.0,4.066699999384582,3.4706000005826354,1.9255999941378832,0.000400003045797348
1,38,38,3.9864848339247643,0,0,2.0,4.0,1.0,1.0,1.0,0.5874007344245911,0.5662275552749634,0.5922130942344666,0.7351202964782715,1.0,0.6295013427734375,0.6410884261131287,0.6321287155151367,0.686098039150238,0.5662275552749634,1.0,0.5662275552749634,0.6295013427734375,0.6321287155151367,0.0,0.9429728388786316,0.5101034641265869,1.0,0.4757973849773407,0.15950889885425568,0.2865515947341919,0.0,0.006171096116304398,0.002405107719823718,-0.999997079372406,0.0,0.0,0.0,0.0,0.0,0.0,128.76373291015625,14.157854080200195,25.0,14.157854080200195,15.77903938293457,15.74320125579834,0.0,1.0,0.5663141632080078,1.0,0.0,0.0,0.0,0.0,0.0,1.4458394348621368,0.300376867620939,0.4202685314416885,1.8,0.02,-0.0,-0.009882968526916983,-0.00055239162003617,0.0010975265502929693,0.15,-0.0,0.0,0.0,-0.0,0.0,0.0,0.0,0.0,0.35,0.0,0.0,0.0,0.0,0.0,0.0,0.0,0.0,0.25,-0.0,0.44586181640625,0.0,0.44583943486213684,-0.0,0.1114654541015625,0.1114654541015625,-0.05,0.19026853144168854,0.12684568762779236,0.2,0.0,-0.0,-0.0,-0.0,0.8,1.0,-0.0,0.0,-0.0,-0.0,0.0,0.0,0.0,0.15971470121759923,-0.0,-0.0,-0.0,0.02,0.0,0.0,0.0,0.0,0.0,0.0,0.12684568762779236,11.499458487667143,32.4,1.0,0.0,0.0,1.0,2.0,4.0,0.0,1.0,0.0,1.0,0.0,0.0,0.0,0.0,0.0,0.0,0.0,0.0,0.0,0.0,0.0,0.0,0.0,0.0,0.0,0.0,0.0,0.0,0.0,0.0,0.0,0.0,0.0,0.0,0.0,0.0,0.0,0.0,0.0,0.0,0.0,0.0,0.0,28.0,28.0,28.0,0.0,0.0,0.0,0.0,0.0,1.0,0.0,1.0,0.0,0.0,0.0,1.52,88.38700002525002,0.6930000381544232,0.000700005330145359,51.52610002551228,26.356599992141128,4.0,11.110900086350739,15.069599961861968,9.946799953468144,0.001200009137392044
1,39,39,4.009937808079483,0,0,2.0,4.0,1.0,1.0,1.0,0.5875859260559082,0.566314160823822,0.5921948552131653,0.7338886260986328,1.0,0.6297280788421631,0.6401703357696533,0.6311615705490112,0.6848793625831604,0.566314160823822,1.0,0.566314160823822,0.6297280788421631,0.6311615705490112,0.0,0.9440299868583679,0.5101010799407959,1.0,0.47538331151008606,0.16427798569202423,0.289787620306015,0.0,0.003137997118756175,0.002188441576436162,-0.999997615814209,0.0,0.0,0.0,0.0,0.0,0.0,128.8784942626953,14.160624504089355,25.0,14.160624504089355,15.753307342529297,15.747740745544434,0.0,1.0,0.5664249801635742,1.0,0.0,0.0,0.0,0.0,0.0,1.4591424763202667,0.30490777359700466,0.42588755816221235,1.8,0.02,-0.0,-0.00990854155182335,-0.0005513894996965205,0.0009442901611328128,0.15,-0.0,0.0,0.0,-0.0,0.0,0.0,0.0,0.0,0.35,0.0,0.0,0.0,0.0,0.0,0.0,0.0,0.0,0.25,-0.0,0.45904541015625,0.0,0.4591424763202667,-0.0,0.1147613525390625,0.1147613525390625,-0.05,0.19588755816221237,0.13059170544147491,0.2,0.0,-0.0,-0.0,-0.0,0.8,1.0,-0.0,0.0,-0.0,-0.0,0.0,0.0,0.0,0.16442341448739173,-0.0,-0.0,-0.0,0.02,0.0,0.0,0.0,0.0,0.0,0.0,0.13059170544147491,11.838485843092203,32.4,1.0,0.0,0.0,1.0,2.0,4.0,0.0,1.0,0.0,1.0,0.0,0.0,0.0,0.0,0.0,0.0,0.0,0.0,0.0,0.0,0.0,0.0,0.0,0.0,0.0,0.0,0.0,0.0,0.0,0.0,0.0,0.0,0.0,0.0,0.0,0.0,0.0,0.0,0.0,0.0,0.0,0.0,0.0,28.0,28.0,28.0,0.0,0.0,0.0,0.0,0.0,1.0,0.0,1.0,0.0,0.0,0.0,1.56,53.107199957594275,0.8271000115200877,0.000600004568696022,38.500200025737286,18.83120008278638,4.0,10.035800049081445,2.6720999740064144,1.032099942676723,0.000400003045797348
1,40,40,4.033083614053974,0,0,2.0,4.0,1.0,1.0,1.0,0.5877487659454346,0.5664249658584595,0.5922563076019287,0.7327126264572144,1.0,0.6299096345901489,0.6391587257385254,0.6301323175430298,0.6836757063865662,0.5664249658584595,1.0,0.5664249658584595,0.6299096345901489,0.6301323175430298,0.0,0.945118248462677,0.5100986957550049,1.0,0.47495773434638977,0.16912122070789337,0.2942945659160614,0.0,0.0015404795994982123,0.0020423249807208776,-0.9999979138374329,0.0,0.0,0.0,0.0,0.0,0.0,128.99667358398438,14.160624504089355,25.0,14.160624504089355,15.753307342529297,15.747740745544434,0.0,1.0,0.5664249801635742,1.0,0.0,0.0,0.0,0.0,0.0,1.4727175831794739,0.30875108474756296,0.43161494612693785,1.8,0.02,-0.0,-0.00990854155182335,-0.0005513894996965205,0.0,0.15,-0.0,0.0,0.0,-0.0,0.0,0.0,0.0,0.0,0.35,0.0,0.0,0.0,0.0,0.0,0.0,0.0,0.0,0.25,-0.0,0.47271728515625,0.0,0.4727175831794739,-0.0,0.1181793212890625,0.1181793212890625,-0.05,0.20161494612693787,0.13440996408462524,0.2,0.0,-0.0,-0.0,-0.0,0.8,1.0,-0.0,0.0,-0.0,-0.0,0.0,0.0,0.0,0.16921101579908282,-0.0,-0.0,-0.0,0.02,0.0,0.0,0.0,0.0,0.0,0.0,0.13440996408462524,12.183193137533964,32.4,1.0,0.0,0.0,1.0,2.0,4.0,0.0,1.0,0.0,1.0,0.0,0.0,0.0,0.0,0.0,0.0,0.0,0.0,0.0,0.0,0.0,0.0,0.0,0.0,0.0,0.0,0.0,0.0,0.0,0.0,0.0,0.0,0.0,0.0,0.0,0.0,0.0,0.0,0.0,0.0,0.0,0.0,0.0,28.0,28.0,28.0,0.0,0.0,0.0,0.0,0.0,1.0,0.0,1.0,0.0,0.0,0.0,1.6,20.963800023309886,0.5352000007405877,0.000600004568696022,13.448300072923303,9.773600031621754,4.0,3.9884999860078096,2.346599940210581,0.6147000240162015,0.000500003807246685
1,41,41,4.058420842426755,0,0,2.0,4.0,1.0,1.0,1.0,0.5877487659454346,0.5664249658584595,0.5922563076019287,0.7327126264572144,1.0,0.6299096345901489,0.6391587257385254,0.6301323175430298,0.6836757063865662,0.5664249658584595,1.0,0.5664249658584595,0.6299096345901489,0.6301323175430298,0.0,0.9462383389472961,0.5100963711738586,1.0,0.4745205044746399,0.1740456223487854,0.2992250919342041,0.0,0.0015404795994982123,0.0019445131765678525,-0.9999980926513672,0.0,0.0,0.0,0.0,0.0,0.0,129.11827087402344,14.163705825805664,25.0,14.163705825805664,15.726173400878906,15.751723289489746,0.0,1.0,0.5665482330322266,1.0,0.0,0.0,0.0,0.0,0.0,1.4865688681602478,0.3144002283987786,0.43745174586772917,1.8,0.02,-0.0,-0.009935473679676355,-0.0005505118257916963,0.0008020019531250005,0.15,-0.0,0.0,0.0,-0.0,0.0,0.0,0.0,0.0,0.35,0.0,0.0,0.0,0.0,0.0,0.0,0.0,0.0,0.25,-0.0,0.48638916015625,0.0,0.4865688681602478,-0.0,0.1215972900390625,0.1215972900390625,-0.05,0.2074517458677292,0.13830116391181946,0.2,0.0,-0.0,-0.0,-0.0,0.8,1.0,-0.0,0.0,-0.0,-0.0,0.0,0.0,0.0,0.1740842119511217,-0.0,-0.0,-0.0,0.02,0.0,0.0,0.0,0.0,0.0,0.0,0.13830116391181946,12.534063260480762,32.4,1.0,0.0,0.0,1.0,2.0,4.0,0.0,1.0,0.0,1.0,0.0,0.0,0.0,0.0,0.0,0.0,0.0,0.0,0.0,0.0,0.0,0.0,0.0,0.0,0.0,0.0,0.0,0.0,0.0,0.0,0.0,0.0,0.0,0.0,0.0,0.0,0.0,0.0,0.0,0.0,0.0,0.0,0.0,28.0,28.0,28.0,0.0,0.0,0.0,0.0,0.0,1.0,0.0,1.0,0.0,0.0,0.0,1.64,77.5609000120312,0.5892000626772642,0.000600004568696022,52.89210006594658,20.345599972642958,4.0,17.930000089108944,5.314299953170121,0.7914999732747674,0.000400003045797348
1,42,42,4.082657803648077,0,0,2.0,4.0,1.0,1.0,1.0,0.5879008173942566,0.566548228263855,0.5923576951026917,0.7315072417259216,1.0,0.6300689578056335,0.6380748748779297,0.6290469169616699,0.6824518442153931,0.566548228263855,1.0,0.566548228263855,0.6300689578056335,0.6290469169616699,0.0,0.9473906755447388,0.5100941061973572,1.0,0.4740714728832245,0.1790580451488495,0.30457475781440735,0.0,0.0007589377928525209,0.0018797869561240077,-0.9999982118606567,0.0,0.0,0.0,0.0,0.0,0.0,129.24342346191406,14.163705825805664,25.0,14.163705825805664,15.726173400878906,15.751723289489746,0.0,1.0,0.5665482330322266,1.0,0.0,0.0,0.0,0.0,0.0,1.5006961822509766,0.3185614958935614,0.44340012550354,1.8,0.02,-0.0,-0.009935473679676355,-0.0005505118257916963,0.0,0.15,-0.0,0.0,0.0,-0.0,0.0,0.0,0.0,0.0,0.35,0.0,0.0,0.0,0.0,0.0,0.0,0.0,0.0,0.25,-0.0,0.5006103515625,0.0,0.5006961822509766,-0.0,0.125152587890625,0.125152587890625,-0.05,0.21340012550354004,0.14226675033569336,0.2,0.0,-0.0,-0.0,-0.0,0.8,1.0,-0.0,0.0,-0.0,-0.0,0.0,0.0,0.0,0.17904748139902948,-0.0,-0.0,-0.0,0.02,0.0,0.0,0.0,0.0,0.0,0.0,0.14226675033569336,12.891418660730123,32.4,1.0,0.0,0.0,1.0,2.0,4.0,0.0,1.0,0.0,1.0,0.0,0.0,0.0,0.0,0.0,0.0,0.0,0.0,0.0,0.0,0.0,0.0,0.0,0.0,0.0,0.0,0.0,0.0,0.0,0.0,0.0,0.0,0.0,0.0,0.0,0.0,0.0,0.0,0.0,0.0,0.0,0.0,0.0,28.0,28.0,28.0,0.0,0.0,0.0,0.0,0.0,1.0,0.0,1.0,0.0,0.0,0.0,1.68,27.600600034929812,0.713899964466691,0.000600004568696022,18.433199962601066,13.578700018115342,4.0,4.88800008315593,2.9000999638810754,0.6303000263869762,0.000500003807246685
1,43,43,4.108737597331595,0,0,2.0,4.0,1.0,1.0,1.0,0.5879008173942566,0.566548228263855,0.5923576951026917,0.7315072417259216,1.0,0.6300689578056335,0.6380748748779297,0.6290469169616699,0.6824518442153931,0.566548228263855,1.0,0.566548228263855,0.6300689578056335,0.6290469169616699,0.0,0.9485760927200317,0.5100919008255005,1.0,0.47361040115356445,0.18416312336921692,0.31020432710647583,0.0,0.0007589377928525209,0.0018376705702394247,-0.9999983310699463,0.0,0.0,0.0,0.0,0.0,0.0,129.37216186523438,14.166887283325195,25.0,14.166887283325195,15.697585105895996,15.755400657653809,0.0,1.0,0.5666754913330078,1.0,0.0,0.0,0.0,0.0,0.0,1.5150988101959229,0.3241765339823491,0.4494622531533241,1.8,0.02,-0.0,-0.009964319132948173,-0.0005497026472022709,0.0005855178833007817,0.15,-0.0,0.0,0.0,-0.0,0.0,0.0,0.0,0.0,0.35,0.0,0.0,0.0,0.0,0.0,0.0,0.0,0.0,0.25,-0.0,0.51495361328125,0.0,0.5150988101959229,-0.0,0.1287384033203125,0.1287384033203125,-0.05,0.21946225315332413,0.14630816876888275,0.2,0.0,-0.0,-0.0,-0.0,0.8,1.0,-0.0,0.0,-0.0,-0.0,0.0,0.0,0.0,0.18410503787919877,-0.0,-0.0,-0.0,0.02,0.0,0.0,0.0,0.0,0.0,0.0,0.14630816876888275,13.255562727302312,32.4,1.0,0.0,0.0,1.0,2.0,4.0,0.0,1.0,0.0,1.0,0.0,0.0,0.0,0.0,0.0,0.0,0.0,0.0,0.0,0.0,0.0,0.0,0.0,0.0,0.0,0.0,0.0,0.0,0.0,0.0,0.0,0.0,0.0,0.0,0.0,0.0,0.0,0.0,0.0,0.0,0.0,0.0,0.0,28.0,28.0,28.0,0.0,0.0,0.0,0.0,0.0,1.0,0.0,1.0,0.0,0.0,0.0,1.72,59.532999992370605,0.610999995842576,0.000700005330145359,50.75730010867119,21.707399981096387,4.0,4.649100010283291,2.676400006748736,0.8011000463739038,0.000500003807246685
1,44,44,4.134164176048902,0,0,2.0,4.0,1.0,1.0,1.0,0.5880439877510071,0.5666754841804504,1.0,0.7302711009979248,1.0,0.6302160024642944,0.6369217038154602,0.627903401851654,0.6811929941177368,0.5666754841804504,1.0,0.5666754841804504,0.6302160024642944,0.627903401851654,0.0,0.9497953057289124,0.5100897550582886,1.0,0.4731370806694031,0.1893651783466339,0.31609728932380676,0.0,0.0003539380559232086,0.0018109219381585717,-0.9999983310699463,0.0,0.0,0.0,0.0,0.0,0.0,129.50457763671875,14.166887283325195,25.0,14.166887283325195,15.697585105895996,15.755400657653809,0.0,1.0,0.5666754913330078,1.0,0.0,0.0,0.0,0.0,0.0,1.5297778248786926,0.32874609893765816,0.45564025223255156,1.8,0.02,-0.0,-0.009964319132948173,-0.0005497026472022709,0.0,0.15,-0.0,0.0,0.0,-0.0,0.0,0.0,0.0,0.0,0.35,0.0,0.0,0.0,0.0,0.0,0.0,0.0,0.0,0.25,-0.0,0.5296630859375,0.0,0.5297778248786926,-0.0,0.132415771484375,0.132415771484375,-0.05,0.22564025223255157,0.15042683482170105,0.2,0.0,-0.0,-0.0,-0.0,0.8,1.0,-0.0,0.0,-0.0,-0.0,0.0,0.0,0.0,0.18926012071780862,-0.0,-0.0,-0.0,0.02,0.0,0.0,0.0,0.0,0.0,0.0,0.15042683482170105,13.626728691682219,32.4,1.0,0.0,0.0,1.0,2.0,4.0,0.0,1.0,0.0,1.0,0.0,0.0,0.0,0.0,0.0,0.0,0.0,0.0,0.0,0.0,0.0,0.0,0.0,0.0,0.0,0.0,0.0,0.0,0.0,0.0,0.0,0.0,0.0,0.0,0.0,0.0,0.0,0.0,0.0,0.0,0.0,0.0,0.0,28.0,28.0,28.0,0.0,0.0,0.0,0.0,0.0,1.0,0.0,1.0,0.0,0.0,0.0,1.76,30.23369994480163,0.6040999433025718,0.000600004568696022,19.56909999717027,14.062300091609359,4.0,5.326900049112737,3.93220002297312,0.7561999373137951,0.000500003807246685
1,45,45,4.161046872242362,0,0,2.0,4.0,1.0,1.0,1.0,0.5880439877510071,0.5666754841804504,1.0,0.7302711009979248,1.0,0.6302160024642944,0.6369217038154602,0.627903401851654,0.6811929941177368,0.5666754841804504,1.0,0.5666754841804504,0.6302160024642944,0.627903401851654,0.0,0.9510487914085388,0.5100876688957214,1.0,0.4726513624191284,0.19466754794120789,0.3221926689147949,0.0,0.0003539380559232086,0.0017945356667041779,-0.9999983906745911,0.0,0.0,0.0,0.0,0.0,0.0,129.64073181152344,14.170144081115723,25.0,14.170144081115723,15.667624473571777,15.758894920349121,0.0,1.0,0.566805763244629,1.0,0.0,0.0,0.0,0.0,0.0,1.544733464717865,0.334378547175796,0.46193486034870146,1.8,0.02,-0.0,-0.009995081545148098,-0.0005489348617146495,0.00040786743164062506,0.15,-0.0,0.0,0.0,-0.0,0.0,0.0,0.0,0.0,0.35,0.0,0.0,0.0,0.0,0.0,0.0,0.0,0.0,0.25,-0.0,0.54461669921875,0.0,0.544733464717865,-0.0,0.1361541748046875,0.1361541748046875,-0.05,0.23193486034870148,0.15462324023246765,0.2,0.0,-0.0,-0.0,-0.0,0.8,1.0,-0.0,0.0,-0.0,-0.0,0.0,0.0,0.0,0.19451469615101816,-0.0,-0.0,-0.0,0.02,0.0,0.0,0.0,0.0,0.0,0.0,0.15462324023246765,14.005058122873308,32.4,1.0,0.0,0.0,1.0,2.0,4.0,0.0,1.0,0.0,1.0,0.0,0.0,0.0,0.0,0.0,0.0,0.0,0.0,0.0,0.0,0.0,0.0,0.0,0.0,0.0,0.0,0.0,0.0,0.0,0.0,0.0,0.0,0.0,0.0,0.0,0.0,0.0,0.0,0.0,0.0,0.0,0.0,0.0,28.0,28.0,28.0,0.0,0.0,0.0,0.0,0.0,1.0,0.0,1.0,0.0,0.0,0.0,1.8,73.16439994610846,0.6639999337494373,0.000600004568696022,59.4173000426963,39.03470002114773,4.0,7.5755000580102205,3.692899947054684,1.7715999856591225,0.000500003807246685
1,46,46,4.187970281384927,0,0,2.0,4.0,1.0,1.0,1.0,0.5881844162940979,0.5668057799339294,1.0,0.7290028929710388,1.0,0.6303557753562927,0.635709822177887,0.6267049908638,0.6798829436302185,0.5668057799339294,1.0,0.5668057799339294,0.6303557753562927,0.6267049908638,0.0,0.9523372054100037,0.5100855231285095,1.0,0.4721530079841614,0.2000722587108612,0.32841095328330994,0.0,0.00014825108519289643,0.0017850814620032907,-0.9999983906745911,0.0,0.0,0.0,0.0,0.0,0.0,129.7807159423828,14.173551559448242,25.0,14.173551559448242,15.63608455657959,15.762433052062988,0.0,1.0,0.5669420623779297,1.0,0.0,0.0,0.0,0.0,0.0,1.5599721670150757,0.339649913452608,0.46834820091724394,1.8,0.02,-0.0,-0.010027923829365808,-0.000548158529660009,0.0003564453125000002,0.15,-0.0,0.0,0.0,-0.0,0.0,0.0,0.0,0.0,0.35,0.0,0.0,0.0,0.0,0.0,0.0,0.0,0.0,0.25,-0.0,0.5599365234375,0.0,0.5599721670150757,-0.0,0.139984130859375,0.139984130859375,-0.05,0.23834820091724396,0.15889880061149597,0.2,0.0,-0.0,-0.0,-0.0,0.8,1.0,-0.0,0.0,-0.0,-0.0,0.0,0.0,0.0,0.1998695504991338,-0.0,-0.0,-0.0,0.02,0.0,0.0,0.0,0.0,0.0,0.0,0.15889880061149597,14.390607635937632,32.4,1.0,0.0,0.0,1.0,2.0,4.0,0.0,1.0,0.0,1.0,0.0,0.0,0.0,0.0,0.0,0.0,0.0,0.0,0.0,0.0,0.0,0.0,0.0,0.0,0.0,0.0,0.0,0.0,0.0,0.0,0.0,0.0,0.0,0.0,0.0,0.0,0.0,0.0,0.0,0.0,0.0,0.0,0.0,28.0,28.0,28.0,0.0,0.0,0.0,0.0,0.0,1.0,0.0,1.0,0.0,0.0,0.0,1.84,46.074199955910444,0.5626999773085117,0.000400003045797348,37.125099916011095,18.03120004478842,4.0,4.509899998083711,2.7428000466898084,1.0939999483525753,0.000400003045797348
1,47,47,4.2151261511696925,0,0,2.0,4.0,1.0,1.0,1.0,0.5883275270462036,0.566942036151886,1.0,0.7276777625083923,1.0,0.6304973363876343,0.6344262957572937,0.6254433989524841,0.6785151958465576,0.566942036151886,1.0,0.566942036151886,0.6304973363876343,0.6254433989524841,0.0,0.9536615014076233,0.5100833773612976,1.0,0.47164174914360046,0.20558011531829834,0.33467841148376465,0.0,4.4313532271189615e-05,0.0017802562797442079,-0.9999983906745911,0.0,0.0,0.0,0.0,0.0,0.0,129.92457580566406,14.173551559448242,25.0,14.173551559448242,15.63608455657959,15.762433052062988,0.0,1.0,0.5669420623779297,1.0,0.0,0.0,0.0,0.0,0.0,1.5754969716072083,0.3447485256446948,0.47488065391778944,1.8,0.02,-0.0,-0.010027923829365808,-0.000548158529660009,0.0,0.15,-0.0,0.0,0.0,-0.0,0.0,0.0,0.0,0.0,0.35,0.0,0.0,0.0,0.0,0.0,0.0,0.0,0.0,0.25,-0.0,0.575439453125,0.0,0.5754969716072083,-0.0,0.14385986328125,0.14385986328125,-0.05,0.24488065391778946,0.1632537692785263,0.2,0.0,-0.0,-0.0,-0.0,0.8,1.0,-0.0,0.0,-0.0,-0.0,0.0,0.0,0.0,0.20532460800372065,-0.0,-0.0,-0.0,0.02,0.0,0.0,0.0,0.0,0.0,0.0,0.1632537692785263,14.783371776267886,32.4,1.0,0.0,0.0,1.0,2.0,4.0,0.0,1.0,0.0,1.0,0.0,0.0,0.0,0.0,0.0,0.0,0.0,0.0,0.0,0.0,0.0,0.0,0.0,0.0,0.0,0.0,0.0,0.0,0.0,0.0,0.0,0.0,0.0,0.0,0.0,0.0,0.0,0.0,0.0,0.0,0.0,0.0,0.0,28.0,28.0,28.0,0.0,0.0,0.0,0.0,0.0,1.0,0.0,1.0,0.0,0.0,0.0,1.88,42.571599944494665,0.6804999429732561,0.000600004568696022,34.16989999823272,13.356699957512319,4.0,4.6443999744951725,2.425899961963296,0.6070999661460519,0.000500003807246685
1,48,48,4.243561005812726,0,0,2.0,4.0,1.0,1.0,1.0,0.5883275270462036,0.566942036151886,1.0,0.7276777625083923,1.0,0.6304973363876343,0.6344262957572937,0.6254433989524841,0.6785151958465576,0.566942036151886,1.0,0.566942036151886,0.6304973363876343,0.6254433989524841,0.0,0.9550219178199768,0.5100811719894409,1.0,0.4711174964904785,0.21119102835655212,0.34094110131263733,0.0,4.4313532271189615e-05,0.0017785698873922229,-0.9999983906745911,0.0,0.0,0.0,0.0,0.0,0.0,130.0723876953125,14.177183151245117,25.0,14.177183151245117,15.603290557861328,15.766132354736328,0.0,1.0,0.5670873260498047,1.0,0.0,0.0,0.0,0.0,0.0,1.5913097858428955,0.35071938059910357,0.4815318393707275,1.8,0.02,-0.0,-0.010062344437612466,-0.0005473480077553957,0.00044971466064453185,0.15,-0.0,0.0,0.0,-0.0,0.0,0.0,0.0,0.0,0.35,0.0,0.0,0.0,0.0,0.0,0.0,0.0,0.0,0.25,-0.0,0.59124755859375,0.0,0.5913097858428955,-0.0,0.1478118896484375,0.1478118896484375,-0.05,0.25153183937072754,0.16768789291381836,0.2,0.0,-0.0,-0.0,-0.0,0.8,1.0,-0.0,0.0,-0.0,-0.0,0.0,0.0,0.0,0.21087935838382693,-0.0,-0.0,-0.0,0.02,0.0,0.0,0.0,0.0,0.0,0.0,0.16768789291381836,15.183313803635539,32.4,1.0,0.0,0.0,1.0,2.0,4.0,0.0,1.0,0.0,1.0,0.0,0.0,0.0,0.0,0.0,0.0,0.0,0.0,0.0,0.0,0.0,0.0,0.0,0.0,0.0,0.0,0.0,0.0,0.0,0.0,0.0,0.0,0.0,0.0,0.0,0.0,0.0,0.0,0.0,0.0,0.0,0.0,0.0,28.0,28.0,28.0,0.0,0.0,0.0,0.0,0.0,1.0,0.0,1.0,0.0,0.0,0.0,1.92,41.069400031119585,0.5203000036999583,0.000500003807246685,33.09559996705502,24.53860000241548,4.0,4.218699992634356,2.464400022290647,0.7327999919652939,0.000500003807246685
1,49,49,4.271647430133663,0,0,2.0,4.0,1.0,1.0,1.0,0.5884785652160645,0.5670873522758484,1.0,0.7262954115867615,1.0,0.6306452751159668,0.6330967545509338,0.6241316199302673,0.6770887970924377,0.5670873522758484,1.0,0.5670873522758484,0.6306452751159668,0.6241316199302673,0.0,0.9564193487167358,0.5100787878036499,1.0,0.47057995200157166,0.21690447628498077,0.3471719026565552,0.0,-9.22706112760352e-06,0.0017791104037314653,-0.9999983906745911,0.0,0.0,0.0,0.0,0.0,0.0,130.22422790527344,14.177183151245117,25.0,14.177183151245117,15.603290557861328,15.766132354736328,0.0,1.0,0.5670873260498047,1.0,0.0,0.0,0.0,0.0,0.0,1.6074196100234985,0.35592353708728375,0.48830428302288054,1.8,0.02,-0.0,-0.010062344437612466,-0.0005473480077553957,0.0,0.15,-0.0,0.0,0.0,-0.0,0.0,0.0,0.0,0.0,0.35,0.0,0.0,0.0,0.0,0.0,0.0,0.0,0.0,0.25,-0.0,0.60736083984375,0.0,0.6074196100234985,-0.0,0.1518402099609375,0.1518402099609375,-0.05,0.25830428302288055,0.17220285534858704,0.2,0.0,-0.0,-0.0,-0.0,0.8,1.0,-0.0,0.0,-0.0,-0.0,0.0,0.0,0.0,0.2165332295326516,-0.0,-0.0,-0.0,0.02,0.0,0.0,0.0,0.0,0.0,0.0,0.17220285534858704,15.590392526350914,32.4,1.0,0.0,0.0,1.0,2.0,4.0,0.0,1.0,0.0,1.0,0.0,0.0,0.0,0.0,0.0,0.0,0.0,0.0,0.0,0.0,0.0,0.0,0.0,0.0,0.0,0.0,0.0,0.0,0.0,0.0,0.0,0.0,0.0,0.0,0.0,0.0,0.0,0.0,0.0,0.0,0.0,0.0,0.0,28.0,28.0,28.0,0.0,0.0,0.0,0.0,0.0,1.0,0.0,1.0,0.0,0.0,0.0,1.96,14.263699995353818,0.735200010240078,0.000600004568696022,5.238800076767802,1.7008999129757285,4.0,4.373400006443262,3.2333999406546354,0.6507000653073192,0.000400003045797348
1,50,50,4.301170730552704,0,0,2.0,4.0,1.0,1.0,1.0,0.5884785652160645,0.5670873522758484,1.0,0.7262954115867615,1.0,0.6306452751159668,0.6330967545509338,0.6241316199302673,0.6770887970924377,0.5670873522758484,1.0,0.5670873522758484,0.6306452751159668,0.6241316199302673,0.0,0.9578544497489929,0.5100762844085693,1.0,0.47002896666526794,0.22271989285945892,0.3533669412136078,0.0,-9.22706112760352e-06,0.0017813598969951272,-0.9999983906745911,0.0,0.0,0.0,0.0,0.0,0.0,130.38015747070312,14.181056022644043,25.0,14.181056022644043,15.568622589111328,15.770062446594238,0.0,1.0,0.5672422409057617,1.0,0.0,0.0,0.0,0.0,0.0,1.6238245964050293,0.36215036209586365,0.4951957720518112,1.8,0.02,-0.0,-0.010099173425055947,-0.0005464882325520756,0.000510177612304688,0.15,-0.0,0.0,0.0,-0.0,0.0,0.0,0.0,0.0,0.35,0.0,0.0,0.0,0.0,0.0,0.0,0.0,0.0,0.25,-0.0,0.62371826171875,0.0,0.6238245964050293,-0.0,0.1559295654296875,0.1559295654296875,-0.05,0.2651957720518112,0.17679718136787415,0.2,0.0,-0.0,-0.0,-0.0,0.8,1.0,-0.0,0.0,-0.0,-0.0,0.0,0.0,0.0,0.22228584614116698,-0.0,-0.0,-0.0,0.02,0.0,0.0,0.0,0.0,0.0,0.0,0.17679718136787415,16.004580922164024,32.4,1.0,0.0,0.0,1.0,2.0,4.0,0.0,1.0,0.0,1.0,0.0,0.0,0.0,0.0,0.0,0.0,0.0,0.0,0.0,0.0,0.0,0.0,0.0,0.0,0.0,0.0,0.0,0.0,0.0,0.0,0.0,0.0,0.0,0.0,0.0,0.0,0.0,0.0,0.0,0.0,0.0,0.0,0.0,28.0,28.0,28.0,0.0,0.0,0.0,0.0,0.0,1.0,0.0,1.0,0.0,0.0,0.0,2.0,79.9392000772059,0.6516000721603632,0.000500003807246685,70.19300002139062,27.745800092816353,4.0,5.067700054496527,3.12480004504323,0.8693999843671918,0.000600004568696022
1,51,51,4.330236288974129,0,0,2.0,4.0,1.0,1.0,1.0,0.5886387825012207,0.5672422647476196,1.0,0.7248357534408569,1.0,0.6308025121688843,1.0,0.6227449178695679,0.6755834221839905,0.5672422647476196,1.0,0.5672422647476196,0.6308025121688843,0.6227449178695679,0.0,0.959327757358551,0.510073721408844,1.0,0.4694644510746002,0.22863687574863434,0.3595385253429413,0.0,-4.546208219835535e-05,0.0017850392032414675,-0.9999983906745911,0.0,0.0,0.0,0.0,0.0,0.0,130.54025268554688,14.181056022644043,25.0,14.181056022644043,15.568622589111328,15.770062446594238,0.0,1.0,0.5672422409057617,1.0,0.0,0.0,0.0,0.0,0.0,1.6405351758003235,0.36749149865850167,0.5022096145153045,1.8,0.02,-0.0,-0.010099173425055947,-0.0005464882325520756,0.0,0.15,-0.0,0.0,0.0,-0.0,0.0,0.0,0.0,0.0,0.35,0.0,0.0,0.0,0.0,0.0,0.0,0.0,0.0,0.25,-0.0,0.640380859375,0.0,0.6405351758003235,-0.0,0.16009521484375,0.16009521484375,-0.05,0.27220961451530457,0.18147307634353638,0.2,0.0,-0.0,-0.0,-0.0,0.8,1.0,-0.0,0.0,-0.0,-0.0,0.0,0.0,0.0,0.22813716031610967,-0.0,-0.0,-0.0,0.02,0.0,0.0,0.0,0.0,0.0,0.0,0.18147307634353638,16.425875542759897,32.4,1.0,0.0,0.0,1.0,2.0,4.0,0.0,1.0,0.0,1.0,0.0,0.0,0.0,0.0,0.0,0.0,0.0,0.0,0.0,0.0,0.0,0.0,0.0,0.0,0.0,0.0,0.0,0.0,0.0,0.0,0.0,0.0,0.0,0.0,0.0,0.0,0.0,0.0,0.0,0.0,0.0,0.0,0.0,28.0,28.0,28.0,0.0,0.0,0.0,0.0,0.0,1.0,0.0,1.0,0.0,0.0,0.0,2.04,26.713000028394163,0.7341000018641353,0.000600004568696022,17.476100008934736,12.898499961011112,4.0,4.371299990452826,3.2116000074893236,0.8907000301405787,0.000500003807246685
1,52,52,4.3609216159252595,0,0,2.0,4.0,1.0,1.0,1.0,0.5886387825012207,0.5672422647476196,1.0,0.7248357534408569,1.0,0.6308025121688843,1.0,0.6227449178695679,0.6755834221839905,0.5672422647476196,1.0,0.5672422647476196,0.6308025121688843,0.6227449178695679,0.0,0.9608400464057922,0.5100709795951843,1.0,0.4688861668109894,0.23465536534786224,0.365707129240036,0.0,-4.546208219835535e-05,0.0017899787053465843,-0.9999983906745911,0.0,0.0,0.0,0.0,0.0,0.0,130.70460510253906,14.185199737548828,25.0,14.185199737548828,15.532291412353516,15.77423095703125,0.0,1.0,0.5674079895019531,1.0,0.0,0.0,0.0,0.0,0.0,1.6575509905815125,0.3740263348488283,0.5093442904949188,1.8,0.02,-0.0,-0.010138164265142021,-0.0005455777750528947,0.000622634887695313,0.15,-0.0,0.0,0.0,-0.0,0.0,0.0,0.0,0.0,0.35,0.0,0.0,0.0,0.0,0.0,0.0,0.0,0.0,0.25,-0.0,0.65740966796875,0.0,0.6575509905815125,-0.0,0.1643524169921875,0.1643524169921875,-0.05,0.2793442904949188,0.18622952699661255,0.2,0.0,-0.0,-0.0,-0.0,0.8,1.0,-0.0,0.0,-0.0,-0.0,0.0,0.0,0.0,0.2340874420013279,-0.0,-0.0,-0.0,0.02,0.0,0.0,0.0,0.0,0.0,0.0,0.18622952699661255,16.85429582409561,32.4,1.0,0.0,0.0,1.0,2.0,4.0,0.0,1.0,0.0,1.0,0.0,0.0,0.0,0.0,0.0,0.0,0.0,0.0,0.0,0.0,0.0,0.0,0.0,0.0,0.0,0.0,0.0,0.0,0.0,0.0,0.0,0.0,0.0,0.0,0.0,0.0,0.0,0.0,0.0,0.0,0.0,0.0,0.0,28.0,28.0,28.0,0.0,0.0,0.0,0.0,0.0,1.0,0.0,1.0,0.0,0.0,0.0,2.08,49.78390003088862,0.8203999605029821,0.000800006091594696,40.35030002705753,30.10159998666495,4.0,4.358800011686981,3.46989999525249,0.7532000308856368,0.000500003807246685
1,53,53,3.7765852989517374,0,0,2.0,3.0,1.0,1.0,1.0,0.5888094305992126,0.5674079656600952,1.0,0.7233158349990845,1.0,0.630969226360321,1.0,0.6212916374206543,0.6740125417709351,0.5674079656600952,1.0,0.5674079656600952,0.630969226360321,0.6212916374206543,0.0,0.9623919129371643,0.5100681185722351,1.0,0.4682939350605011,0.24077565968036652,0.3718926012516022,0.0,-7.539294165326282e-05,0.0017960143741220236,-0.9999983906745911,0.0,0.0,0.0,0.0,0.0,0.0,130.87254333496094,14.189571380615234,25.0,14.189571380615234,15.494300842285156,15.778609275817871,0.0,1.0,0.5675828552246094,1.0,0.0,0.0,0.0,0.0,0.0,1.6718425750732422,0.37842674272882143,0.49131600439548495,1.2149999767541886,0.02,-0.0,-0.010179488643446805,-0.0005446231258797497,0.0006897735595703131,0.15,-0.0,0.0,0.0,-0.0,0.0,0.0,0.0,0.0,0.35,0.0,0.0,0.0,0.0,0.0,0.0,0.0,0.0,0.25,-0.0,0.6717529296875,0.0,0.6718425750732422,-0.0,0.167938232421875,0.167938232421875,-0.05,0.28531600534915924,0.19021067023277283,0.2,0.0,-0.0,-0.0,-0.0,0.5599999904632569,0.699999988079071,-0.0,0.0,-0.0,-0.0,0.0,0.0,0.0,0.23846108093857765,-0.04500000178813934,-0.0,-0.0,0.02,0.0,0.0,0.0,0.0,0.0,0.0,0.19021067023277283,17.16919782757759,32.4,0.7326086850269979,0.0,0.0,0.699999988079071,2.0,3.0,0.0,0.699999988079071,0.0,0.699999988079071,0.0,0.0,0.0,0.0,0.0,0.0,0.0,0.0,0.0,0.0,0.0,0.0,0.0,0.0,0.0,0.0,0.0,0.0,0.0,0.0,0.0,0.0,0.0,0.0,0.0,0.0,0.0,0.0,0.0,0.0,0.0,0.0,0.0,28.0,28.0,28.0,0.0,0.0,0.0,0.0,0.0,1.0,0.0,1.0,0.0,0.0,0.0,2.12,66.06480001937598,0.7466999813914299,0.000500003807246685,55.375600000843406,36.0841000219807,4.0,5.60029991902411,3.503900021314621,0.797600019723177,0.000400003045797348
1,54,54,4.368287950705758,0,0,2.0,4.0,1.0,1.0,1.0,0.5889894366264343,0.5675828456878662,1.0,0.7217240333557129,1.0,0.6311443448066711,1.0,0.6197720170021057,0.672366201877594,0.5675828456878662,1.0,0.5675828456878662,0.6311443448066711,0.6197720170021057,0.0,0.9639769792556763,0.5100651979446411,1.0,0.4676903486251831,0.24527426064014435,0.2733524441719055,0.0,-5.645881174132228e-05,0.0017998312832787633,-0.9999983906745911,0.0,0.0,0.0,0.0,0.0,0.0,131.04440307617188,14.189571380615234,25.0,14.189571380615234,15.494300842285156,15.778609275817871,0.0,1.0,0.5675828552246094,1.0,0.0,0.0,0.0,0.0,0.0,1.6875691413879395,0.38383892620729604,0.5218798848986625,1.7549999982118607,0.02,-0.0,-0.010179488643446805,-0.0005446231258797497,0.0,0.15,-0.0,0.0,0.0,-0.0,0.0,0.0,0.0,0.0,0.35,0.0,0.0,0.0,0.0,0.0,0.0,0.0,0.0,0.25,-0.0,0.68743896484375,0.0,0.6875691413879395,-0.0,0.1718597412109375,0.1718597412109375,-0.05,0.29187988489866257,0.1945865899324417,0.2,0.0,-0.0,-0.0,-0.0,0.8,1.0,-0.0,0.0,-0.0,-0.0,0.0,0.0,0.0,0.2445630379766226,-0.04500000178813934,-0.0,-0.0,0.02,0.0,0.0,0.0,0.0,0.0,0.0,0.1945865899324417,17.608538734316827,32.4,1.0,0.0,0.0,1.0,2.0,4.0,0.0,1.0,0.0,1.0,0.0,0.0,0.0,0.0,0.0,0.0,0.0,0.0,0.0,0.0,0.0,0.0,0.0,0.0,0.0,0.0,0.0,0.0,0.0,0.0,0.0,0.0,0.0,0.0,0.0,0.0,0.0,0.0,0.0,0.0,0.0,0.0,0.0,28.0,28.0,28.0,0.0,0.0,0.0,0.0,0.0,1.0,0.0,1.0,0.0,0.0,0.0,2.16,24.26710003055632,0.7283000741153955,0.000700005330145359,15.087999985553324,11.033599963411689,4.0,4.408300039358437,2.7354999911040068,1.274899928830564,0.000400003045797348
1,55,55,3.8303702287772246,0,0,2.0,3.0,1.0,1.0,1.0,0.5889894366264343,0.5675828456878662,1.0,0.7217240333557129,1.0,0.6311443448066711,1.0,0.6197720170021057,0.672366201877594,0.5675828456878662,1.0,0.5675828456878662,0.6311443448066711,0.6197720170021057,0.0,0.9655985236167908,0.5100622773170471,1.0,0.46707430481910706,0.251550555229187,0.3813723027706146,0.0,-5.645881174132228e-05,0.0018085569608956575,-0.9999983906745911,0.0,0.0,0.0,0.0,0.0,0.0,131.21995544433594,14.194047927856445,25.0,14.194047927856445,15.454947471618652,15.783110618591309,0.0,1.0,0.5677619171142578,1.0,0.0,0.0,0.0,0.0,0.0,1.702372133731842,0.38894627023726147,0.5040518480539322,1.2149999767541886,0.02,-0.0,-0.010223092537324978,-0.0005436433940174526,0.0006593704223632813,0.15,-0.0,0.0,0.0,-0.0,0.0,0.0,0.0,0.0,0.35,0.0,0.0,0.0,0.0,0.0,0.0,0.0,0.0,0.25,-0.0,0.70220947265625,0.0,0.702372133731842,-0.0,0.1755523681640625,0.1755523681640625,-0.05,0.2980518490076065,0.19870123267173767,0.2,0.0,-0.0,-0.0,-0.0,0.5599999904632569,0.699999988079071,-0.0,0.0,-0.0,-0.0,0.0,0.0,0.0,0.24905363574624062,-0.04500000178813934,-0.0,-0.0,0.02,0.0,0.0,0.0,0.0,0.0,0.0,0.19870123267173767,17.931861773729324,32.4,0.7326086850269979,0.0,0.0,0.699999988079071,2.0,3.0,0.0,0.699999988079071,0.0,0.699999988079071,0.0,0.0,0.0,0.0,0.0,0.0,0.0,0.0,0.0,0.0,0.0,0.0,0.0,0.0,0.0,0.0,0.0,0.0,0.0,0.0,0.0,0.0,0.0,0.0,0.0,0.0,0.0,0.0,0.0,0.0,0.0,0.0,0.0,28.0,28.0,28.0,0.0,0.0,0.0,0.0,0.0,1.0,0.0,1.0,0.0,0.0,0.0,2.2,138.81459995172918,0.7188000017777085,0.000600004568696022,62.78430006932467,25.71309998165816,4.0,50.82190001849085,22.27580000180751,2.162200049497187,0.000500003807246685
1,56,56,4.423044182809585,0,0,2.0,4.0,1.0,1.0,1.0,0.5891732573509216,0.5677618980407715,1.0,0.720064103603363,1.0,0.6313244104385376,1.0,0.6181979179382324,0.6706591844558716,0.5677618980407715,1.0,0.5677618980407715,0.6313244104385376,0.6181979179382324,0.0,0.9672544002532959,0.5100592374801636,1.0,0.4664466679096222,0.25616946816444397,0.2806623578071594,0.0,-5.352265725377947e-05,0.0018131048418581486,-0.9999983310699463,0.0,0.0,0.0,0.0,0.0,0.0,131.3995819091797,14.194047927856445,25.0,14.194047927856445,15.454947471618652,15.783110618591309,0.0,1.0,0.5677619171142578,1.0,0.0,0.0,0.0,0.0,0.0,1.7186185121536255,0.3946068112575952,0.5348188611865043,1.7549999982118607,0.02,-0.0,-0.010223092537324978,-0.0005436433940174526,0.0,0.15,-0.0,0.0,0.0,-0.0,0.0,0.0,0.0,0.0,0.35,0.0,0.0,0.0,0.0,0.0,0.0,0.0,0.0,0.25,-0.0,0.718505859375,0.0,0.7186185121536255,-0.0,0.17962646484375,0.17962646484375,-0.05,0.30481886118650436,0.20321257412433624,0.2,0.0,-0.0,-0.0,-0.0,0.8,1.0,-0.0,0.0,-0.0,-0.0,0.0,0.0,0.0,0.2553735471889377,-0.04500000178813934,-0.0,-0.0,0.02,0.0,0.0,0.0,0.0,0.0,0.0,0.20321257412433624,18.38689539760351,32.4,1.0,0.0,0.0,1.0,2.0,4.0,0.0,1.0,0.0,1.0,0.0,0.0,0.0,0.0,0.0,0.0,0.0,0.0,0.0,0.0,0.0,0.0,0.0,0.0,0.0,0.0,0.0,0.0,0.0,0.0,0.0,0.0,0.0,0.0,0.0,0.0,0.0,0.0,0.0,0.0,0.0,0.0,0.0,28.0,28.0,28.0,0.0,0.0,0.0,0.0,0.0,1.0,0.0,1.0,0.0,0.0,0.0,2.24,37.31579997111112,0.7564999395981431,0.000700005330145359,25.909599964506924,18.293699948117137,4.0,5.715699982829392,3.2748000230640173,1.622100011445582,0.000300002284348011
1,57,57,3.8858441284009726,0,0,2.0,3.0,1.0,1.0,1.0,0.5891732573509216,0.5677618980407715,1.0,0.720064103603363,1.0,0.6313244104385376,1.0,0.6181979179382324,0.6706591844558716,0.5677618980407715,1.0,0.5677618980407715,0.6313244104385376,0.6181979179382324,0.0,0.9689478278160095,0.5100563168525696,1.0,0.46580633521080017,0.2626699209213257,0.39499446749687195,0.0,-5.352265725377947e-05,0.0018217216711491346,-0.9999983310699463,0.0,0.0,0.0,0.0,0.0,0.0,131.58302307128906,14.198614120483398,25.0,14.198614120483398,15.414139747619629,15.787670135498047,0.0,1.0,0.567944564819336,1.0,0.0,0.0,0.0,0.0,0.0,1.7338896989822388,0.39977982995002553,0.5171746227145195,1.2149999767541886,0.02,-0.0,-0.010269214694266351,-0.0005426527971221903,0.000579833984375,0.15,-0.0,0.0,0.0,-0.0,0.0,0.0,0.0,0.0,0.35,0.0,0.0,0.0,0.0,0.0,0.0,0.0,0.0,0.25,-0.0,0.7337646484375,0.0,0.7338896989822388,-0.0,0.183441162109375,0.183441162109375,-0.05,0.3111746236681938,0.2074497491121292,0.2,0.0,-0.0,-0.0,-0.0,0.5599999904632569,0.699999988079071,-0.0,0.0,-0.0,-0.0,0.0,0.0,0.0,0.2600118634570391,-0.04500000178813934,-0.0,-0.0,0.02,0.0,0.0,0.0,0.0,0.0,0.0,0.2074497491121292,18.72085416890681,32.4,0.7326086850269979,0.0,0.0,0.699999988079071,2.0,3.0,0.0,0.699999988079071,0.0,0.699999988079071,0.0,0.0,0.0,0.0,0.0,0.0,0.0,0.0,0.0,0.0,0.0,0.0,0.0,0.0,0.0,0.0,0.0,0.0,0.0,0.0,0.0,0.0,0.0,0.0,0.0,0.0,0.0,0.0,0.0,0.0,0.0,0.0,0.0,28.0,28.0,28.0,0.0,0.0,0.0,0.0,0.0,1.0,0.0,1.0,0.0,0.0,0.0,2.28,52.74810001719743,0.5929000908508897,0.000500003807246685,38.4978000074625,17.84030010458082,4.0,5.2244000835344195,4.431099980138242,3.969399956986308,0.000600004568696022
1,58,58,4.4794491478511596,0,0,2.0,4.0,1.0,1.0,1.0,0.5893608331680298,0.5679445862770081,1.0,0.7183523774147034,1.0,0.6315068006515503,1.0,0.6165655851364136,0.6688898205757141,0.5679445862770081,1.0,0.5679445862770081,0.6315068006515503,0.6165655851364136,0.0,0.970676600933075,0.5100533366203308,1.0,0.465154230594635,0.2674407660961151,0.2898947596549988,0.0,-4.0294286009157076e-05,0.0018255185568705201,-0.9999983310699463,0.0,0.0,0.0,0.0,0.0,0.0,131.77064514160156,14.198614120483398,25.0,14.198614120483398,15.414139747619629,15.787670135498047,0.0,1.0,0.567944564819336,1.0,0.0,0.0,0.0,0.0,0.0,1.7506181597709656,0.40569692787616535,0.5481340619921684,1.7549999982118607,0.02,-0.0,-0.010269214694266351,-0.0005426527971221903,0.0,0.15,-0.0,0.0,0.0,-0.0,0.0,0.0,0.0,0.0,0.35,0.0,0.0,0.0,0.0,0.0,0.0,0.0,0.0,0.25,-0.0,0.75048828125,0.0,0.7506181597709656,-0.0,0.1876220703125,0.1876220703125,-0.05,0.3181340619921684,0.21208937466144562,0.2,0.0,-0.0,-0.0,-0.0,0.8,1.0,-0.0,0.0,-0.0,-0.0,0.0,0.0,0.0,0.2665087953675539,-0.04500000178813934,-0.0,-0.0,0.02,0.0,0.0,0.0,0.0,0.0,0.0,0.21208937466144562,19.188633266463878,32.4,1.0,0.0,0.0,1.0,2.0,4.0,0.0,1.0,0.0,1.0,0.0,0.0,0.0,0.0,0.0,0.0,0.0,0.0,0.0,0.0,0.0,0.0,0.0,0.0,0.0,0.0,0.0,0.0,0.0,0.0,0.0,0.0,0.0,0.0,0.0,0.0,0.0,0.0,0.0,0.0,0.0,0.0,0.0,28.0,28.0,28.0,0.0,0.0,0.0,0.0,0.0,1.0,0.0,1.0,0.0,0.0,0.0,2.32,54.77970000356436,0.7480999920517206,0.000600004568696022,45.857899938710034,15.508800046518445,4.0,4.775299923494458,2.558100037276745,0.8086999878287315,0.000400003045797348
1,59,59,3.9428981910752037,0,0,2.0,3.0,1.0,1.0,1.0,0.5893608331680298,0.5679445862770081,1.0,0.7183523774147034,1.0,0.6315068006515503,1.0,0.6165655851364136,0.6688898205757141,0.5679445862770081,1.0,0.5679445862770081,0.6315068006515503,0.6165655851364136,0.0,0.9724439978599548,0.510050356388092,1.0,0.4644891917705536,0.27412334084510803,0.40605825185775757,0.0,-4.0294286009157076e-05,0.0018329638987779617,-0.9999983310699463,0.0,0.0,0.0,0.0,0.0,0.0,131.96217346191406,14.203265190124512,25.0,14.203265190124512,15.371842384338379,15.792348861694336,0.0,1.0,0.5681306076049805,1.0,0.0,0.0,0.0,0.0,0.0,1.7663183808326721,0.41091691807973163,0.5306629154086113,1.2149999767541886,0.02,-0.0,-0.010318005740798239,-0.0005416381773010435,0.0005166625976562506,0.15,-0.0,0.0,0.0,-0.0,0.0,0.0,0.0,0.0,0.35,0.0,0.0,0.0,0.0,0.0,0.0,0.0,0.0,0.25,-0.0,0.76611328125,0.0,0.7663183808326721,-0.0,0.1915283203125,0.1915283203125,-0.05,0.3246629163622856,0.21644194424152374,0.2,0.0,-0.0,-0.0,-0.0,0.5599999904632569,0.699999988079071,-0.0,0.0,-0.0,-0.0,0.0,0.0,0.0,0.27125989940017464,-0.04500000178813934,-0.0,-0.0,0.02,0.0,0.0,0.0,0.0,0.0,0.0,0.21644194424152374,19.530712756812573,32.4,0.7326086850269979,0.0,0.0,0.699999988079071,2.0,3.0,0.0,0.699999988079071,0.0,0.699999988079071,0.0,0.0,0.0,0.0,0.0,0.0,0.0,0.0,0.0,0.0,0.0,0.0,0.0,0.0,0.0,0.0,0.0,0.0,0.0,0.0,0.0,0.0,0.0,0.0,0.0,0.0,0.0,0.0,0.0,0.0,0.0,0.0,0.0,28.0,28.0,28.0,0.0,0.0,0.0,0.0,0.0,1.0,0.0,1.0,0.0,0.0,0.0,2.36,43.78930001985282,0.6667999550700188,0.000600004568696022,32.51629997976124,19.469600054435432,4.0,5.6368999648839235,4.17820003349334,0.7598999654874206,0.000400003045797348
1,60,60,4.012268168713058,0,0,2.0,3.0,1.0,1.0,1.0,0.5895521640777588,0.568130612373352,1.0,0.716579258441925,1.0,0.631693959236145,1.0,0.6148737072944641,0.6670606136322021,0.568130612373352,1.0,0.568130612373352,0.631693959236145,0.6148737072944641,0.0,0.9742476940155029,0.510047197341919,1.0,0.4638121724128723,0.27901017665863037,0.2969439923763275,0.0,-3.65580381185282e-05,0.0018355537904426455,-0.9999983310699463,0.0,0.0,0.0,0.0,0.0,0.0,132.1571807861328,14.208104133605957,25.0,14.208104133605957,15.327958106994629,15.797247886657715,0.0,1.0,0.5683241653442382,1.0,0.0,0.0,0.0,0.0,0.0,1.7801523804664612,0.4157229358806273,0.5363928738236428,1.259999978542328,0.02,-0.0,-0.010369491230374414,-0.0005405778170059896,0.0005646514892578129,0.15,-0.0,0.0,0.0,-0.0,0.0,0.0,0.0,0.0,0.35,0.0,0.0,0.0,0.0,0.0,0.0,0.0,0.0,0.25,-0.0,0.780029296875,0.0,0.7801523804664612,-0.0,0.19500732421875,0.19500732421875,-0.05,0.33039287477731705,0.22026191651821136,0.2,0.0,-0.0,-0.0,-0.0,0.5599999904632569,0.699999988079071,-0.0,0.0,-0.0,-0.0,0.0,0.0,0.0,0.2760683534387499,-0.0,-0.0,-0.0,0.02,0.0,0.0,0.0,0.0,0.0,0.0,0.22026191651821136,19.876921447589993,32.4,0.7326086850269979,0.0,0.0,0.699999988079071,2.0,3.0,0.0,0.699999988079071,0.0,0.699999988079071,0.0,0.0,0.0,0.0,0.0,0.0,0.0,0.0,0.0,0.0,0.0,0.0,0.0,0.0,0.0,0.0,0.0,0.0,0.0,0.0,0.0,0.0,0.0,0.0,0.0,0.0,0.0,0.0,0.0,0.0,0.0,0.0,0.0,28.0,28.0,28.0,0.0,0.0,0.0,0.0,0.0,1.0,0.0,1.0,0.0,0.0,0.0,2.4,59.9423999665305,0.8499999530613422,0.000500003807246685,38.59790007118136,20.944399992004037,4.0,16.086900024674833,3.1014999840408564,1.261599943973124,0.000400003045797348
1,61,61,4.562935032165702,0,0,2.0,4.0,1.0,1.0,1.0,0.5897524356842041,0.5683241486549377,1.0,0.7147396206855774,1.0,0.6318899393081665,1.0,0.6131183505058289,0.6651579141616821,0.5683241486549377,1.0,0.5683241486549377,0.6318899393081665,0.6131183505058289,0.0,0.9760831594467163,0.5100439786911011,1.0,0.4631249010562897,0.28395602107048035,0.3005283772945404,0.0,-4.517818524618633e-05,0.001839113887399435,-0.9999983310699463,0.0,0.0,0.0,0.0,0.0,0.0,132.50372314453125,14.208104133605957,25.0,14.208104133605957,15.327958106994629,15.797247886657715,0.0,1.0,0.5683241653442382,1.0,0.0,0.0,0.0,0.0,0.0,1.7984635829925537,0.4218373047477564,0.5676341462135315,1.7549999982118607,0.02,-0.0,-0.010369491230374414,-0.0005405778170059896,0.0,0.15,-0.0,0.0,0.0,-0.0,0.0,0.0,0.0,0.0,0.35,0.0,0.0,0.0,0.0,0.0,0.0,0.0,0.0,0.25,-0.0,1.38616943359375,0.0,0.7984635829925537,-0.0,0.3465423583984375,0.3465423583984375,-0.05,0.3376341462135315,0.225089430809021,0.2,0.0,-0.0,-0.0,-0.0,0.8,1.0,-0.0,0.0,-0.0,-0.0,0.0,0.0,0.0,0.2827473737951368,-0.04500000178813934,-0.0,-0.0,0.02,0.0,0.0,0.0,0.0,0.0,0.0,0.225089430809021,20.35781091324985,32.4,1.0,0.0,0.0,1.0,2.0,4.0,0.0,1.0,0.0,1.0,0.0,0.0,0.0,0.0,0.0,0.0,0.0,0.0,0.0,0.0,0.0,0.0,0.0,0.0,0.0,0.0,0.0,0.0,0.0,110.9197998046875,61.21795654296875,111.18155670166016,61.03388214111328,0.26175689697265625,-0.18407440185546875,0.3200000822544098,-0.6128881987126867,-0.8755081295967102,-0.48320335149765015,0.0,0.0,0.0,0.0,28.0,28.0,28.0,0.0,1.0,30.0,1.0,0.0,1.0,0.0,1.0,0.0,0.0,0.0,2.44,197.0745000289753,0.6195999449118972,152.40590006578714,36.950599984265864,14.255900052376091,4.0,4.265700001269579,2.1666999673470855,0.6342000560835004,0.000500003807246685
1,62,62,4.645374038052931,0,0,2.0,4.0,1.0,1.0,1.0,0.5897524356842041,0.5683241486549377,1.0,0.7147396206855774,1.0,0.6318899393081665,1.0,0.6131183505058289,0.6651579141616821,0.5683241486549377,1.0,0.5683241486549377,0.6318899393081665,0.6131183505058289,0.0,0.9801397323608398,0.5085064172744751,1.0,0.4605211317539215,0.29082587361335754,0.4174387753009796,0.0,-4.517818524618633e-05,0.0018460253486409783,-0.9999982714653015,0.0,0.0,0.0,0.0,0.0,0.0,132.74978637695312,14.213244438171387,25.0,14.213244438171387,15.289969444274902,15.80240535736084,0.0,1.0,0.5685297775268555,1.0,0.0,0.0,0.0,0.0,0.0,1.8192678689956665,0.4302372388366612,0.5758689302206039,1.8,0.02,-0.0,-0.010412858246128516,-0.0005394637608419192,0.0016165924072265628,0.15,-0.0,0.0,0.0,-0.0,0.0,0.0,0.0,0.0,0.35,0.0,0.0,0.0,0.0,0.0,0.0,0.0,0.0,0.25,-0.0,0.9842529296875,0.0,0.8192678689956665,-0.0,0.246063232421875,0.246063232421875,-0.05,0.34586893022060394,0.23057928681373596,0.2,0.0,-0.0,-0.0,-0.0,0.8,1.0,-0.0,0.0,-0.0,-0.0,0.0,0.0,0.0,0.28957296843640506,-0.0,-0.0,-0.0,0.02,0.0,0.0,0.0,0.0,0.0,0.0,0.23057928681373596,20.849253727421164,32.4,1.0,0.0,0.0,1.0,2.0,4.0,0.0,1.0,0.0,1.0,0.0,0.0,0.0,0.0,0.0,0.0,0.0,0.0,0.0,0.0,0.0,0.0,0.0,0.0,0.0,0.0,0.0,0.0,0.0,111.1814956665039,61.033843994140625,111.3642578125,60.77117156982422,0.18276214599609375,-0.26267242431640625,0.3199981451034546,-0.9629083674680251,-0.8766017556190491,-0.48121654987335205,0.0,0.0,0.0,0.0,28.0,28.0,28.0,0.0,1.0,30.0,0.0,0.0,1.0,0.0,1.0,0.0,0.0,0.0,2.48,186.16360006853938,0.7637999951839447,130.1866000285372,47.10440000053495,15.638800105080009,4.0,4.342800006270409,3.025699988938868,0.6969000678509474,0.000500003807246685
1,63,63,4.6801372813211755,0,0,2.0,4.0,1.0,1.0,1.0,0.5899637937545776,0.5685297846794128,1.0,0.7128309011459351,1.0,0.6320962309837341,1.0,0.611598789691925,0.6631845831871033,0.5685297846794128,1.0,0.5685297846794128,0.6320962309837341,0.611598789691925,0.0,0.9835817217826843,0.5063123106956482,1.0,0.457684189081192,0.2978464961051941,0.4265996515750885,0.0,-7.812268449924886e-05,0.0018522115424275398,-0.9999982714653015,0.0,0.0,0.0,0.0,0.0,0.0,132.89051818847656,14.213244438171387,25.0,14.213244438171387,15.289969444274902,15.80240535736084,0.0,1.0,0.5685297775268555,1.0,0.0,0.0,0.0,0.0,0.0,1.840361773967743,0.4355709420667964,0.5842045652866363,1.8,0.02,-0.0,-0.010412858246128516,-0.0005394637608419192,0.0,0.15,-0.0,0.0,0.0,-0.0,0.0,0.0,0.0,0.0,0.35,0.0,0.0,0.0,0.0,0.0,0.0,0.0,0.0,0.25,-0.0,0.56292724609375,0.0,0.8403617739677429,-0.0,0.1407318115234375,0.1407318115234375,-0.05,0.35420456528663635,0.23613637685775757,0.2,0.0,-0.0,-0.0,-0.0,0.8,1.0,-0.0,0.0,-0.0,-0.0,0.0,0.0,0.0,0.29652326407376683,-0.0,-0.0,-0.0,0.02,0.0,0.0,0.0,0.0,0.0,0.0,0.23613637685775757,21.34967501331121,32.4,1.0,0.0,0.0,1.0,2.0,4.0,0.0,1.0,0.0,1.0,0.0,0.0,0.0,0.0,0.0,0.0,0.0,0.0,0.0,0.0,0.0,0.0,0.0,0.0,0.0,0.0,0.0,0.0,0.0,111.36396026611328,60.77098083496094,111.44554138183594,60.46155548095703,0.08158111572265625,-0.30942535400390625,0.31999924778938293,-1.3130090477135155,-0.8778060674667358,-0.47901615500450134,0.0,0.0,0.0,0.0,28.0,28.0,28.0,0.0,1.0,30.0,0.0,0.0,1.0,0.0,1.0,0.0,0.0,0.0,2.52,172.794200014323,0.44790003448724747,126.4841000083834,38.645499967969954,12.854099972173572,4.0,4.227800061926246,2.3195999674499035,0.62519998755306,0.000700005330145359
1,64,64,4.104641050589125,0,0,2.0,3.0,1.0,1.0,1.0,0.5899637937545776,0.5685297846794128,1.0,0.7128309011459351,1.0,0.6320962309837341,1.0,0.611598789691925,0.6631845831871033,0.5685297846794128,1.0,0.5685297846794128,0.6320962309837341,0.611598789691925,0.0,0.9862239956855774,0.5037296414375305,1.0,0.45486733317375183,0.3049953579902649,0.4343934655189514,0.0,-7.812268449924886e-05,0.00185921392403543,-0.9999982714653015,0.0,0.0,0.0,0.0,0.0,0.0,132.933349609375,14.218709945678711,25.0,14.218709945678711,15.267022132873535,15.80788803100586,0.0,1.0,0.5687483978271485,1.0,0.0,0.0,0.0,0.0,0.0,1.8580727577209473,0.44441928912405276,0.5671490269899369,1.2149999767541886,0.02,-0.0,-0.010434578195918712,-0.000538281975686435,0.003811798095703125,0.15,-0.0,0.0,0.0,-0.0,0.0,0.0,0.0,0.0,0.35,0.0,0.0,0.0,0.0,0.0,0.0,0.0,0.0,0.25,-0.0,0.17132568359375,0.0,0.8580727577209473,-0.0,0.0428314208984375,0.0428314208984375,-0.05,0.36114902794361115,0.2407660186290741,0.2,0.0,-0.0,-0.0,-0.0,0.5599999904632569,0.699999988079071,-0.0,0.0,-0.0,-0.0,0.0,0.0,0.0,0.3015803511999548,-0.04500000178813934,-0.0,-0.0,0.02,0.0,0.0,0.0,0.0,0.0,0.0,0.2407660186290741,21.713785286396742,32.4,0.7326086850269979,0.0,0.0,0.699999988079071,2.0,3.0,0.0,0.699999988079071,0.0,0.699999988079071,0.0,0.0,0.0,0.0,0.0,0.0,0.0,0.0,0.0,0.0,0.0,0.0,0.0,0.0,0.0,0.0,0.0,0.0,0.0,111.44489288330078,60.46150588989258,111.41541290283203,60.14286804199219,-0.02947998046875,-0.3186378479003906,0.3199986517429352,-1.6630524633455241,-0.8789762854576111,-0.4768655300140381,0.0,0.0,0.0,0.0,28.0,28.0,28.0,0.0,1.0,30.0,0.0,0.0,1.0,0.0,1.0,0.0,0.0,0.0,2.56,171.4333000127226,0.5549999186769128,123.54080006480217,40.12729995884001,18.637400004081428,4.0,4.163300036452711,2.4404999567195773,0.5768000846728683,0.000600004568696022
1,65,65,4.698598659192066,0,0,2.0,4.0,1.0,1.0,1.0,0.5901888608932495,0.568748414516449,1.0,0.7108255624771118,1.0,0.6323155164718628,1.0,0.610680878162384,0.661125123500824,0.568748414516449,1.0,0.568748414516449,0.6323155164718628,0.610680878162384,0.0,0.9879772067070007,0.5010718703269958,1.0,0.4523215889930725,0.3101969361305237,0.3160679340362549,0.0,-5.6952023442136124e-05,0.0018639758927747607,-0.9999982714653015,0.0,0.0,0.0,0.0,0.0,0.0,132.89915466308594,14.218709945678711,25.0,14.218709945678711,15.267022132873535,15.80788803100586,0.0,1.0,0.5687483978271485,1.0,0.0,0.0,0.0,0.0,0.0,1.8772016763687134,0.44763551220748926,0.5987614724040031,1.7549999982118607,0.02,-0.0,-0.010434578195918712,-0.000538281975686435,0.0,0.15,-0.0,0.0,0.0,-0.0,0.0,0.0,0.0,0.0,0.35,0.0,0.0,0.0,0.0,0.0,0.0,0.0,0.0,0.25,-0.0,-0.2735595703125,0.0,0.8772016763687134,-0.0,-0.0341949462890625,-0.0341949462890625,-0.05,0.36876147240400314,0.24584098160266876,0.2,0.0,-0.0,-0.0,-0.0,0.8,1.0,-0.0,0.0,-0.0,-0.0,0.0,0.0,0.0,0.3086083723790944,-0.04500000178813934,-0.0,-0.0,0.02,0.0,0.0,0.0,0.0,0.0,0.0,0.24584098160266876,22.219802811294795,32.4,1.0,0.0,0.0,1.0,2.0,4.0,0.0,1.0,0.0,1.0,0.0,0.0,0.0,0.0,0.0,0.0,0.0,0.0,0.0,0.0,0.0,0.0,0.0,0.0,0.0,0.0,0.0,0.0,0.0,111.41451263427734,60.14303970336914,111.2775650024414,59.853824615478516,-0.1369476318359375,-0.289215087890625,0.320000022649765,-2.0130321952914407,-0.8799740672111511,-0.47502174973487854,0.0,0.0,0.0,0.0,28.0,28.0,28.0,0.0,1.0,30.0,0.0,0.0,1.0,0.0,1.0,0.0,0.0,0.0,2.6,157.69179991912097,0.6564999930560589,111.69759999029338,38.177099893800914,13.414400047622621,4.0,3.9092000806704164,2.684699953533709,0.5296999588608742,0.000500003807246685
1,66,66,4.173138461385861,0,0,2.0,3.0,1.0,1.0,1.0,0.5901888608932495,0.568748414516449,1.0,0.7108255624771118,1.0,0.6323155164718628,1.0,0.610680878162384,0.661125123500824,0.568748414516449,1.0,0.568748414516449,0.6323155164718628,0.610680878162384,0.0,0.9888767600059509,0.49866145849227905,1.0,0.45026153326034546,0.31742575764656067,0.4392513334751129,0.0,-5.6952023442136124e-05,0.0018735366174951196,-0.9999982714653015,0.0,0.0,0.0,0.0,0.0,0.0,132.81793212890625,14.234036445617676,25.0,14.234036445617676,15.217578887939453,15.813594818115234,0.0,1.0,0.569361457824707,1.0,0.0,0.0,0.0,0.0,0.0,1.8948987126350403,0.4613421717034727,0.5818976002931595,1.2149999767541886,0.02,-0.0,-0.010475096866471167,-0.0005370546328002764,0.008610725402832033,0.15,-0.0,0.0,0.0,-0.0,0.0,0.0,0.0,0.0,0.35,0.0,0.0,0.0,0.0,0.0,0.0,0.0,0.0,0.25,-0.0,-0.6497802734375,0.0,0.8948987126350403,-0.0,-0.0812225341796875,-0.0812225341796875,-0.05,0.3758976012468338,0.25059840083122253,0.2,0.0,-0.0,-0.0,-0.0,0.5599999904632569,0.699999988079071,-0.0,0.0,-0.0,-0.0,0.0,0.0,0.0,0.3137435977999121,-0.04500000178813934,-0.0,-0.0,0.02,0.0,0.0,0.0,0.0,0.0,0.0,0.25059840083122253,22.58953904159367,32.4,0.7326086850269979,0.0,0.0,0.699999988079071,2.0,3.0,0.0,0.699999988079071,0.0,0.699999988079071,0.0,0.0,0.0,0.0,0.0,0.0,0.0,0.0,0.0,0.0,0.0,0.0,0.0,0.0,0.0,0.0,0.0,0.0,0.0,111.27661895751953,59.854251861572266,111.04881286621094,59.62952423095703,-0.22780609130859375,-0.22472763061523438,0.31999707221984863,-2.36299708627769,-0.8806821703910828,-0.47370752692222595,0.0,0.0,0.0,0.0,28.0,28.0,28.0,0.0,1.0,30.0,0.0,0.0,1.0,0.0,1.0,0.0,0.0,0.0,2.64,160.89149995241314,0.5443999543786049,117.6983000477776,36.005200003273785,25.84819996263832,4.0,3.454499994404614,2.494000014849007,0.6695999763906002,0.000500003807246685
1,67,67,4.788806374097071,0,0,2.0,4.0,1.0,1.0,1.0,0.5904216766357422,0.5693614482879639,1.0,0.7087613940238953,1.0,0.6325438022613525,1.0,0.6087031364440918,0.6589892506599426,0.5693614482879639,1.0,0.5693614482879639,0.6325438022613525,0.6087031364440918,0.0,0.9890611171722412,0.496789813041687,1.0,0.44884583353996277,0.3227077126502991,0.32095158100128174,0.0,-7.448603719240054e-05,0.00187860825099051,-0.9999982118606567,0.0,0.0,0.0,0.0,0.0,0.0,132.72657775878906,14.265312194824219,25.0,14.265312194824219,15.208032608032227,15.819368362426758,0.0,1.0,0.5706124877929688,1.0,0.0,0.0,0.0,0.0,0.0,1.9138845205307007,0.48621227564831754,0.613709579706192,1.7549999982118607,0.02,-0.0,-0.010425933264973646,-0.0005358157803766856,0.02618446350097656,0.15,-0.0,0.0,0.0,-0.0,0.0,0.0,0.0,0.0,0.35,0.0,0.0,0.0,0.0,0.0,0.0,0.0,0.0,0.25,-0.0,-0.7308349609375,0.0,0.9138845205307007,-0.0,-0.0913543701171875,-0.0913543701171875,-0.05,0.383709579706192,0.2558063864707947,0.2,0.0,-0.0,-0.0,-0.0,0.8,1.0,-0.0,0.0,-0.0,-0.0,0.0,0.0,0.0,0.32098956119269134,-0.04500000178813934,-0.0,-0.0,0.02,0.0,0.0,0.0,0.0,0.0,0.0,0.2558063864707947,23.111248405873773,32.4,1.0,0.0,0.0,1.0,2.0,4.0,0.0,1.0,0.0,1.0,0.0,0.0,0.0,0.0,0.0,0.0,0.0,0.0,0.0,0.0,0.0,0.0,0.0,0.0,0.0,0.0,0.0,0.0,0.0,111.04814147949219,59.630126953125,110.757080078125,59.49714660644531,-0.2910614013671875,-0.1329803466796875,0.3200007975101471,-2.713031468726038,-0.8810170292854309,-0.47308453917503357,0.0,0.0,0.0,0.0,28.0,28.0,28.0,0.0,1.0,30.0,0.0,0.0,1.0,0.0,1.0,0.0,0.0,0.0,2.68,173.69080008938909,0.5771000869572163,112.04389994964004,53.92099998425692,26.9411999033764,4.0,4.424999933689833,1.9830000819638371,0.6980000762268901,0.000300002284348011
1,68,68,6.3951978686086965,0,0,2.0,4.0,1.0,1.0,1.0,0.5906577110290527,0.5706124901771545,1.0,0.7066186666488647,1.0,0.6327747106552124,1.0,0.6083213090896606,0.6567854285240173,0.5706124901771545,1.0,0.5706124901771545,0.6327747106552124,0.6083213090896606,0.0,0.988764226436615,0.49568384885787964,1.0,0.44815486669540405,0.3301606774330139,0.45287272334098816,0.0,-9.426753968000412e-05,0.0018872357904911041,-0.9999982118606567,0.0,0.0,0.0,0.0,0.0,0.0,132.6509246826172,14.265312194824219,25.0,14.265312194824219,15.208032608032227,15.819368362426758,0.0,1.0,0.5706124877929688,1.0,0.0,0.0,0.0,0.0,0.0,1.9352158308029175,0.46737539198325506,2.172606645822525,1.8,0.02,-0.0,-0.010425933264973646,-0.0005358157803766856,0.0,0.15,-0.0,0.0,0.0,-0.0,0.0,0.0,0.0,0.0,0.35,0.0,0.0,0.0,0.0,0.0,0.0,0.0,0.0,0.25,-0.0,-0.605224609375,0.0,0.9352158308029175,-0.0,-0.075653076171875,-0.075653076171875,1.5,0.392606645822525,0.26173776388168335,0.2,0.0,-0.0,-0.0,-0.0,0.8,1.0,-0.0,0.0,-0.0,-0.0,0.0,0.0,0.0,0.3283371410286054,-0.0,-0.0,-0.0,0.02,0.0,0.0,0.0,0.0,0.0,0.0,0.26173776388168335,23.64027415405959,32.4,1.0,0.0,0.0,1.0,2.0,4.0,0.0,1.0,0.0,1.0,0.0,0.0,0.0,0.0,0.0,0.0,0.0,0.0,0.0,0.0,0.0,0.0,0.0,0.0,0.0,0.0,0.0,0.0,0.0,110.7567138671875,59.49787521362305,110.4436264038086,59.431732177734375,-0.31308746337890625,-0.06614303588867188,0.3199979066848755,-2.9333934308939,-0.8809366822242737,-0.4732341468334198,0.0,0.0,0.0,0.0,28.0,28.0,28.0,0.0,1.0,30.0,0.0,0.0,1.0,0.0,1.0,0.0,0.0,0.0,2.72,135.60380006674677,0.6926000351086259,116.39670003205538,10.764599894173443,7.407699944451451,4.0,4.461999982595444,2.6100999675691128,0.6475000409409404,0.000400003045797348
1,69,69,4.927903021517778,0,0,2.0,4.0,1.0,1.0,1.0,0.5906577110290527,0.5706124901771545,1.0,0.7066186666488647,1.0,0.6327747106552124,1.0,0.6083213090896606,0.6567854285240173,0.5706124901771545,1.0,0.5706124901771545,0.6327747106552124,0.6083213090896606,0.0,0.9883342981338501,0.4951349198818207,1.0,0.44791385531425476,0.3377181887626648,0.45922374725341797,0.0,-9.426753968000412e-05,0.0018936513224616647,-0.9999982118606567,0.0,0.0,0.0,0.0,0.0,0.0,132.58065795898438,14.312735557556152,25.0,14.312735557556152,15.213302612304688,15.825268745422363,0.0,1.0,0.5725094223022461,1.0,0.0,0.0,0.0,0.0,0.0,1.9568032622337341,0.5194916200075398,0.6316081392765045,1.8,0.02,-0.0,-0.010323711049461195,-0.0005345526642091227,0.044514846801757824,0.15,-0.0,0.0,0.0,-0.0,0.0,0.0,0.0,0.0,0.35,0.0,0.0,0.0,0.0,0.0,0.0,0.0,0.0,0.25,-0.0,-0.5621337890625,0.0,0.9568032622337341,-0.0,-0.0702667236328125,-0.0702667236328125,-0.05,0.4016081392765045,0.2677387595176697,0.2,0.0,-0.0,-0.0,-0.0,0.8,1.0,-0.0,0.0,-0.0,-0.0,0.0,0.0,0.0,0.33583503691945227,-0.0,-0.0,-0.0,0.02,0.0,0.0,0.0,0.0,0.0,0.0,0.2677387595176697,24.180122658200563,32.4,1.0,0.0,0.0,1.0,2.0,4.0,0.0,1.0,0.0,1.0,0.0,0.0,0.0,0.0,0.0,0.0,0.0,0.0,0.0,0.0,0.0,0.0,0.0,0.0,0.0,0.0,0.0,0.0,0.0,110.4433822631836,59.432472229003906,110.13030242919922,59.36626434326172,-0.313079833984375,-0.0662078857421875,0.32000383734703064,-2.933190239586162,-0.8805943727493286,-0.4738708436489105,0.0,0.0,0.0,0.0,28.0,28.0,28.0,0.0,1.0,30.0,0.0,0.0,1.0,0.0,1.0,0.0,0.0,0.0,2.76,177.46049992274493,0.46339991968125105,119.40059997141361,49.07060007099062,15.918100019916892,4.0,4.485600045882165,3.312299959361553,0.6852999795228243,0.000300002284348011
1,70,70,4.921911943326341,0,0,2.0,4.0,1.0,1.0,1.0,0.5908990502357483,0.5725094079971313,1.0,0.7044050693511963,1.0,0.633010745048523,1.0,0.6085321307182312,0.6544927954673767,0.5725094079971313,1.0,0.5725094079971313,0.633010745048523,0.6085321307182312,0.0,0.9879558682441711,0.4945826828479767,1.0,0.4476514458656311,0.34543031454086304,0.4686184823513031,0.0,-6.401581777026877e-05,0.0018991496181115508,-0.9999982118606567,0.0,0.0,0.0,0.0,0.0,0.0,132.51583862304688,14.312735557556152,25.0,14.312735557556152,15.213302612304688,15.825268745422363,0.0,1.0,0.5725094223022461,1.0,0.0,0.0,0.0,0.0,0.0,1.9786515831947327,0.48254124856983377,0.6407191115617752,1.8,0.02,-0.0,-0.010323711049461195,-0.0005345526642091227,0.0,0.15,-0.0,0.0,0.0,-0.0,0.0,0.0,0.0,0.0,0.35,0.0,0.0,0.0,0.0,0.0,0.0,0.0,0.0,0.25,-0.0,-0.5185546875,0.0,0.9786515831947327,-0.0,-0.0648193359375,-0.0648193359375,-0.05,0.4107191115617752,0.27381274104118347,0.2,0.0,-0.0,-0.0,-0.0,0.8,1.0,-0.0,0.0,-0.0,-0.0,0.0,0.0,0.0,0.34339951228350407,-0.0,-0.0,-0.0,0.02,0.0,0.0,0.0,0.0,0.0,0.0,0.27381274104118347,24.72476488441229,32.4,1.0,0.0,0.0,1.0,2.0,4.0,0.0,1.0,0.0,1.0,0.0,0.0,0.0,0.0,0.0,0.0,0.0,0.0,0.0,0.0,0.0,0.0,0.0,0.0,0.0,0.0,0.0,0.0,0.0,110.13023376464844,59.36668014526367,109.8171615600586,59.300437927246094,-0.31307220458984375,-0.06624221801757812,0.3200035095214844,-2.933080330802136,-0.8802515268325806,-0.4745074212551117,0.0,0.0,0.0,0.0,28.0,28.0,28.0,0.0,1.0,30.0,0.0,0.0,1.0,0.0,1.0,0.0,0.0,0.0,2.8,114.742900012061,0.5713000427931547,95.76830000150949,13.669000007212162,10.856300010345876,4.0,2.670499961823225,1.6072000144049525,0.43530005495995283,0.000300002284348011
1,71,71,4.414345191361699,0,0,2.0,3.0,1.0,1.0,1.0,0.5908990502357483,0.5725094079971313,1.0,0.7044050693511963,1.0,0.633010745048523,1.0,0.6085321307182312,0.6544927954673767,0.5725094079971313,1.0,0.5725094079971313,0.633010745048523,0.6085321307182312,0.0,0.9876292943954468,0.4940282702445984,1.0,0.4473683536052704,0.3532109260559082,0.4727797210216522,0.0,-6.401581777026877e-05,0.0019044161308556795,-0.9999982118606567,0.0,0.0,0.0,0.0,0.0,0.0,132.45556640625,14.376710891723633,25.0,14.376710891723633,15.233723640441895,15.831438064575195,0.0,1.0,0.5750684356689453,1.0,0.0,0.0,0.0,0.0,0.0,1.996853232383728,0.5581896408818107,0.6243023413419724,1.2149999767541886,0.02,-0.0,-0.010168773250868677,-0.0005332351601025832,0.06998481750488282,0.15,-0.0,0.0,0.0,-0.0,0.0,0.0,0.0,0.0,0.35,0.0,0.0,0.0,0.0,0.0,0.0,0.0,0.0,0.25,-0.0,-0.482177734375,0.0,0.996853232383728,-0.0,-0.060272216796875,-0.060272216796875,-0.05,0.41830234229564667,0.2788682281970978,0.2,0.0,-0.0,-0.0,-0.0,0.5599999904632569,0.699999988079071,-0.0,0.0,-0.0,-0.0,0.0,0.0,0.0,0.34890683178789916,-0.04500000178813934,-0.0,-0.0,0.02,0.0,0.0,0.0,0.0,0.0,0.0,0.2788682281970978,25.121291888728738,32.4,0.7326086850269979,0.0,0.0,0.699999988079071,2.0,3.0,0.0,0.699999988079071,0.0,0.699999988079071,0.0,0.0,0.0,0.0,0.0,0.0,0.0,0.0,0.0,0.0,0.0,0.0,0.0,0.0,0.0,0.0,0.0,0.0,0.0,109.81723022460938,59.30064392089844,109.50416564941406,59.23438262939453,-0.3130645751953125,-0.06626129150390625,0.3199999928474426,-2.9330170868188503,-0.8799076080322266,-0.47514480352401733,0.0,0.0,0.0,0.0,28.0,28.0,28.0,0.0,1.0,30.0,0.0,0.0,1.0,0.0,1.0,0.0,0.0,0.0,2.84,204.37380007933825,0.417300034314394,138.90550006181002,54.6019000466913,32.71839988883585,4.0,5.251900060102344,3.957799985073507,1.2082000030204654,0.000400003045797348
1,72,72,4.944712837811876,0,0,2.0,4.0,1.0,1.0,1.0,0.5911512970924377,0.5750684142112732,1.0,0.7020971179008484,1.0,0.6332575082778931,1.0,0.6093489527702332,0.6521146893501282,0.5750684142112732,1.0,0.5750684142112732,0.6332575082778931,0.6093489527702332,0.0,0.9873454570770264,0.49347296357154846,1.0,0.44706881046295166,0.3588756024837494,0.3442074656486511,0.0,-2.5301942514488474e-05,0.0019071487477049232,-0.999998152256012,0.0,0.0,0.0,0.0,0.0,0.0,132.3916015625,14.376710891723633,25.0,14.376710891723633,15.233723640441895,15.831438064575195,0.0,1.0,0.5750684356689453,1.0,0.0,0.0,0.0,0.0,0.0,2.0172351598739624,0.49586974310534104,0.6566079366207123,1.7549999982118607,0.02,-0.0,-0.010168773250868677,-0.0005332351601025832,0.0,0.15,-0.0,0.0,0.0,-0.0,0.0,0.0,0.0,0.0,0.35,0.0,0.0,0.0,0.0,0.0,0.0,0.0,0.0,0.25,-0.0,-0.51171875,0.0,1.0172351598739624,-0.0,-0.06396484375,-0.06396484375,-0.05,0.4266079366207123,0.28440529108047485,0.2,0.0,-0.0,-0.0,-0.0,0.8,1.0,-0.0,0.0,-0.0,-0.0,0.0,0.0,0.0,0.3565717515163123,-0.04500000178813934,-0.0,-0.0,0.02,0.0,0.0,0.0,0.0,0.0,0.0,0.28440529108047485,25.67316610917449,32.4,1.0,0.0,0.0,1.0,2.0,4.0,0.0,1.0,0.0,1.0,0.0,0.0,0.0,0.0,0.0,0.0,0.0,0.0,0.0,0.0,0.0,0.0,0.0,0.0,0.0,0.0,0.0,0.0,0.0,109.50430297851562,59.234527587890625,109.23294067382812,59.06493377685547,-0.2713623046875,-0.16959381103515625,0.3199993073940277,-2.5830135750550527,-0.8795619606971741,-0.47578439116477966,0.0,0.0,0.0,0.0,28.0,28.0,28.0,0.0,1.0,29.0,0.0,0.0,1.0,0.0,1.0,0.0,0.0,0.0,2.88,137.92179990559816,0.6946999346837401,115.29840005096048,13.739300076849759,10.810800013132393,4.0,4.611300071701407,2.908300026319921,0.6432998925447464,0.000400003045797348
1,73,73,5.126485191621718,0,0,2.0,4.0,1.0,1.0,1.0,0.5911512970924377,0.5750684142112732,1.0,0.7020971179008484,1.0,0.6332575082778931,1.0,0.6093489527702332,0.6521146893501282,0.5750684142112732,1.0,0.5750684142112732,0.6332575082778931,0.6093489527702332,0.0,0.9874581098556519,0.49205324053764343,1.0,0.44599801301956177,0.3667595088481903,0.4790574908256531,0.0,-2.5301942514488474e-05,0.001915325177833438,-0.999998152256012,0.0,0.0,0.0,0.0,0.0,0.0,132.3635711669922,14.457758903503418,25.0,14.457758903503418,15.269099235534668,15.83801555633545,0.0,1.0,0.5783103561401367,1.0,0.0,0.0,0.0,0.0,0.0,2.0408051013946533,0.5996192890786507,0.6660608011484146,1.8,0.02,-0.0,-0.009962879275952106,-0.0005318340641015382,0.09576988220214844,0.15,-0.0,0.0,0.0,-0.0,0.0,0.0,0.0,0.0,0.35,0.0,0.0,0.0,0.0,0.0,0.0,0.0,0.0,0.25,-0.0,-0.2242431640625,0.0,1.0408051013946533,-0.0,-0.0280303955078125,-0.0280303955078125,-0.05,0.4360608011484146,0.29070720076560974,0.2,0.0,-0.0,-0.0,-0.0,0.8,1.0,-0.0,0.0,-0.0,-0.0,0.0,0.0,0.0,0.36434412021655593,-0.0,-0.0,-0.0,0.02,0.0,0.0,0.0,0.0,0.0,0.0,0.29070720076560974,26.232776655592026,32.4,1.0,0.0,0.0,1.0,2.0,4.0,0.0,1.0,0.0,1.0,0.0,0.0,0.0,0.0,0.0,0.0,0.0,0.0,0.0,0.0,0.0,0.0,0.0,0.0,0.0,0.0,0.0,0.0,0.0,109.23341369628906,59.0647087097168,109.03665924072266,58.81234359741211,-0.19675445556640625,-0.2523651123046875,0.3200007379055023,-2.2330000446502165,-0.8796404600143433,-0.47563931345939636,0.0,0.0,0.0,0.0,28.0,28.0,28.0,0.0,1.0,29.0,0.0,0.0,1.0,0.0,1.0,0.0,0.0,0.0,2.92,181.11619993578643,0.6004999158903956,113.47720003686845,58.69099998380989,38.789100013673306,4.0,4.596600076183677,3.029199899174273,0.6915000267326832,0.000400003045797348
1,74,74,4.577648375629388,0,0,2.0,3.0,1.0,1.0,1.0,0.5914210081100464,0.5783103704452515,1.0,0.699705183506012,1.0,0.6335206031799316,1.0,0.6107639670372009,0.6496433019638062,0.5783103704452515,1.0,0.5783103704452515,0.6335206031799316,0.6107639670372009,0.0,0.9882457852363586,0.48994365334510803,1.0,0.4441799521446228,0.3747539520263672,0.4857730567455292,0.0,-0.00010658640530891716,0.0019233718048781157,-0.999998152256012,0.0,0.0,0.0,0.0,0.0,0.0,132.3629150390625,14.556194305419922,25.0,14.556194305419922,15.31986141204834,15.84489631652832,0.0,1.0,0.5822477722167969,1.0,0.0,0.0,0.0,0.0,0.0,2.0607813596725464,0.6319498699893581,0.649917169213295,1.2149999767541886,0.02,-0.0,-0.009708122892439938,-0.0005303723075605443,0.12211036682128906,0.15,-0.0,0.0,0.0,-0.0,0.0,0.0,0.0,0.0,0.35,0.0,0.0,0.0,0.0,0.0,0.0,0.0,0.0,0.25,-0.0,-0.0052490234375,0.0,1.0607813596725464,-0.0,-0.0006561279296875,-0.0006561279296875,-0.05,0.4439171701669693,0.29594478011131287,0.2,0.0,-0.0,-0.0,-0.0,0.5599999904632569,0.699999988079071,-0.0,0.0,-0.0,-0.0,0.0,0.0,0.0,0.37007799836806954,-0.04500000178813934,-0.0,-0.0,0.02,0.0,0.0,0.0,0.0,0.0,0.0,0.29594478011131287,26.64561588250101,32.4,0.7326086850269979,0.0,0.0,0.699999988079071,2.0,3.0,0.0,0.699999988079071,0.0,0.699999988079071,0.0,0.0,0.0,0.0,0.0,0.0,0.0,0.0,0.0,0.0,0.0,0.0,0.0,0.0,0.0,0.0,0.0,0.0,0.0,109.0372314453125,58.812129974365234,108.87748718261719,58.534854888916016,-0.1597442626953125,-0.27727508544921875,0.3199995458126068,-2.0934733673281243,-0.880134642124176,-0.47472402453422546,0.0,0.0,0.0,0.0,28.0,28.0,28.0,0.0,1.0,29.0,0.0,0.0,1.0,0.0,1.0,0.0,0.0,0.0,2.96,180.33369991462678,0.6202999502420425,126.49609998334199,43.48799993749708,24.386500008404255,4.0,5.225799977779388,3.6721000215038657,0.7916999747976661,0.000500003807246685
1,75,75,5.057927734492287,0,0,2.0,4.0,1.0,1.0,1.0,0.591702938079834,0.582247793674469,1.0,0.6972132921218872,1.0,0.6337958574295044,1.0,0.6127944588661194,0.6470778584480286,0.582247793674469,1.0,0.582247793674469,0.6337958574295044,0.6127944588661194,0.0,0.9893850684165955,0.48762646317481995,1.0,0.44208136200904846,0.38065165281295776,0.358367383480072,0.0,-7.35980793251656e-05,0.0019287901232019067,-0.999998152256012,0.0,0.0,0.0,0.0,0.0,0.0,132.3679962158203,14.556194305419922,25.0,14.556194305419922,15.31986141204834,15.84489631652832,0.0,1.0,0.5822477722167969,1.0,0.0,0.0,0.0,0.0,0.0,2.082617998123169,0.5177937635164115,0.6825159746408462,1.7549999982118607,0.02,-0.0,-0.009708122892439938,-0.0005303723075605443,0.0,0.15,-0.0,0.0,0.0,-0.0,0.0,0.0,0.0,0.0,0.35,0.0,0.0,0.0,0.0,0.0,0.0,0.0,0.0,0.25,-0.0,0.02032470703125,0.0,1.082617998123169,-0.0,0.0050811767578125,0.0050811767578125,-0.05,0.45251597464084625,0.30167731642723083,0.2,0.0,-0.0,-0.0,-0.0,0.8,1.0,-0.0,0.0,-0.0,-0.0,0.0,0.0,0.0,0.37803225871641194,-0.04500000178813934,-0.0,-0.0,0.02,0.0,0.0,0.0,0.0,0.0,0.0,0.30167731642723083,27.218322627581657,32.4,1.0,0.0,0.0,1.0,2.0,4.0,0.0,1.0,0.0,1.0,0.0,0.0,0.0,0.0,0.0,0.0,0.0,0.0,0.0,0.0,0.0,0.0,0.0,0.0,0.0,0.0,0.0,0.0,0.0,108.87800598144531,58.53464889526367,108.71823120117188,58.257389068603516,-0.1597747802734375,-0.27725982666015625,0.3200015425682068,-2.0935798018802965,-0.8807815313339233,-0.47352296113967896,0.0,0.0,0.0,0.0,28.0,28.0,28.0,0.0,1.0,29.0,0.0,0.0,1.0,0.0,1.0,0.0,0.0,0.0,3.0,179.71369996666908,0.6551999831572175,136.2602999433875,34.760800073854625,28.524499968625605,4.0,4.670899943448603,2.5525999953970313,0.7835000287741423,0.000400003045797348
1,76,76,5.294899245212917,0,0,2.0,4.0,1.0,1.0,1.0,0.591702938079834,0.582247793674469,1.0,0.6972132921218872,1.0,0.6337958574295044,1.0,0.6127944588661194,0.6470778584480286,0.582247793674469,1.0,0.582247793674469,0.6337958574295044,0.6127944588661194,0.0,0.9905701279640198,0.4853111505508423,1.0,0.4399653971195221,0.3888331949710846,0.4971412718296051,0.0,-7.35980793251656e-05,0.0019380871672183275,-0.9999980926513672,0.0,0.0,0.0,0.0,0.0,0.0,132.37960815429688,14.672341346740723,25.0,14.672341346740723,15.386677742004395,15.851855278015137,0.0,1.0,0.5868936538696289,1.0,0.0,0.0,0.0,0.0,0.0,2.1073155403137207,0.6752945205673029,0.6922891843318939,1.8,0.02,-0.0,-0.009407069626840323,-0.0005288980242238791,0.14915428161621094,0.15,-0.0,0.0,0.0,-0.0,0.0,0.0,0.0,0.0,0.35,0.0,0.0,0.0,0.0,0.0,0.0,0.0,0.0,0.25,-0.0,0.04644775390625,0.0,1.1073155403137207,-0.0,0.0116119384765625,0.0116119384765625,-0.05,0.4622891843318939,0.30819278955459595,0.2,0.0,-0.0,-0.0,-0.0,0.8,1.0,-0.0,0.0,-0.0,-0.0,0.0,0.0,0.0,0.3860762066021562,-0.0,-0.0,-0.0,0.02,0.0,0.0,0.0,0.0,0.0,0.0,0.30819278955459595,27.797486875355247,32.4,1.0,0.0,0.0,1.0,2.0,4.0,0.0,1.0,0.0,1.0,0.0,0.0,0.0,0.0,0.0,0.0,0.0,0.0,0.0,0.0,0.0,0.0,0.0,0.0,0.0,0.0,0.0,0.0,0.0,108.7185287475586,58.25739669799805,108.5587387084961,57.98014831542969,-0.1597900390625,-0.2772483825683594,0.31999924778938293,-2.0936389762917504,-0.8814282417297363,-0.47231796383857727,0.0,0.0,0.0,0.0,28.0,28.0,28.0,0.0,1.0,29.0,0.0,0.0,1.0,0.0,1.0,0.0,0.0,0.0,3.04,155.62600002158433,0.5240000318735838,116.00160005036741,31.779699958860874,21.672399947419763,4.0,4.361600033007562,2.2455999860540032,0.6532999686896801,0.000500003807246685
1,77,77,5.188354225485717,0,0,2.0,4.0,1.0,1.0,1.0,0.5919875502586365,0.5868936777114868,1.0,0.6946476101875305,1.0,0.6340742111206055,1.0,0.6154671311378479,0.6444310545921326,0.5868936777114868,1.0,0.5868936777114868,0.6340742111206055,0.6154671311378479,0.0,0.9918081760406494,0.48299694061279297,1.0,0.43782898783683777,0.39710694551467896,0.5027467608451843,0.0,-8.012048056116328e-05,0.001944984309375286,-0.9999980926513672,0.0,0.0,0.0,0.0,0.0,0.0,132.35232543945312,14.672341346740723,25.0,14.672341346740723,15.386677742004395,15.851855278015137,0.0,1.0,0.5868936538696289,1.0,0.0,0.0,0.0,0.0,0.0,2.1318687200546265,0.5343286529473413,0.7021568524837494,1.8,0.02,-0.0,-0.009407069626840323,-0.0005288980242238791,0.0,0.15,-0.0,0.0,0.0,-0.0,0.0,0.0,0.0,0.0,0.35,0.0,0.0,0.0,0.0,0.0,0.0,0.0,0.0,0.25,-0.0,-0.21826171875,0.0,1.1318687200546265,-0.0,-0.02728271484375,-0.02728271484375,-0.05,0.4721568524837494,0.31477123498916626,0.2,0.0,-0.0,-0.0,-0.0,0.8,1.0,-0.0,0.0,-0.0,-0.0,0.0,0.0,0.0,0.39426462059840556,-0.0,-0.0,-0.0,0.02,0.0,0.0,0.0,0.0,0.0,0.0,0.31477123498916626,28.3870526830852,32.4,1.0,0.0,0.0,1.0,2.0,4.0,0.0,1.0,0.0,1.0,0.0,0.0,0.0,0.0,0.0,0.0,0.0,0.0,0.0,0.0,0.0,0.0,0.0,0.0,0.0,0.0,0.0,0.0,0.0,108.55890655517578,57.98027038574219,108.31373596191406,57.77462387084961,-0.24517059326171875,-0.20564651489257812,0.3199986219406128,-2.443642989765188,-0.8820754885673523,-0.4711080491542816,0.0,0.0,0.0,0.0,28.0,28.0,28.0,0.0,1.0,29.0,1.0,0.0,1.0,0.0,1.0,0.0,0.0,0.0,3.08,176.86750006396323,0.5163999740034342,120.98370003513992,46.40670004300773,16.050899983383715,4.0,4.814899992197752,3.4593999153003097,0.6540000904351473,0.000600004568696022
1,78,78,5.478145426577065,0,0,2.0,4.0,1.0,1.0,1.0,0.5919875502586365,0.5868936777114868,1.0,0.6946476101875305,1.0,0.6340742111206055,1.0,0.6154671311378479,0.6444310545921326,0.5868936777114868,1.0,0.5868936777114868,0.6340742111206055,0.6154671311378479,0.0,0.9923885464668274,0.48128268122673035,1.0,0.4363649785518646,0.40552932024002075,0.5117758512496948,0.0,-8.012048056116328e-05,0.00195060926489532,-0.9999980926513672,0.0,0.0,0.0,0.0,0.0,0.0,132.32199096679688,14.893844604492188,25.0,14.893844604492188,15.469785690307617,15.858964920043945,0.0,1.0,0.5957537841796875,1.0,0.0,0.0,0.0,0.0,0.0,2.1564286947250366,0.7895920307097174,0.7121247011423111,1.8,0.02,-0.0,-0.008919344579288594,-0.0005273960506861967,0.24653282165527346,0.15,-0.0,0.0,0.0,-0.0,0.0,0.0,0.0,0.0,0.35,0.0,0.0,0.0,0.0,0.0,0.0,0.0,0.0,0.25,-0.0,-0.24267578125,0.0,1.1564286947250366,-0.0,-0.03033447265625,-0.03033447265625,-0.05,0.4821247011423111,0.3214164674282074,0.2,0.0,-0.0,-0.0,-0.0,0.8,1.0,-0.0,0.0,-0.0,-0.0,0.0,0.0,0.0,0.4025059496844188,-0.0,-0.0,-0.0,0.02,0.0,0.0,0.0,0.0,0.0,0.0,0.3214164674282074,28.98042837727815,32.4,1.0,0.0,0.0,1.0,2.0,4.0,0.0,1.0,0.0,1.0,0.0,0.0,0.0,0.0,0.0,0.0,0.0,0.0,0.0,0.0,0.0,0.0,0.0,0.0,0.0,0.0,0.0,0.0,0.0,108.31377410888672,57.77513885498047,108.03382873535156,57.620121002197266,-0.27994537353515625,-0.15501785278320312,0.31999990344047546,-2.6358800971207637,-0.882326602935791,-0.47063764929771423,0.0,0.0,0.0,0.0,28.0,28.0,28.0,0.0,1.0,29.0,0.0,0.0,1.0,0.0,1.0,0.0,0.0,0.0,3.12,201.31210004910827,0.6085999775677919,142.84290000796318,50.0160000519827,23.800999973900616,4.0,4.93059994187206,2.1958000725135207,0.6846999749541283,0.000400003045797348
1,79,79,4.657359540653522,0,0,2.0,3.0,1.0,1.0,1.0,0.5957537889480591,0.661318302154541,1.0,0.6919991970062256,1.0,0.6343585848808289,1.0,0.618791401386261,0.6416930556297302,0.5957537889480591,1.0,0.5957537889480591,0.6343585848808289,0.618791401386261,0.0,0.9927330613136292,0.47999098896980286,1.0,0.43529364466667175,0.4140061140060425,0.5150830745697021,0.0,-6.068733273423277e-05,0.001955809537321329,-0.9999980926513672,0.0,0.0,0.0,0.0,0.0,0.0,132.29681396484375,14.893844604492188,25.0,14.893844604492188,15.469785690307617,15.858964920043945,0.0,1.0,0.5957537841796875,1.0,0.0,0.0,0.0,0.0,0.0,2.17692494392395,0.5490386577370725,0.6963959622383118,1.2149999767541886,0.02,-0.0,-0.008919344579288594,-0.0005273960506861967,0.0,0.15,-0.0,0.0,0.0,-0.0,0.0,0.0,0.0,0.0,0.35,0.0,0.0,0.0,0.0,0.0,0.0,0.0,0.0,0.25,-0.0,-0.201416015625,0.0,1.1769249439239502,-0.0,-0.025177001953125,-0.025177001953125,-0.05,0.4903959631919861,0.3269306421279907,0.2,0.0,-0.0,-0.0,-0.0,0.5599999904632569,0.699999988079071,-0.0,0.0,-0.0,-0.0,0.0,0.0,0.0,0.40848539836704734,-0.04500000178813934,-0.0,-0.0,0.02,0.0,0.0,0.0,0.0,0.0,0.0,0.3269306421279907,29.410948682427406,32.4,0.7326086850269979,0.0,0.0,0.699999988079071,2.0,3.0,0.0,0.699999988079071,0.0,0.699999988079071,0.0,0.0,0.0,0.0,0.0,0.0,0.0,0.0,0.0,0.0,0.0,0.0,0.0,0.0,0.0,0.0,0.0,0.0,0.0,108.03370666503906,57.62073516845703,107.75377655029297,57.46569061279297,-0.27993011474609375,-0.1550445556640625,0.3199995160102844,-2.6357839944859798,-0.882343590259552,-0.4706057608127594,0.0,0.0,0.0,0.0,28.0,28.0,28.0,0.0,1.0,29.0,0.0,0.0,1.0,0.0,1.0,0.0,0.0,0.0,3.16,175.9998999768868,0.5408999277278781,133.52710008621216,32.7526000328362,14.054000028409064,4.0,4.967900109477341,3.433300065807998,0.7465999806299806,0.000500003807246685
1,80,80,5.531216662899695,0,0,2.0,4.0,1.0,1.0,1.0,0.5957537889480591,0.661318302154541,1.0,0.6919991970062256,1.0,0.6343585848808289,1.0,0.618791401386261,0.6416930556297302,0.5957537889480591,1.0,0.5957537889480591,0.6343585848808289,0.618791401386261,0.0,0.9931248426437378,0.4786970019340515,1.0,0.43420276045799255,0.42015641927719116,0.3737155497074127,0.0,-6.068733273423277e-05,0.001958665903657675,-0.9999980926513672,0.0,0.0,0.0,0.0,0.0,0.0,132.27728271484375,15.12740707397461,25.0,15.12740707397461,15.56947135925293,15.866462707519531,0.0,1.0,0.6050962829589843,1.0,0.0,0.0,0.0,0.0,0.0,2.1993215084075928,0.8274540243308175,0.7294411319494247,1.7549999982118607,0.02,-0.0,-0.008421541068359439,-0.0005258166987975705,0.2695976257324219,0.15,-0.0,0.0,0.0,-0.0,0.0,0.0,0.0,0.0,0.35,0.0,0.0,0.0,0.0,0.0,0.0,0.0,0.0,0.25,-0.0,-0.15625,0.0,1.1993215084075928,-0.0,-0.01953125,-0.01953125,-0.05,0.49944113194942474,0.33296075463294983,0.2,0.0,-0.0,-0.0,-0.0,0.8,1.0,-0.0,0.0,-0.0,-0.0,0.0,0.0,0.0,0.4168037563655526,-0.04500000178813934,-0.0,-0.0,0.02,0.0,0.0,0.0,0.0,0.0,0.0,0.33296075463294983,30.009870458319785,32.4,1.0,0.0,0.0,1.0,2.0,4.0,0.0,1.0,0.0,1.0,0.0,0.0,0.0,0.0,0.0,0.0,0.0,0.0,0.0,0.0,0.0,0.0,0.0,0.0,0.0,0.0,0.0,0.0,0.0,107.7537841796875,57.46608352661133,107.47386169433594,57.31101989746094,-0.2799224853515625,-0.15506362915039062,0.32000207901000977,-2.6357203379811893,-0.8823618292808533,-0.4705716669559479,0.0,0.0,0.0,0.0,28.0,28.0,28.0,0.0,1.0,29.0,0.0,0.0,1.0,0.0,1.0,0.0,0.0,0.0,3.2,191.0440999781713,0.6457000272348523,145.15060000121593,37.16459998395294,27.971599949523807,4.0,4.879200016148388,2.211799961514771,0.9615999879315495,0.000500003807246685
1,81,81,5.707505550323517,0,0,2.0,4.0,1.0,1.0,1.0,0.6050962805747986,0.7588514685630798,1.0,0.6892423033714294,1.0,0.6346585154533386,1.0,0.6227788329124451,0.6388506889343262,0.6050962805747986,1.0,0.6050962805747986,0.6346585154533386,0.6227788329124451,0.0,0.9935676455497742,0.477401465177536,1.0,0.43309158086776733,0.4287124276161194,0.5198974013328552,0.0,-9.968262747861445e-05,0.0019671842455863953,-0.9999980926513672,0.0,0.0,0.0,0.0,0.0,0.0,132.26416015625,15.32303237915039,25.0,15.32303237915039,15.815162658691406,15.874307632446289,0.0,1.0,0.6129212951660157,1.0,0.0,0.0,0.0,0.0,0.0,2.224724769592285,0.9230584734068227,0.7397223073244095,1.8,0.02,-0.0,-0.007829419414723975,-0.0005241692879014279,0.35619125366210946,0.15,-0.0,0.0,0.0,-0.0,0.0,0.0,0.0,0.0,0.35,0.0,0.0,0.0,0.0,0.0,0.0,0.0,0.0,0.25,-0.0,-0.10498046875,0.0,1.2247247695922852,-0.0,-0.01312255859375,-0.01312255859375,-0.05,0.5097223073244095,0.3398148715496063,0.2,0.0,-0.0,-0.0,-0.0,0.8,1.0,-0.0,0.0,-0.0,-0.0,0.0,0.0,0.0,0.4252208084473386,-0.0,-0.0,-0.0,0.02,0.0,0.0,0.0,0.0,0.0,0.0,0.3398148715496063,30.61589820820838,32.4,1.0,0.0,0.0,1.0,2.0,4.0,0.0,1.0,0.0,1.0,0.0,0.0,0.0,0.0,0.0,0.0,0.0,0.0,0.0,0.0,0.0,0.0,0.0,0.0,0.0,0.0,0.0,0.0,0.0,107.47396850585938,57.311275482177734,107.19405364990234,57.15620422363281,-0.27991485595703125,-0.15507125854492188,0.319999098777771,-2.6356878946559035,-0.8823807835578918,-0.4705359637737274,0.0,0.0,0.0,0.0,28.0,28.0,28.0,0.0,1.0,29.0,0.0,0.0,1.0,0.0,1.0,0.0,0.0,0.0,3.24,222.37730002962053,0.5678000161424279,143.4990999987349,67.53080000635237,25.678800069727004,4.0,5.646799923852086,4.227300058118999,0.8639999432489276,0.000600004568696022
1,82,82,5.395936103318349,0,0,2.0,4.0,1.0,1.0,1.0,0.6129212975502014,0.859647810459137,1.0,0.6864054799079895,1.0,0.634972333908081,1.0,0.6326065063476562,0.6359161138534546,0.6129212975502014,1.0,0.6129212975502014,0.634972333908081,0.6326065063476562,0.0,0.9940681457519531,0.4761052429676056,1.0,0.43195852637290955,0.4373699724674225,0.5260657668113708,0.0,-0.00010515496978769079,0.0019755931571125984,-0.9999980330467224,0.0,0.0,0.0,0.0,0.0,0.0,132.25746154785156,15.32303237915039,25.0,15.32303237915039,15.815162658691406,15.874307632446289,0.0,1.0,0.6129212951660157,1.0,0.0,0.0,0.0,0.0,0.0,2.250405788421631,0.5754410909158152,0.7500892239809036,1.8,0.02,-0.0,-0.007829419414723975,-0.0005241692879014279,0.0,0.15,-0.0,0.0,0.0,-0.0,0.0,0.0,0.0,0.0,0.35,0.0,0.0,0.0,0.0,0.0,0.0,0.0,0.0,0.25,-0.0,-0.0535888671875,0.0,1.2504057884216309,-0.0,-0.0066986083984375,-0.0066986083984375,-0.05,0.5200892239809036,0.3467261493206024,0.2,0.0,-0.0,-0.0,-0.0,0.8,1.0,-0.0,0.0,-0.0,-0.0,0.0,0.0,0.0,0.43379467961844065,-0.0,-0.0,-0.0,0.02,0.0,0.0,0.0,0.0,0.0,0.0,0.3467261493206024,31.233216932527725,32.4,1.0,0.0,0.0,1.0,2.0,4.0,0.0,1.0,0.0,1.0,0.0,0.0,0.0,0.0,0.0,0.0,0.0,0.0,0.0,0.0,0.0,0.0,0.0,0.0,0.0,0.0,0.0,0.0,0.0,107.19420623779297,57.156410217285156,106.91429138183594,57.00133514404297,-0.27991485595703125,-0.1550750732421875,0.32000094652175903,-2.6356774912024705,-0.8824002146720886,-0.47049957513809204,0.0,0.0,0.0,0.0,28.0,28.0,28.0,0.0,1.0,29.0,0.0,0.0,1.0,0.0,1.0,0.0,0.0,0.0,3.28,163.27340004500002,0.6807000609114766,143.99640006013215,11.26449997536838,8.209999999962747,4.0,3.817299962975085,2.7667999966070056,0.7203000131994486,0.000500003807246685
1,83,83,5.6440026448843135,0,0,2.0,4.0,1.0,1.0,1.0,0.6129212975502014,0.859647810459137,1.0,0.6864054799079895,1.0,0.634972333908081,1.0,0.6326065063476562,0.6359161138534546,0.6129212975502014,1.0,0.6129212975502014,0.634972333908081,0.6326065063476562,0.0,0.9946262836456299,0.4748086929321289,1.0,0.43080398440361023,0.4461888074874878,0.5358669757843018,0.0,-0.00010515496978769079,0.0019839080050587654,-0.9999980330467224,0.0,0.0,0.0,0.0,0.0,0.0,132.25730895996094,15.331594467163086,25.0,15.331594467163086,16.055938720703125,15.88240909576416,0.0,1.0,0.6132637786865235,1.0,0.0,0.0,0.0,0.0,0.0,2.2763785123825073,0.7870735781070848,0.760550554394722,1.8,0.02,-0.0,-0.007540145652452246,-0.0005224734218814626,0.2027111053466797,0.15,-0.0,0.0,0.0,-0.0,0.0,0.0,0.0,0.0,0.35,0.0,0.0,0.0,0.0,0.0,0.0,0.0,0.0,0.25,-0.0,-0.001220703125,0.0,1.2763785123825073,-0.0,-0.000152587890625,-0.000152587890625,-0.05,0.530550554394722,0.3537003695964813,0.2,0.0,-0.0,-0.0,-0.0,0.8,1.0,-0.0,0.0,-0.0,-0.0,0.0,0.0,0.0,0.4424250918347388,-0.0,-0.0,-0.0,0.02,0.0,0.0,0.0,0.0,0.0,0.0,0.3537003695964813,31.854606612101197,32.4,1.0,0.0,0.0,1.0,2.0,4.0,0.0,1.0,0.0,1.0,0.0,0.0,0.0,0.0,0.0,0.0,0.0,0.0,0.0,0.0,0.0,0.0,0.0,0.0,0.0,0.0,0.0,0.0,0.0,106.91445922851562,57.00151824951172,106.63455200195312,56.846439361572266,-0.2799072265625,-0.15507888793945312,0.3199961185455322,-2.6356555062843605,-0.8824198842048645,-0.47046276926994324,0.0,0.0,0.0,0.0,28.0,28.0,28.0,0.0,1.0,29.0,0.0,0.0,1.0,0.0,1.0,0.0,0.0,0.0,3.32,209.35769996140152,0.6656999466940761,152.81630004756153,48.284900025464594,16.2828000029549,4.0,4.164499929174781,2.607300062663853,0.777199980802834,0.000500003807246685
1,84,84,5.4847950856941985,0,0,2.0,4.0,1.0,1.0,1.0,0.6132637858390808,0.9641625285148621,1.0,0.683448314666748,1.0,0.6352963447570801,1.0,0.6927974820137024,0.6422375440597534,0.6132637858390808,1.0,0.6132637858390808,0.6352963447570801,0.6422375440597534,0.0,0.9952427744865417,0.47351205348968506,1.0,0.42962804436683655,0.4550658166408539,0.5394007563591003,0.0,-8.558016270399094e-05,0.0019910400733351707,-0.9999980330467224,0.0,0.0,0.0,0.0,0.0,0.0,132.2637176513672,15.331594467163086,25.0,15.331594467163086,16.055938720703125,15.88240909576416,0.0,1.0,0.6132637786865235,1.0,0.0,0.0,0.0,0.0,0.0,2.3026190996170044,0.5930492823421096,0.7711048233509064,1.7980218803841783,0.02,-0.0,-0.007540145652452246,-0.0005224734218814626,0.0,0.15,-0.0,0.0,0.0,-0.0,0.0,0.0,0.0,0.0,0.35,0.0,0.0,0.0,0.0,0.0,0.0,0.0,0.0,0.25,-0.0,0.025634765625,0.0,1.3026190996170044,-0.0,0.00640869140625,0.00640869140625,-0.05,0.5411048233509064,0.36073654890060425,0.2,0.0,-0.0,-0.0,-0.0,0.8,1.0,-0.0,0.0,-0.0,-0.0,0.0,0.0,0.0,0.4511119014164433,-0.0,-0.0,-0.0019781196158218084,0.02,0.0,0.0,0.0,0.0,0.0,0.0,0.36073654890060425,32.48005690198392,32.4,1.0,0.0,0.0,1.0,2.0,4.0,0.0,1.0,0.0,1.0,0.0,0.0,0.0,0.0,0.0,0.0,0.0,0.0,0.0,0.0,0.0,0.0,0.0,0.0,0.0,0.0,0.0,0.0,0.0,106.63473510742188,56.846614837646484,106.35482788085938,56.6915283203125,-0.2799072265625,-0.15508651733398438,0.3199998140335083,-2.6356346704942624,-0.8824396729469299,-0.4704256057739258,0.0,0.0,0.0,0.0,28.0,28.0,28.0,0.0,1.0,29.0,0.0,0.0,1.0,0.0,1.0,0.0,0.0,0.0,3.36,139.8501000367105,0.645600026473403,118.12669993378222,14.040900045074522,10.776799987070262,4.0,4.4510000152513385,1.855999929830432,0.6988000823184848,0.000400003045797348
1,85,85,6.020156920512146,0,0,2.0,4.0,1.0,1.0,1.0,0.6132637858390808,0.9641625285148621,1.0,0.683448314666748,1.0,0.6352963447570801,1.0,0.6927974820137024,0.6422375440597534,0.6132637858390808,1.0,0.6132637858390808,0.6352963447570801,0.6422375440597534,0.0,0.9959178566932678,0.47221529483795166,1.0,0.4284307062625885,0.4640008211135864,0.5429255962371826,0.0,-8.558016270399094e-05,0.0019967120606452227,-0.9999980330467224,0.0,0.0,0.0,0.0,0.0,0.0,132.26768493652344,15.741998672485352,25.0,15.741998672485352,16.23480796813965,16.09549331665039,0.0,1.0,0.6296799468994141,1.0,0.0,0.0,0.0,0.0,0.0,2.2927322387695312,1.1407543992595144,0.7666702824831009,1.8,0.02,-0.0,-0.006808208563834219,-0.00047978612274021735,0.5566524505615235,0.15,-0.0,0.0,0.0,-0.0,0.0,0.0,0.0,0.0,0.35,0.0,0.0,0.0,0.0,0.0,0.0,0.0,0.0,0.25,-0.0,0.015869140625,0.0,1.2927322387695312,-0.0,0.00396728515625,0.00396728515625,-0.05,0.5366702824831009,0.35778018832206726,0.2,0.0,-0.0,-0.0,-0.0,0.8,1.0,-0.0,0.0,-0.0,-0.0,0.0,0.0,0.0,0.44138994338456544,-0.0,-0.0,-0.0,0.02,0.0,0.0,0.0,0.0,0.0,0.0,0.35778018832206726,31.780075923688713,32.4,0.0,0.6,0.0,1.0,2.0,4.0,0.0,1.0,0.0,1.0,0.0,0.0,0.0,0.0,0.0,0.0,0.0,0.0,0.0,0.0,0.0,0.0,0.0,0.0,0.0,0.0,0.0,0.0,0.0,106.35501098632812,56.69169998168945,106.07510375976562,56.5366096496582,-0.2799072265625,-0.15509033203125,0.32000166177749634,-2.6356242120875626,-0.8824595808982849,-0.47038814425468445,0.0,0.0,0.0,0.0,28.0,28.0,28.0,0.0,1.0,29.0,0.0,0.0,1.0,0.0,1.0,0.0,0.0,0.0,3.4,207.69840001594275,0.46330003533512354,131.65630004368722,68.41439998243004,47.11619997397065,4.0,3.980300039984286,2.521099988371134,0.6364999571815133,0.000600004568696022
1,86,86,5.476230122425533,0,0,2.0,4.0,1.0,1.0,1.0,0.6296799182891846,1.0,1.0,0.6804197430610657,1.0,0.6438197493553162,1.0,0.7629203796386719,0.649392306804657,0.6296799182891846,1.0,0.6296799182891846,0.6438197493553162,0.649392306804657,0.0,0.9965683221817017,0.4709184765815735,1.0,0.4272412657737732,0.4540010988712311,-0.6076223850250244,0.0,0.00010679670231183991,0.001990696880966425,-0.9999980330467224,0.0,0.0,0.0,0.0,0.0,0.0,132.27272033691406,15.741998672485352,25.0,15.741998672485352,16.23480796813965,16.09549331665039,0.0,1.0,0.6296799468994141,1.0,0.0,0.0,0.0,0.0,0.0,2.2968530654907227,0.591337819673992,0.7680392372608185,1.8,0.02,-0.0,-0.006808208563834219,-0.00047978612274021735,0.0,0.15,-0.0,0.0,0.0,-0.0,0.0,0.0,0.0,0.0,0.35,0.0,0.0,0.0,0.0,0.0,0.0,0.0,0.0,0.25,-0.0,0.0201416015625,0.0,1.2968530654907227,-0.0,0.005035400390625,0.005035400390625,-0.05,0.5380392372608185,0.35869282484054565,0.2,0.0,-0.0,-0.0,-0.0,0.8,1.0,-0.0,0.0,-0.0,-0.0,0.0,0.0,0.0,0.4486258143605665,-0.0,-0.0,-0.0,0.02,0.0,0.0,0.0,0.0,0.0,0.0,0.35869282484054565,32.301058633960785,32.4,1.0,0.0,0.0,1.0,2.0,4.0,0.0,1.0,0.0,1.0,0.0,0.0,0.0,0.0,0.0,0.0,0.0,0.0,0.0,0.0,0.0,0.0,0.0,0.0,0.0,0.0,0.0,0.0,0.0,106.07528686523438,56.53677749633789,105.79537963867188,56.381683349609375,-0.2799072265625,-0.15509414672851562,0.3200035095214844,-2.6356137797490233,-0.8824796676635742,-0.470350444316864,0.0,0.0,0.0,0.0,28.0,28.0,28.0,0.0,1.0,29.0,0.0,0.0,1.0,0.0,1.0,0.0,0.0,0.0,3.44,141.38100005220622,0.5798999918624759,120.22659997455776,12.768000015057623,9.990400052629411,4.0,4.293499980121851,2.9093000339344144,0.578500097617507,0.000300002284348011
1,87,87,5.846481935107076,0,0,2.0,4.0,1.0,1.0,1.0,0.6296799182891846,1.0,1.0,0.6804197430610657,1.0,0.6438197493553162,1.0,0.7629203796386719,0.649392306804657,0.6296799182891846,1.0,0.6296799182891846,0.6438197493553162,0.649392306804657,0.0,0.9972264766693115,0.4696216285228729,1.0,0.42604848742485046,0.461443692445755,0.4522419273853302,0.0,0.00010679670231183991,0.0020013812463730574,-0.9999979734420776,0.0,0.0,0.0,0.0,0.0,0.0,132.28457641601562,16.051170349121094,25.0,16.051170349121094,16.438148498535156,16.10384750366211,0.0,1.0,0.6420468139648438,1.0,0.0,0.0,0.0,0.0,0.0,2.3240089416503906,1.0141580488525312,0.7789770174026489,1.7093379272015057,0.02,-0.0,-0.0062427418862770305,-0.00047818550939633523,0.4133514404296875,0.15,-0.0,0.0,0.0,-0.0,0.0,0.0,0.0,0.0,0.35,0.0,0.0,0.0,0.0,0.0,0.0,0.0,0.0,0.25,-0.0,0.04742431640625,0.0,1.3240089416503906,-0.0,0.0118560791015625,0.0118560791015625,-0.05,0.5489770174026489,0.3659846782684326,0.2,0.0,-0.0,-0.0,-0.0,0.8,1.0,-0.0,0.0,-0.0,-0.0,0.0,0.0,0.0,0.4575275358185172,-0.0,-0.0,-0.09066207279849439,0.02,0.0,0.0,0.0,0.0,0.0,0.0,0.3659846782684326,32.941982578933235,32.4,1.0,0.0,0.0,1.0,2.0,4.0,0.0,1.0,0.0,1.0,0.0,0.0,0.0,0.0,0.0,0.0,0.0,0.0,0.0,0.0,0.0,0.0,0.0,0.0,0.0,0.0,0.0,0.0,0.0,105.79557037353516,56.38185119628906,105.51567077636719,56.22675323486328,-0.27989959716796875,-0.15509796142578125,0.31999868154525757,-2.6355917948299266,-0.8824999332427979,-0.4703125059604645,0.0,0.0,0.0,0.0,28.0,28.0,28.0,0.0,1.0,29.0,0.0,0.0,1.0,0.0,1.0,0.0,0.0,0.0,3.48,231.44919995684177,0.42559998109936714,133.57159995939583,85.75500000733882,45.129200094379485,4.0,7.464200025424361,2.9148999601602554,1.2869000202044845,0.000300002284348011
1,88,88,5.243557741843891,0,0,2.0,3.0,1.0,1.0,1.0,0.6420468091964722,1.0,1.0,0.6773477792739868,1.0,0.644153892993927,1.0,0.833121657371521,0.6575259566307068,0.6420468091964722,1.0,0.6420468091964722,0.644153892993927,0.6575259566307068,0.0,0.9979454278945923,0.4683243930339813,1.0,0.42483359575271606,0.4705997407436371,0.5563575625419617,0.0,-0.00010673176439013332,0.0020090918987989426,-0.9999979734420776,0.0,0.0,0.0,0.0,0.0,0.0,132.29409790039062,16.346656799316406,25.0,16.346656799316406,16.44397735595703,16.37941551208496,0.0,1.0,0.6538662719726562,1.0,0.0,0.0,0.0,0.0,0.0,2.314565062522888,0.9432556327216156,0.7507370698451996,1.2149999767541886,0.02,-0.0,-0.005925430620791787,-0.0004282775851561459,0.35127944946289064,0.15,-0.0,0.0,0.0,-0.0,0.0,0.0,0.0,0.0,0.35,0.0,0.0,0.0,0.0,0.0,0.0,0.0,0.0,0.25,-0.0,0.0380859375,0.0,1.3145650625228882,-0.0,0.009521484375,0.009521484375,-0.05,0.5447370707988739,0.36315804719924927,0.2,0.0,-0.0,-0.0,-0.0,0.5599999904632569,0.699999988079071,-0.0,0.0,-0.0,-0.0,0.0,0.0,0.0,0.44832989146467295,-0.04500000178813934,-0.0,-0.0,0.02,0.0,0.0,0.0,0.0,0.0,0.0,0.36315804719924927,32.27975218545645,32.4,0.0,0.6,0.0,0.699999988079071,2.0,3.0,0.0,0.699999988079071,0.0,0.699999988079071,0.0,0.0,0.0,0.0,0.0,0.0,0.0,0.0,0.0,0.0,0.0,0.0,0.0,0.0,0.0,0.0,0.0,0.0,0.0,105.51586151123047,56.22692108154297,105.2359619140625,56.07181930541992,-0.27989959716796875,-0.15510177612304688,0.3200005292892456,-2.6355813913806356,-0.882520318031311,-0.47027429938316345,0.0,0.0,0.0,0.0,28.0,28.0,28.0,0.0,1.0,29.0,0.0,0.0,1.0,0.0,1.0,0.0,0.0,0.0,3.52,225.57529993355274,0.5620999727398157,124.30070003028959,63.275499967858195,31.720099970698357,4.0,20.653300103731453,7.020999910309911,9.719700086861849,0.0004998873919248581
1,89,89,5.414750734799901,0,0,2.0,4.0,1.0,1.0,1.0,0.6538662910461426,1.0,1.0,0.6742517352104187,1.0,0.6551766395568848,1.0,0.9044318199157715,0.6577590703964233,0.6538662910461426,1.0,0.6538662910461426,0.6551766395568848,0.6577590703964233,0.0,0.9986408352851868,0.4670270085334778,1.0,0.4236261546611786,0.4611393213272095,-0.5748527646064758,0.0,4.431970410223585e-06,0.0020066972356289625,-0.9999979734420776,0.0,0.0,0.0,0.0,0.0,0.0,132.33203125,16.346656799316406,25.0,16.346656799316406,16.44397735595703,16.37941551208496,0.0,1.0,0.6538662719726562,1.0,0.0,0.0,0.0,0.0,0.0,2.3195574283599854,0.5995402345496991,0.7762347716093063,1.699418300280911,0.02,-0.0,-0.005925430620791787,-0.0004282775851561459,0.0,0.15,-0.0,0.0,0.0,-0.0,0.0,0.0,0.0,0.0,0.35,0.0,0.0,0.0,0.0,0.0,0.0,0.0,0.0,0.25,-0.0,0.1517333984375,0.0,1.3195574283599854,-0.0,0.037933349609375,0.037933349609375,-0.05,0.5462347716093063,0.3641565144062042,0.2,0.0,-0.0,-0.0,-0.0,0.8,1.0,-0.0,0.0,-0.0,-0.0,0.0,0.0,0.0,0.455893942755647,-0.04500000178813934,-0.0,-0.05558169793094974,0.02,0.0,0.0,0.0,0.0,0.0,0.0,0.3641565144062042,32.82436387840659,32.4,1.0,0.0,0.0,1.0,2.0,4.0,0.0,1.0,0.0,1.0,0.0,0.0,0.0,0.0,0.0,0.0,0.0,0.0,0.0,0.0,0.0,0.0,0.0,0.0,0.0,0.0,0.0,0.0,0.0,105.23615264892578,56.07198715209961,105.02640533447266,55.8303108215332,-0.209747314453125,-0.24167633056640625,0.32000216841697693,-2.285582461896316,-0.882540762424469,-0.4702358841896057,0.0,0.0,0.0,0.0,28.0,28.0,28.0,0.0,1.0,28.0,0.0,0.0,1.0,0.0,1.0,0.0,0.0,0.0,3.56,190.1391000719741,0.745900091715157,109.43589999806136,47.04000009223819,21.50819997768849,4.0,22.82690000720322,4.158199997618794,5.895499954931438,0.000500003807246685
1,90,90,6.196199763957284,0,0,2.0,4.0,1.0,1.0,1.0,0.6538662910461426,1.0,1.0,0.6742517352104187,1.0,0.6551766395568848,1.0,0.9044318199157715,0.6577590703964233,0.6538662910461426,1.0,0.6538662910461426,0.6551766395568848,0.6577590703964233,0.0,0.9999315738677979,0.46500730514526367,1.0,0.4216732382774353,0.4689194858074188,0.4727531969547272,0.0,4.431970410223585e-06,0.0020185343455523252,-0.9999979734420776,0.0,0.0,0.0,0.0,0.0,0.0,132.41636657714844,16.574647903442383,25.0,16.574647903442383,16.92218780517578,16.721906661987305,0.0,1.0,0.6629859161376953,1.0,0.0,0.0,0.0,0.0,0.0,2.3113698959350586,1.2926691930926075,0.7721606749296188,1.8,0.02,-0.0,-0.00527563041548029,-0.0003734466247892177,0.7019577026367188,0.15,-0.0,0.0,0.0,-0.0,0.0,0.0,0.0,0.0,0.35,0.0,0.0,0.0,0.0,0.0,0.0,0.0,0.0,0.25,-0.0,0.33734130859375,0.0,1.3113698959350586,-0.0,0.0843353271484375,0.0843353271484375,-0.05,0.5421606749296188,0.3614404499530792,0.2,0.0,-0.0,-0.0,-0.0,0.8,1.0,-0.0,0.0,-0.0,-0.0,0.0,0.0,0.0,0.4463605674961582,-0.0,-0.0,-0.0,0.02,0.0,0.0,0.0,0.0,0.0,0.0,0.3614404499530792,32.13796085972339,32.4,0.0,0.6,0.0,1.0,2.0,4.0,0.0,1.0,0.0,1.0,0.0,0.0,0.0,0.0,0.0,0.0,0.0,0.0,0.0,0.0,0.0,0.0,0.0,0.0,0.0,0.0,0.0,0.0,0.0,105.02689361572266,55.830352783203125,104.892822265625,55.539794921875,-0.13407135009765625,-0.290557861328125,0.31999844312667847,-2.003112508718405,-0.8829944133758545,-0.46938347816467285,0.0,0.0,0.0,0.0,28.0,28.0,28.0,0.0,1.0,28.0,0.0,0.0,1.0,0.0,1.0,0.0,0.0,0.0,3.6,153.00829999614507,0.6487000500783324,114.00940001476556,30.59939993545413,15.587099944241345,4.0,4.386199987493455,2.578600076958537,0.7498998893424869,0.000400003045797348
1,91,91,4.1700798971111555,0,0,2.0,2.0,1.0,1.0,1.0,0.6629859209060669,1.0,1.0,0.6853689551353455,1.0,0.6688762903213501,1.0,0.9753299951553345,0.6768875122070312,0.6629859209060669,1.0,0.6629859209060669,0.6688762903213501,0.6768875122070312,0.0,1.0,0.4625796377658844,1.0,0.41920462250709534,0.4591137170791626,-0.5958359241485596,0.0,7.583208207506686e-05,0.0020135845988988876,-0.9999979734420776,0.0,0.0,0.0,0.0,0.0,0.0,132.4999542236328,16.574647903442383,25.0,16.574647903442383,16.92218780517578,16.721906661987305,0.0,1.0,0.6629859161376953,1.0,0.0,0.0,0.0,0.0,0.0,2.306867837905884,0.593106374805667,0.7176056915521621,0.5324999928474426,0.02,-0.0,-0.00527563041548029,-0.0003734466247892177,0.0,0.15,-0.0,0.0,0.0,-0.0,0.0,0.0,0.0,0.0,0.35,0.0,0.0,0.0,0.0,0.0,0.0,0.0,0.0,0.25,-0.0,0.3343505859375,0.0,1.3068678379058838,-0.0,0.083587646484375,0.083587646484375,-0.05,0.5396056920289993,0.3597371280193329,0.2,0.0,-0.0,-0.0,-0.0,0.27999999523162844,0.3499999940395355,-0.0,0.0,-0.0,-0.0,0.0,0.0,0.0,0.44875545184593646,-0.09749999642372131,-0.0,-0.0,0.02,0.0,0.0,0.0,0.0,0.0,0.0,0.3597371280193329,32.31039253290743,23.26086922832157,0.4206521686004555,0.0,0.0,0.3499999940395355,2.0,2.0,0.0,0.3499999940395355,0.0,0.3499999940395355,0.0,0.0,0.0,0.0,0.0,0.0,0.0,0.0,0.0,0.0,0.0,0.0,0.0,0.0,0.0,0.0,0.0,0.0,0.0,104.89339447021484,55.539764404296875,104.75929260253906,55.24921798706055,-0.13410186767578125,-0.2905464172363281,0.3200008273124695,-2.003214093490609,-0.8837601542472839,-0.46794015169143677,0.0,0.0,0.0,0.0,28.0,28.0,28.0,0.0,1.0,28.0,0.0,0.0,1.0,0.0,1.0,0.0,0.0,0.0,3.64,205.4976000217721,0.5743999499827623,117.72350000683218,48.69279998820275,23.505799937993288,4.0,24.23589990939945,8.539700065739453,5.690500023774803,0.000500003807246685
1,92,92,7.485546576793714,0,0,2.0,4.0,1.0,1.0,1.0,0.6629859209060669,1.0,1.0,0.6853689551353455,1.0,0.6688762903213501,1.0,0.9753299951553345,0.6768875122070312,0.6629859209060669,1.0,0.6629859209060669,0.6688762903213501,0.6768875122070312,0.0,1.0,0.46015283465385437,1.0,0.41674235463142395,0.46157702803611755,0.1496802717447281,0.0,7.583208207506686e-05,0.0020167133770883083,-0.9999979734420776,0.0,0.0,0.0,0.0,0.0,0.0,132.5895233154297,16.730541229248047,25.0,17.02817153930664,17.209766387939453,16.730541229248047,0.0,1.0,0.6692216491699219,1.0,0.0,0.0,0.0,0.0,0.0,2.329026937484741,1.1989295823563941,2.3280686426162718,1.6095214143363077,0.02,-0.0,-0.004656958102983706,-0.0003721590296345636,0.5963356018066407,0.15,-0.0,0.0,0.0,-0.0,0.0,0.0,0.0,0.0,0.35,0.0,0.0,0.0,0.0,0.0,0.0,0.0,0.0,0.25,-0.0,0.3582763671875,0.0,1.3290269374847412,-0.0,0.089569091796875,0.089569091796875,1.5,0.548068642616272,0.36537909507751465,0.2,0.0,-0.0,-0.0,-0.0,0.8,1.0,-0.0,0.0,-0.0,-0.0,0.0,0.0,0.0,0.4576230976823718,-0.09749999642372131,-0.0,-0.09297858923997099,0.02,0.0,0.0,0.0,0.0,0.0,0.0,0.36537909507751465,32.94886303313077,32.4,1.0,0.0,0.0,1.0,2.0,4.0,0.0,1.0,0.0,1.0,0.0,0.0,0.0,0.0,0.0,0.0,0.0,0.0,0.0,0.0,0.0,0.0,0.0,0.0,0.0,0.0,0.0,0.0,0.0,104.75965118408203,55.24924850463867,104.62553405761719,54.958709716796875,-0.13411712646484375,-0.2905387878417969,0.3200003206729889,-2.003267375334284,-0.8845261335372925,-0.4664906859397888,0.0,0.0,0.0,0.0,28.0,28.0,28.0,0.0,1.0,28.0,0.0,0.0,1.0,0.0,1.0,0.0,0.0,0.0,3.68,206.07910002581775,0.7190000033006072,132.56990001536906,51.16209993138909,27.65559998806566,4.0,18.858199939131737,2.225400065071881,0.5049000028520823,0.000300002284348011
1,93,93,5.507465349018492,0,0,2.0,4.0,1.0,1.0,1.0,0.6811268329620361,1.0,1.0,0.6976016759872437,1.0,0.6692216396331787,1.0,1.0,0.6883906722068787,0.6692216396331787,1.0,0.6811268329620361,0.6692216396331787,0.6883906722068787,0.0,1.0,0.45772692561149597,1.0,0.4142652750015259,0.4706980288028717,0.554227888584137,0.0,-0.00011345845268806443,0.0020247926004230976,-0.9999979734420776,0.0,0.0,0.0,0.0,0.0,0.0,132.6774444580078,16.730541229248047,25.0,17.02817153930664,17.209766387939453,16.730541229248047,0.0,1.0,0.6692216491699219,1.0,0.0,0.0,0.0,0.0,0.0,2.320426821708679,0.5931654854416035,0.7738730418682098,1.8,0.02,-0.0,-0.004656958102983706,-0.0003721590296345636,0.0,0.15,-0.0,0.0,0.0,-0.0,0.0,0.0,0.0,0.0,0.35,0.0,0.0,0.0,0.0,0.0,0.0,0.0,0.0,0.25,-0.0,0.3516845703125,0.0,1.3204268217086792,-0.0,0.087921142578125,0.087921142578125,-0.05,0.5438730418682098,0.3625820279121399,0.2,0.0,-0.0,-0.0,-0.0,0.8,1.0,-0.0,0.0,-0.0,-0.0,0.0,0.0,0.0,0.44819460257422183,-0.0,-0.0,-0.0,0.02,0.0,0.0,0.0,0.0,0.0,0.0,0.3625820279121399,32.27001138534397,32.4,0.0,0.6,0.0,1.0,2.0,4.0,0.0,1.0,0.0,1.0,0.0,0.0,0.0,0.0,0.0,0.0,0.0,0.0,0.0,0.0,0.0,0.0,0.0,0.0,0.0,0.0,0.0,0.0,0.0,104.62571716308594,54.9588508605957,104.49159240722656,54.66831588745117,-0.134124755859375,-0.29053497314453125,0.320000022649765,-2.003294020410656,-0.8852921724319458,-0.46503517031669617,0.0,0.0,0.0,0.0,28.0,28.0,28.0,0.0,1.0,28.0,1.0,0.0,1.0,0.0,1.0,0.0,0.0,0.0,3.72,178.46179998014122,0.41390000842511654,134.08759993035346,36.02370002772659,26.560000027529895,4.0,4.518900066614151,2.6782999048009515,0.7116000633686781,0.000400003045797348
1,94,94,6.208466005353758,0,0,2.0,4.0,1.0,1.0,1.0,0.6811268329620361,1.0,1.0,0.6976016759872437,1.0,0.6692216396331787,1.0,1.0,0.6883906722068787,0.6692216396331787,1.0,0.6811268329620361,0.6692216396331787,0.6883906722068787,0.0,1.0,0.4553012549877167,1.0,0.41179680824279785,0.4610001742839813,-0.5892809629440308,0.0,-0.00011345845268806443,0.002021128311753273,-0.9999979734420776,0.0,0.0,0.0,0.0,0.0,0.0,132.7672119140625,17.146976470947266,25.0,17.42003631591797,17.529756546020508,17.146976470947266,0.0,1.0,0.6858790588378906,1.0,0.0,0.0,0.0,0.0,0.0,2.32557213306427,1.337176162990384,0.7753207194805145,1.7503969898185896,0.02,-0.0,-0.004134759774271316,-0.00031505498062429314,0.7360580444335937,0.15,-0.0,0.0,0.0,-0.0,0.0,0.0,0.0,0.0,0.35,0.0,0.0,0.0,0.0,0.0,0.0,0.0,0.0,0.25,-0.0,0.35906982421875,0.0,1.32557213306427,-0.0,0.0897674560546875,0.0897674560546875,-0.05,0.5453207194805145,0.363547146320343,0.2,0.0,-0.0,-0.0,-0.0,0.8,1.0,-0.0,0.0,-0.0,-0.0,0.0,0.0,0.0,0.45556793331168594,-0.0,-0.0,-0.04960301018141046,0.02,0.0,0.0,0.0,0.0,0.0,0.0,0.363547146320343,32.800891198441384,32.4,1.0,0.0,0.0,1.0,2.0,4.0,0.0,1.0,0.0,1.0,0.0,0.0,0.0,0.0,0.0,0.0,0.0,0.0,0.0,0.0,0.0,0.0,0.0,0.0,0.0,0.0,0.0,0.0,0.0,104.49169921875,54.66851043701172,104.35757446289062,54.37797546386719,-0.134124755859375,-0.29053497314453125,0.320000022649765,-2.003294020410656,-0.8860587477684021,-0.46357282996177673,0.0,0.0,0.0,0.0,28.0,28.0,28.0,0.0,1.0,28.0,0.0,0.0,1.0,0.0,1.0,0.0,0.0,0.0,3.76,164.7497999947518,0.6306999130174518,121.75530008971691,34.911900060251355,26.436800020746887,4.0,4.717100062407553,2.0255999406799674,0.681100063957274,0.000600004568696022
1,95,95,5.842853837055445,0,0,2.0,4.0,1.0,1.0,1.0,0.6968014240264893,1.0,1.0,0.6962214112281799,1.0,0.6858790516853333,1.0,1.0,0.7011902332305908,0.6858790516853333,1.0,0.6968014240264893,0.6858790516853333,0.7011902332305908,0.0,1.0,0.4528757631778717,1.0,0.40932613611221313,0.4685841500759125,0.4608331620693207,0.0,-0.0001357249857392162,0.002032964024692774,-0.9999979138374329,0.0,0.0,0.0,0.0,0.0,0.0,132.8554229736328,17.52787971496582,25.0,17.59979248046875,17.52787971496582,17.645809173583984,0.0,1.0,0.7011151885986329,1.0,0.0,0.0,0.0,0.0,0.0,2.3170602321624756,0.9346156466429243,0.7711779582500458,1.8,0.02,-0.0,-0.004013594833537419,-0.0002580656691710708,0.34311279296874997,0.15,-0.0,0.0,0.0,-0.0,0.0,0.0,0.0,0.0,0.35,0.0,0.0,0.0,0.0,0.0,0.0,0.0,0.0,0.25,-0.0,0.35284423828125,0.0,1.3170602321624756,-0.0,0.0882110595703125,0.0882110595703125,-0.05,0.5411779582500458,0.3607853055000305,0.2,0.0,-0.0,-0.0,-0.0,0.8,1.0,-0.0,0.0,-0.0,-0.0,0.0,0.0,0.0,0.4457745141768828,-0.0,-0.0,-0.0,0.02,0.0,0.0,0.0,0.0,0.0,0.0,0.3607853055000305,32.09576502073556,32.4,0.0,0.6,0.0,1.0,2.0,4.0,0.0,1.0,0.0,1.0,0.0,0.0,0.0,0.0,0.0,0.0,0.0,0.0,0.0,0.0,0.0,0.0,0.0,0.0,0.0,0.0,0.0,0.0,0.0,104.35765075683594,54.37819290161133,104.22352600097656,54.0876579284668,-0.134124755859375,-0.29053497314453125,0.320000022649765,-2.003294020410656,-0.8868260979652405,-0.4621031582355499,0.0,0.0,0.0,0.0,28.0,28.0,28.0,0.0,1.0,28.0,0.0,0.0,1.0,0.0,1.0,0.0,0.0,0.0,3.8,149.28420004434884,0.5700000328943133,91.16199996788055,51.68100004084408,22.706800024025142,4.0,3.16620001103729,2.087000058963895,0.5793999880552292,0.000200001522898674
1,96,96,5.497590036969402,0,0,2.0,4.0,1.0,1.0,1.0,0.703991711139679,1.0,1.0,0.7133894562721252,1.0,0.7058323621749878,1.0,1.0,0.7011151909828186,0.7011151909828186,1.0,0.703991711139679,0.7058323621749878,0.7011151909828186,0.0,1.0,0.4504503011703491,1.0,0.40686360001564026,0.4585109353065491,-0.612088680267334,0.0,1.6971840523183346e-05,0.002030415693297982,-0.9999979138374329,0.0,0.0,0.0,0.0,0.0,0.0,132.9454803466797,17.52787971496582,25.0,17.59979248046875,17.52787971496582,17.645809173583984,0.0,1.0,0.7011151885986329,1.0,0.0,0.0,0.0,0.0,0.0,2.3222241401672363,0.5989070477013597,0.7726255464553833,1.783833302645423,0.02,-0.0,-0.004013594833537419,-0.0002580656691710708,0.0,0.15,-0.0,0.0,0.0,-0.0,0.0,0.0,0.0,0.0,0.35,0.0,0.0,0.0,0.0,0.0,0.0,0.0,0.0,0.25,-0.0,0.3602294921875,0.0,1.3222241401672363,-0.0,0.090057373046875,0.090057373046875,-0.05,0.5426255464553833,0.36175036430358887,0.2,0.0,-0.0,-0.0,-0.0,0.8,1.0,-0.0,0.0,-0.0,-0.0,0.0,0.0,0.0,0.45317870820406825,-0.0,-0.0,-0.01616669735457703,0.02,0.0,0.0,0.0,0.0,0.0,0.0,0.36175036430358887,32.62886699069291,32.4,1.0,0.0,0.0,1.0,2.0,4.0,0.0,1.0,0.0,1.0,0.0,0.0,0.0,0.0,0.0,0.0,0.0,0.0,0.0,0.0,0.0,0.0,0.0,0.0,0.0,0.0,0.0,0.0,0.0,104.22358703613281,54.087890625,104.08946228027344,53.79735565185547,-0.134124755859375,-0.29053497314453125,0.320000022649765,-2.003294020410656,-0.8875942826271057,-0.4606260657310486,0.0,0.0,0.0,0.0,28.0,28.0,28.0,0.0,1.0,28.0,0.0,0.0,1.0,0.0,1.0,0.0,0.0,0.0,3.84,98.32710004411638,0.6669000722467899,82.03459996730089,9.246299974620342,6.704699946567416,4.0,2.9500999953597784,2.8328000335022807,0.5747999530285597,0.000400003045797348
1,97,97,6.438880769299856,0,0,2.0,4.0,1.0,1.0,1.0,0.703991711139679,1.0,1.0,0.7133894562721252,1.0,0.7058323621749878,1.0,1.0,0.7011151909828186,0.7011151909828186,1.0,0.703991711139679,0.7058323621749878,0.7011151909828186,0.0,1.0,0.4480251371860504,1.0,0.40439894795417786,0.4661266803741455,0.46276211738586426,0.0,1.6971840523183346e-05,0.0020409717690199614,-0.9999979138374329,0.0,0.0,0.0,0.0,0.0,0.0,133.03399658203125,17.78995704650879,25.0,18.1383056640625,18.10074806213379,17.78995704650879,0.0,1.0,0.7115982818603516,1.0,0.0,0.0,0.0,0.0,0.0,2.313719391822815,1.5366642424338979,0.7684971350431442,1.8,0.02,-0.0,-0.0033347736935999918,-0.0002436066745363341,0.946764373779297,0.15,-0.0,0.0,0.0,-0.0,0.0,0.0,0.0,0.0,0.35,0.0,0.0,0.0,0.0,0.0,0.0,0.0,0.0,0.25,-0.0,0.35406494140625,0.0,1.313719391822815,-0.0,0.0885162353515625,0.0885162353515625,-0.05,0.5384971350431442,0.3589980900287628,0.2,0.0,-0.0,-0.0,-0.0,0.8,1.0,-0.0,0.0,-0.0,-0.0,0.0,0.0,0.0,0.4434782490227372,-0.0,-0.0,-0.0,0.02,0.0,0.0,0.0,0.0,0.0,0.0,0.3589980900287628,31.93043392963708,32.4,0.0,0.6,0.0,1.0,2.0,4.0,0.0,1.0,0.0,1.0,0.0,0.0,0.0,0.0,0.0,0.0,0.0,0.0,0.0,0.0,0.0,0.0,0.0,0.0,0.0,0.0,0.0,0.0,0.0,104.08952331542969,53.7975959777832,103.95540618896484,53.507057189941406,-0.13411712646484375,-0.2905387878417969,0.3200003206729889,-2.003267375334284,-0.888363242149353,-0.4591413736343384,0.0,0.0,0.0,0.0,28.0,28.0,28.0,0.0,1.0,28.0,0.0,0.0,1.0,0.0,1.0,0.0,0.0,0.0,3.88,141.2514999974519,0.37080002948641777,102.42289991583675,33.1181000219658,15.246000024490058,4.0,2.9506999999284744,1.9123000092804432,0.4416999872773886,0.000300002284348011
1,98,98,5.504744106334801,0,0,2.0,4.0,1.0,1.0,1.0,0.7255322337150574,1.0,1.0,0.7212122082710266,1.0,0.71159827709198,1.0,1.0,0.7240298986434937,0.71159827709198,1.0,0.7255322337150574,0.71159827709198,0.7240298986434937,0.0,1.0,0.4455999732017517,1.0,0.40194234251976013,0.45614904165267944,-0.6062787175178528,0.0,8.002887625480071e-05,0.0020356953609734774,-0.9999979138374329,0.0,0.0,0.0,0.0,0.0,0.0,133.12437438964844,17.78995704650879,25.0,18.1383056640625,18.10074806213379,17.78995704650879,0.0,1.0,0.7115982818603516,1.0,0.0,0.0,0.0,0.0,0.0,2.3188732862472534,0.5973779445714797,0.7699561673402786,1.7985367081757895,0.02,-0.0,-0.0033347736935999918,-0.0002436066745363341,0.0,0.15,-0.0,0.0,0.0,-0.0,0.0,0.0,0.0,0.0,0.35,0.0,0.0,0.0,0.0,0.0,0.0,0.0,0.0,0.25,-0.0,0.36151123046875,0.0,1.3188732862472534,-0.0,0.0903778076171875,0.0903778076171875,-0.05,0.5399561673402786,0.3599707782268524,0.2,0.0,-0.0,-0.0,-0.0,0.8,1.0,-0.0,0.0,-0.0,-0.0,0.0,0.0,0.0,0.45095632493961607,-0.0,-0.0,-0.0014632918242106574,0.02,0.0,0.0,0.0,0.0,0.0,0.0,0.3599707782268524,32.468855395652355,32.4,1.0,0.0,0.0,1.0,2.0,4.0,0.0,1.0,0.0,1.0,0.0,0.0,0.0,0.0,0.0,0.0,0.0,0.0,0.0,0.0,0.0,0.0,0.0,0.0,0.0,0.0,0.0,0.0,0.0,103.95545959472656,53.507301330566406,103.82135009765625,53.21676254272461,-0.1341094970703125,-0.2905387878417969,0.319997102022171,-2.0032457216479496,-0.8891329765319824,-0.4576489329338074,0.0,0.0,0.0,0.0,28.0,28.0,28.0,0.0,1.0,28.0,0.0,0.0,1.0,0.0,1.0,0.0,0.0,0.0,3.92,137.1345000807196,0.4056000616401434,103.88439998496324,25.69679997395724,12.34340004157275,4.0,3.628899925388396,2.8915000148117542,0.5910000763833523,0.000400003045797348
1,99,99,6.163227020400582,0,0,2.0,4.0,1.0,1.0,1.0,0.7255322337150574,1.0,1.0,0.7212122082710266,1.0,0.71159827709198,1.0,1.0,0.7240298986434937,0.71159827709198,1.0,0.7255322337150574,0.71159827709198,0.7240298986434937,0.0,1.0,0.44317495822906494,1.0,0.3994835615158081,0.4638407826423645,0.46737974882125854,0.0,8.002887625480071e-05,0.0020445119589567184,-0.9999979138374329,0.0,0.0,0.0,0.0,0.0,0.0,133.27442932128906,18.246994018554688,25.0,18.332578659057617,18.526365280151367,18.246994018554688,0.0,1.0,0.7298797607421875,1.0,0.0,0.0,0.0,0.0,0.0,2.310539126396179,1.2668429272351847,0.7658449667692184,1.8,0.02,-0.0,-0.0030089514865220338,-0.00020290545795856196,0.6787269592285157,0.15,-0.0,0.0,0.0,-0.0,0.0,0.0,0.0,0.0,0.35,0.0,0.0,0.0,0.0,0.0,0.0,0.0,0.0,0.25,-0.0,0.6002197265625,0.0,1.3105391263961792,-0.0,0.150054931640625,0.150054931640625,-0.05,0.5358449667692184,0.35722997784614563,0.2,0.0,-0.0,-0.0,-0.0,0.8,1.0,-0.0,0.0,-0.0,-0.0,0.0,0.0,0.0,0.4413278249511495,-0.0,-0.0,-0.0,0.02,0.0,0.0,0.0,0.0,0.0,0.0,0.35722997784614563,31.775603396482765,32.4,0.0,0.6,0.0,1.0,2.0,4.0,0.0,1.0,0.0,1.0,0.0,0.0,0.0,0.0,0.0,0.0,0.0,0.0,0.0,0.0,0.0,0.0,0.0,0.0,0.0,0.0,0.0,0.0,0.0,103.82140350341797,53.21700668334961,103.7642593383789,52.90214920043945,-0.0571441650390625,-0.31485748291015625,0.3200010657310486,-1.7503342194652927,-0.8899035453796387,-0.45614874362945557,0.0,0.0,0.0,0.0,28.0,28.0,28.0,0.0,1.0,27.0,0.0,0.0,1.0,0.0,1.0,0.0,0.0,0.0,3.96,264.48209991212934,0.4205999430269003,141.34059997741133,81.61069999914616,34.3019999563694,4.0,25.679899961687624,8.916600025258958,6.470999913290143,0.000400003045797348
1,100,100,5.498772913204512,0,0,2.0,4.0,1.0,1.0,1.0,0.7333031296730042,1.0,1.0,0.7308207154273987,1.0,0.7298797369003296,1.0,1.0,0.7410545945167542,0.7298797369003296,1.0,0.7333031296730042,0.7298797369003296,0.7410545945167542,0.0,1.0,0.4405474066734314,1.0,0.3966679275035858,0.45393720269203186,-0.6017812490463257,0.0,8.092580537777394e-05,0.002040235558524728,-0.9999979138374329,0.0,0.0,0.0,0.0,0.0,0.0,133.42648315429688,18.246994018554688,25.0,18.332578659057617,18.526365280151367,18.246994018554688,0.0,1.0,0.7298797607421875,1.0,0.0,0.0,0.0,0.0,0.0,2.3158535957336426,0.595615273701033,0.7673040437698364,1.8,0.02,-0.0,-0.0030089514865220338,-0.00020290545795856196,0.0,0.15,-0.0,0.0,0.0,-0.0,0.0,0.0,0.0,0.0,0.35,0.0,0.0,0.0,0.0,0.0,0.0,0.0,0.0,0.25,-0.0,0.60821533203125,0.0,1.3158535957336426,-0.0,0.1520538330078125,0.1520538330078125,-0.05,0.5373040437698364,0.3582026958465576,0.2,0.0,-0.0,-0.0,-0.0,0.8,1.0,-0.0,0.0,-0.0,-0.0,0.0,0.0,0.0,0.44882713064551355,-0.0,-0.0,-0.0,0.02,0.0,0.0,0.0,0.0,0.0,0.0,0.3582026958465576,32.31555340647697,32.4,1.0,0.0,0.0,1.0,2.0,4.0,0.0,1.0,0.0,1.0,0.0,0.0,0.0,0.0,0.0,0.0,0.0,0.0,0.0,0.0,0.0,0.0,0.0,0.0,0.0,0.0,0.0,0.0,0.0,103.76457214355469,52.90242385864258,103.70741271972656,52.58757019042969,-0.057159423828125,-0.3148536682128906,0.3200000524520874,-1.7503832691683225,-0.8908962607383728,-0.45420676469802856,0.0,0.0,0.0,0.0,28.0,28.0,28.0,0.0,1.0,27.0,0.0,0.0,1.0,0.0,1.0,0.0,0.0,0.0,4.0,171.59829998854548,0.7709000492468476,133.0844999756664,29.489399981684983,24.094099993817508,4.0,4.82730008661747,2.5156999472528696,0.8792000589892268,0.000300002284348011
1,101,101,5.881297058866272,0,0,2.0,4.0,1.0,1.0,1.0,0.7333031296730042,1.0,1.0,0.7308207154273987,1.0,0.7298797369003296,1.0,1.0,0.7410545945167542,0.7298797369003296,1.0,0.7333031296730042,0.7298797369003296,0.7410545945167542,0.0,1.0,0.4379192292690277,1.0,0.393852174282074,0.4616507589817047,0.4687066078186035,0.0,8.092580537777394e-05,0.0020509499590843916,-0.9999979138374329,0.0,0.0,0.0,0.0,0.0,0.0,133.58636474609375,18.256441116333008,24.76643180847168,18.851438522338867,18.624950408935547,18.256441116333008,0.0,1.0,0.7302576446533203,0.9906572723388671,0.0,0.0,0.0,0.0,0.0,2.3443654775619507,1.0323996801842725,0.7782332855463028,1.706298615573746,0.02,-0.0,-0.002715225429482451,-0.00020214015776196664,0.4276643753051758,0.15,-0.0,0.0,0.0,-0.0,0.0,0.0,0.0,0.0,0.35,0.0,0.0,0.0,0.0,0.0,0.0,0.0,0.0,0.25,-0.0,0.6395263671875,0.0,1.3443654775619507,-0.0,0.159881591796875,0.159881591796875,-0.05,0.5482332855463028,0.36548885703086853,0.2,0.0,-0.0,-0.0,-0.0,0.8,1.0,-0.0,0.0,-0.0,-0.0,0.0,0.0,0.0,0.45765267046634106,-0.0,-0.0,-0.09370138442625393,0.02,0.0,0.0,0.0,0.0,0.0,0.0,0.36548885703086853,32.95099227357656,32.4,1.0,0.0,0.0,1.0,2.0,4.0,0.0,1.0,0.0,1.0,0.0,0.0,0.0,0.0,0.0,0.0,0.0,0.0,0.0,0.0,0.0,0.0,0.0,0.0,0.0,0.0,0.0,0.0,0.0,103.70760345458984,52.587772369384766,103.65043640136719,52.272918701171875,-0.05716705322265625,-0.3148536682128906,0.32000142335891724,-1.750406725127835,-0.8918880820274353,-0.4522562026977539,0.0,0.0,0.0,0.0,28.0,28.0,28.0,0.0,1.0,27.0,0.0,0.0,1.0,0.0,1.0,0.0,0.0,0.0,4.04,216.5603000903502,0.6654000608250499,142.5306999590248,56.14929995499551,20.727299968712032,4.0,14.53759998548776,2.0175999961793423,0.6164000369608402,0.000300002284348011
1,102,102,6.341574896591382,0,0,2.0,4.0,1.0,0.9906572699546814,1.0,0.7540575265884399,1.0,1.0,0.7556682825088501,1.0,0.7302576303482056,1.0,1.0,0.744998037815094,0.7302576303482056,0.9906572699546814,0.7540575265884399,0.7302576303482056,0.744998037815094,0.0,1.0,0.4352911114692688,1.0,0.39101994037628174,0.47072845697402954,0.5515962243080139,0.0,-0.00010644738358678296,0.002058373298496008,-0.9999978542327881,0.0,0.0,0.0,0.0,0.0,0.0,133.74484252929688,18.767831802368164,24.128917694091797,19.343246459960938,19.137014389038086,18.767831802368164,0.0,1.0,0.7507132720947266,0.9651567077636719,0.0,0.0,0.0,0.0,0.0,2.335531234741211,1.4121162158424432,0.7739274460077286,1.8,0.02,-0.0,-0.0022966265038265217,-0.00016474602286907362,0.8163995742797853,0.15,-0.0,0.0,0.0,-0.0,0.0,0.0,0.0,0.0,0.35,0.0,0.0,0.0,0.0,0.0,0.0,0.0,0.0,0.25,-0.0,0.6339111328125,0.0,1.335531234741211,-0.0,0.158477783203125,0.158477783203125,-0.05,0.5439274460077286,0.3626182973384857,0.2,0.0,-0.0,-0.0,-0.0,0.8,1.0,-0.0,0.0,-0.0,-0.0,0.0,0.0,0.0,0.4481780140893534,-0.0,-0.0,-0.0,0.02,0.0,0.0,0.0,0.0,0.0,0.0,0.3626182973384857,32.268817014433445,32.4,0.0,0.6,0.0,1.0,2.0,4.0,0.0,1.0,0.0,1.0,0.0,0.0,0.0,0.0,0.0,0.0,0.0,0.0,0.0,0.0,0.0,0.0,0.0,0.0,0.0,0.0,0.0,0.0,0.0,103.6505126953125,52.273155212402344,103.59334564208984,51.95830154418945,-0.05716705322265625,-0.3148536682128906,0.32000142335891724,-1.750406725127835,-0.892878532409668,-0.45029762387275696,0.0,0.0,0.0,0.0,28.0,28.0,28.0,0.0,1.0,27.0,0.0,0.0,1.0,0.0,1.0,0.0,0.0,0.0,4.08,244.84070006292313,0.7173999911174178,141.86910004355013,85.0623999722302,31.590899918228388,4.0,13.715400011278689,2.722800010815263,0.7108000572770834,0.000600004568696022
1,103,103,5.492655880320804,0,0,2.0,4.0,1.0,0.9651567339897156,1.0,0.7737298607826233,1.0,1.0,0.7575457692146301,1.0,0.7507132887840271,1.0,1.0,0.7654805779457092,0.7507132887840271,0.9651567339897156,0.7737298607826233,0.7507132887840271,0.7654805779457092,0.0,1.0,0.4326629936695099,1.0,0.3881986141204834,0.4609830975532532,-0.592166006565094,0.0,1.9908775357180275e-05,0.002055421704426408,-0.9999979138374329,0.0,0.0,0.0,0.0,0.0,0.0,133.90541076660156,18.767831802368164,24.128917694091797,19.343246459960938,19.137014389038086,18.767831802368164,0.0,1.0,0.7507132720947266,0.9651567077636719,0.0,0.0,0.0,0.0,0.0,2.3407394886016846,0.6029195358498417,0.7753235357999801,1.7536733200692978,0.02,-0.0,-0.0022966265038265217,-0.00016474602286907362,0.0,0.15,-0.0,0.0,0.0,-0.0,0.0,0.0,0.0,0.0,0.35,0.0,0.0,0.0,0.0,0.0,0.0,0.0,0.0,0.25,-0.0,0.64227294921875,0.0,1.3407394886016846,-0.0,0.1605682373046875,0.1605682373046875,-0.05,0.5453235357999802,0.36354902386665344,0.2,0.0,-0.0,-0.0,-0.0,0.8,1.0,-0.0,0.0,-0.0,-0.0,0.0,0.0,0.0,0.4553809083765373,-0.0,-0.0,-0.04632667993070222,0.02,0.0,0.0,0.0,0.0,0.0,0.0,0.36354902386665344,32.78742540311068,32.4,1.0,0.0,0.0,1.0,2.0,4.0,0.0,1.0,0.0,1.0,0.0,0.0,0.0,0.0,0.0,0.0,0.0,0.0,0.0,0.0,0.0,0.0,0.0,0.0,0.0,0.0,0.0,0.0,0.0,103.59337615966797,51.95854568481445,103.53620910644531,51.64369201660156,-0.05716705322265625,-0.3148536682128906,0.32000142335891724,-1.750406725127835,-0.8938678503036499,-0.44833052158355713,0.0,0.0,0.0,0.0,28.0,28.0,28.0,0.0,1.0,27.0,0.0,0.0,1.0,0.0,1.0,0.0,0.0,0.0,4.12,175.29689997900277,0.8175999391824007,146.79330005310476,22.218399913981557,10.78030001372099,4.0,3.0707999831065536,1.7154000233858824,0.6548999808728695,0.000300002284348011
1,104,104,6.146898301402788,0,0,2.0,4.0,1.0,0.9651567339897156,1.0,0.7737298607826233,1.0,1.0,0.7575457692146301,1.0,0.7507132887840271,1.0,1.0,0.7654805779457092,0.7507132887840271,0.9651567339897156,0.7737298607826233,0.7507132887840271,0.7654805779457092,0.0,1.0,0.43003514409065247,1.0,0.3853781521320343,0.4683918058872223,0.45018088817596436,0.0,1.9908775357180275e-05,0.0020650969818234444,-0.9999978542327881,0.0,0.0,0.0,0.0,0.0,0.0,134.0646514892578,18.966068267822266,23.4915828704834,19.759740829467773,19.648113250732422,18.966068267822266,0.0,1.0,0.7586427307128907,0.939663314819336,0.0,0.0,0.0,0.0,0.0,2.3321683406829834,1.2235777963797863,0.7711521643400192,1.8,0.02,-0.0,-0.0019668335038107885,-0.00015218706371445,0.6301687240600587,0.15,-0.0,0.0,0.0,-0.0,0.0,0.0,0.0,0.0,0.35,0.0,0.0,0.0,0.0,0.0,0.0,0.0,0.0,0.25,-0.0,0.636962890625,0.0,1.3321683406829834,-0.0,0.15924072265625,0.15924072265625,-0.05,0.5411521643400192,0.3607681095600128,0.2,0.0,-0.0,-0.0,-0.0,0.8,1.0,-0.0,0.0,-0.0,-0.0,0.0,0.0,0.0,0.4455280928872527,-0.0,-0.0,-0.0,0.02,0.0,0.0,0.0,0.0,0.0,0.0,0.3607681095600128,32.07802268788219,32.4,0.0,0.6,0.0,1.0,2.0,4.0,0.0,1.0,0.0,1.0,0.0,0.0,0.0,0.0,0.0,0.0,0.0,0.0,0.0,0.0,0.0,0.0,0.0,0.0,0.0,0.0,0.0,0.0,0.0,103.53621673583984,51.64393997192383,103.47904968261719,51.32908630371094,-0.05716705322265625,-0.3148536682128906,0.32000142335891724,-1.750406725127835,-0.8948560953140259,-0.44635486602783203,0.0,0.0,0.0,0.0,28.0,28.0,28.0,0.0,1.0,27.0,0.0,0.0,1.0,0.0,1.0,0.0,0.0,0.0,4.16,184.22109994571656,0.38059998769313097,128.46449995413423,46.80730006657541,16.255500027909875,4.0,4.699300043284893,3.047000034712255,0.7835000287741423,0.000600004568696022
1,105,105,5.516890872469837,0,0,2.0,4.0,1.0,0.939663290977478,1.0,0.7903896570205688,1.0,1.0,0.7815056443214417,1.0,0.7586427330970764,1.0,1.0,0.7859245538711548,0.7586427330970764,0.939663290977478,0.7903896570205688,0.7586427330970764,0.7859245538711548,0.0,1.0,0.4274073541164398,1.0,0.38256826996803284,0.4582574665546417,-0.6158009767532349,0.0,7.960053335409611e-05,0.0020598291885107756,-0.9999978542327881,0.0,0.0,0.0,0.0,0.0,0.0,134.22604370117188,18.966068267822266,23.4915828704834,19.759740829467773,19.648113250732422,18.966068267822266,0.0,1.0,0.7586427307128907,0.939663314819336,0.0,0.0,0.0,0.0,0.0,2.3374630212783813,0.6008413274453319,0.772608380317688,1.7859781434284365,0.02,-0.0,-0.0019668335038107885,-0.00015218706371445,0.0,0.15,-0.0,0.0,0.0,-0.0,0.0,0.0,0.0,0.0,0.35,0.0,0.0,0.0,0.0,0.0,0.0,0.0,0.0,0.25,-0.0,0.64556884765625,0.0,1.3374630212783813,-0.0,0.1613922119140625,0.1613922119140625,-0.05,0.542608380317688,0.361738920211792,0.2,0.0,-0.0,-0.0,-0.0,0.8,1.0,-0.0,0.0,-0.0,-0.0,0.0,0.0,0.0,0.4529603480128572,-0.0,-0.0,-0.014021856571563539,0.02,0.0,0.0,0.0,0.0,0.0,0.0,0.361738920211792,32.61314505692572,32.4,1.0,0.0,0.0,1.0,2.0,4.0,0.0,1.0,0.0,1.0,0.0,0.0,0.0,0.0,0.0,0.0,0.0,0.0,0.0,0.0,0.0,0.0,0.0,0.0,0.0,0.0,0.0,0.0,0.0,103.47904968261719,51.32933807373047,103.42189025878906,51.01448440551758,-0.057159423828125,-0.3148536682128906,0.3200000524520874,-1.7503832691683225,-0.8958430886268616,-0.44437044858932495,0.0,0.0,0.0,0.0,28.0,28.0,28.0,0.0,1.0,27.0,0.0,0.0,1.0,0.0,1.0,0.0,0.0,0.0,4.2,127.92189989704639,0.5888999439775944,105.56689999066293,13.757599983364344,10.815199930220842,4.0,4.403900005854666,2.956500044092536,0.6180000491440296,0.0003998866304755211
1,106,106,5.916373039853774,0,0,2.0,4.0,1.0,0.939663290977478,1.0,0.7903896570205688,1.0,1.0,0.7815056443214417,1.0,0.7586427330970764,1.0,1.0,0.7859245538711548,0.7586427330970764,0.939663290977478,0.7903896570205688,0.7586427330970764,0.7859245538711548,0.0,1.0,0.4247797131538391,1.0,0.3797591030597687,0.46590206027030945,0.46451595425605774,0.0,7.960053335409611e-05,0.002068434376269579,-0.9999978542327881,0.0,0.0,0.0,0.0,0.0,0.0,134.38612365722656,19.444929122924805,22.85680389404297,19.910140991210938,20.005741119384766,19.444929122924805,0.0,1.0,0.7777971649169921,0.9142721557617187,0.0,0.0,0.0,0.0,0.0,2.328931212425232,0.9989446476819143,0.7684971797466278,1.8,0.02,-0.0,-0.0018070712262711706,-0.00012565827312851344,0.407533073425293,0.15,-0.0,0.0,0.0,-0.0,0.0,0.0,0.0,0.0,0.35,0.0,0.0,0.0,0.0,0.0,0.0,0.0,0.0,0.25,-0.0,0.64031982421875,0.0,1.328931212425232,-0.0,0.1600799560546875,0.1600799560546875,-0.05,0.5384971797466278,0.3589981198310852,0.2,0.0,-0.0,-0.0,-0.0,0.8,1.0,-0.0,0.0,-0.0,-0.0,0.0,0.0,0.0,0.44334430375602096,-0.0,-0.0,-0.0,0.02,0.0,0.0,0.0,0.0,0.0,0.0,0.3589981198310852,31.92078987043351,32.4,0.0,0.6,0.0,1.0,2.0,4.0,0.0,1.0,0.0,1.0,0.0,0.0,0.0,0.0,0.0,0.0,0.0,0.0,0.0,0.0,0.0,0.0,0.0,0.0,0.0,0.0,0.0,0.0,0.0,103.42188262939453,51.01473617553711,103.3647232055664,50.69988250732422,-0.057159423828125,-0.3148536682128906,0.3200000524520874,-1.7503832691683225,-0.8968290090560913,-0.44237732887268066,0.0,0.0,0.0,0.0,28.0,28.0,28.0,0.0,1.0,27.0,0.0,0.0,1.0,0.0,1.0,0.0,0.0,0.0,4.24,158.49570010323077,0.38380001205950975,107.37340000923723,44.59439998026937,17.879300052300096,4.0,3.570999950170517,2.1112000104039907,0.43890008237212896,0.000300002284348011
1,107,107,5.521859215759517,0,0,2.0,4.0,1.0,0.914272129535675,1.0,0.7964056134223938,1.0,1.0,0.7777971625328064,1.0,0.7916308641433716,1.0,1.0,0.8002296686172485,0.7777971625328064,0.914272129535675,0.7964056134223938,0.7777971625328064,0.8002296686172485,0.0,1.0,0.4221517741680145,1.0,0.3769601881504059,0.4560112953186035,-0.6010027527809143,0.0,6.80613738950342e-05,0.00206504063680768,-0.9999978542327881,0.0,0.0,0.0,0.0,0.0,0.0,134.54835510253906,19.444929122924805,22.85680389404297,19.910140991210938,20.005741119384766,19.444929122924805,0.0,1.0,0.7777971649169921,0.9142721557617187,0.0,0.0,0.0,0.0,0.0,2.3342467546463013,0.5989900605771841,0.769984866976738,1.798637533559294,0.02,-0.0,-0.0018070712262711706,-0.00012565827312851344,0.0,0.15,-0.0,0.0,0.0,-0.0,0.0,0.0,0.0,0.0,0.35,0.0,0.0,0.0,0.0,0.0,0.0,0.0,0.0,0.25,-0.0,0.64892578125,0.0,1.3342467546463013,-0.0,0.1622314453125,0.1622314453125,-0.05,0.539984866976738,0.3599899113178253,0.2,0.0,-0.0,-0.0,-0.0,0.8,1.0,-0.0,0.0,-0.0,-0.0,0.0,0.0,0.0,0.45092279007658376,-0.0,-0.0,-0.001362466440706199,0.02,0.0,0.0,0.0,0.0,0.0,0.0,0.3599899113178253,32.466440885514025,32.4,1.0,0.0,0.0,1.0,2.0,4.0,0.0,1.0,0.0,1.0,0.0,0.0,0.0,0.0,0.0,0.0,0.0,0.0,0.0,0.0,0.0,0.0,0.0,0.0,0.0,0.0,0.0,0.0,0.0,103.36471557617188,50.70013427734375,103.30756378173828,50.38528060913086,-0.05715179443359375,-0.3148536682128906,0.31999868154525757,-1.7503598025625828,-0.8978137373924255,-0.4403753876686096,0.0,0.0,0.0,0.0,28.0,28.0,28.0,0.0,1.0,27.0,0.0,0.0,1.0,0.0,1.0,0.0,0.0,0.0,4.28,130.98169991280884,0.37189992144703865,109.62950007524341,13.299299986101687,10.764900012873113,4.0,4.251200007274747,2.8038000455126166,0.6027000490576029,0.000300002284348011
1,108,108,5.600516345380231,0,0,2.0,3.0,1.0,0.914272129535675,1.0,0.7964056134223938,1.0,1.0,0.7777971625328064,1.0,0.7916308641433716,1.0,1.0,0.8002296686172485,0.7777971625328064,0.914272129535675,0.7964056134223938,0.7777971625328064,0.8002296686172485,0.0,1.0,0.4195238947868347,1.0,0.3741619288921356,0.46380630135536194,0.4736554026603699,0.0,6.80613738950342e-05,0.0020756872836500406,-0.9999978542327881,0.0,0.0,0.0,0.0,0.0,0.0,134.7092742919922,19.61019515991211,22.225515365600586,20.81456756591797,20.140609741210938,19.61019515991211,0.0,1.0,0.7844078063964843,0.8890206146240235,0.0,0.0,0.0,0.0,0.0,2.325726270675659,1.2978906385883537,0.7418994593620301,1.2149999767541886,0.02,-0.0,-0.0015290704606290544,-0.00011762007064749614,0.7081560134887696,0.15,-0.0,0.0,0.0,-0.0,0.0,0.0,0.0,0.0,0.35,0.0,0.0,0.0,0.0,0.0,0.0,0.0,0.0,0.25,-0.0,0.6436767578125,0.0,1.3257262706756592,-0.0,0.160919189453125,0.160919189453125,-0.05,0.5358994603157043,0.35726630687713623,0.2,0.0,-0.0,-0.0,-0.0,0.5599999904632569,0.699999988079071,-0.0,0.0,-0.0,-0.0,0.0,0.0,0.0,0.44138131563086064,-0.04500000178813934,-0.0,-0.0,0.02,0.0,0.0,0.0,0.0,0.0,0.0,0.35726630687713623,31.779454725421967,32.4,0.0,0.6,0.0,0.699999988079071,2.0,3.0,0.0,0.699999988079071,0.0,0.699999988079071,0.0,0.0,0.0,0.0,0.0,0.0,0.0,0.0,0.0,0.0,0.0,0.0,0.0,0.0,0.0,0.0,0.0,0.0,0.0,103.30755615234375,50.38553237915039,103.25041198730469,50.070674896240234,-0.0571441650390625,-0.31485748291015625,0.3200010657310486,-1.7503342194652927,-0.8987972140312195,-0.4383646249771118,0.0,0.0,0.0,0.0,28.0,28.0,28.0,0.0,1.0,27.0,0.0,0.0,1.0,0.0,1.0,0.0,0.0,0.0,4.32,128.9892999920994,0.4754000110551715,85.81770001910627,37.59299998637289,26.355700101703405,4.0,2.7812999906018376,1.8578999442979693,0.43869996443390846,0.000200001522898674
1,109,109,6.672117721942362,0,0,2.0,4.0,1.0,0.8890206217765808,1.0,0.8325827121734619,1.0,1.0,0.7844077944755554,1.0,0.7920461297035217,1.0,1.0,0.8056243658065796,0.7844077944755554,0.8890206217765808,0.8325827121734619,0.7844077944755554,0.8056243658065796,0.0,1.0,0.4168958365917206,1.0,0.37137383222579956,0.45399221777915955,-0.596342146396637,0.0,1.1043211088690441e-05,0.0020734912250190973,-0.9999978542327881,0.0,0.0,0.0,0.0,0.0,0.0,134.78929138183594,19.933218002319336,21.597644805908203,21.71272087097168,20.818103790283203,19.933218002319336,0.0,1.0,0.7973287200927734,0.8639057922363281,0.0,0.0,0.0,0.0,0.0,2.330721378326416,1.799020686653552,0.767375658750534,1.7549999982118607,0.02,-0.0,-0.0011815553024181592,-0.00010336336056485383,1.2013658523559574,0.15,-0.0,0.0,0.0,-0.0,0.0,0.0,0.0,0.0,0.35,0.0,0.0,0.0,0.0,0.0,0.0,0.0,0.0,0.25,-0.0,0.320068359375,0.0,1.330721378326416,-0.0,0.08001708984375,0.08001708984375,-0.05,0.5373756587505341,0.3582504391670227,0.2,0.0,-0.0,-0.0,-0.0,0.8,1.0,-0.0,0.0,-0.0,-0.0,0.0,0.0,0.0,0.44893975296057764,-0.04500000178813934,-0.0,-0.0,0.02,0.0,0.0,0.0,0.0,0.0,0.0,0.3582504391670227,32.32366221316159,32.4,1.0,0.0,0.0,1.0,2.0,4.0,0.0,1.0,0.0,1.0,0.0,0.0,0.0,0.0,0.0,0.0,0.0,0.0,0.0,0.0,0.0,0.0,0.0,0.0,0.0,0.0,0.0,0.0,0.0,103.25040435791016,50.070926666259766,103.08876037597656,49.79475402832031,-0.16164398193359375,-0.2761726379394531,0.32000017166137695,-2.100337229770477,-0.8997794389724731,-0.4363449215888977,0.0,0.0,0.0,0.0,28.0,28.0,28.0,0.0,1.0,27.0,1.0,0.0,1.0,0.0,1.0,0.0,0.0,0.0,4.36,136.52830000501126,0.3928999649360776,89.50540004298091,41.570000001229346,17.01950002461672,4.0,2.8385999612510204,1.7218999564647675,0.4646000452339649,0.000200001522898674
1,110,110,5.46647660967763,0,0,2.0,4.0,1.0,0.8639057874679565,1.0,0.8685088157653809,1.0,1.0,0.8088623285293579,1.0,0.7973287105560303,1.0,1.0,0.8327241539955139,0.7973287105560303,0.8639057874679565,0.8685088157653809,0.7973287105560303,0.8327241539955139,0.0,1.0,0.41459330916404724,1.0,0.3691035211086273,0.4617666006088257,0.47240233421325684,0.0,-9.886144107440487e-05,0.0020833006128668785,-0.9999978542327881,0.0,0.0,0.0,0.0,0.0,0.0,134.82449340820312,19.933218002319336,21.597644805908203,21.71272087097168,20.818103790283203,19.933218002319336,0.0,1.0,0.7973287200927734,0.8639057922363281,0.0,0.0,0.0,0.0,0.0,2.358756899833679,0.6065052533625783,0.7783133047819137,1.7029011516994592,0.02,-0.0,-0.0011815553024181592,-0.00010336336056485383,0.0,0.15,-0.0,0.0,0.0,-0.0,0.0,0.0,0.0,0.0,0.35,0.0,0.0,0.0,0.0,0.0,0.0,0.0,0.0,0.25,-0.0,0.14080810546875,0.0,1.3587568998336792,-0.0,0.0352020263671875,0.0352020263671875,-0.05,0.5483133047819138,0.3655422031879425,0.2,0.0,-0.0,-0.0,-0.0,0.8,1.0,-0.0,0.0,-0.0,-0.0,0.0,0.0,0.0,0.4577901720255613,-0.0,-0.0,-0.09709884830054093,0.02,0.0,0.0,0.0,0.0,0.0,0.0,0.3655422031879425,32.96089238584042,32.4,1.0,0.0,0.0,1.0,2.0,4.0,0.0,1.0,0.0,1.0,0.0,0.0,0.0,0.0,0.0,0.0,0.0,0.0,0.0,0.0,0.0,0.0,0.0,0.0,0.0,0.0,0.0,0.0,0.0,103.08840942382812,49.79536437988281,102.84186553955078,49.591365814208984,-0.24654388427734375,-0.20399856567382812,0.31999891996383667,-2.450346631933159,-0.9004539847373962,-0.4349512755870819,0.0,0.0,0.0,0.0,28.0,28.0,28.0,0.0,1.0,27.0,0.0,0.0,1.0,0.0,1.0,0.0,0.0,0.0,4.4,145.6320999423042,0.36890001501888037,124.71409991849214,5.3255000384524465,2.823700080625713,4.0,3.8697998970746994,10.340700042434037,0.9888999629765749,0.000600004568696022
1,111,111,6.798191208858352,0,0,2.0,4.0,1.0,0.8639057874679565,1.0,0.8685088157653809,1.0,1.0,0.8088623285293579,1.0,0.7973287105560303,1.0,1.0,0.8327241539955139,0.7973287105560303,0.8639057874679565,0.8685088157653809,0.7973287105560303,0.8327241539955139,0.0,1.0,0.41289299726486206,1.0,0.36749377846717834,0.47086989879608154,0.5531511902809143,0.0,-9.886144107440487e-05,0.0020882715471088886,-0.9999977946281433,0.0,0.0,0.0,0.0,0.0,0.0,134.8505859375,20.713424682617188,20.959819793701172,22.625587463378906,21.3267879486084,20.713424682617188,0.0,1.0,0.8285369873046875,0.8383927917480469,0.0,0.0,0.0,0.0,0.0,2.348912835121155,1.8552680027674258,0.7740103709697723,1.8,0.02,-0.0,-0.000943725242633848,-7.565381590925158e-05,1.257975769042969,0.15,-0.0,0.0,0.0,-0.0,0.0,0.0,0.0,0.0,0.35,0.0,0.0,0.0,0.0,0.0,0.0,0.0,0.0,0.25,-0.0,0.1043701171875,0.0,1.3489128351211548,-0.0,0.026092529296875,0.026092529296875,-0.05,0.5440103709697723,0.3626735806465149,0.2,0.0,-0.0,-0.0,-0.0,0.8,1.0,-0.0,0.0,-0.0,-0.0,0.0,0.0,0.0,0.4483116127829999,-0.0,-0.0,-0.0,0.02,0.0,0.0,0.0,0.0,0.0,0.0,0.3626735806465149,32.27843612037599,32.4,0.0,0.6,0.0,1.0,2.0,4.0,0.0,1.0,0.0,1.0,0.0,0.0,0.0,0.0,0.0,0.0,0.0,0.0,0.0,0.0,0.0,0.0,0.0,0.0,0.0,0.0,0.0,0.0,0.0,102.84156799316406,49.592071533203125,102.57986450195312,49.407920837402344,-0.2617034912109375,-0.18415069580078125,0.3200003206729889,-2.5284134757517855,-0.9007421135902405,-0.4343542158603668,0.0,0.0,0.0,0.0,28.0,28.0,28.0,0.0,1.0,27.0,0.0,0.0,1.0,0.0,1.0,0.0,0.0,0.0,4.44,151.62809996400028,0.7258999394252896,104.86419999506325,41.096200002357364,15.11669997125864,4.0,2.707500010728836,1.714100013487041,0.48509996850043535,0.000300002284348011
1,112,112,5.504817448056301,0,0,2.0,4.0,1.0,0.8383927941322327,1.0,0.9050235152244568,1.0,1.0,0.8285369873046875,1.0,0.8314014673233032,1.0,1.0,0.8530715107917786,0.8285369873046875,0.8383927941322327,0.9050235152244568,0.8285369873046875,0.8530715107917786,0.0,1.0,0.41135671734809875,1.0,0.36605554819107056,0.46112051606178284,-0.5924099683761597,0.0,7.280984573299065e-05,0.0020830228459089994,-0.9999978542327881,0.0,0.0,0.0,0.0,0.0,0.0,134.87799072265625,20.713424682617188,20.959819793701172,22.625587463378906,21.3267879486084,20.713424682617188,0.0,1.0,0.8285369873046875,0.8383927917480469,0.0,0.0,0.0,0.0,0.0,2.353210210800171,0.6044732077003759,0.7754036444425583,1.7517303851131953,0.02,-0.0,-0.000943725242633848,-7.565381590925158e-05,0.0,0.15,-0.0,0.0,0.0,-0.0,0.0,0.0,0.0,0.0,0.35,0.0,0.0,0.0,0.0,0.0,0.0,0.0,0.0,0.25,-0.0,0.109619140625,0.0,1.353210210800171,-0.0,0.02740478515625,0.02740478515625,-0.05,0.5454036444425583,0.3636024296283722,0.2,0.0,-0.0,-0.0,-0.0,0.8,1.0,-0.0,0.0,-0.0,-0.0,0.0,0.0,0.0,0.45549258675891907,-0.0,-0.0,-0.04826961488680478,0.02,0.0,0.0,0.0,0.0,0.0,0.0,0.3636024296283722,32.79546624664217,32.4,1.0,0.0,0.0,1.0,2.0,4.0,0.0,1.0,0.0,1.0,0.0,0.0,0.0,0.0,0.0,0.0,0.0,0.0,0.0,0.0,0.0,0.0,0.0,0.0,0.0,0.0,0.0,0.0,0.0,102.57962036132812,49.40846252441406,102.31793975830078,49.22427749633789,-0.26168060302734375,-0.18418502807617188,0.3200013339519501,-2.5282845595121852,-0.9009389281272888,-0.4339459240436554,0.0,0.0,0.0,0.0,28.0,28.0,28.0,0.0,1.0,27.0,0.0,0.0,1.0,0.0,1.0,0.0,0.0,0.0,4.48,200.99829998798668,0.5415000487118959,111.75899999216199,62.34319997020066,21.72950003296137,4.0,22.92960009071976,2.8069999534636736,0.5760999629274011,0.00100000761449337
1,113,113,6.268683510760203,0,0,2.0,4.0,1.0,0.8383927941322327,1.0,0.9050235152244568,1.0,1.0,0.8285369873046875,1.0,0.8314014673233032,1.0,1.0,0.8530715107917786,0.8285369873046875,0.8383927941322327,0.9050235152244568,0.8285369873046875,0.8530715107917786,0.0,1.0,0.4098186194896698,1.0,0.36461272835731506,0.46850666403770447,0.448810875415802,0.0,7.280984573299065e-05,0.0020916059147566557,-0.9999977946281433,0.0,0.0,0.0,0.0,0.0,0.0,134.9031982421875,20.32282829284668,20.32282829284668,23.536518096923828,21.537395477294922,20.795907974243164,0.0,1.0,0.8129131317138671,0.8129131317138671,0.0,0.0,0.0,0.0,0.0,2.3436049222946167,1.33385480914487,0.7712237793207168,1.8,0.02,-0.0,-0.0008076857825741399,-7.31984732816041e-05,0.7391263961791993,0.15,-0.0,0.0,0.0,-0.0,0.0,0.0,0.0,0.0,0.35,0.0,0.0,0.0,0.0,0.0,0.0,0.0,0.0,0.25,-0.0,0.100830078125,0.0,1.3436049222946167,-0.0,0.02520751953125,0.02520751953125,-0.05,0.5412237793207169,0.3608158528804779,0.2,0.0,-0.0,-0.0,-0.0,0.8,1.0,-0.0,0.0,-0.0,-0.0,0.0,0.0,0.0,0.4456092972215265,-0.0,-0.0,-0.0,0.02,0.0,0.0,0.0,0.0,0.0,0.0,0.3608158528804779,32.083869399949904,32.4,0.0,0.6,0.0,1.0,2.0,4.0,0.0,1.0,0.0,1.0,0.0,0.0,0.0,0.0,0.0,0.0,0.0,0.0,0.0,0.0,0.0,0.0,0.0,0.0,0.0,0.0,0.0,0.0,0.0,102.31790924072266,49.22462844848633,102.05624389648438,49.040428161621094,-0.26166534423828125,-0.18420028686523438,0.3199976682662964,-2.5282181452526156,-0.9011378288269043,-0.43353283405303955,0.0,0.0,0.0,0.0,28.0,28.0,28.0,0.0,1.0,27.0,0.0,0.0,1.0,0.0,1.0,0.0,0.0,0.0,4.52,211.21480001602322,0.5376000190153718,108.86569996364415,85.77799994964153,44.894499937072396,4.0,12.687699985690415,2.6789000257849693,0.6258999928832054,0.000300002284348011
1,114,114,5.528284428159688,0,0,2.0,4.0,0.9708815813064575,0.8129131197929382,1.0,0.9414607286453247,1.0,1.0,0.847943902015686,1.0,0.8318363428115845,1.0,1.0,0.8614957928657532,0.8129131197929382,0.8129131197929382,0.9414607286453247,0.8318363428115845,0.8614957928657532,0.0,1.0,0.40827932953834534,1.0,0.3631753623485565,0.45834100246429443,-0.6177055835723877,0.0,5.683999916072935e-05,0.0020889118313789368,-0.9999977946281433,0.0,0.0,0.0,0.0,0.0,0.0,134.92965698242188,20.32282829284668,20.32282829284668,23.536518096923828,21.537395477294922,20.795907974243164,0.0,1.0,0.8129131317138671,0.8129131317138671,0.0,0.0,0.0,0.0,0.0,2.3480141162872314,0.6021327323861276,0.7726685959100723,1.7854689835762572,0.02,-0.0,-0.0008076857825741399,-7.31984732816041e-05,0.0,0.15,-0.0,0.0,0.0,-0.0,0.0,0.0,0.0,0.0,0.35,0.0,0.0,0.0,0.0,0.0,0.0,0.0,0.0,0.25,-0.0,0.1058349609375,0.0,1.3480141162872314,-0.0,0.026458740234375,0.026458740234375,-0.05,0.5426685959100723,0.3617790639400482,0.2,0.0,-0.0,-0.0,-0.0,0.8,1.0,-0.0,0.0,-0.0,-0.0,0.0,0.0,0.0,0.4530136166419834,-0.0,-0.0,-0.01453101642374296,0.02,0.0,0.0,0.0,0.0,0.0,0.0,0.3617790639400482,32.61698039822281,32.4,1.0,0.0,0.0,1.0,2.0,4.0,0.0,1.0,0.0,1.0,0.0,0.0,0.0,0.0,0.0,0.0,0.0,0.0,0.0,0.0,0.0,0.0,0.0,0.0,0.0,0.0,0.0,0.0,0.0,102.05631256103516,49.04067611694336,101.7946548461914,48.85646438598633,-0.26165771484375,-0.18421173095703125,0.31999799609184265,-2.5281751846159963,-0.9013381600379944,-0.4331161081790924,0.0,0.0,0.0,0.0,28.0,28.0,28.0,0.0,1.0,27.0,0.0,0.0,1.0,0.0,1.0,0.0,0.0,0.0,4.56,139.84489999711514,0.4328000359237194,121.37369997799397,10.426799999549985,7.407400058582425,4.0,4.162300028838217,2.527100034058094,0.8958999533206224,0.000400003045797348
1,115,115,8.350365759925856,0,0,2.0,4.0,0.9708815813064575,0.8129131197929382,1.0,0.9414607286453247,1.0,1.0,0.847943902015686,1.0,0.8318363428115845,1.0,1.0,0.8614957928657532,0.8129131197929382,0.8129131197929382,0.9414607286453247,0.8318363428115845,0.8614957928657532,0.0,1.0,0.40673962235450745,1.0,0.3617348074913025,0.4659568667411804,0.4627699553966522,0.0,5.683999916072935e-05,0.002099273493513465,-0.9999977946281433,0.0,0.0,0.0,0.0,0.0,0.0,134.95388793945312,19.688045501708984,19.688045501708984,24.445831298828125,22.34014320373535,21.049217224121094,0.0,1.0,0.7875218200683594,0.7875218200683594,0.0,0.0,0.0,0.0,0.0,2.3385730981826782,1.873238172130598,2.318554489612579,1.8,0.02,-0.0,-0.0006107443954560291,-6.614510332356845e-05,1.2805376052856448,0.15,-0.0,0.0,0.0,-0.0,0.0,0.0,0.0,0.0,0.35,0.0,0.0,0.0,0.0,0.0,0.0,0.0,0.0,0.25,-0.0,0.096923828125,0.0,1.3385730981826782,-0.0,0.02423095703125,0.02423095703125,1.5,0.5385544896125793,0.35903632640838623,0.2,0.0,-0.0,-0.0,-0.0,0.8,1.0,-0.0,0.0,-0.0,-0.0,0.0,0.0,0.0,0.44337745634373277,-0.0,-0.0,-0.0,0.02,0.0,0.0,0.0,0.0,0.0,0.0,0.35903632640838623,31.92317685674876,32.4,0.0,0.6,0.0,1.0,2.0,4.0,0.0,1.0,0.0,1.0,0.0,0.0,0.0,0.0,0.0,0.0,0.0,0.0,0.0,0.0,0.0,0.0,0.0,0.0,0.0,0.0,0.0,0.0,0.0,101.7947769165039,48.85667419433594,101.53311920166016,48.672454833984375,-0.26165771484375,-0.1842193603515625,0.32000237703323364,-2.5281556721558665,-0.90153968334198,-0.4326963722705841,0.0,0.0,0.0,0.0,28.0,28.0,28.0,0.0,1.0,27.0,0.0,0.0,1.0,0.0,1.0,0.0,0.0,0.0,4.6,172.81789996195585,0.5514000076800585,114.86739991232753,49.59840001538396,29.04819999821484,4.0,3.9767000125721097,2.888699993491173,0.8991999784484506,0.000400003045797348
1,116,116,6.573806292587333,0,0,2.0,4.0,0.9405518174171448,0.7875218391418457,1.0,0.9778332710266113,1.0,1.0,0.8419687151908875,1.0,0.8488366007804871,1.0,1.0,0.8936057090759277,0.7875218391418457,0.7875218391418457,0.9778332710266113,0.8419687151908875,0.8936057090759277,0.0,1.0,0.40519964694976807,1.0,0.36030054092407227,0.45604538917541504,-0.6022599935531616,0.0,1.1837805686809588e-05,0.002096827607601881,-0.9999977946281433,0.0,0.0,0.0,0.0,0.0,0.0,134.97940063476562,19.05660629272461,19.05660629272461,25.0,23.140045166015625,21.41886329650879,0.0,1.0,0.7622642517089844,0.7622642517089844,0.0,0.0,0.0,0.0,0.0,2.34310781955719,1.6420911070143474,0.7700392264127731,1.7985681396030242,0.02,-0.0,-0.0004810346165940096,-5.705367178351476e-05,1.0416831970214844,0.15,-0.0,0.0,0.0,-0.0,0.0,0.0,0.0,0.0,0.35,0.0,0.0,0.0,0.0,0.0,0.0,0.0,0.0,0.25,-0.0,0.10205078125,0.0,1.34310781955719,-0.0,0.0255126953125,0.0255126953125,-0.05,0.5400392264127731,0.36002615094184875,0.2,0.0,-0.0,-0.0,-0.0,0.8,1.0,-0.0,0.0,-0.0,-0.0,0.0,0.0,0.0,0.4509459982812405,-0.0,-0.0,-0.0014318603969758032,0.02,0.0,0.0,0.0,0.0,0.0,0.0,0.36002615094184875,32.46811187624931,32.4,1.0,0.0,0.0,1.0,2.0,4.0,0.0,1.0,0.0,1.0,0.0,0.0,0.0,0.0,0.0,0.0,0.0,0.0,0.0,0.0,0.0,0.0,0.0,0.0,0.0,0.0,0.0,0.0,0.0,101.53326416015625,48.67264938354492,101.27161407470703,48.488426208496094,-0.26165008544921875,-0.18422317504882812,0.3199983537197113,-2.5281321896707016,-0.9017422795295715,-0.4322739541530609,0.0,0.0,0.0,0.0,28.0,28.0,28.0,0.0,1.0,27.0,0.0,0.0,1.0,0.0,1.0,0.0,0.0,0.0,4.64,164.2558000748977,0.7397000445052981,129.87469998188317,28.548600035719573,15.786400064826012,4.0,3.0014999210834503,1.6550000291317701,0.40030002128332853,0.000200001522898674
1,117,117,5.510528709916178,0,0,2.0,4.0,0.9103883504867554,0.7622642517089844,1.0,1.0,1.0,1.0,0.8714305758476257,1.0,0.8567545413970947,1.0,1.0,0.9256017804145813,0.7622642517089844,0.7622642517089844,1.0,0.8567545413970947,0.9256017804145813,0.0,1.0,0.403659850358963,1.0,0.3588635325431824,0.4638301730155945,0.4730338752269745,0.0,-8.889987657312304e-05,0.002105661667883396,-0.9999977946281433,0.0,0.0,0.0,0.0,0.0,0.0,135.00265502929688,19.05660629272461,19.05660629272461,25.0,23.140045166015625,21.41886329650879,0.0,1.0,0.7622642517089844,0.7622642517089844,0.0,0.0,0.0,0.0,0.0,2.3337152004241943,0.5908655011931103,0.7659480082988739,1.8,0.02,-0.0,-0.0004810346165940096,-5.705367178351476e-05,0.0,0.15,-0.0,0.0,0.0,-0.0,0.0,0.0,0.0,0.0,0.35,0.0,0.0,0.0,0.0,0.0,0.0,0.0,0.0,0.25,-0.0,0.093017578125,0.0,1.3337152004241943,-0.0,0.02325439453125,0.02325439453125,-0.05,0.5359480082988739,0.35729867219924927,0.2,0.0,-0.0,-0.0,-0.0,0.8,1.0,-0.0,0.0,-0.0,-0.0,0.0,0.0,0.0,0.44140358948148783,-0.0,-0.0,-0.0,0.02,0.0,0.0,0.0,0.0,0.0,0.0,0.35729867219924927,31.781058442667124,32.4,0.0,0.6,0.0,1.0,2.0,4.0,0.0,1.0,0.0,1.0,0.0,0.0,0.0,0.0,0.0,0.0,0.0,0.0,0.0,0.0,0.0,0.0,0.0,0.0,0.0,0.0,0.0,0.0,0.0,101.27177429199219,48.488616943359375,101.01012420654297,48.30438995361328,-0.26165008544921875,-0.18422698974609375,0.320000559091568,-2.528122447862533,-0.901945948600769,-0.4318489730358124,0.0,0.0,0.0,0.0,28.0,28.0,28.0,0.0,1.0,27.0,0.0,0.0,1.0,0.0,1.0,0.0,0.0,0.0,4.68,113.97119995672256,0.3693000180646777,86.03170001879334,22.384900017641485,12.499599950388074,4.0,2.8795000398531556,1.8131999531760812,0.47099997755140066,0.000300002284348011
1,118,118,6.269715029911705,0,0,2.0,4.0,0.9103883504867554,0.7622642517089844,1.0,1.0,1.0,1.0,0.8714305758476257,1.0,0.8567545413970947,1.0,1.0,0.9256017804145813,0.7622642517089844,0.7622642517089844,1.0,0.8567545413970947,0.9256017804145813,0.0,1.0,0.4021199941635132,1.0,0.35743293166160583,0.4540151059627533,-0.5964005589485168,0.0,-8.889987657312304e-05,0.0021009212359786034,-0.9999977946281433,0.0,0.0,0.0,0.0,0.0,0.0,135.0733642578125,18.428586959838867,18.428586959838867,25.0,23.934181213378906,22.164518356323242,0.0,1.0,0.7371434783935547,0.7371434783935547,0.0,0.0,0.0,0.0,0.0,2.338602900505066,1.3436821559235537,0.7674299734830856,1.8,0.02,-0.0,-0.00040829134441637283,-4.2339921476407096e-05,0.7451650619506838,0.15,-0.0,0.0,0.0,-0.0,0.0,0.0,0.0,0.0,0.35,0.0,0.0,0.0,0.0,0.0,0.0,0.0,0.0,0.25,-0.0,0.2828369140625,0.0,1.338602900505066,-0.0,0.070709228515625,0.070709228515625,-0.05,0.5374299734830856,0.35828664898872375,0.2,0.0,-0.0,-0.0,-0.0,0.8,1.0,-0.0,0.0,-0.0,-0.0,0.0,0.0,0.0,0.44896772523876277,-0.0,-0.0,-0.0,0.02,0.0,0.0,0.0,0.0,0.0,0.0,0.35828664898872375,32.32567621719092,32.4,1.0,0.0,0.0,1.0,2.0,4.0,0.0,1.0,0.0,1.0,0.0,0.0,0.0,0.0,0.0,0.0,0.0,0.0,0.0,0.0,0.0,0.0,0.0,0.0,0.0,0.0,0.0,0.0,0.0,101.01028442382812,48.3045768737793,100.82766723632812,48.04180145263672,-0.1826171875,-0.2627754211425781,0.31999993324279785,-2.178128592919716,-0.9021505117416382,-0.4314213991165161,0.0,0.0,0.0,0.0,28.0,28.0,28.0,0.0,1.0,26.0,0.0,0.0,1.0,0.0,1.0,0.0,0.0,0.0,4.72,128.59869992826134,0.37189992144703865,86.64680004585534,33.10579992830753,15.443300013430417,4.0,4.827699973247945,2.9734999407082796,0.6396999815478921,0.000500003807246685
1,119,119,5.474971069252099,0,0,2.0,4.0,0.8803890943527222,0.7371434569358826,1.0,1.0,1.0,1.0,0.8903388977050781,1.0,0.8865807056427002,1.0,1.0,0.9573672413825989,0.7371434569358826,0.7371434569358826,1.0,0.8865807056427002,0.9573672413825989,0.0,1.0,0.399925172328949,1.0,0.35529595613479614,0.4617953598499298,0.4727584719657898,0.0,-0.00010631754412315786,0.0021086635533720255,-0.9999977946281433,0.0,0.0,0.0,0.0,0.0,0.0,135.19781494140625,18.428586959838867,18.428586959838867,25.0,23.934181213378906,22.164518356323242,0.0,1.0,0.7371434783935547,0.7371434783935547,0.0,0.0,0.0,0.0,0.0,2.3672401905059814,0.6073763637129299,0.7783734756708145,1.701981039362374,0.02,-0.0,-0.00040829134441637283,-4.2339921476407096e-05,0.0,0.15,-0.0,0.0,0.0,-0.0,0.0,0.0,0.0,0.0,0.35,0.0,0.0,0.0,0.0,0.0,0.0,0.0,0.0,0.25,-0.0,0.497802734375,0.0,1.3672401905059814,-0.0,0.12445068359375,0.12445068359375,-0.05,0.5483734756708145,0.36558231711387634,0.2,0.0,-0.0,-0.0,-0.0,0.8,1.0,-0.0,0.0,-0.0,-0.0,0.0,0.0,0.0,0.45782699497882273,-0.0,-0.0,-0.09801896063762602,0.02,0.0,0.0,0.0,0.0,0.0,0.0,0.36558231711387634,32.96354363847524,32.4,1.0,0.0,0.0,1.0,2.0,4.0,0.0,1.0,0.0,1.0,0.0,0.0,0.0,0.0,0.0,0.0,0.0,0.0,0.0,0.0,0.0,0.0,0.0,0.0,0.0,0.0,0.0,0.0,0.0,100.828125,48.041927337646484,100.70756530761719,47.745506286621094,-0.1205596923828125,-0.2964210510253906,0.3200001120567322,-1.9570803907170617,-0.9027613401412964,-0.430141806602478,0.0,0.0,0.0,0.0,28.0,28.0,28.0,0.0,1.0,26.0,0.0,0.0,1.0,0.0,1.0,0.0,0.0,0.0,4.76,156.9372999947518,0.5570000503212214,94.02419999241829,33.345599891617894,10.438300087116659,4.0,20.85209998767823,3.115900093689561,5.005599930882454,0.000400003045797348
1,120,120,5.889636471905771,0,0,2.0,4.0,0.8803890943527222,0.7371434569358826,1.0,1.0,1.0,1.0,0.8903388977050781,1.0,0.8865807056427002,1.0,1.0,0.9573672413825989,0.7371434569358826,0.7371434569358826,1.0,0.8865807056427002,0.9573672413825989,0.0,1.0,0.3974483609199524,1.0,0.35277050733566284,0.4709077775478363,0.5537043809890747,0.0,-0.00010631754412315786,0.002113811671733856,-0.9999977946281433,0.0,0.0,0.0,0.0,0.0,0.0,135.3203582763672,17.79065704345703,17.79065704345703,25.0,24.740276336669922,22.057222366333008,0.0,1.0,0.7116262817382812,0.7116262817382812,0.0,0.0,0.0,0.0,0.0,2.357844114303589,0.9377246767664584,0.7740676808357239,1.8,0.02,-0.0,-0.000351733342998737,-4.419664172413538e-05,0.44705936431884774,0.15,-0.10729598999023438,0.0,0.0,-0.0,0.0,0.0,0.0,0.0,0.35,0.0,0.0,0.0,0.0,0.0,0.0,0.0,0.0,0.25,-0.0,0.49017333984375,0.0,1.3578441143035889,-0.0,0.1225433349609375,0.1225433349609375,-0.05,0.5440676808357239,0.3627117872238159,0.2,0.0,-0.0,-0.0,-0.0,0.8,1.0,-0.0,0.0,-0.0,-0.0,0.0,0.0,0.0,0.4483572324225679,-0.0,-0.0,-0.0,0.02,0.0,0.0,0.0,0.0,0.0,0.0,0.3627117872238159,32.28172073442489,32.4,0.0,0.6,0.0,1.0,2.0,4.0,0.0,1.0,0.0,1.0,0.0,0.0,0.0,0.0,0.0,0.0,0.0,0.0,0.0,0.0,0.0,0.0,0.0,0.0,0.0,0.0,0.0,0.0,0.0,100.7081298828125,47.74546813964844,100.58753967285156,47.449058532714844,-0.1205902099609375,-0.29640960693359375,0.3200010061264038,-1.9571821988616247,-0.9035933613777161,-0.42839130759239197,0.0,0.0,0.0,0.0,28.0,28.0,28.0,0.0,1.0,26.0,0.0,0.0,1.0,0.0,1.0,0.0,0.0,0.0,4.8,140.70950006134808,0.7933999877423048,90.8268999774009,42.24169999361038,28.350599925033748,4.0,2.99279997125268,3.144900081679225,0.6871999939903617,0.000400003045797348
1,121,121,5.514126826944687,0,0,2.0,4.0,0.8499115109443665,0.7116262912750244,1.0,1.0,1.0,1.0,0.8822888731956482,1.0,0.9230589270591736,1.0,1.0,0.989611029624939,0.7116262912750244,0.7116262912750244,1.0,0.8822888731956482,0.989611029624939,0.0,1.0,0.39497241377830505,1.0,0.35025542974472046,0.46116742491722107,-0.5918601751327515,0.0,4.877884202869609e-05,0.0021115001291036606,-0.9999977946281433,0.0,0.0,0.0,0.0,0.0,0.0,135.44459533691406,17.79065704345703,17.79065704345703,25.0,24.740276336669922,22.057222366333008,0.0,1.0,0.7116262817382812,0.7116262817382812,0.0,0.0,0.0,0.0,0.0,2.3627188205718994,0.6051498191673564,0.7754667210578918,1.7507914661475394,0.02,-0.0,-0.000351733342998737,-4.419664172413538e-05,0.0,0.15,-0.0,0.0,0.0,-0.0,0.0,0.0,0.0,0.0,0.35,0.0,0.0,0.0,0.0,0.0,0.0,0.0,0.0,0.25,-0.0,0.4969482421875,0.0,1.3627188205718994,-0.0,0.124237060546875,0.124237060546875,-0.05,0.5454667210578918,0.36364448070526123,0.2,0.0,-0.0,-0.0,-0.0,0.8,1.0,-0.0,0.0,-0.0,-0.0,0.0,0.0,0.0,0.4555457491520793,-0.0,-0.0,-0.04920853385246053,0.02,0.0,0.0,0.0,0.0,0.0,0.0,0.36364448070526123,32.79929393894971,32.4,1.0,0.0,0.0,1.0,2.0,4.0,0.0,1.0,0.0,1.0,0.0,0.0,0.0,0.0,0.0,0.0,0.0,0.0,0.0,0.0,0.0,0.0,0.0,0.0,0.0,0.0,0.0,0.0,0.0,100.58786010742188,47.44913864135742,100.46725463867188,47.15273666381836,-0.12060546875,-0.2964019775390625,0.31999969482421875,-1.9572353497619033,-0.9044244885444641,-0.4266336262226105,0.0,0.0,0.0,0.0,28.0,28.0,28.0,0.0,1.0,26.0,0.0,0.0,1.0,0.0,1.0,0.0,0.0,0.0,4.84,178.06730000302196,0.4400999750941992,110.10789999272674,37.526699947193265,10.38610003888607,4.0,20.81240003462881,3.958699991926551,5.1775999600067735,0.000400003045797348
1,122,122,5.268218941376676,0,0,2.0,3.0,0.8499115109443665,0.7116262912750244,1.0,1.0,1.0,1.0,0.8822888731956482,1.0,0.9230589270591736,1.0,1.0,0.989611029624939,0.7116262912750244,0.7116262912750244,1.0,0.8822888731956482,0.989611029624939,0.0,1.0,0.39249733090400696,1.0,0.3477412760257721,0.4685613512992859,0.44928228855133057,0.0,4.877884202869609e-05,0.0021214992739260197,-0.9999977350234985,0.0,0.0,0.0,0.0,0.0,0.0,135.56715393066406,17.154056549072266,17.154056549072266,25.0,25.0,22.85782241821289,0.0,1.0,0.6861622619628907,0.6861622619628907,0.0,0.0,0.0,0.0,0.0,2.3535982370376587,0.9323368230323702,0.7472839045524597,1.2149999767541886,0.02,-0.0,-0.00033651726698731967,-3.2085646684527314e-05,0.337038803100586,0.15,-0.0,0.0,0.0,-0.0,0.0,0.0,0.0,0.0,0.35,0.0,0.0,0.0,0.0,0.0,0.0,0.0,0.0,0.25,-0.0,0.490234375,0.0,1.3535982370376587,-0.0,0.12255859375,0.12255859375,-0.05,0.541283905506134,0.36085593700408936,0.2,0.0,-0.0,-0.0,-0.0,0.5599999904632569,0.699999988079071,-0.0,0.0,-0.0,-0.0,0.0,0.0,0.0,0.44566662284545605,-0.04500000178813934,-0.0,-0.0,0.02,0.0,0.0,0.0,0.0,0.0,0.0,0.36085593700408936,32.08799684487283,32.4,0.0,0.6,0.0,0.699999988079071,2.0,3.0,0.0,0.699999988079071,0.0,0.699999988079071,0.0,0.0,0.0,0.0,0.0,0.0,0.0,0.0,0.0,0.0,0.0,0.0,0.0,0.0,0.0,0.0,0.0,0.0,0.0,100.46741485595703,47.15290069580078,100.34680938720703,46.85649871826172,-0.12060546875,-0.2964019775390625,0.31999969482421875,-1.9572353497619033,-0.9052551984786987,-0.4248681962490082,0.0,0.0,0.0,0.0,28.0,28.0,28.0,0.0,1.0,26.0,0.0,0.0,1.0,0.0,1.0,0.0,0.0,0.0,4.88,197.34379998408258,0.6901000160723925,144.60620004683733,43.381899944506586,24.212000076659024,4.0,4.806599928997457,3.100500092841685,0.7339000003412366,0.000500003807246685
1,123,123,5.346574574168005,0,0,2.0,4.0,0.8194873929023743,0.6861622333526611,1.0,1.0,1.0,1.0,0.9169937372207642,1.0,0.9143128991127014,1.0,1.0,1.0,0.6861622333526611,0.6861622333526611,1.0,0.9143128991127014,1.0,0.0,1.0,0.39002254605293274,1.0,0.34523630142211914,0.4583999514579773,-0.6174454092979431,0.0,1.4818904674029909e-05,0.002118725562468171,-0.9999977350234985,0.0,0.0,0.0,0.0,0.0,0.0,135.6915740966797,16.51920509338379,16.51920509338379,25.0,25.0,22.965560913085938,0.0,1.0,0.6607682037353516,0.6607682037353516,0.0,0.0,0.0,0.0,0.0,2.358601927757263,0.45534549568079485,0.7727343547344208,1.7398927959955268,0.02,-0.0,-0.00033651726698731967,-3.073227448096673e-05,-0.14736003875732423,0.15,-0.0,0.0,0.0,-0.0,0.0,0.0,0.0,0.0,0.35,0.0,0.0,0.0,0.0,0.0,0.0,0.0,0.0,0.25,-0.0,0.4976806640625,0.0,1.3586019277572632,-0.0,0.124420166015625,0.124420166015625,-0.05,0.5427343547344208,0.3618229031562805,0.2,0.0,-0.0,-0.0,-0.0,0.8,1.0,-0.0,0.0,-0.0,-0.0,0.0,0.0,0.0,0.4530727839795874,-0.04500000178813934,-0.0,-0.015107202216333833,0.02,0.0,0.0,0.0,0.0,0.0,0.0,0.3618229031562805,32.62124044653029,32.4,1.0,0.0,0.0,1.0,2.0,4.0,0.0,1.0,0.0,1.0,0.0,0.0,0.0,0.0,0.0,0.0,0.0,0.0,0.0,0.0,0.0,0.0,0.0,0.0,0.0,0.0,0.0,0.0,0.0,100.3469009399414,46.85670471191406,100.2262954711914,46.560302734375,-0.12060546875,-0.2964019775390625,0.31999969482421875,-1.9572353497619033,-0.9060856699943542,-0.4230941832065582,0.0,0.0,0.0,0.0,28.0,28.0,28.0,0.0,1.0,26.0,0.0,0.0,1.0,0.0,1.0,0.0,0.0,0.0,4.92,191.07149995397776,0.7088999263942242,141.82949997484684,40.29240005183965,20.73520002886653,4.0,4.631100106053054,2.9080999083817005,0.6617000326514244,0.000400003045797348
1,124,124,5.531281425787583,0,0,2.0,4.0,0.789168119430542,0.6607682108879089,1.0,1.0,1.0,1.0,0.9186224341392517,1.0,0.9430004954338074,1.0,1.0,1.0,0.6607682108879089,0.6607682108879089,1.0,0.9186224341392517,1.0,0.0,1.0,0.3875481188297272,1.0,0.3427314758300781,0.4660177230834961,0.4628850817680359,0.0,-8.066101145232096e-05,0.002126716310158372,-0.9999977350234985,0.0,0.0,0.0,0.0,0.0,0.0,135.8143768310547,16.51920509338379,16.51920509338379,25.0,25.0,22.965560913085938,0.0,1.0,0.6607682037353516,0.6607682037353516,0.0,0.0,0.0,0.0,0.0,2.3495956659317017,0.593068417145387,0.768617342710495,1.8,0.02,-0.0,-0.00033651726698731967,-3.073227448096673e-05,0.0,0.15,-0.0,0.0,0.0,-0.0,0.0,0.0,0.0,0.0,0.35,0.0,0.0,0.0,0.0,0.0,0.0,0.0,0.0,0.25,-0.0,0.4912109375,0.0,1.3495956659317017,-0.0,0.122802734375,0.122802734375,-0.05,0.538617342710495,0.35907822847366333,0.2,0.0,-0.0,-0.0,-0.0,0.8,1.0,-0.0,0.0,-0.0,-0.0,0.0,0.0,0.0,0.4434356666868553,-0.0,-0.0,-0.0,0.02,0.0,0.0,0.0,0.0,0.0,0.0,0.35907822847366333,31.92736800145358,32.4,0.0,0.6,0.0,1.0,2.0,4.0,0.0,1.0,0.0,1.0,0.0,0.0,0.0,0.0,0.0,0.0,0.0,0.0,0.0,0.0,0.0,0.0,0.0,0.0,0.0,0.0,0.0,0.0,0.0,100.22635650634766,46.56052780151367,100.10575103759766,46.26412582397461,-0.12060546875,-0.2964019775390625,0.31999969482421875,-1.9572353497619033,-0.906916081905365,-0.42131125926971436,0.0,0.0,0.0,0.0,28.0,28.0,28.0,0.0,1.0,26.0,0.0,0.0,1.0,0.0,1.0,0.0,0.0,0.0,4.96,179.4943999266252,0.5740999476984143,128.26939998194575,41.980499983765185,28.595400042831898,4.0,4.728999920189381,3.1528000254184008,0.7570999441668391,0.000500003807246685
1,125,125,5.673277607063925,0,0,2.0,4.0,0.789168119430542,0.6607682108879089,1.0,1.0,1.0,1.0,0.9186224341392517,1.0,0.9430004954338074,1.0,1.0,1.0,0.6607682108879089,0.6607682108879089,1.0,0.9186224341392517,1.0,0.0,1.0,0.38507381081581116,1.0,0.3402354121208191,0.4561052620410919,-0.6023198366165161,0.0,-8.066101145232096e-05,0.00212210975587368,-0.9999977350234985,0.0,0.0,0.0,0.0,0.0,0.0,135.93905639648438,15.887575149536133,15.887575149536133,25.0,25.0,23.763046264648438,0.0,1.0,0.6355030059814453,0.6355030059814453,0.0,0.0,0.0,0.0,0.0,2.3546345233917236,0.7301487659727194,0.7701022136211395,1.798392104078343,0.02,-0.0,-0.00033651726698731967,-2.233866978504567e-05,0.12950515747070315,0.15,-0.0,0.0,0.0,-0.0,0.0,0.0,0.0,0.0,0.35,0.0,0.0,0.0,0.0,0.0,0.0,0.0,0.0,0.25,-0.0,0.49871826171875,0.0,1.3546345233917236,-0.0,0.1246795654296875,0.1246795654296875,-0.05,0.5401022136211395,0.360068142414093,0.2,0.0,-0.0,-0.0,-0.0,0.8,1.0,-0.0,0.0,-0.0,-0.0,0.0,0.0,0.0,0.4510024644387886,-0.0,-0.0,-0.0016078959216571083,0.02,0.0,0.0,0.0,0.0,0.0,0.0,0.360068142414093,32.47217743959278,32.4,1.0,0.0,0.0,1.0,2.0,4.0,0.0,1.0,0.0,1.0,0.0,0.0,0.0,0.0,0.0,0.0,0.0,0.0,0.0,0.0,0.0,0.0,0.0,0.0,0.0,0.0,0.0,0.0,0.0,100.10580444335938,46.26436233520508,99.98519897460938,45.967960357666016,-0.12060546875,-0.2964019775390625,0.31999969482421875,-1.9572353497619033,-0.9077464938163757,-0.41951924562454224,0.0,0.0,0.0,0.0,28.0,28.0,28.0,0.0,1.0,26.0,1.0,0.0,1.0,0.0,1.0,0.0,0.0,0.0,5.0,192.53990007564425,0.7691000355407596,139.19660006649792,43.03230007644743,20.698399981483817,4.0,5.117300082929432,3.4935999428853393,0.8892000187188387,0.000500003807246685
1,126,126,5.522731124578878,0,0,2.0,4.0,0.7589830756187439,0.6355029940605164,1.0,1.0,1.0,1.0,0.9505218267440796,1.0,0.9771701693534851,1.0,1.0,1.0,0.6355029940605164,0.6355029940605164,1.0,0.9505218267440796,1.0,0.0,1.0,0.3825996518135071,1.0,0.3377392888069153,0.4638882577419281,0.4729248583316803,0.0,-0.00010498956544324756,0.002129755448549986,-0.9999977350234985,0.0,0.0,0.0,0.0,0.0,0.0,136.06211853027344,15.887575149536133,15.887575149536133,25.0,25.0,23.763046264648438,0.0,1.0,0.6355030059814453,0.6355030059814453,0.0,0.0,0.0,0.0,0.0,2.345618724822998,0.5910984985222079,0.7660139012336731,1.8,0.02,-0.0,-0.00033651726698731967,-2.233866978504567e-05,0.0,0.15,-0.0,0.0,0.0,-0.0,0.0,0.0,0.0,0.0,0.35,0.0,0.0,0.0,0.0,0.0,0.0,0.0,0.0,0.25,-0.0,0.49224853515625,0.0,1.345618724822998,-0.0,0.1230621337890625,0.1230621337890625,-0.05,0.5360139012336731,0.35734260082244873,0.2,0.0,-0.0,-0.0,-0.0,0.8,1.0,-0.0,0.0,-0.0,-0.0,0.0,0.0,0.0,0.44145735445898027,-0.0,-0.0,-0.0,0.02,0.0,0.0,0.0,0.0,0.0,0.0,0.35734260082244873,31.78492952104658,32.4,0.0,0.6,0.0,1.0,2.0,4.0,0.0,1.0,0.0,1.0,0.0,0.0,0.0,0.0,0.0,0.0,0.0,0.0,0.0,0.0,0.0,0.0,0.0,0.0,0.0,0.0,0.0,0.0,0.0,99.98524475097656,45.968204498291016,99.8646469116211,45.67179870605469,-0.12059783935546875,-0.2964057922363281,0.32000038027763367,-1.95720876916998,-0.9085767269134521,-0.4177180230617523,0.0,0.0,0.0,0.0,28.0,28.0,28.0,0.0,1.0,26.0,0.0,0.0,1.0,0.0,1.0,0.0,0.0,0.0,5.04,167.09000000264496,0.45980000868439674,119.8312999913469,37.21899993252009,27.561300084926188,4.0,5.074799992144108,3.7332000210881233,0.7432000711560249,0.000400003045797348
1,127,127,4.78063701174324,0,0,3.0,4.0,0.7589830756187439,0.6355029940605164,1.0,1.0,1.0,1.0,0.9505218267440796,1.0,0.9771701693534851,1.0,1.0,1.0,0.6355029940605164,0.6355029940605164,1.0,0.9505218267440796,1.0,0.0,1.0,0.3801252245903015,1.0,0.33525151014328003,0.45407041907310486,-0.5965693593025208,0.0,-0.00010498956544324756,0.0021271053701639175,-0.9999977350234985,0.0,0.0,0.0,0.0,0.0,0.0,136.18699645996094,15.25894832611084,15.25894832611084,25.0,25.0,24.55522918701172,0.0,1.0,0.6103579330444336,0.6103579330444336,0.0,0.0,0.0,0.0,0.0,2.350288510322571,0.7269353142937575,0.7674824106693268,0.9159307764575856,0.02,-0.0,-0.00033651726698731967,-1.627200389759108e-05,0.12828512191772465,0.15,-0.0,0.0,0.0,-0.0,0.0,0.0,0.0,0.0,0.35,0.0,0.0,0.0,0.0,0.0,0.0,0.0,0.0,0.25,-0.0,0.49951171875,0.0,1.3502885103225708,-0.0,0.1248779296875,0.1248779296875,-0.05,0.5374824106693268,0.3583216071128845,0.2,0.0,-0.03325187795510888,-0.0,-0.0,0.6254545454545455,0.7818181818181819,-0.21818181818181814,0.0,-0.0952066115702479,-0.12670164351029828,0.0,0.0,0.0,0.44900298164691776,-0.017999999597668646,-0.0,-0.0,0.02,0.0,0.0,0.0,0.0,0.0,0.0,0.3583216071128845,32.32821467857808,32.4,1.0,0.0,0.25,1.0,3.0,4.0,0.25,1.0,0.11999999731779099,1.0,0.12,1.0,0.0,0.0,0.0,0.25,0.25,1.0,0.13,0.0,0.0,0.0,0.0,0.0,0.0,0.0,0.0,0.0,0.0,99.86469268798828,45.67204284667969,99.74410247802734,45.37563705444336,-0.1205902099609375,-0.2964057922363281,0.31999748945236206,-1.9571866873720563,-0.9094069600105286,-0.41590747237205505,0.0,0.0,0.0,0.0,28.0,28.0,28.0,0.0,1.0,26.0,0.0,0.0,1.0,0.0,1.0,0.0,0.0,0.0,5.08,163.73890009708703,0.682300073094666,117.36929998733103,37.63379994779825,18.882500007748604,4.0,4.53959999140352,2.9115000506863,0.5672000115737319,0.000400003045797348
1,128,128,5.608768185485729,0,0,2.0,4.0,0.7289507389068604,0.610357940196991,1.0,1.0,1.0,1.0,0.9822091460227966,1.0,0.9966347217559814,1.0,1.0,1.0,0.610357940196991,0.610357940196991,1.0,0.9822091460227966,1.0,0.0,1.0,0.3776490390300751,1.0,0.3327622413635254,0.46183162927627563,0.4716016948223114,0.2181818187236786,-0.001332595245912671,0.0026797251775860786,-0.9999964237213135,0.0,0.0,0.0,0.0,0.0,0.0,136.2644500732422,15.25894832611084,15.25894832611084,25.0,25.0,24.55522918701172,0.0,1.0,0.6103579330444336,0.6103579330444336,0.0,0.0,0.0,0.0,0.0,2.378358483314514,0.5931995103375021,0.7782659190893173,1.8389442727443968,0.02,-0.0,-0.00033651726698731967,-1.627200389759108e-05,0.0,0.15,-0.0,0.0,0.0,-0.0,0.0,0.0,0.0,0.0,0.35,0.0,0.0,0.0,0.0,0.0,0.0,0.0,0.0,0.25,-0.0,0.309814453125,0.0,1.3783584833145142,-0.0,0.07745361328125,0.07745361328125,-0.05,0.5482659190893173,0.36551061272621155,0.2,0.0,-0.0,-0.0,-0.0,0.8,1.0,-0.0,0.0,-0.0,-0.0,0.15837704396453064,0.0,0.0,0.443552299608387,-0.017999999597668646,-0.0,-0.10143277162246528,0.02,0.0,0.0,0.0,0.0,0.0,0.0,0.36551061272621155,32.97327321588993,32.4,1.0,0.0,0.0,1.0,2.0,4.0,0.0,1.0,0.0,1.0,0.0,0.0,0.0,0.0,0.0,0.0,0.0,0.0,0.0,0.0,0.0,0.0,0.0,0.0,0.0,0.0,0.0,0.0,0.0,99.74414825439453,45.375885009765625,99.55079650878906,45.12090301513672,-0.19335174560546875,-0.25498199462890625,0.32000112533569336,-2.219585548751617,-0.9102370738983154,-0.41408756375312805,0.0,0.0,0.0,0.0,28.0,28.0,28.0,0.0,1.0,25.0,0.0,0.0,1.0,0.0,1.0,0.0,0.0,0.0,5.12,191.51130004320294,0.7987000280991197,137.1973999775946,41.95280000567436,13.660200056619942,4.0,8.505100035108626,2.4700999492779374,0.5549000343307853,0.000200001522898674
1,129,129,2.7540999379044258,0,0,3.0,3.0,0.7289507389068604,0.610357940196991,1.0,1.0,1.0,1.0,0.9822091460227966,1.0,0.9966347217559814,1.0,1.0,1.0,0.610357940196991,0.610357940196991,1.0,0.9822091460227966,1.0,0.0,1.0,0.37551936507225037,1.0,0.33069756627082825,0.4710467457771301,0.5599466562271118,0.0,-0.001332595245912671,0.006554321851581335,-0.9999785423278809,0.0,0.0,0.0,0.0,0.0,0.0,136.33935546875,13.35641860961914,13.35641860961914,25.0,25.0,24.633543014526367,0.011029757559299469,0.9889702424407005,0.5342567443847657,0.5342567443847657,0.0,0.0,0.0,0.0,0.0,2.340157358095728,-0.7711298918514565,0.7324805712238857,0.4325919004362691,0.02,-0.0,-0.00033651726698731967,-1.5770175786849076e-05,-0.5394333839416504,0.15,-0.0,0.0,0.0,-0.7524941731619179,0.0,0.0,0.0,0.0,0.35,0.0,0.0,0.0,0.0,0.0,0.0,0.0,0.0,0.25716934241354467,-0.0,0.29631682862191155,0.0,1.3511871156550272,-0.0,0.0749053955078125,0.0749053955078125,-0.05,0.5388339004335995,0.36262229084968567,0.2,0.0,-0.03321014334123475,-0.0,-0.0,0.34123760799678315,0.4265470099959789,-0.11903637488259873,7.664299633943952e-05,-0.06168679642308497,-0.07286956165727579,0.0,0.0,0.0,0.37114995269488593,-0.04846648424863815,-0.0,-0.0,0.02,0.0,0.0,0.0,0.0,0.0,0.0,0.36262229084968567,32.28763935953379,32.4,0.0,0.6,0.25,0.699999988079071,3.0,3.0,0.25,0.699999988079071,0.11999999731779099,0.699999988079071,0.12,1.0,0.0,0.0,0.0,0.25,0.25,1.0,0.13,0.0,0.0,0.0,0.0,0.0,0.0,0.0,0.0,0.0,0.0,99.55062866210938,45.121395111083984,99.35729217529297,44.86640167236328,-0.19333648681640625,-0.2549934387207031,0.3200010061264038,-2.219525954845573,-0.9108101725578308,-0.4128253757953644,0.0,0.0,0.0,0.0,28.0,28.0,28.0,0.0,1.0,25.0,0.0,0.0,1.0,0.0,1.0,0.0,0.0,0.0,5.16,134.94759995955974,0.3803999861702323,91.65399998892099,37.12340001948178,25.30129998922348,4.0,3.219400066882372,1.8328999867662787,0.7128999568521976,0.000200001522898674
1,130,130,5.063205013526925,0,0,3.0,4.0,0.5342567563056946,0.5844205617904663,1.0,1.0,1.0,1.0,0.9853417277336121,1.0,0.9986531734466553,1.0,1.0,1.0,0.5342567563056946,0.5342567563056946,1.0,0.9853417277336121,1.0,0.0,1.0,0.37337443232536316,1.0,0.3286280333995819,0.46125200390815735,-0.5951682925224304,0.2181818187236786,-0.0518634170293808,0.010406024754047394,-0.999945878982544,0.0,0.011029757559299469,0.0019154208712279797,0.0,0.0,0.0,136.41502380371094,14.068767547607422,14.068767547607422,25.0,25.0,24.827285766601562,0.0,1.0,0.5627507019042969,0.5627507019042969,0.0,0.0,0.0,0.0,0.0,2.367560625076294,2.0311372481569254,0.7749107438325882,-0.13040360353888258,0.02,-0.0,-0.00033651726698731967,-1.459418916360856e-05,1.5021949768066407,0.15,-0.0,0.0,0.0,-0.0,0.0,0.0,0.0,0.0,0.35,0.0,0.0,0.0,0.0,0.0,0.0,0.0,0.0,0.25,-0.0,0.30267333984375,0.0,1.367560625076294,-0.0,0.0756683349609375,0.0756683349609375,-0.05,0.5449107438325882,0.36327382922172546,0.2,0.0,-0.06674860498855796,-0.0,-0.0,0.450909090909091,0.5636363636363637,-0.4363636363636363,0.0,-0.3808264462809916,-0.21185515802556817,0.0,0.0,0.0,0.37929338280643554,-0.04846648424863815,-0.0,-0.0006887281769450774,0.02,0.0,0.0,0.0,0.0,0.0,0.0,0.36327382922172546,32.447238536104564,32.4,1.0,0.0,0.25,1.0,3.0,4.0,0.25,1.0,0.23999999463558197,1.0,0.24,2.0,0.0,0.0,0.0,0.25,0.25,1.0,0.010000000000000009,0.0,0.0,0.0,0.0,0.0,0.0,0.0,0.0,0.0,0.0,99.35720825195312,44.866764068603516,99.16387939453125,44.61176681518555,-0.193328857421875,-0.25499725341796875,0.31999945640563965,-2.21949974064423,-0.911385178565979,-0.4115544855594635,0.0,0.0,0.0,0.0,28.0,28.0,28.0,0.0,1.0,25.0,0.0,0.0,1.0,0.0,1.0,0.0,0.0,0.0,5.2,125.83130004350096,0.42749999556690454,89.72710010129958,30.155700049363077,15.571799944154918,4.0,2.9252999229356647,1.7986000748351216,0.7571999449282885,0.000500003807246685
1,131,131,3.458762211915794,0,0,3.0,4.0,0.6611618995666504,0.5627506971359253,1.0,1.0,1.0,1.0,0.9930914044380188,1.0,1.0,1.0,1.0,1.0,0.5627506971359253,0.5627506971359253,1.0,0.9930914044380188,1.0,0.0,1.0,0.37121492624282837,1.0,0.3265461027622223,0.4635319709777832,0.13854095339775085,0.4363636374473572,-0.1213630959391594,0.01751553826034069,-0.9998465776443481,0.0,0.0,0.0,0.0,0.0,0.0,136.48687744140625,14.068767547607422,14.068767547607422,25.0,25.0,24.827285766601562,0.0,1.0,0.5627507019042969,0.5627507019042969,0.0,0.0,0.0,0.0,0.0,2.3505842685699463,0.5320221556829957,0.7691692072153091,-0.2130134195524572,0.02,-0.0,-0.00033651726698731967,-1.459418916360856e-05,0.0,0.15,-0.0,0.0,0.0,-0.0,0.0,0.0,0.0,0.0,0.35,0.0,0.0,0.0,0.0,0.0,0.0,0.0,0.0,0.25,-0.0,0.28741455078125,0.0,1.3505842685699463,-0.0,0.0718536376953125,0.0718536376953125,-0.05,0.5391692072153091,0.35944613814353943,0.2,0.0,-0.07014742043635674,-0.0,-0.0,0.43636363636363634,0.5454545454545454,-0.45454545454545453,0.0,-0.4132231404958677,-0.22068245627663355,0.0,0.0,0.0,0.3823732671391466,-0.0015000008046627043,-0.0,-0.034733128811663704,0.02,0.0,0.0,0.0,0.0,0.0,0.0,0.35944613814353943,32.73546287029981,32.4,0.0,0.6,0.25,1.0,3.0,4.0,0.25,1.0,0.25,1.0,0.25,3.0,0.0,0.0,0.0,0.25,0.25,0.0,0.0,0.0,0.0,0.0,0.0,0.0,0.0,0.0,0.0,0.0,0.0,99.16390228271484,44.6120491027832,98.9705810546875,44.35704803466797,-0.19332122802734375,-0.2550010681152344,0.3199978768825531,-2.2194735379289563,-0.9119617342948914,-0.4102751314640045,0.0,0.0,0.0,0.0,28.0,28.0,28.0,0.0,1.0,25.0,0.0,0.0,1.0,0.0,1.0,0.0,0.0,0.0,5.24,171.76679999101907,0.4833000712096691,131.1643999069929,32.57929999381304,13.797600055113435,4.0,4.738399991765618,2.1150000393390656,0.6318999221548438,0.000500003807246685
1,132,132,0.3314871862981882,0,0,2.0,3.0,0.6611618995666504,0.5627506971359253,1.0,1.0,1.0,1.0,0.9930914044380188,1.0,1.0,1.0,1.0,1.0,0.5627506971359253,0.5627506971359253,1.0,0.9930914044380188,1.0,0.0,1.0,0.3690332770347595,1.0,0.32445603609085083,0.4676494598388672,0.2501947283744812,0.4545454680919647,-0.1213630959391594,0.030762476846575737,-0.9995267391204834,0.0,0.0,0.0,0.0,0.0,0.0,136.54820251464844,13.37586784362793,13.37586784362793,25.0,25.0,25.0,0.04380213841795921,0.9561978615820408,0.5350347137451172,0.5350347137451172,0.0,0.0,0.0,0.0,0.0,2.2057608821804107,-2.516226708420756,0.6616164439264852,-0.03966343138795178,0.02,-0.0,-0.00033651726698731967,-1.3619978928745457e-05,-0.13878421783447265,0.15,-0.0,0.0,0.0,-2.7584834449481663,0.0,0.0,0.0,0.0,0.35,0.0,0.0,0.0,0.0,0.0,0.0,0.0,0.0,0.2784713899716735,-0.0,0.23455561558216687,0.0,1.2495630205983699,-0.0,0.0613250732421875,0.0613250732421875,-0.05,0.5046748390728144,0.3494609594345093,0.2,0.0,-0.035120334605369195,-0.0,-0.0,0.05300861888257743,0.06626077360322179,-0.020509287067663882,0.0012087351973065787,-0.057984005362318555,-0.012600596425191268,0.014539148638123472,0.0,0.0,0.2313910916077993,-0.04846648424863815,-0.0,-0.0,0.02,0.0,0.0,0.0,0.0,0.0,0.0,0.3494609594345093,31.518249004818504,32.4,0.0,0.6,0.0,0.699999988079071,2.0,3.0,0.0,0.699999988079071,0.12999999523162842,0.699999988079071,0.13,4.0,0.0,0.0,0.0,0.0,0.0,1.0,0.13,0.0,0.0,0.0,0.0,0.0,0.0,0.0,0.0,0.0,0.0,98.97064971923828,44.357303619384766,98.77732849121094,44.102298736572266,-0.19332122802734375,-0.2550048828125,0.32000091671943665,-2.2194663494584153,-0.9125397801399231,-0.40898793935775757,0.0,0.0,0.0,0.0,28.0,28.0,28.0,0.0,1.0,25.0,0.0,0.0,1.0,0.0,1.0,0.0,0.0,0.0,5.28,158.75229996163398,0.6779000395908952,111.96060001384467,37.06060000695288,16.55219995882362,4.0,4.996199975721538,3.270899993367493,0.7426999509334564,0.000500003807246685
1,133,133,3.0666376555508714,0,0,3.0,3.0,0.620823085308075,0.535034716129303,1.0,1.0,1.0,1.0,1.0,1.0,1.0,1.0,1.0,1.0,0.535034716129303,0.535034716129303,1.0,1.0,1.0,0.0,1.0,0.36680924892425537,1.0,0.32235583662986755,0.4502606987953186,-1.0,0.23636363446712494,-0.22430472075939178,0.04824676364660263,-0.9988354444503784,0.0,0.04380213841795921,0.004433904308825731,0.0,0.0,0.0,136.60720825195312,13.37586784362793,13.37586784362793,25.0,25.0,25.0,0.04380213841795921,0.9561978615820408,0.5350347137451172,0.5350347137451172,0.0,0.0,0.0,0.0,0.0,2.1953695384130607,0.5022783970121133,0.6606661407832445,-0.31167642065754697,0.02,-0.0,-0.00033651726698731967,-1.3619978928745457e-05,0.0,0.15,-0.0,0.0,0.0,-0.0,0.0,0.0,0.0,0.0,0.35,0.0,0.0,0.0,0.0,0.0,0.0,0.0,0.0,0.2784713899716735,-0.0,0.22568463932725535,0.0,1.23917167683102,-0.0,0.0590057373046875,0.0590057373046875,-0.05,0.5037245359295737,0.34880292415618896,0.2,0.0,-0.06744874446932227,-0.0,-0.0,0.03786329920184101,0.047329124002301264,-0.03944093666858439,0.0012087351973065787,-0.2489559810035425,-0.024231916202290902,0.0,0.0,0.0,0.3526285342580293,-0.018000000715255735,-0.0,-0.0,0.02,0.0,0.0,0.0,0.0,0.0,0.0,0.34880292415618896,31.47608075235039,32.4,0.7326086850269979,0.0,0.25,0.699999988079071,3.0,3.0,0.25,0.699999988079071,0.25,0.699999988079071,0.25,5.0,0.0,0.0,0.0,0.25,0.25,0.0,0.0,0.0,0.0,0.0,0.0,0.0,0.0,0.0,0.0,0.0,0.0,98.77742004394531,44.1025390625,98.5841064453125,43.847530364990234,-0.1933135986328125,-0.2550086975097656,0.3199993669986725,-2.219440171261192,-0.9131190180778503,-0.4076930582523346,0.0,0.0,0.0,0.0,28.0,28.0,28.0,0.0,1.0,25.0,0.0,0.0,1.0,0.0,1.0,0.0,0.0,0.0,5.32,163.73489995021373,0.6896000122651458,130.45119994785637,27.534699998795986,12.933099991641939,4.0,2.7830000035464764,1.7392999725416303,0.5111999344080687,0.000400003045797348
1,134,134,2.8662619717651054,0,0,3.0,2.0,0.620823085308075,0.535034716129303,1.0,1.0,1.0,1.0,1.0,1.0,1.0,1.0,1.0,1.0,0.535034716129303,0.535034716129303,1.0,1.0,1.0,0.0,1.0,0.3645305633544922,1.0,0.3202148973941803,0.4496583044528961,-0.0366043858230114,0.4545454680919647,-0.22430472075939178,0.06645411252975464,-0.9977895021438599,0.0,0.04380213841795921,0.004433904308825731,0.0,0.0,0.0,136.66705322265625,12.803357124328613,12.803357124328613,14.120054244995117,25.0,25.0,0.08139123767614365,0.9186087623238564,0.5121342849731445,0.5121342849731445,0.0,0.0,0.0,0.0,0.0,2.1106277156686204,0.32169301448049725,0.6408608884130604,-0.22691964679707288,0.02,-0.0,-0.0064925347919360995,-1.3619978928745457e-05,-0.4117532157897949,0.15,-0.0,0.0,0.0,-0.0,0.0,0.13217363232060483,-0.0,0.25,0.0,0.0,0.0,0.13217363232060483,-0.0,0.0,-0.0,-0.013978997679959701,0.0,0.30290430448949335,-0.0,0.2198964578756204,0.0,1.192018953344764,-0.0,0.059844970703125,0.059844970703125,-0.05,0.49086088841306047,0.35156258940696716,0.2,0.0,-0.06811568629105708,-0.0,-0.0,0.0,0.0,-0.0,0.002086728039156402,-0.10839068943924188,-0.0,0.0,0.0,0.0,0.339584118079907,-0.052499999105930326,-0.0,-0.0,0.02,0.0,0.0,0.0,0.0,0.0,0.0,0.35156258940696716,31.78732026915997,23.26086922832157,0.4206521686004555,0.0,0.25,0.3499999940395355,3.0,2.0,0.25,0.3499999940395355,0.25,0.3499999940395355,0.25,6.0,1.0,0.0,0.0,0.25,0.25,0.0,0.0,0.0,0.0,0.0,0.0,0.0,0.0,0.0,0.0,0.0,0.0,98.5842056274414,43.8477668762207,98.3908920288086,43.59275817871094,-0.1933135986328125,-0.2550086975097656,0.3199993669986725,-2.219440171261192,-0.9136995077133179,-0.4063904881477356,0.0,0.0,0.0,0.0,28.0,28.0,28.0,0.0,1.0,25.0,0.0,0.0,1.0,0.0,1.0,0.0,0.0,0.0,5.36,186.37829995714128,0.8793999440968037,140.03230002708733,38.60359999816865,18.288700026459992,4.0,3.5811000270769,2.424999955110252,0.8245999924838543,0.000500003807246685
1,135,135,3.23934075329828,0,0,3.0,2.0,0.580613374710083,0.512134313583374,1.0,1.0,1.0,0.5648021697998047,1.0,1.0,1.0,1.0,1.0,1.0,0.512134313583374,0.512134313583374,0.5648021697998047,1.0,1.0,0.0,1.0,0.36219680309295654,1.0,0.3180255591869354,0.45410457253456116,0.27017319202423096,0.4545454680919647,-0.25675874948501587,0.08746117353439331,-0.9961679577827454,0.0,0.08139123767614365,0.011887314729392529,1.0,0.0,1.0,136.72593688964844,12.803357124328613,12.803357124328613,14.120054244995117,25.0,25.0,0.08139123767614365,0.9186087623238564,0.5121342849731445,0.5121342849731445,0.0,0.0,0.0,0.0,0.0,2.1056267637874733,0.7185057516080565,0.6428510489186128,-0.24764281101586222,0.02,-0.0,-0.0064925347919360995,-1.3619978928745457e-05,0.0,0.15,-0.0,0.0,0.0,-0.0,0.0,0.13217363232060483,-0.0,0.25,0.0,0.0,0.0,0.13217363232060483,-0.0,0.0,-0.00801226487877573,-0.013978997679959701,-0.02448243751173473,0.30290430448949335,-0.0,0.2163642098271339,0.0,1.187018001463617,-0.0,0.0588836669921875,0.0588836669921875,-0.05,0.4928510489186128,0.35298797488212585,0.2,0.0,-0.07045549437315869,-0.0,-0.0,0.0,0.0,-0.0,0.002086728039156402,-0.10839068943924188,-0.0,0.0,0.0,0.0,0.33265590429644715,-0.0,-0.0,-0.07088335524261806,0.02,0.0,0.0,0.0,0.0,0.0,0.0,0.35298797488212585,32.87923070747406,23.26086922832157,0.4206521686004555,0.0,0.25,0.3499999940395355,3.0,2.0,0.25,0.3499999940395355,0.25,0.3499999940395355,0.25,7.0,1.0,0.0,0.0,0.25,0.25,0.0,0.0,0.0,0.0,0.0,0.0,0.0,0.0,0.0,0.0,0.0,0.0,98.3909912109375,43.59299087524414,98.19767761230469,43.337982177734375,-0.1933135986328125,-0.2550086975097656,0.3199993669986725,-2.219440171261192,-0.9142811298370361,-0.40508025884628296,0.0,0.0,0.0,0.0,28.0,28.0,28.0,0.0,1.0,25.0,0.0,0.0,1.0,0.0,1.0,0.0,0.0,0.0,5.4,168.98469999432564,0.7398000452667475,123.78270004410297,39.38170010223985,24.552199989557266,4.0,2.747099963016808,1.8233000300824642,0.47889992129057646,0.000400003045797348
1,136,136,4.708775166465148,0,0,3.0,3.0,0.580613374710083,0.512134313583374,1.0,1.0,1.0,0.5648021697998047,1.0,1.0,1.0,1.0,1.0,1.0,0.512134313583374,0.512134313583374,0.5648021697998047,1.0,1.0,0.0,1.0,0.3597988486289978,1.0,0.3157839775085449,0.4697032868862152,0.9478389024734497,0.4545454680919647,-0.25675874948501587,0.11182114481925964,-0.9937283396720886,0.0,0.08139123767614365,0.011887314729392529,1.0,-0.08082564920186996,1.0,136.77734375,12.21446704864502,12.21446704864502,20.48468589782715,25.0,25.0,0.11587037146091461,0.8841296285390854,0.4885786819458008,0.4885786819458008,0.0,0.0,0.0,0.0,0.0,1.9986292640197778,2.371412729420759,0.6205922118044102,-0.30185903877979925,0.02,-0.0,-0.0009262007213028391,-1.3619978928745457e-05,1.423332977294922,0.15,-0.0,0.0,0.0,-0.0,0.0,0.27734893246700887,-0.0,0.25,0.0,0.0,0.0,0.27734893246700887,-0.0,0.0,-0.03187547888313326,-0.06192945404288885,-0.049851018376936285,0.3253157414495945,-0.0,0.18180131338795036,0.0,1.1144996354806924,-0.0,0.0514068603515625,0.0514068603515625,-0.05,0.47059221180441013,0.3480028808116913,0.2,0.0,-0.06859179477997655,-0.0,-0.0,0.0,0.0,-0.0,0.00845834393492417,-0.18922558882881652,-0.0,0.0,0.0,0.0,0.33812664081807314,-0.052499999105930326,-0.0,-0.0,0.02,0.0,0.0,0.0,0.0,0.0,0.0,0.3480028808116913,32.00950423065573,32.4,0.0,0.6,0.25,0.699999988079071,3.0,3.0,0.25,0.699999988079071,0.25,0.699999988079071,0.25,8.0,1.0,0.0,0.0,0.25,0.25,0.0,0.0,0.0,0.0,0.0,0.0,0.0,0.0,0.0,0.0,0.0,0.0,98.19778442382812,43.33821487426758,98.00447845458984,43.08320236206055,-0.19330596923828125,-0.25501251220703125,0.31999775767326355,-2.2194139440338407,-0.9148639440536499,-0.4037623703479767,0.0,0.0,0.0,0.0,28.0,28.0,28.0,0.0,1.0,25.0,0.0,0.0,1.0,0.0,1.0,0.0,0.0,0.0,5.44,143.0311999283731,0.3806999884545803,96.95889998693019,38.17790001630783,26.152500067837536,4.0,4.525299998931587,2.376000047661364,0.5861000390723348,0.000600004568696022
1,137,137,4.622257306985454,0,0,3.0,2.0,0.5399649143218994,0.4885786771774292,1.0,1.0,1.0,0.8193874359130859,1.0,1.0,1.0,1.0,1.0,1.0,0.4885786771774292,0.4885786771774292,0.8193874359130859,1.0,1.0,0.0,1.0,0.3573307693004608,1.0,0.31349995732307434,0.45727863907814026,-0.754970908164978,0.4545454680919647,-0.316537469625473,0.136991947889328,-0.9905721545219421,0.0,0.11587037146091461,0.022200120612978935,1.0,-0.15323887765407562,1.0,136.8233642578125,11.634819984436035,11.634819984436035,18.762039184570312,25.0,25.0,0.14416415989398956,0.8558358401060104,0.4653927993774414,0.4653927993774414,0.0,0.0,0.0,0.0,0.0,1.9147335013947817,0.7926190315208771,2.1549857009236697,-0.2600809268538738,0.02,-0.0,-0.0015141644737196411,-1.3619978928745457e-05,-0.3806117248535156,0.15,-0.0,0.0,0.0,-0.0,0.0,0.396150905150313,-0.0006925129838295012,0.25045745596289637,0.0,0.000831738114357035,0.0,0.3964806732378508,-0.0,0.0,-0.06611650027800436,-0.046179296545942494,-0.07642132700670778,0.3437067039310932,-0.0,0.15754399986326462,0.0,1.0588976612887713,-0.0,0.0460205078125,0.0460205078125,1.5,0.4549857009236695,0.3456837236881256,0.2,0.0,-0.06892684430256486,-0.0,-0.061194922089944745,0.0,0.0,-0.0,0.006546740962860697,-0.08400590231829456,-0.0,0.0,0.0,0.0,0.3451152722466536,-0.052499999105930326,-0.0,-0.0,0.02,0.0,0.0,0.0,0.0,0.0,0.0,0.3456837236881256,32.16586067453027,23.26086922832157,0.4206521686004555,0.0,0.25,0.3499999940395355,3.0,2.0,0.25,0.3499999940395355,0.25,0.3499999940395355,0.25,9.0,1.0,0.0,0.0,0.25,0.25,0.0,0.0,0.0,0.0,0.0,0.0,0.0,0.0,0.0,0.0,0.0,0.0,98.00458526611328,43.083431243896484,97.811279296875,42.82841491699219,-0.19330596923828125,-0.2550163269042969,0.3200008273124695,-2.219406780076008,-0.9154478907585144,-0.40243664383888245,0.0,0.0,0.0,0.0,28.0,28.0,28.0,0.0,1.0,25.0,0.0,0.0,1.0,0.0,1.0,0.0,0.0,0.0,5.48,172.88369999732822,0.7189000025391579,113.02310007158667,52.584500052034855,24.888999992981553,4.0,3.4254000056535006,2.621200052089989,0.47039997298270464,0.000300002284348011
1,138,138,3.415310418290041,0,0,3.0,2.0,0.50188809633255,0.4653927981853485,1.0,1.0,1.0,0.7504815459251404,1.0,1.0,1.0,1.0,1.0,1.0,0.4653927981853485,0.4653927981853485,0.7504815459251404,1.0,1.0,0.0,1.0,0.35478731989860535,1.0,0.3111638128757477,0.45951229333877563,0.13572607934474945,0.4545454680919647,-0.3407059907913208,0.1632602959871292,-0.9865830540657043,0.0,0.14416415989398956,0.03474421799182892,1.0,-0.22234459221363068,1.0,136.8679962158203,11.634819984436035,11.634819984436035,18.762039184570312,25.0,25.0,0.14416415989398956,0.8558358401060104,0.4653927993774414,0.4653927993774414,0.0,0.0,0.0,0.0,0.0,1.908469661525384,1.149346276888361,0.6081078185106452,-0.2706133386343488,0.02,-0.0,-0.0015141644737196411,-1.3619978928745457e-05,0.0,0.15,-0.0,0.0,0.0,-0.0,0.0,0.396150905150313,-0.0006925129838295012,0.25045745596289637,0.0,0.000831738114357035,0.0,0.3964806732378508,-0.0,0.0,-0.09008562291210362,-0.046179296545942494,-0.10412624410277749,0.3437067039310932,-0.0,0.15279051710876956,0.0,1.0526338214193736,-0.0,0.0446319580078125,0.0446319580078125,-0.05,0.45810781851064525,0.34805580973625183,0.2,0.0,-0.06949185791965573,-0.0,-0.1233931097327373,0.0,0.0,-0.0,0.006546740962860697,-0.08400590231829456,-0.0,0.0,0.0,0.0,0.3451999153947214,-0.0,-0.0,-0.0002692096265218813,0.02,0.0,0.0,0.0,0.0,0.0,0.0,0.34805580973625183,32.429533695839346,23.26086922832157,0.4206521686004555,0.0,0.25,0.3499999940395355,3.0,2.0,0.25,0.3499999940395355,0.25,0.3499999940395355,0.25,10.0,1.0,0.0,0.0,0.25,0.25,0.0,0.0,1.0,8.0,0.0,0.0,0.0,0.0,0.0,0.0,0.0,0.0,97.81138610839844,42.828643798828125,97.61808013916016,42.57362747192383,-0.19330596923828125,-0.2550163269042969,0.3200008273124695,-2.219406780076008,-0.9160329103469849,-0.40110307931900024,0.0,0.0,0.0,0.0,28.0,28.0,28.0,0.0,1.0,25.0,0.0,0.0,1.0,0.0,1.0,0.0,0.0,0.0,5.52,112.26910003460944,0.40900008752942085,92.27309993002564,9.67469997704029,6.975399912334979,4.0,5.158100044354796,4.067700006999075,0.6643999367952347,0.000300002284348011
1,139,139,2.8363258462309617,0,0,3.0,3.0,0.50188809633255,0.4653927981853485,1.0,1.0,1.0,0.7504815459251404,1.0,1.0,1.0,1.0,1.0,1.0,0.4653927981853485,0.4653927981853485,0.7504815459251404,1.0,1.0,0.0,1.0,0.3521626591682434,1.0,0.3087611198425293,0.46327903866767883,0.2288828343153,0.4545454680919647,-0.3407059907913208,0.19052734971046448,-0.9816818833351135,0.0,0.14416415989398956,0.03474421799182892,1.0,-0.3029508590698242,1.0,136.90475463867188,11.213236808776855,11.213236808776855,17.17055892944336,25.0,25.0,0.1429755687713623,0.8570244312286377,0.4485294723510742,0.4485294723510742,0.0,0.0,0.0,0.0,0.0,1.8825952052144999,0.787722721581011,0.6024726080116908,-0.45646468857623995,0.02,-0.0,-0.0024559900801046012,-1.3619978928745457e-05,-0.3174525833129883,0.15,-0.0,0.0,0.0,-0.0,0.0,0.39144657663841625,-6.19550376872213e-05,0.25004144906997683,0.0,7.536194541241608e-05,0.0,0.39147607903731496,-0.0,0.0,-0.1127495875712339,-0.0910340074872852,-0.1316919308940281,0.3429341197013855,-0.0,0.12601146574888844,0.0,1.0255707739858622,-0.0,0.0367584228515625,0.0367584228515625,-0.05,0.4524726080116908,0.3433789908885956,0.2,0.0,-0.06754942469743214,-0.0,-0.18041613127485906,0.0,0.0,-0.0,0.012878468137942557,-0.168877601635961,-0.0,0.0,0.0,0.0,0.37856780937350776,-0.052499999105930326,-0.0,-0.0,0.02,0.0,0.0,0.0,0.0,0.0,0.0,0.3433789908885956,31.523064858801664,32.4,0.0,0.6,0.25,0.699999988079071,3.0,3.0,0.25,0.699999988079071,0.25,0.699999988079071,0.25,11.0,1.0,0.0,0.0,0.25,0.25,0.0,0.0,1.0,8.0,0.0,0.0,0.0,0.0,0.0,0.0,0.0,0.0,97.6181869506836,42.573856353759766,97.42488861083984,42.3188362121582,-0.19329833984375,-0.2550201416015625,0.31999924778938293,-2.2193805773633777,-0.9166191220283508,-0.3997616767883301,0.0,0.0,0.0,0.0,28.0,28.0,28.0,0.0,1.0,25.0,0.0,0.0,1.0,0.0,1.0,0.0,0.0,0.0,5.56,164.60479993838817,0.4560999805107713,111.71999992802739,33.88390003237873,15.362700098194182,4.0,15.34220005851239,2.5110000278800726,0.6494999397546053,0.000400003045797348
1,140,140,2.699789732053586,0,0,3.0,0.0,0.46631714701652527,0.4485294818878174,1.0,1.0,1.0,0.6868223547935486,1.0,1.0,1.0,1.0,1.0,1.0,0.4485294818878174,0.4485294818878174,0.6868223547935486,1.0,1.0,0.0,1.0,0.3494659960269928,1.0,0.3063145577907562,0.4503295123577118,-0.7868652939796448,0.4545454680919647,-0.34270837903022766,0.21751227974891663,-0.9760575890541077,0.0,0.1429755687713623,0.04425892233848572,1.0,-0.3840152621269226,1.0,136.93075561523438,11.213236808776855,11.213236808776855,17.17055892944336,25.0,25.0,0.1429755687713623,0.8570244312286377,0.4485294723510742,0.4485294723510742,0.0,0.0,0.0,0.0,0.0,1.8441164938976158,0.7255706219422615,0.5919157396876458,-0.4818131234739368,0.02,-0.0,-0.0024559900801046012,-1.3619978928745457e-05,0.0,0.15,-0.0,0.0,0.0,-0.0,0.0,0.2609643844256109,-0.18275079192176755,0.25004144906997683,0.0,7.536194541241608e-05,0.3333333333333333,0.26098405269154334,-0.0,0.0,-0.13600987628711494,-0.0,-0.1588600332359693,0.3429341197013855,-0.0,0.08913388859946281,0.0,0.9870920626689781,-0.0,0.0260009765625,0.0260009765625,-0.05,0.44191573968764575,0.33536744117736816,0.2,0.0,-0.06617013977782002,-0.0,-0.23564297654355942,0.0,0.0,0.0,0.0,0.0,-0.0,0.0,0.0,0.0,0.3748524630930231,-0.18000000715255737,-0.0,-0.0,0.02,0.0,0.0,0.0,0.0,0.0,0.0,0.33536744117736816,30.87939856298268,0.0,0.0,0.45652173913043476,0.25,-0.5,3.0,0.0,0.25,-0.5,0.25,-0.5,0.25,12.0,1.0,0.0,0.0,0.25,0.25,0.0,0.0,1.0,8.0,0.0,0.0,0.0,0.0,0.0,0.0,0.0,0.0,97.42499542236328,42.31906509399414,97.23169708251953,42.06404495239258,-0.19329833984375,-0.2550201416015625,0.31999924778938293,-2.2193805773633777,-0.9172064065933228,-0.3984123170375824,0.0,0.0,0.0,0.0,28.0,28.0,28.0,0.0,1.0,25.0,0.0,0.0,1.0,0.0,1.0,0.0,0.0,0.0,5.6,152.15129998978227,0.535300001502037,131.39720004983246,13.567199930548668,10.689600021578372,4.0,3.6571999080479145,2.411800087429583,0.5568999331444502,0.000300002284348011
1,141,141,2.6594313675147774,0,0,3.0,2.0,0.46631714701652527,0.4485294818878174,1.0,1.0,1.0,0.6868223547935486,1.0,1.0,1.0,1.0,1.0,1.0,0.4485294818878174,0.4485294818878174,0.6868223547935486,1.0,1.0,0.0,1.0,0.3467067778110504,1.0,0.303838312625885,0.4411342740058899,-0.558738112449646,0.4545454680919647,-0.34270837903022766,0.243946373462677,-0.9697887301445007,0.0,0.1429755687713623,0.04425892233848572,1.0,-0.4632377624511719,1.0,136.95169067382812,10.861735343933105,10.861735343933105,15.775078773498535,25.0,25.0,0.13307490944862366,0.8669250905513763,0.43446941375732423,0.43446941375732423,0.0,0.0,0.0,0.0,0.0,1.8461448075583675,0.7747732607486882,0.5943782886804636,-0.575864989472742,0.02,-0.0,-0.0038109425289831692,-1.3619978928745457e-05,-0.2729080581665039,0.15,-0.0,0.0,0.0,-0.0,0.0,0.3497890924152575,-0.0,0.25,0.0,0.0,0.0,0.3497890924152575,-0.0,0.0,-0.1452205441178974,-0.04007915058385948,-0.1862704282176666,0.33649869114160535,-0.0,0.07259651026834035,0.0,0.9792197170069912,-0.0,0.02093505859375,0.02093505859375,-0.05,0.44437828868046364,0.334036260843277,0.2,0.0,-0.06586168791465462,-0.0,-0.299993646819927,0.0,0.0,-0.0,0.005578313335301095,-0.08808796449718276,-0.0,0.0,0.0,0.0,0.3872273912943459,-0.1275000035762787,-0.0,-0.0,0.02,0.0,0.0,0.0,0.0,0.0,0.0,0.334036260843277,30.735454360172156,23.26086922832157,0.4206521686004555,0.0,0.25,0.3499999940395355,3.0,2.0,0.25,0.3499999940395355,0.25,0.3499999940395355,0.25,13.0,1.0,0.0,0.0,0.25,0.25,0.0,0.0,1.0,8.0,0.0,0.0,0.0,0.0,0.0,0.0,0.0,0.0,97.23180389404297,42.064273834228516,97.03850555419922,41.80924987792969,-0.19329833984375,-0.2550239562988281,0.3200022876262665,-2.2193733888937603,-0.9177948236465454,-0.3970550000667572,0.0,0.0,0.0,0.0,28.0,28.0,28.0,0.0,1.0,25.0,1.0,0.0,1.0,0.0,1.0,0.0,0.0,0.0,5.64,206.50430000387132,0.43729995377361774,146.75340009853244,50.47490005381405,30.731900013051927,4.0,4.970200010575354,3.070299979299307,0.7700000423938036,0.000400003045797348
1,142,142,2.797931056255432,0,0,3.0,3.0,0.43446940183639526,0.44422513246536255,1.0,1.0,1.0,0.6310031414031982,1.0,1.0,1.0,1.0,1.0,1.0,0.43446940183639526,0.43446940183639526,0.6310031414031982,1.0,1.0,0.0,1.0,0.34387463331222534,1.0,0.30131033062934875,0.4390779137611389,-0.1249515637755394,0.4545454680919647,-0.34139373898506165,0.2704336941242218,-0.962738573551178,0.0,0.13307490944862366,0.05422413721680641,1.0,-0.5535547137260437,1.0,136.97158813476562,10.861735343933105,10.861735343933105,15.775078773498535,25.0,25.0,0.13307490944862366,0.8669250905513763,0.43446941375732423,0.43446941375732423,0.0,0.0,0.0,0.0,0.0,1.8410174227237661,0.9916272741574492,0.5992047050692225,-0.653918345695006,0.02,-0.0,-0.0038109425289831692,-1.3619978928745457e-05,0.0,0.15,-0.0,0.0,0.0,-0.0,0.0,0.3497890924152575,-0.0,0.25,0.0,0.0,0.0,0.3497890924152575,-0.0,0.0,-0.16706031854668274,-0.08015830116771896,-0.2142837107717135,0.33649869114160535,-0.0,0.06899843249993864,0.0,0.9740923321723898,-0.0,0.0198974609375,0.0198974609375,-0.05,0.44920470506922255,0.33766424655914307,0.2,0.0,-0.0674925522209012,-0.0,-0.36890649204441117,0.0,0.0,-0.0,0.01115662667060219,-0.17617592899436552,-0.0,0.0,0.0,0.0,0.3930922715492478,-0.052499999105930326,-0.0,-0.0,0.02,0.0,0.0,0.0,0.0,0.0,0.0,0.33766424655914307,31.496524369753896,32.4,0.7326086850269979,0.0,0.25,0.699999988079071,3.0,3.0,0.25,0.699999988079071,0.25,0.699999988079071,0.25,14.0,1.0,0.0,0.0,0.25,0.25,0.0,0.0,1.0,8.0,0.0,0.0,0.0,0.0,0.0,0.0,0.0,0.0,97.03861236572266,41.809478759765625,96.84532165527344,41.55445098876953,-0.19329071044921875,-0.25502777099609375,0.3200007379055023,-2.219347174684042,-0.918384313583374,-0.39568960666656494,0.0,0.0,0.0,0.0,28.0,28.0,28.0,0.0,1.0,25.0,0.0,0.0,1.0,0.0,1.0,0.0,0.0,0.0,5.68,179.66379993595183,0.6136000156402588,155.18100000917912,15.555399935692549,11.950400075875223,4.0,4.376699915155768,3.0765000265091658,0.8326000533998013,0.000400003045797348
1,143,143,2.5147089707005974,0,0,3.0,2.0,0.43446940183639526,0.44422513246536255,1.0,1.0,1.0,0.6310031414031982,1.0,1.0,1.0,1.0,1.0,1.0,0.43446940183639526,0.43446940183639526,0.6310031414031982,1.0,1.0,0.0,1.0,0.34096038341522217,1.0,0.298713356256485,0.44995033740997314,0.6606510281562805,0.4545454680919647,-0.34139373898506165,0.2972935438156128,-0.9547861218452454,0.0,0.13307490944862366,0.05422413721680641,1.0,-0.6368039846420288,1.0,136.99008178710938,10.318883895874023,10.318883895874023,14.50046443939209,25.0,25.0,0.12967997789382935,0.8703200221061707,0.4127553558349609,0.4127553558349609,0.0,0.0,0.0,0.0,0.0,1.8415381818650332,0.692311717621828,0.6051676973280801,-0.6443086261143441,0.02,-0.0,-0.005739356781677439,-1.3619978928745457e-05,-0.31580915451049807,0.15,-0.0,0.0,0.0,-0.0,0.0,0.335494643763492,-0.0,0.25,0.0,0.0,0.0,0.335494643763492,-0.0,0.0,-0.18274738134613347,-0.03824694103841812,-0.242789708130696,0.33429198563098905,-0.0,0.06438158366654534,0.0,0.9712181597588625,-0.0,0.01849365234375,0.01849365234375,-0.05,0.4551676973280801,0.34103694558143616,0.2,0.0,-0.06836613001770206,-0.0,-0.4393827853582511,0.0,0.0,-0.0,0.005297322359748517,-0.08935703399220928,-0.0,0.0,0.0,0.0,0.4138788837504999,-0.052499999105930326,-0.0,-0.0,0.02,0.0,0.0,0.0,0.0,0.0,0.0,0.34103694558143616,31.904194008260962,23.26086922832157,0.4206521686004555,0.0,0.25,0.3499999940395355,3.0,2.0,0.25,0.3499999940395355,0.25,0.3499999940395355,0.25,15.0,1.0,0.0,0.0,0.25,0.25,0.0,0.0,1.0,8.0,0.0,0.0,0.0,0.0,0.0,0.0,0.0,0.0,96.84542846679688,41.55467987060547,96.65213775634766,41.299652099609375,-0.19329071044921875,-0.25502777099609375,0.3200007379055023,-2.219347174684042,-0.9189748764038086,-0.39431604743003845,0.0,0.0,0.0,0.0,28.0,28.0,28.0,0.0,1.0,25.0,0.0,0.0,1.0,0.0,1.0,0.0,0.0,0.0,5.72,220.58200009632856,0.7029999978840351,141.29739999771118,69.31719998829067,38.343299995176494,4.0,4.368999972939491,3.9917000103741884,0.8727000094950199,0.000700005330145359
1,144,144,2.45643484871402,0,0,3.0,2.0,0.4127553701400757,0.5817413926124573,1.0,1.0,1.0,0.5800185799598694,1.0,1.0,1.0,1.0,1.0,1.0,0.4127553701400757,0.4127553701400757,0.5800185799598694,1.0,1.0,0.0,1.0,0.3379640281200409,1.0,0.2960483133792877,0.455774188041687,0.3538798987865448,0.4545454680919647,-0.35458940267562866,0.32438620924949646,-0.945924699306488,0.0,0.12967997789382935,0.06541123986244202,1.0,-0.7262803912162781,1.0,137.00592041015625,10.008804321289062,10.008804321289062,13.328454971313477,25.0,25.0,0.10708306729793549,0.8929169327020645,0.4003521728515625,0.4003521728515625,0.0,0.0,0.0,0.0,0.0,1.8780160665978087,0.6349152412840451,0.6184594196586312,-0.6949558788264646,0.02,-0.0,-0.008402177017868752,-1.3619978928745457e-05,-0.23366500854492184,0.15,-0.0,0.0,0.0,-0.0,0.0,0.24034975704393888,-0.0,0.25,0.0,0.0,0.0,0.24034975704393888,-0.0,0.0,-0.15311393546251809,-0.026473575511283286,-0.2714700769050964,0.31960399374365805,-0.0,0.05657029883695941,0.0,0.9850991338957442,-0.0,0.015838623046875,0.015838623046875,-0.05,0.46845941965863114,0.3435790538787842,0.2,0.0,-0.06877849873322993,-0.0,-0.5317541009166872,0.0,0.0,-0.0,0.0036120366785966475,-0.09803531585514412,-0.0,0.0,0.0,0.0,0.42588404371168803,-0.0,-0.0,-0.0,0.02,0.0,0.0,0.0,0.0,0.0,0.0,0.3435790538787842,32.096632742173966,23.26086922832157,0.4206521686004555,0.0,0.25,0.3499999940395355,3.0,2.0,0.25,0.3499999940395355,0.25,0.3499999940395355,0.25,16.0,1.0,0.0,0.0,0.25,0.25,0.0,0.0,1.0,8.0,0.0,0.0,0.0,0.0,0.0,0.0,0.0,0.0,96.6522445678711,41.29988098144531,96.4589614868164,41.04484939575195,-0.1932830810546875,-0.2550315856933594,0.31999915838241577,-2.2193209719733424,-0.9195665717124939,-0.3929343819618225,0.0,0.0,0.0,0.0,28.0,28.0,28.0,0.0,1.0,25.0,0.0,0.0,1.0,0.0,1.0,0.0,0.0,0.0,5.76,191.3409000262618,0.6697999779134989,141.14060008432716,39.153499994426966,23.40049995109439,4.0,6.056500016711652,3.501500003039837,0.7723999442532659,0.000400003045797348
1,145,145,1.9154548179437423,0,0,4.0,2.0,0.4003521800041199,1.0,1.0,1.0,1.0,0.5331382155418396,1.0,1.0,1.0,1.0,1.0,1.0,0.4003521800041199,0.4003521800041199,0.5331382155418396,1.0,1.0,0.0,1.0,0.33488261699676514,1.0,0.2933151423931122,0.45852333307266235,0.16704751551151276,0.4545454680919647,-0.36102670431137085,0.35137856006622314,-0.9362334609031677,0.0,0.10708306729793549,0.07693997770547867,1.0,-0.8493951559066772,1.0,137.01861572265625,10.008804321289062,10.008804321289062,13.328454971313477,25.0,25.0,0.10708306729793549,0.8929169327020645,0.4003521728515625,0.4003521728515625,0.0,0.0,0.0,0.0,0.0,1.86499519868865,0.7148526843083046,0.621403595642824,-1.3057966606960363,0.02,-0.0,-0.008402177017868752,-1.3619978928745457e-05,0.0,0.15,-0.0,0.0,0.0,-0.0,0.0,0.187909810052534,-0.11012388868195026,0.25,0.0,0.21818181818181837,0.0,0.24034975704393888,-0.0,0.0,-0.16979432774133957,-0.026473575511283286,-0.30104431102728935,0.31960399374365805,-0.0,0.045343437988776714,0.0,0.9720782659865854,-0.0,0.0126953125,0.0126953125,-0.05,0.471403595642824,0.34573838114738464,0.2,0.0,-0.10366349789075556,-0.015061983471074398,-0.901646990350244,0.0,0.0,-0.0,0.0036120366785966475,-0.24566884536163144,-0.0,0.0,0.0,0.0,0.4514007061432023,-0.018000000715255735,-0.0,-0.025367379585671982,0.02,0.0,0.0,0.0,0.0,0.0,0.0,0.34573838114738464,32.68668852411211,23.26086922832157,0.4206521686004555,0.0,0.5,0.3499999940395355,4.0,2.0,0.5,0.3499999940395355,0.3700000047683716,0.3499999940395355,0.3700000000000001,17.0,1.0,0.0,0.0,0.5,0.5,1.0,0.1299999999999999,1.0,7.0,0.0,0.0,0.0,0.0,0.0,0.0,0.0,0.0,96.45906829833984,41.04507827758789,96.26578521728516,40.790042877197266,-0.1932830810546875,-0.255035400390625,0.3200021982192993,-2.2193137360006627,-0.9201592803001404,-0.3915444016456604,0.0,0.0,0.0,0.0,28.0,28.0,28.0,0.0,1.0,25.0,0.0,0.0,1.0,0.0,1.0,0.0,0.0,0.0,5.8,208.6841999553144,0.43270003516227007,165.42069998104125,35.86409997660667,25.29389993287623,4.0,3.7449999945238233,2.6775000151246786,0.5165999755263329,0.000400003045797348
1,146,146,2.12587879448383,0,0,3.0,2.0,0.4003521800041199,1.0,1.0,1.0,1.0,0.5331382155418396,1.0,1.0,1.0,1.0,1.0,1.0,0.4003521800041199,0.4003521800041199,0.5331382155418396,1.0,1.0,0.0,1.0,0.33171793818473816,1.0,0.29051637649536133,0.46695268154144287,0.512201189994812,0.6727272868156433,-0.36102670431137085,0.37890926003456116,-0.9254338145256042,0.0,0.10708306729793549,0.07693997770547867,1.0,-0.9419291019439697,1.0,136.97314453125,9.461791038513184,9.461791038513184,12.23887825012207,25.0,25.0,0.09534193575382233,0.9046580642461777,0.37847164154052737,0.37847164154052737,0.0,0.0,0.0,0.0,0.0,1.8532871100755965,0.4881494417499226,0.6188005285671249,-0.8543582859088139,0.02,-0.0,-0.012007910805610988,-1.3619978928745457e-05,-0.2948531913757324,0.15,-0.0,0.0,0.0,-0.0,0.0,0.19091341370030454,-0.0,0.25,0.0,0.0,0.0,0.19091341370030454,-0.0,0.0,-0.1431850602752284,-0.020645895068137448,-0.33297096162219253,0.31197225823998453,-0.0,-0.36376953125,0.0,0.9486290458294189,-0.0,-0.04547119140625,-0.04547119140625,-0.05,0.4688005285671249,0.3400952219963074,0.2,0.0,-0.06744627928238896,-0.0,-0.6690721699673944,0.0,0.0,-0.0,0.0028633766359220706,-0.10270321257969682,-0.0,0.0,0.0,0.0,0.4270282918529515,-0.018000000715255735,-0.0,-0.0,0.02,0.0,0.0,0.0,0.0,0.0,0.0,0.3400952219963074,31.47493033178151,32.4,0.0,0.6,0.25,0.3499999940395355,3.0,2.0,0.25,0.3499999940395355,0.25,0.3499999940395355,0.25,18.0,1.0,0.0,0.0,0.25,0.25,0.0,0.0,1.0,6.0,0.0,0.0,0.0,0.0,0.0,0.0,0.0,0.0,96.2658920288086,40.7902717590332,95.99687957763672,40.61697769165039,-0.269012451171875,-0.1732940673828125,0.3199976980686188,-2.569315437956737,-0.9207529425621033,-0.3901461064815521,0.0,0.0,0.0,0.0,28.0,28.0,28.0,0.0,1.0,24.0,0.0,0.0,1.0,0.0,1.0,0.0,0.0,0.0,5.84,187.98709998372942,0.46770006883889437,139.65489994734526,39.74649996962398,21.172699984163046,4.0,4.4232000363990664,3.06679995264858,0.5911999614909291,0.000500003807246685
1,147,147,2.33723680341294,0,0,3.0,2.0,0.37847164273262024,1.0,1.0,1.0,0.8137773275375366,0.48955512046813965,1.0,1.0,1.0,1.0,1.0,1.0,0.37847164273262024,0.37847164273262024,0.48955512046813965,1.0,1.0,0.0,1.0,0.32917967438697815,1.0,0.28838908672332764,0.4496418535709381,-1.0,0.4545454680919647,-0.4020216763019562,0.4082571268081665,-0.9128669500350952,0.0,0.09534193575382233,0.08684708923101425,1.0,-1.0,1.0,136.9075927734375,9.461791038513184,9.461791038513184,12.23887825012207,25.0,25.0,0.09534193575382233,0.9046580642461777,0.37847164154052737,0.37847164154052737,0.0,0.0,0.0,0.0,0.0,1.8232115664794435,0.7846022811384897,0.6159945945791255,-0.9065716387841186,0.02,-0.0,-0.012007910805610988,-1.3619978928745457e-05,0.0,0.15,-0.0,0.0,0.0,-0.0,0.0,0.19091341370030454,-0.0,0.25,0.0,0.0,0.0,0.19091341370030454,-0.0,0.0,-0.1431850602752284,-0.020645895068137448,-0.36465963998401074,0.31197225823998453,-0.0,-0.5244140625,0.0,0.9185535022332658,-0.0,-0.0655517578125,-0.0655517578125,-0.05,0.4659945945791255,0.3380596339702606,0.2,0.0,-0.06772382407765835,-0.0,-0.7390079787626855,0.0,0.0,-0.0,0.0028633766359220706,-0.10270321257969682,-0.0,0.0,0.0,0.0,0.4286279398657863,-0.0,-0.0,-0.0,0.02,0.0,0.0,0.0,0.0,0.0,0.0,0.3380596339702606,31.604451236240568,23.26086922832157,0.4206521686004555,0.0,0.25,0.3499999940395355,3.0,2.0,0.25,0.3499999940395355,0.25,0.3499999940395355,0.25,19.0,1.0,0.0,0.0,0.25,0.25,0.0,0.0,1.0,5.0,0.0,0.0,0.0,0.0,0.0,0.0,0.0,0.0,95.99698638916016,40.61753463745117,95.69696044921875,40.50625228881836,-0.30002593994140625,-0.1112823486328125,0.31999894976615906,-2.7864133646191878,-0.92095547914505,-0.3896678686141968,0.0,0.0,0.0,0.0,28.0,28.0,28.0,0.0,1.0,24.0,0.0,0.0,1.0,0.0,1.0,0.0,0.0,0.0,5.88,175.42069999035448,0.547399977222085,141.15120004862547,25.6674000993371,12.80989998485893,4.0,4.303600057028234,3.0026999302208424,0.7202000124379992,0.000400003045797348
1,148,148,2.0335575884665724,0,0,3.0,2.0,0.37847164273262024,1.0,1.0,1.0,0.8137773275375366,0.48955512046813965,1.0,1.0,1.0,1.0,1.0,1.0,0.37847164273262024,0.37847164273262024,0.48955512046813965,1.0,1.0,0.0,1.0,0.3270818591117859,1.0,0.2866884469985962,0.45149216055870056,0.11243133991956711,0.4545454680919647,-0.4020216763019562,0.4369748830795288,-0.8994737267494202,0.0,0.09534193575382233,0.08684708923101425,1.0,-1.0,1.0,136.8373565673828,9.485502243041992,9.485502243041992,11.251729011535645,25.0,25.0,0.06210650876164436,0.9378934912383556,0.3794200897216797,0.3794200897216797,0.0,0.0,0.0,0.0,0.0,1.872534053959747,0.553213038460533,0.6344302608334207,-1.0466197647871285,0.02,-0.0,-0.016621195560386586,-1.3619978928745457e-05,-0.0710354995727539,0.15,-0.0,0.0,0.0,-0.0,0.0,0.050974773733239415,-0.0,0.25,0.0,0.0,0.0,0.050974773733239415,-0.0,0.0,-0.03823108029992956,-0.005223483002908329,-0.3953632535409035,0.2903692306950688,-0.0,-0.5618896484375,0.0,0.9346405627213914,-0.0,-0.0702362060546875,-0.0702362060546875,-0.05,0.4844302608334207,0.3409525752067566,0.2,0.0,-0.06751297475432179,-0.0,-0.8638166796892828,0.0,0.0,-0.0,0.0012150237849347333,-0.1165051341284586,-0.0,0.0,0.0,0.0,0.4323883694089613,-0.0,-0.0,-0.0,0.02,0.0,0.0,0.0,0.0,0.0,0.0,0.3409525752067566,31.506054885350167,23.26086922832157,0.4206521686004555,0.0,0.25,0.3499999940395355,3.0,2.0,0.25,0.3499999940395355,0.25,0.3499999940395355,0.25,20.0,1.0,0.0,0.0,0.25,0.25,0.0,0.0,1.0,4.0,0.0,0.0,0.0,0.0,0.0,0.0,0.0,0.0,95.69691467285156,40.50692367553711,95.39690399169922,40.39560317993164,-0.30001068115234375,-0.11132049560546875,0.3199979066848755,-2.7862850087888926,-0.9208990335464478,-0.38980135321617126,0.0,0.0,0.0,0.0,28.0,28.0,28.0,0.0,1.0,24.0,0.0,0.0,1.0,0.0,1.0,0.0,0.0,0.0,5.92,165.104900021106,0.4716000985354185,119.00359997525811,39.10379996523261,21.772700012661517,4.0,3.2520999666303396,2.675600000657141,0.5671000108122826,0.000300002284348011
1,149,149,1.8369785382994315,0,0,3.0,3.0,0.37942010164260864,1.0,1.0,1.0,0.7076627612113953,0.4500691592693329,1.0,1.0,1.0,1.0,1.0,1.0,0.37942010164260864,0.37942010164260864,0.4500691592693329,1.0,1.0,0.0,1.0,0.32488980889320374,1.0,0.2849132716655731,0.4500865042209625,-0.08541350066661835,0.4545454680919647,-0.38439497351646423,0.46438169479370117,-0.8856351971626282,0.0,0.06210650876164436,0.09300176054239273,1.0,-1.0,0.0,136.7631378173828,9.485502243041992,9.485502243041992,11.251729011535645,25.0,25.0,0.06210650876164436,0.9378934912383556,0.3794200897216797,0.3794200897216797,0.0,0.0,0.0,0.0,0.0,1.857374442188221,0.6280776023788951,0.6401865294585923,-1.3086600357262768,0.02,-0.0,-0.016621195560386586,-1.3619978928745457e-05,0.0,0.15,-0.0,0.0,0.0,-0.0,0.0,0.050974773733239415,-0.0,0.25,0.0,0.0,0.0,0.050974773733239415,-0.0,0.0,-0.03823108029992956,-0.010446966005816658,-0.42562419370986193,0.2903692306950688,-0.0,-0.59375,0.0,0.9194809509498654,-0.0,-0.07421875,-0.07421875,-0.05,0.4901865294585923,0.34500396251678467,0.2,0.0,-0.06901121498612421,-0.0,-0.9565686009471746,0.0,0.0,-0.0,0.0024300475698694666,-0.2330102682569172,-0.0,0.0,0.0,0.0,0.4414409167574778,-0.052499999105930326,-0.0,-0.0,0.02,0.0,0.0,0.0,0.0,0.0,0.0,0.34500396251678467,32.2052336601913,32.4,0.7326086850269979,0.0,0.25,0.699999988079071,3.0,3.0,0.25,0.699999988079071,0.25,0.699999988079071,0.25,21.0,1.0,0.0,0.0,0.25,0.25,0.0,0.0,1.0,3.0,0.0,0.0,0.0,0.0,0.0,0.0,0.0,0.0,95.39695739746094,40.396018981933594,95.09695434570312,40.2846794128418,-0.3000030517578125,-0.11133956909179688,0.3199974000453949,-2.7862208205049526,-0.9208433032035828,-0.3899328112602234,0.0,0.0,0.0,0.0,28.0,28.0,28.0,0.0,1.0,24.0,0.0,0.0,1.0,0.0,1.0,0.0,0.0,0.0,5.96,156.60339989699423,0.532899983227253,122.76769999880344,25.66269994713366,12.560900067910552,4.0,4.1862999787554145,2.8084999648854136,0.6185000529512763,0.000500003807246685
1,150,150,1.5329494924573999,0,0,3.0,3.0,0.37942010164260864,1.0,1.0,1.0,0.7076627612113953,0.4500691592693329,1.0,1.0,1.0,1.0,1.0,1.0,0.37942010164260864,0.37942010164260864,0.4500691592693329,1.0,1.0,0.0,1.0,0.32260140776634216,1.0,0.2830599546432495,0.4600747525691986,0.6069260239601135,0.4545454680919647,-0.38439497351646423,0.4909651279449463,-0.8711792230606079,0.0,0.06210650876164436,0.09300176054239273,1.0,-1.0,0.0,136.68531799316406,9.204018592834473,9.204018592834473,10.364322662353516,25.0,25.0,0.041124578565359116,0.9588754214346409,0.3681607437133789,0.3681607437133789,0.0,0.0,0.0,0.0,0.0,1.8849409454133081,0.38979628762270985,0.6663989297798868,-1.428186670358505,0.02,-0.0,-0.022284364476128457,-1.3619978928745457e-05,-0.1909338569641113,0.15,-0.0,0.0,0.0,-0.0,0.0,0.0,0.0,0.0,0.35,0.0,0.0,0.0,0.0,0.0,0.0,0.0,0.0,0.2767309760674834,-0.0,-0.62255859375,0.0,0.9260655239786673,-0.0,-0.07781982421875,-0.07781982421875,-0.05,0.5064584579423742,0.3498689532279968,0.2,0.0,-0.070422915051638,-0.0,-1.0987843331450753,0.05422075547734124,0.06777594434667655,-0.05647995362223046,0.0010654754880274487,-0.2513327589099905,-0.0077717617647630795,0.0,0.0,0.0,0.45302812904187834,-0.0,-0.0,-0.06645712317685308,0.02,0.0,0.0,0.0,0.0,0.0,0.0,0.3498689532279968,32.86402702409774,32.4,0.7326086850269979,0.0,0.25,0.699999988079071,3.0,3.0,0.25,0.699999988079071,0.25,0.699999988079071,0.25,22.0,0.0,0.0,0.0,0.25,0.25,0.0,0.0,1.0,2.0,0.0,0.0,0.0,0.0,0.0,0.0,0.0,0.0,95.09709930419922,40.284915924072266,94.7970962524414,40.17356491088867,-0.3000030517578125,-0.11135101318359375,0.32000136375427246,-2.7861872995442973,-0.9207881093025208,-0.3900631368160248,0.0,0.0,0.0,0.0,28.0,28.0,28.0,0.0,1.0,24.0,0.0,0.0,1.0,0.0,1.0,0.0,0.0,0.0,6.0,175.21879996638745,0.4856999730691314,121.95830000564456,43.740499997511506,35.66930000670254,4.0,4.740400006994605,3.4957999596372247,0.7664000149816275,0.000500003807246685
1,151,151,1.662871352304721,0,0,3.0,3.0,0.36816075444221497,1.0,1.0,1.0,0.6209461092948914,0.41457289457321167,1.0,1.0,1.0,1.0,1.0,1.0,0.36816075444221497,0.36816075444221497,0.41457289457321167,1.0,1.0,0.0,1.0,0.32021576166152954,1.0,0.2811266779899597,0.4694860875606537,0.5718692541122437,0.4545454680919647,-0.37796324491500854,0.5171464681625366,-0.8558969497680664,0.0,0.041124578565359116,0.09892475605010986,0.0,0.0,0.0,136.59800720214844,9.106271743774414,9.106271743774414,9.556845664978027,25.0,25.0,0.026162313297390938,0.9738376867026091,0.36425086975097654,0.36425086975097654,0.0,0.0,0.0,0.0,0.0,1.8771661837105222,0.43676569731516707,0.6846374865695086,-1.3556980152904772,0.02,-0.0,-0.029115216419468994,-1.3619978928745457e-05,-0.12622129440307617,0.15,-0.0,0.0,0.0,-0.0,0.0,0.0,0.0,0.0,0.35,0.0,0.0,0.0,0.0,0.0,0.0,0.0,0.0,0.2670055036433041,-0.0,-0.698486328125,0.0,0.9033284970079132,-0.0,-0.087310791015625,-0.087310791015625,-0.05,0.5079392779172542,0.3463278114795685,0.2,0.0,-0.06841529027063932,-0.0,-1.179678431591096,0.14562659264866012,0.18203324081082517,-0.1516943673423543,0.000431213974011098,-0.2648220940754886,-0.019178879444395266,0.0,0.0,0.0,0.44211582811664096,-0.0,-0.0,-0.0,0.02,0.0,0.0,0.0,0.0,0.0,0.0,0.3463278114795685,31.927135459631685,32.4,0.0,0.6,0.25,0.699999988079071,3.0,3.0,0.25,0.699999988079071,0.25,0.699999988079071,0.25,23.0,0.0,0.0,0.0,0.25,0.25,0.0,0.0,0.0,0.0,0.0,0.0,0.0,0.0,0.0,0.0,0.0,0.0,94.79727172851562,40.17375183105469,94.49727630615234,40.06239318847656,-0.29999542236328125,-0.111358642578125,0.3199968636035919,-2.786156652960896,-0.9207327961921692,-0.3901936113834381,0.0,0.0,0.0,0.0,28.0,28.0,28.0,0.0,1.0,24.0,0.0,0.0,1.0,0.0,1.0,0.0,0.0,0.0,6.04,220.22919997107238,0.788699951954186,141.38449996244162,69.54280007630587,29.830000014044344,4.0,4.802700015716255,3.027500002644956,0.6460000295192003,0.000500003807246685
1,152,152,1.6474157390109154,0,0,3.0,2.0,0.36425086855888367,1.0,1.0,1.0,0.5480239391326904,0.3822738230228424,1.0,1.0,1.0,1.0,1.0,1.0,0.36425086855888367,0.36425086855888367,0.3822738230228424,1.0,1.0,0.0,1.0,0.31777018308639526,1.0,0.27915796637535095,0.4561019241809845,-0.8132739067077637,0.4545454680919647,-0.363090842962265,0.5421881079673767,-0.8402571678161621,0.0,0.026162313297390938,0.0959969237446785,0.0,0.0,0.0,136.50222778320312,9.106271743774414,9.106271743774414,9.556845664978027,25.0,25.0,0.026162313297390938,0.9738376867026091,0.36425086975097654,0.36425086975097654,0.0,0.0,0.0,0.0,0.0,1.8440090539496938,0.5656217065158257,0.6684960529129051,-1.4507110743675093,0.02,-0.0,-0.029115216419468994,-1.3619978928745457e-05,0.0,0.15,-0.0,0.0,0.0,-0.0,0.0,0.0,0.0,0.0,0.35,0.0,0.0,0.0,0.0,0.0,0.0,0.0,0.0,0.2670055036433041,-0.0,-0.7662353515625,0.0,0.8701713672470849,-0.0,-0.0957794189453125,-0.0957794189453125,-0.05,0.505146948586778,0.34442391991615295,0.2,0.0,-0.06883197538083685,-0.0,-1.2659875134441738,0.07281329632433006,0.09101662040541258,-0.07584718367117715,0.000215606987005549,-0.1324110470377443,-0.019178879444395266,0.0,0.0,0.0,0.44475054291422345,-0.052499999105930326,-0.0,-0.0,0.02,0.0,0.0,0.0,0.0,0.0,0.0,0.34442391991615295,32.1215885110572,23.26086922832157,0.4206521686004555,0.0,0.25,0.3499999940395355,3.0,2.0,0.25,0.3499999940395355,0.25,0.3499999940395355,0.25,24.0,0.0,0.0,0.0,0.25,0.25,0.0,0.0,0.0,0.0,0.0,0.0,0.0,0.0,0.0,0.0,0.0,0.0,94.49746704101562,40.06254959106445,94.19747161865234,39.9511833190918,-0.29999542236328125,-0.11136627197265625,0.3199995160102844,-2.786134287030055,-0.9206773042678833,-0.39032453298568726,0.0,0.0,0.0,0.0,28.0,28.0,28.0,0.0,1.0,24.0,0.0,0.0,1.0,0.0,1.0,0.0,0.0,0.0,6.08,162.73119999095798,0.5929999751970172,141.23880001716316,13.221099972724915,9.864200023002923,4.0,4.2857000371441245,2.6579999830573797,0.7091000443324447,0.000300002284348011
1,153,153,1.5218285680079768,0,0,3.0,2.0,0.36425086855888367,1.0,1.0,1.0,0.5480239391326904,0.3822738230228424,1.0,1.0,1.0,1.0,1.0,1.0,0.36425086855888367,0.36425086855888367,0.3822738230228424,1.0,1.0,0.0,1.0,0.31526023149490356,1.0,0.2771473228931427,0.45887982845306396,0.16879604756832123,0.4545454680919647,-0.363090842962265,0.5665639638900757,-0.8240177631378174,0.0,0.026162313297390938,0.0959969237446785,0.0,0.0,0.0,136.40093994140625,8.940085411071777,8.940085411071777,9.106992721557617,25.0,25.0,0.016046937555074692,0.9839530624449253,0.3576034164428711,0.3576034164428711,0.0,0.0,0.0,0.0,0.0,1.841378205082592,0.4591586238271528,0.682533911108492,-1.4812421720102598,0.02,-0.0,-0.03379817687139611,-1.3619978928745457e-05,-0.10383825302124022,0.15,-0.0,0.0,0.0,-0.0,0.0,0.0,0.0,0.0,0.35,0.0,0.0,0.0,0.0,0.0,0.0,0.0,0.0,0.26043050941079854,-0.0,-0.810302734375,0.0,0.8574251426376667,-0.0,-0.101287841796875,-0.101287841796875,-0.05,0.5135201964631355,0.34708094596862793,0.2,0.0,-0.06903837315347046,-0.0,-1.3773181967079304,0.10371117079285383,0.1296389634910673,-0.10803246957588941,8.111382316102675e-05,-0.13707072346864552,-0.023213657211406065,0.0,0.0,0.0,0.44680867369871785,-0.0,-0.0,-0.0,0.02,0.0,0.0,0.0,0.0,0.0,0.0,0.34708094596862793,32.21790747161955,23.26086922832157,0.4206521686004555,0.0,0.25,0.3499999940395355,3.0,2.0,0.25,0.3499999940395355,0.25,0.3499999940395355,0.25,25.0,0.0,0.0,0.0,0.25,0.25,0.0,0.0,0.0,0.0,0.0,0.0,0.0,0.0,0.0,0.0,0.0,0.0,94.19767761230469,39.95132827758789,93.8976821899414,39.83995819091797,-0.29999542236328125,-0.11137008666992188,0.32000085711479187,-2.7861231112601983,-0.9206215739250183,-0.39045608043670654,0.0,0.0,0.0,0.0,28.0,28.0,28.0,0.0,1.0,24.0,0.0,0.0,1.0,0.0,1.0,0.0,0.0,0.0,6.12,217.96019992325455,0.6412999937310815,136.75989990588278,73.73609999194741,41.07890010345727,4.0,4.133199923671782,2.177800051867962,0.4677999531850219,0.000400003045797348
1,154,154,1.7102468680331557,0,0,2.0,3.0,0.35760343074798584,1.0,1.0,1.0,0.48640358448028564,0.36427971720695496,1.0,1.0,1.0,1.0,1.0,1.0,0.35760343074798584,0.35760343074798584,0.36427971720695496,1.0,1.0,0.0,1.0,0.3126679062843323,1.0,0.27507251501083374,0.46025583148002625,0.08361020684242249,0.4545454680919647,-0.3674270808696747,0.5905559062957764,-0.8069967031478882,0.0,0.016046937555074692,0.08454521745443344,0.0,0.0,0.0,136.29483032226562,8.940085411071777,8.940085411071777,9.106992721557617,25.0,25.0,0.016046937555074692,0.9839530624449253,0.3576034164428711,0.3576034164428711,0.0,0.0,0.0,0.0,0.0,1.8222635926157769,-0.4496779441386582,0.7077227766398337,-0.39006155708379675,0.02,-0.0,-0.03379817687139611,-1.3619978928745457e-05,0.0,0.15,-0.0,0.0,0.0,-1.0105719306535377,0.0,0.0,0.0,0.0,0.35,0.0,0.0,0.0,0.0,0.0,0.0,0.0,0.0,0.26043050941079854,-0.0,-0.848876953125,0.0,0.8383105301708516,-0.0,-0.106109619140625,-0.106109619140625,-0.05,0.5196953473491207,0.3512546420097351,0.2,0.0,-0.036247820938369,-0.0,-0.7656833861774812,0.2903912782199908,0.36298909777498845,-0.11235376835892498,0.0001622276463220535,-0.07045254311727707,-0.012071101749931153,0.013928193289112293,0.0,0.0,0.44470578336520433,-0.05550000071525574,-0.0,-0.00522373295697121,0.02,0.0,0.0,0.0,0.0,0.0,0.0,0.3512546420097351,32.53009571392089,32.4,0.7326086850269979,0.0,0.0,0.699999988079071,2.0,3.0,0.0,0.699999988079071,0.12999999523162842,0.699999988079071,0.13,26.0,0.0,0.0,0.0,0.0,0.0,1.0,0.13,0.0,0.0,0.0,0.0,0.0,0.0,0.0,0.0,0.0,0.0,93.89788818359375,39.8400993347168,93.59789276123047,39.728721618652344,-0.29999542236328125,-0.11137771606445312,0.3200035095214844,-2.786100773269345,-0.9205654859542847,-0.39058834314346313,0.0,0.0,0.0,0.0,28.0,28.0,28.0,0.0,1.0,24.0,0.0,0.0,1.0,0.0,1.0,0.0,0.0,0.0,6.16,163.53999997954816,0.5517000099644065,140.75889997184277,13.708499958738685,10.836900095455348,4.0,4.876099992543459,2.7902000583708286,0.8205999620258808,0.000400003045797348
1,155,155,1.3519813750619112,0,0,3.0,3.0,0.35760343074798584,1.0,1.0,1.0,0.48640358448028564,0.36427971720695496,1.0,1.0,1.0,1.0,1.0,1.0,0.35760343074798584,0.35760343074798584,0.36427971720695496,1.0,1.0,0.0,1.0,0.3099861741065979,1.0,0.27292555570602417,0.4647156596183777,0.27099674940109253,0.23636363446712494,-0.3674270808696747,0.6136375665664673,-0.7895877957344055,0.0,0.016046937555074692,0.08454521745443344,0.0,0.0,0.0,136.17999267578125,8.67145824432373,8.67145824432373,8.798410415649414,25.0,25.0,0.009224633686244488,0.9907753663137555,0.3468583297729492,0.3468583297729492,0.0,0.0,0.0,0.0,0.0,1.8001056441131897,0.4335892182991139,0.7143068050389477,-1.61602029238934,0.02,-0.0,-0.03744154411646598,-1.3619978928745457e-05,-0.11761802673339844,0.15,-0.0,0.0,0.0,-0.0,0.0,0.0,0.0,0.0,0.35,0.0,0.0,0.0,0.0,0.0,0.0,0.0,0.0,0.2559960118960589,-0.0,-0.918701171875,0.0,0.8093302777994343,-0.0,-0.114837646484375,-0.114837646484375,-0.05,0.5186383955452699,0.3484914302825928,0.2,0.0,-0.06771785074525645,-0.0,-1.5309225446179724,0.24910041542006062,0.3113755192750758,-0.2594795993958965,5.360913507364169e-05,-0.28051787283484814,-0.019911967910320915,0.0,0.0,0.0,0.43866240912790705,-0.018000000715255735,-0.0,-0.0,0.02,0.0,0.0,0.0,0.0,0.0,0.0,0.3484914302825928,31.601663681119682,32.4,0.0,0.6,0.25,0.699999988079071,3.0,3.0,0.25,0.699999988079071,0.25,0.699999988079071,0.25,27.0,0.0,0.0,0.0,0.25,0.25,0.0,0.0,0.0,0.0,0.0,0.0,0.0,0.0,0.0,0.0,0.0,0.0,93.59809875488281,39.72886276245117,93.29811096191406,39.61748123168945,-0.29998779296875,-0.11138153076171875,0.3199976682662964,-2.7860813024581246,-0.9205089807510376,-0.3907213509082794,0.0,0.0,0.0,0.0,28.0,28.0,28.0,0.0,1.0,24.0,0.0,0.0,1.0,0.0,1.0,0.0,0.0,0.0,6.2,204.04089998919517,0.5500999977812171,148.27729994431138,46.00870003923774,27.558300062082708,4.0,5.418000044301152,3.1570999417454004,0.605100067332387,0.000300002284348011
1,156,156,1.6544305238810022,0,0,2.0,0.0,0.34685832262039185,1.0,1.0,1.0,0.4335877597332001,0.3519364297389984,1.0,1.0,1.0,1.0,1.0,1.0,0.34685832262039185,0.34685832262039185,0.3519364297389984,1.0,1.0,0.0,1.0,0.3072546124458313,1.0,0.27074864506721497,0.4514523446559906,-0.8059305548667908,0.4545454680919647,-0.32212382555007935,0.6336236000061035,-0.7736415266990662,0.0,0.009224633686244488,0.06477319449186325,0.0,0.0,0.0,136.0557098388672,8.67145824432373,8.67145824432373,8.798410415649414,25.0,25.0,0.009224633686244488,0.9907753663137555,0.3468583297729492,0.3468583297729492,0.0,0.0,0.0,0.0,0.0,1.7561044338729401,0.25739689462046134,0.657211208599207,-1.0362820132116064,0.02,-0.0,-0.03744154411646598,-1.3619978928745457e-05,0.0,0.15,-0.0,0.0,0.0,-0.28338074684143066,0.0,0.0,0.0,0.0,0.35,0.0,0.0,0.0,0.0,0.0,0.0,0.0,0.0,0.2559960118960589,-0.0,-0.9942626953125,0.0,0.7653290675591846,-0.0,-0.1242828369140625,-0.1242828369140625,-0.05,0.507211208599207,0.3408131003379822,0.2,0.0,-0.03455938969003622,-0.0,-0.8224178196730262,0.0,0.0,0.0,0.0,0.0,-0.010354223313366875,0.011947179856058218,0.0,0.0,0.4282328055572867,-0.18089776039123534,-0.0,-0.0,0.02,0.0,0.0,0.0,0.0,0.0,0.0,0.3408131003379822,31.014836901314556,0.0,0.0,0.45652173913043476,0.0,-0.5,2.0,0.0,0.0,-0.5,0.12999999523162842,-0.5,0.13,28.0,0.0,0.0,0.0,0.0,0.0,1.0,0.13,0.0,0.0,0.0,0.0,0.0,0.0,0.0,0.0,0.0,0.0,93.29832458496094,39.617618560791016,92.98180389404297,39.57053756713867,-0.31652069091796875,-0.04708099365234375,0.32000309228897095,-2.993929930657124,-0.9204522371292114,-0.3908551037311554,0.0,0.0,0.0,0.0,28.0,28.0,28.0,0.0,1.0,23.0,0.0,0.0,1.0,0.0,1.0,0.0,0.0,0.0,6.24,171.34210001677275,0.4080000799149275,147.6701000938192,15.006299945525825,10.393999982625246,4.0,4.733200068585575,2.705699997022748,0.7877999451011419,0.000300002284348011
1,157,157,2.9491032570689235,0,0,3.0,3.0,0.34685832262039185,1.0,1.0,1.0,0.4335877597332001,0.3519364297389984,1.0,1.0,1.0,1.0,1.0,1.0,0.34685832262039185,0.34685832262039185,0.3519364297389984,1.0,1.0,0.0,1.0,0.305044561624527,1.0,0.26904672384262085,0.44306910037994385,-0.5093982219696045,0.23636363446712494,-0.32212382555007935,0.652391791343689,-0.7578818798065186,0.0,0.009224633686244488,0.06477319449186325,0.0,0.0,0.0,135.92477416992188,8.422806739807129,9.645650863647461,8.422806739807129,25.0,25.0,0.005531770177185535,0.9944682298228145,0.33691226959228515,0.3858260345458984,0.0,0.0,0.0,0.0,0.0,1.736694503391067,2.4511583443364247,0.7094656823504786,-1.9682152730090468,0.02,-0.0,-0.04241292425872309,-1.3619978928745457e-05,1.9033127975463868,0.15,-0.0,0.0,0.0,-0.0,0.0,0.0,0.0,0.0,0.35,0.0,0.0,0.0,0.0,0.0,0.0,0.0,0.0,0.2535956506151706,-0.0,-1.0474853515625,0.0,0.7422262735682527,-0.0,-0.1309356689453125,-0.1309356689453125,-0.05,0.5096612657970905,0.3413793444633484,0.2,0.0,-0.0679449795187584,-0.0,-1.7104270055103747,0.27166045392757104,0.3395755674094638,-0.2829796395078865,1.9278302886408006e-05,-0.2839999653114126,-0.053221222409300654,0.0,0.0,0.0,0.4402720910276896,-0.18089776039123534,-0.0,-0.0,0.02,0.0,0.0,0.0,0.0,0.0,0.0,0.3413793444633484,31.707657108753924,32.4,0.7326086850269979,0.0,0.25,0.699999988079071,3.0,3.0,0.25,0.699999988079071,0.25,0.699999988079071,0.25,29.0,0.0,0.0,0.0,0.25,0.25,0.0,0.0,0.0,0.0,0.0,0.0,0.0,0.0,0.0,0.0,0.0,0.0,92.98204803466797,39.5709228515625,92.66553497314453,39.523826599121094,-0.3165130615234375,-0.04709625244140625,0.31999778747558594,-2.993879267213918,-0.9201400279998779,-0.3915894627571106,0.0,0.0,0.0,0.0,28.0,28.0,28.0,0.0,1.0,23.0,1.0,0.0,1.0,0.0,1.0,0.0,0.0,0.0,6.28,196.96279999334365,0.5593999521806836,134.74050001241267,54.02209993917495,31.504100072197616,4.0,4.380400059744716,2.725499914959073,0.5107000470161438,0.000300002284348011
1,158,158,4.500688616373191,0,0,2.0,2.0,0.3858260214328766,1.0,1.0,1.0,0.39036422967910767,0.33691227436065674,1.0,1.0,1.0,1.0,1.0,1.0,0.33691227436065674,0.3858260214328766,0.33691227436065674,1.0,1.0,0.0,1.0,0.3027741611003876,1.0,0.2673015296459198,0.4529665410518646,0.601406455039978,0.4545454680919647,-0.29067865014076233,0.6694579124450684,-0.7428499460220337,0.0,0.005531770177185535,0.04036571830511093,0.0,0.0,0.0,135.7895965576172,8.27116870880127,10.830842018127441,8.27116870880127,25.0,25.0,0.0031973354052752256,0.9968026645947248,0.3308467483520508,0.43323368072509766,0.0,0.0,0.0,0.0,0.0,1.7243991143009567,2.7461013170871778,0.6919774351671661,-0.6817892501821089,0.02,-0.0,-0.04460310984696117,-1.3619978928745457e-05,2.352185745239258,0.15,-0.0,0.0,0.0,-0.14978876818815937,0.0,0.0,0.0,0.0,0.35,0.0,0.0,0.0,0.0,0.0,0.0,0.0,0.0,0.2520782680134289,-0.0,-1.0814208984375,0.0,0.7275964497062319,-0.0,-0.1351776123046875,-0.1351776123046875,-0.05,0.5157679434404653,0.3447823226451874,0.2,0.0,-0.035225416991772396,-0.0,-0.9333472574333971,0.2001452095493522,0.25018151193669025,-0.07743713464707079,3.2202303587151473e-06,-0.03831794213777689,-0.05010566817268194,0.057814228199444706,0.0,0.0,0.4383210698619692,-0.05550000071525574,-0.0,-0.0,0.02,0.0,0.0,0.0,0.0,0.0,0.0,0.3447823226451874,31.61255371056497,23.26086922832157,0.4206521686004555,0.0,0.0,0.3499999940395355,2.0,2.0,0.0,0.3499999940395355,0.12999999523162842,0.3499999940395355,0.13,30.0,0.0,0.0,0.0,0.0,0.0,1.0,0.13,0.0,0.0,0.0,0.0,0.0,0.0,0.0,0.0,0.0,0.0,92.66574096679688,39.524078369140625,92.34922790527344,39.47697067260742,-0.3165130615234375,-0.047107696533203125,0.31999945640563965,-2.99384388235922,-0.9198258519172668,-0.3923269808292389,0.0,0.0,0.0,0.0,28.0,28.0,28.0,0.0,1.0,23.0,0.0,0.0,1.0,0.0,1.0,0.0,0.0,0.0,6.32,178.44980000518262,0.4724999889731407,136.79739995859563,33.16450002603233,18.618999980390072,4.0,5.028299987316132,2.123999991454184,0.8159000426530838,0.000800006091594696
1,159,159,0.7756438140946953,0,0,3.0,0.0,0.43323367834091187,1.0,1.0,0.754946231842041,0.35250458121299744,0.33084675669670105,1.0,1.0,1.0,1.0,1.0,1.0,0.33084675669670105,0.43323367834091187,0.33084675669670105,1.0,1.0,0.0,1.0,0.30043649673461914,1.0,0.2655017673969269,0.45160791277885437,-0.08255503326654434,0.23636363446712494,-0.2920292317867279,0.6865816712379456,-0.7270526885986328,0.0,0.0031973354052752256,0.02101930044591427,0.0,0.0,0.0,135.6468505859375,8.27116870880127,10.830842018127441,8.27116870880127,25.0,25.0,0.0031973354052752256,0.9968026645947248,0.3308467483520508,0.43323368072509766,0.0,0.0,0.0,0.0,0.0,1.6944219241632559,0.5371379263478129,0.6612510744043049,-2.1371671108206782,0.02,-0.0,-0.04460310984696117,-1.3619978928745457e-05,0.0,0.15,-0.0,0.0,0.0,-0.0,0.0,0.0,0.0,0.0,0.35,0.0,0.0,0.0,0.0,0.0,0.0,0.0,0.0,0.2520782680134289,-0.0,-1.1419677734375,0.0,0.6976192595685312,-0.0,-0.1427459716796875,-0.1427459716796875,-0.05,0.5112510744043048,0.34176287055015564,0.2,0.0,-0.0666199519542179,-0.0,-1.8454257793079007,0.0,0.0,0.0,0.0,0.0,-0.0963570541782345,0.0,0.0,0.0,0.4317546561737028,-0.1287643253803253,-0.0,-0.0,0.02,0.0,0.0,0.0,0.0,0.0,0.0,0.34176287055015564,31.089310911968354,0.0,0.0,0.45652173913043476,0.25,-0.5,3.0,0.0,0.25,-0.5,0.25,-0.5,0.25,31.0,0.0,0.0,0.0,0.25,0.25,0.0,0.0,0.0,0.0,0.0,0.0,0.0,0.0,0.0,0.0,0.0,0.0,92.34944915771484,39.47713851928711,92.0329360961914,39.430023193359375,-0.3165130615234375,-0.047115325927734375,0.3200005888938904,-2.993820298419878,-0.9195094704627991,-0.393067866563797,0.0,0.0,0.0,0.0,28.0,28.0,28.0,0.0,1.0,23.0,0.0,0.0,1.0,0.0,1.0,0.0,0.0,0.0,6.36,173.27449994627386,0.6777000380679965,141.2447999464348,23.318100022152066,12.73890002630651,4.0,4.799199989065528,2.620500046759844,0.589099945500493,0.000500003807246685
1,160,160,-2.011932963292272,0,0,3.0,3.0,0.43323367834091187,1.0,1.0,0.754946231842041,0.35250458121299744,0.33084675669670105,1.0,1.0,1.0,1.0,1.0,1.0,0.33084675669670105,0.43323367834091187,0.33084675669670105,1.0,1.0,0.0,1.0,0.29806947708129883,1.0,0.2636871933937073,0.4441330134868622,-0.4542038142681122,0.4545454680919647,-0.2920292317867279,0.7021808624267578,-0.7119985818862915,0.0,0.0031973354052752256,0.02101930044591427,0.0,0.0,0.0,135.4980926513672,8.008119583129883,12.134998321533203,8.008119583129883,25.0,19.864727020263672,0.0017624415922909975,0.998237558407709,0.3203247833251953,0.4853999328613281,0.0,0.0,0.0,0.0,0.0,1.6732401751188513,-2.139824077540591,0.7154475444404865,-2.280796605311019,0.02,-0.0,-0.0486752112538675,-0.00010623429079506439,2.4567467117309567,0.15,-5.135272979736328,0.0,0.0,-0.0,0.0,0.0,0.0,0.0,0.35,0.0,0.0,0.0,0.0,0.0,0.0,0.0,0.0,0.2511455870349891,-0.0,-1.1900634765625,0.0,0.6750026167111421,-0.0,-0.1487579345703125,-0.1487579345703125,-0.05,0.5114214799439109,0.341459184885025,0.2,0.0,-0.06750062745801572,-0.0,-1.9567390633254973,0.2946876245267764,0.36835953065847044,-0.30696627554872535,1.956906197403538e-06,-0.2875763089716772,-0.14506343494599025,0.0,0.0,0.0,0.437483636009443,-0.18000000715255737,-0.0,-0.0,0.02,0.0,0.0,0.0,0.0,0.0,0.0,0.341459184885025,31.50029281374067,32.4,0.7326086850269979,0.0,0.25,0.699999988079071,3.0,3.0,0.25,0.699999988079071,0.25,0.699999988079071,0.25,32.0,0.0,0.0,0.0,0.25,0.25,0.0,0.0,0.0,0.0,0.0,0.0,0.0,0.0,0.0,0.0,0.0,0.0,92.03316497802734,39.43014907836914,91.7166519165039,39.383026123046875,-0.3165130615234375,-0.047122955322265625,0.3200017213821411,-2.993796723255713,-0.9191907048225403,-0.3938126862049103,0.0,0.0,0.0,0.0,28.0,28.0,28.0,0.0,1.0,23.0,0.0,0.0,1.0,0.0,1.0,0.0,0.0,0.0,6.4,169.53900002408773,0.5517000099644065,121.95950001478195,39.82970002107322,20.624900003895164,4.0,3.661600057967007,2.8291000053286552,0.6680999649688601,0.000600004568696022
1,161,161,0.7237192880753218,0,0,3.0,3.0,0.48539993166923523,1.0,1.0,0.6410160064697266,0.32032477855682373,0.33941885828971863,1.0,1.0,0.794589102268219,1.0,1.0,1.0,0.32032477855682373,0.48539993166923523,0.32032477855682373,0.794589102268219,1.0,0.0,1.0,0.29566049575805664,1.0,0.2618432343006134,0.4500041902065277,0.3567551374435425,0.4545454680919647,-0.29258501529693604,0.7183079123497009,-0.6957253217697144,0.0,0.0017624415922909975,0.008170013315975666,0.0,0.0,0.0,135.34507751464844,8.008119583129883,12.134998321533203,8.008119583129883,25.0,19.864727020263672,0.0017624415922909975,0.998237558407709,0.3203247833251953,0.4853999328613281,0.0,0.0,0.0,0.0,0.0,1.6565672580878341,0.5467458417898505,0.7214739648854126,-2.2210677766877756,0.02,-0.0,-0.0486752112538675,-0.00010623429079506439,0.0,0.15,-0.0,0.0,0.0,-0.0,0.0,0.0,0.0,0.0,0.35,0.0,0.0,0.0,0.0,0.0,0.0,0.0,0.0,0.2511455870349891,-0.0,-1.22412109375,0.0,0.6583296996801252,-0.0,-0.15301513671875,-0.15301513671875,-0.05,0.5174479003888369,0.34548282623291016,0.2,0.0,-0.06874245331776994,-0.0,-2.075768415995057,0.2946876245267764,0.36835953065847044,-0.30696627554872535,1.956906197403538e-06,-0.2875763089716772,-0.14506343494599025,0.0,0.0,0.0,0.4455272873345131,-0.0,-0.0,-0.0,0.02,0.0,0.0,0.0,0.0,0.0,0.0,0.34548282623291016,32.07981154829264,32.4,0.7326086850269979,0.0,0.25,0.699999988079071,3.0,3.0,0.25,0.699999988079071,0.25,0.699999988079071,0.25,33.0,0.0,0.0,0.0,0.25,0.25,0.0,0.0,0.0,0.0,0.0,0.0,0.0,0.0,0.0,0.0,0.0,0.0,91.71688842773438,39.38313293457031,91.40037536621094,39.33600616455078,-0.3165130615234375,-0.04712677001953125,0.3200022578239441,-2.99378493708253,-0.9188695549964905,-0.3945615887641907,0.0,0.0,0.0,0.0,28.0,28.0,28.0,0.0,1.0,23.0,0.0,0.0,1.0,0.0,1.0,0.0,0.0,0.0,6.44,211.29839995410293,0.44700002763420343,155.2061999682337,47.147799981758,28.97740004118532,4.0,5.134199978783727,2.522900002077222,0.8024999406188726,0.000500003807246685
1,162,162,-0.768069519854544,0,0,4.0,3.0,0.48539993166923523,1.0,1.0,0.6410160064697266,0.32032477855682373,0.33941885828971863,1.0,1.0,0.794589102268219,1.0,1.0,1.0,0.32032477855682373,0.48539993166923523,0.32032477855682373,0.794589102268219,1.0,0.0,1.0,0.29318270087242126,1.0,0.2599423825740814,0.45828303694725037,0.5030544400215149,0.4545454680919647,-0.29258501529693604,0.7356502413749695,-0.6773616075515747,0.0,0.0017624415922909975,0.008170013315975666,0.0,0.0,0.0,135.18675231933594,7.933150768280029,13.761963844299316,7.933150768280029,25.0,17.391162872314453,0.00022494609584100544,0.999775053904159,0.3173260307312012,0.5504785537719726,0.0,0.0,0.0,0.0,0.0,1.6382232907193766,1.1987089266286932,0.7295762859760392,-4.354578023178653,0.02,-0.0,-0.04990265361151299,-0.00028573722784270146,3.1249347877502442,0.15,-2.4735641479492188,0.0,0.0,-0.0,0.0,0.0,0.0,0.0,0.35,0.0,0.0,0.0,0.0,0.0,0.0,0.0,0.0,0.25014621496229666,-0.0,-1.2666015625,0.0,0.6384482368152175,-0.0,-0.1583251953125,-0.1583251953125,-0.05,0.523828226552765,0.3492856025695801,0.2,0.0,-0.10218960239896395,-0.015061983471074398,-3.219072078674831,0.18244819447617028,0.2280602430952128,-0.46879049969571546,3.18784694586027e-08,-0.6332690184385964,-0.3087033092340686,0.0,0.0,0.0,0.4475266776670233,-0.018000000715255735,-0.0,-0.0,0.02,0.0,0.0,0.0,0.0,0.0,0.0,0.3492856025695801,32.22194670237601,32.4,0.7326086850269979,0.0,0.5,0.699999988079071,4.0,3.0,0.5,0.699999988079071,0.3700000047683716,0.699999988079071,0.3700000000000001,34.0,0.0,0.0,0.0,0.5,0.5,1.0,0.1299999999999999,0.0,0.0,0.0,0.0,0.0,0.0,0.0,0.0,0.0,0.0,91.4006118774414,39.33610534667969,91.08409881591797,39.28897476196289,-0.3165130615234375,-0.047130584716796875,0.32000282406806946,-2.9937731421322624,-0.9185457229614258,-0.3953147530555725,0.0,0.0,0.0,0.0,28.0,28.0,28.0,0.0,1.0,23.0,0.0,0.0,1.0,0.0,1.0,0.0,0.0,0.0,6.48,237.03399999067187,0.5651999963447452,148.08119996450841,74.02469997759908,44.61870004888624,4.0,4.758500028401613,8.54289997369051,1.017599948681891,0.000300002284348011
1,163,163,0.43058938376469724,0,0,3.0,2.0,0.5504785776138306,1.0,1.0,0.5404232144355774,0.31732603907585144,0.40024033188819885,1.0,1.0,0.6956465244293213,1.0,1.0,1.0,0.31732603907585144,0.5504785776138306,0.31732603907585144,0.6956465244293213,1.0,0.0,1.0,0.2906326949596405,1.0,0.2579832971096039,0.4603135287761688,0.12338121235370636,0.6727272868156433,-0.33525946736335754,0.7539290189743042,-0.6569558382034302,0.0,0.00022494609584100544,0.0007084409589879215,0.0,0.0,0.0,135.0214080810547,7.933150768280029,13.761963844299316,7.933150768280029,25.0,17.391162872314453,0.00022494609584100544,0.999775053904159,0.3173260307312012,0.5504785537719726,0.0,0.0,0.0,0.0,0.0,1.61052921680979,0.5516998543239218,0.7043692477957423,-2.456008935164757,0.02,-0.0,-0.04990265361151299,-0.00028573722784270146,0.0,0.15,-0.0,0.0,0.0,-0.0,0.0,0.0,0.0,0.0,0.35,0.0,0.0,0.0,0.0,0.0,0.0,0.0,0.0,0.25014621496229666,-0.0,-1.32275390625,0.0,0.610754162905631,-0.0,-0.16534423828125,-0.16534423828125,-0.05,0.5264952180841052,0.35106393694877625,0.2,0.0,-0.06972167664753007,-0.0,-2.280773877957302,0.15204016206347526,0.19005020257934407,-0.15837516881612007,1.593923472930135e-08,-0.14452075599977224,-0.20858331705004632,0.12514999831117524,0.0,0.0,0.45188824516327747,-0.05550000071525574,-0.0,-0.005774516871960047,0.02,0.0,0.0,0.0,0.0,0.0,0.0,0.35106393694877625,32.536782435514034,23.26086922832157,0.4206521686004555,0.0,0.25,0.3499999940395355,3.0,2.0,0.25,0.3499999940395355,0.25,0.3499999940395355,0.25,35.0,0.0,0.0,0.0,0.25,0.25,0.0,0.0,0.0,0.0,0.0,0.0,0.0,0.0,0.0,0.0,0.0,0.0,91.08433532714844,39.28907012939453,90.767822265625,39.24193572998047,-0.3165130615234375,-0.0471343994140625,0.3200033903121948,-2.9937613531414597,-0.9182193279266357,-0.3960723280906677,0.0,0.0,0.0,0.0,28.0,28.0,28.0,0.0,1.0,23.0,0.0,0.0,1.0,0.0,1.0,0.0,0.0,0.0,6.52,175.99390004761517,0.4409999819472432,144.745200057514,22.2700999584049,12.812299886718392,4.0,4.696100018918514,3.1169999856501818,0.6921000313013792,0.000500003807246685
1,164,164,0.04900156328386317,0,0,4.0,2.0,0.5504785776138306,1.0,1.0,0.5404232144355774,0.31732603907585144,0.40024033188819885,1.0,1.0,0.6956465244293213,1.0,1.0,1.0,0.31732603907585144,0.5504785776138306,0.31732603907585144,0.6956465244293213,1.0,0.0,1.0,0.2880200147628784,1.0,0.25597718358039856,0.46481117606163025,0.2732948958873749,0.4545454680919647,-0.33525946736335754,0.77435702085495,-0.6327489614486694,0.0,0.00022494609584100544,0.0007084409589879215,0.0,0.0,0.0,134.8444366455078,8.010970115661621,15.946537017822266,8.010970115661621,25.0,15.06572437286377,0.0,1.0,0.32043880462646485,0.6378614807128906,0.0,0.0,0.0,0.0,0.0,1.5647058486938477,2.1678705811506305,0.6969067269563675,-4.400481593516982,0.02,-0.0,-0.0486291429283903,-0.0007243306626520906,3.942255477905273,0.15,-2.3254384994506836,0.0,0.0,-0.0,0.0,0.0,0.0,0.0,0.35,0.0,0.0,0.0,0.0,0.0,0.0,0.0,0.0,0.25,-0.0,-1.415771484375,0.0,0.5647058486938477,-0.0,-0.176971435546875,-0.176971435546875,-0.05,0.5189067274332047,0.3459378182888031,0.2,0.0,-0.10284723867675347,-0.015061983471074398,-3.490572949029209,0.09163636207580564,0.11454545259475704,-0.23545454144477848,0.0,-0.31679338303479293,-0.4276681740500712,0.0,0.0,0.0,0.4504070762870834,-0.018000000715255735,-0.0,-0.0002651377656089229,0.02,0.0,0.0,0.0,0.0,0.0,0.0,0.3459378182888031,32.42930949267,32.4,0.0,0.6,0.5,0.3499999940395355,4.0,2.0,0.5,0.3499999940395355,0.3700000047683716,0.3499999940395355,0.3700000000000001,36.0,0.0,0.0,0.0,0.5,0.5,1.0,0.1299999999999999,0.0,0.0,0.0,0.0,0.0,0.0,0.0,0.0,0.0,0.0,90.76805877685547,39.242027282714844,90.45155334472656,39.194889068603516,-0.31650543212890625,-0.047138214111328125,0.3199963867664337,-2.993746039116688,-0.9178902506828308,-0.39683425426483154,0.0,0.0,0.0,0.0,28.0,28.0,28.0,0.0,1.0,23.0,0.0,0.0,1.0,0.0,1.0,0.0,0.0,0.0,6.56,176.23050010297447,0.6124000065028667,126.76900008227676,40.372699964791536,32.176699955016375,4.0,4.464500001631677,2.976400079205632,1.0077999904751778,0.000400003045797348
1,165,165,3.8537968194947037,0,0,3.0,3.0,0.6378614902496338,1.0,1.0,0.4507020115852356,0.32043880224227905,0.48342055082321167,1.0,1.0,0.6026289463043213,1.0,1.0,1.0,0.32043880224227905,0.6378614902496338,0.32043880224227905,0.6026289463043213,1.0,0.0,1.0,0.2853811979293823,1.0,0.2539648115634918,0.46327584981918335,-0.0932924821972847,0.6727272868156433,-0.40429267287254333,0.7941519021987915,-0.6077193021774292,0.0,0.0,0.0,0.0,0.0,0.0,134.65391540527344,8.170720100402832,25.0,8.170720100402832,25.0,13.124524116516113,0.0,1.0,0.3268288040161133,1.0,0.0,0.0,0.0,0.0,0.0,1.5106791257858276,2.606801253029049,2.260173084139824,-2.543856643459997,0.02,-0.0,-0.04611610452229017,-0.0015745552131578454,4.01132797241211,0.15,-1.9412002563476562,0.0,0.0,-0.0,0.0,0.0,0.0,0.0,0.35,0.0,0.0,0.0,0.0,0.0,0.0,0.0,0.0,0.25,-0.0,-1.524169921875,0.0,0.5106791257858276,-0.0,-0.190521240234375,-0.190521240234375,1.5,0.5041730850934982,0.33611539006233215,0.2,0.0,-0.06701619034800678,-0.0,-2.355720630414784,0.30545454025268554,0.3818181753158569,-0.3181818127632141,0.0,-0.2892561934211037,-0.36363636363636365,0.21818183227018878,0.0,0.0,0.434364196700044,-0.05550000071525574,-0.0,-0.0,0.02,0.0,0.0,0.0,0.0,0.0,0.0,0.33611539006233215,31.274222162403166,32.4,0.0,0.6,0.25,0.699999988079071,3.0,3.0,0.25,0.699999988079071,0.25,0.699999988079071,0.25,37.0,0.0,0.0,0.0,0.25,0.25,0.0,0.0,0.0,0.0,0.0,0.0,0.0,0.0,0.0,0.0,0.0,0.0,90.45178985595703,39.19498062133789,90.13528442382812,39.1478385925293,-0.31650543212890625,-0.04714202880859375,0.31999698281288147,-2.9937342560820586,-0.9175585508346558,-0.3976006507873535,0.0,0.0,0.0,0.0,28.0,28.0,28.0,0.0,1.0,23.0,0.0,0.0,1.0,0.0,1.0,0.0,0.0,0.0,6.6,176.07869999483228,0.519900000654161,127.29900004342198,41.92889994010329,16.41769998241216,4.0,3.3606000943109393,1.9764999160543084,0.9578000754117966,0.000600004568696022
1,166,166,2.1648906825498346,0,0,2.0,3.0,1.0,1.0,1.0,0.3790179491043091,0.32682880759239197,0.5922225713729858,1.0,1.0,0.5249809622764587,1.0,1.0,1.0,0.32682880759239197,1.0,0.32682880759239197,0.5249809622764587,1.0,0.0,1.0,0.282749742269516,1.0,0.2519790828227997,0.44677460193634033,-1.0,0.4545454680919647,-0.41315901279449463,0.8137116432189941,-0.5812687277793884,0.0,0.0,0.0,0.0,0.0,0.0,134.453125,8.170720100402832,25.0,8.170720100402832,25.0,13.124524116516113,0.0,1.0,0.3268288040161133,1.0,0.0,0.0,0.0,0.0,0.0,1.4700446128845215,0.5364222035677141,0.7101308393478394,-0.5717069732502404,0.02,-0.0,-0.04611610452229017,-0.0015745552131578454,0.0,0.15,-0.0,0.0,0.0,-0.0,0.0,0.0,0.0,0.0,0.35,0.0,0.0,0.0,0.0,0.0,0.0,0.0,0.0,0.25,-0.0,-1.6063232421875,0.0,0.4700446128845215,-0.0,-0.2007904052734375,-0.2007904052734375,-0.05,0.5041308403015137,0.3360872268676758,0.2,0.0,-0.0348282548615794,-0.0,-1.2664819949665238,0.4276363563537598,0.5345454454421997,-0.16545454263687134,0.0,-0.07821487470106644,-0.1890909090909091,0.21818180192600597,0.0,0.0,0.4341128633031621,-0.018000000715255735,-0.0,-0.0,0.02,0.0,0.0,0.0,0.0,0.0,0.0,0.3360872268676758,31.256126157827673,32.4,0.7326086850269979,0.0,0.0,0.699999988079071,2.0,3.0,0.0,0.699999988079071,0.12999999523162842,0.699999988079071,0.13,38.0,0.0,0.0,0.0,0.0,0.0,1.0,0.13,0.0,0.0,0.0,0.0,0.0,0.0,0.0,0.0,0.0,0.0,90.1355209350586,39.14793014526367,89.81901550292969,39.10078430175781,-0.31650543212890625,-0.047145843505859375,0.31999751925468445,-2.9937224639557853,-0.917224109172821,-0.39837154746055603,0.0,0.0,0.0,0.0,28.0,28.0,28.0,0.0,1.0,23.0,0.0,0.0,1.0,0.0,1.0,0.0,0.0,0.0,6.64,154.12510000169277,0.5669000092893839,134.2531000263989,11.61859999410808,7.863499922677875,4.0,4.524699994362891,2.560499939136207,0.5754000740125775,0.0004998873919248581
1,167,167,3.0982887590508876,0,0,2.0,4.0,1.0,1.0,1.0,0.3790179491043091,0.32682880759239197,0.5922225713729858,1.0,1.0,0.5249809622764587,1.0,1.0,1.0,0.32682880759239197,1.0,0.32682880759239197,0.5249809622764587,1.0,0.0,1.0,0.2800617516040802,1.0,0.24995633959770203,0.44651609659194946,-0.015708336606621742,0.23636363446712494,-0.41315901279449463,0.8318052291870117,-0.5550676584243774,0.0,0.0,0.0,0.0,0.0,0.0,134.24520874023438,8.378705978393555,25.0,8.378705978393555,25.0,11.598207473754883,0.0,1.0,0.3351482391357422,1.0,0.0,0.0,0.0,0.0,0.0,1.441851943731308,-0.9090570445452512,0.7462601470947265,1.7992337127701041,0.02,-0.0,-0.04303851849660231,-0.0028993874343743627,0.07480970382690431,0.15,-1.5263166427612305,0.0,0.0,-0.0,0.0,0.0,0.0,0.0,0.35,0.0,0.0,0.0,0.0,0.0,0.0,0.0,0.0,0.25,-0.0,-1.663330078125,0.0,0.441851943731308,-0.0,-0.207916259765625,-0.207916259765625,-0.05,0.5162601470947266,0.3441734313964844,0.2,0.0,-0.0027054789962608922,-0.0,-0.10166042288980323,0.7854545454545455,0.9818181818181818,-0.018181818181818195,0.0,-0.0006611570247933893,-0.014545454545454556,0.21818180138414556,0.0,0.0,0.43838780032005165,-0.04846648424863815,-0.0,-0.0,0.02,0.0,0.0,0.0,0.0,0.0,0.0,0.3441734313964844,31.56392162304372,32.4,1.0,0.0,0.0,1.0,2.0,4.0,0.0,1.0,0.009999999776482582,1.0,0.010000000000000009,39.0,0.0,0.0,0.0,0.0,0.0,1.0,0.010000000000000009,0.0,0.0,0.0,0.0,0.0,0.0,0.0,0.0,0.0,0.0,89.81925201416016,39.10087585449219,89.50274658203125,39.0537223815918,-0.31650543212890625,-0.047153472900390625,0.3199986517429352,-2.9936988800126048,-0.9168869256973267,-0.3991469740867615,0.0,0.0,0.0,0.0,28.0,28.0,28.0,0.0,1.0,23.0,0.0,0.0,1.0,0.0,1.0,0.0,0.0,0.0,6.68,208.2729999674484,0.5081999115645885,122.87100008688867,75.43660001829267,33.5705999750644,4.0,4.845400108024478,3.7750001065433025,0.7880000630393624,0.000400003045797348
1,168,168,4.562487651091006,0,0,2.0,4.0,1.0,1.0,1.0,0.33514824509620667,0.3417208790779114,1.0,1.0,1.0,0.46392831206321716,1.0,1.0,1.0,0.33514824509620667,1.0,0.33514824509620667,0.46392831206321716,1.0,0.0,1.0,0.27726608514785767,1.0,0.24784445762634277,0.4509131610393524,0.2671835720539093,0.0181818176060915,-0.3217722475528717,0.8462516665458679,-0.5327833890914917,0.0,0.0,0.0,0.0,0.0,0.0,134.0353546142578,8.378705978393555,25.0,8.378705978393555,25.0,11.598207473754883,0.0,1.0,0.3351482391357422,1.0,0.0,0.0,0.0,0.0,0.0,1.4184784889221191,0.547779176346895,0.759548168182373,1.8166818176396191,0.02,-0.0,-0.04303851849660231,-0.0028993874343743627,0.0,0.15,-0.0,0.0,0.0,-0.0,0.0,0.0,0.0,0.0,0.35,0.0,0.0,0.0,0.0,0.0,0.0,0.0,0.0,0.25,-0.0,-1.6788330078125,0.0,0.41847848892211914,-0.0,-0.2098541259765625,-0.2098541259765625,-0.05,0.529548168182373,0.35303211212158203,0.2,0.0,-0.0,-0.0,-0.0,0.8,1.0,-0.0,0.0,-0.0,-0.0,0.0181818176060915,0.0,0.0,0.44371708227787166,-0.0014999999664723873,-0.0,-0.0,0.02,0.0,0.0,0.0,0.0,0.0,0.0,0.35303211212158203,31.94762992400676,32.4,1.0,0.0,0.0,1.0,2.0,4.0,0.0,1.0,0.0,1.0,0.0,0.0,0.0,0.0,0.0,0.0,0.0,0.0,0.0,0.0,0.0,0.0,0.0,0.0,0.0,0.0,0.0,0.0,0.0,89.50298309326172,39.05381393432617,89.18360137939453,39.03390121459961,-0.3193817138671875,-0.0199127197265625,0.32000187039375305,-3.079325539448679,-0.9165470004081726,-0.39992696046829224,0.0,0.0,0.0,0.0,28.0,28.0,28.0,0.0,1.0,22.0,0.0,0.0,1.0,0.0,1.0,0.0,0.0,0.0,6.72,175.1257999567315,0.5515000084415078,147.2196999238804,17.06660003401339,13.499599997885525,4.0,6.735999952070415,2.816000021994114,0.7056000176817179,0.000500003807246685
1,169,169,2.8859073051600608,0,0,2.0,3.0,1.0,1.0,1.0,0.33514824509620667,0.3417208790779114,1.0,1.0,1.0,0.46392831206321716,1.0,1.0,1.0,0.33514824509620667,1.0,0.33514824509620667,0.46392831206321716,1.0,0.0,1.0,0.27459266781806946,1.0,0.24583899974822998,0.4563947021961212,0.33308011293411255,0.0,-0.3217722475528717,0.8561986088752747,-0.5166468620300293,0.0,0.0,0.0,0.0,0.0,0.0,133.82138061523438,8.42387580871582,25.0,8.42387580871582,25.0,10.57708740234375,0.0,1.0,0.33695503234863283,1.0,0.0,0.0,0.0,0.0,0.0,1.402651995420456,-0.49101672684643316,0.745637743473053,1.208634293112985,0.02,-0.0,-0.0423978727878663,-0.004362073482606008,-0.025131340026855464,0.15,-1.0211200714111328,0.0,0.0,-0.0,0.0,0.0,0.0,0.0,0.35,0.0,0.0,0.0,0.0,0.0,0.0,0.0,0.0,0.25,-0.0,-1.7117919921875,0.0,0.40265199542045593,-0.0,-0.2139739990234375,-0.2139739990234375,-0.05,0.5396377444267273,0.35975849628448486,0.2,0.0,-0.0,-0.0,-0.0,0.5599999904632569,0.699999988079071,-0.0,0.0,-0.0,-0.0,0.0,0.0,0.0,0.45199463086202746,-0.04500000178813934,-0.0,-0.006365683641203626,0.02,0.0,0.0,0.0,0.0,0.0,0.0,0.35975849628448486,32.543613422065974,32.4,0.7326086850269979,0.0,0.0,0.699999988079071,2.0,3.0,0.0,0.699999988079071,0.0,0.699999988079071,0.0,0.0,0.0,0.0,0.0,0.0,0.0,0.0,0.0,0.0,0.0,0.0,0.0,0.0,0.0,0.0,0.0,0.0,0.0,89.18385314941406,39.03410720825195,88.86447143554688,39.01418685913086,-0.3193817138671875,-0.01992034912109375,0.32000234723091125,-3.079301744021495,-0.9160963892936707,-0.40095826983451843,0.0,0.0,0.0,0.0,28.0,28.0,28.0,0.0,1.0,22.0,0.0,0.0,1.0,0.0,1.0,0.0,0.0,0.0,6.76,223.38009998202324,0.48649997916072607,142.6209999481216,71.79099996574223,49.06069999560714,4.0,4.3178999330848455,3.1911999685689807,0.9402000578120351,0.000400003045797348
1,170,170,4.470795709678345,0,0,2.0,4.0,1.0,1.0,1.0,0.3369550406932831,0.3790299594402313,1.0,1.0,1.0,0.42308348417282104,1.0,1.0,1.0,0.3369550406932831,1.0,0.3369550406932831,0.42308348417282104,1.0,0.0,1.0,0.2718409597873688,1.0,0.24376460909843445,0.46490874886512756,0.5173467993736267,0.0,-0.16422976553440094,0.8625924587249756,-0.5058994293212891,0.0,0.0,0.0,0.0,0.0,0.0,133.6038055419922,8.42387580871582,25.0,8.42387580871582,25.0,10.57708740234375,0.0,1.0,0.33695503234863283,1.0,0.0,0.0,0.0,0.0,0.0,1.3887872695922852,0.5423304595438774,0.7646779823303222,1.7549999982118607,0.02,-0.0,-0.0423978727878663,-0.004362073482606008,0.0,0.15,-0.0,0.0,0.0,-0.0,0.0,0.0,0.0,0.0,0.35,0.0,0.0,0.0,0.0,0.0,0.0,0.0,0.0,0.25,-0.0,-1.7406005859375,0.0,0.38878726959228516,-0.0,-0.2175750732421875,-0.2175750732421875,-0.05,0.5346779823303223,0.35645198822021484,0.2,0.0,-0.0,-0.0,-0.0,0.8,1.0,-0.0,0.0,-0.0,-0.0,0.0,0.0,0.0,0.43909040581434966,-0.04500000178813934,-0.0,-0.0,0.02,0.0,0.0,0.0,0.0,0.0,0.0,0.35645198822021484,31.614509218633174,32.4,0.0,0.6,0.0,1.0,2.0,4.0,0.0,1.0,0.0,1.0,0.0,0.0,0.0,0.0,0.0,0.0,0.0,0.0,0.0,0.0,0.0,0.0,0.0,0.0,0.0,0.0,0.0,0.0,0.0,88.86470794677734,39.01433563232422,88.54532623291016,38.994407653808594,-0.3193817138671875,-0.019927978515625,0.32000282406806946,-3.0792779485938895,-0.9156419038772583,-0.401994913816452,0.0,0.0,0.0,0.0,28.0,28.0,28.0,0.0,1.0,22.0,0.0,0.0,1.0,0.0,1.0,0.0,0.0,0.0,6.8,160.49450007267296,0.7328999927267432,138.8812999939546,12.616800027899444,9.032999980263412,4.0,4.445599974133074,3.113799961283803,0.6704000988975167,0.000400003045797348
1,171,171,4.158760326649203,0,0,2.0,4.0,1.0,1.0,1.0,0.3369550406932831,0.3790299594402313,1.0,1.0,1.0,0.42308348417282104,1.0,1.0,1.0,0.3369550406932831,1.0,0.3369550406932831,0.42308348417282104,1.0,0.0,1.0,0.2690984010696411,1.0,0.2416982799768448,0.45163583755493164,-0.8065140843391418,0.0,-0.16422976553440094,0.8669193983078003,-0.49844837188720703,0.0,0.0,0.0,0.0,0.0,0.0,133.3845977783203,8.93521785736084,25.0,8.93521785736084,25.0,9.847844123840332,0.0,1.0,0.3574087142944336,1.0,0.0,0.0,0.0,0.0,0.0,1.3827621936798096,0.1903089578404573,0.7656891751289367,1.8,0.02,-0.0,-0.03577996386985795,-0.005839497946736306,0.3653190422058106,0.15,-0.729243278503418,0.0,0.0,-0.0,0.0,0.0,0.0,0.0,0.35,0.0,0.0,0.0,0.0,0.0,0.0,0.0,0.0,0.25,-0.0,-1.753662109375,0.0,0.38276219367980957,-0.0,-0.219207763671875,-0.219207763671875,-0.05,0.5356891751289368,0.3571261167526245,0.2,0.0,-0.0,-0.0,-0.0,0.8,1.0,-0.0,0.0,-0.0,-0.0,0.0,0.0,0.0,0.44585265595465895,-0.0,-0.0,-0.0,0.02,0.0,0.0,0.0,0.0,0.0,0.0,0.3571261167526245,32.101391228735444,32.4,1.0,0.0,0.0,1.0,2.0,4.0,0.0,1.0,0.0,1.0,0.0,0.0,0.0,0.0,0.0,0.0,0.0,0.0,0.0,0.0,0.0,0.0,0.0,0.0,0.0,0.0,0.0,0.0,0.0,88.54557037353516,38.99451446533203,88.22618865966797,38.97458267211914,-0.3193817138671875,-0.019931793212890625,0.32000306248664856,-3.079266050877184,-0.9151836633682251,-0.40303701162338257,0.0,0.0,0.0,0.0,28.0,28.0,28.0,0.0,1.0,22.0,0.0,0.0,1.0,0.0,1.0,0.0,0.0,0.0,6.84,216.11300006043166,0.6729000015184283,135.50660002510995,71.16639998275787,32.721900031901896,4.0,4.258000059053302,3.526599961332977,0.9483000030741096,0.000600004568696022
1,172,172,4.476275267138899,0,0,2.0,4.0,1.0,1.0,1.0,0.35740870237350464,0.41245949268341064,1.0,1.0,1.0,0.39391377568244934,1.0,1.0,1.0,0.35740870237350464,1.0,0.35740870237350464,0.39391377568244934,1.0,0.0,1.0,0.2663404047489166,1.0,0.23961424827575684,0.4585913121700287,0.4226406216621399,0.0,-0.07999739050865173,0.8695800304412842,-0.49379199743270874,0.0,0.0,0.0,0.0,0.0,0.0,133.1672821044922,9.214576721191406,25.0,9.214576721191406,25.0,9.612956047058105,0.0,1.0,0.36858306884765624,1.0,0.0,0.0,0.0,0.0,0.0,1.3909419476985931,0.5411849465178221,0.7762692379951477,1.7478791349273366,0.02,-0.0,-0.032613531602207375,-0.006414750190428881,0.20939380645751954,0.15,-0.23488807678222656,0.0,0.0,-0.0,0.0,0.0,0.0,0.0,0.35,0.0,0.0,0.0,0.0,0.0,0.0,0.0,0.0,0.25,-0.0,-1.738525390625,0.0,0.39094194769859314,-0.0,-0.217315673828125,-0.217315673828125,-0.05,0.5462692379951477,0.36417949199676514,0.2,0.0,-0.0,-0.0,-0.0,0.8,1.0,-0.0,0.0,-0.0,-0.0,0.0,0.0,0.0,0.4557074986351654,-0.0,-0.0,-0.0521208650726634,0.02,0.0,0.0,0.0,0.0,0.0,0.0,0.36417949199676514,32.810939901731906,32.4,1.0,0.0,0.0,1.0,2.0,4.0,0.0,1.0,0.0,1.0,0.0,0.0,0.0,0.0,0.0,0.0,0.0,0.0,0.0,0.0,0.0,0.0,0.0,0.0,0.0,0.0,0.0,0.0,0.0,88.22643280029297,38.97467041015625,87.90705108642578,38.954734802246094,-0.3193817138671875,-0.01993560791015625,0.32000330090522766,-3.07925415316589,-0.9147215485572815,-0.4040849208831787,0.0,0.0,0.0,0.0,28.0,28.0,28.0,0.0,1.0,22.0,0.0,0.0,1.0,0.0,1.0,0.0,0.0,0.0,6.88,174.46720006410033,0.8423000108450651,131.71470002271235,29.51050002593547,19.81209998484701,4.0,8.683399995788932,3.023100085556507,0.6521000759676099,0.000300002284348011
1,173,173,4.53779126701447,0,0,2.0,4.0,1.0,1.0,1.0,0.368583083152771,0.4433031976222992,1.0,1.0,1.0,0.38451823592185974,1.0,1.0,1.0,0.368583083152771,1.0,0.368583083152771,0.38451823592185974,1.0,0.0,1.0,0.2635284662246704,1.0,0.23747137188911438,0.468727707862854,0.6159276962280273,0.0,-0.03851436451077461,0.8713453412055969,-0.49067020416259766,0.0,0.0,0.0,0.0,0.0,0.0,132.949951171875,9.214576721191406,25.0,9.214576721191406,25.0,9.612956047058105,0.0,1.0,0.36858306884765624,1.0,0.0,0.0,0.0,0.0,0.0,1.391351342201233,0.5544704019794137,0.7719695228338241,1.8,0.02,-0.0,-0.032613531602207375,-0.006414750190428881,0.0,0.15,-0.0,0.0,0.0,-0.0,0.0,0.0,0.0,0.0,0.35,0.0,0.0,0.0,0.0,0.0,0.0,0.0,0.0,0.25,-0.0,-1.7386474609375,0.0,0.3913513422012329,-0.0,-0.2173309326171875,-0.2173309326171875,-0.05,0.5419695228338242,0.36131301522254944,0.2,0.0,-0.0,-0.0,-0.0,0.8,1.0,-0.0,0.0,-0.0,-0.0,0.0,0.0,0.0,0.4434986837720499,-0.0,-0.0,-0.0,0.02,0.0,0.0,0.0,0.0,0.0,0.0,0.36131301522254944,31.931905231587592,32.4,0.0,0.6,0.0,1.0,2.0,4.0,0.0,1.0,0.0,1.0,0.0,0.0,0.0,0.0,0.0,0.0,0.0,0.0,0.0,0.0,0.0,0.0,0.0,0.0,0.0,0.0,0.0,0.0,0.0,87.90729522705078,38.954811096191406,87.5879135131836,38.934871673583984,-0.3193817138671875,-0.019939422607421875,0.3200035095214844,-3.079242251727571,-0.9142552614212036,-0.40513861179351807,0.0,0.0,0.0,0.0,28.0,28.0,28.0,0.0,1.0,22.0,1.0,0.0,1.0,0.0,1.0,0.0,0.0,0.0,6.92,135.09200001135468,0.4160000244155526,95.4751999815926,32.191299949772656,12.405499932356179,4.0,4.306799964979291,1.9482000498101115,0.6977999582886696,0.000400003045797348
1,174,174,4.564366410545359,0,0,2.0,4.0,1.0,1.0,1.0,0.368583083152771,0.4433031976222992,1.0,1.0,1.0,0.38451823592185974,1.0,1.0,1.0,0.368583083152771,1.0,0.368583083152771,0.38451823592185974,1.0,0.0,1.0,0.26073774695396423,1.0,0.2353406548500061,0.45617008209228516,-0.76305091381073,0.0,-0.03851436451077461,0.872679591178894,-0.48829326033592224,0.0,0.0,0.0,0.0,0.0,0.0,132.7327117919922,9.344669342041016,25.0,9.611726760864258,25.0,9.344669342041016,0.0,1.0,0.37378677368164065,1.0,0.0,0.0,0.0,0.0,0.0,1.3921836614608765,0.6012807049177329,0.7725287634134292,1.7783732807533212,0.02,-0.0,-0.028590483781692735,-0.007141442150651019,0.3016228294372559,0.15,-0.26828670501708984,0.0,0.0,-0.0,0.0,0.0,0.0,0.0,0.35,0.0,0.0,0.0,0.0,0.0,0.0,0.0,0.0,0.25,-0.0,-1.7379150390625,0.0,0.39218366146087646,-0.0,-0.2172393798828125,-0.2172393798828125,-0.05,0.5425287634134293,0.3616858422756195,0.2,0.0,-0.0,-0.0,-0.0,0.8,1.0,-0.0,0.0,-0.0,-0.0,0.0,0.0,0.0,0.45367650642991064,-0.0,-0.0,-0.02162671924667887,0.02,0.0,0.0,0.0,0.0,0.0,0.0,0.3616858422756195,32.66470846295357,32.4,1.0,0.0,0.0,1.0,2.0,4.0,0.0,1.0,0.0,1.0,0.0,0.0,0.0,0.0,0.0,0.0,0.0,0.0,0.0,0.0,0.0,0.0,0.0,0.0,0.0,0.0,0.0,0.0,0.0,87.5881576538086,38.93494415283203,87.26878356933594,38.915000915527344,-0.31937408447265625,-0.0199432373046875,0.3199961483478546,-3.0792288742361515,-0.913784921169281,-0.4061983525753021,0.0,0.0,0.0,0.0,28.0,28.0,28.0,0.0,1.0,22.0,0.0,0.0,1.0,0.0,1.0,0.0,0.0,0.0,6.96,161.23800002969801,0.5144999595358968,117.04340006690472,36.05460003018379,17.991699976846576,4.0,4.273099941201508,2.841799985617399,0.4702000878751278,0.000400003045797348
1,175,175,6.088334714434455,0,0,2.0,4.0,1.0,1.0,1.0,0.38446906208992004,0.47262871265411377,1.0,1.0,1.0,0.3737867772579193,1.0,1.0,1.0,0.3737867772579193,1.0,0.38446906208992004,0.3737867772579193,1.0,0.0,1.0,0.25794148445129395,1.0,0.23319780826568604,0.4666386842727661,0.6361139416694641,0.0,-0.013901030644774437,0.8733019828796387,-0.48717930912971497,0.0,0.0,0.0,0.0,0.0,0.0,132.5159454345703,9.344669342041016,25.0,9.611726760864258,25.0,9.344669342041016,0.0,1.0,0.37378677368164065,1.0,0.0,0.0,0.0,0.0,0.0,1.3945476412773132,0.5556015660980459,2.318185507059097,1.8,0.02,-0.0,-0.028590483781692735,-0.007141442150651019,0.0,0.15,-0.0,0.0,0.0,-0.0,0.0,0.0,0.0,0.0,0.35,0.0,0.0,0.0,0.0,0.0,0.0,0.0,0.0,0.25,-0.0,-1.734130859375,0.0,0.39454764127731323,-0.0,-0.216766357421875,-0.216766357421875,1.5,0.5381855070590973,0.3587903380393982,0.2,0.0,-0.0,-0.0,-0.0,0.8,1.0,-0.0,0.0,-0.0,-0.0,0.0,0.0,0.0,0.44133349203038963,-0.0,-0.0,-0.0,0.02,0.0,0.0,0.0,0.0,0.0,0.0,0.3587903380393982,31.776011426188052,32.4,0.0,0.6,0.0,1.0,2.0,4.0,0.0,1.0,0.0,1.0,0.0,0.0,0.0,0.0,0.0,0.0,0.0,0.0,0.0,0.0,0.0,0.0,0.0,0.0,0.0,0.0,0.0,0.0,0.0,87.26902770996094,38.91507339477539,86.94965362548828,38.89512634277344,-0.31937408447265625,-0.019947052001953125,0.3199963867664337,-3.0792169728061785,-0.9133104085922241,-0.4072640836238861,0.0,0.0,0.0,0.0,28.0,28.0,28.0,0.0,1.0,22.0,0.0,0.0,1.0,0.0,1.0,0.0,0.0,0.0,7.0,141.26259996555746,0.39009994361549616,106.96010000538081,25.816800072789192,12.146700057201087,4.0,5.266399937681854,1.98529998306185,0.8126000175252557,0.000500003807246685
1,176,176,4.346776063946412,0,0,2.0,3.0,1.0,1.0,1.0,0.38446906208992004,0.47262871265411377,1.0,1.0,1.0,0.3737867772579193,1.0,1.0,1.0,0.3737867772579193,1.0,0.38446906208992004,0.3737867772579193,1.0,0.0,1.0,0.2551688849925995,1.0,0.23106855154037476,0.45394301414489746,-0.7714384198188782,0.0,-0.013901030644774437,0.8738958835601807,-0.48611316084861755,0.0,0.0,0.0,0.0,0.0,0.0,132.29847717285156,9.730401039123535,25.0,9.932488441467285,25.0,9.730401039123535,0.0,1.0,0.3892160415649414,1.0,0.0,0.0,0.0,0.0,0.0,1.3922991752624512,0.9760131882702572,0.7434637236595154,1.2149999767541886,0.02,-0.0,-0.025708386434694273,-0.006120366981395668,0.4109020233154297,0.15,-0.0,0.0,0.0,-0.0,0.0,0.0,0.0,0.0,0.35,0.0,0.0,0.0,0.0,0.0,0.0,0.0,0.0,0.25,-0.0,-1.73974609375,0.0,0.39229917526245117,-0.0,-0.21746826171875,-0.21746826171875,-0.05,0.5374637246131897,0.35830914974212646,0.2,0.0,-0.0,-0.0,-0.0,0.5599999904632569,0.699999988079071,-0.0,0.0,-0.0,-0.0,0.0,0.0,0.0,0.44693991837091746,-0.04500000178813934,-0.0,-0.0,0.02,0.0,0.0,0.0,0.0,0.0,0.0,0.35830914974212646,32.179674122706054,32.4,0.7326086850269979,0.0,0.0,0.699999988079071,2.0,3.0,0.0,0.699999988079071,0.0,0.699999988079071,0.0,0.0,0.0,0.0,0.0,0.0,0.0,0.0,0.0,0.0,0.0,0.0,0.0,0.0,0.0,0.0,0.0,0.0,0.0,86.94989776611328,38.895198822021484,86.63052368164062,38.875244140625,-0.31937408447265625,-0.019954681396484375,0.3199968636035919,-3.079193177378801,-0.912831723690033,-0.40833598375320435,0.0,0.0,0.0,0.0,28.0,28.0,28.0,0.0,1.0,22.0,0.0,0.0,1.0,0.0,1.0,0.0,0.0,0.0,7.04,170.90140003710985,0.5099000409245491,127.75320000946522,36.46999993361533,19.026299938559532,4.0,3.4259000094607472,1.8529000226408243,0.8573000086471438,0.000300002284348011
1,177,177,3.9737906028009307,0,0,2.0,3.0,1.0,1.0,1.0,0.39729952812194824,0.5008991360664368,1.0,1.0,1.0,0.38921603560447693,1.0,1.0,1.0,0.38921603560447693,1.0,0.39729952812194824,0.38921603560447693,1.0,0.0,1.0,0.2523946762084961,1.0,0.22893202304840088,0.45970964431762695,0.3504016399383545,0.0,-0.005405471660196781,0.8740925788879395,-0.4857593774795532,0.0,0.0,0.0,0.0,0.0,0.0,132.08262634277344,9.730401039123535,25.0,9.932488441467285,25.0,9.730401039123535,0.0,1.0,0.3892160415649414,1.0,0.0,0.0,0.0,0.0,0.0,1.3992307484149933,0.5724382229627681,0.7512529927492142,1.2308686386739554,0.02,-0.0,-0.025708386434694273,-0.006120366981395668,0.0,0.15,-0.0,0.0,0.0,-0.0,0.0,0.0,0.0,0.0,0.35,0.0,0.0,0.0,0.0,0.0,0.0,0.0,0.0,0.25,-0.0,-1.726806640625,0.0,0.3992307484149933,-0.0,-0.215850830078125,-0.215850830078125,-0.05,0.5452529937028885,0.36350199580192566,0.2,0.0,-0.0,-0.0,-0.0,0.5599999904632569,0.699999988079071,-0.0,0.0,-0.0,-0.0,0.0,0.0,0.0,0.4542669763788581,-0.0,-0.0,-0.02913133986837263,0.02,0.0,0.0,0.0,0.0,0.0,0.0,0.36350199580192566,32.70722229927778,32.4,0.7326086850269979,0.0,0.0,0.699999988079071,2.0,3.0,0.0,0.699999988079071,0.0,0.699999988079071,0.0,0.0,0.0,0.0,0.0,0.0,0.0,0.0,0.0,0.0,0.0,0.0,0.0,0.0,0.0,0.0,0.0,0.0,0.0,86.63076782226562,38.87531661987305,86.31139373779297,38.8553581237793,-0.31937408447265625,-0.01995849609375,0.319997102022171,-3.079181279664777,-0.912348747253418,-0.4094139635562897,0.0,0.0,0.0,0.0,28.0,28.0,28.0,0.0,1.0,22.0,0.0,0.0,1.0,0.0,1.0,0.0,0.0,0.0,7.08,176.74859997350723,0.493300030939281,132.7315999660641,35.89069994632155,12.428800109773874,4.0,4.316400038078427,2.631500014103949,0.6454999092966318,0.000300002284348011
1,178,178,4.487674051807831,0,0,2.0,3.0,1.0,1.0,1.0,0.39729952812194824,0.5008991360664368,1.0,1.0,1.0,0.38921603560447693,1.0,1.0,1.0,0.38921603560447693,1.0,0.39729952812194824,0.38921603560447693,1.0,0.0,1.0,0.24958066642284393,1.0,0.22674956917762756,0.46724602580070496,0.45794111490249634,0.0,-0.005405471660196781,0.8742281794548035,-0.4855152368545532,0.0,0.0,0.0,0.0,0.0,0.0,131.8661346435547,10.09489631652832,25.0,10.37453842163086,25.0,10.09489631652832,0.0,1.0,0.4037958526611328,1.0,0.0,0.0,0.0,0.0,0.0,1.3970423340797424,1.0647212597593771,0.745910479426384,1.259999978542328,0.02,-0.0,-0.022209181619292907,-0.005290030164589977,0.4994380950927735,0.15,-0.0,0.0,0.0,-0.0,0.0,0.0,0.0,0.0,0.35,0.0,0.0,0.0,0.0,0.0,0.0,0.0,0.0,0.25,-0.0,-1.73193359375,0.0,0.39704233407974243,-0.0,-0.21649169921875,-0.21649169921875,-0.05,0.5399104803800583,0.3599403202533722,0.2,0.0,-0.0,-0.0,-0.0,0.5599999904632569,0.699999988079071,-0.0,0.0,-0.0,-0.0,0.0,0.0,0.0,0.4427823764504865,-0.0,-0.0,-0.0,0.02,0.0,0.0,0.0,0.0,0.0,0.0,0.3599403202533722,31.880331104435026,32.4,0.0,0.6,0.0,0.699999988079071,2.0,3.0,0.0,0.699999988079071,0.0,0.699999988079071,0.0,0.0,0.0,0.0,0.0,0.0,0.0,0.0,0.0,0.0,0.0,0.0,0.0,0.0,0.0,0.0,0.0,0.0,0.0,86.31163787841797,38.855430603027344,85.99226379394531,38.83546829223633,-0.31937408447265625,-0.019962310791015625,0.3199973404407501,-3.079169381951125,-0.9118614196777344,-0.41049817204475403,0.0,0.0,0.0,0.0,28.0,28.0,28.0,0.0,1.0,22.0,0.0,0.0,1.0,0.0,1.0,0.0,0.0,0.0,7.12,178.14040009398013,0.6233000895008445,132.19249993562698,37.63160004746169,29.49149999767542,4.0,4.392899922095239,2.742100041359663,0.5266000516712666,0.000400003045797348
1,179,179,4.948513966504674,0,0,2.0,4.0,1.0,1.0,1.0,0.41498154401779175,0.5288418531417847,1.0,1.0,1.0,0.40379583835601807,1.0,1.0,1.0,0.40379583835601807,1.0,0.41498154401779175,0.40379583835601807,1.0,0.0,1.0,0.24679113924503326,1.0,0.22458335757255554,0.45543330907821655,-0.717787504196167,0.0,-0.004906900227069855,0.8744047284126282,-0.4851972460746765,0.0,0.0,0.0,0.0,0.0,0.0,131.6499481201172,10.403614044189453,25.0,10.757709503173828,25.0,10.403614044189453,0.0,1.0,0.41614456176757814,1.0,0.0,0.0,0.0,0.0,0.0,1.398788034915924,1.0071551283454085,0.7705873358249664,1.7519834674183756,0.02,-0.0,-0.01956639828693809,-0.004675503497682336,0.43002395629882817,0.15,-0.0,0.0,0.0,-0.0,0.0,0.0,0.0,0.0,0.35,0.0,0.0,0.0,0.0,0.0,0.0,0.0,0.0,0.25,-0.0,-1.7294921875,0.0,0.3987880349159241,-0.0,-0.2161865234375,-0.2161865234375,-0.05,0.5405873358249664,0.3603915572166443,0.2,0.0,-0.0,-0.0,-0.0,0.8,1.0,-0.0,0.0,-0.0,-0.0,0.0,0.0,0.0,0.45137307383120073,-0.04500000178813934,-0.0,-0.003016530793485019,0.02,0.0,0.0,0.0,0.0,0.0,0.0,0.3603915572166443,32.49886131584645,32.4,1.0,0.0,0.0,1.0,2.0,4.0,0.0,1.0,0.0,1.0,0.0,0.0,0.0,0.0,0.0,0.0,0.0,0.0,0.0,0.0,0.0,0.0,0.0,0.0,0.0,0.0,0.0,0.0,0.0,85.99250793457031,38.835540771484375,85.67313385009766,38.815574645996094,-0.31937408447265625,-0.01996612548828125,0.3199975788593292,-3.0791574842376725,-0.911369800567627,-0.4115886390209198,0.0,0.0,0.0,0.0,28.0,28.0,28.0,0.0,1.0,22.0,0.0,0.0,1.0,0.0,1.0,0.0,0.0,0.0,7.16,175.39160000160336,0.5862000398337841,128.70060000568628,37.49659995082766,15.709100058302283,4.0,4.625400062650442,3.248099936172366,0.6995000876486301,0.000400003045797348
1,180,180,4.5536799437744095,0,0,2.0,4.0,1.0,1.0,1.0,0.43030837178230286,0.5565881133079529,1.0,1.0,1.0,0.41614454984664917,1.0,1.0,1.0,0.41614454984664917,1.0,0.43030837178230286,0.41614454984664917,1.0,0.0,1.0,0.24399636685848236,1.0,0.22240468859672546,0.4642694592475891,0.536918580532074,0.0,0.0015910001238808036,0.8743594884872437,-0.48527875542640686,0.0,0.0,0.0,0.0,0.0,0.0,131.4342041015625,10.403614044189453,25.0,10.757709503173828,25.0,10.403614044189453,0.0,1.0,0.41614456176757814,1.0,0.0,0.0,0.0,0.0,0.0,1.4010702669620514,0.5663797683460199,0.7662299084663391,1.8,0.02,-0.0,-0.01956639828693809,-0.004675503497682336,0.0,0.15,-0.0,0.0,0.0,-0.0,0.0,0.0,0.0,0.0,0.35,0.0,0.0,0.0,0.0,0.0,0.0,0.0,0.0,0.25,-0.0,-1.7259521484375,0.0,0.4010702669620514,-0.0,-0.2157440185546875,-0.2157440185546875,-0.05,0.5362299084663391,0.3574866056442261,0.2,0.0,-0.0,-0.0,-0.0,0.8,1.0,-0.0,0.0,-0.0,-0.0,0.0,0.0,0.0,0.4406216701306403,-0.0,-0.0,-0.0,0.02,0.0,0.0,0.0,0.0,0.0,0.0,0.3574866056442261,31.724760249406103,32.4,0.0,0.6,0.0,1.0,2.0,4.0,0.0,1.0,0.0,1.0,0.0,0.0,0.0,0.0,0.0,0.0,0.0,0.0,0.0,0.0,0.0,0.0,0.0,0.0,0.0,0.0,0.0,0.0,0.0,85.67337799072266,38.81564712524414,85.35400390625,38.79567337036133,-0.31937408447265625,-0.0199737548828125,0.3199980556964874,-3.0791336888103102,-0.9108737111091614,-0.4126853942871094,0.0,0.0,0.0,0.0,28.0,28.0,28.0,0.0,1.0,22.0,0.0,0.0,1.0,0.0,1.0,0.0,0.0,0.0,7.2,141.32450008764863,0.654500094242394,120.84370001684874,11.761600035242736,8.027000003494322,4.0,4.594500060193241,2.777299960143864,0.6658000638708472,0.000500003807246685
1,181,181,5.010444705879554,0,0,2.0,4.0,1.0,1.0,1.0,0.43030837178230286,0.5565881133079529,1.0,1.0,1.0,0.41614454984664917,1.0,1.0,1.0,0.41614454984664917,1.0,0.43030837178230286,0.41614454984664917,1.0,0.0,1.0,0.24122527241706848,1.0,0.22023972868919373,0.45321086049079895,-0.6719627380371094,0.0,0.0015910001238808036,0.8744693398475647,-0.4850807785987854,0.0,0.0,0.0,0.0,0.0,0.0,131.2212677001953,10.657135963439941,25.0,11.182058334350586,25.0,10.657135963439941,0.0,1.0,0.42628543853759765,1.0,0.0,0.0,0.0,0.0,0.0,1.4051281213760376,1.0184217117189023,0.7668948727846145,1.8,0.02,-0.0,-0.01700776267100939,-0.004224614817849434,0.4408878326416016,0.15,-0.0,0.0,0.0,-0.0,0.0,0.0,0.0,0.0,0.35,0.0,0.0,0.0,0.0,0.0,0.0,0.0,0.0,0.25,-0.0,-1.7034912109375,0.0,0.4051281213760376,-0.0,-0.2129364013671875,-0.2129364013671875,-0.05,0.5368948727846146,0.35792991518974304,0.2,0.0,-0.0,-0.0,-0.0,0.8,1.0,-0.0,0.0,-0.0,-0.0,0.0,0.0,0.0,0.4487662565661594,-0.0,-0.0,-0.0,0.02,0.0,0.0,0.0,0.0,0.0,0.0,0.35792991518974304,32.31117047276348,32.4,1.0,0.0,0.0,1.0,2.0,4.0,0.0,1.0,0.0,1.0,0.0,0.0,0.0,0.0,0.0,0.0,0.0,0.0,0.0,0.0,0.0,0.0,0.0,0.0,0.0,0.0,0.0,0.0,0.0,85.354248046875,38.795745849609375,85.06108093261719,38.6674690246582,-0.2931671142578125,-0.12827682495117188,0.3200029730796814,-2.7291357924308204,-0.9103730916976929,-0.41378846764564514,0.0,0.0,0.0,0.0,28.0,28.0,28.0,0.0,1.0,21.0,0.0,0.0,1.0,0.0,1.0,0.0,0.0,0.0,7.24,171.30629997700453,0.5355000030249357,117.18970001675189,45.97400000784546,16.00719999987632,4.0,4.34260000474751,2.7369000017642975,0.48909999895840883,0.000500003807246685
1,182,182,3.958824610892123,0,0,2.0,3.0,1.0,1.0,1.0,0.4472823441028595,0.5839090347290039,1.0,1.0,1.0,0.42628544569015503,1.0,1.0,1.0,0.42628544569015503,1.0,0.4472823441028595,0.42628544569015503,1.0,0.0,1.0,0.23754404485225677,1.0,0.2172306925058365,0.46158814430236816,0.509036660194397,0.0,0.00462187547236681,0.8743190765380859,-0.4853515326976776,0.0,0.0,0.0,0.0,0.0,0.0,131.02420043945312,10.657135963439941,25.0,11.182058334350586,25.0,10.657135963439941,0.0,1.0,0.42628543853759765,1.0,0.0,0.0,0.0,0.0,0.0,1.4180741906166077,0.5830169532701897,0.7516243892908097,1.1861090777145156,0.02,-0.0,-0.01700776267100939,-0.004224614817849434,0.0,0.15,-0.0,0.0,0.0,-0.0,0.0,0.0,0.0,0.0,0.35,0.0,0.0,0.0,0.0,0.0,0.0,0.0,0.0,0.25,-0.0,-1.5765380859375,0.0,0.41807419061660767,-0.0,-0.1970672607421875,-0.1970672607421875,-0.05,0.545624390244484,0.36374959349632263,0.2,0.0,-0.0,-0.0,-0.0,0.5599999904632569,0.699999988079071,-0.0,0.0,-0.0,-0.0,0.0,0.0,0.0,0.4542493307590485,-0.04500000178813934,-0.0,-0.028890899039673085,0.02,0.0,0.0,0.0,0.0,0.0,0.0,0.36374959349632263,32.70595181465149,32.4,0.7326086850269979,0.0,0.0,0.699999988079071,2.0,3.0,0.0,0.699999988079071,0.0,0.699999988079071,0.0,0.0,0.0,0.0,0.0,0.0,0.0,0.0,0.0,0.0,0.0,0.0,0.0,0.0,0.0,0.0,0.0,0.0,0.0,85.06160736083984,38.66709899902344,84.79061126708984,38.496917724609375,-0.27099609375,-0.1701812744140625,0.32000085711479187,-2.580850256607972,-0.9103555083274841,-0.41382721066474915,0.0,0.0,0.0,0.0,28.0,28.0,28.0,0.0,1.0,21.0,0.0,0.0,1.0,0.0,1.0,0.0,0.0,0.0,7.28,134.72009997349232,0.4322000313550234,110.7151999603957,15.055099967867136,11.551400064490736,4.0,4.451599903404713,3.2220000866800547,0.8136999094858766,0.000500003807246685
1,183,183,5.065970930836615,0,0,2.0,4.0,1.0,1.0,1.0,0.4472823441028595,0.5839090347290039,1.0,1.0,1.0,0.42628544569015503,1.0,1.0,1.0,0.42628544569015503,1.0,0.4472823441028595,0.42628544569015503,1.0,0.0,1.0,0.2334732711315155,1.0,0.2138291597366333,0.46722787618637085,0.34269213676452637,0.0,0.00462187547236681,0.8742430806159973,-0.4854884147644043,0.0,0.0,0.0,0.0,0.0,0.0,130.82774353027344,10.916871070861816,25.0,11.710836410522461,25.0,10.916871070861816,0.0,1.0,0.43667484283447267,1.0,0.0,0.0,0.0,0.0,0.0,1.4192621409893036,1.1015251282672265,0.7701836633682251,1.7549999982118607,0.02,-0.0,-0.01428650738396436,-0.0038077331804362265,0.52691650390625,0.15,-0.0,0.0,0.0,-0.0,0.0,0.0,0.0,0.0,0.35,0.0,0.0,0.0,0.0,0.0,0.0,0.0,0.0,0.25,-0.0,-1.5716552734375,0.0,0.4192621409893036,-0.0,-0.1964569091796875,-0.1964569091796875,-0.05,0.5401836633682251,0.3601224422454834,0.2,0.0,-0.0,-0.0,-0.0,0.8,1.0,-0.0,0.0,-0.0,-0.0,0.0,0.0,0.0,0.4427028649253771,-0.04500000178813934,-0.0,-0.0,0.02,0.0,0.0,0.0,0.0,0.0,0.0,0.3601224422454834,31.87460627462715,32.4,0.0,0.6,0.0,1.0,2.0,4.0,0.0,1.0,0.0,1.0,0.0,0.0,0.0,0.0,0.0,0.0,0.0,0.0,0.0,0.0,0.0,0.0,0.0,0.0,0.0,0.0,0.0,0.0,0.0,84.791015625,38.49660873413086,84.52001190185547,38.326446533203125,-0.27100372314453125,-0.17016220092773438,0.3199971914291382,-2.5809134311342534,-0.9105474352836609,-0.41340452432632446,0.0,0.0,0.0,0.0,28.0,28.0,28.0,0.0,1.0,21.0,0.0,0.0,1.0,0.0,1.0,0.0,0.0,0.0,7.32,273.50999996997416,0.609799986705184,120.862300042063,127.48839997220784,90.77780006919056,4.0,21.271100034937263,2.61199998203665,0.6250999867916107,0.000500003807246685
1,184,184,4.591213487814342,0,0,2.0,4.0,1.0,1.0,1.0,0.4684334695339203,0.6115192174911499,1.0,1.0,1.0,0.4366748332977295,1.0,1.0,1.0,0.4366748332977295,1.0,0.4684334695339203,0.4366748332977295,1.0,0.0,1.0,0.22943156957626343,1.0,0.21044301986694336,0.4553515315055847,-0.7216541171073914,0.0,-0.0018754786578938365,0.8742951154708862,-0.48539474606513977,0.0,0.0,0.0,0.0,0.0,0.0,130.6322784423828,10.916871070861816,25.0,11.710836410522461,25.0,10.916871070861816,0.0,1.0,0.43667484283447267,1.0,0.0,0.0,0.0,0.0,0.0,1.421857863664627,0.5836661565373519,0.7706478643417358,1.7950416032706267,0.02,-0.0,-0.01428650738396436,-0.0038077331804362265,0.0,0.15,-0.0,0.0,0.0,-0.0,0.0,0.0,0.0,0.0,0.35,0.0,0.0,0.0,0.0,0.0,0.0,0.0,0.0,0.25,-0.0,-1.563720703125,0.0,0.4218578636646271,-0.0,-0.195465087890625,-0.195465087890625,-0.05,0.5406478643417358,0.3604319095611572,0.2,0.0,-0.0,-0.0,-0.0,0.8,1.0,-0.0,0.0,-0.0,-0.0,0.0,0.0,0.0,0.4517603971017525,-0.0,-0.0,-0.004958396729373438,0.02,0.0,0.0,0.0,0.0,0.0,0.0,0.3604319095611572,32.526748591326175,32.4,1.0,0.0,0.0,1.0,2.0,4.0,0.0,1.0,0.0,1.0,0.0,0.0,0.0,0.0,0.0,0.0,0.0,0.0,0.0,0.0,0.0,0.0,0.0,0.0,0.0,0.0,0.0,0.0,0.0,84.52031707763672,38.32636260986328,84.24930572509766,38.15620803833008,-0.2710113525390625,-0.17015457153320312,0.3199995756149292,-2.5809462727297383,-0.9107394218444824,-0.4129815101623535,0.0,0.0,0.0,0.0,28.0,28.0,28.0,0.0,1.0,21.0,0.0,0.0,1.0,0.0,1.0,0.0,0.0,0.0,7.36,156.773200025782,0.5181999877095222,130.19079994410276,17.467800062149763,11.995699955150485,4.0,4.8880999675020576,3.0693000881001353,0.6076000863686204,0.000500003807246685
1,185,185,4.257595970842566,0,0,1.0,4.0,1.0,1.0,1.0,0.4684334695339203,0.6115192174911499,1.0,1.0,1.0,0.4366748332977295,1.0,1.0,1.0,0.4366748332977295,1.0,0.4684334695339203,0.4366748332977295,1.0,0.0,1.0,0.22538620233535767,1.0,0.20704181492328644,0.46466782689094543,0.566095769405365,0.0,-0.0018754786578938365,0.874183714389801,-0.48559534549713135,0.0,0.0,0.0,0.0,0.0,0.0,130.43785095214844,11.368825912475586,25.0,12.239030838012695,25.0,11.368825912475586,0.0,1.0,0.45475303649902343,1.0,0.0,0.0,0.0,0.0,0.0,1.4243952333927155,1.1782536085807913,0.7662009406089783,0.8687461882600814,0.02,-0.0,-0.012007308625075139,-0.003178000132050486,0.6033374786376954,0.15,-0.0,0.0,0.0,-0.0,0.0,0.0,0.0,0.0,0.35,0.0,0.0,0.0,0.0,0.0,0.0,0.0,0.0,0.25,-0.0,-1.555419921875,0.0,0.42439523339271545,-0.0,-0.194427490234375,-0.194427490234375,-0.05,0.5362009406089783,0.35746729373931885,0.2,0.0,-0.032592655117456404,-0.0,-0.0,0.6254545454545455,0.7818181818181819,-0.21818181818181814,0.0,-0.0952066115702479,-0.17454545454545453,0.0,0.0,0.0,0.44010143870022156,-0.017999999597668646,-0.0,-0.0,0.02,0.0,0.0,0.0,0.0,0.0,0.0,0.35746729373931885,31.68730358641595,32.4,0.0,0.6,-0.25,1.0,1.0,4.0,-0.25,1.0,-0.11999999731779099,1.0,-0.12,1.0,0.0,0.0,0.0,-0.25,-0.25,1.0,0.13,0.0,0.0,0.0,0.0,0.0,0.0,0.0,0.0,0.0,0.0,84.24952697753906,38.156272888183594,83.978515625,37.986122131347656,-0.2710113525390625,-0.1701507568359375,0.31999754905700684,-2.5809563942721527,-0.9109317064285278,-0.41255730390548706,0.0,0.0,0.0,0.0,28.0,28.0,28.0,0.0,1.0,21.0,0.0,0.0,1.0,0.0,1.0,0.0,0.0,0.0,7.4,171.01389996241778,0.4920000210404396,119.02670003473759,44.817900052294135,23.113299976103008,4.0,3.9311000145971775,2.012500073760748,0.7047000108286738,0.000500003807246685
1,186,186,5.359834675008237,0,0,2.0,4.0,1.0,1.0,1.0,0.4895612299442291,0.6389613747596741,1.0,1.0,1.0,0.454753041267395,1.0,1.0,1.0,0.454753041267395,1.0,0.4895612299442291,0.454753041267395,1.0,0.0,1.0,0.22136430442333221,1.0,0.20365038514137268,0.4526757597923279,-0.7286849021911621,-0.2181818187236786,-6.707665306748822e-05,0.8739657998085022,-0.4859873950481415,0.0,0.0,0.0,0.0,0.0,0.0,130.24505615234375,11.75075912475586,25.0,12.74644660949707,25.0,11.75075912475586,0.0,1.0,0.4700303649902344,1.0,0.0,0.0,0.0,0.0,0.0,1.4295611679553986,1.1436271904798156,0.766464512348175,2.0001818042248485,0.02,-0.0,-0.010165056201884928,-0.0027277547222870333,0.5587059020996095,0.15,-0.0,0.0,0.0,-0.0,0.0,0.0,0.0,0.0,0.35,0.0,0.0,0.0,0.0,0.0,0.0,0.0,0.0,0.25,-0.0,-1.5423583984375,0.0,0.42956116795539856,-0.0,-0.1927947998046875,-0.1927947998046875,-0.05,0.536464512348175,0.3576430082321167,0.2,0.0,-0.0,-0.0,-0.0,0.8,1.0,-0.0,0.0,-0.0,-0.0,0.2181818038225174,0.0,0.0,0.44781409930437804,-0.017999999597668646,-0.0,-0.0,0.02,0.0,0.0,0.0,0.0,0.0,0.0,0.3576430082321167,32.24261514991522,32.4,1.0,0.0,0.0,1.0,2.0,4.0,0.0,1.0,0.0,1.0,0.0,0.0,0.0,0.0,0.0,0.0,0.0,0.0,0.0,0.0,0.0,0.0,0.0,0.0,0.0,0.0,0.0,0.0,0.0,83.97871398925781,37.986244201660156,83.70770263671875,37.81609344482422,-0.2710113525390625,-0.1701507568359375,0.31999754905700684,-2.5809563942721527,-0.9111247658729553,-0.4121307134628296,0.0,0.0,0.0,0.0,28.0,28.0,28.0,0.0,1.0,21.0,0.0,0.0,1.0,0.0,1.0,0.0,0.0,0.0,7.44,173.4377999091521,0.6195999449118972,122.848300030455,41.64159996435046,21.984999999403954,4.0,4.919699975289404,2.6165000163018703,0.7511000148952007,0.000400003045797348
1,187,187,4.576305344514062,0,0,2.0,4.0,1.0,1.0,1.0,0.5098578929901123,1.0,1.0,1.0,1.0,0.47003036737442017,1.0,1.0,1.0,0.47003036737442017,1.0,0.5098578929901123,0.47003036737442017,1.0,0.0,1.0,0.2173416167497635,1.0,0.20024555921554565,0.4606087803840637,0.48204129934310913,0.0,0.058566633611917496,0.8720850944519043,-0.48935428261756897,0.0,0.0,0.0,0.0,0.0,0.0,130.05764770507812,11.75075912475586,25.0,12.74644660949707,25.0,11.75075912475586,0.0,1.0,0.4700303649902344,1.0,0.0,0.0,0.0,0.0,0.0,1.4495464265346527,0.5934202997682546,0.7771072047948837,1.7362314134162717,0.02,-0.0,-0.010165056201884928,-0.0027277547222870333,0.0,0.15,-0.0,0.0,0.0,-0.0,0.0,0.0,0.0,0.0,0.35,0.0,0.0,0.0,0.0,0.0,0.0,0.0,0.0,0.25,-0.0,-1.499267578125,0.0,0.4495464265346527,-0.0,-0.187408447265625,-0.187408447265625,-0.05,0.5471072047948837,0.3647381365299225,0.2,0.0,-0.0,-0.0,-0.0,0.8,1.0,-0.0,0.0,-0.0,-0.0,0.0,0.0,0.0,0.4563131106924265,-0.0,-0.0,-0.06376858658372822,0.02,0.0,0.0,0.0,0.0,0.0,0.0,0.3647381365299225,32.85454396985471,32.4,1.0,0.0,0.0,1.0,2.0,4.0,0.0,1.0,0.0,1.0,0.0,0.0,0.0,0.0,0.0,0.0,0.0,0.0,0.0,0.0,0.0,0.0,0.0,0.0,0.0,0.0,0.0,0.0,0.0,83.7078857421875,37.816246032714844,83.43687438964844,37.64609146118164,-0.2710113525390625,-0.17015457153320312,0.3199995756149292,-2.5809462727297383,-0.9113187193870544,-0.41170141100883484,0.0,0.0,0.0,0.0,28.0,28.0,28.0,0.0,1.0,21.0,0.0,0.0,1.0,0.0,1.0,0.0,0.0,0.0,7.48,163.43920002691448,0.5390000296756625,119.65340003371239,35.17319995444268,24.881599936634302,4.0,4.391100024804473,2.946399967186153,0.707700033672154,0.000300002284348011
1,188,188,5.0839721254757,0,0,2.0,4.0,1.0,1.0,1.0,0.5098578929901123,1.0,1.0,1.0,1.0,0.47003036737442017,1.0,1.0,1.0,0.47003036737442017,1.0,0.5098578929901123,0.47003036737442017,1.0,0.0,1.0,0.2132742702960968,1.0,0.19678130745887756,0.4693506360054016,0.5311881899833679,0.0,0.058566633611917496,0.8701931834220886,-0.49271073937416077,0.0,0.0,0.0,0.0,0.0,0.0,129.87318420410156,11.851497650146484,25.0,13.25417423248291,25.0,11.851497650146484,0.0,1.0,0.4740599060058594,1.0,0.0,0.0,0.0,0.0,0.0,1.4597063958644867,1.0313240848234255,0.7729416447877884,1.8,0.02,-0.0,-0.008608595809292548,-0.0026200238337888613,0.4464775085449219,0.15,-0.0,0.0,0.0,-0.0,0.0,0.0,0.0,0.0,0.35,0.0,0.0,0.0,0.0,0.0,0.0,0.0,0.0,0.25,-0.0,-1.4757080078125,0.0,0.4597063958644867,-0.0,-0.1844635009765625,-0.1844635009765625,-0.05,0.5429416447877884,0.36196109652519226,0.2,0.0,-0.0,-0.0,-0.0,0.8,1.0,-0.0,0.0,-0.0,-0.0,0.0,0.0,0.0,0.446075195921585,-0.0,-0.0,-0.0,0.02,0.0,0.0,0.0,0.0,0.0,0.0,0.36196109652519226,32.11741410635412,32.4,0.0,0.6,0.0,1.0,2.0,4.0,0.0,1.0,0.0,1.0,0.0,0.0,0.0,0.0,0.0,0.0,0.0,0.0,0.0,0.0,0.0,0.0,0.0,0.0,0.0,0.0,0.0,0.0,0.0,83.43705749511719,37.64625549316406,83.16604614257812,37.47610092163086,-0.2710113525390625,-0.17015457153320312,0.3199995756149292,-2.5809462727297383,-0.9115139245986938,-0.4112691283226013,0.0,0.0,0.0,0.0,28.0,28.0,28.0,0.0,1.0,21.0,0.0,0.0,1.0,0.0,1.0,0.0,0.0,0.0,7.52,182.56729992572218,0.3885999321937561,130.34260005224496,43.0019999621436,18.179000006057322,4.0,4.881700035184622,2.9855000320822,0.9232999291270971,0.000500003807246685
1,189,189,4.628797667311767,0,0,2.0,4.0,1.0,1.0,1.0,0.5301669836044312,1.0,1.0,1.0,1.0,0.47405990958213806,1.0,1.0,1.0,0.47405990958213806,1.0,0.5301669836044312,0.47405990958213806,1.0,0.0,1.0,0.20923660695552826,1.0,0.1933300644159317,0.4588201940059662,-0.6398696899414062,0.0,0.02366551384329796,0.8691787123680115,-0.494498074054718,0.0,0.0,0.0,0.0,0.0,0.0,129.6905975341797,11.851497650146484,25.0,13.25417423248291,25.0,11.851497650146484,0.0,1.0,0.4740599060058594,1.0,0.0,0.0,0.0,0.0,0.0,1.465600073337555,0.5925647045517672,0.7736557829380035,1.7769771064844422,0.02,-0.0,-0.008608595809292548,-0.0026200238337888613,0.0,0.15,-0.0,0.0,0.0,-0.0,0.0,0.0,0.0,0.0,0.35,0.0,0.0,0.0,0.0,0.0,0.0,0.0,0.0,0.25,-0.0,-1.460693359375,0.0,0.46560007333755493,-0.0,-0.182586669921875,-0.182586669921875,-0.05,0.5436557829380035,0.3624371886253357,0.2,0.0,-0.0,-0.0,-0.0,0.8,1.0,-0.0,0.0,-0.0,-0.0,0.0,0.0,0.0,0.45379332419484864,-0.0,-0.0,-0.023022893515557936,0.02,0.0,0.0,0.0,0.0,0.0,0.0,0.3624371886253357,32.673119342029096,32.4,1.0,0.0,0.0,1.0,2.0,4.0,0.0,1.0,0.0,1.0,0.0,0.0,0.0,0.0,0.0,0.0,0.0,0.0,0.0,0.0,0.0,0.0,0.0,0.0,0.0,0.0,0.0,0.0,0.0,83.16622924804688,37.47627258300781,82.89521789550781,37.306114196777344,-0.2710113525390625,-0.17015838623046875,0.32000160217285156,-2.580936201667286,-0.9117102026939392,-0.41083383560180664,0.0,0.0,0.0,0.0,28.0,28.0,28.0,0.0,1.0,21.0,1.0,0.0,1.0,0.0,1.0,0.0,0.0,0.0,7.56,227.46419999748468,0.6339000537991524,167.6844999892637,46.564699965529144,27.115800068713725,4.0,6.742600002326071,4.368199966847897,1.4276000438258052,0.0004998873919248581
1,190,190,5.343206007187266,0,0,2.0,4.0,1.0,1.0,1.0,0.5301669836044312,1.0,1.0,1.0,1.0,0.47405990958213806,1.0,1.0,1.0,0.47405990958213806,1.0,0.5301669836044312,0.47405990958213806,1.0,0.0,1.0,0.20519596338272095,1.0,0.18986354768276215,0.4667588472366333,0.48238301277160645,0.0,0.02366551384329796,0.8683006763458252,-0.4960382580757141,0.0,0.0,0.0,0.0,0.0,0.0,129.50950622558594,12.576791763305664,25.0,13.766956329345703,25.0,12.576791763305664,0.0,1.0,0.5030716705322266,1.0,0.0,0.0,0.0,0.0,0.0,1.4699347615242004,1.2839490631269408,0.7693221825361252,1.8,0.02,-0.0,-0.0072824736104529384,-0.001960237754758429,0.7003433227539063,0.15,-0.0,0.0,0.0,-0.0,0.0,0.0,0.0,0.0,0.35,0.0,0.0,0.0,0.0,0.0,0.0,0.0,0.0,0.25,-0.0,-1.44873046875,0.0,0.46993476152420044,-0.0,-0.18109130859375,-0.18109130859375,-0.05,0.5393221825361252,0.3595481216907501,0.2,0.0,-0.0,-0.0,-0.0,0.8,1.0,-0.0,0.0,-0.0,-0.0,0.0,0.0,0.0,0.44284845173824583,-0.0,-0.0,-0.0,0.02,0.0,0.0,0.0,0.0,0.0,0.0,0.3595481216907501,31.885088525153698,32.4,0.0,0.6,0.0,1.0,2.0,4.0,0.0,1.0,0.0,1.0,0.0,0.0,0.0,0.0,0.0,0.0,0.0,0.0,0.0,0.0,0.0,0.0,0.0,0.0,0.0,0.0,0.0,0.0,0.0,82.89539337158203,37.30628967285156,82.62438201904297,37.136131286621094,-0.2710113525390625,-0.17015838623046875,0.32000160217285156,-2.580936201667286,-0.9119076132774353,-0.41039541363716125,0.0,0.0,0.0,0.0,28.0,28.0,28.0,0.0,1.0,21.0,0.0,0.0,1.0,0.0,1.0,0.0,0.0,0.0,7.6,224.26940000150353,0.701499986462295,157.511500059627,52.902599913068116,23.737300070933998,4.0,6.852200021967292,4.89069998729974,1.3687999453395605,0.000700005330145359
1,191,191,4.649128526224435,0,0,2.0,4.0,1.0,1.0,1.0,0.5506782531738281,1.0,1.0,1.0,1.0,0.503071665763855,1.0,1.0,1.0,0.503071665763855,1.0,0.5506782531738281,0.503071665763855,1.0,0.0,1.0,0.20117980241775513,1.0,0.18640777468681335,0.4555012583732605,-0.6840545535087585,0.0,0.011157194152474403,0.8678613901138306,-0.49680641293525696,0.0,0.0,0.0,0.0,0.0,0.0,129.32984924316406,12.576791763305664,25.0,13.766956329345703,25.0,12.576791763305664,0.0,1.0,0.5030716705322266,1.0,0.0,0.0,0.0,0.0,0.0,1.4740629196166992,0.5930032319948193,0.7701331931352615,1.791929181477655,0.02,-0.0,-0.0072824736104529384,-0.001960237754758429,0.0,0.15,-0.0,0.0,0.0,-0.0,0.0,0.0,0.0,0.0,0.35,0.0,0.0,0.0,0.0,0.0,0.0,0.0,0.0,0.25,-0.0,-1.437255859375,0.0,0.4740629196166992,-0.0,-0.179656982421875,-0.179656982421875,-0.05,0.5401331931352615,0.3600887954235077,0.2,0.0,-0.0,-0.0,-0.0,0.8,1.0,-0.0,0.0,-0.0,-0.0,0.0,0.0,0.0,0.45224594336003066,-0.0,-0.0,-0.008070818522345105,0.02,0.0,0.0,0.0,0.0,0.0,0.0,0.3600887954235077,32.561707921922206,32.4,1.0,0.0,0.0,1.0,2.0,4.0,0.0,1.0,0.0,1.0,0.0,0.0,0.0,0.0,0.0,0.0,0.0,0.0,0.0,0.0,0.0,0.0,0.0,0.0,0.0,0.0,0.0,0.0,0.0,82.62455749511719,37.13630676269531,82.35355377197266,36.96614456176758,-0.27100372314453125,-0.17016220092773438,0.3199971914291382,-2.5809134311342534,-0.9121062755584717,-0.40995389223098755,0.0,0.0,0.0,0.0,28.0,28.0,28.0,0.0,1.0,21.0,0.0,0.0,1.0,0.0,1.0,0.0,0.0,0.0,7.64,209.39730003010482,0.519599998369813,159.233900019899,41.69270000420511,16.023900010623038,4.0,4.474499961361289,2.6536000659689307,0.7923999801278114,0.000600004568696022
1,192,192,4.472733818335274,0,0,2.0,3.0,1.0,1.0,1.0,0.5506782531738281,1.0,1.0,1.0,1.0,0.503071665763855,1.0,1.0,1.0,0.503071665763855,1.0,0.5506782531738281,0.503071665763855,1.0,0.0,1.0,0.19715817272663116,1.0,0.1829351931810379,0.46516725420951843,0.5873432159423828,0.0,0.011157194152474403,0.8674319982528687,-0.49755579233169556,0.0,0.0,0.0,0.0,0.0,0.0,129.1514892578125,12.637933731079102,25.0,14.28293514251709,25.0,12.637933731079102,0.0,1.0,0.505517349243164,1.0,0.0,0.0,0.0,0.0,0.0,1.4774844646453857,1.0183765161464013,0.741872860789299,1.2149999767541886,0.02,-0.0,-0.0061583217808678405,-0.0019128781300313106,0.4372398376464844,0.15,-0.0,0.0,0.0,-0.0,0.0,0.0,0.0,0.0,0.35,0.0,0.0,0.0,0.0,0.0,0.0,0.0,0.0,0.25,-0.0,-1.4268798828125,0.0,0.47748446464538574,-0.0,-0.1783599853515625,-0.1783599853515625,-0.05,0.5358728617429733,0.35724857449531555,0.2,0.0,-0.0,-0.0,-0.0,0.5599999904632569,0.699999988079071,-0.0,0.0,-0.0,-0.0,0.0,0.0,0.0,0.4392078784108162,-0.04500000178813934,-0.0,-0.0,0.02,0.0,0.0,0.0,0.0,0.0,0.0,0.35724857449531555,31.622967245578767,32.4,0.0,0.6,0.0,0.699999988079071,2.0,3.0,0.0,0.699999988079071,0.0,0.699999988079071,0.0,0.0,0.0,0.0,0.0,0.0,0.0,0.0,0.0,0.0,0.0,0.0,0.0,0.0,0.0,0.0,0.0,0.0,0.0,82.35372924804688,36.9663200378418,82.08272552490234,36.7961540222168,-0.27100372314453125,-0.170166015625,0.31999921798706055,-2.580903309592227,-0.912306010723114,-0.4095090329647064,0.0,0.0,0.0,0.0,28.0,28.0,28.0,0.0,1.0,21.0,0.0,0.0,1.0,0.0,1.0,0.0,0.0,0.0,7.68,245.17350003588945,0.7167999865487218,143.63010006491095,91.7568999575451,59.68009994830936,4.0,4.673599964007735,3.0103999888524413,1.3414999702945352,0.000700005330145359
1,193,193,5.2799873577388405,0,0,2.0,4.0,1.0,1.0,1.0,0.5713174343109131,1.0,1.0,1.0,1.0,0.5055173635482788,1.0,1.0,1.0,0.5055173635482788,1.0,0.5713174343109131,0.5055173635482788,1.0,0.0,1.0,0.1931597739458084,1.0,0.17947275936603546,0.45175668597221375,-0.8148790597915649,0.0,0.0063135758973658085,0.8672516345977783,-0.4978700876235962,0.0,0.0,0.0,0.0,0.0,0.0,128.97470092773438,13.269142150878906,25.0,14.796967506408691,25.0,13.269142150878906,0.0,1.0,0.5307656860351563,1.0,0.0,0.0,0.0,0.0,0.0,1.482161819934845,1.2561608003409988,0.7666647392511368,1.7549999982118607,0.02,-0.0,-0.005215076064341899,-0.0014860559757157205,0.6637092590332032,0.15,-0.0,0.0,0.0,-0.0,0.0,0.0,0.0,0.0,0.35,0.0,0.0,0.0,0.0,0.0,0.0,0.0,0.0,0.25,-0.0,-1.414306640625,0.0,0.48216181993484497,-0.0,-0.176788330078125,-0.176788330078125,-0.05,0.5366647392511368,0.3577764928340912,0.2,0.0,-0.0,-0.0,-0.0,0.8,1.0,-0.0,0.0,-0.0,-0.0,0.0,0.0,0.0,0.4491526733478532,-0.04500000178813934,-0.0,-0.0,0.02,0.0,0.0,0.0,0.0,0.0,0.0,0.3577764928340912,32.33899248104543,32.4,1.0,0.0,0.0,1.0,2.0,4.0,0.0,1.0,0.0,1.0,0.0,0.0,0.0,0.0,0.0,0.0,0.0,0.0,0.0,0.0,0.0,0.0,0.0,0.0,0.0,0.0,0.0,0.0,0.0,82.08290100097656,36.79633331298828,81.81189727783203,36.626163482666016,-0.27100372314453125,-0.17016983032226562,0.3200012445449829,-2.580893238528812,-0.9125070571899414,-0.4090609848499298,0.0,0.0,0.0,0.0,28.0,28.0,28.0,0.0,1.0,21.0,0.0,0.0,1.0,0.0,1.0,0.0,0.0,0.0,7.72,234.29880000185221,0.7926999824121594,160.45399999711663,64.15600003674626,22.01939991209656,4.0,4.615100100636482,3.403899958357215,0.8297000313177705,0.000400003045797348
1,194,194,4.611771931863253,0,0,2.0,4.0,1.0,1.0,1.0,0.5918787121772766,1.0,1.0,1.0,1.0,0.5307657122612,1.0,1.0,1.0,0.5307657122612,1.0,0.5918787121772766,0.5307657122612,1.0,0.0,1.0,0.18915662169456482,1.0,0.1759941726922989,0.46198561787605286,0.621549665927887,0.0,0.007843313738703728,0.8669692873954773,-0.4983615279197693,0.0,0.0,0.0,0.0,0.0,0.0,128.80247497558594,13.269142150878906,25.0,14.796967506408691,25.0,13.269142150878906,0.0,1.0,0.5307656860351563,1.0,0.0,0.0,0.0,0.0,0.0,1.498709261417389,0.6005829867026244,0.7773731011152267,1.7151065826280136,0.02,-0.0,-0.005215076064341899,-0.0014860559757157205,0.0,0.15,-0.0,0.0,0.0,-0.0,0.0,0.0,0.0,0.0,0.35,0.0,0.0,0.0,0.0,0.0,0.0,0.0,0.0,0.25,-0.0,-1.3778076171875,0.0,0.4987092614173889,-0.0,-0.1722259521484375,-0.1722259521484375,-0.05,0.5473731011152267,0.3649154007434845,0.2,0.0,-0.0,-0.0,-0.0,0.8,1.0,-0.0,0.0,-0.0,-0.0,0.0,0.0,0.0,0.45728411874268204,-0.0,-0.0,-0.08489341737198643,0.02,0.0,0.0,0.0,0.0,0.0,0.0,0.3649154007434845,32.924456549473106,32.4,1.0,0.0,0.0,1.0,2.0,4.0,0.0,1.0,0.0,1.0,0.0,0.0,0.0,0.0,0.0,0.0,0.0,0.0,0.0,0.0,0.0,0.0,0.0,0.0,0.0,0.0,0.0,0.0,0.0,81.81208038330078,36.6263427734375,81.54108428955078,36.45616912841797,-0.27099609375,-0.17017364501953125,0.31999680399894714,-2.580870449212254,-0.9127092957496643,-0.40860962867736816,0.0,0.0,0.0,0.0,28.0,28.0,28.0,0.0,1.0,21.0,0.0,0.0,1.0,0.0,1.0,0.0,0.0,0.0,7.76,179.8410000046715,0.6776000373065472,159.07170006539673,11.090700048953295,7.960399962030351,4.0,5.003200029022992,3.231200040318072,0.7365999044850469,0.000500003807246685
1,195,195,5.311874624575337,0,0,2.0,4.0,1.0,1.0,1.0,0.5918787121772766,1.0,1.0,1.0,1.0,0.5307657122612,1.0,1.0,1.0,0.5307657122612,1.0,0.5918787121772766,0.5307657122612,1.0,0.0,1.0,0.18510402739048004,1.0,0.172453835606575,0.47034937143325806,0.5082153081893921,0.0,0.007843313738703728,0.8667221069335938,-0.49879130721092224,0.0,0.0,0.0,0.0,0.0,0.0,128.63137817382812,13.792936325073242,25.0,15.318916320800781,25.0,13.792936325073242,0.0,1.0,0.5517174530029297,1.0,0.0,0.0,0.0,0.0,0.0,1.5014686584472656,1.2172836745631301,0.7731222915649414,1.8,0.02,-0.0,-0.004409156020703606,-0.0012051547050396896,0.6270767211914063,0.15,-0.0,0.0,0.0,-0.0,0.0,0.0,0.0,0.0,0.35,0.0,0.0,0.0,0.0,0.0,0.0,0.0,0.0,0.25,-0.0,-1.3687744140625,0.0,0.5014686584472656,-0.0,-0.1710968017578125,-0.1710968017578125,-0.05,0.5431222915649414,0.36208152770996094,0.2,0.0,-0.0,-0.0,-0.0,0.8,1.0,-0.0,0.0,-0.0,-0.0,0.0,0.0,0.0,0.44582126409746703,-0.0,-0.0,-0.0,0.02,0.0,0.0,0.0,0.0,0.0,0.0,0.36208152770996094,32.099131015017626,32.4,0.0,0.6,0.0,1.0,2.0,4.0,0.0,1.0,0.0,1.0,0.0,0.0,0.0,0.0,0.0,0.0,0.0,0.0,0.0,0.0,0.0,0.0,0.0,0.0,0.0,0.0,0.0,0.0,0.0,81.54126739501953,36.45634841918945,81.27027130126953,36.28616714477539,-0.27099609375,-0.1701812744140625,0.32000085711479187,-2.580850256607972,-0.9129127264022827,-0.4081548750400543,0.0,0.0,0.0,0.0,28.0,28.0,28.0,0.0,1.0,21.0,0.0,0.0,1.0,0.0,1.0,0.0,0.0,0.0,7.8,227.6035000104457,0.62369997613132,153.33760005887598,65.116599900648,27.07479998935014,4.0,5.12039999011904,2.6395999593660235,0.709500047378242,0.000400003045797348
1,196,196,4.079091709385039,0,0,2.0,3.0,1.0,1.0,1.0,0.6127566695213318,1.0,1.0,1.0,1.0,0.5517174601554871,1.0,1.0,1.0,0.5517174601554871,1.0,0.6127566695213318,0.5517174601554871,1.0,0.0,1.0,0.18107379972934723,1.0,0.16892343759536743,0.4585590064525604,-0.7164283990859985,0.0,0.00028967935941182077,0.8666988015174866,-0.49883177876472473,0.0,0.0,0.0,0.0,0.0,0.0,128.46124267578125,13.792936325073242,25.0,15.318916320800781,25.0,13.792936325073242,0.0,1.0,0.5517174530029297,1.0,0.0,0.0,0.0,0.0,0.0,1.503543198108673,0.5959296662973591,0.7484330523014069,1.2111857926775997,0.02,-0.0,-0.004409156020703606,-0.0012051547050396896,0.0,0.15,-0.0,0.0,0.0,-0.0,0.0,0.0,0.0,0.0,0.35,0.0,0.0,0.0,0.0,0.0,0.0,0.0,0.0,0.25,-0.0,-1.361083984375,0.0,0.5035431981086731,-0.0,-0.170135498046875,-0.170135498046875,-0.05,0.5424330532550812,0.36162203550338745,0.2,0.0,-0.0,-0.0,-0.0,0.5599999904632569,0.699999988079071,-0.0,0.0,-0.0,-0.0,0.0,0.0,0.0,0.4515439770231024,-0.04500000178813934,-0.0,-0.003814184076588845,0.02,0.0,0.0,0.0,0.0,0.0,0.0,0.36162203550338745,32.51116634566337,32.4,0.7326086850269979,0.0,0.0,0.699999988079071,2.0,3.0,0.0,0.699999988079071,0.0,0.699999988079071,0.0,0.0,0.0,0.0,0.0,0.0,0.0,0.0,0.0,0.0,0.0,0.0,0.0,0.0,0.0,0.0,0.0,0.0,0.0,81.27045440673828,36.286346435546875,80.99945831298828,36.11616134643555,-0.27099609375,-0.17018508911132812,0.32000288367271423,-2.580840135067757,-0.9131174087524414,-0.4076966941356659,0.0,0.0,0.0,0.0,28.0,28.0,28.0,0.0,1.0,21.0,0.0,0.0,1.0,0.0,1.0,0.0,0.0,0.0,7.84,175.83939991891384,0.534699996933341,151.18950000032783,15.616799937561154,12.189199915155768,4.0,4.851599922403693,2.9573000501841307,0.6638000486418605,0.000500003807246685
1,197,197,5.211628131586461,0,0,2.0,4.0,1.0,1.0,1.0,0.6127566695213318,1.0,1.0,1.0,1.0,0.5517174601554871,1.0,1.0,1.0,0.5517174601554871,1.0,0.6127566695213318,0.5517174601554871,1.0,0.0,1.0,0.17704445123672485,1.0,0.1653832346200943,0.46444523334503174,0.35766956210136414,0.0,0.00028967935941182077,0.86654132604599,-0.4991053342819214,0.0,0.0,0.0,0.0,0.0,0.0,128.26747131347656,14.202664375305176,25.0,15.840057373046875,25.0,14.202664375305176,0.0,1.0,0.5681065750122071,1.0,0.0,0.0,0.0,0.0,0.0,1.5025715827941895,1.1669981524528557,0.7670583981275558,1.7549999982118607,0.02,-0.0,-0.003732892016438501,-0.0010229767142936484,0.5808040618896485,0.15,-0.0,0.0,0.0,-0.0,0.0,0.0,0.0,0.0,0.35,0.0,0.0,0.0,0.0,0.0,0.0,0.0,0.0,0.25,-0.0,-1.5501708984375,0.0,0.5025715827941895,-0.0,-0.1937713623046875,-0.1937713623046875,-0.05,0.5370583981275558,0.35803893208503723,0.2,0.0,-0.0,-0.0,-0.0,0.8,1.0,-0.0,0.0,-0.0,-0.0,0.0,0.0,0.0,0.4409499592939392,-0.04500000178813934,-0.0,-0.0,0.02,0.0,0.0,0.0,0.0,0.0,0.0,0.35803893208503723,31.748397069163623,32.4,0.0,0.6,0.0,1.0,2.0,4.0,0.0,1.0,0.0,1.0,0.0,0.0,0.0,0.0,0.0,0.0,0.0,0.0,0.0,0.0,0.0,0.0,0.0,0.0,0.0,0.0,0.0,0.0,0.0,80.99964141845703,36.11634063720703,80.68805694580078,36.0434455871582,-0.31158447265625,-0.07289505004882812,0.31999775767326355,-2.911776387285446,-0.9133233428001404,-0.40723511576652527,0.0,0.0,0.0,0.0,28.0,28.0,28.0,0.0,1.0,20.0,0.0,0.0,1.0,0.0,1.0,0.0,0.0,0.0,7.88,191.00560003425926,0.646800035610795,135.90519991703331,45.063700061291456,27.210499974898994,4.0,4.827599972486496,3.7935000145807862,0.7434000726789236,0.000400003045797348
1,198,198,4.074981004385612,0,0,2.0,3.0,1.0,1.0,1.0,0.6336023211479187,1.0,1.0,1.0,1.0,0.5681065917015076,1.0,1.0,1.0,0.5681065917015076,1.0,0.6336023211479187,0.5681065917015076,1.0,0.0,1.0,0.17385488748550415,1.0,0.16264908015727997,0.45354852080345154,-0.6621261239051819,0.0,-0.0002055904915323481,0.8665359616279602,-0.4991146922111511,0.0,0.0,0.0,0.0,0.0,0.0,128.0741729736328,14.202664375305176,25.0,15.840057373046875,25.0,14.202664375305176,0.0,1.0,0.5681065750122071,1.0,0.0,0.0,0.0,0.0,0.0,1.5048051476478577,0.5926668886229015,0.7425089913606644,1.2149999767541886,0.02,-0.0,-0.003732892016438501,-0.0010229767142936484,0.0,0.15,-0.0,0.0,0.0,-0.0,0.0,0.0,0.0,0.0,0.35,0.0,0.0,0.0,0.0,0.0,0.0,0.0,0.0,0.25,-0.0,-1.54638671875,0.0,0.5048051476478577,-0.0,-0.19329833984375,-0.19329833984375,-0.05,0.5365089923143387,0.35767266154289246,0.2,0.0,-0.0,-0.0,-0.0,0.5599999904632569,0.699999988079071,-0.0,0.0,-0.0,-0.0,0.0,0.0,0.0,0.4474227573536337,-0.04500000178813934,-0.0,-0.0,0.02,0.0,0.0,0.0,0.0,0.0,0.0,0.35767266154289246,32.214438529461624,32.4,0.7326086850269979,0.0,0.0,0.699999988079071,2.0,3.0,0.0,0.699999988079071,0.0,0.699999988079071,0.0,0.0,0.0,0.0,0.0,0.0,0.0,0.0,0.0,0.0,0.0,0.0,0.0,0.0,0.0,0.0,0.0,0.0,0.0,80.68836212158203,36.04396438598633,80.37677764892578,35.971046447753906,-0.31158447265625,-0.07291793823242188,0.3200029730796814,-2.9117067433712194,-0.9130436182022095,-0.4078619182109833,0.0,0.0,0.0,0.0,28.0,28.0,28.0,0.0,1.0,20.0,0.0,0.0,1.0,0.0,1.0,0.0,0.0,0.0,7.92,193.12800001353025,0.584400026127696,154.51699995901436,21.754099987447262,10.691700037568808,4.0,8.72819998767227,5.793200107291341,1.7161000287160277,0.000500003807246685
1,199,199,5.2423982889629315,0,0,2.0,4.0,1.0,1.0,1.0,0.6336023211479187,1.0,1.0,1.0,1.0,0.5681065917015076,1.0,1.0,1.0,0.5681065917015076,1.0,0.6336023211479187,0.5681065917015076,1.0,0.0,1.0,0.17066551744937897,1.0,0.159906268119812,0.4602062702178955,0.40454986691474915,0.0,-0.0002055904915323481,0.866428017616272,-0.4993019700050354,0.0,0.0,0.0,0.0,0.0,0.0,127.88443756103516,14.718257904052734,25.0,16.35776138305664,25.0,14.718257904052734,0.0,1.0,0.5887303161621094,1.0,0.0,0.0,0.0,0.0,0.0,1.5189051628112793,1.2219739289702911,0.7762222546339035,1.7052969425474584,0.02,-0.0,-0.003167901410832597,-0.0008323346570819646,0.620400619506836,0.15,-0.0,0.0,0.0,-0.0,0.0,0.0,0.0,0.0,0.35,0.0,0.0,0.0,0.0,0.0,0.0,0.0,0.0,0.25,-0.0,-1.51788330078125,0.0,0.5189051628112793,-0.0,-0.18973541259765625,-0.18973541259765625,-0.05,0.5462222546339035,0.36414816975593567,0.2,0.0,-0.0,-0.0,-0.0,0.8,1.0,-0.0,0.0,-0.0,-0.0,0.0,0.0,0.0,0.45557354553136975,-0.04500000178813934,-0.0,-0.04970305566440234,0.02,0.0,0.0,0.0,0.0,0.0,0.0,0.36414816975593567,32.80129527825862,32.4,1.0,0.0,0.0,1.0,2.0,4.0,0.0,1.0,0.0,1.0,0.0,0.0,0.0,0.0,0.0,0.0,0.0,0.0,0.0,0.0,0.0,0.0,0.0,0.0,0.0,0.0,0.0,0.0,0.0,80.3769302368164,35.97142028808594,80.06535339355469,35.89848709106445,-0.31157684326171875,-0.07293319702148438,0.3199990391731262,-2.911654883580857,-0.9127618670463562,-0.4084920883178711,0.0,0.0,0.0,0.0,28.0,28.0,28.0,0.0,1.0,20.0,0.0,0.0,1.0,0.0,1.0,0.0,0.0,0.0,7.96,222.91090001817793,0.5709999240934849,149.90650000981987,63.79310006741434,34.64130009524524,4.0,4.84210008289665,2.9015999753028154,0.8567000040784478,0.000500003807246685
1,200,200,6.853501710422806,0,0,2.0,4.0,1.0,1.0,1.0,0.6543104648590088,1.0,1.0,1.0,1.0,0.5887303352355957,1.0,1.0,1.0,0.5887303352355957,1.0,0.6543104648590088,0.5887303352355957,1.0,0.0,1.0,0.1674291342496872,1.0,0.1571066528558731,0.4685899317264557,0.5094242691993713,0.0,0.002741101663559675,0.8663281798362732,-0.4994752109050751,0.0,0.0,0.0,0.0,0.0,0.0,127.69529724121094,15.168133735656738,25.0,16.881301879882812,25.0,15.168133735656738,0.0,1.0,0.6067253494262695,1.0,0.0,0.0,0.0,0.0,0.0,1.5209358930587769,1.1905986191113522,2.3219671982526777,1.8,0.02,-0.0,-0.002687555165069017,-0.0006952588758000106,0.5987827301025391,0.15,-0.0,0.0,0.0,-0.0,0.0,0.0,0.0,0.0,0.35,0.0,0.0,0.0,0.0,0.0,0.0,0.0,0.0,0.25,-0.0,-1.51312255859375,0.0,0.5209358930587769,-0.0,-0.18914031982421875,-0.18914031982421875,1.5,0.5419671982526779,0.3613114655017853,0.2,0.0,-0.0,-0.0,-0.0,0.8,1.0,-0.0,0.0,-0.0,-0.0,0.0,0.0,0.0,0.4451987030496821,-0.0,-0.0,-0.0,0.02,0.0,0.0,0.0,0.0,0.0,0.0,0.3613114655017853,32.05430661957711,32.4,0.0,0.6,0.0,1.0,2.0,4.0,0.0,1.0,0.0,1.0,0.0,0.0,0.0,0.0,0.0,0.0,0.0,0.0,0.0,0.0,0.0,0.0,0.0,0.0,0.0,0.0,0.0,0.0,0.0,80.0655517578125,35.898704528808594,79.75397491455078,35.82575988769531,-0.31157684326171875,-0.07294464111328125,0.32000163197517395,-2.9116200679559565,-0.9124784469604492,-0.4091247022151947,0.0,0.0,0.0,0.0,28.0,28.0,28.0,0.0,1.0,20.0,0.0,0.0,1.0,0.0,1.0,0.0,0.0,0.0,8.0,167.466799961403,0.4243999719619751,129.8261999618262,30.53600003477186,15.83529997151345,4.0,4.2120999423787,1.7890000017359853,0.6385999731719494,0.000500003807246685
1,201,201,4.687385121244255,0,0,2.0,4.0,1.0,1.0,1.0,0.6752520799636841,1.0,1.0,1.0,1.0,0.6067253351211548,1.0,1.0,1.0,0.6067253351211548,1.0,0.6752520799636841,0.6067253351211548,1.0,0.0,1.0,0.16421517729759216,1.0,0.15431909263134003,0.4579186737537384,-0.6484276652336121,0.0,-0.000609956041444093,0.8663662672042847,-0.49940913915634155,0.0,0.0,0.0,0.0,0.0,0.0,127.5072250366211,15.168133735656738,25.0,16.881301879882812,25.0,15.168133735656738,0.0,1.0,0.6067253494262695,1.0,0.0,0.0,0.0,0.0,0.0,1.5249192714691162,0.6010440892647062,0.7727777171134949,1.7686440433969388,0.02,-0.0,-0.002687555165069017,-0.0006952588758000106,0.0,0.15,-0.0,0.0,0.0,-0.0,0.0,0.0,0.0,0.0,0.35,0.0,0.0,0.0,0.0,0.0,0.0,0.0,0.0,0.25,-0.0,-1.50457763671875,0.0,0.5249192714691162,-0.0,-0.18807220458984375,-0.18807220458984375,-0.05,0.5427777171134949,0.3618518114089966,0.2,0.0,-0.0,-0.0,-0.0,0.8,1.0,-0.0,0.0,-0.0,-0.0,0.0,0.0,0.0,0.4544269033055753,-0.0,-0.0,-0.031355956603061196,0.02,0.0,0.0,0.0,0.0,0.0,0.0,0.3618518114089966,32.71873703800142,32.4,1.0,0.0,0.0,1.0,2.0,4.0,0.0,1.0,0.0,1.0,0.0,0.0,0.0,0.0,0.0,0.0,0.0,0.0,0.0,0.0,0.0,0.0,0.0,0.0,0.0,0.0,0.0,0.0,0.0,79.75418853759766,35.82592010498047,79.44261169433594,35.75297164916992,-0.31157684326171875,-0.07294845581054688,0.3200024962425232,-2.9116084579124686,-0.9121930003166199,-0.4097609519958496,0.0,0.0,0.0,0.0,28.0,28.0,28.0,0.0,1.0,20.0,0.0,0.0,1.0,0.0,1.0,0.0,0.0,0.0,8.04,158.83359999861568,0.8877000072970986,113.3970000082627,35.86039994843304,13.609100016765296,4.0,5.020400043576956,2.418600022792816,1.2113000266253948,0.000600004568696022
1,202,202,5.324679760924017,0,0,2.0,4.0,1.0,1.0,1.0,0.6752520799636841,1.0,1.0,1.0,1.0,0.6067253351211548,1.0,1.0,1.0,0.6067253351211548,1.0,0.6752520799636841,0.6067253351211548,1.0,0.0,1.0,0.16099639236927032,1.0,0.15151743590831757,0.46741053462028503,0.5767624974250793,0.0,-0.000609956041444093,0.8662270307540894,-0.49965065717697144,0.0,0.0,0.0,0.0,0.0,0.0,127.31941223144531,15.683632850646973,25.0,17.40113639831543,25.0,15.683632850646973,0.0,1.0,0.6273453140258789,1.0,0.0,0.0,0.0,0.0,0.0,1.5256406664848328,1.21055930434767,0.7684797900915146,1.8,0.02,-0.0,-0.002286744322058576,-0.0005657117163512476,0.6220672607421875,0.15,-0.0,0.0,0.0,-0.0,0.0,0.0,0.0,0.0,0.35,0.0,0.0,0.0,0.0,0.0,0.0,0.0,0.0,0.25,-0.0,-1.50250244140625,0.0,0.5256406664848328,-0.0,-0.18781280517578125,-0.18781280517578125,-0.05,0.5384797900915146,0.3589865267276764,0.2,0.0,-0.0,-0.0,-0.0,0.8,1.0,-0.0,0.0,-0.0,-0.0,0.0,0.0,0.0,0.4413444996438921,-0.0,-0.0,-0.0,0.02,0.0,0.0,0.0,0.0,0.0,0.0,0.3589865267276764,31.77680397436023,32.4,0.0,0.6,0.0,1.0,2.0,4.0,0.0,1.0,0.0,1.0,0.0,0.0,0.0,0.0,0.0,0.0,0.0,0.0,0.0,0.0,0.0,0.0,0.0,0.0,0.0,0.0,0.0,0.0,0.0,79.44283294677734,35.75310516357422,79.13126373291016,35.68014907836914,-0.3115692138671875,-0.07295608520507812,0.31999680399894714,-2.911579802778481,-0.91190505027771,-0.41040125489234924,0.0,0.0,0.0,0.0,28.0,28.0,28.0,0.0,1.0,20.0,0.0,0.0,1.0,0.0,1.0,0.0,0.0,0.0,8.08,164.4084999570623,0.5604999605566263,106.47530003916472,48.731999937444925,26.956900022923946,4.0,4.713300033472478,2.6018000207841396,1.2895999243482947,0.000700005330145359
1,203,203,4.713481159029102,0,0,2.0,4.0,1.0,1.0,1.0,0.696045458316803,1.0,1.0,1.0,1.0,0.6273453235626221,1.0,1.0,1.0,0.6273453235626221,1.0,0.696045458316803,0.6273453235626221,1.0,0.0,1.0,0.1577993482351303,1.0,0.14872770011425018,0.4539543390274048,-0.8176502585411072,0.0,-0.0010731439106166363,0.8662553429603577,-0.49960148334503174,0.0,0.0,0.0,0.0,0.0,0.0,127.13228607177734,15.683632850646973,25.0,17.40113639831543,25.0,15.683632850646973,0.0,1.0,0.6273453140258789,1.0,0.0,0.0,0.0,0.0,0.0,1.528084635734558,0.598322251732869,0.7692821729183197,1.7977920986433553,0.02,-0.0,-0.002286744322058576,-0.0005657117163512476,0.0,0.15,-0.0,0.0,0.0,-0.0,0.0,0.0,0.0,0.0,0.35,0.0,0.0,0.0,0.0,0.0,0.0,0.0,0.0,0.25,-0.0,-1.49700927734375,0.0,0.5280846357345581,-0.0,-0.18712615966796875,-0.18712615966796875,-0.05,0.5392821729183197,0.35952144861221313,0.2,0.0,-0.0,-0.0,-0.0,0.8,1.0,-0.0,0.0,-0.0,-0.0,0.0,0.0,0.0,0.4511747077712789,-0.0,-0.0,-0.002207901356644798,0.02,0.0,0.0,0.0,0.0,0.0,0.0,0.35952144861221313,32.48457895953208,32.4,1.0,0.0,0.0,1.0,2.0,4.0,0.0,1.0,0.0,1.0,0.0,0.0,0.0,0.0,0.0,0.0,0.0,0.0,0.0,0.0,0.0,0.0,0.0,0.0,0.0,0.0,0.0,0.0,0.0,79.1314926147461,35.68027114868164,78.8199234008789,35.6073112487793,-0.3115692138671875,-0.07295989990234375,0.3199976980686188,-2.9115682081634136,-0.911614716053009,-0.41104570031166077,0.0,0.0,0.0,0.0,28.0,28.0,28.0,0.0,1.0,20.0,0.0,0.0,1.0,0.0,1.0,0.0,0.0,0.0,8.12,162.9275999730453,0.6206999532878399,109.77940005250275,43.081800104118884,25.533100008033216,4.0,4.8774000024423,3.760599996894598,0.7685000309720635,0.000400003045797348
1,204,204,5.320194769434439,0,0,2.0,4.0,1.0,1.0,1.0,0.696045458316803,1.0,1.0,1.0,1.0,0.6273453235626221,1.0,1.0,1.0,0.6273453235626221,1.0,0.696045458316803,0.6273453235626221,1.0,0.0,1.0,0.1545959860086441,1.0,0.1459229439496994,0.46406540274620056,0.6143879890441895,0.0,-0.0010731439106166363,0.8661553859710693,-0.4997747540473938,0.0,0.0,0.0,0.0,0.0,0.0,126.94515228271484,16.19631576538086,25.0,17.91969108581543,25.0,16.19631576538086,0.0,1.0,0.6478526306152343,1.0,0.0,0.0,0.0,0.0,0.0,1.5277488827705383,1.2074645464939942,0.7649813401699066,1.8,0.02,-0.0,-0.0019504611587096805,-0.0004608218139147779,0.6199169158935547,0.15,-0.0,0.0,0.0,-0.0,0.0,0.0,0.0,0.0,0.35,0.0,0.0,0.0,0.0,0.0,0.0,0.0,0.0,0.25,-0.0,-1.4970703125,0.0,0.5277488827705383,-0.0,-0.1871337890625,-0.1871337890625,-0.05,0.5349813401699066,0.35665422677993774,0.2,0.0,-0.0,-0.0,-0.0,0.8,1.0,-0.0,0.0,-0.0,-0.0,0.0,0.0,0.0,0.43995891357306394,-0.0,-0.0,-0.0,0.02,0.0,0.0,0.0,0.0,0.0,0.0,0.35665422677993774,31.6770417772606,32.4,0.0,0.6,0.0,1.0,2.0,4.0,0.0,1.0,0.0,1.0,0.0,0.0,0.0,0.0,0.0,0.0,0.0,0.0,0.0,0.0,0.0,0.0,0.0,0.0,0.0,0.0,0.0,0.0,0.0,78.82015228271484,35.607425689697266,78.50858306884766,35.534461975097656,-0.3115692138671875,-0.07296371459960938,0.319998562335968,-2.911556584530151,-0.9113218784332275,-0.41169455647468567,0.0,0.0,0.0,0.0,28.0,28.0,28.0,0.0,1.0,20.0,0.0,0.0,1.0,0.0,1.0,0.0,0.0,0.0,8.16,171.59849999006838,0.6906000198796391,114.19049999676645,49.97449996881187,30.30620003119111,4.0,4.441399942152202,1.7307000234723091,0.5396000342443585,0.000400003045797348
1,205,205,4.713184599599609,0,0,2.0,4.0,1.0,1.0,1.0,0.7167876362800598,1.0,1.0,1.0,1.0,0.6478526592254639,1.0,1.0,1.0,0.6478526592254639,1.0,0.7167876362800598,0.6478526592254639,1.0,0.0,1.0,0.1514134258031845,1.0,0.1431296169757843,0.4525291621685028,-0.7009871602058411,0.0,-0.000945555919315666,0.8661780953407288,-0.49973544478416443,0.0,0.0,0.0,0.0,0.0,0.0,126.7591323852539,16.19631576538086,25.0,17.91969108581543,25.0,16.19631576538086,0.0,1.0,0.6478526306152343,1.0,0.0,0.0,0.0,0.0,0.0,1.531877338886261,0.5954457983586883,0.76586146235466,1.8,0.02,-0.0,-0.0019504611587096805,-0.0004608218139147779,0.0,0.15,-0.0,0.0,0.0,-0.0,0.0,0.0,0.0,0.0,0.35,0.0,0.0,0.0,0.0,0.0,0.0,0.0,0.0,0.25,-0.0,-1.4881591796875,0.0,0.531877338886261,-0.0,-0.1860198974609375,-0.1860198974609375,-0.05,0.53586146235466,0.3572409749031067,0.2,0.0,-0.0,-0.0,-0.0,0.8,1.0,-0.0,0.0,-0.0,-0.0,0.0,0.0,0.0,0.4478570813313127,-0.0,-0.0,-0.0,0.02,0.0,0.0,0.0,0.0,0.0,0.0,0.3572409749031067,32.245709855854514,32.4,1.0,0.0,0.0,1.0,2.0,4.0,0.0,1.0,0.0,1.0,0.0,0.0,0.0,0.0,0.0,0.0,0.0,0.0,0.0,0.0,0.0,0.0,0.0,0.0,0.0,0.0,0.0,0.0,0.0,78.5088119506836,35.534576416015625,78.1972427368164,35.46160888671875,-0.3115692138671875,-0.072967529296875,0.31999942660331726,-2.9115449889960123,-0.9110264182090759,-0.41234782338142395,0.0,0.0,0.0,0.0,28.0,28.0,28.0,0.0,1.0,20.0,1.0,0.0,1.0,0.0,1.0,0.0,0.0,0.0,8.2,166.96910001337528,0.6269000004976988,120.08480005897582,38.26659999322146,13.076799921691418,4.0,4.355599987320602,2.5698000099509954,1.0229999898001552,0.000400003045797348
1,206,206,5.274655519318143,0,0,2.0,4.0,1.0,1.0,1.0,0.7167876362800598,1.0,1.0,1.0,1.0,0.6478526592254639,1.0,1.0,1.0,0.6478526592254639,1.0,0.7167876362800598,0.6478526592254639,1.0,0.0,1.0,0.14822600781917572,1.0,0.14032220840454102,0.46065300703048706,0.49363547563552856,0.0,-0.000945555919315666,0.8660857677459717,-0.4998954236507416,0.0,0.0,0.0,0.0,0.0,0.0,126.57701873779297,16.68900489807129,25.0,18.43562889099121,25.0,16.68900489807129,0.0,1.0,0.6675601959228515,1.0,0.0,0.0,0.0,0.0,0.0,1.5473096370697021,1.2150358214484518,0.7765768426656723,1.7157332181343175,0.02,-0.0,-0.0016688671517990524,-0.00037839392946532055,0.6098258972167969,0.15,-0.0,0.0,0.0,-0.0,0.0,0.0,0.0,0.0,0.35,0.0,0.0,0.0,0.0,0.0,0.0,0.0,0.0,0.25,-0.0,-1.4569091796875,0.0,0.5473096370697021,-0.0,-0.1821136474609375,-0.1821136474609375,-0.05,0.5465768426656723,0.36438456177711487,0.2,0.0,-0.0,-0.0,-0.0,0.8,1.0,-0.0,0.0,-0.0,-0.0,0.0,0.0,0.0,0.4572571853129193,-0.0,-0.0,-0.08426678186568258,0.02,0.0,0.0,0.0,0.0,0.0,0.0,0.36438456177711487,32.92251734253019,32.4,1.0,0.0,0.0,1.0,2.0,4.0,0.0,1.0,0.0,1.0,0.0,0.0,0.0,0.0,0.0,0.0,0.0,0.0,0.0,0.0,0.0,0.0,0.0,0.0,0.0,0.0,0.0,0.0,0.0,78.19747161865234,35.46171951293945,77.88590240478516,35.38874435424805,-0.3115692138671875,-0.07297515869140625,0.32000118494033813,-2.911521784336639,-0.9107284545898438,-0.41300562024116516,0.0,0.0,0.0,0.0,28.0,28.0,28.0,0.0,1.0,20.0,0.0,0.0,1.0,0.0,1.0,0.0,0.0,0.0,8.24,134.13779996335506,0.4616000223904848,80.88839997071773,45.96400004811585,37.26939996704459,4.0,4.146300023421645,2.0185000030323863,0.6325999274849892,0.000400003045797348
1,207,207,5.359709729206192,0,0,2.0,4.0,1.0,1.0,1.0,0.7374251484870911,1.0,1.0,1.0,1.0,0.6675602197647095,1.0,1.0,1.0,0.6675602197647095,1.0,0.7374251484870911,0.6675602197647095,1.0,0.0,1.0,0.14498791098594666,1.0,0.13745425641536713,0.4703216850757599,0.5875064730644226,0.0,0.0019736357498914003,0.8659857511520386,-0.500068724155426,0.0,0.0,0.0,0.0,0.0,0.0,126.39556884765625,17.204742431640625,25.0,18.958065032958984,25.0,17.204742431640625,0.0,1.0,0.688189697265625,1.0,0.0,0.0,0.0,0.0,0.0,1.5495574474334717,1.217835234057534,0.772317047715187,1.8,0.02,-0.0,-0.001429032010640749,-0.00030785865982681416,0.6242439270019531,0.15,-0.0,0.0,0.0,-0.0,0.0,0.0,0.0,0.0,0.35,0.0,0.0,0.0,0.0,0.0,0.0,0.0,0.0,0.25,-0.0,-1.45159912109375,0.0,0.5495574474334717,-0.0,-0.18144989013671875,-0.18144989013671875,-0.05,0.5423170477151871,0.3615446984767914,0.2,0.0,-0.0,-0.0,-0.0,0.8,1.0,-0.0,0.0,-0.0,-0.0,0.0,0.0,0.0,0.4453281977260486,-0.0,-0.0,-0.0,0.02,0.0,0.0,0.0,0.0,0.0,0.0,0.3615446984767914,32.06363023627549,32.4,0.0,0.6,0.0,1.0,2.0,4.0,0.0,1.0,0.0,1.0,0.0,0.0,0.0,0.0,0.0,0.0,0.0,0.0,0.0,0.0,0.0,0.0,0.0,0.0,0.0,0.0,0.0,0.0,0.0,77.8861312866211,35.38885498046875,77.5745620727539,35.31587600708008,-0.3115692138671875,-0.07297897338867188,0.320002019405365,-2.911510173379717,-0.9104278087615967,-0.4136679768562317,0.0,0.0,0.0,0.0,28.0,28.0,28.0,0.0,1.0,20.0,0.0,0.0,1.0,0.0,1.0,0.0,0.0,0.0,8.28,219.18470005039126,0.6795000517740846,141.95249998010695,67.82799994107336,26.45389991812408,4.0,4.743100027553737,3.083999967202544,0.8542999858036637,0.000500003807246685
1,208,208,4.720510315618455,0,0,2.0,4.0,1.0,1.0,1.0,0.7583225965499878,1.0,1.0,1.0,1.0,0.688189685344696,1.0,1.0,1.0,0.688189685344696,1.0,0.7583225965499878,0.688189685344696,1.0,0.0,1.0,0.1417732834815979,1.0,0.13459961116313934,0.458051860332489,-0.7455617189407349,0.0,-0.0008082137792371213,0.8660265803337097,-0.49999794363975525,0.0,0.0,0.0,0.0,0.0,0.0,126.21505737304688,17.204742431640625,25.0,18.958065032958984,25.0,17.204742431640625,0.0,1.0,0.688189697265625,1.0,0.0,0.0,0.0,0.0,0.0,1.5529819130897522,0.6024506133686784,0.7731340932846069,1.7719436958754176,0.02,-0.0,-0.001429032010640749,-0.00030785865982681416,0.0,0.15,-0.0,0.0,0.0,-0.0,0.0,0.0,0.0,0.0,0.35,0.0,0.0,0.0,0.0,0.0,0.0,0.0,0.0,0.25,-0.0,-1.444091796875,0.0,0.5529819130897522,-0.0,-0.180511474609375,-0.180511474609375,-0.05,0.5431340932846069,0.3620893955230713,0.2,0.0,-0.0,-0.0,-0.0,0.8,1.0,-0.0,0.0,-0.0,-0.0,0.0,0.0,0.0,0.45418750403914604,-0.0,-0.0,-0.028056304124582584,0.02,0.0,0.0,0.0,0.0,0.0,0.0,0.3620893955230713,32.701500290818515,32.4,1.0,0.0,0.0,1.0,2.0,4.0,0.0,1.0,0.0,1.0,0.0,0.0,0.0,0.0,0.0,0.0,0.0,0.0,0.0,0.0,0.0,0.0,0.0,0.0,0.0,0.0,0.0,0.0,0.0,77.57479095458984,35.31598663330078,77.26322174072266,35.243003845214844,-0.3115692138671875,-0.0729827880859375,0.3200029134750366,-2.911498550659762,-0.9101245403289795,-0.4143349230289459,0.0,0.0,0.0,0.0,28.0,28.0,28.0,0.0,1.0,20.0,0.0,0.0,1.0,0.0,1.0,0.0,0.0,0.0,8.32,166.2105000577867,0.7211000192910433,143.22209998499602,12.94619997497648,8.44799994956702,4.0,5.5093999253585935,2.8569999849423766,0.9213000303134322,0.000600004568696022
1,209,209,6.904187724041745,0,0,2.0,4.0,1.0,1.0,1.0,0.7583225965499878,1.0,1.0,1.0,1.0,0.688189685344696,1.0,1.0,1.0,0.688189685344696,1.0,0.7583225965499878,0.688189685344696,1.0,0.0,1.0,0.13855324685573578,1.0,0.13173063099384308,0.4671642780303955,0.5537066459655762,0.0,-0.0008082137792371213,0.8659078478813171,-0.500203549861908,0.0,0.0,0.0,0.0,0.0,0.0,126.0653305053711,17.71820831298828,25.0,19.47779655456543,25.0,17.71820831298828,0.0,1.0,0.7087283325195313,1.0,0.0,0.0,0.0,0.0,0.0,1.5541774034500122,1.2111781329391456,2.3188321876525877,1.8,0.02,-0.0,-0.001228483987366632,-0.00025069935401682183,0.6211715698242188,0.15,-0.0,0.0,0.0,-0.0,0.0,0.0,0.0,0.0,0.35,0.0,0.0,0.0,0.0,0.0,0.0,0.0,0.0,0.25,-0.0,-1.19781494140625,0.0,0.5541774034500122,-0.0,-0.14972686767578125,-0.14972686767578125,1.5,0.5388321876525879,0.3592214584350586,0.2,0.0,-0.0,-0.0,-0.0,0.8,1.0,-0.0,0.0,-0.0,-0.0,0.0,0.0,0.0,0.44148574645631017,-0.0,-0.0,-0.0,0.02,0.0,0.0,0.0,0.0,0.0,0.0,0.3592214584350586,31.78697374485433,32.4,0.0,0.6,0.0,1.0,2.0,4.0,0.0,1.0,0.0,1.0,0.0,0.0,0.0,0.0,0.0,0.0,0.0,0.0,0.0,0.0,0.0,0.0,0.0,0.0,0.0,0.0,0.0,0.0,0.0,77.2634506225586,35.24311447143555,76.99579620361328,35.06772232055664,-0.2676544189453125,-0.17539215087890625,0.320002019405365,-2.5615052789823896,-0.9098184108734131,-0.41500648856163025,0.0,0.0,0.0,0.0,28.0,28.0,28.0,0.0,1.0,19.0,0.0,0.0,1.0,0.0,1.0,0.0,0.0,0.0,8.36,280.75650008395314,0.8570000063627958,162.55750006530434,107.63620003126562,38.343299995176494,4.0,5.191900068894029,3.43579996842891,1.0291000362485647,0.000600004568696022
1,210,210,4.745069277242207,0,0,2.0,4.0,1.0,1.0,1.0,0.7791118621826172,1.0,1.0,1.0,1.0,0.7087283134460449,1.0,1.0,1.0,0.7087283134460449,1.0,0.7791118621826172,0.7087283134460449,1.0,0.0,1.0,0.1344984620809555,1.0,0.12802739441394806,0.4540996253490448,-0.7938598394393921,0.0,-0.0009787642629817128,0.8659310936927795,-0.5001632571220398,0.0,0.0,0.0,0.0,0.0,0.0,125.92103576660156,17.71820831298828,25.0,19.47779655456543,25.0,17.71820831298828,0.0,1.0,0.7087283325195313,1.0,0.0,0.0,0.0,0.0,0.0,1.557973861694336,0.5997115617068416,0.7696524518728256,1.797731401968204,0.02,-0.0,-0.001228483987366632,-0.00025069935401682183,0.0,0.15,-0.0,0.0,0.0,-0.0,0.0,0.0,0.0,0.0,0.35,0.0,0.0,0.0,0.0,0.0,0.0,0.0,0.0,0.25,-0.0,-1.15435791015625,0.0,0.5579738616943359,-0.0,-0.14429473876953125,-0.14429473876953125,-0.05,0.5396524518728256,0.3597683012485504,0.2,0.0,-0.0,-0.0,-0.0,0.8,1.0,-0.0,0.0,-0.0,-0.0,0.0,0.0,0.0,0.4511907450482251,-0.0,-0.0,-0.002268598031795964,0.02,0.0,0.0,0.0,0.0,0.0,0.0,0.3597683012485504,32.4857336434722,32.4,1.0,0.0,0.0,1.0,2.0,4.0,0.0,1.0,0.0,1.0,0.0,0.0,0.0,0.0,0.0,0.0,0.0,0.0,0.0,0.0,0.0,0.0,0.0,0.0,0.0,0.0,0.0,0.0,0.0,76.996337890625,35.0675048828125,76.73384857177734,34.88447952270508,-0.26248931884765625,-0.18302536010742188,0.3199983239173889,-2.532702718847182,-0.9100582599639893,-0.41448041796684265,0.0,0.0,0.0,0.0,28.0,28.0,28.0,0.0,1.0,19.0,0.0,0.0,1.0,0.0,1.0,0.0,0.0,0.0,8.4,268.28870002646,0.7735000690445304,177.06489993724972,76.22849999461323,36.80759994313121,4.0,9.512399905361235,3.4568000119179487,1.206299988552928,0.000500003807246685
1,211,211,5.354814246044778,0,0,2.0,4.0,1.0,1.0,1.0,0.7791118621826172,1.0,1.0,1.0,1.0,0.7087283134460449,1.0,1.0,1.0,0.7087283134460449,1.0,0.7791118621826172,0.7087283134460449,1.0,0.0,1.0,0.13037458062171936,1.0,0.12424412369728088,0.46408191323280334,0.6065624356269836,0.0,-0.0009787642629817128,0.8658676147460938,-0.5002731680870056,0.0,0.0,0.0,0.0,0.0,0.0,125.77751922607422,18.23276138305664,25.0,19.997974395751953,25.0,18.23276138305664,0.0,1.0,0.7293104553222656,1.0,0.0,0.0,0.0,0.0,0.0,1.5590788125991821,1.2103863177162641,0.765349115729332,1.8,0.02,-0.0,-0.0010597039964450054,-0.00020406390414765596,0.6219635009765625,0.15,-0.0,0.0,0.0,-0.0,0.0,0.0,0.0,0.0,0.35,0.0,0.0,0.0,0.0,0.0,0.0,0.0,0.0,0.25,-0.0,-1.14813232421875,0.0,0.5590788125991821,-0.0,-0.14351654052734375,-0.14351654052734375,-0.05,0.535349115729332,0.3568994104862213,0.2,0.0,-0.0,-0.0,-0.0,0.8,1.0,-0.0,0.0,-0.0,-0.0,0.0,0.0,0.0,0.43968658464029436,-0.0,-0.0,-0.0,0.02,0.0,0.0,0.0,0.0,0.0,0.0,0.3568994104862213,31.65743409410119,32.4,0.0,0.6,0.0,1.0,2.0,4.0,0.0,1.0,0.0,1.0,0.0,0.0,0.0,0.0,0.0,0.0,0.0,0.0,0.0,0.0,0.0,0.0,0.0,0.0,0.0,0.0,0.0,0.0,0.0,76.73419189453125,34.884361267089844,76.47169494628906,34.70134735107422,-0.2624969482421875,-0.183013916015625,0.31999802589416504,-2.532745694143906,-0.9103432893753052,-0.4138539135456085,0.0,0.0,0.0,0.0,28.0,28.0,28.0,0.0,1.0,19.0,0.0,0.0,1.0,0.0,1.0,0.0,0.0,0.0,8.44,307.20379995182157,0.8579000132158399,180.32789998687804,112.51369991805404,39.82289996929467,4.0,7.536199991591275,4.578000050969422,1.3481000205501914,0.000500003807246685
1,212,212,4.7476911746750625,0,0,2.0,4.0,1.0,1.0,1.0,0.7999189496040344,1.0,1.0,1.0,1.0,0.7293104529380798,1.0,1.0,1.0,0.7293104529380798,1.0,0.7999189496040344,0.7293104529380798,1.0,0.0,1.0,0.1262735277414322,1.0,0.1204732209444046,0.45224905014038086,-0.719010055065155,0.0,-0.0007490635034628212,0.8658896684646606,-0.5002350211143494,0.0,0.0,0.0,0.0,0.0,0.0,125.6359634399414,18.23276138305664,25.0,19.997974395751953,25.0,18.23276138305664,0.0,1.0,0.7293104553222656,1.0,0.0,0.0,0.0,0.0,0.0,1.5648189783096313,0.5966008030663291,0.7662713932991028,1.8,0.02,-0.0,-0.0010597039964450054,-0.00020406390414765596,0.0,0.15,-0.0,0.0,0.0,-0.0,0.0,0.0,0.0,0.0,0.35,0.0,0.0,0.0,0.0,0.0,0.0,0.0,0.0,0.25,-0.0,-1.1324462890625,0.0,0.5648189783096313,-0.0,-0.1415557861328125,-0.1415557861328125,-0.05,0.5362713932991028,0.35751426219940186,0.2,0.0,-0.0,-0.0,-0.0,0.8,1.0,-0.0,0.0,-0.0,-0.0,0.0,0.0,0.0,0.4478645709669218,-0.0,-0.0,-0.0,0.02,0.0,0.0,0.0,0.0,0.0,0.0,0.35751426219940186,32.24624910961837,32.4,1.0,0.0,0.0,1.0,2.0,4.0,0.0,1.0,0.0,1.0,0.0,0.0,0.0,0.0,0.0,0.0,0.0,0.0,0.0,0.0,0.0,0.0,0.0,0.0,0.0,0.0,0.0,0.0,0.0,76.4719467163086,34.70139694213867,76.20944213867188,34.51838684082031,-0.26250457763671875,-0.18301010131835938,0.32000210881233215,-2.532769074048377,-0.9106290936470032,-0.4132247567176819,0.0,0.0,0.0,0.0,28.0,28.0,28.0,0.0,1.0,19.0,0.0,0.0,1.0,0.0,1.0,0.0,0.0,0.0,8.48,250.60100003611296,0.7569000590592623,175.27260002680123,59.00540004950017,26.445499970577657,4.0,9.070000029169023,4.573300015181303,1.8764999695122242,0.000500003807246685
1,213,213,5.315241190453691,0,0,2.0,4.0,1.0,1.0,1.0,0.7999189496040344,1.0,1.0,1.0,1.0,0.7293104529380798,1.0,1.0,1.0,0.7293104529380798,1.0,0.7999189496040344,0.7293104529380798,1.0,0.0,1.0,0.1221683993935585,1.0,0.11668799072504044,0.4606606960296631,0.5111241340637207,0.0,-0.0007490635034628212,0.865815281867981,-0.5003637075424194,0.0,0.0,0.0,0.0,0.0,0.0,125.49929809570312,18.74245262145996,25.0,20.513681411743164,25.0,18.74245262145996,0.0,1.0,0.7496981048583984,1.0,0.0,0.0,0.0,0.0,0.0,1.5822282433509827,1.2227187256710819,0.7770116287469864,1.7132825926846407,0.02,-0.0,-0.0009189103691882609,-0.0001664269883858137,0.6164421081542969,0.15,-0.0,0.0,0.0,-0.0,0.0,0.0,0.0,0.0,0.35,0.0,0.0,0.0,0.0,0.0,0.0,0.0,0.0,0.25,-0.0,-1.09332275390625,0.0,0.5822282433509827,-0.0,-0.13666534423828125,-0.13666534423828125,-0.05,0.5470116287469864,0.3646744191646576,0.2,0.0,-0.0,-0.0,-0.0,0.8,1.0,-0.0,0.0,-0.0,-0.0,0.0,0.0,0.0,0.4573619548743591,-0.0,-0.0,-0.08671740731535928,0.02,0.0,0.0,0.0,0.0,0.0,0.0,0.3646744191646576,32.93006075095386,32.4,1.0,0.0,0.0,1.0,2.0,4.0,0.0,1.0,0.0,1.0,0.0,0.0,0.0,0.0,0.0,0.0,0.0,0.0,0.0,0.0,0.0,0.0,0.0,0.0,0.0,0.0,0.0,0.0,0.0,76.20964813232422,34.51850891113281,75.9471435546875,34.33549880981445,-0.26250457763671875,-0.18301010131835938,0.32000210881233215,-2.532769074048377,-0.9109160900115967,-0.4125916659832001,0.0,0.0,0.0,0.0,28.0,28.0,28.0,0.0,1.0,19.0,0.0,0.0,1.0,0.0,1.0,0.0,0.0,0.0,8.52,288.1891999859363,0.7776999846100807,175.23569997865707,102.79329994227737,63.717100070789456,4.0,5.341400043107569,3.272300004027784,0.7276999531313777,0.000400003045797348
1,214,214,5.398550012791704,0,0,2.0,4.0,1.0,1.0,1.0,0.8205472826957703,1.0,1.0,1.0,1.0,0.7496981024742126,1.0,1.0,1.0,0.7496981024742126,1.0,0.8205472826957703,0.7496981024742126,1.0,0.0,1.0,0.11801290512084961,1.0,0.1128416582942009,0.4704294502735138,0.5935865044593811,0.0,0.001978754997253418,0.8657081127166748,-0.5005491971969604,0.0,0.0,0.0,0.0,0.0,0.0,125.36400604248047,19.258934020996094,25.0,21.036657333374023,25.0,19.258934020996094,0.0,1.0,0.7703573608398437,1.0,0.0,0.0,0.0,0.0,0.0,1.5853147506713867,1.2204881221895922,0.7727471399307251,1.8,0.02,-0.0,-0.0007988237974570284,-0.00013536355316297972,0.6249732971191406,0.15,-0.0,0.0,0.0,-0.0,0.0,0.0,0.0,0.0,0.35,0.0,0.0,0.0,0.0,0.0,0.0,0.0,0.0,0.25,-0.0,-1.08233642578125,0.0,0.5853147506713867,-0.0,-0.13529205322265625,-0.13529205322265625,-0.05,0.5427471399307251,0.3618314266204834,0.2,0.0,-0.0,-0.0,-0.0,0.8,1.0,-0.0,0.0,-0.0,-0.0,0.0,0.0,0.0,0.44644901242107154,-0.0,-0.0,-0.0,0.02,0.0,0.0,0.0,0.0,0.0,0.0,0.3618314266204834,32.14432889431715,32.4,0.0,0.6,0.0,1.0,2.0,4.0,0.0,1.0,0.0,1.0,0.0,0.0,0.0,0.0,0.0,0.0,0.0,0.0,0.0,0.0,0.0,0.0,0.0,0.0,0.0,0.0,0.0,0.0,0.0,75.94732666015625,34.335655212402344,75.68482971191406,34.152645111083984,-0.2624969482421875,-0.18301010131835938,0.31999585032463074,-2.532755465153139,-0.9112046360969543,-0.41195404529571533,0.0,0.0,0.0,0.0,28.0,28.0,28.0,0.0,1.0,19.0,0.0,0.0,1.0,0.0,1.0,0.0,0.0,0.0,8.56,353.991899988614,0.6395000964403152,188.76229994930327,148.182199918665,67.8630000911653,4.0,9.299599914811552,5.040200077928603,2.017799997702241,0.0004998873919248581
1,215,215,4.1671584249005065,0,0,2.0,3.0,1.0,1.0,1.0,0.8414663076400757,1.0,1.0,1.0,1.0,0.7703573703765869,1.0,1.0,1.0,0.7703573703765869,1.0,0.8414663076400757,0.7703573703765869,1.0,0.0,1.0,0.11388091742992401,1.0,0.10900824517011642,0.45920470356941223,-0.6820589303970337,0.0,-0.0007977091590873897,0.8657475113868713,-0.5004810690879822,0.0,0.0,0.0,0.0,0.0,0.0,125.22999572753906,19.258934020996094,25.0,21.036657333374023,25.0,19.258934020996094,0.0,1.0,0.7703573608398437,1.0,0.0,0.0,0.0,0.0,0.0,1.5880784392356873,0.6008209754528362,0.7481879878044129,1.2100710224075706,0.02,-0.0,-0.0007988237974570284,-0.00013536355316297972,0.0,0.15,-0.0,0.0,0.0,-0.0,0.0,0.0,0.0,0.0,0.35,0.0,0.0,0.0,0.0,0.0,0.0,0.0,0.0,0.25,-0.0,-1.07208251953125,0.0,0.5880784392356873,-0.0,-0.13401031494140625,-0.13401031494140625,-0.05,0.5421879887580872,0.3614586591720581,0.2,0.0,-0.0,-0.0,-0.0,0.5599999904632569,0.699999988079071,-0.0,0.0,-0.0,-0.0,0.0,0.0,0.0,0.45175516280345623,-0.04500000178813934,-0.0,-0.004928954346618092,0.02,0.0,0.0,0.0,0.0,0.0,0.0,0.3614586591720581,32.52637172184885,32.4,0.7326086850269979,0.0,0.0,0.699999988079071,2.0,3.0,0.0,0.699999988079071,0.0,0.699999988079071,0.0,0.0,0.0,0.0,0.0,0.0,0.0,0.0,0.0,0.0,0.0,0.0,0.0,0.0,0.0,0.0,0.0,0.0,0.0,75.68500518798828,34.15281677246094,75.4225082397461,33.96980285644531,-0.2624969482421875,-0.183013916015625,0.31999802589416504,-2.532745694143906,-0.911494791507721,-0.4113115072250366,0.0,0.0,0.0,0.0,28.0,28.0,28.0,0.0,1.0,19.0,0.0,0.0,1.0,0.0,1.0,0.0,0.0,0.0,8.6,278.77480001188815,0.9320999961346388,208.02429993636906,60.22860005032271,45.062500052154064,4.0,5.07149996701628,3.688400029204786,0.7946999976411462,0.000500003807246685
1,216,216,5.340276271946154,0,0,2.0,4.0,1.0,1.0,1.0,0.8414663076400757,1.0,1.0,1.0,1.0,0.7703573703765869,1.0,1.0,1.0,0.7703573703765869,1.0,0.8414663076400757,0.7703573703765869,1.0,0.0,1.0,0.10974966734647751,1.0,0.10516617447137833,0.46466246247291565,0.33163440227508545,0.0,-0.0007977091590873897,0.8656592965126038,-0.5006335377693176,0.0,0.0,0.0,0.0,0.0,0.0,125.09642028808594,19.77132225036621,25.0,21.556541442871094,25.0,19.77132225036621,0.0,1.0,0.7908528900146484,1.0,0.0,0.0,0.0,0.0,0.0,1.5874386429786682,1.2109742739269358,0.7668633568286896,1.7549999982118607,0.02,-0.0,-0.0006984944263194691,-0.00011027848557224112,0.6208625793457032,0.15,-0.0,0.0,0.0,-0.0,0.0,0.0,0.0,0.0,0.35,0.0,0.0,0.0,0.0,0.0,0.0,0.0,0.0,0.25,-0.0,-1.068603515625,0.0,0.5874386429786682,-0.0,-0.133575439453125,-0.133575439453125,-0.05,0.5368633568286896,0.3579089045524597,0.2,0.0,-0.0,-0.0,-0.0,0.8,1.0,-0.0,0.0,-0.0,-0.0,0.0,0.0,0.0,0.44092046749312436,-0.04500000178813934,-0.0,-0.0,0.02,0.0,0.0,0.0,0.0,0.0,0.0,0.3579089045524597,31.74627365950495,32.4,0.0,0.6,0.0,1.0,2.0,4.0,0.0,1.0,0.0,1.0,0.0,0.0,0.0,0.0,0.0,0.0,0.0,0.0,0.0,0.0,0.0,0.0,0.0,0.0,0.0,0.0,0.0,0.0,0.0,75.42268371582031,33.9699821472168,75.16018676757812,33.78696823120117,-0.2624969482421875,-0.183013916015625,0.31999802589416504,-2.532745694143906,-0.9117867946624756,-0.41066399216651917,0.0,0.0,0.0,0.0,28.0,28.0,28.0,0.0,1.0,19.0,0.0,0.0,1.0,0.0,1.0,0.0,0.0,0.0,8.64,280.062000034377,0.7070000283420086,174.2803999222815,66.20330002624542,27.652099961414933,4.0,32.23969996906817,5.36339997779578,1.2249000137671828,0.000500003807246685
1,217,217,4.778451673182085,0,0,2.0,4.0,1.0,1.0,1.0,0.8622616529464722,1.0,1.0,1.0,1.0,0.7908529043197632,1.0,1.0,1.0,0.7908529043197632,1.0,0.8622616529464722,0.7908529043197632,1.0,0.0,1.0,0.10564418137073517,1.0,0.10134024173021317,0.45351818203926086,-0.6771684288978577,0.0,-0.00039906895835883915,0.8656693696975708,-0.500616192817688,0.0,0.0,0.0,0.0,0.0,0.0,124.96453094482422,19.77132225036621,25.0,21.556541442871094,25.0,19.77132225036621,0.0,1.0,0.7908528900146484,1.0,0.0,0.0,0.0,0.0,0.0,1.591811180114746,0.5987949112973955,0.7678455817699432,1.8,0.02,-0.0,-0.0006984944263194691,-0.00011027848557224112,0.0,0.15,-0.0,0.0,0.0,-0.0,0.0,0.0,0.0,0.0,0.35,0.0,0.0,0.0,0.0,0.0,0.0,0.0,0.0,0.25,-0.0,-1.05511474609375,0.0,0.5918111801147461,-0.0,-0.13188934326171875,-0.13188934326171875,-0.05,0.5378455817699432,0.35856372117996216,0.2,0.0,-0.0,-0.0,-0.0,0.8,1.0,-0.0,0.0,-0.0,-0.0,0.0,0.0,0.0,0.4496036842092872,-0.0,-0.0,-0.0,0.02,0.0,0.0,0.0,0.0,0.0,0.0,0.35856372117996216,32.37146526306868,32.4,1.0,0.0,0.0,1.0,2.0,4.0,0.0,1.0,0.0,1.0,0.0,0.0,0.0,0.0,0.0,0.0,0.0,0.0,0.0,0.0,0.0,0.0,0.0,0.0,0.0,0.0,0.0,0.0,0.0,75.16035461425781,33.78715133666992,74.89785766601562,33.60413360595703,-0.2624969482421875,-0.18301773071289062,0.32000023126602173,-2.53273590385021,-0.9120804071426392,-0.410011351108551,0.0,0.0,0.0,0.0,28.0,28.0,28.0,0.0,1.0,19.0,0.0,0.0,1.0,0.0,1.0,0.0,0.0,0.0,8.68,324.27380001172423,0.9701000526547432,199.05809999909252,113.22379997000098,43.7337999464944,4.0,6.741099990904331,3.39890003670007,0.8384999819099903,0.000400003045797348
1,218,218,5.328590615059808,0,0,2.0,4.0,1.0,1.0,1.0,0.8622616529464722,1.0,1.0,1.0,1.0,0.7908529043197632,1.0,1.0,1.0,0.7908529043197632,1.0,0.8622616529464722,0.7908529043197632,1.0,0.0,1.0,0.1015319675207138,1.0,0.0974983498454094,0.46244949102401733,0.5427010655403137,0.0,-0.00039906895835883915,0.8656054139137268,-0.5007266998291016,0.0,0.0,0.0,0.0,0.0,0.0,124.83763122558594,20.284832000732422,25.0,22.07546043395996,25.0,20.284832000732422,0.0,1.0,0.8113932800292969,1.0,0.0,0.0,0.0,0.0,0.0,1.6093948483467102,1.2280296647147777,0.7786096441745758,1.6925564578237442,0.02,-0.0,-0.0006142719470980976,-8.980179404566271e-05,0.6205390930175781,0.15,-0.0,0.0,0.0,-0.0,0.0,0.0,0.0,0.0,0.35,0.0,0.0,0.0,0.0,0.0,0.0,0.0,0.0,0.25,-0.0,-1.01519775390625,0.0,0.6093948483467102,-0.0,-0.12689971923828125,-0.12689971923828125,-0.05,0.5486096441745758,0.36573976278305054,0.2,0.0,-0.0,-0.0,-0.0,0.8,1.0,-0.0,0.0,-0.0,-0.0,0.0,0.0,0.0,0.45819464543834326,-0.0,-0.0,-0.10744354217625576,0.02,0.0,0.0,0.0,0.0,0.0,0.0,0.36573976278305054,32.99001447156071,32.4,1.0,0.0,0.0,1.0,2.0,4.0,0.0,1.0,0.0,1.0,0.0,0.0,0.0,0.0,0.0,0.0,0.0,0.0,0.0,0.0,0.0,0.0,0.0,0.0,0.0,0.0,0.0,0.0,0.0,74.89802551269531,33.60432052612305,74.63552856445312,33.42129898071289,-0.2624969482421875,-0.18302154541015625,0.32000240683555603,-2.5327260987516715,-0.912375807762146,-0.40935349464416504,0.0,0.0,0.0,0.0,28.0,28.0,28.0,0.0,1.0,19.0,0.0,0.0,1.0,0.0,1.0,0.0,0.0,0.0,8.72,816.4720000931993,1.0594000341370702,196.07489998452365,610.8668999513611,576.744900085032,4.0,4.5279000187292695,3.123000031337142,0.7791999960318208,0.000500003807246685
1,219,219,4.193405847984323,0,0,2.0,3.0,1.0,1.0,1.0,0.883018434047699,1.0,1.0,1.0,1.0,0.8113932609558105,1.0,1.0,1.0,0.8113932609558105,1.0,0.883018434047699,0.8113932609558105,1.0,0.0,1.0,0.0973685085773468,1.0,0.09359534829854965,0.4712859094142914,0.5369350910186768,0.0,0.0017310979310423136,0.8655397891998291,-0.5008401870727539,0.0,0.0,0.0,0.0,0.0,0.0,124.71188354492188,20.284832000732422,25.0,22.07546043395996,25.0,20.284832000732422,0.0,1.0,0.8113932800292969,1.0,0.0,0.0,0.0,0.0,0.0,1.6114755272865295,0.5965708397207352,0.7503595042228699,1.2149999767541886,0.02,-0.0,-0.0006142719470980976,-8.980179404566271e-05,0.0,0.15,-0.0,0.0,0.0,-0.0,0.0,0.0,0.0,0.0,0.35,0.0,0.0,0.0,0.0,0.0,0.0,0.0,0.0,0.25,-0.0,-1.0059814453125,0.0,0.6114755272865295,-0.0,-0.1257476806640625,-0.1257476806640625,-0.05,0.5443595051765442,0.3629063367843628,0.2,0.0,-0.0,-0.0,-0.0,0.5599999904632569,0.699999988079071,-0.0,0.0,-0.0,-0.0,0.0,0.0,0.0,0.447274913461879,-0.04500000178813934,-0.0,-0.0,0.02,0.0,0.0,0.0,0.0,0.0,0.0,0.3629063367843628,32.203793769255284,32.4,0.0,0.6,0.0,0.699999988079071,2.0,3.0,0.0,0.699999988079071,0.0,0.699999988079071,0.0,0.0,0.0,0.0,0.0,0.0,0.0,0.0,0.0,0.0,0.0,0.0,0.0,0.0,0.0,0.0,0.0,0.0,0.0,74.63569641113281,33.421485900878906,74.37320709228516,33.238460540771484,-0.26248931884765625,-0.18302536010742188,0.3199983239173889,-2.532702718847182,-0.9126731157302856,-0.4086903929710388,0.0,0.0,0.0,0.0,28.0,28.0,28.0,0.0,1.0,19.0,0.0,0.0,1.0,0.0,1.0,0.0,0.0,0.0,8.76,215.63719992991537,0.7721999427303672,152.39419997669756,51.642199978232384,31.302300048992038,4.0,5.431000026874244,3.7251999601721764,1.6327999765053391,0.000500003807246685
1,220,220,6.5239497667775606,0,0,2.0,4.0,1.0,1.0,1.0,0.883018434047699,1.0,1.0,1.0,1.0,0.8113932609558105,1.0,1.0,1.0,0.8113932609558105,1.0,0.883018434047699,0.8113932609558105,1.0,0.0,1.0,0.09322737157344818,1.0,0.08970504254102707,0.4600541889667511,-0.6824832558631897,0.0,0.0017310979310423136,0.8655828833580017,-0.5007656812667847,0.0,0.0,0.0,0.0,0.0,0.0,124.58824920654297,20.802709579467773,25.0,25.0,25.0,20.802709579467773,0.0,1.0,0.8321083831787109,1.0,0.0,0.0,0.0,0.0,0.0,1.617470145225525,2.4126801644409115,0.7752275574207306,1.6985718996903947,0.02,-0.0,-0.00033651726698731967,-7.299959709241898e-05,1.8071510314941408,0.15,-0.0,0.0,0.0,-0.0,0.0,0.0,0.0,0.0,0.35,0.0,0.0,0.0,0.0,0.0,0.0,0.0,0.0,0.25,-0.0,-0.98907470703125,0.0,0.6174701452255249,-0.0,-0.12363433837890625,-0.12363433837890625,-0.05,0.5452275574207306,0.36348503828048706,0.2,0.0,-0.0,-0.0,-0.0,0.8,1.0,-0.0,0.0,-0.0,-0.0,0.0,0.0,0.0,0.45593864981085064,-0.04500000178813934,-0.0,-0.05642809852146611,0.02,0.0,0.0,0.0,0.0,0.0,0.0,0.36348503828048706,32.82758278638125,32.4,1.0,0.0,0.0,1.0,2.0,4.0,0.0,1.0,0.0,1.0,0.0,0.0,0.0,0.0,0.0,0.0,0.0,0.0,0.0,0.0,0.0,0.0,0.0,0.0,0.0,0.0,0.0,0.0,0.0,74.37337493896484,33.2386474609375,74.11088562011719,33.05561828613281,-0.26248931884765625,-0.1830291748046875,0.3200004994869232,-2.5326929478409475,-0.9129722118377686,-0.40802183747291565,0.0,0.0,0.0,0.0,28.0,28.0,28.0,0.0,1.0,19.0,0.0,0.0,1.0,0.0,1.0,0.0,0.0,0.0,8.8,236.43429996445775,0.5901999538764358,156.81479999329895,69.06670005992055,48.21739997714758,4.0,6.141399964690208,3.049400052987039,0.7377000292763114,0.000500003807246685
1,221,221,4.401544753563702,0,0,2.0,3.0,1.0,1.0,1.0,1.0,1.0,1.0,1.0,1.0,0.8321083784103394,1.0,1.0,1.0,0.8321083784103394,1.0,1.0,0.8321083784103394,1.0,0.0,1.0,0.08908186107873917,1.0,0.08580121397972107,0.46896547079086304,0.5414835214614868,0.0,0.0026508804876357317,0.865455687046051,-0.5009854435920715,0.0,0.0,0.0,0.0,0.0,0.0,124.46578979492188,21.318471908569336,25.0,25.0,25.0,21.318471908569336,0.0,1.0,0.8527388763427735,1.0,0.0,0.0,0.0,0.0,0.0,1.6196141839027405,0.8000144639137386,0.7469161289930344,1.2149999767541886,0.02,-0.0,-0.00033651726698731967,-5.9391373598662966e-05,0.20630493164062502,0.15,-0.0,0.0,0.0,-0.0,0.0,0.0,0.0,0.0,0.35,0.0,0.0,0.0,0.0,0.0,0.0,0.0,0.0,0.25,-0.0,-0.97967529296875,0.0,0.6196141839027405,-0.0,-0.12245941162109375,-0.12245941162109375,-0.05,0.5409161299467087,0.3606107532978058,0.2,0.0,-0.0,-0.0,-0.0,0.5599999904632569,0.699999988079071,-0.0,0.0,-0.0,-0.0,0.0,0.0,0.0,0.4441054409136996,-0.04500000178813934,-0.0,-0.0,0.02,0.0,0.0,0.0,0.0,0.0,0.0,0.3606107532978058,31.97559174578637,32.4,0.0,0.6,0.0,0.699999988079071,2.0,3.0,0.0,0.699999988079071,0.0,0.699999988079071,0.0,0.0,0.0,0.0,0.0,0.0,0.0,0.0,0.0,0.0,0.0,0.0,0.0,0.0,0.0,0.0,0.0,0.0,0.0,74.11105346679688,33.05580520629883,73.84856414794922,32.87277603149414,-0.26248931884765625,-0.1830291748046875,0.3200004994869232,-2.5326929478409475,-0.9132730960845947,-0.40734782814979553,0.0,0.0,0.0,0.0,28.0,28.0,28.0,0.0,1.0,19.0,1.0,0.0,1.0,0.0,1.0,0.0,0.0,0.0,8.84,244.54780004452914,1.490799942985177,164.03840004932135,70.56189991999418,35.09719995781779,4.0,4.5409000013023615,3.183300024829805,0.6918000290170312,0.000500003807246685
1,222,222,4.763403260968958,0,0,2.0,4.0,1.0,1.0,1.0,1.0,1.0,1.0,1.0,1.0,0.8527388572692871,1.0,1.0,1.0,0.8527388572692871,1.0,1.0,0.8527388572692871,1.0,0.0,1.0,0.08495931327342987,1.0,0.08191100507974625,0.4567941725254059,-0.7395755648612976,0.0,-0.0005993423983454704,0.8654881715774536,-0.5009294152259827,0.0,0.0,0.0,0.0,0.0,0.0,124.34500885009766,21.318471908569336,25.0,25.0,25.0,21.318471908569336,0.0,1.0,0.8527388763427735,1.0,0.0,0.0,0.0,0.0,0.0,1.6238002181053162,0.6020122509441523,0.7718695658445358,1.7457212260749537,0.02,-0.0,-0.00033651726698731967,-5.9391373598662966e-05,0.0,0.15,-0.0,0.0,0.0,-0.0,0.0,0.0,0.0,0.0,0.35,0.0,0.0,0.0,0.0,0.0,0.0,0.0,0.0,0.25,-0.0,-0.96624755859375,0.0,0.6238002181053162,-0.0,-0.12078094482421875,-0.12078094482421875,-0.05,0.5418695658445358,0.36124637722969055,0.2,0.0,-0.0,-0.0,-0.0,0.8,1.0,-0.0,0.0,-0.0,-0.0,0.0,0.0,0.0,0.4524081595847383,-0.04500000178813934,-0.0,-0.009278772136906942,0.02,0.0,0.0,0.0,0.0,0.0,0.0,0.36124637722969055,32.573387490101155,32.4,1.0,0.0,0.0,1.0,2.0,4.0,0.0,1.0,0.0,1.0,0.0,0.0,0.0,0.0,0.0,0.0,0.0,0.0,0.0,0.0,0.0,0.0,0.0,0.0,0.0,0.0,0.0,0.0,0.0,73.8487319946289,32.872962951660156,73.58625030517578,32.68992614746094,-0.262481689453125,-0.18303680419921875,0.3199986219406128,-2.5326597435466134,-0.9135758280754089,-0.40666836500167847,0.0,0.0,0.0,0.0,28.0,28.0,28.0,0.0,1.0,19.0,0.0,0.0,1.0,0.0,1.0,0.0,0.0,0.0,8.88,176.9007999682799,0.6834999658167362,157.17930009122938,10.741500067524612,7.510200026445091,4.0,4.989700042642653,2.522399998269975,0.7521000225096941,0.000500003807246685
1,223,223,4.399130560129965,0,0,2.0,3.0,1.0,1.0,1.0,1.0,1.0,1.0,1.0,1.0,0.8527388572692871,1.0,1.0,1.0,0.8527388572692871,1.0,1.0,0.8527388572692871,1.0,0.0,1.0,0.08082979172468185,1.0,0.078005351126194,0.46533411741256714,0.5189199447631836,0.0,-0.0005993423983454704,0.8653863668441772,-0.5011051893234253,0.0,0.0,0.0,0.0,0.0,0.0,124.22491455078125,21.83186149597168,25.0,25.0,25.0,21.83186149597168,0.0,1.0,0.8732744598388672,1.0,0.0,0.0,0.0,0.0,0.0,1.6240167617797852,0.7965007435978307,0.7436130779981613,1.2149999767541886,0.02,-0.0,-0.00033651726698731967,-4.836580981172657e-05,0.2053558349609375,0.15,-0.0,0.0,0.0,-0.0,0.0,0.0,0.0,0.0,0.35,0.0,0.0,0.0,0.0,0.0,0.0,0.0,0.0,0.25,-0.0,-0.96075439453125,0.0,0.6240167617797852,-0.0,-0.12009429931640625,-0.12009429931640625,-0.05,0.5376130789518356,0.35840871930122375,0.2,0.0,-0.0,-0.0,-0.0,0.5599999904632569,0.699999988079071,-0.0,0.0,-0.0,-0.0,0.0,0.0,0.0,0.4415297917136923,-0.04500000178813934,-0.0,-0.0,0.02,0.0,0.0,0.0,0.0,0.0,0.0,0.35840871930122375,31.790145003385845,32.4,0.0,0.6,0.0,0.699999988079071,2.0,3.0,0.0,0.699999988079071,0.0,0.699999988079071,0.0,0.0,0.0,0.0,0.0,0.0,0.0,0.0,0.0,0.0,0.0,0.0,0.0,0.0,0.0,0.0,0.0,0.0,0.0,73.58641815185547,32.69011306762695,73.32393646240234,32.50707244873047,-0.262481689453125,-0.18304061889648438,0.3200007975101471,-2.532649972542341,-0.913880467414856,-0.4059832692146301,0.0,0.0,0.0,0.0,28.0,28.0,28.0,0.0,1.0,19.0,0.0,0.0,1.0,0.0,1.0,0.0,0.0,0.0,8.92,222.13439992628992,0.7172999903559685,152.73119998164475,60.87879999540746,26.634400011971593,4.0,4.706099978648126,2.3677999852225184,0.6884000031277537,0.000600004568696022
1,224,224,4.7715371968758005,0,0,2.0,4.0,1.0,1.0,1.0,1.0,1.0,1.0,1.0,1.0,0.8732744455337524,1.0,1.0,1.0,0.8732744455337524,1.0,1.0,0.8732744455337524,1.0,0.0,1.0,0.07672079652547836,1.0,0.07411150634288788,0.4541449248790741,-0.6798979640007019,0.0,-0.0007595925708301365,0.8654057383537292,-0.5010718107223511,0.0,0.0,0.0,0.0,0.0,0.0,124.10670471191406,21.83186149597168,25.0,25.0,25.0,21.83186149597168,0.0,1.0,0.8732744598388672,1.0,0.0,0.0,0.0,0.0,0.0,1.62900310754776,0.6007059496576814,0.7687320071458816,1.7530961325244778,0.02,-0.0,-0.00033651726698731967,-4.836580981172657e-05,0.0,0.15,-0.0,0.0,0.0,-0.0,0.0,0.0,0.0,0.0,0.35,0.0,0.0,0.0,0.0,0.0,0.0,0.0,0.0,0.25,-0.0,-0.9456787109375,0.0,0.62900310754776,-0.0,-0.1182098388671875,-0.1182098388671875,-0.05,0.5387320071458817,0.35915467143058777,0.2,0.0,-0.0,-0.0,-0.0,0.8,1.0,-0.0,0.0,-0.0,-0.0,0.0,0.0,0.0,0.45109083273448053,-0.04500000178813934,-0.0,-0.001903865687382791,0.02,0.0,0.0,0.0,0.0,0.0,0.0,0.35915467143058777,32.4785399568826,32.4,1.0,0.0,0.0,1.0,2.0,4.0,0.0,1.0,0.0,1.0,0.0,0.0,0.0,0.0,0.0,0.0,0.0,0.0,0.0,0.0,0.0,0.0,0.0,0.0,0.0,0.0,0.0,0.0,0.0,73.32410430908203,32.507259368896484,73.0616226196289,32.324214935302734,-0.262481689453125,-0.18304443359375,0.3200029730796814,-2.5326401674447943,-0.914186954498291,-0.4052925407886505,0.0,0.0,0.0,0.0,28.0,28.0,28.0,0.0,1.0,19.0,0.0,0.0,1.0,0.0,1.0,0.0,0.0,0.0,8.96,174.52639993280172,0.7654000073671341,147.9299000930041,17.390500055626035,13.529099989682436,4.0,4.556800005957484,3.0942000448703766,0.7565999403595924,0.000400003045797348
1,225,225,4.399873020874418,0,0,2.0,3.0,1.0,1.0,1.0,1.0,1.0,1.0,1.0,1.0,0.8732744455337524,1.0,1.0,1.0,0.8732744455337524,1.0,1.0,0.8732744455337524,1.0,0.0,1.0,0.07260478287935257,1.0,0.0702022835612297,0.46397915482521057,0.5975650548934937,0.0,-0.0007595925708301365,0.8653309941291809,-0.501200795173645,0.0,0.0,0.0,0.0,0.0,0.0,124.01061248779297,22.3447208404541,25.0,25.0,25.0,22.3447208404541,0.0,1.0,0.8937888336181641,1.0,0.0,0.0,0.0,0.0,0.0,1.6310663223266602,0.7932382639516968,0.7405684578418732,1.2149999767541886,0.02,-0.0,-0.00033651726698731967,-3.939541415231958e-05,0.20514373779296877,0.15,-0.0,0.0,0.0,-0.0,0.0,0.0,0.0,0.0,0.35,0.0,0.0,0.0,0.0,0.0,0.0,0.0,0.0,0.25,-0.0,-0.76873779296875,0.0,0.6310663223266602,-0.0,-0.09609222412109375,-0.09609222412109375,-0.05,0.5345684587955475,0.356378972530365,0.2,0.0,-0.0,-0.0,-0.0,0.5599999904632569,0.699999988079071,-0.0,0.0,-0.0,-0.0,0.0,0.0,0.0,0.4384704388398677,-0.04500000178813934,-0.0,-0.0,0.02,0.0,0.0,0.0,0.0,0.0,0.0,0.356378972530365,31.569871596470474,32.4,0.0,0.6,0.0,0.699999988079071,2.0,3.0,0.0,0.699999988079071,0.0,0.699999988079071,0.0,0.0,0.0,0.0,0.0,0.0,0.0,0.0,0.0,0.0,0.0,0.0,0.0,0.0,0.0,0.0,0.0,0.0,0.0,73.0617904663086,32.32440185546875,72.82221221923828,32.112266540527344,-0.2395782470703125,-0.21213531494140625,0.3199986219406128,-2.416872853729416,-0.9144954681396484,-0.40459614992141724,0.0,0.0,0.0,0.0,28.0,28.0,28.0,0.0,1.0,18.0,0.0,0.0,1.0,0.0,1.0,0.0,0.0,0.0,9.0,194.14829998277128,0.673400005325675,137.22979999147356,47.696399968117476,29.14170001167804,4.0,4.771700012497604,2.997600007802248,0.7522000232711434,0.000800006091594696
1,226,226,5.8006799913729425,0,0,2.0,3.0,1.0,1.0,1.0,1.0,1.0,1.0,1.0,0.9090617895126343,0.8937888145446777,1.0,1.0,1.0,0.8937888145446777,1.0,1.0,0.8937888145446777,1.0,0.0,1.0,0.06826736032962799,1.0,0.06605952978134155,0.4509981572628021,-0.7887746095657349,0.0,-0.0007421924965456128,0.865354597568512,-0.5011600255966187,0.0,0.0,0.0,0.0,0.0,0.0,123.91648864746094,22.3447208404541,25.0,25.0,25.0,22.3447208404541,0.0,1.0,0.8937888336181641,1.0,0.0,0.0,0.0,0.0,0.0,1.635953426361084,0.594603956469417,2.2901226300001145,1.259999978542328,0.02,-0.0,-0.00033651726698731967,-3.939541415231958e-05,0.0,0.15,-0.0,0.0,0.0,-0.0,0.0,0.0,0.0,0.0,0.35,0.0,0.0,0.0,0.0,0.0,0.0,0.0,0.0,0.25,-0.0,-0.75299072265625,0.0,0.635953426361084,-0.0,-0.09412384033203125,-0.09412384033203125,1.5,0.5341226309537888,0.3560817539691925,0.2,0.0,-0.0,-0.0,-0.0,0.5599999904632569,0.699999988079071,-0.0,0.0,-0.0,-0.0,0.0,0.0,0.0,0.44497986915055665,-0.0,-0.0,-0.0,0.02,0.0,0.0,0.0,0.0,0.0,0.0,0.3560817539691925,32.03855057884007,32.4,0.7326086850269979,0.0,0.0,0.699999988079071,2.0,3.0,0.0,0.699999988079071,0.0,0.699999988079071,0.0,0.0,0.0,0.0,0.0,0.0,0.0,0.0,0.0,0.0,0.0,0.0,0.0,0.0,0.0,0.0,0.0,0.0,0.0,72.8224868774414,32.11234664916992,72.58290100097656,31.900217056274414,-0.23958587646484375,-0.2121295928955078,0.320000559091568,-2.4169020335044453,-0.9149883985519409,-0.4034801125526428,0.0,0.0,0.0,0.0,28.0,28.0,28.0,0.0,1.0,18.0,0.0,0.0,1.0,0.0,1.0,0.0,0.0,0.0,9.04,153.89960003085434,0.43970008846372366,132.2484000120312,14.434000011533499,10.997900040820241,4.0,3.7653999170288444,2.373900031670928,0.6072999676689506,0.000500003807246685
1,227,227,4.960007660567102,0,0,2.0,4.0,1.0,1.0,1.0,1.0,1.0,1.0,1.0,0.9090617895126343,0.8937888145446777,1.0,1.0,1.0,0.8937888145446777,1.0,1.0,0.8937888145446777,1.0,0.0,1.0,0.0639326274394989,1.0,0.06191197782754898,0.45769357681274414,0.40683940052986145,0.0,-0.0007421924965456128,0.8652875423431396,-0.501275897026062,0.0,0.0,0.0,0.0,0.0,0.0,123.82767486572266,22.8499755859375,25.0,25.0,25.0,22.8499755859375,0.0,1.0,0.9139990234375,1.0,0.0,0.0,0.0,0.0,0.0,1.654098629951477,0.8073379698354514,0.7738326746225357,1.704738386157639,0.02,-0.0,-0.00033651726698731967,-3.218651317339535e-05,0.20210189819335939,0.15,-0.0,0.0,0.0,-0.0,0.0,0.0,0.0,0.0,0.35,0.0,0.0,0.0,0.0,0.0,0.0,0.0,0.0,0.25,-0.0,-0.71051025390625,0.0,0.654098629951477,-0.0,-0.08881378173828125,-0.08881378173828125,-0.05,0.5438326746225357,0.3625551164150238,0.2,0.0,-0.0,-0.0,-0.0,0.8,1.0,-0.0,0.0,-0.0,-0.0,0.0,0.0,0.0,0.45560477542225275,-0.04500000178813934,-0.0,-0.05026161205422159,0.02,0.0,0.0,0.0,0.0,0.0,0.0,0.3625551164150238,32.8035438304022,32.4,1.0,0.0,0.0,1.0,2.0,4.0,0.0,1.0,0.0,1.0,0.0,0.0,0.0,0.0,0.0,0.0,0.0,0.0,0.0,0.0,0.0,0.0,0.0,0.0,0.0,0.0,0.0,0.0,0.0,72.58311462402344,31.900341033935547,72.3435287475586,31.68821144104004,-0.23958587646484375,-0.2121295928955078,0.320000559091568,-2.4169020335044453,-0.9154834151268005,-0.40235576033592224,0.0,0.0,0.0,0.0,28.0,28.0,28.0,0.0,1.0,18.0,0.0,0.0,1.0,0.0,1.0,0.0,0.0,0.0,9.08,196.69870007783175,0.6253999890759587,136.30650006234646,51.81769991759211,26.363199925981462,4.0,4.393199924379587,3.040799987502396,0.4822000628337264,0.000400003045797348
1,228,228,5.0424952890151316,0,0,2.0,4.0,1.0,1.0,1.0,1.0,1.0,1.0,1.0,0.9296324849128723,0.9139990210533142,1.0,1.0,1.0,0.9139990210533142,1.0,1.0,0.9139990210533142,1.0,0.0,1.0,0.05955292284488678,1.0,0.05771206319332123,0.4686220586299896,0.664056658744812,0.0,0.0030254609882831573,0.8651902079582214,-0.5014438629150391,0.0,0.0,0.0,0.0,0.0,0.0,123.73990631103516,23.363134384155273,25.0,25.0,25.0,23.363134384155273,0.0,1.0,0.9345253753662109,1.0,0.0,0.0,0.0,0.0,0.0,1.6549569368362427,0.7979539837115582,0.7695843684673309,1.8,0.02,-0.0,-0.00033651726698731967,-2.621374784295019e-05,0.2052635192871094,0.15,-0.0,0.0,0.0,-0.0,0.0,0.0,0.0,0.0,0.35,0.0,0.0,0.0,0.0,0.0,0.0,0.0,0.0,0.25,-0.0,-0.7021484375,0.0,0.6549569368362427,-0.0,-0.0877685546875,-0.0877685546875,-0.05,0.5395843684673309,0.35972291231155396,0.2,0.0,-0.0,-0.0,-0.0,0.8,1.0,-0.0,0.0,-0.0,-0.0,0.0,0.0,0.0,0.4430531954392791,-0.0,-0.0,-0.0,0.02,0.0,0.0,0.0,0.0,0.0,0.0,0.35972291231155396,31.899830071628095,32.4,0.0,0.6,0.0,1.0,2.0,4.0,0.0,1.0,0.0,1.0,0.0,0.0,0.0,0.0,0.0,0.0,0.0,0.0,0.0,0.0,0.0,0.0,0.0,0.0,0.0,0.0,0.0,0.0,0.0,72.34370422363281,31.688383102416992,72.10411834716797,31.476253509521484,-0.23958587646484375,-0.2121295928955078,0.320000559091568,-2.4169020335044453,-0.9159805178642273,-0.40122276544570923,0.0,0.0,0.0,0.0,28.0,28.0,28.0,0.0,1.0,18.0,0.0,0.0,1.0,0.0,1.0,0.0,0.0,0.0,9.12,146.35910000652075,0.6174000445753336,109.94280001614243,28.688699938356876,15.286400099284947,4.0,3.6504999734461308,2.725800033658743,0.6940999301150441,0.000400003045797348
1,229,229,4.848801241597677,0,0,2.0,4.0,1.0,1.0,1.0,1.0,1.0,1.0,1.0,0.9505342245101929,0.9345253705978394,1.0,1.0,1.0,0.9345253705978394,1.0,1.0,0.9345253705978394,1.0,0.0,1.0,0.05519447475671768,1.0,0.05352628231048584,0.45571187138557434,-0.7844737768173218,0.0,-0.00025748711777850986,0.8652125000953674,-0.5014053583145142,0.0,0.0,0.0,0.0,0.0,0.0,123.65413665771484,23.363134384155273,25.0,25.0,25.0,23.363134384155273,0.0,1.0,0.9345253753662109,1.0,0.0,0.0,0.0,0.0,0.0,1.6596676707267761,0.6007954352940571,0.770484294295311,1.7978538412815332,0.02,-0.0,-0.00033651726698731967,-2.621374784295019e-05,0.0,0.15,-0.0,0.0,0.0,-0.0,0.0,0.0,0.0,0.0,0.35,0.0,0.0,0.0,0.0,0.0,0.0,0.0,0.0,0.25,-0.0,-0.6861572265625,0.0,0.6596676707267761,-0.0,-0.0857696533203125,-0.0857696533203125,-0.05,0.540484294295311,0.36032286286354065,0.2,0.0,-0.0,-0.0,-0.0,0.8,1.0,-0.0,0.0,-0.0,-0.0,0.0,0.0,0.0,0.45115816630888733,-0.0,-0.0,-0.002146158718466689,0.02,0.0,0.0,0.0,0.0,0.0,0.0,0.36032286286354065,32.48338797423989,32.4,1.0,0.0,0.0,1.0,2.0,4.0,0.0,1.0,0.0,1.0,0.0,0.0,0.0,0.0,0.0,0.0,0.0,0.0,0.0,0.0,0.0,0.0,0.0,0.0,0.0,0.0,0.0,0.0,0.0,72.10427856445312,31.476442337036133,71.86469268798828,31.264312744140625,-0.23958587646484375,-0.2121295928955078,0.320000559091568,-2.4169020335044453,-0.9164799451828003,-0.40008068084716797,0.0,0.0,0.0,0.0,28.0,28.0,28.0,0.0,1.0,18.0,0.0,0.0,1.0,0.0,1.0,0.0,0.0,0.0,9.16,21393.851200002246,0.45659998431801796,110.74759997427464,21276.17209998425,21270.686500007287,4.0,3.702900023199618,2.0846999250352383,0.6587000098079443,0.000300002284348011
1,230,230,5.041019172590245,0,0,2.0,4.0,1.0,1.0,1.0,1.0,1.0,1.0,1.0,0.9505342245101929,0.9345253705978394,1.0,1.0,1.0,0.9345253705978394,1.0,1.0,0.9345253705978394,1.0,0.0,1.0,0.0508296974003315,1.0,0.04932761564850807,0.4640483856201172,0.5065606832504272,0.0,-0.00025748711777850986,0.865134060382843,-0.5015406608581543,0.0,0.0,0.0,0.0,0.0,0.0,123.56918334960938,23.876007080078125,25.0,25.0,25.0,23.876007080078125,0.0,1.0,0.955040283203125,1.0,0.0,0.0,0.0,0.0,0.0,1.659578800201416,0.7952819000892537,0.7661584722995758,1.8,0.02,-0.0,-0.00033651726698731967,-2.135177600812279e-05,0.20514907836914065,0.15,-0.0,0.0,0.0,-0.0,0.0,0.0,0.0,0.0,0.35,0.0,0.0,0.0,0.0,0.0,0.0,0.0,0.0,0.25,-0.0,-0.67962646484375,0.0,0.659578800201416,-0.0,-0.08495330810546875,-0.08495330810546875,-0.05,0.5361584722995758,0.35743898153305054,0.2,0.0,-0.0,-0.0,-0.0,0.8,1.0,-0.0,0.0,-0.0,-0.0,0.0,0.0,0.0,0.4404906907631085,-0.0,-0.0,-0.0,0.02,0.0,0.0,0.0,0.0,0.0,0.0,0.35743898153305054,31.715329734943808,32.4,0.0,0.6,0.0,1.0,2.0,4.0,0.0,1.0,0.0,1.0,0.0,0.0,0.0,0.0,0.0,0.0,0.0,0.0,0.0,0.0,0.0,0.0,0.0,0.0,0.0,0.0,0.0,0.0,0.0,71.8648452758789,31.264511108398438,71.62525939941406,31.052379608154297,-0.23958587646484375,-0.21213150024414062,0.3200018107891083,-2.416897598338307,-0.9169816970825195,-0.3989291787147522,0.0,0.0,0.0,0.0,28.0,28.0,28.0,0.0,1.0,18.0,0.0,0.0,1.0,0.0,1.0,0.0,0.0,0.0,9.2,139.34140000492334,0.37480005994439125,95.7553000189364,34.86690006684512,14.602099894545972,4.0,5.326099926605821,2.2184000117704272,0.7610999746248126,0.000400003045797348
1,231,231,4.851648094198685,0,0,2.0,4.0,1.0,1.0,1.0,1.0,1.0,1.0,1.0,0.9713947772979736,0.9550402760505676,1.0,1.0,1.0,0.9550402760505676,1.0,1.0,0.9550402760505676,1.0,0.0,1.0,0.04648558422923088,1.0,0.04514288902282715,0.4530761241912842,-0.6667172312736511,0.0,-0.000823065813165158,0.8651542067527771,-0.5015059113502502,0.0,0.0,0.0,0.0,0.0,0.0,123.48658752441406,23.876007080078125,25.0,25.0,25.0,23.876007080078125,0.0,1.0,0.955040283203125,1.0,0.0,0.0,0.0,0.0,0.0,1.6656025052070618,0.598888306758386,0.7671572822332382,1.8,0.02,-0.0,-0.00033651726698731967,-2.135177600812279e-05,0.0,0.15,-0.0,0.0,0.0,-0.0,0.0,0.0,0.0,0.0,0.35,0.0,0.0,0.0,0.0,0.0,0.0,0.0,0.0,0.25,-0.0,-0.6607666015625,0.0,0.6656025052070618,-0.0,-0.0825958251953125,-0.0825958251953125,-0.05,0.5371572822332382,0.3581048548221588,0.2,0.0,-0.0,-0.0,-0.0,0.8,1.0,-0.0,0.0,-0.0,-0.0,0.0,0.0,0.0,0.4492461758013815,-0.0,-0.0,-0.0,0.02,0.0,0.0,0.0,0.0,0.0,0.0,0.3581048548221588,32.34572465769947,32.4,1.0,0.0,0.0,1.0,2.0,4.0,0.0,1.0,0.0,1.0,0.0,0.0,0.0,0.0,0.0,0.0,0.0,0.0,0.0,0.0,0.0,0.0,0.0,0.0,0.0,0.0,0.0,0.0,0.0,71.62541198730469,31.052581787109375,71.38583374023438,30.84044647216797,-0.2395782470703125,-0.21213531494140625,0.3199986219406128,-2.416872853729416,-0.9174859523773193,-0.39776813983917236,0.0,0.0,0.0,0.0,28.0,28.0,28.0,0.0,1.0,18.0,0.0,0.0,1.0,0.0,1.0,0.0,0.0,0.0,9.24,181.23790004756302,0.7556000491604209,129.3733000056818,43.368899961933494,14.754000003449619,4.0,4.881500033661723,2.0798000041395426,0.7504000095650554,0.000500003807246685
1,232,232,5.017637704070663,0,0,2.0,4.0,1.0,1.0,1.0,1.0,1.0,1.0,1.0,0.9713947772979736,0.9550402760505676,1.0,1.0,1.0,0.9550402760505676,1.0,1.0,0.9550402760505676,1.0,0.0,1.0,0.042136017233133316,1.0,0.04094632714986801,0.46208178997039795,0.5472177863121033,0.0,-0.000823065813165158,0.8650856018066406,-0.5016242861747742,0.0,0.0,0.0,0.0,0.0,0.0,123.4097900390625,24.38733673095703,25.0,25.0,25.0,24.38733673095703,0.0,1.0,0.9754934692382813,1.0,0.0,0.0,0.0,0.0,0.0,1.685459315776825,0.8111086507708674,0.7779253232479095,1.7231444142750614,0.02,-0.0,-0.00033651726698731967,-1.7402311831175533e-05,0.2045318603515625,0.15,-0.0,0.0,0.0,-0.0,0.0,0.0,0.0,0.0,0.35,0.0,0.0,0.0,0.0,0.0,0.0,0.0,0.0,0.25,-0.0,-0.6143798828125,0.0,0.685459315776825,-0.0,-0.0767974853515625,-0.0767974853515625,-0.05,0.5479253232479095,0.3652835488319397,0.2,0.0,-0.0,-0.0,-0.0,0.8,1.0,-0.0,0.0,-0.0,-0.0,0.0,0.0,0.0,0.45693070999812335,-0.0,-0.0,-0.0768555857249387,0.02,0.0,0.0,0.0,0.0,0.0,0.0,0.3652835488319397,32.89901111986488,32.4,1.0,0.0,0.0,1.0,2.0,4.0,0.0,1.0,0.0,1.0,0.0,0.0,0.0,0.0,0.0,0.0,0.0,0.0,0.0,0.0,0.0,0.0,0.0,0.0,0.0,0.0,0.0,0.0,0.0,71.385986328125,30.84065055847168,71.14640808105469,30.62851333618164,-0.2395782470703125,-0.21213722229003906,0.31999990344047546,-2.4168684236755196,-0.9179927110671997,-0.39659732580184937,0.0,0.0,0.0,0.0,28.0,28.0,28.0,0.0,1.0,18.0,0.0,0.0,1.0,0.0,1.0,0.0,0.0,0.0,9.28,184.81160001829267,0.651499954983592,144.00410000234842,33.33590005058795,14.604199910536408,4.0,3.7535999435931444,2.479500020854175,0.5552000366151333,0.000500003807246685
1,233,233,4.877244528425755,0,0,2.0,4.0,1.0,1.0,1.0,1.0,1.0,1.0,1.0,0.9922150373458862,0.9754934906959534,1.0,1.0,1.0,0.9754934906959534,1.0,1.0,0.9754934906959534,1.0,0.0,1.0,0.037735842168331146,1.0,0.036693207919597626,0.46998587250709534,0.48028337955474854,0.0,0.0012249996652826667,0.8650371432304382,-0.5017078518867493,0.0,0.0,0.0,0.0,0.0,0.0,123.33431243896484,24.38733673095703,25.0,25.0,25.0,24.38733673095703,0.0,1.0,0.9754934692382813,1.0,0.0,0.0,0.0,0.0,0.0,1.6872812509536743,0.5963241689334532,0.7736391085386276,1.8,0.02,-0.0,-0.00033651726698731967,-1.7402311831175533e-05,0.0,0.15,-0.0,0.0,0.0,-0.0,0.0,0.0,0.0,0.0,0.35,0.0,0.0,0.0,0.0,0.0,0.0,0.0,0.0,0.25,-0.0,-0.60382080078125,0.0,0.6872812509536743,-0.0,-0.07547760009765625,-0.07547760009765625,-0.05,0.5436391085386276,0.3624260723590851,0.2,0.0,-0.0,-0.0,-0.0,0.8,1.0,-0.0,0.0,-0.0,-0.0,0.0,0.0,0.0,0.44667808851227164,-0.0,-0.0,-0.0,0.02,0.0,0.0,0.0,0.0,0.0,0.0,0.3624260723590851,32.16082237288356,32.4,0.0,0.6,0.0,1.0,2.0,4.0,0.0,1.0,0.0,1.0,0.0,0.0,0.0,0.0,0.0,0.0,0.0,0.0,0.0,0.0,0.0,0.0,0.0,0.0,0.0,0.0,0.0,0.0,0.0,71.14655303955078,30.62871742248535,70.90697479248047,30.41657829284668,-0.2395782470703125,-0.21213912963867188,0.32000118494033813,-2.416863909482492,-0.9185019135475159,-0.3954167068004608,0.0,0.0,0.0,0.0,28.0,28.0,28.0,0.0,1.0,18.0,0.0,0.0,1.0,0.0,1.0,0.0,0.0,0.0,9.32,133.8494000956416,0.5091000348329544,98.10790000483394,27.413700008764863,13.074100017547607,4.0,4.3830000795423985,2.787899924442172,0.6221000803634524,0.000500003807246685
1,234,234,4.468495178659076,0,0,2.0,3.0,1.0,1.0,1.0,1.0,1.0,1.0,1.0,0.9922150373458862,0.9754934906959534,1.0,1.0,1.0,0.9754934906959534,1.0,1.0,0.9754934906959534,1.0,0.0,1.0,0.03335835039615631,1.0,0.03245651721954346,0.45944032073020935,-0.6407888531684875,0.0,0.0012249996652826667,0.8650698661804199,-0.501651406288147,0.0,0.0,0.0,0.0,0.0,0.0,123.26077270507812,24.90420150756836,25.0,25.0,25.0,24.90420150756836,0.0,1.0,0.9961680603027344,1.0,0.0,0.0,0.0,0.0,0.0,1.6915730834007263,0.8096385802174961,0.7491143333911896,1.198169181649664,0.02,-0.0,-0.00033651726698731967,-1.415201689400977e-05,0.20674591064453127,0.15,-0.0,0.0,0.0,-0.0,0.0,0.0,0.0,0.0,0.35,0.0,0.0,0.0,0.0,0.0,0.0,0.0,0.0,0.25,-0.0,-0.58831787109375,0.0,0.6915730834007263,-0.0,-0.07353973388671875,-0.07353973388671875,-0.05,0.5431143343448639,0.3620762228965759,0.2,0.0,-0.0,-0.0,-0.0,0.5599999904632569,0.699999988079071,-0.0,0.0,-0.0,-0.0,0.0,0.0,0.0,0.45324333885684615,-0.04500000178813934,-0.0,-0.01683079510452455,0.02,0.0,0.0,0.0,0.0,0.0,0.0,0.3620762228965759,32.63352039769292,32.4,0.7326086850269979,0.0,0.0,0.699999988079071,2.0,3.0,0.0,0.699999988079071,0.0,0.699999988079071,0.0,0.0,0.0,0.0,0.0,0.0,0.0,0.0,0.0,0.0,0.0,0.0,0.0,0.0,0.0,0.0,0.0,0.0,0.0,70.90711975097656,30.41678237915039,70.66754150390625,30.20464324951172,-0.2395782470703125,-0.21213912963867188,0.32000118494033813,-2.416863909482492,-0.9190134406089783,-0.3942260146141052,0.0,0.0,0.0,0.0,28.0,28.0,28.0,0.0,1.0,18.0,0.0,0.0,1.0,0.0,1.0,0.0,0.0,0.0,9.36,157.2068000677973,0.6434000097215176,101.73560003750026,46.86609993223101,37.5983000267297,4.0,4.469099920243025,2.8209000593051314,0.6425000028684735,0.000600004568696022
1,235,235,4.861995369768627,0,0,2.0,4.0,1.0,1.0,1.0,1.0,1.0,1.0,1.0,1.0,0.9961680769920349,1.0,1.0,1.0,0.9961680769920349,1.0,1.0,0.9961680769920349,1.0,0.0,1.0,0.028982846066355705,1.0,0.028216125443577766,0.46619313955307007,0.4103281497955322,0.0,0.0011533715296536684,0.8650105595588684,-0.5017536878585815,0.0,0.0,0.0,0.0,0.0,0.0,123.18779754638672,25.0,25.0,25.0,25.0,25.0,0.0,1.0,1.0,1.0,0.0,0.0,0.0,0.0,0.0,1.6902154088020325,0.628941041803844,0.7678389209508896,1.7549999982118607,0.02,-0.0,-0.00033651726698731967,-1.3619978928745457e-05,0.03831939697265625,0.15,-0.0,0.0,0.0,-0.0,0.0,0.0,0.0,0.0,0.35,0.0,0.0,0.0,0.0,0.0,0.0,0.0,0.0,0.25,-0.0,-0.58380126953125,0.0,0.6902154088020325,-0.0,-0.07297515869140625,-0.07297515869140625,-0.05,0.5378389209508896,0.3585592806339264,0.2,0.0,-0.0,-0.0,-0.0,0.8,1.0,-0.0,0.0,-0.0,-0.0,0.0,0.0,0.0,0.44097178207710386,-0.04500000178813934,-0.0,-0.0,0.02,0.0,0.0,0.0,0.0,0.0,0.0,0.3585592806339264,31.749968309551477,32.4,0.0,0.6,0.0,1.0,2.0,4.0,0.0,1.0,0.0,1.0,0.0,0.0,0.0,0.0,0.0,0.0,0.0,0.0,0.0,0.0,0.0,0.0,0.0,0.0,0.0,0.0,0.0,0.0,0.0,70.66768646240234,30.20484733581543,70.42811584472656,29.99270248413086,-0.23957061767578125,-0.2121448516845703,0.31999924778938293,-2.416834769221976,-0.9195275902748108,-0.39302533864974976,0.0,0.0,0.0,0.0,28.0,28.0,28.0,0.0,1.0,18.0,0.0,0.0,1.0,0.0,1.0,0.0,0.0,0.0,9.4,170.18769995775074,0.6133000133559108,120.59449998196214,41.294599999673665,15.435999957844615,4.0,3.907599952071905,3.146599978208542,0.5953999934718013,0.000600004568696022
1,236,236,4.884272529780619,0,0,2.0,4.0,1.0,1.0,1.0,1.0,1.0,1.0,1.0,1.0,1.0,1.0,1.0,1.0,1.0,1.0,1.0,1.0,1.0,0.0,1.0,0.024632692337036133,1.0,0.023995257914066315,0.4535709619522095,-0.7669723033905029,0.0,-1.8562293917057104e-05,0.8650232553482056,-0.5017317533493042,0.0,0.0,0.0,0.0,0.0,0.0,123.11710357666016,25.0,25.0,25.0,25.0,25.0,0.0,1.0,1.0,1.0,0.0,0.0,0.0,0.0,0.0,1.695909321308136,0.600637450674474,0.7692862856388092,1.7984394721591994,0.02,-0.0,-0.00033651726698731967,-1.3619978928745457e-05,0.0,0.15,-0.0,0.0,0.0,-0.0,0.0,0.0,0.0,0.0,0.35,0.0,0.0,0.0,0.0,0.0,0.0,0.0,0.0,0.25,-0.0,-0.5655517578125,0.0,0.695909321308136,-0.0,-0.0706939697265625,-0.0706939697265625,-0.05,0.5392862856388092,0.3595241904258728,0.2,0.0,-0.0,-0.0,-0.0,0.8,1.0,-0.0,0.0,-0.0,-0.0,0.0,0.0,0.0,0.4509875879203901,-0.0,-0.0,-0.0015605278408006677,0.02,0.0,0.0,0.0,0.0,0.0,0.0,0.3595241904258728,32.471106330268086,32.4,1.0,0.0,0.0,1.0,2.0,4.0,0.0,1.0,0.0,1.0,0.0,0.0,0.0,0.0,0.0,0.0,0.0,0.0,0.0,0.0,0.0,0.0,0.0,0.0,0.0,0.0,0.0,0.0,0.0,70.42826080322266,29.99290657043457,70.18869018554688,29.780759811401367,-0.23957061767578125,-0.21214675903320312,0.3200005292892456,-2.4168302550269414,-0.9200442433357239,-0.39181432127952576,0.0,0.0,0.0,0.0,28.0,28.0,28.0,0.0,1.0,18.0,0.0,0.0,1.0,0.0,1.0,0.0,0.0,0.0,9.44,139.54350003041327,0.7613000925630331,120.27809990104288,10.8526999829337,7.292199996300042,4.0,4.153500078245997,2.7877999236807227,0.6877999985590577,0.000500003807246685
1,237,237,4.870810478944256,0,0,2.0,4.0,1.0,1.0,1.0,1.0,1.0,1.0,1.0,1.0,1.0,1.0,1.0,1.0,1.0,1.0,1.0,1.0,1.0,0.0,1.0,0.020273780450224876,1.0,0.019760485738515854,0.4638729393482208,0.6259878873825073,0.0,-1.8562293917057104e-05,0.8649723529815674,-0.5018194913864136,0.0,0.0,0.0,0.0,0.0,0.0,123.04727935791016,25.0,25.0,25.0,25.0,25.0,0.0,1.0,1.0,1.0,0.0,0.0,0.0,0.0,0.0,1.6959002614021301,0.5897131383604555,0.7651970791816711,1.8,0.02,-0.0,-0.00033651726698731967,-1.3619978928745457e-05,0.0,0.15,-0.0,0.0,0.0,-0.0,0.0,0.0,0.0,0.0,0.35,0.0,0.0,0.0,0.0,0.0,0.0,0.0,0.0,0.25,-0.0,-0.55859375,0.0,0.6959002614021301,-0.0,-0.06982421875,-0.06982421875,-0.05,0.5351970791816711,0.35679805278778076,0.2,0.0,-0.0,-0.0,-0.0,0.8,1.0,-0.0,0.0,-0.0,-0.0,0.0,0.0,0.0,0.4400632756063715,-0.0,-0.0,-0.0,0.02,0.0,0.0,0.0,0.0,0.0,0.0,0.35679805278778076,31.684555843658746,32.4,0.0,0.6,0.0,1.0,2.0,4.0,0.0,1.0,0.0,1.0,0.0,0.0,0.0,0.0,0.0,0.0,0.0,0.0,0.0,0.0,0.0,0.0,0.0,0.0,0.0,0.0,0.0,0.0,0.0,70.18883514404297,29.780963897705078,69.94926452636719,29.568817138671875,-0.23957061767578125,-0.21214675903320312,0.3200005292892456,-2.4168302550269414,-0.9205634593963623,-0.3905929923057556,0.0,0.0,0.0,0.0,28.0,28.0,28.0,0.0,1.0,18.0,1.0,0.0,1.0,0.0,1.0,0.0,0.0,0.0,9.48,183.83730005007237,0.41420001070946455,106.05319996830076,69.48109995573759,37.23849996458739,4.0,4.406199906952679,2.571400022134185,0.8780000498518348,0.000500003807246685
1,238,238,4.88658586849451,0,0,2.0,4.0,1.0,1.0,1.0,1.0,1.0,1.0,1.0,1.0,1.0,1.0,1.0,1.0,1.0,1.0,1.0,1.0,1.0,0.0,1.0,0.015934547409415245,1.0,0.015539925545454025,0.4526365101337433,-0.6827695369720459,0.0,-0.0006718258955515921,0.8649969100952148,-0.5017771124839783,0.0,0.0,0.0,0.0,0.0,0.0,122.9800033569336,25.0,25.0,25.0,25.0,25.0,0.0,1.0,1.0,1.0,0.0,0.0,0.0,0.0,0.0,1.7024650573730469,0.597857196228504,0.7662636148929596,1.8,0.02,-0.0,-0.00033651726698731967,-1.3619978928745457e-05,0.0,0.15,-0.0,0.0,0.0,-0.0,0.0,0.0,0.0,0.0,0.35,0.0,0.0,0.0,0.0,0.0,0.0,0.0,0.0,0.25,-0.0,-0.5382080078125,0.0,0.7024650573730469,-0.0,-0.0672760009765625,-0.0672760009765625,-0.05,0.5362636148929596,0.3575090765953064,0.2,0.0,-0.0,-0.0,-0.0,0.8,1.0,-0.0,0.0,-0.0,-0.0,0.0,0.0,0.0,0.44820733347442004,-0.0,-0.0,-0.0,0.02,0.0,0.0,0.0,0.0,0.0,0.0,0.3575090765953064,32.270928010158244,32.4,1.0,0.0,0.0,1.0,2.0,4.0,0.0,1.0,0.0,1.0,0.0,0.0,0.0,0.0,0.0,0.0,0.0,0.0,0.0,0.0,0.0,0.0,0.0,0.0,0.0,0.0,0.0,0.0,0.0,69.94940948486328,29.56902313232422,69.70984649658203,29.356870651245117,-0.23956298828125,-0.21215248107910156,0.3199985921382904,-2.416801075253509,-0.9210851788520813,-0.3893612325191498,0.0,0.0,0.0,0.0,28.0,28.0,28.0,0.0,1.0,18.0,0.0,0.0,1.0,0.0,1.0,0.0,0.0,0.0,9.52,158.9424000121653,0.7041000062599778,137.72839994635433,14.6366999251768,12.045099982060492,4.0,3.4651000751182437,1.765499939210713,0.620800070464611,0.000400003045797348
1,239,239,4.860569362885466,0,0,2.0,4.0,1.0,1.0,1.0,1.0,1.0,1.0,1.0,1.0,1.0,1.0,1.0,1.0,1.0,1.0,1.0,1.0,1.0,0.0,1.0,0.011590019799768925,1.0,0.011309174820780754,0.4610132575035095,0.5090036392211914,0.0,-0.0006718258955515921,0.8649410605430603,-0.5018734335899353,0.0,0.0,0.0,0.0,0.0,0.0,122.91873168945312,25.0,25.0,25.0,25.0,25.0,0.0,1.0,1.0,1.0,0.0,0.0,0.0,0.0,0.0,1.723036527633667,0.6060521106467767,0.7770627695322037,1.734417955072819,0.02,-0.0,-0.00033651726698731967,-1.3619978928745457e-05,0.0,0.15,-0.0,0.0,0.0,-0.0,0.0,0.0,0.0,0.0,0.35,0.0,0.0,0.0,0.0,0.0,0.0,0.0,0.0,0.25,-0.0,-0.49017333984375,0.0,0.723036527633667,-0.0,-0.06127166748046875,-0.06127166748046875,-0.05,0.5470627695322037,0.3647085130214691,0.2,0.0,-0.0,-0.0,-0.0,0.8,1.0,-0.0,0.0,-0.0,-0.0,0.0,0.0,0.0,0.45640224789269274,-0.0,-0.0,-0.06558204492718105,0.02,0.0,0.0,0.0,0.0,0.0,0.0,0.3647085130214691,32.860961848273874,32.4,1.0,0.0,0.0,1.0,2.0,4.0,0.0,1.0,0.0,1.0,0.0,0.0,0.0,0.0,0.0,0.0,0.0,0.0,0.0,0.0,0.0,0.0,0.0,0.0,0.0,0.0,0.0,0.0,0.0,69.70999145507812,29.35707664489746,69.47042846679688,29.144920349121094,-0.23956298828125,-0.2121562957763672,0.32000112533569336,-2.4167921654096385,-0.9216094017028809,-0.38811877369880676,0.0,0.0,0.0,0.0,28.0,28.0,28.0,0.0,1.0,18.0,0.0,0.0,1.0,0.0,1.0,0.0,0.0,0.0,9.56,169.75529992487282,0.4927999107167125,113.65730001125485,47.542399959638715,27.61410002131015,4.0,4.288799944333732,3.0002000275999308,0.7421999471262097,0.000400003045797348
1,240,240,4.912819347386173,0,0,2.0,4.0,1.0,1.0,1.0,1.0,1.0,1.0,1.0,1.0,1.0,1.0,1.0,1.0,1.0,1.0,1.0,1.0,1.0,0.0,1.0,0.007194725796580315,1.0,0.0070238858461380005,0.46944230794906616,0.5121821761131287,0.0,0.0010380152380093932,0.8648896813392639,-0.5019620060920715,0.0,0.0,0.0,0.0,0.0,0.0,122.8587417602539,25.0,25.0,25.0,25.0,25.0,0.0,1.0,1.0,1.0,0.0,0.0,0.0,0.0,0.0,1.7244998216629028,0.5955416744993253,0.7727778512239456,1.8,0.02,-0.0,-0.00033651726698731967,-1.3619978928745457e-05,0.0,0.15,-0.0,0.0,0.0,-0.0,0.0,0.0,0.0,0.0,0.35,0.0,0.0,0.0,0.0,0.0,0.0,0.0,0.0,0.25,-0.0,-0.47991943359375,0.0,0.7244998216629028,-0.0,-0.05998992919921875,-0.05998992919921875,-0.05,0.5427778512239456,0.36185190081596375,0.2,0.0,-0.0,-0.0,-0.0,0.8,1.0,-0.0,0.0,-0.0,-0.0,0.0,0.0,0.0,0.4458918117452413,-0.0,-0.0,-0.0,0.02,0.0,0.0,0.0,0.0,0.0,0.0,0.36185190081596375,32.10421044565737,32.4,0.0,0.6,0.0,1.0,2.0,4.0,0.0,1.0,0.0,1.0,0.0,0.0,0.0,0.0,0.0,0.0,0.0,0.0,0.0,0.0,0.0,0.0,0.0,0.0,0.0,0.0,0.0,0.0,0.0,69.47057342529297,29.145126342773438,69.23101806640625,28.932966232299805,-0.23955535888671875,-0.2121601104736328,0.3199979364871979,-2.4167674208019982,-0.922136127948761,-0.3868655860424042,0.0,0.0,0.0,0.0,28.0,28.0,28.0,0.0,1.0,18.0,0.0,0.0,1.0,0.0,1.0,0.0,0.0,0.0,9.6,137.67760002519935,0.5952999927103519,117.62770009227097,13.774599996395409,10.800000047311187,4.0,2.9958999948576093,2.0701000466942787,0.5888999439775944,0.000500003807246685
1,241,241,4.3050753090193465,0,0,2.0,3.0,1.0,1.0,1.0,1.0,1.0,1.0,1.0,1.0,1.0,1.0,1.0,1.0,1.0,1.0,1.0,1.0,1.0,0.0,1.0,0.0028221288230270147,1.0,0.002756462199613452,0.45863157510757446,-0.6569022536277771,0.0,0.0010380152380093932,0.8649154901504517,-0.5019174814224243,0.0,0.0,0.0,0.0,0.0,0.0,122.80057525634766,25.0,25.0,25.0,25.0,25.0,0.0,1.0,1.0,1.0,0.0,0.0,0.0,0.0,0.0,1.728179693222046,0.6019228762573746,0.7482393074035645,1.2067334321363619,0.02,-0.0,-0.00033651726698731967,-1.3619978928745457e-05,0.0,0.15,-0.0,0.0,0.0,-0.0,0.0,0.0,0.0,0.0,0.35,0.0,0.0,0.0,0.0,0.0,0.0,0.0,0.0,0.25,-0.0,-0.46533203125,0.0,0.7281796932220459,-0.0,-0.05816650390625,-0.05816650390625,-0.05,0.5422393083572388,0.3614928722381592,0.2,0.0,-0.0,-0.0,-0.0,0.5599999904632569,0.699999988079071,-0.0,0.0,-0.0,-0.0,0.0,0.0,0.0,0.4522730135032907,-0.04500000178813934,-0.0,-0.008266544617826813,0.02,0.0,0.0,0.0,0.0,0.0,0.0,0.3614928722381592,32.56365697223693,32.4,0.7326086850269979,0.0,0.0,0.699999988079071,2.0,3.0,0.0,0.699999988079071,0.0,0.699999988079071,0.0,0.0,0.0,0.0,0.0,0.0,0.0,0.0,0.0,0.0,0.0,0.0,0.0,0.0,0.0,0.0,0.0,0.0,0.0,69.23116302490234,28.93317222595215,68.99160766601562,28.72100830078125,-0.23955535888671875,-0.21216392517089844,0.32000046968460083,-2.416758510958657,-0.9226654171943665,-0.3856014609336853,0.0,0.0,0.0,0.0,28.0,28.0,28.0,0.0,1.0,18.0,0.0,0.0,1.0,0.0,1.0,0.0,0.0,0.0,9.64,180.8711999328807,0.4624000284820795,114.31199999060482,57.861699955537915,37.23989997524768,4.0,4.5764000387862325,2.9356000013649464,0.6944999331608415,0.000400003045797348
1,242,242,4.339729787376634,0,0,2.0,3.0,1.0,1.0,1.0,1.0,1.0,1.0,1.0,1.0,1.0,1.0,1.0,1.0,1.0,1.0,1.0,1.0,1.0,0.0,1.0,-0.0015490532387048006,1.0,-0.0015137256123125553,0.46519508957862854,0.39882510900497437,0.0,0.0009887883206829429,0.8648581504821777,-0.5020163655281067,0.0,0.0,0.0,0.0,0.0,0.0,122.74279022216797,25.0,25.0,25.0,25.0,25.0,0.0,1.0,1.0,1.0,0.0,0.0,0.0,0.0,0.0,1.726011574268341,0.590803961423151,0.7429142731428147,1.259999978542328,0.02,-0.0,-0.00033651726698731967,-1.3619978928745457e-05,0.0,0.15,-0.0,0.0,0.0,-0.0,0.0,0.0,0.0,0.0,0.35,0.0,0.0,0.0,0.0,0.0,0.0,0.0,0.0,0.25,-0.0,-0.4622802734375,0.0,0.7260115742683411,-0.0,-0.0577850341796875,-0.0577850341796875,-0.05,0.536914274096489,0.3579428493976593,0.2,0.0,-0.0,-0.0,-0.0,0.5599999904632569,0.699999988079071,-0.0,0.0,-0.0,-0.0,0.0,0.0,0.0,0.441154098669067,-0.0,-0.0,-0.0,0.02,0.0,0.0,0.0,0.0,0.0,0.0,0.3579428493976593,31.763095104172827,32.4,0.0,0.6,0.0,0.699999988079071,2.0,3.0,0.0,0.699999988079071,0.0,0.699999988079071,0.0,0.0,0.0,0.0,0.0,0.0,0.0,0.0,0.0,0.0,0.0,0.0,0.0,0.0,0.0,0.0,0.0,0.0,0.0,68.99175262451172,28.721214294433594,68.75220489501953,28.50904655456543,-0.2395477294921875,-0.21216773986816406,0.31999728083610535,-2.4167337663523676,-0.923197329044342,-0.38432636857032776,0.0,0.0,0.0,0.0,28.0,28.0,28.0,0.0,1.0,18.0,0.0,0.0,1.0,0.0,1.0,0.0,0.0,0.0,9.68,173.97859995253384,0.5951999919489026,130.94840000849217,34.40429992042482,18.951800069771707,4.0,4.097199998795986,2.9296999564394355,0.9634000016376376,0.000400003045797348
1,243,243,4.875066052771766,0,0,2.0,4.0,1.0,1.0,1.0,1.0,1.0,1.0,1.0,1.0,1.0,1.0,1.0,1.0,1.0,1.0,1.0,1.0,1.0,0.0,1.0,-0.005895010661333799,1.0,-0.005763281602412462,0.45375850796699524,-0.6949321627616882,0.0,4.393134076963179e-05,0.8648593425750732,-0.5020142793655396,0.0,0.0,0.0,0.0,0.0,0.0,122.69628143310547,25.0,25.0,25.0,25.0,25.0,0.0,1.0,1.0,1.0,0.0,0.0,0.0,0.0,0.0,1.7319942712783813,0.5997610318194327,0.7683305251598358,1.754980224514116,0.02,-0.0,-0.00033651726698731967,-1.3619978928745457e-05,0.0,0.15,-0.0,0.0,0.0,-0.0,0.0,0.0,0.0,0.0,0.35,0.0,0.0,0.0,0.0,0.0,0.0,0.0,0.0,0.25,-0.0,-0.3720703125,0.0,0.7319942712783813,-0.0,-0.0465087890625,-0.0465087890625,-0.05,0.5383305251598358,0.3588870167732239,0.2,0.0,-0.0,-0.0,-0.0,0.8,1.0,-0.0,0.0,-0.0,-0.0,0.0,0.0,0.0,0.4501111690653488,-0.04500000178813934,-0.0,-1.9773697744842646e-05,0.02,0.0,0.0,0.0,0.0,0.0,0.0,0.3588870167732239,32.40800417270511,32.4,1.0,0.0,0.0,1.0,2.0,4.0,0.0,1.0,0.0,1.0,0.0,0.0,0.0,0.0,0.0,0.0,0.0,0.0,0.0,0.0,0.0,0.0,0.0,0.0,0.0,0.0,0.0,0.0,0.0,68.75234985351562,28.509252548217773,68.52154541015625,28.2876033782959,-0.230804443359375,-0.221649169921875,0.31999850273132324,-2.3764264837628395,-0.923731803894043,-0.38304004073143005,0.0,0.0,0.0,0.0,28.0,28.0,28.0,0.0,1.0,17.0,0.0,0.0,1.0,0.0,1.0,0.0,0.0,0.0,9.72,166.48140002507716,0.544500071555376,124.0813999902457,33.624099916778505,13.306700042448938,4.0,4.7750999219715595,2.752400003373623,0.6628000410273671,0.000400003045797348
1,244,244,4.904963794168941,0,0,2.0,4.0,1.0,1.0,1.0,1.0,1.0,1.0,1.0,1.0,1.0,1.0,1.0,1.0,1.0,1.0,1.0,1.0,1.0,0.0,1.0,-0.010328610427677631,1.0,-0.010101636871695518,0.4629714787006378,0.5598168969154358,0.0,4.393134076963179e-05,0.8648215532302856,-0.5020793676376343,0.0,0.0,0.0,0.0,0.0,0.0,122.65072631835938,25.0,25.0,25.0,25.0,25.0,0.0,1.0,1.0,1.0,0.0,0.0,0.0,0.0,0.0,1.7320585250854492,0.5886825023264809,0.7642227667570114,1.8,0.02,-0.0,-0.00033651726698731967,-1.3619978928745457e-05,0.0,0.15,-0.0,0.0,0.0,-0.0,0.0,0.0,0.0,0.0,0.35,0.0,0.0,0.0,0.0,0.0,0.0,0.0,0.0,0.25,-0.0,-0.36444091796875,0.0,0.7320585250854492,-0.0,-0.04555511474609375,-0.04555511474609375,-0.05,0.5342227667570114,0.35614851117134094,0.2,0.0,-0.0,-0.0,-0.0,0.8,1.0,-0.0,0.0,-0.0,-0.0,0.0,0.0,0.0,0.4390326395723969,-0.0,-0.0,-0.0,0.02,0.0,0.0,0.0,0.0,0.0,0.0,0.35614851117134094,31.610350049212578,32.4,0.0,0.6,0.0,1.0,2.0,4.0,0.0,1.0,0.0,1.0,0.0,0.0,0.0,0.0,0.0,0.0,0.0,0.0,0.0,0.0,0.0,0.0,0.0,0.0,0.0,0.0,0.0,0.0,0.0,68.52173614501953,28.287778854370117,68.29093170166016,28.066129684448242,-0.230804443359375,-0.221649169921875,0.31999850273132324,-2.3764264837628395,-0.9243312478065491,-0.38159099221229553,0.0,0.0,0.0,0.0,28.0,28.0,28.0,0.0,1.0,17.0,0.0,0.0,1.0,0.0,1.0,0.0,0.0,0.0,9.76,206.81210001930594,0.4085999680683017,152.67079998739064,45.885900035500526,26.175999897532165,4.0,4.250900004990399,2.4476000107824802,1.1112999636679888,0.000500003807246685
1,245,245,4.921461991500034,0,0,2.0,4.0,1.0,1.0,1.0,1.0,1.0,1.0,1.0,1.0,1.0,1.0,1.0,1.0,1.0,1.0,1.0,1.0,1.0,0.0,1.0,-0.014741945080459118,1.0,-0.014423342421650887,0.45157644152641296,-0.6924080848693848,0.0,-0.0003050915547646582,0.864837110042572,-0.5020525455474854,0.0,0.0,0.0,0.0,0.0,0.0,122.60790252685547,25.0,25.0,25.0,25.0,25.0,0.0,1.0,1.0,1.0,0.0,0.0,0.0,0.0,0.0,1.7391510605812073,0.5968522022477536,0.7654587286710739,1.8,0.02,-0.0,-0.00033651726698731967,-1.3619978928745457e-05,0.0,0.15,-0.0,0.0,0.0,-0.0,0.0,0.0,0.0,0.0,0.35,0.0,0.0,0.0,0.0,0.0,0.0,0.0,0.0,0.25,-0.0,-0.34259033203125,0.0,0.7391510605812073,-0.0,-0.04282379150390625,-0.04282379150390625,-0.05,0.5354587286710739,0.35697248578071594,0.2,0.0,-0.0,-0.0,-0.0,0.8,1.0,-0.0,0.0,-0.0,-0.0,0.0,0.0,0.0,0.4472023394936696,-0.0,-0.0,-0.0,0.02,0.0,0.0,0.0,0.0,0.0,0.0,0.35697248578071594,32.19856844354421,32.4,1.0,0.0,0.0,1.0,2.0,4.0,0.0,1.0,0.0,1.0,0.0,0.0,0.0,0.0,0.0,0.0,0.0,0.0,0.0,0.0,0.0,0.0,0.0,0.0,0.0,0.0,0.0,0.0,0.0,68.29109954833984,28.066314697265625,68.06029510498047,27.84466552734375,-0.230804443359375,-0.221649169921875,0.31999850273132324,-2.3764264837628395,-0.9249331951141357,-0.38012954592704773,0.0,0.0,0.0,0.0,28.0,28.0,28.0,0.0,1.0,17.0,0.0,0.0,1.0,0.0,1.0,0.0,0.0,0.0,9.8,181.6728999838233,0.5818998906761408,135.99249999970198,37.97990002203733,13.674800051376224,4.0,3.9915000088512897,2.4027000181376934,0.6616000318899751,0.000400003045797348
1,246,246,4.321426905750416,0,0,2.0,3.0,1.0,1.0,1.0,1.0,1.0,1.0,1.0,1.0,1.0,1.0,1.0,1.0,1.0,1.0,1.0,1.0,1.0,0.0,1.0,-0.01916096918284893,1.0,-0.0187534112483263,0.4599795639514923,0.5106062293052673,0.0,-0.0003050915547646582,0.8647871017456055,-0.5021386742591858,0.0,0.0,0.0,0.0,0.0,0.0,122.5707778930664,25.0,25.0,25.0,25.0,25.0,0.0,1.0,1.0,1.0,0.0,0.0,0.0,0.0,0.0,1.7580832839012146,0.6036594772803782,0.7504073816537857,1.1892767629150383,0.02,-0.0,-0.00033651726698731967,-1.3619978928745457e-05,0.0,0.15,-0.0,0.0,0.0,-0.0,0.0,0.0,0.0,0.0,0.35,0.0,0.0,0.0,0.0,0.0,0.0,0.0,0.0,0.25,-0.0,-0.2969970703125,0.0,0.7580832839012146,-0.0,-0.0371246337890625,-0.0371246337890625,-0.05,0.54440738260746,0.36293825507164,0.2,0.0,-0.0,-0.0,-0.0,0.5599999904632569,0.699999988079071,-0.0,0.0,-0.0,-0.0,0.0,0.0,0.0,0.4540096145262942,-0.04500000178813934,-0.0,-0.02572321383915032,0.02,0.0,0.0,0.0,0.0,0.0,0.0,0.36293825507164,32.68869224589318,32.4,0.7326086850269979,0.0,0.0,0.699999988079071,2.0,3.0,0.0,0.699999988079071,0.0,0.699999988079071,0.0,0.0,0.0,0.0,0.0,0.0,0.0,0.0,0.0,0.0,0.0,0.0,0.0,0.0,0.0,0.0,0.0,0.0,0.0,68.0604476928711,27.844865798950195,67.82964324951172,27.623214721679688,-0.230804443359375,-0.2216510772705078,0.3199998140335083,-2.37642214096818,-0.9255377054214478,-0.37865564227104187,0.0,0.0,0.0,0.0,28.0,28.0,28.0,0.0,1.0,17.0,0.0,0.0,1.0,0.0,1.0,0.0,0.0,0.0,9.84,181.02770007681102,0.5737000610679388,128.50719993002713,46.541000017896295,27.809299994260073,4.0,3.355099936015904,1.6184999840334058,0.4069000715389848,0.000400003045797348
1,247,247,4.894052620027139,0,0,2.0,4.0,1.0,1.0,1.0,1.0,1.0,1.0,1.0,1.0,1.0,1.0,1.0,1.0,1.0,1.0,1.0,1.0,1.0,0.0,1.0,-0.023621559143066406,1.0,-0.02312612533569336,0.46698132157325745,0.42545467615127563,0.0,0.0006101431790739298,0.8647454380989075,-0.5022103786468506,0.0,0.0,0.0,0.0,0.0,0.0,122.53438568115234,25.0,25.0,25.0,25.0,25.0,0.0,1.0,1.0,1.0,0.0,0.0,0.0,0.0,0.0,1.7570098638534546,0.5930938942170887,0.7689488637447357,1.7549999982118607,0.02,-0.0,-0.00033651726698731967,-1.3619978928745457e-05,0.0,0.15,-0.0,0.0,0.0,-0.0,0.0,0.0,0.0,0.0,0.35,0.0,0.0,0.0,0.0,0.0,0.0,0.0,0.0,0.25,-0.0,-0.2911376953125,0.0,0.7570098638534546,-0.0,-0.0363922119140625,-0.0363922119140625,-0.05,0.5389488637447357,0.3592992424964905,0.2,0.0,-0.0,-0.0,-0.0,0.8,1.0,-0.0,0.0,-0.0,-0.0,0.0,0.0,0.0,0.4434440314630047,-0.04500000178813934,-0.0,-0.0,0.02,0.0,0.0,0.0,0.0,0.0,0.0,0.3592992424964905,31.927970265336338,32.4,0.0,0.6,0.0,1.0,2.0,4.0,0.0,1.0,0.0,1.0,0.0,0.0,0.0,0.0,0.0,0.0,0.0,0.0,0.0,0.0,0.0,0.0,0.0,0.0,0.0,0.0,0.0,0.0,0.0,67.82978820800781,27.62342071533203,67.59898376464844,27.40176773071289,-0.230804443359375,-0.22165298461914062,0.32000115513801575,-2.3764178428689595,-0.9261444807052612,-0.37716877460479736,0.0,0.0,0.0,0.0,28.0,28.0,28.0,0.0,1.0,17.0,0.0,0.0,1.0,0.0,1.0,0.0,0.0,0.0,9.88,150.92520008329302,0.5694000283256173,107.78520000167191,35.27700004633516,13.24539992492646,4.0,3.839900018647313,2.6357000460848212,0.7746999617666006,0.000500003807246685
1,248,248,4.951079509056641,0,0,2.0,4.0,1.0,1.0,1.0,1.0,1.0,1.0,1.0,1.0,1.0,1.0,1.0,1.0,1.0,1.0,1.0,1.0,1.0,0.0,1.0,-0.028054427355527878,1.0,-0.0274741780012846,0.45611387491226196,-0.6603489518165588,0.0,0.0006101431790739298,0.8647640347480774,-0.502178430557251,0.0,0.0,0.0,0.0,0.0,0.0,122.50032043457031,25.0,25.0,25.0,25.0,25.0,0.0,1.0,1.0,1.0,0.0,0.0,0.0,0.0,0.0,1.7624444961547852,0.6008144188950956,0.7699904996156692,1.7978300943910916,0.02,-0.0,-0.00033651726698731967,-1.3619978928745457e-05,0.0,0.15,-0.0,0.0,0.0,-0.0,0.0,0.0,0.0,0.0,0.35,0.0,0.0,0.0,0.0,0.0,0.0,0.0,0.0,0.25,-0.0,-0.27252197265625,0.0,0.7624444961547852,-0.0,-0.03406524658203125,-0.03406524658203125,-0.05,0.5399904996156693,0.35999366641044617,0.2,0.0,-0.0,-0.0,-0.0,0.8,1.0,-0.0,0.0,-0.0,-0.0,0.0,0.0,0.0,0.4511645561410116,-0.0,-0.0,-0.0021699056089083085,0.02,0.0,0.0,0.0,0.0,0.0,0.0,0.35999366641044617,32.48384804215283,32.4,1.0,0.0,0.0,1.0,2.0,4.0,0.0,1.0,0.0,1.0,0.0,0.0,0.0,0.0,0.0,0.0,0.0,0.0,0.0,0.0,0.0,0.0,0.0,0.0,0.0,0.0,0.0,0.0,0.0,67.59912872314453,27.4019775390625,67.36832427978516,27.18032455444336,-0.230804443359375,-0.22165298461914062,0.32000115513801575,-2.3764178428689595,-0.9267539978027344,-0.3756689429283142,0.0,0.0,0.0,0.0,28.0,28.0,28.0,0.0,1.0,17.0,0.0,0.0,1.0,0.0,1.0,0.0,0.0,0.0,9.92,161.36979998555034,0.5745000671595335,107.9150999430567,44.878600048832595,35.78799997922033,4.0,4.214199958369136,2.806000062264502,0.9534999262541533,0.000500003807246685
1,249,249,4.9370146687514325,0,0,2.0,4.0,1.0,1.0,1.0,1.0,1.0,1.0,1.0,1.0,1.0,1.0,1.0,1.0,1.0,1.0,1.0,1.0,1.0,0.0,1.0,-0.03249397128820419,1.0,-0.03183074668049812,0.46405497193336487,0.482532799243927,0.0,0.0014542164281010628,0.864696204662323,-0.502295196056366,0.0,0.0,0.0,0.0,0.0,0.0,122.46704864501953,25.0,25.0,25.0,25.0,25.0,0.0,1.0,1.0,1.0,0.0,0.0,0.0,0.0,0.0,1.7615180015563965,0.5897669460064916,0.7657297211885452,1.8,0.02,-0.0,-0.00033651726698731967,-1.3619978928745457e-05,0.0,0.15,-0.0,0.0,0.0,-0.0,0.0,0.0,0.0,0.0,0.35,0.0,0.0,0.0,0.0,0.0,0.0,0.0,0.0,0.25,-0.0,-0.26617431640625,0.0,0.7615180015563965,-0.0,-0.03327178955078125,-0.03327178955078125,-0.05,0.5357297211885452,0.35715314745903015,0.2,0.0,-0.0,-0.0,-0.0,0.8,1.0,-0.0,0.0,-0.0,-0.0,0.0,0.0,0.0,0.4401170832524076,-0.0,-0.0,-0.0,0.02,0.0,0.0,0.0,0.0,0.0,0.0,0.35715314745903015,31.688429994173347,32.4,0.0,0.6,0.0,1.0,2.0,4.0,0.0,1.0,0.0,1.0,0.0,0.0,0.0,0.0,0.0,0.0,0.0,0.0,0.0,0.0,0.0,0.0,0.0,0.0,0.0,0.0,0.0,0.0,0.0,67.36846160888672,27.18053436279297,67.13766479492188,26.958877563476562,-0.23079681396484375,-0.22165679931640625,0.31999829411506653,-2.3763927595425494,-0.9273658394813538,-0.37415578961372375,0.0,0.0,0.0,0.0,28.0,28.0,28.0,0.0,1.0,17.0,0.0,0.0,1.0,0.0,1.0,0.0,0.0,0.0,9.96,194.7924999985844,0.6034999387338758,117.86040000151843,69.45189996622503,43.0719000287354,4.0,3.8927000714465976,2.351399976760149,0.5929999751970172,0.000500003807246685
1,250,250,4.952889991220943,0,0,2.0,4.0,1.0,1.0,1.0,1.0,1.0,1.0,1.0,1.0,1.0,1.0,1.0,1.0,1.0,1.0,1.0,1.0,1.0,0.0,1.0,-0.03691328316926956,1.0,-0.03616967797279358,0.45269185304641724,-0.6904670596122742,0.0,-0.00020239914010744542,0.8647016286849976,-0.5022858381271362,0.0,0.0,0.0,0.0,0.0,0.0,122.43621826171875,25.0,25.0,25.0,25.0,25.0,0.0,1.0,1.0,1.0,0.0,0.0,0.0,0.0,0.0,1.7673128247261047,0.598713183817379,0.7668639826774597,1.8,0.02,-0.0,-0.00033651726698731967,-1.3619978928745457e-05,0.0,0.15,-0.0,0.0,0.0,-0.0,0.0,0.0,0.0,0.0,0.35,0.0,0.0,0.0,0.0,0.0,0.0,0.0,0.0,0.25,-0.0,-0.24664306640625,0.0,0.7673128247261047,-0.0,-0.03083038330078125,-0.03083038330078125,-0.05,0.5368639826774597,0.35790932178497314,0.2,0.0,-0.0,-0.0,-0.0,0.8,1.0,-0.0,0.0,-0.0,-0.0,0.0,0.0,0.0,0.44906332106329505,-0.0,-0.0,-0.0,0.02,0.0,0.0,0.0,0.0,0.0,0.0,0.35790932178497314,32.33255911655724,32.4,1.0,0.0,0.0,1.0,2.0,4.0,0.0,1.0,0.0,1.0,0.0,0.0,0.0,0.0,0.0,0.0,0.0,0.0,0.0,0.0,0.0,0.0,0.0,0.0,0.0,0.0,0.0,0.0,0.0,67.13780212402344,26.959087371826172,66.9070053100586,26.737428665161133,-0.23079681396484375,-0.22165870666503906,0.3199996054172516,-2.37638845973847,-0.9993456602096558,0.03616968169808388,0.0,-55.249114990234375,31.388681411743164,0.0,28.0,28.0,28.0,0.0,1.0,30.0,1.0,0.0,1.0,0.0,1.0,0.0,2.0,1.0,0.0,148.13499990850687,0.4919999046251178,127.74130003526807,11.214100057259202,7.876700023189187,4.0,4.736200091429055,3.1531999120488763,0.7466000970453024,0.000400003045797348
1,251,251,5.89020986071529,0,0,2.0,3.0,1.0,1.0,1.0,1.0,1.0,1.0,1.0,1.0,1.0,1.0,1.0,1.0,1.0,1.0,1.0,1.0,1.0,0.0,1.0,-0.04133938252925873,1.0,-0.04051681607961655,0.4618937075138092,0.5591398477554321,0.0,-0.00020239914010744542,0.8646689653396606,-0.502342164516449,0.0,0.0,0.0,0.0,0.0,0.0,122.41104888916016,25.0,25.0,25.0,25.0,25.0,0.0,1.0,1.0,1.0,0.0,0.0,0.0,0.0,0.0,1.7859786748886108,0.6044595873634515,2.301785143017769,1.1779864554454593,0.02,-0.0,-0.00033651726698731967,-1.3619978928745457e-05,0.0,0.15,-0.0,0.0,0.0,-0.0,0.0,0.0,0.0,0.0,0.35,0.0,0.0,0.0,0.0,0.0,0.0,0.0,0.0,0.25,-0.0,-0.20135498046875,0.0,0.7859786748886108,-0.0,-0.02516937255859375,-0.02516937255859375,1.5,0.5457851439714432,0.3638567626476288,0.2,0.0,-0.0,-0.0,-0.0,0.5599999904632569,0.699999988079071,-0.0,0.0,-0.0,-0.0,0.0,0.0,0.0,0.4548097246093676,-0.04500000178813934,-0.0,-0.03701352130872932,0.02,0.0,0.0,0.0,0.0,0.0,0.0,0.3638567626476288,32.746300171874466,32.4,0.7326086850269979,0.0,0.0,0.699999988079071,2.0,3.0,0.0,0.699999988079071,0.0,0.699999988079071,0.0,0.0,0.0,0.0,0.0,0.0,0.0,0.0,0.0,0.0,0.0,0.0,0.0,0.0,0.0,0.0,0.0,0.0,0.0,66.90714263916016,26.737640380859375,66.67634582519531,26.515979766845703,-0.23079681396484375,-0.22166061401367188,0.32000094652175903,-2.376384118646982,-0.9992759823799133,0.038046956062316895,0.0,-55.249114990234375,31.388681411743164,0.0,28.0,28.0,28.0,0.0,1.0,30.0,0.0,0.0,1.0,0.0,1.0,0.0,3.0,0.0,0.04,178.58749988954514,0.4805999342352152,124.75499999709427,46.78780003450811,15.138499904423952,4.0,3.729499992914498,2.1280000219121575,0.6751000182703137,0.000300002284348011
1,252,252,4.404761179638951,0,0,2.0,3.0,1.0,1.0,1.0,1.0,1.0,1.0,1.0,1.0,1.0,1.0,1.0,1.0,1.0,1.0,1.0,1.0,1.0,0.0,1.0,-0.04580772668123245,1.0,-0.04490548372268677,0.46780428290367126,0.359150230884552,0.0,0.0004789145605172962,0.8646424412727356,-0.5023877620697021,0.0,0.0,0.0,0.0,0.0,0.0,122.38656616210938,25.0,25.0,25.0,25.0,25.0,0.0,1.0,1.0,1.0,0.0,0.0,0.0,0.0,0.0,1.784601628780365,0.5938255273829398,0.7463340449333191,1.259999978542328,0.02,-0.0,-0.00033651726698731967,-1.3619978928745457e-05,0.0,0.15,-0.0,0.0,0.0,-0.0,0.0,0.0,0.0,0.0,0.35,0.0,0.0,0.0,0.0,0.0,0.0,0.0,0.0,0.25,-0.0,-0.19586181640625,0.0,0.784601628780365,-0.0,-0.02448272705078125,-0.02448272705078125,-0.05,0.5403340458869934,0.3602226972579956,0.2,0.0,-0.0,-0.0,-0.0,0.5599999904632569,0.699999988079071,-0.0,0.0,-0.0,-0.0,0.0,0.0,0.0,0.4441756646288559,-0.0,-0.0,-0.0,0.02,0.0,0.0,0.0,0.0,0.0,0.0,0.3602226972579956,31.98064785327762,32.4,0.0,0.6,0.0,0.699999988079071,2.0,3.0,0.0,0.699999988079071,0.0,0.699999988079071,0.0,0.0,0.0,0.0,0.0,0.0,0.0,0.0,0.0,0.0,0.0,0.0,0.0,0.0,0.0,0.0,0.0,0.0,0.0,66.67648315429688,26.516191482543945,66.44568634033203,26.294530868530273,-0.23079681396484375,-0.22166061401367188,0.32000094652175903,-2.376384118646982,-0.9992024302482605,0.03993093967437744,0.0,-55.249114990234375,31.388681411743164,0.0,28.0,28.0,28.0,0.0,1.0,30.0,0.0,0.0,1.0,0.0,1.0,0.0,3.0,0.0,0.08,147.02989999204874,0.5601000739261508,124.40709990914911,14.104400062933564,10.891100042499602,4.0,4.415399977006018,2.8074000729247928,0.7068999111652374,0.000600004568696022
1,253,253,4.927146054517947,0,0,2.0,4.0,1.0,1.0,1.0,1.0,1.0,1.0,1.0,1.0,1.0,1.0,1.0,1.0,1.0,1.0,1.0,1.0,1.0,0.0,1.0,-0.0502483993768692,1.0,-0.04926854372024536,0.45686638355255127,-0.6646287441253662,0.0,0.0004789145605172962,0.8646814823150635,-0.5023205280303955,0.0,0.0,0.0,0.0,0.0,0.0,122.3648681640625,25.0,25.0,25.0,25.0,25.0,0.0,1.0,1.0,1.0,0.0,0.0,0.0,0.0,0.0,1.7916752696037292,0.6025694849481059,0.7715400117635727,1.7413612882025395,0.02,-0.0,-0.00033651726698731967,-1.3619978928745457e-05,0.0,0.15,-0.0,0.0,0.0,-0.0,0.0,0.0,0.0,0.0,0.35,0.0,0.0,0.0,0.0,0.0,0.0,0.0,0.0,0.25,-0.0,-0.173583984375,0.0,0.7916752696037292,-0.0,-0.021697998046875,-0.021697998046875,-0.05,0.5415400117635727,0.36102667450904846,0.2,0.0,-0.0,-0.0,-0.0,0.8,1.0,-0.0,0.0,-0.0,-0.0,0.0,0.0,0.0,0.452919622194022,-0.04500000178813934,-0.0,-0.013638710009321113,0.02,0.0,0.0,0.0,0.0,0.0,0.0,0.36102667450904846,32.61021279796958,32.4,1.0,0.0,0.0,1.0,2.0,4.0,0.0,1.0,0.0,1.0,0.0,0.0,0.0,0.0,0.0,0.0,0.0,0.0,0.0,0.0,0.0,0.0,0.0,0.0,0.0,0.0,0.0,0.0,0.0,66.4458236694336,26.294742584228516,66.21503448486328,26.073078155517578,-0.2307891845703125,-0.2216644287109375,0.3199980854988098,-2.376358994033335,-0.999125063419342,0.041821639984846115,0.0,-55.249114990234375,31.388681411743164,0.0,28.0,28.0,28.0,0.0,1.0,30.0,0.0,0.0,1.0,0.0,1.0,0.0,3.0,0.0,0.12,173.92880003899336,0.3828000044450164,115.12960004620254,49.39249996095896,28.367400052957237,4.0,5.461600027047098,2.7945999754592776,0.7372000254690647,0.000500003807246685
1,254,254,6.520277833738288,0,0,2.0,4.0,1.0,1.0,1.0,1.0,1.0,1.0,1.0,1.0,1.0,1.0,1.0,1.0,1.0,1.0,1.0,1.0,1.0,0.0,1.0,-0.05469485744833946,1.0,-0.053637806326150894,0.46586018800735474,0.5464973449707031,0.0,0.002731900429353118,0.8645884394645691,-0.5024806261062622,0.0,0.0,0.0,0.0,0.0,0.0,122.34424591064453,25.0,25.0,25.0,25.0,25.0,0.0,1.0,1.0,1.0,0.0,0.0,0.0,0.0,0.0,1.79183691740036,0.5910931078576667,2.3173478084802626,1.8,0.02,-0.0,-0.00033651726698731967,-1.3619978928745457e-05,0.0,0.15,-0.0,0.0,0.0,-0.0,0.0,0.0,0.0,0.0,0.35,0.0,0.0,0.0,0.0,0.0,0.0,0.0,0.0,0.25,-0.0,-0.16497802734375,0.0,0.7918369174003601,-0.0,-0.02062225341796875,-0.02062225341796875,1.5,0.5373478084802628,0.35823187232017517,0.2,0.0,-0.0,-0.0,-0.0,0.8,1.0,-0.0,0.0,-0.0,-0.0,0.0,0.0,0.0,0.44144324510358274,-0.0,-0.0,-0.0,0.02,0.0,0.0,0.0,0.0,0.0,0.0,0.35823187232017517,31.783913647457954,32.4,0.0,0.6,0.0,1.0,2.0,4.0,0.0,1.0,0.0,1.0,0.0,0.0,0.0,0.0,0.0,0.0,0.0,0.0,0.0,0.0,0.0,0.0,0.0,0.0,0.0,0.0,0.0,0.0,0.0,66.21517181396484,26.07328987121582,65.98438262939453,25.851621627807617,-0.2307891845703125,-0.22166824340820312,0.32000070810317993,-2.376350435713404,-0.9990438222885132,0.0437190979719162,0.0,-55.249114990234375,31.388681411743164,0.0,28.0,28.0,28.0,0.0,1.0,30.0,0.0,0.0,1.0,0.0,1.0,0.0,3.0,0.0,0.16,142.020900035277,0.6089000962674618,121.50059989653528,14.105900074355304,11.318700038827956,4.0,3.3033000072464347,1.9115000031888485,0.5654999986290932,0.000200001522898674
1,255,255,4.985788461291156,0,0,2.0,4.0,1.0,1.0,1.0,1.0,1.0,1.0,1.0,1.0,1.0,1.0,1.0,1.0,1.0,1.0,1.0,1.0,1.0,0.0,1.0,-0.05911986157298088,1.0,-0.05798706039786339,0.45405590534210205,-0.7172735929489136,0.0,0.002731900429353118,0.864616334438324,-0.502432644367218,0.0,0.0,0.0,0.0,0.0,0.0,122.32610321044922,25.0,25.0,25.0,25.0,25.0,0.0,1.0,1.0,1.0,0.0,0.0,0.0,0.0,0.0,1.7976301908493042,0.5994364556902273,0.768721814751625,1.8,0.02,-0.0,-0.00033651726698731967,-1.3619978928745457e-05,0.0,0.15,-0.0,0.0,0.0,-0.0,0.0,0.0,0.0,0.0,0.35,0.0,0.0,0.0,0.0,0.0,0.0,0.0,0.0,0.25,-0.0,-0.1451416015625,0.0,0.7976301908493042,-0.0,-0.0181427001953125,-0.0181427001953125,-0.05,0.5387218147516251,0.3591478765010834,0.2,0.0,-0.0,-0.0,-0.0,0.8,1.0,-0.0,0.0,-0.0,-0.0,0.0,0.0,0.0,0.4497865929361433,-0.0,-0.0,-0.0,0.02,0.0,0.0,0.0,0.0,0.0,0.0,0.3591478765010834,32.38463469140232,32.4,1.0,0.0,0.0,1.0,2.0,4.0,0.0,1.0,0.0,1.0,0.0,0.0,0.0,0.0,0.0,0.0,0.0,0.0,0.0,0.0,0.0,0.0,0.0,0.0,0.0,0.0,0.0,0.0,0.0,65.9845199584961,25.85183334350586,65.75373077392578,25.630165100097656,-0.2307891845703125,-0.22166824340820312,0.32000070810317993,-2.376350435713404,-0.9989587068557739,0.045623332262039185,0.0,-55.249114990234375,31.388681411743164,0.0,28.0,28.0,28.0,0.0,1.0,30.0,0.0,0.0,1.0,0.0,1.0,0.0,3.0,0.0,0.2,209.94209998752922,0.3752999473363161,144.81109997723252,58.260199963115156,37.634999956935644,4.0,3.693099948577583,2.2558000637218356,0.521100009791553,0.000400003045797348
1,256,256,4.341176616557439,0,0,2.0,3.0,1.0,1.0,1.0,1.0,1.0,1.0,1.0,1.0,1.0,1.0,1.0,1.0,1.0,1.0,1.0,1.0,1.0,0.0,1.0,-0.06355328857898712,1.0,-0.062344785779714584,0.46263763308525085,0.5214592218399048,0.0,0.0010808859951794147,0.8645632863044739,-0.5025238990783691,0.0,0.0,0.0,0.0,0.0,0.0,122.31353759765625,25.0,25.0,25.0,25.0,25.0,0.0,1.0,1.0,1.0,0.0,0.0,0.0,0.0,0.0,1.8159103393554688,0.606251127184294,0.7537378805875778,1.1452772694300988,0.02,-0.0,-0.00033651726698731967,-1.3619978928745457e-05,0.0,0.15,-0.0,0.0,0.0,-0.0,0.0,0.0,0.0,0.0,0.35,0.0,0.0,0.0,0.0,0.0,0.0,0.0,0.0,0.25,-0.0,-0.10052490234375,0.0,0.8159103393554688,-0.0,-0.01256561279296875,-0.01256561279296875,-0.05,0.5477378815412521,0.3651585876941681,0.2,0.0,-0.0,-0.0,-0.0,0.5599999904632569,0.699999988079071,-0.0,0.0,-0.0,-0.0,0.0,0.0,0.0,0.45660126443021004,-0.04500000178813934,-0.0,-0.06972270732408983,0.02,0.0,0.0,0.0,0.0,0.0,0.0,0.3651585876941681,32.87529103897512,32.4,0.7326086850269979,0.0,0.0,0.699999988079071,2.0,3.0,0.0,0.699999988079071,0.0,0.699999988079071,0.0,0.0,0.0,0.0,0.0,0.0,0.0,0.0,0.0,0.0,0.0,0.0,0.0,0.0,0.0,0.0,0.0,0.0,0.0,65.75386810302734,25.6303768157959,65.52308654785156,25.408702850341797,-0.23078155517578125,-0.22167396545410156,0.31999915838241577,-2.3763210095999616,-0.9988696575164795,0.04753432795405388,0.0,-55.249114990234375,31.388681411743164,0.0,28.0,28.0,28.0,0.0,1.0,30.0,0.0,0.0,1.0,0.0,1.0,0.0,3.0,0.0,0.24,152.0750999916345,0.470499973744154,105.90800002682954,37.76330000255257,23.952399962581694,4.0,4.282000008970499,2.835800056345761,0.775699969381094,0.000500003807246685
1,257,257,4.436957485298551,0,0,2.0,3.0,1.0,1.0,1.0,1.0,1.0,1.0,1.0,1.0,1.0,1.0,1.0,1.0,1.0,1.0,1.0,1.0,1.0,0.0,1.0,-0.06803059577941895,1.0,-0.06674381345510483,0.46964702010154724,0.42591696977615356,0.0,-0.00020477060752455145,0.8645555377006531,-0.5025373101234436,0.0,0.0,0.0,0.0,0.0,0.0,122.30126953125,25.0,25.0,25.0,25.0,25.0,0.0,1.0,1.0,1.0,0.0,0.0,0.0,0.0,0.0,1.8128668069839478,0.5958183564943446,0.7482723432779312,1.259999978542328,0.02,-0.0,-0.00033651726698731967,-1.3619978928745457e-05,0.0,0.15,-0.0,0.0,0.0,-0.0,0.0,0.0,0.0,0.0,0.35,0.0,0.0,0.0,0.0,0.0,0.0,0.0,0.0,0.25,-0.0,-0.09814453125,0.0,0.8128668069839478,-0.0,-0.01226806640625,-0.01226806640625,-0.05,0.5422723442316055,0.3615148961544037,0.2,0.0,-0.0,-0.0,-0.0,0.5599999904632569,0.699999988079071,-0.0,0.0,-0.0,-0.0,0.0,0.0,0.0,0.44616849374026063,-0.0,-0.0,-0.0,0.02,0.0,0.0,0.0,0.0,0.0,0.0,0.3615148961544037,32.12413154929877,32.4,0.0,0.6,0.0,0.699999988079071,2.0,3.0,0.0,0.699999988079071,0.0,0.699999988079071,0.0,0.0,0.0,0.0,0.0,0.0,0.0,0.0,0.0,0.0,0.0,0.0,0.0,0.0,0.0,0.0,0.0,0.0,0.0,65.52322387695312,25.40891456604004,65.29244232177734,25.187238693237305,-0.23078155517578125,-0.22167587280273438,0.3200004994869232,-2.3763167114920782,-0.9987764954566956,0.04945213720202446,0.0,-55.249114990234375,31.388681411743164,0.0,28.0,28.0,28.0,0.0,1.0,30.0,0.0,0.0,1.0,0.0,1.0,0.0,3.0,0.0,0.28,169.71060005016625,0.5662000039592385,130.3230000194162,33.84429996367544,14.068500022403896,4.0,2.8255999786779284,1.6355999978259206,0.4795000422745943,0.000400003045797348
1,258,258,4.4428242658663555,0,0,2.0,3.0,1.0,1.0,1.0,1.0,1.0,1.0,1.0,1.0,1.0,1.0,1.0,1.0,1.0,1.0,1.0,1.0,1.0,0.0,1.0,-0.07248185575008392,1.0,-0.07111800462007523,0.45891615748405457,-0.6520481705665588,0.0,-0.00020477060752455145,0.8645762801170349,-0.5025016665458679,0.0,0.0,0.0,0.0,0.0,0.0,122.29122924804688,25.0,25.0,25.0,25.0,25.0,0.0,1.0,1.0,1.0,0.0,0.0,0.0,0.0,0.0,1.8175827264785767,0.601176996151842,0.7477959829568863,1.2562685602790513,0.02,-0.0,-0.00033651726698731967,-1.3619978928745457e-05,0.0,0.15,-0.0,0.0,0.0,-0.0,0.0,0.0,0.0,0.0,0.35,0.0,0.0,0.0,0.0,0.0,0.0,0.0,0.0,0.25,-0.0,-0.080322265625,0.0,0.8175827264785767,-0.0,-0.010040283203125,-0.010040283203125,-0.05,0.5417959839105606,0.3611973226070404,0.2,0.0,-0.0,-0.0,-0.0,0.5599999904632569,0.699999988079071,-0.0,0.0,-0.0,-0.0,0.0,0.0,0.0,0.451527133397758,-0.0,-0.0,-0.0037314182632766646,0.02,0.0,0.0,0.0,0.0,0.0,0.0,0.3611973226070404,32.509953604638575,32.4,0.7326086850269979,0.0,0.0,0.699999988079071,2.0,3.0,0.0,0.699999988079071,0.0,0.699999988079071,0.0,0.0,0.0,0.0,0.0,0.0,0.0,0.0,0.0,0.0,0.0,0.0,0.0,0.0,0.0,0.0,0.0,0.0,0.0,65.2925796508789,25.187450408935547,65.06180572509766,24.965768814086914,-0.23077392578125,-0.2216815948486328,0.31999894976615906,-2.376287328366413,-0.9986793994903564,0.05137676000595093,0.0,-55.249114990234375,31.388681411743164,0.0,28.0,28.0,28.0,0.0,1.0,30.0,0.0,0.0,1.0,0.0,1.0,0.0,3.0,0.0,0.32,143.91569991130382,0.4157000221312046,89.31499999016523,48.490700079128146,29.29299999959767,4.0,3.1493999995291233,2.030799980275333,0.4843000788241625,0.000200001522898674
1,259,259,4.9479750850097455,0,0,2.0,4.0,1.0,1.0,1.0,1.0,1.0,1.0,1.0,1.0,1.0,1.0,1.0,1.0,1.0,1.0,1.0,1.0,1.0,0.0,1.0,-0.07693061977624893,1.0,-0.07548926025629044,0.4644279181957245,0.3349149823188782,0.0,0.0007739433203823864,0.8645488619804382,-0.5025487542152405,0.0,0.0,0.0,0.0,0.0,0.0,122.28185272216797,25.0,25.0,25.0,25.0,25.0,0.0,1.0,1.0,1.0,0.0,0.0,0.0,0.0,0.0,1.8160260319709778,0.5904413589135927,0.7665076959133148,1.7549999982118607,0.02,-0.0,-0.00033651726698731967,-1.3619978928745457e-05,0.0,0.15,-0.0,0.0,0.0,-0.0,0.0,0.0,0.0,0.0,0.35,0.0,0.0,0.0,0.0,0.0,0.0,0.0,0.0,0.25,-0.0,-0.07501220703125,0.0,0.8160260319709778,-0.0,-0.00937652587890625,-0.00937652587890625,-0.05,0.5365076959133148,0.3576717972755432,0.2,0.0,-0.0,-0.0,-0.0,0.8,1.0,-0.0,0.0,-0.0,-0.0,0.0,0.0,0.0,0.4407914961595088,-0.04500000178813934,-0.0,-0.0,0.02,0.0,0.0,0.0,0.0,0.0,0.0,0.3576717972755432,31.736987723484635,32.4,0.0,0.6,0.0,1.0,2.0,4.0,0.0,1.0,0.0,1.0,0.0,0.0,0.0,0.0,0.0,0.0,0.0,0.0,0.0,0.0,0.0,0.0,0.0,0.0,0.0,0.0,0.0,0.0,0.0,65.06194305419922,24.965980529785156,64.83116912841797,24.74429702758789,-0.23077392578125,-0.22168350219726562,0.3200002908706665,-2.3762830302554248,-0.9985781311988831,0.05330822244286537,0.0,-55.249114990234375,31.388681411743164,0.0,28.0,28.0,28.0,0.0,1.0,30.0,0.0,0.0,1.0,0.0,1.0,0.0,3.0,0.0,0.36,146.03189995978028,0.4243999719619751,111.88729992136359,26.867900043725967,13.165100011974573,4.0,3.1287999590858817,3.1386000337079167,0.5602999590337276,0.000400003045797348
1,260,260,5.009994048848673,0,0,2.0,4.0,1.0,1.0,1.0,1.0,1.0,1.0,1.0,1.0,1.0,1.0,1.0,1.0,1.0,1.0,1.0,1.0,1.0,0.0,1.0,-0.0813523456454277,1.0,-0.07983426004648209,0.45338553190231323,-0.6709773540496826,0.0,0.0007739433203823864,0.8645737171173096,-0.5025060176849365,0.0,0.0,0.0,0.0,0.0,0.0,122.27526092529297,25.0,25.0,25.0,25.0,25.0,0.0,1.0,1.0,1.0,0.0,0.0,0.0,0.0,0.0,1.822953224182129,0.599311829581782,0.7677289950847626,1.8,0.02,-0.0,-0.00033651726698731967,-1.3619978928745457e-05,0.0,0.15,-0.0,0.0,0.0,-0.0,0.0,0.0,0.0,0.0,0.35,0.0,0.0,0.0,0.0,0.0,0.0,0.0,0.0,0.25,-0.0,-0.052734375,0.0,0.8229532241821289,-0.0,-0.006591796875,-0.006591796875,-0.05,0.5377289950847626,0.35848599672317505,0.2,0.0,-0.0,-0.0,-0.0,0.8,1.0,-0.0,0.0,-0.0,-0.0,0.0,0.0,0.0,0.44966196682769805,-0.0,-0.0,-0.0,0.02,0.0,0.0,0.0,0.0,0.0,0.0,0.35848599672317505,32.37566161159426,32.4,1.0,0.0,0.0,1.0,2.0,4.0,0.0,1.0,0.0,1.0,0.0,0.0,0.0,0.0,0.0,0.0,0.0,0.0,0.0,0.0,0.0,0.0,0.0,0.0,0.0,0.0,0.0,0.0,0.0,64.83130645751953,24.744508743286133,64.60054016113281,24.52281951904297,-0.23076629638671875,-0.22168922424316406,0.31999874114990234,-2.3762536041461244,-0.9984726905822754,0.055246517062187195,0.0,-55.249114990234375,31.388681411743164,0.0,28.0,28.0,28.0,0.0,1.0,30.0,0.0,0.0,1.0,0.0,1.0,0.0,3.0,0.0,0.4,133.5072999354452,0.4029999254271388,84.21200001612306,43.76239993143827,24.51480005402118,4.0,3.0300000216811895,1.6701000276952982,0.40579994674772024,0.000300002284348011
1,261,261,4.939964776853126,0,0,2.0,4.0,1.0,1.0,1.0,1.0,1.0,1.0,1.0,1.0,1.0,1.0,1.0,1.0,1.0,1.0,1.0,1.0,1.0,0.0,1.0,-0.0857800617814064,1.0,-0.08418389409780502,0.4625094532966614,0.5544044375419617,0.0,0.00207773270085454,0.8645020723342896,-0.5026292204856873,0.0,0.0,0.0,0.0,0.0,0.0,122.27847290039062,25.0,25.0,25.0,25.0,25.0,0.0,1.0,1.0,1.0,0.0,0.0,0.0,0.0,0.0,1.8448575735092163,0.6079969123936443,0.7785874712467193,1.688522819703546,0.02,-0.0,-0.00033651726698731967,-1.3619978928745457e-05,0.0,0.15,-0.0,0.0,0.0,-0.0,0.0,0.0,0.0,0.0,0.35,0.0,0.0,0.0,0.0,0.0,0.0,0.0,0.0,0.25,-0.0,0.012847900390625,0.0,0.8448575735092163,-0.0,0.00321197509765625,0.00321197509765625,-0.05,0.5485874712467194,0.36572498083114624,0.2,0.0,-0.0,-0.0,-0.0,0.8,1.0,-0.0,0.0,-0.0,-0.0,0.0,0.0,0.0,0.4583470496395603,-0.0,-0.0,-0.11147718029645397,0.02,0.0,0.0,0.0,0.0,0.0,0.0,0.36572498083114624,33.000987574048345,32.4,1.0,0.0,0.0,1.0,2.0,4.0,0.0,1.0,0.0,1.0,0.0,0.0,0.0,0.0,0.0,0.0,0.0,0.0,0.0,0.0,0.0,0.0,0.0,0.0,0.0,0.0,0.0,0.0,0.0,64.60067749023438,24.52303123474121,64.3729248046875,24.298242568969727,-0.227752685546875,-0.22478866577148438,0.3200019299983978,-2.3627441152696536,-0.9983632564544678,0.057191696017980576,0.0,-55.249114990234375,31.388681411743164,0.0,28.0,28.0,28.0,0.0,1.0,29.0,0.0,0.0,1.0,0.0,1.0,0.0,3.0,0.0,0.44,131.39029999729246,0.5225000204518437,109.38190005254,13.494200073182583,10.782200028188527,4.0,4.472800064831972,2.8799999272450805,0.6117000011727214,0.000500003807246685
1,262,262,5.034509689691402,0,0,2.0,4.0,1.0,1.0,1.0,1.0,1.0,1.0,1.0,1.0,1.0,1.0,1.0,1.0,1.0,1.0,1.0,1.0,1.0,0.0,1.0,-0.09028590470552444,1.0,-0.08860356360673904,0.47144266963005066,0.5428176522254944,0.0,0.00207773270085454,0.864460289478302,-0.5027011036872864,0.0,0.0,0.0,0.0,0.0,0.0,122.28231048583984,25.0,25.0,25.0,25.0,25.0,0.0,1.0,1.0,1.0,0.0,0.0,0.0,0.0,0.0,1.8430397510528564,0.5971476714638246,0.7743222671747207,1.8,0.02,-0.0,-0.00033651726698731967,-1.3619978928745457e-05,0.0,0.15,-0.0,0.0,0.0,-0.0,0.0,0.0,0.0,0.0,0.35,0.0,0.0,0.0,0.0,0.0,0.0,0.0,0.0,0.25,-0.0,0.015350341796875,0.0,0.8430397510528564,-0.0,0.00383758544921875,0.00383758544921875,-0.05,0.5443222671747208,0.36288151144981384,0.2,0.0,-0.0,-0.0,-0.0,0.8,1.0,-0.0,0.0,-0.0,-0.0,0.0,0.0,0.0,0.4474978087097407,-0.0,-0.0,-0.0,0.02,0.0,0.0,0.0,0.0,0.0,0.0,0.36288151144981384,32.21984222710133,32.4,0.0,0.6,0.0,1.0,2.0,4.0,0.0,1.0,0.0,1.0,0.0,0.0,0.0,0.0,0.0,0.0,0.0,0.0,0.0,0.0,0.0,0.0,0.0,0.0,0.0,0.0,0.0,0.0,0.0,64.37307739257812,24.298439025878906,64.14533233642578,24.07364845275879,-0.22774505615234375,-0.2247905731201172,0.3199978172779083,-2.362723125485321,-0.9982480406761169,0.059168122708797455,0.0,-55.249114990234375,31.388681411743164,0.0,28.0,28.0,28.0,0.0,1.0,29.0,0.0,0.0,1.0,0.0,1.0,0.0,3.0,0.0,0.48,187.61379993520677,0.6336999358609319,125.6346000591293,55.52309995982796,34.14690005593002,4.0,3.349199891090393,1.8707000417634845,0.5776999751105905,0.000400003045797348
1,263,263,4.987546706222111,0,0,2.0,4.0,1.0,1.0,1.0,1.0,1.0,1.0,1.0,1.0,1.0,1.0,1.0,1.0,1.0,1.0,1.0,1.0,1.0,0.0,1.0,-0.09477183222770691,1.0,-0.09300298243761063,0.46028345823287964,-0.6780775785446167,0.0,0.000222983377170749,0.8644563555717468,-0.5027078986167908,0.0,0.0,0.0,0.0,0.0,0.0,122.28877258300781,25.0,25.0,25.0,25.0,25.0,0.0,1.0,1.0,1.0,0.0,0.0,0.0,0.0,0.0,1.8492296934127808,0.6059307073195649,0.7755047190189361,1.7368815864708296,0.02,-0.0,-0.00033651726698731967,-1.3619978928745457e-05,0.0,0.15,-0.0,0.0,0.0,-0.0,0.0,0.0,0.0,0.0,0.35,0.0,0.0,0.0,0.0,0.0,0.0,0.0,0.0,0.25,-0.0,0.025848388671875,0.0,0.8492296934127808,-0.0,0.00646209716796875,0.00646209716796875,-0.05,0.5455047190189362,0.36366981267929077,0.2,0.0,-0.0,-0.0,-0.0,0.8,1.0,-0.0,0.0,-0.0,-0.0,0.0,0.0,0.0,0.45628084456548096,-0.0,-0.0,-0.06311841352917048,0.02,0.0,0.0,0.0,0.0,0.0,0.0,0.36366981267929077,32.85222080871463,32.4,1.0,0.0,0.0,1.0,2.0,4.0,0.0,1.0,0.0,1.0,0.0,0.0,0.0,0.0,0.0,0.0,0.0,0.0,0.0,0.0,0.0,0.0,0.0,0.0,0.0,0.0,0.0,0.0,0.0,64.14547729492188,24.0738525390625,63.91773223876953,23.84906005859375,-0.22774505615234375,-0.22479248046875,0.31999915838241577,-2.362718868469286,-0.9981285333633423,0.06115134060382843,0.0,-55.249114990234375,31.388681411743164,0.0,28.0,28.0,28.0,0.0,1.0,29.0,0.0,0.0,1.0,0.0,1.0,0.0,3.0,0.0,0.52,163.4796999860555,0.4357999423518777,120.96480000764132,34.04009994119406,21.31890004966408,4.0,4.010000033304095,3.269899985753,0.7224000291898847,0.000300002284348011
1,264,264,4.425418163589127,0,0,2.0,3.0,1.0,1.0,1.0,1.0,1.0,1.0,1.0,1.0,1.0,1.0,1.0,1.0,1.0,1.0,1.0,1.0,1.0,0.0,1.0,-0.09926453977823257,1.0,-0.09740670025348663,0.4693174362182617,0.5489397644996643,0.0,0.0004428010724950582,0.8644397854804993,-0.5027363896369934,0.0,0.0,0.0,0.0,0.0,0.0,122.29608917236328,25.0,25.0,25.0,25.0,25.0,0.0,1.0,1.0,1.0,0.0,0.0,0.0,0.0,0.0,1.8482852578163147,0.5948525113378835,0.7472804176807404,1.2149999767541886,0.02,-0.0,-0.00033651726698731967,-1.3619978928745457e-05,0.0,0.15,-0.0,0.0,0.0,-0.0,0.0,0.0,0.0,0.0,0.35,0.0,0.0,0.0,0.0,0.0,0.0,0.0,0.0,0.25,-0.0,0.029266357421875,0.0,0.8482852578163147,-0.0,0.00731658935546875,0.00731658935546875,-0.05,0.5412804186344147,0.3608536124229431,0.2,0.0,-0.0,-0.0,-0.0,0.5599999904632569,0.699999988079071,-0.0,0.0,-0.0,-0.0,0.0,0.0,0.0,0.4452026485837996,-0.04500000178813934,-0.0,-0.0,0.02,0.0,0.0,0.0,0.0,0.0,0.0,0.3608536124229431,32.05459069803357,32.4,0.0,0.6,0.0,0.699999988079071,2.0,3.0,0.0,0.699999988079071,0.0,0.699999988079071,0.0,0.0,0.0,0.0,0.0,0.0,0.0,0.0,0.0,0.0,0.0,0.0,0.0,0.0,0.0,0.0,0.0,0.0,0.0,63.91787338256836,23.849267959594727,63.690128326416016,23.624475479125977,-0.22774505615234375,-0.22479248046875,0.31999915838241577,-2.362718868469286,-0.9980045557022095,0.06314138323068619,0.0,-55.249114990234375,31.388681411743164,0.0,28.0,28.0,28.0,0.0,1.0,29.0,0.0,0.0,1.0,0.0,1.0,0.0,3.0,0.0,0.56,169.18989992700517,0.44840003829449415,127.82079994212836,33.077599946409464,14.119500061497092,4.0,3.9784000255167484,3.1642999965697527,0.659200013615191,0.000900006853044033
1,265,265,4.479538578285789,0,0,2.0,3.0,1.0,1.0,1.0,1.0,1.0,1.0,1.0,1.0,1.0,1.0,1.0,1.0,1.0,1.0,1.0,1.0,1.0,0.0,1.0,-0.10373630374670029,1.0,-0.10178866982460022,0.45792272686958313,-0.6923872232437134,0.0,0.0004428010724950582,0.8644644618034363,-0.5026939511299133,0.0,0.0,0.0,0.0,0.0,0.0,122.30567169189453,25.0,25.0,25.0,25.0,25.0,0.0,1.0,1.0,1.0,0.0,0.0,0.0,0.0,0.0,1.8529548048973083,0.6001367144146187,0.7468263196945191,1.2596207392793433,0.02,-0.0,-0.00033651726698731967,-1.3619978928745457e-05,0.0,0.15,-0.0,0.0,0.0,-0.0,0.0,0.0,0.0,0.0,0.35,0.0,0.0,0.0,0.0,0.0,0.0,0.0,0.0,0.25,-0.0,0.038330078125,0.0,0.8529548048973083,-0.0,0.00958251953125,0.00958251953125,-0.05,0.5408263206481934,0.3605508804321289,0.2,0.0,-0.0,-0.0,-0.0,0.5599999904632569,0.699999988079071,-0.0,0.0,-0.0,-0.0,0.0,0.0,0.0,0.4504868516605347,-0.0,-0.0,-0.00037923926298463783,0.02,0.0,0.0,0.0,0.0,0.0,0.0,0.3605508804321289,32.4350533195585,32.4,0.7326086850269979,0.0,0.0,0.699999988079071,2.0,3.0,0.0,0.699999988079071,0.0,0.699999988079071,0.0,0.0,0.0,0.0,0.0,0.0,0.0,0.0,0.0,0.0,0.0,0.0,0.0,0.0,0.0,0.0,0.0,0.0,0.0,63.69026565551758,23.62468719482422,63.462520599365234,23.399892807006836,-0.22774505615234375,-0.2247943878173828,0.3200004994869232,-2.362714611453373,-0.9978762269020081,0.06513827294111252,0.0,-55.249114990234375,31.388681411743164,0.0,28.0,28.0,28.0,0.0,1.0,29.0,0.0,0.0,1.0,0.0,1.0,0.0,3.0,0.0,0.6,196.66819996200502,0.5515000084415078,106.825300026685,79.04930005315691,39.8257999913767,4.0,5.7628999929875135,3.7668999284505844,0.674000009894371,0.000300002284348011
1,266,266,4.981206515291631,0,0,2.0,4.0,1.0,1.0,1.0,1.0,1.0,1.0,1.0,1.0,1.0,1.0,1.0,1.0,1.0,1.0,1.0,1.0,1.0,0.0,1.0,-0.10820557177066803,1.0,-0.10616571456193924,0.4633578956127167,0.330262690782547,0.0,0.0008108550682663918,0.8644383549690247,-0.502738893032074,0.0,0.0,0.0,0.0,0.0,0.0,122.31584167480469,25.0,25.0,25.0,25.0,25.0,0.0,1.0,1.0,1.0,0.0,0.0,0.0,0.0,0.0,1.850932776927948,0.5897176472935078,0.7655560928583145,1.7549999982118607,0.02,-0.0,-0.00033651726698731967,-1.3619978928745457e-05,0.0,0.15,-0.0,0.0,0.0,-0.0,0.0,0.0,0.0,0.0,0.35,0.0,0.0,0.0,0.0,0.0,0.0,0.0,0.0,0.25,-0.0,0.040679931640625,0.0,0.850932776927948,-0.0,0.01016998291015625,0.01016998291015625,-0.05,0.5355560928583145,0.35703739523887634,0.2,0.0,-0.0,-0.0,-0.0,0.8,1.0,-0.0,0.0,-0.0,-0.0,0.0,0.0,0.0,0.4400677845394239,-0.04500000178813934,-0.0,-0.0,0.02,0.0,0.0,0.0,0.0,0.0,0.0,0.35703739523887634,31.684880486838523,32.4,0.0,0.6,0.0,1.0,2.0,4.0,0.0,1.0,0.0,1.0,0.0,0.0,0.0,0.0,0.0,0.0,0.0,0.0,0.0,0.0,0.0,0.0,0.0,0.0,0.0,0.0,0.0,0.0,0.0,63.4626579284668,23.400104522705078,63.23491668701172,23.175308227539062,-0.22774124145507812,-0.22479629516601562,0.3199991285800934,-2.3627020514104045,-0.9977434277534485,0.06714203208684921,0.0,-55.249114990234375,31.388681411743164,0.0,28.0,28.0,28.0,0.0,1.0,29.0,1.0,0.0,1.0,0.0,1.0,0.0,3.0,0.0,0.64,297.8308000601828,0.5796999903395772,130.09130000136793,158.43850001692772,43.275600066408515,4.0,4.270199919119477,3.7120000924915075,0.7000000914558768,0.000400003045797348
1,267,267,5.043752430137172,0,0,2.0,4.0,1.0,1.0,1.0,1.0,1.0,1.0,1.0,1.0,1.0,1.0,1.0,1.0,1.0,1.0,1.0,1.0,1.0,0.0,1.0,-0.1126478984951973,1.0,-0.11051510274410248,0.45264115929603577,-0.6511917114257812,0.0,0.0008108550682663918,0.8644523620605469,-0.5027147531509399,0.0,0.0,0.0,0.0,0.0,0.0,122.32880401611328,25.0,25.0,25.0,25.0,25.0,0.0,1.0,1.0,1.0,0.0,0.0,0.0,0.0,0.0,1.8577499389648438,0.5990759683213381,0.7669265228509903,1.8,0.02,-0.0,-0.00033651726698731967,-1.3619978928745457e-05,0.0,0.15,-0.0,0.0,0.0,-0.0,0.0,0.0,0.0,0.0,0.35,0.0,0.0,0.0,0.0,0.0,0.0,0.0,0.0,0.25,-0.0,0.051849365234375,0.0,0.8577499389648438,-0.0,0.01296234130859375,0.01296234130859375,-0.05,0.5369265228509903,0.35795101523399353,0.2,0.0,-0.0,-0.0,-0.0,0.8,1.0,-0.0,0.0,-0.0,-0.0,0.0,0.0,0.0,0.44942610556725415,-0.0,-0.0,-0.0,0.02,0.0,0.0,0.0,0.0,0.0,0.0,0.35795101523399353,32.358679600842294,32.4,1.0,0.0,0.0,1.0,2.0,4.0,0.0,1.0,0.0,1.0,0.0,0.0,0.0,0.0,0.0,0.0,0.0,0.0,0.0,0.0,0.0,0.0,0.0,0.0,0.0,0.0,0.0,0.0,0.0,63.23505401611328,23.175519943237305,63.0073127746582,22.950721740722656,-0.22774124145507812,-0.22479820251464844,0.32000046968460083,-2.362697752522941,-0.997606098651886,0.06915269792079926,0.0,-55.249114990234375,31.388681411743164,0.0,28.0,28.0,28.0,0.0,1.0,29.0,0.0,0.0,1.0,0.0,1.0,0.0,3.0,0.0,0.68,188.03089996799827,0.5020999815315008,124.72279998473823,48.02460002247244,21.45649993326515,4.0,2.9981000116094947,11.063999962061644,0.6825999589636922,0.000500003807246685
1,268,268,4.997747924873189,0,0,2.0,4.0,1.0,1.0,1.0,1.0,1.0,1.0,1.0,1.0,1.0,1.0,1.0,1.0,1.0,1.0,1.0,1.0,1.0,0.0,1.0,-0.11709733307361603,1.0,-0.11486811935901642,0.46226686239242554,0.5848950743675232,0.0,0.001815774361602962,0.8643950819969177,-0.5028131604194641,0.0,0.0,0.0,0.0,0.0,0.0,122.3484115600586,25.0,25.0,25.0,25.0,25.0,0.0,1.0,1.0,1.0,0.0,0.0,0.0,0.0,0.0,1.8799772262573242,0.6070275361974907,0.777831267118454,1.7129118952999205,0.02,-0.0,-0.00033651726698731967,-1.3619978928745457e-05,0.0,0.15,-0.0,0.0,0.0,-0.0,0.0,0.0,0.0,0.0,0.35,0.0,0.0,0.0,0.0,0.0,0.0,0.0,0.0,0.25,-0.0,0.07843017578125,0.0,0.8799772262573242,-0.0,0.0196075439453125,0.0196075439453125,-0.05,0.547831267118454,0.365220844745636,0.2,0.0,-0.0,-0.0,-0.0,0.8,1.0,-0.0,0.0,-0.0,-0.0,0.0,0.0,0.0,0.4573776734434068,-0.0,-0.0,-0.08708810470007956,0.02,0.0,0.0,0.0,0.0,0.0,0.0,0.365220844745636,32.93119248792529,32.4,1.0,0.0,0.0,1.0,2.0,4.0,0.0,1.0,0.0,1.0,0.0,0.0,0.0,0.0,0.0,0.0,0.0,0.0,0.0,0.0,0.0,0.0,0.0,0.0,0.0,0.0,0.0,0.0,0.0,63.007450103759766,22.9509334564209,62.77971267700195,22.726133346557617,-0.2277374267578125,-0.22480010986328125,0.319999098777771,-2.362685192479698,-0.9974641799926758,0.07117027044296265,0.0,-55.249114990234375,31.388681411743164,0.0,28.0,28.0,28.0,0.0,1.0,29.0,0.0,0.0,1.0,0.0,1.0,0.0,3.0,0.0,0.72,150.6087000016123,0.5221000174060464,99.21949997078627,24.54450004734099,10.183600010350347,4.0,20.98999998997897,4.499600036069751,0.7978999055922031,0.000500003807246685
1,269,269,4.45885288602665,0,0,2.0,3.0,1.0,1.0,1.0,1.0,1.0,1.0,1.0,1.0,1.0,1.0,1.0,1.0,1.0,1.0,1.0,1.0,1.0,0.0,1.0,-0.12159959226846695,1.0,-0.11926555633544922,0.4704456031322479,0.4969729781150818,0.0,0.001815774361602962,0.8643649220466614,-0.5028650760650635,0.0,0.0,0.0,0.0,0.0,0.0,122.3685531616211,25.0,25.0,25.0,25.0,25.0,0.0,1.0,1.0,1.0,0.0,0.0,0.0,0.0,0.0,1.8776714205741882,0.5966078717167673,0.7495736169815064,1.2149999767541886,0.02,-0.0,-0.00033651726698731967,-1.3619978928745457e-05,0.0,0.15,-0.0,0.0,0.0,-0.0,0.0,0.0,0.0,0.0,0.35,0.0,0.0,0.0,0.0,0.0,0.0,0.0,0.0,0.25,-0.0,0.08056640625,0.0,0.8776714205741882,-0.0,0.0201416015625,0.0201416015625,-0.05,0.5435736179351807,0.3623824119567871,0.2,0.0,-0.0,-0.0,-0.0,0.5599999904632569,0.699999988079071,-0.0,0.0,-0.0,-0.0,0.0,0.0,0.0,0.4469580089626834,-0.04500000178813934,-0.0,-0.0,0.02,0.0,0.0,0.0,0.0,0.0,0.0,0.3623824119567871,32.1809766453132,32.4,0.0,0.6,0.0,0.699999988079071,2.0,3.0,0.0,0.699999988079071,0.0,0.699999988079071,0.0,0.0,0.0,0.0,0.0,0.0,0.0,0.0,0.0,0.0,0.0,0.0,0.0,0.0,0.0,0.0,0.0,0.0,0.0,62.779850006103516,22.726346969604492,62.5521125793457,22.501544952392578,-0.2277374267578125,-0.22480201721191406,0.32000043988227844,-2.362680935464236,-0.9973176717758179,0.07319474220275879,0.0,-55.249114990234375,31.388681411743164,0.0,28.0,28.0,28.0,0.0,1.0,29.0,0.0,0.0,1.0,0.0,1.0,0.0,3.0,0.0,0.76,135.94209996517748,0.5095000378787518,85.49329999368638,44.723100028932095,20.446499926038086,4.0,2.9575000517070293,1.7233999678865075,0.49999996554106474,0.000700005330145359
1,270,270,4.49487636668376,0,0,2.0,3.0,1.0,1.0,1.0,1.0,1.0,1.0,1.0,1.0,1.0,1.0,1.0,1.0,1.0,1.0,1.0,1.0,1.0,0.0,1.0,-0.1260821670293808,1.0,-0.1236417293548584,0.4597282409667969,-0.6512290239334106,0.0,4.320386142353527e-05,0.8643686175346375,-0.5028586983680725,0.0,0.0,0.0,0.0,0.0,0.0,122.3907470703125,25.0,25.0,25.0,25.0,25.0,0.0,1.0,1.0,1.0,0.0,0.0,0.0,0.0,0.0,1.881404459476471,0.603063075533062,0.7490488874912262,1.2413599441830019,0.02,-0.0,-0.00033651726698731967,-1.3619978928745457e-05,0.0,0.15,-0.0,0.0,0.0,-0.0,0.0,0.0,0.0,0.0,0.35,0.0,0.0,0.0,0.0,0.0,0.0,0.0,0.0,0.25,-0.0,0.088775634765625,0.0,0.881404459476471,-0.0,0.02219390869140625,0.02219390869140625,-0.05,0.5430488884449005,0.36203259229660034,0.2,0.0,-0.0,-0.0,-0.0,0.5599999904632569,0.699999988079071,-0.0,0.0,-0.0,-0.0,0.0,0.0,0.0,0.45341321277897806,-0.0,-0.0,-0.01864003435932611,0.02,0.0,0.0,0.0,0.0,0.0,0.0,0.36203259229660034,32.64575132008642,32.4,0.7326086850269979,0.0,0.0,0.699999988079071,2.0,3.0,0.0,0.699999988079071,0.0,0.699999988079071,0.0,0.0,0.0,0.0,0.0,0.0,0.0,0.0,0.0,0.0,0.0,0.0,0.0,0.0,0.0,0.0,0.0,0.0,0.0,62.552249908447266,22.501758575439453,62.32451629638672,22.276952743530273,-0.22773361206054688,-0.2248058319091797,0.32000041007995605,-2.362664076532821,-0.9971665143966675,0.07522614300251007,0.0,-55.249114990234375,31.388681411743164,0.0,28.0,28.0,28.0,0.0,1.0,29.0,0.0,0.0,1.0,0.0,1.0,0.0,3.0,0.0,0.8,132.22220004536211,0.38029998540878296,97.73210005369037,28.503699926659465,14.33770009316504,4.0,3.476700047031045,1.6219000099226832,0.470799976028502,0.000300002284348011
1,271,271,5.013079029335565,0,0,2.0,4.0,1.0,1.0,1.0,1.0,1.0,1.0,1.0,1.0,1.0,1.0,1.0,1.0,1.0,1.0,1.0,1.0,1.0,0.0,1.0,-0.130562886595726,1.0,-0.1280125230550766,0.4663678705692291,0.40345025062561035,0.0,0.0007717328262515366,0.8643523454666138,-0.5028866529464722,0.0,0.0,0.0,0.0,0.0,0.0,122.41333770751953,25.0,25.0,25.0,25.0,25.0,0.0,1.0,1.0,1.0,0.0,0.0,0.0,0.0,0.0,1.878517985343933,0.5918446123738957,0.7677164334058761,1.7549999982118607,0.02,-0.0,-0.00033651726698731967,-1.3619978928745457e-05,0.0,0.15,-0.0,0.0,0.0,-0.0,0.0,0.0,0.0,0.0,0.35,0.0,0.0,0.0,0.0,0.0,0.0,0.0,0.0,0.25,-0.0,0.090362548828125,0.0,0.8785179853439331,-0.0,0.02259063720703125,0.02259063720703125,-0.05,0.5377164334058762,0.3584776222705841,0.2,0.0,-0.0,-0.0,-0.0,0.8,1.0,-0.0,0.0,-0.0,-0.0,0.0,0.0,0.0,0.44219474961981176,-0.04500000178813934,-0.0,-0.0,0.02,0.0,0.0,0.0,0.0,0.0,0.0,0.3584776222705841,31.838021972626446,32.4,0.0,0.6,0.0,1.0,2.0,4.0,0.0,1.0,0.0,1.0,0.0,0.0,0.0,0.0,0.0,0.0,0.0,0.0,0.0,0.0,0.0,0.0,0.0,0.0,0.0,0.0,0.0,0.0,0.0,62.32465362548828,22.27716636657715,62.096923828125,22.052358627319336,-0.22772979736328125,-0.2248077392578125,0.3199990391731262,-2.362651474615751,-0.9970106482505798,0.07726449519395828,0.0,-55.249114990234375,31.388681411743164,0.0,28.0,28.0,28.0,0.0,1.0,29.0,0.0,0.0,1.0,0.0,1.0,0.0,3.0,0.0,0.84,147.90079998783767,0.42529997881501913,126.00799999199808,9.567499975673854,6.651200004853308,4.0,5.213500000536442,5.8830000925809145,0.7727999472990632,0.000500003807246685
1,272,272,5.074922810201462,0,0,2.0,4.0,1.0,1.0,1.0,1.0,1.0,1.0,1.0,1.0,1.0,1.0,1.0,1.0,1.0,1.0,1.0,1.0,1.0,0.0,1.0,-0.13501696288585663,1.0,-0.13235515356063843,0.4548288881778717,-0.7011539340019226,0.0,0.0007717328262515366,0.864383339881897,-0.502833366394043,0.0,0.0,0.0,0.0,0.0,0.0,122.43891906738281,25.0,25.0,25.0,25.0,25.0,0.0,1.0,1.0,1.0,0.0,0.0,0.0,0.0,0.0,1.8860341310501099,0.5997383469575269,0.7691628593206405,1.7999874728731857,0.02,-0.0,-0.00033651726698731967,-1.3619978928745457e-05,0.0,0.15,-0.0,0.0,0.0,-0.0,0.0,0.0,0.0,0.0,0.35,0.0,0.0,0.0,0.0,0.0,0.0,0.0,0.0,0.25,-0.0,0.102325439453125,0.0,0.8860341310501099,-0.0,0.02558135986328125,0.02558135986328125,-0.05,0.5391628593206406,0.3594419062137604,0.2,0.0,-0.0,-0.0,-0.0,0.8,1.0,-0.0,0.0,-0.0,-0.0,0.0,0.0,0.0,0.45008848420344294,-0.0,-0.0,-1.2527126814277994e-05,0.02,0.0,0.0,0.0,0.0,0.0,0.0,0.3594419062137604,32.40637086264789,32.4,1.0,0.0,0.0,1.0,2.0,4.0,0.0,1.0,0.0,1.0,0.0,0.0,0.0,0.0,0.0,0.0,0.0,0.0,0.0,0.0,0.0,0.0,0.0,0.0,0.0,0.0,0.0,0.0,0.0,62.09706115722656,22.05257225036621,61.86933135986328,21.827762603759766,-0.22772979736328125,-0.2248096466064453,0.32000038027763367,-2.362647217600571,-0.9968500137329102,0.07930979132652283,0.0,-55.249114990234375,31.388681411743164,0.0,28.0,28.0,28.0,0.0,1.0,29.0,0.0,0.0,1.0,0.0,1.0,0.0,3.0,0.0,0.88,164.35330000240356,0.6772000342607498,113.70400001760572,42.30470000766218,15.305400011129677,4.0,4.023200017400086,2.9549000319093466,0.6530999671667814,0.000400003045797348
1,273,273,4.451538369473926,0,0,2.0,3.0,1.0,1.0,1.0,1.0,1.0,1.0,1.0,1.0,1.0,1.0,1.0,1.0,1.0,1.0,1.0,1.0,1.0,0.0,1.0,-0.13947775959968567,1.0,-0.13669943809509277,0.46294814348220825,0.49335840344429016,0.0,0.0012407336616888642,0.8643383383750916,-0.5029107332229614,0.0,0.0,0.0,0.0,0.0,0.0,122.46542358398438,25.0,25.0,25.0,25.0,25.0,0.0,1.0,1.0,1.0,0.0,0.0,0.0,0.0,0.0,1.8852771520614624,0.590225452599041,0.7410357880592346,1.2149999767541886,0.02,-0.0,-0.00033651726698731967,-1.3619978928745457e-05,0.0,0.15,-0.0,0.0,0.0,-0.0,0.0,0.0,0.0,0.0,0.35,0.0,0.0,0.0,0.0,0.0,0.0,0.0,0.0,0.25,-0.0,0.10601806640625,0.0,0.8852771520614624,-0.0,0.0265045166015625,0.0265045166015625,-0.05,0.5350357890129089,0.35669052600860596,0.2,0.0,-0.0,-0.0,-0.0,0.5599999904632569,0.699999988079071,-0.0,0.0,-0.0,-0.0,0.0,0.0,0.0,0.44057558984495704,-0.04500000178813934,-0.0,-0.0,0.02,0.0,0.0,0.0,0.0,0.0,0.0,0.35669052600860596,31.721442468836905,32.4,0.0,0.6,0.0,0.699999988079071,2.0,3.0,0.0,0.699999988079071,0.0,0.699999988079071,0.0,0.0,0.0,0.0,0.0,0.0,0.0,0.0,0.0,0.0,0.0,0.0,0.0,0.0,0.0,0.0,0.0,0.0,0.0,61.869468688964844,21.82797622680664,61.64174270629883,21.60316276550293,-0.22772598266601562,-0.22481346130371094,0.3200003206729889,-2.3626303581249952,-0.9966846108436584,0.0813620463013649,0.0,-55.249114990234375,31.388681411743164,0.0,28.0,28.0,28.0,0.0,1.0,29.0,0.0,0.0,1.0,0.0,1.0,0.0,3.0,0.0,0.92,159.98160000890493,0.6182000506669283,127.4136999854818,15.64140000846237,9.603600017726421,4.0,13.624300016090274,2.010500058531761,0.6328999297693372,0.000500003807246685
1,274,274,5.031680448567419,0,0,2.0,4.0,1.0,1.0,1.0,1.0,1.0,1.0,1.0,1.0,1.0,1.0,1.0,1.0,1.0,1.0,1.0,1.0,1.0,0.0,1.0,-0.1439172625541687,1.0,-0.14101997017860413,0.4531634747982025,-0.5945559144020081,0.0,0.0012407336616888642,0.86434406042099,-0.5029009580612183,0.0,0.0,0.0,0.0,0.0,0.0,122.49471282958984,25.0,25.0,25.0,25.0,25.0,0.0,1.0,1.0,1.0,0.0,0.0,0.0,0.0,0.0,1.8918874859809875,0.5983281838054954,0.7664647805690765,1.7549999982118607,0.02,-0.0,-0.00033651726698731967,-1.3619978928745457e-05,0.0,0.15,-0.0,0.0,0.0,-0.0,0.0,0.0,0.0,0.0,0.35,0.0,0.0,0.0,0.0,0.0,0.0,0.0,0.0,0.25,-0.0,0.117156982421875,0.0,0.8918874859809875,-0.0,0.02928924560546875,0.02928924560546875,-0.05,0.5364647805690765,0.357643187046051,0.2,0.0,-0.0,-0.0,-0.0,0.8,1.0,-0.0,0.0,-0.0,-0.0,0.0,0.0,0.0,0.44867832105141137,-0.04500000178813934,-0.0,-0.0,0.02,0.0,0.0,0.0,0.0,0.0,0.0,0.357643187046051,32.30483911570162,32.4,1.0,0.0,0.0,1.0,2.0,4.0,0.0,1.0,0.0,1.0,0.0,0.0,0.0,0.0,0.0,0.0,0.0,0.0,0.0,0.0,0.0,0.0,0.0,0.0,0.0,0.0,0.0,0.0,0.0,61.64188003540039,21.603376388549805,61.41415786743164,21.378559112548828,-0.22772216796875,-0.22481727600097656,0.3200003206729889,-2.362613499733602,-0.9965143203735352,0.08342128247022629,0.0,-55.249114990234375,31.388681411743164,0.0,28.0,28.0,28.0,0.0,1.0,29.0,0.0,0.0,1.0,0.0,1.0,0.0,3.0,0.0,0.96,173.4500000020489,0.5373000167310238,119.40399999730289,45.35589995793998,29.339500004425645,4.0,4.525299998931587,2.930199960246682,0.6707999855279922,0.000600004568696022
1,275,275,5.042256041817738,0,0,2.0,4.0,1.0,1.0,1.0,1.0,1.0,1.0,1.0,1.0,1.0,1.0,1.0,1.0,1.0,1.0,1.0,1.0,1.0,0.0,1.0,-0.14836451411247253,1.0,-0.14534294605255127,0.4614976942539215,0.5064206719398499,0.0,0.001169893890619278,0.8643032312393188,-0.5029710531234741,0.0,0.0,0.0,0.0,0.0,0.0,122.53075408935547,25.0,25.0,25.0,25.0,25.0,0.0,1.0,1.0,1.0,0.0,0.0,0.0,0.0,0.0,1.9145187735557556,0.6065511941536513,0.7773914742469787,1.7237945998613524,0.02,-0.0,-0.00033651726698731967,-1.3619978928745457e-05,0.0,0.15,-0.0,0.0,0.0,-0.0,0.0,0.0,0.0,0.0,0.35,0.0,0.0,0.0,0.0,0.0,0.0,0.0,0.0,0.25,-0.0,0.1441650390625,0.0,0.9145187735557556,-0.0,0.036041259765625,0.036041259765625,-0.05,0.5473914742469788,0.36492764949798584,0.2,0.0,-0.0,-0.0,-0.0,0.8,1.0,-0.0,0.0,-0.0,-0.0,0.0,0.0,0.0,0.4569013313995674,-0.0,-0.0,-0.07620540013864766,0.02,0.0,0.0,0.0,0.0,0.0,0.0,0.36492764949798584,32.89689586076885,32.4,1.0,0.0,0.0,1.0,2.0,4.0,0.0,1.0,0.0,1.0,0.0,0.0,0.0,0.0,0.0,0.0,0.0,0.0,0.0,0.0,0.0,0.0,0.0,0.0,0.0,0.0,0.0,0.0,0.0,61.4142951965332,21.378772735595703,61.18657684326172,21.153953552246094,-0.22771835327148438,-0.22481918334960938,0.31999894976615906,-2.3626008553976496,-0.9963392019271851,0.08548751473426819,0.0,-55.249114990234375,31.388681411743164,0.0,28.0,28.0,28.0,0.0,1.0,29.0,0.0,0.0,1.0,0.0,1.0,0.0,3.0,0.0,1.0,129.46810002904385,0.5931999767199159,117.33170005027205,4.9239000072702765,2.037900034338236,4.0,3.722800058312714,2.2948000114411116,0.5766999674960971,0.000700005330145359
1,276,276,4.4931386221572005,0,0,2.0,3.0,1.0,1.0,1.0,1.0,1.0,1.0,1.0,1.0,1.0,1.0,1.0,1.0,1.0,1.0,1.0,1.0,1.0,0.0,1.0,-0.1528649926185608,1.0,-0.14970771968364716,0.4699556529521942,0.5139381289482117,0.0,0.001169893890619278,0.8642786741256714,-0.5030132532119751,0.0,0.0,0.0,0.0,0.0,0.0,122.56729125976562,25.0,25.0,25.0,25.0,25.0,0.0,1.0,1.0,1.0,0.0,0.0,0.0,0.0,0.0,1.9119138717651367,0.5971293945237247,0.749095379114151,1.2149999767541886,0.02,-0.0,-0.00033651726698731967,-1.3619978928745457e-05,0.0,0.15,-0.0,0.0,0.0,-0.0,0.0,0.0,0.0,0.0,0.35,0.0,0.0,0.0,0.0,0.0,0.0,0.0,0.0,0.25,-0.0,0.146148681640625,0.0,0.9119138717651367,-0.0,0.03653717041015625,0.03653717041015625,-0.05,0.5430953800678253,0.36206358671188354,0.2,0.0,-0.0,-0.0,-0.0,0.5599999904632569,0.699999988079071,-0.0,0.0,-0.0,-0.0,0.0,0.0,0.0,0.4474795317696407,-0.04500000178813934,-0.0,-0.0,0.02,0.0,0.0,0.0,0.0,0.0,0.0,0.36206358671188354,32.218526287414136,32.4,0.0,0.6,0.0,0.699999988079071,2.0,3.0,0.0,0.699999988079071,0.0,0.699999988079071,0.0,0.0,0.0,0.0,0.0,0.0,0.0,0.0,0.0,0.0,0.0,0.0,0.0,0.0,0.0,0.0,0.0,0.0,0.0,61.18671417236328,21.15416717529297,60.95899963378906,20.929344177246094,-0.22771453857421875,-0.224822998046875,0.3199988901615143,-2.3625839959241155,-0.9961591362953186,0.08756072074174881,0.0,-55.249114990234375,31.388681411743164,0.0,28.0,28.0,28.0,0.0,1.0,29.0,0.0,0.0,1.0,0.0,1.0,0.0,3.0,0.0,1.04,161.58980003092438,0.394499977119267,104.81490008533001,49.50349999126047,24.55339999869466,4.0,3.6910000490024686,2.5676999939605594,0.5893999477848411,0.000500003807246685
1,277,277,5.362194817351035,0,0,1.0,3.0,1.0,1.0,1.0,1.0,1.0,1.0,1.0,1.0,1.0,1.0,1.0,1.0,1.0,1.0,1.0,1.0,1.0,0.0,1.0,-0.15734538435935974,1.0,-0.15404963493347168,0.460264652967453,-0.5888624787330627,0.0,-0.00010788670624606311,0.8642938733100891,-0.5029871463775635,0.0,0.0,0.0,0.0,0.0,0.0,122.60591888427734,25.0,25.0,25.0,25.0,25.0,0.0,1.0,1.0,1.0,0.0,0.0,0.0,0.0,0.0,1.9157167077064514,0.6026441540288924,2.298553125858307,0.5252808297573847,0.02,-0.0,-0.00033651726698731967,-1.3619978928745457e-05,0.0,0.15,-0.0,0.0,0.0,-0.0,0.0,0.0,0.0,0.0,0.35,0.0,0.0,0.0,0.0,0.0,0.0,0.0,0.0,0.25,-0.0,0.154510498046875,0.0,0.9157167077064514,-0.0,0.03862762451171875,0.03862762451171875,1.5,0.5425531268119812,0.3617020845413208,0.2,0.0,-0.033547462942408665,-0.0,-0.0,0.4378181743621827,0.5472727179527282,-0.15272727012634274,0.0,-0.06664462696422228,-0.17454545454545453,0.0,0.0,0.0,0.4529942912748084,-0.017999999597668646,-0.0,-0.014345248381429435,0.02,0.0,0.0,0.0,0.0,0.0,0.0,0.3617020845413208,32.6155889717862,32.4,0.7326086850269979,0.0,-0.25,0.699999988079071,1.0,3.0,-0.25,0.699999988079071,-0.11999999731779099,0.699999988079071,-0.12,1.0,0.0,0.0,0.0,-0.25,-0.25,1.0,0.13,0.0,0.0,0.0,0.0,0.0,0.0,0.0,0.0,0.0,0.0,60.959136962890625,20.92955780029297,60.73142623901367,20.704730987548828,-0.22771072387695312,-0.22482681274414062,0.3199988603591919,-2.362567178867211,-0.9959741830825806,0.08964093774557114,0.0,-55.249114990234375,31.388681411743164,0.0,28.0,28.0,28.0,0.0,1.0,29.0,0.0,0.0,1.0,0.0,1.0,0.0,3.0,0.0,1.08,149.29700002539903,0.493000028654933,114.67789998278022,26.846299995668232,14.098000014200807,4.0,4.2236000299453735,2.4396999506279826,0.5751000717282295,0.000300002284348011
1,278,278,5.261372762690223,0,0,2.0,4.0,1.0,1.0,1.0,1.0,1.0,1.0,1.0,1.0,1.0,1.0,1.0,1.0,1.0,1.0,1.0,1.0,1.0,0.0,1.0,-0.16182349622249603,1.0,-0.1583840250968933,0.4659369885921478,0.34467247128486633,-0.2181818187236786,0.021720625460147858,0.8639289736747742,-0.5036137104034424,0.0,0.0,0.0,0.0,0.0,0.0,122.64617156982422,25.0,25.0,25.0,25.0,25.0,0.0,1.0,1.0,1.0,0.0,0.0,0.0,0.0,0.0,1.9133530855178833,0.5912359011870993,0.7670684564113617,1.969715319573879,0.02,-0.0,-0.00033651726698731967,-1.3619978928745457e-05,0.0,0.15,-0.0,0.0,0.0,-0.0,0.0,0.0,0.0,0.0,0.35,0.0,0.0,0.0,0.0,0.0,0.0,0.0,0.0,0.25,-0.0,0.1610107421875,0.0,0.9133530855178833,-0.0,0.040252685546875,0.040252685546875,-0.05,0.5370684564113617,0.35804563760757446,0.2,0.0,-0.0,-0.0,-0.0,0.8,1.0,-0.0,0.0,-0.0,-0.0,0.2181818038225174,0.0,0.0,0.4415860384330154,-0.04846648424863815,-0.0,-0.0,0.02,0.0,0.0,0.0,0.0,0.0,0.0,0.35804563760757446,31.794194767177107,32.4,0.0,0.6,0.0,1.0,2.0,4.0,0.0,1.0,0.0,1.0,0.0,0.0,0.0,0.0,0.0,0.0,0.0,0.0,0.0,0.0,0.0,0.0,0.0,0.0,0.0,0.0,0.0,0.0,0.0,60.731563568115234,20.704944610595703,60.50479507446289,20.47916603088379,-0.22676849365234375,-0.22577857971191406,0.3199998736381531,-2.358381913341497,-0.9957841038703918,0.09172816574573517,0.0,-55.249114990234375,31.388681411743164,0.0,28.0,28.0,28.0,0.0,1.0,28.0,0.0,0.0,1.0,0.0,1.0,0.0,3.0,0.0,1.12,120.62760000117123,0.46749995090067387,102.11360000539571,10.650999960489571,7.630700012668967,4.0,3.9118999848142266,2.863000030629337,0.5978000117465854,0.000500003807246685
1,279,279,5.112313629290945,0,0,2.0,4.0,1.0,1.0,1.0,1.0,1.0,1.0,1.0,1.0,1.0,1.0,1.0,1.0,1.0,1.0,1.0,1.0,1.0,0.0,1.0,-0.16628043353557587,1.0,-0.1626928150653839,0.4542027711868286,-0.7130157947540283,0.0,0.021720625460147858,0.8621694445610046,-0.5066199898719788,0.0,0.0,0.0,0.0,0.0,0.0,122.69046783447266,25.0,25.0,25.0,25.0,25.0,0.0,1.0,1.0,1.0,0.0,0.0,0.0,0.0,0.0,1.9249446392059326,0.5988304596160723,0.7685385304689407,1.8,0.02,-0.0,-0.00033651726698731967,-1.3619978928745457e-05,0.0,0.15,-0.0,0.0,0.0,-0.0,0.0,0.0,0.0,0.0,0.35,0.0,0.0,0.0,0.0,0.0,0.0,0.0,0.0,0.25,-0.0,0.17718505859375,0.0,0.9249446392059326,-0.0,0.0442962646484375,0.0442962646484375,-0.05,0.5385385304689407,0.3590256869792938,0.2,0.0,-0.0,-0.0,-0.0,0.8,1.0,-0.0,0.0,-0.0,-0.0,0.0,0.0,0.0,0.44918059686198836,-0.0,-0.0,-0.0,0.02,0.0,0.0,0.0,0.0,0.0,0.0,0.3590256869792938,32.34100297406316,32.4,1.0,0.0,0.0,1.0,2.0,4.0,0.0,1.0,0.0,1.0,0.0,0.0,0.0,0.0,0.0,0.0,0.0,0.0,0.0,0.0,0.0,0.0,0.0,0.0,0.0,0.0,0.0,0.0,0.0,60.50493621826172,20.479373931884766,60.27817153930664,20.25359344482422,-0.22676467895507812,-0.22578048706054688,0.31999850273132324,-2.3583693113721225,-0.9955882430076599,0.09382978826761246,0.0,-55.249114990234375,31.388681411743164,0.0,28.0,28.0,28.0,0.0,1.0,28.0,0.0,0.0,1.0,0.0,1.0,0.0,3.0,0.0,1.16,178.11420001089573,0.48480008263140917,120.81859994214028,50.15559995081276,23.094099946320057,4.0,3.7739999825134873,2.2814000258222222,0.5689999088644981,0.000400003045797348
1,280,280,5.016525985553585,0,0,2.0,4.0,1.0,1.0,1.0,1.0,1.0,1.0,1.0,1.0,1.0,1.0,1.0,1.0,1.0,1.0,1.0,1.0,1.0,0.0,1.0,-0.17073853313922882,1.0,-0.16699442267417908,0.4620143175125122,0.47465988993644714,0.0,0.04089263081550598,0.8603939414024353,-0.5096295475959778,0.0,0.0,0.0,0.0,0.0,0.0,122.74299621582031,25.0,25.0,25.0,25.0,25.0,0.0,1.0,1.0,1.0,0.0,0.0,0.0,0.0,0.0,1.9534059166908264,0.6091886578825487,0.7795131909847259,1.6544182199954844,0.02,-0.0,-0.00033651726698731967,-1.3619978928745457e-05,0.0,0.15,-0.0,0.0,0.0,-0.0,0.0,0.0,0.0,0.0,0.35,0.0,0.0,0.0,0.0,0.0,0.0,0.0,0.0,0.25,-0.0,0.210113525390625,0.0,0.9534059166908264,-0.0,0.05252838134765625,0.05252838134765625,-0.05,0.549513190984726,0.36634212732315063,0.2,0.0,-0.0,-0.0,-0.0,0.8,1.0,-0.0,0.0,-0.0,-0.0,0.0,0.0,0.0,0.45953879512846474,-0.0,-0.0,-0.14558178000451552,0.02,0.0,0.0,0.0,0.0,0.0,0.0,0.36634212732315063,33.08679324924946,32.4,1.0,0.0,0.0,1.0,2.0,4.0,0.0,1.0,0.0,1.0,0.0,0.0,0.0,0.0,0.0,0.0,0.0,0.0,0.0,0.0,0.0,0.0,0.0,0.0,0.0,0.0,0.0,0.0,0.0,60.2783088684082,20.253803253173828,60.051544189453125,20.02802085876465,-0.22676467895507812,-0.2257823944091797,0.3199998438358307,-2.3583650544590946,-0.9953873157501221,0.09593840688467026,0.0,-55.249114990234375,31.388681411743164,0.0,28.0,28.0,28.0,0.0,1.0,28.0,0.0,0.0,1.0,0.0,1.0,0.0,3.0,0.0,1.2,166.9297000626102,0.4851999692618847,143.75700009986758,15.09610004723072,11.66319998446852,4.0,4.23900003079325,2.305899979546666,1.0172000620514154,0.000400003045797348
1,281,281,4.537135762530304,0,0,2.0,3.0,1.0,1.0,1.0,1.0,1.0,1.0,1.0,1.0,1.0,1.0,1.0,1.0,1.0,1.0,1.0,1.0,1.0,0.0,1.0,-0.17524264752864838,1.0,-0.1713264137506485,0.47266846895217896,0.6473873853683472,0.0,0.04089263081550598,0.859298586845398,-0.5114743113517761,0.0,0.0,0.0,0.0,0.0,0.0,122.79651641845703,25.0,25.0,25.0,25.0,25.0,0.0,1.0,1.0,1.0,0.0,0.0,0.0,0.0,0.0,1.9527039527893066,0.5981521969613803,0.7512796360254288,1.2149999767541886,0.02,-0.0,-0.00033651726698731967,-1.3619978928745457e-05,0.0,0.15,-0.0,0.0,0.0,-0.0,0.0,0.0,0.0,0.0,0.35,0.0,0.0,0.0,0.0,0.0,0.0,0.0,0.0,0.25,-0.0,0.214080810546875,0.0,0.9527039527893066,-0.0,0.05352020263671875,0.05352020263671875,-0.05,0.5452796369791031,0.3635197579860687,0.2,0.0,-0.0,-0.0,-0.0,0.5599999904632569,0.699999988079071,-0.0,0.0,-0.0,-0.0,0.0,0.0,0.0,0.4485023342072964,-0.04500000178813934,-0.0,-0.0,0.02,0.0,0.0,0.0,0.0,0.0,0.0,0.3635197579860687,32.29216806292534,32.4,0.0,0.6,0.0,0.699999988079071,2.0,3.0,0.0,0.699999988079071,0.0,0.699999988079071,0.0,0.0,0.0,0.0,0.0,0.0,0.0,0.0,0.0,0.0,0.0,0.0,0.0,0.0,0.0,0.0,0.0,0.0,0.0,60.05168151855469,20.02823257446289,59.82491683959961,19.802448272705078,-0.22676467895507812,-0.2257843017578125,0.3200012147426605,-2.3583608399670073,-0.995181143283844,0.09805399924516678,0.0,-55.249114990234375,31.388681411743164,0.0,28.0,28.0,28.0,0.0,1.0,28.0,0.0,0.0,1.0,0.0,1.0,0.0,3.0,0.0,1.24,198.06439999956638,0.6148000247776508,135.26549993548542,53.47509996499866,30.280099948868155,4.0,5.018900032155216,2.202300005592406,1.461199950426817,0.000600004568696022
1,282,282,5.051411946030488,0,0,2.0,4.0,1.0,1.0,1.0,1.0,1.0,1.0,1.0,1.0,1.0,1.0,1.0,1.0,1.0,1.0,1.0,1.0,1.0,0.0,1.0,-0.17972396314144135,1.0,-0.17563100159168243,0.46131667494773865,-0.6897788047790527,0.0,0.018997443839907646,0.8585547208786011,-0.5127219557762146,0.0,0.0,0.0,0.0,0.0,0.0,122.8532943725586,25.0,25.0,25.0,25.0,25.0,0.0,1.0,1.0,1.0,0.0,0.0,0.0,0.0,0.0,1.9611406922340393,0.6061490509658305,0.7767053204774856,1.6874168823531326,0.02,-0.0,-0.00033651726698731967,-1.3619978928745457e-05,0.0,0.15,-0.0,0.0,0.0,-0.0,0.0,0.0,0.0,0.0,0.35,0.0,0.0,0.0,0.0,0.0,0.0,0.0,0.0,0.25,-0.0,0.22711181640625,0.0,0.9611406922340393,-0.0,0.0567779541015625,0.0567779541015625,-0.05,0.5467053204774857,0.3644702136516571,0.2,0.0,-0.0,-0.0,-0.0,0.8,1.0,-0.0,0.0,-0.0,-0.0,0.0,0.0,0.0,0.45649918821174656,-0.04500000178813934,-0.0,-0.06758311585872813,0.02,0.0,0.0,0.0,0.0,0.0,0.0,0.3644702136516571,32.86794155124575,32.4,1.0,0.0,0.0,1.0,2.0,4.0,0.0,1.0,0.0,1.0,0.0,0.0,0.0,0.0,0.0,0.0,0.0,0.0,0.0,0.0,0.0,0.0,0.0,0.0,0.0,0.0,0.0,0.0,0.0,59.82505416870117,19.802661895751953,59.59829330444336,19.576875686645508,-0.2267608642578125,-0.2257862091064453,0.3199998438358307,-2.3583481957598447,-0.9949696660041809,0.10017658770084381,0.0,-55.249114990234375,31.388681411743164,0.0,28.0,28.0,28.0,0.0,1.0,28.0,1.0,0.0,1.0,0.0,1.0,0.0,3.0,0.0,1.28,172.32800007332116,0.48859999515116215,145.07560001220554,17.952200025320053,14.50050005223602,4.0,5.035000038333237,2.9508000006899238,0.7946999976411462,0.000500003807246685
1,283,283,4.539595256219543,0,0,2.0,3.0,1.0,1.0,1.0,1.0,1.0,1.0,1.0,1.0,1.0,1.0,1.0,1.0,1.0,1.0,1.0,1.0,1.0,0.0,1.0,-0.18421047925949097,1.0,-0.1799321472644806,0.4695420265197754,0.499803364276886,0.0,0.018997443839907646,0.8580505847930908,-0.5135652422904968,0.0,0.0,0.0,0.0,0.0,0.0,122.91087341308594,25.0,25.0,25.0,25.0,25.0,0.0,1.0,1.0,1.0,0.0,0.0,0.0,0.0,0.0,1.9597172737121582,0.596338961492218,0.7485390442609787,1.2149999767541886,0.02,-0.0,-0.00033651726698731967,-1.3619978928745457e-05,0.0,0.15,-0.0,0.0,0.0,-0.0,0.0,0.0,0.0,0.0,0.35,0.0,0.0,0.0,0.0,0.0,0.0,0.0,0.0,0.25,-0.0,0.230316162109375,0.0,0.9597172737121582,-0.0,0.05757904052734375,0.05757904052734375,-0.05,0.542539045214653,0.3616926968097687,0.2,0.0,-0.0,-0.0,-0.0,0.5599999904632569,0.699999988079071,-0.0,0.0,-0.0,-0.0,0.0,0.0,0.0,0.446689098738134,-0.04500000178813934,-0.0,-0.0,0.02,0.0,0.0,0.0,0.0,0.0,0.0,0.3616926968097687,32.16161510914564,32.4,0.0,0.6,0.0,0.699999988079071,2.0,3.0,0.0,0.699999988079071,0.0,0.699999988079071,0.0,0.0,0.0,0.0,0.0,0.0,0.0,0.0,0.0,0.0,0.0,0.0,0.0,0.0,0.0,0.0,0.0,0.0,0.0,59.59843063354492,19.577089309692383,59.37166976928711,19.351303100585938,-0.2267608642578125,-0.2257862091064453,0.3199998438358307,-2.3583481957598447,-0.9947529435157776,0.10230619460344315,0.0,-55.249114990234375,31.388681411743164,0.0,28.0,28.0,28.0,0.0,1.0,28.0,0.0,0.0,1.0,0.0,1.0,0.0,3.0,0.0,1.32,190.18660008441657,0.53060008212924,128.50170000456274,51.74369993619621,27.553900028578937,4.0,5.500999977812171,2.6895999908447266,1.1872000759467483,0.000500003807246685
1,284,284,5.092183669472031,0,0,2.0,4.0,1.0,1.0,1.0,1.0,1.0,1.0,1.0,1.0,1.0,1.0,1.0,1.0,1.0,1.0,1.0,1.0,1.0,0.0,1.0,-0.1886754333972931,1.0,-0.18420706689357758,0.4594516456127167,-0.6131305694580078,0.0,0.009148258715867996,0.857725977897644,-0.5141071677207947,0.0,0.0,0.0,0.0,0.0,0.0,122.97157287597656,25.0,25.0,25.0,25.0,25.0,0.0,1.0,1.0,1.0,0.0,0.0,0.0,0.0,0.0,1.967629611492157,0.6038552536209298,0.7739953058958053,1.7267034984631395,0.02,-0.0,-0.00033651726698731967,-1.3619978928745457e-05,0.0,0.15,-0.0,0.0,0.0,-0.0,0.0,0.0,0.0,0.0,0.35,0.0,0.0,0.0,0.0,0.0,0.0,0.0,0.0,0.25,-0.0,0.2427978515625,0.0,0.967629611492157,-0.0,0.060699462890625,0.060699462890625,-0.05,0.5439953058958054,0.36266353726387024,0.2,0.0,-0.0,-0.0,-0.0,0.8,1.0,-0.0,0.0,-0.0,-0.0,0.0,0.0,0.0,0.4542053908668459,-0.04500000178813934,-0.0,-0.02829649974872121,0.02,0.0,0.0,0.0,0.0,0.0,0.0,0.36266353726387024,32.702788142412906,32.4,1.0,0.0,0.0,1.0,2.0,4.0,0.0,1.0,0.0,1.0,0.0,0.0,0.0,0.0,0.0,0.0,0.0,0.0,0.0,0.0,0.0,0.0,0.0,0.0,0.0,0.0,0.0,0.0,0.0,59.37180709838867,19.351516723632812,59.145050048828125,19.125728607177734,-0.22675704956054688,-0.22578811645507812,0.31999850273132324,-2.3583355939715958,-0.9945308566093445,0.10444281250238419,0.0,-55.249114990234375,31.388681411743164,0.0,28.0,28.0,28.0,0.0,1.0,28.0,0.0,0.0,1.0,0.0,1.0,0.0,3.0,0.0,1.36,153.40919990558177,0.8494999492540956,119.08440000843257,24.743299931287766,15.011299983598292,4.0,4.881999921053648,3.0513000674545765,0.7538999198004603,0.000500003807246685
1,285,285,5.148826868212707,0,0,2.0,4.0,1.0,1.0,1.0,1.0,1.0,1.0,1.0,1.0,1.0,1.0,1.0,1.0,1.0,1.0,1.0,1.0,1.0,0.0,1.0,-0.1931464523077011,1.0,-0.18847912549972534,0.4671826958656311,0.4697682559490204,0.0,0.005230939947068691,0.8574739694595337,-0.5145273208618164,0.0,0.0,0.0,0.0,0.0,0.0,123.0329818725586,25.0,25.0,25.0,25.0,25.0,0.0,1.0,1.0,1.0,0.0,0.0,0.0,0.0,0.0,1.9658236503601074,0.593085093176849,0.7699181246757507,1.8,0.02,-0.0,-0.00033651726698731967,-1.3619978928745457e-05,0.0,0.15,-0.0,0.0,0.0,-0.0,0.0,0.0,0.0,0.0,0.35,0.0,0.0,0.0,0.0,0.0,0.0,0.0,0.0,0.25,-0.0,0.245635986328125,0.0,0.9658236503601074,-0.0,0.06140899658203125,0.06140899658203125,-0.05,0.5399181246757507,0.3599454164505005,0.2,0.0,-0.0,-0.0,-0.0,0.8,1.0,-0.0,0.0,-0.0,-0.0,0.0,0.0,0.0,0.443435230422765,-0.0,-0.0,-0.0,0.02,0.0,0.0,0.0,0.0,0.0,0.0,0.3599454164505005,31.92733659043908,32.4,0.0,0.6,0.0,1.0,2.0,4.0,0.0,1.0,0.0,1.0,0.0,0.0,0.0,0.0,0.0,0.0,0.0,0.0,0.0,0.0,0.0,0.0,0.0,0.0,0.0,0.0,0.0,0.0,0.0,59.14518737792969,19.12594223022461,58.91843032836914,18.9001522064209,-0.22675704956054688,-0.22579002380371094,0.3199998438358307,-2.3583313370593704,-0.9943034648895264,0.10658645629882812,0.0,-55.249114990234375,31.388681411743164,0.0,28.0,28.0,28.0,0.0,1.0,28.0,0.0,0.0,1.0,0.0,1.0,0.0,3.0,0.0,1.4,165.7214000588283,0.6270000012591481,115.16130005475134,41.180199943482876,25.748400017619133,4.0,5.1874000346288085,2.7685000095516443,0.7645000005140901,0.000800006091594696
1,286,286,4.549314939090907,0,0,2.0,3.0,1.0,1.0,1.0,1.0,1.0,1.0,1.0,1.0,1.0,1.0,1.0,1.0,1.0,1.0,1.0,1.0,1.0,0.0,1.0,-0.19759687781333923,1.0,-0.1927257627248764,0.4561048150062561,-0.6731350421905518,0.0,0.005230939947068691,0.857339084148407,-0.5147520899772644,0.0,0.0,0.0,0.0,0.0,0.0,123.09642791748047,25.0,25.0,25.0,25.0,25.0,0.0,1.0,1.0,1.0,0.0,0.0,0.0,0.0,0.0,1.9693681001663208,0.599448861787021,0.7454980003833771,1.2149999767541886,0.02,-0.0,-0.00033651726698731967,-1.3619978928745457e-05,0.0,0.15,-0.0,0.0,0.0,-0.0,0.0,0.0,0.0,0.0,0.35,0.0,0.0,0.0,0.0,0.0,0.0,0.0,0.0,0.25,-0.0,0.2537841796875,0.0,0.9693681001663208,-0.0,0.063446044921875,0.063446044921875,-0.05,0.5394980013370514,0.3596653342247009,0.2,0.0,-0.0,-0.0,-0.0,0.5599999904632569,0.699999988079071,-0.0,0.0,-0.0,-0.0,0.0,0.0,0.0,0.449798999032937,-0.04500000178813934,-0.0,-0.0,0.02,0.0,0.0,0.0,0.0,0.0,0.0,0.3596653342247009,32.38552793037147,32.4,0.7326086850269979,0.0,0.0,0.699999988079071,2.0,3.0,0.0,0.699999988079071,0.0,0.699999988079071,0.0,0.0,0.0,0.0,0.0,0.0,0.0,0.0,0.0,0.0,0.0,0.0,0.0,0.0,0.0,0.0,0.0,0.0,0.0,58.9185676574707,18.900365829467773,58.69181442260742,18.674571990966797,-0.22675323486328125,-0.22579383850097656,0.3199998140335083,-2.35831447817898,-0.9940705299377441,0.10873713344335556,0.0,-55.249114990234375,31.388681411743164,0.0,28.0,28.0,28.0,0.0,1.0,28.0,0.0,0.0,1.0,0.0,1.0,0.0,3.0,0.0,1.44,153.62539992202073,0.7061999058350921,110.79500010237098,35.947300028055906,14.929599943570793,4.0,3.41070001013577,1.9998999778181314,0.7192000048235059,0.000500003807246685
1,287,287,4.5646189112377344,0,0,2.0,3.0,1.0,1.0,1.0,1.0,1.0,1.0,1.0,1.0,1.0,1.0,1.0,1.0,1.0,1.0,1.0,1.0,1.0,0.0,1.0,-0.20204578340053558,1.0,-0.19696342945098877,0.4626503884792328,0.3977355360984802,0.0,0.002761183539405465,0.8572243452072144,-0.5149431228637695,0.0,0.0,0.0,0.0,0.0,0.0,123.16564178466797,25.0,25.0,25.0,25.0,25.0,0.0,1.0,1.0,1.0,0.0,0.0,0.0,0.0,0.0,1.9878175854682922,0.6058992440578712,0.7533897298574448,1.1975123518541269,0.02,-0.0,-0.00033651726698731967,-1.3619978928745457e-05,0.0,0.15,-0.0,0.0,0.0,-0.0,0.0,0.0,0.0,0.0,0.35,0.0,0.0,0.0,0.0,0.0,0.0,0.0,0.0,0.25,-0.0,0.27685546875,0.0,0.9878175854682922,-0.0,0.0692138671875,0.0692138671875,-0.05,0.5473897308111191,0.3649264872074127,0.2,0.0,-0.0,-0.0,-0.0,0.5599999904632569,0.699999988079071,-0.0,0.0,-0.0,-0.0,0.0,0.0,0.0,0.4562493813037873,-0.0,-0.0,-0.06248762668820099,0.02,0.0,0.0,0.0,0.0,0.0,0.0,0.3649264872074127,32.84995545387268,32.4,0.7326086850269979,0.0,0.0,0.699999988079071,2.0,3.0,0.0,0.699999988079071,0.0,0.699999988079071,0.0,0.0,0.0,0.0,0.0,0.0,0.0,0.0,0.0,0.0,0.0,0.0,0.0,0.0,0.0,0.0,0.0,0.0,0.0,58.691951751708984,18.674785614013672,58.4651985168457,18.448989868164062,-0.22675323486328125,-0.22579574584960938,0.32000118494033813,-2.3583102636820703,-0.9938321113586426,0.11089485138654709,0.0,-55.249114990234375,31.388681411743164,0.0,28.0,28.0,28.0,0.0,1.0,28.0,0.0,0.0,1.0,0.0,1.0,0.0,3.0,0.0,1.48,143.40409997384995,0.3917999565601349,100.1180000603199,37.26379992440343,14.245200087316334,4.0,3.340599942021072,1.8140000756829977,0.45229995157569647,0.000400003045797348
1,288,288,4.6055747946351016,0,0,2.0,3.0,1.0,1.0,1.0,1.0,1.0,1.0,1.0,1.0,1.0,1.0,1.0,1.0,1.0,1.0,1.0,1.0,1.0,0.0,1.0,-0.20653289556503296,1.0,-0.20122452080249786,0.4692850708961487,0.403148889541626,0.0,0.002761183539405465,0.857159435749054,-0.5150511860847473,0.0,0.0,0.0,0.0,0.0,0.0,123.2346420288086,25.0,25.0,25.0,25.0,25.0,0.0,1.0,1.0,1.0,0.0,0.0,0.0,0.0,0.0,1.9823248982429504,0.5952535738795248,0.7479963439702988,1.259999978542328,0.02,-0.0,-0.00033651726698731967,-1.3619978928745457e-05,0.0,0.15,-0.0,0.0,0.0,-0.0,0.0,0.0,0.0,0.0,0.35,0.0,0.0,0.0,0.0,0.0,0.0,0.0,0.0,0.25,-0.0,0.2760009765625,0.0,0.9823248982429504,-0.0,0.069000244140625,0.069000244140625,-0.05,0.5419963449239731,0.36133089661598206,0.2,0.0,-0.0,-0.0,-0.0,0.5599999904632569,0.699999988079071,-0.0,0.0,-0.0,-0.0,0.0,0.0,0.0,0.4456037111254409,-0.0,-0.0,-0.0,0.02,0.0,0.0,0.0,0.0,0.0,0.0,0.36133089661598206,32.083467201031745,32.4,0.0,0.6,0.0,0.699999988079071,2.0,3.0,0.0,0.699999988079071,0.0,0.699999988079071,0.0,0.0,0.0,0.0,0.0,0.0,0.0,0.0,0.0,0.0,0.0,0.0,0.0,0.0,0.0,0.0,0.0,0.0,0.0,58.465335845947266,18.449203491210938,58.23858642578125,18.223405838012695,-0.22674942016601562,-0.2257976531982422,0.3199998140335083,-2.358297619477507,-0.9935882091522217,0.1130596250295639,0.0,-55.249114990234375,31.388681411743164,0.0,28.0,28.0,28.0,0.0,1.0,28.0,0.0,0.0,1.0,0.0,1.0,0.0,3.0,0.0,1.52,135.34639996942133,0.3809999907389283,90.12299997266382,38.48770004697144,14.239199925214052,4.0,3.7681000540032983,1.8422999419271946,0.7150999736040831,0.000400003045797348
1,289,289,5.117337208865583,0,0,2.0,4.0,1.0,1.0,1.0,1.0,1.0,1.0,1.0,1.0,1.0,1.0,1.0,1.0,1.0,1.0,1.0,1.0,1.0,0.0,1.0,-0.21099482476711273,1.0,-0.2054566890001297,0.4583352506160736,-0.6653543710708618,0.0,0.0012833978980779648,0.8571087718009949,-0.5151354670524597,0.0,0.0,0.0,0.0,0.0,0.0,123.30660247802734,25.0,25.0,25.0,25.0,25.0,0.0,1.0,1.0,1.0,0.0,0.0,0.0,0.0,0.0,1.989581823348999,0.6035391963971032,0.7734192568063736,1.7307969323131072,0.02,-0.0,-0.00033651726698731967,-1.3619978928745457e-05,0.0,0.15,-0.0,0.0,0.0,-0.0,0.0,0.0,0.0,0.0,0.35,0.0,0.0,0.0,0.0,0.0,0.0,0.0,0.0,0.25,-0.0,0.287841796875,0.0,0.989581823348999,-0.0,0.07196044921875,0.07196044921875,-0.05,0.5434192568063736,0.3622795045375824,0.2,0.0,-0.0,-0.0,-0.0,0.8,1.0,-0.0,0.0,-0.0,-0.0,0.0,0.0,0.0,0.4538893336430192,-0.04500000178813934,-0.0,-0.024203065898753595,0.02,0.0,0.0,0.0,0.0,0.0,0.0,0.3622795045375824,32.68003202229738,32.4,1.0,0.0,0.0,1.0,2.0,4.0,0.0,1.0,0.0,1.0,0.0,0.0,0.0,0.0,0.0,0.0,0.0,0.0,0.0,0.0,0.0,0.0,0.0,0.0,0.0,0.0,0.0,0.0,0.0,58.23872375488281,18.22361946105957,58.0119743347168,17.997819900512695,-0.22674942016601562,-0.225799560546875,0.32000115513801575,-2.3582934048019513,-0.9933387041091919,0.11523142457008362,0.0,-55.249114990234375,31.388681411743164,0.0,28.0,28.0,28.0,0.0,1.0,28.0,0.0,0.0,1.0,0.0,1.0,0.0,3.0,0.0,1.56,156.89550002571195,0.5457999650388956,107.1096999803558,38.587599992752075,15.215699910186231,4.0,5.926599958911538,3.4488000674173236,1.2356999795883894,0.000500003807246685
1,290,290,5.170027649388573,0,0,2.0,4.0,1.0,1.0,1.0,1.0,1.0,1.0,1.0,1.0,1.0,1.0,1.0,1.0,1.0,1.0,1.0,1.0,1.0,0.0,1.0,-0.21546342968940735,1.0,-0.2096855342388153,0.4668576121330261,0.5178514122962952,0.0,0.0012833978980779648,0.8570706844329834,-0.515198826789856,0.0,0.0,0.0,0.0,0.0,0.0,123.37920379638672,25.0,25.0,25.0,25.0,25.0,0.0,1.0,1.0,1.0,0.0,0.0,0.0,0.0,0.0,1.9874128103256226,0.5933296710112316,0.7692851680517196,1.8,0.02,-0.0,-0.00033651726698731967,-1.3619978928745457e-05,0.0,0.15,-0.0,0.0,0.0,-0.0,0.0,0.0,0.0,0.0,0.35,0.0,0.0,0.0,0.0,0.0,0.0,0.0,0.0,0.25,-0.0,0.2904052734375,0.0,0.9874128103256226,-0.0,0.072601318359375,0.072601318359375,-0.05,0.5392851680517197,0.3595234453678131,0.2,0.0,-0.0,-0.0,-0.0,0.8,1.0,-0.0,0.0,-0.0,-0.0,0.0,0.0,0.0,0.44367980825714765,-0.0,-0.0,-0.0,0.02,0.0,0.0,0.0,0.0,0.0,0.0,0.3595234453678131,31.944946194514632,32.4,0.0,0.6,0.0,1.0,2.0,4.0,0.0,1.0,0.0,1.0,0.0,0.0,0.0,0.0,0.0,0.0,0.0,0.0,0.0,0.0,0.0,0.0,0.0,0.0,0.0,0.0,0.0,0.0,0.0,58.01211166381836,17.99803352355957,57.78536605834961,17.77223014831543,-0.22674560546875,-0.22580337524414062,0.32000115513801575,-2.3582765460989856,-0.9930835366249084,0.11741027235984802,0.0,-55.249114990234375,31.388681411743164,0.0,28.0,28.0,28.0,0.0,1.0,28.0,0.0,0.0,1.0,0.0,1.0,0.0,3.0,0.0,1.6,179.74599997978657,0.7342000026255846,131.84909999836236,42.3397000413388,33.96150004118681,4.0,2.6103000855073333,1.7902000108733773,0.40199991781264544,0.000300002284348011
1,291,291,4.569880028841942,0,0,2.0,3.0,1.0,1.0,1.0,1.0,1.0,1.0,1.0,1.0,1.0,1.0,1.0,1.0,1.0,1.0,1.0,1.0,1.0,0.0,1.0,-0.2199111133813858,1.0,-0.213888019323349,0.45635637640953064,-0.6380953192710876,0.0,0.0006547943921759725,0.857060968875885,-0.5152149796485901,0.0,0.0,0.0,0.0,0.0,0.0,123.4539794921875,25.0,25.0,25.0,25.0,25.0,0.0,1.0,1.0,1.0,0.0,0.0,0.0,0.0,0.0,1.9914299249649048,0.5986171804647146,0.7448329466581345,1.2149999767541886,0.02,-0.0,-0.00033651726698731967,-1.3619978928745457e-05,0.0,0.15,-0.0,0.0,0.0,-0.0,0.0,0.0,0.0,0.0,0.35,0.0,0.0,0.0,0.0,0.0,0.0,0.0,0.0,0.25,-0.0,0.299102783203125,0.0,0.9914299249649048,-0.0,0.07477569580078125,0.07477569580078125,-0.05,0.5388329476118088,0.3592219650745392,0.2,0.0,-0.0,-0.0,-0.0,0.5599999904632569,0.699999988079071,-0.0,0.0,-0.0,-0.0,0.0,0.0,0.0,0.44896731771063064,-0.04500000178813934,-0.0,-0.0,0.02,0.0,0.0,0.0,0.0,0.0,0.0,0.3592219650745392,32.325646875165404,32.4,0.7326086850269979,0.0,0.0,0.699999988079071,2.0,3.0,0.0,0.699999988079071,0.0,0.699999988079071,0.0,0.0,0.0,0.0,0.0,0.0,0.0,0.0,0.0,0.0,0.0,0.0,0.0,0.0,0.0,0.0,0.0,0.0,0.0,57.78550338745117,17.772443771362305,57.55876159667969,17.54663848876953,-0.22674179077148438,-0.22580528259277344,0.3199997842311859,-2.3582639018965454,-0.9928225874900818,0.11959617584943771,0.0,-55.249114990234375,31.388681411743164,0.0,28.0,28.0,28.0,0.0,1.0,28.0,0.0,0.0,1.0,0.0,1.0,0.0,3.0,0.0,1.64,171.90079996362329,0.5333999870344996,96.71830001752824,63.65669996012002,35.43550008907914,4.0,5.783199914731085,3.6770000588148832,1.4878000365570188,0.000600004568696022
1,292,292,5.077067256818841,0,0,2.0,4.0,1.0,1.0,1.0,1.0,1.0,1.0,1.0,1.0,1.0,1.0,1.0,1.0,1.0,1.0,1.0,1.0,1.0,0.0,1.0,-0.22435611486434937,1.0,-0.2180791050195694,0.4617949426174164,0.3304693400859833,0.0,0.0006629029521718621,0.857031524181366,-0.5152639746665955,0.0,0.0,0.0,0.0,0.0,0.0,123.53560638427734,25.0,25.0,25.0,25.0,25.0,0.0,1.0,1.0,1.0,0.0,0.0,0.0,0.0,0.0,2.0142719745635986,0.6074873341665787,0.7785894829034805,1.656718465185184,0.02,-0.0,-0.00033651726698731967,-1.3619978928745457e-05,0.0,0.15,-0.0,0.0,0.0,-0.0,0.0,0.0,0.0,0.0,0.35,0.0,0.0,0.0,0.0,0.0,0.0,0.0,0.0,0.25,-0.0,0.326507568359375,0.0,1.0142719745635986,-0.0,0.08162689208984375,0.08162689208984375,-0.05,0.5485894829034805,0.3657263219356537,0.2,0.0,-0.0,-0.0,-0.0,0.8,1.0,-0.0,0.0,-0.0,-0.0,0.0,0.0,0.0,0.4578374714124948,-0.04500000178813934,-0.0,-0.09828153302667664,0.02,0.0,0.0,0.0,0.0,0.0,0.0,0.3657263219356537,32.96429794169963,32.4,1.0,0.0,0.0,1.0,2.0,4.0,0.0,1.0,0.0,1.0,0.0,0.0,0.0,0.0,0.0,0.0,0.0,0.0,0.0,0.0,0.0,0.0,0.0,0.0,0.0,0.0,0.0,0.0,0.0,57.55889892578125,17.546852111816406,57.33216094970703,17.321043014526367,-0.22673797607421875,-0.22580909729003906,0.3199997842311859,-2.358247043192936,-0.9925559759140015,0.12178913503885269,0.0,-55.249114990234375,31.388681411743164,0.0,28.0,28.0,28.0,0.0,1.0,28.0,0.0,0.0,1.0,0.0,1.0,0.0,3.0,0.0,1.68,149.3001999333501,0.74819999281317,130.3617999656126,9.801200008951128,6.922400090843439,4.0,4.462299984879792,3.0756000196561217,0.8216999704018235,0.000400003045797348
1,293,293,5.202991318777128,0,0,2.0,4.0,1.0,1.0,1.0,1.0,1.0,1.0,1.0,1.0,1.0,1.0,1.0,1.0,1.0,1.0,1.0,1.0,1.0,0.0,1.0,-0.22884710133075714,1.0,-0.22229745984077454,0.47091853618621826,0.5543845891952515,0.0,0.0006629029521718621,0.8570009469985962,-0.5153148770332336,0.0,0.0,0.0,0.0,0.0,0.0,123.61750030517578,25.0,25.0,25.0,25.0,25.0,0.0,1.0,1.0,1.0,0.0,0.0,0.0,0.0,0.0,2.0106316804885864,0.598047921135947,0.7743117171525955,1.8,0.02,-0.0,-0.00033651726698731967,-1.3619978928745457e-05,0.0,0.15,-0.0,0.0,0.0,-0.0,0.0,0.0,0.0,0.0,0.35,0.0,0.0,0.0,0.0,0.0,0.0,0.0,0.0,0.25,-0.0,0.32757568359375,0.0,1.0106316804885864,-0.0,0.0818939208984375,0.0818939208984375,-0.05,0.5443117171525955,0.36287447810173035,0.2,0.0,-0.0,-0.0,-0.0,0.8,1.0,-0.0,0.0,-0.0,-0.0,0.0,0.0,0.0,0.448398058381863,-0.0,-0.0,-0.0,0.02,0.0,0.0,0.0,0.0,0.0,0.0,0.36287447810173035,32.284660203494134,32.4,0.0,0.6,0.0,1.0,2.0,4.0,0.0,1.0,0.0,1.0,0.0,0.0,0.0,0.0,0.0,0.0,0.0,0.0,0.0,0.0,0.0,0.0,0.0,0.0,0.0,0.0,0.0,0.0,0.0,57.332298278808594,17.321256637573242,57.105560302734375,17.09544563293457,-0.22673797607421875,-0.22581100463867188,0.32000112533569336,-2.358242828516851,-0.9922835826873779,0.12398915737867355,0.0,-55.249114990234375,31.388681411743164,0.0,28.0,28.0,28.0,0.0,1.0,28.0,0.0,0.0,1.0,0.0,1.0,0.0,3.0,0.0,1.72,243.63959999755025,0.39950001519173384,104.22019998077303,128.47579992376268,49.80539996176958,4.0,6.796099944040179,2.161900047212839,1.5423999866470695,0.000400003045797348
1,294,294,4.584884983644633,0,0,2.0,3.0,1.0,1.0,1.0,1.0,1.0,1.0,1.0,1.0,1.0,1.0,1.0,1.0,1.0,1.0,1.0,1.0,1.0,0.0,1.0,-0.23331809043884277,1.0,-0.2264903485774994,0.4612094461917877,-0.5899633169174194,0.0,-2.7113024771097116e-05,0.8569985032081604,-0.5153188705444336,0.0,0.0,0.0,0.0,0.0,0.0,123.7012939453125,25.0,25.0,25.0,25.0,25.0,0.0,1.0,1.0,1.0,0.0,0.0,0.0,0.0,0.0,2.013513922691345,0.602841132054962,0.7498246717453003,1.1987052571530261,0.02,-0.0,-0.00033651726698731967,-1.3619978928745457e-05,0.0,0.15,-0.0,0.0,0.0,-0.0,0.0,0.0,0.0,0.0,0.35,0.0,0.0,0.0,0.0,0.0,0.0,0.0,0.0,0.25,-0.0,0.335174560546875,0.0,1.0135139226913452,-0.0,0.08379364013671875,0.08379364013671875,-0.05,0.5438246726989746,0.3625497817993164,0.2,0.0,-0.0,-0.0,-0.0,0.5599999904632569,0.699999988079071,-0.0,0.0,-0.0,-0.0,0.0,0.0,0.0,0.45319126930087805,-0.04500000178813934,-0.0,-0.016294719601162484,0.02,0.0,0.0,0.0,0.0,0.0,0.0,0.3625497817993164,32.62977138966322,32.4,0.7326086850269979,0.0,0.0,0.699999988079071,2.0,3.0,0.0,0.699999988079071,0.0,0.699999988079071,0.0,0.0,0.0,0.0,0.0,0.0,0.0,0.0,0.0,0.0,0.0,0.0,0.0,0.0,0.0,0.0,0.0,0.0,0.0,57.10569763183594,17.095659255981445,56.878963470458984,16.869844436645508,-0.22673416137695312,-0.2258148193359375,0.32000112533569336,-2.3582259698117842,-0.9920053482055664,0.1261962354183197,0.0,-55.249114990234375,31.388681411743164,0.0,28.0,28.0,28.0,0.0,1.0,28.0,0.0,0.0,1.0,0.0,1.0,0.0,3.0,0.0,1.76,129.80510003399104,0.6730000022798777,106.28770000766963,15.428600017912686,12.31230003759265,4.0,4.005599999800324,2.7583999326452613,0.6207000697031617,0.000400003045797348
1,295,295,5.143285577599816,0,0,2.0,4.0,1.0,1.0,1.0,1.0,1.0,1.0,1.0,1.0,1.0,1.0,1.0,1.0,1.0,1.0,1.0,1.0,1.0,0.0,1.0,-0.23778779804706573,1.0,-0.2306729108095169,0.4661395847797394,0.29957568645477295,0.0,-2.7113024771097116e-05,0.8569899797439575,-0.5153331160545349,0.0,0.0,0.0,0.0,0.0,0.0,123.78480529785156,25.0,25.0,25.0,25.0,25.0,0.0,1.0,1.0,1.0,0.0,0.0,0.0,0.0,0.0,2.0076675415039062,0.5920827707694096,0.7685352671146393,1.7549999982118607,0.02,-0.0,-0.00033651726698731967,-1.3619978928745457e-05,0.0,0.15,-0.0,0.0,0.0,-0.0,0.0,0.0,0.0,0.0,0.35,0.0,0.0,0.0,0.0,0.0,0.0,0.0,0.0,0.25,-0.0,0.33404541015625,0.0,1.0076675415039062,-0.0,0.0835113525390625,0.0835113525390625,-0.05,0.5385352671146393,0.3590235114097595,0.2,0.0,-0.0,-0.0,-0.0,0.8,1.0,-0.0,0.0,-0.0,-0.0,0.0,0.0,0.0,0.4424329080153257,-0.04500000178813934,-0.0,-0.0,0.02,0.0,0.0,0.0,0.0,0.0,0.0,0.3590235114097595,31.855169377103447,32.4,0.0,0.6,0.0,1.0,2.0,4.0,0.0,1.0,0.0,1.0,0.0,0.0,0.0,0.0,0.0,0.0,0.0,0.0,0.0,0.0,0.0,0.0,0.0,0.0,0.0,0.0,0.0,0.0,0.0,56.87910079956055,16.870058059692383,56.65237045288086,16.64423942565918,-0.2267303466796875,-0.22581863403320312,0.32000109553337097,-2.3582091109357433,-0.9917211532592773,0.12841036915779114,0.0,-55.249114990234375,31.388681411743164,0.0,28.0,28.0,28.0,0.0,1.0,28.0,0.0,0.0,1.0,0.0,1.0,0.0,3.0,0.0,1.8,166.072899941355,0.4154000198468566,88.23520003352314,71.2380000622943,53.35850000847131,4.0,3.1916000880301,2.434199908748269,0.5307000828906894,0.000400003045797348
1,296,296,5.201597130378399,0,0,2.0,4.0,1.0,1.0,1.0,1.0,1.0,1.0,1.0,1.0,1.0,1.0,1.0,1.0,1.0,1.0,1.0,1.0,1.0,0.0,1.0,-0.24223290383815765,1.0,-0.2348264753818512,0.45507383346557617,-0.6723975539207458,0.0,0.0002544415765441954,0.8569808006286621,-0.5153483152389526,0.0,0.0,0.0,0.0,0.0,0.0,123.87166595458984,25.0,25.0,25.0,25.0,25.0,0.0,1.0,1.0,1.0,0.0,0.0,0.0,0.0,0.0,2.014951229095459,0.6013645670701934,0.7699856716394424,1.7952956625733054,0.02,-0.0,-0.00033651726698731967,-1.3619978928745457e-05,0.0,0.15,-0.0,0.0,0.0,-0.0,0.0,0.0,0.0,0.0,0.35,0.0,0.0,0.0,0.0,0.0,0.0,0.0,0.0,0.25,-0.0,0.347442626953125,0.0,1.014951229095459,-0.0,0.08686065673828125,0.08686065673828125,-0.05,0.5399856716394424,0.3599904477596283,0.2,0.0,-0.0,-0.0,-0.0,0.8,1.0,-0.0,0.0,-0.0,-0.0,0.0,0.0,0.0,0.4517147043161094,-0.0,-0.0,-0.0047043374266946365,0.02,0.0,0.0,0.0,0.0,0.0,0.0,0.3599904477596283,32.523458710759876,32.4,1.0,0.0,0.0,1.0,2.0,4.0,0.0,1.0,0.0,1.0,0.0,0.0,0.0,0.0,0.0,0.0,0.0,0.0,0.0,0.0,0.0,0.0,0.0,0.0,0.0,0.0,0.0,0.0,0.0,56.65250778198242,16.644453048706055,56.426082611083984,16.418331146240234,-0.2264251708984375,-0.2261219024658203,0.31999915838241577,-2.3568646251077983,-0.9914309978485107,0.13063156604766846,0.0,-55.249114990234375,31.388681411743164,0.0,28.0,28.0,28.0,0.0,1.0,27.0,0.0,0.0,1.0,0.0,1.0,0.0,3.0,0.0,1.84,100.09389999322593,0.5502999993041158,79.3361000251025,15.263200039044023,11.011399910785258,4.0,2.661600010469556,1.7330000409856439,0.5245000356808305,0.0003998866304755211
1,297,297,5.422244429837399,0,0,3.0,3.0,1.0,1.0,1.0,1.0,1.0,1.0,1.0,1.0,1.0,1.0,1.0,1.0,1.0,1.0,1.0,1.0,1.0,0.0,1.0,-0.2466871738433838,1.0,-0.23897685110569,0.46462082862854004,0.5801122784614563,0.0,0.0002544415765441954,0.856959879398346,-0.5153831839561462,0.0,0.0,0.0,0.0,0.0,0.0,123.9590072631836,25.0,25.0,25.0,25.0,25.0,0.0,1.0,1.0,1.0,0.0,0.0,0.0,0.0,0.0,2.012153744697571,0.5879108904767034,2.2919290977716447,0.5102506968914808,0.02,-0.0,-0.00033651726698731967,-1.3619978928745457e-05,0.0,0.15,-0.0,0.0,0.0,-0.0,0.0,0.0,0.0,0.0,0.35,0.0,0.0,0.0,0.0,0.0,0.0,0.0,0.0,0.25,-0.0,0.349365234375,0.0,1.0121537446975708,-0.0,0.08734130859375,0.08734130859375,1.5,0.5359290987253189,0.3572860658168793,0.2,0.0,-0.03245635953877227,-0.0,-0.0,0.4378181743621827,0.5472727179527282,-0.15272727012634274,0.0,-0.06664462696422228,-0.17454545454545453,0.0,0.0,0.0,0.4382610277226195,-0.04846648424863815,-0.0,-0.0,0.02,0.0,0.0,0.0,0.0,0.0,0.0,0.3572860658168793,31.5547939960286,32.4,0.0,0.6,0.25,0.699999988079071,3.0,3.0,0.25,0.699999988079071,0.11999999731779099,0.699999988079071,0.12,1.0,0.0,0.0,0.0,0.25,0.25,1.0,0.13,0.0,0.0,0.0,0.0,0.0,0.0,0.0,0.0,0.0,0.0,56.42621994018555,16.418542861938477,56.19979476928711,16.192419052124023,-0.2264251708984375,-0.22612380981445312,0.3200005292892456,-2.3568604104801785,-0.991134524345398,0.13286210596561432,0.0,-55.249114990234375,31.388681411743164,0.0,28.0,28.0,28.0,0.0,1.0,27.0,0.0,0.0,1.0,0.0,1.0,0.0,3.0,0.0,1.88,154.07139994204044,0.4107999848201871,91.54119994491339,57.110800058580935,35.71399999782443,4.0,2.8282999992370605,1.6965999966487288,0.448299921117723,0.000400003045797348
1,298,298,5.372188884322457,0,0,2.0,4.0,1.0,1.0,1.0,1.0,1.0,1.0,1.0,1.0,1.0,1.0,1.0,1.0,1.0,1.0,1.0,1.0,1.0,0.0,1.0,-0.25112131237983704,1.0,-0.24310100078582764,0.45078277587890625,-0.8408547639846802,0.2181818187236786,0.00047550263116136193,0.8572064638137817,-0.5149728655815125,0.0,0.0,0.0,0.0,0.0,0.0,124.04887390136719,25.0,25.0,25.0,25.0,25.0,0.0,1.0,1.0,1.0,0.0,0.0,0.0,0.0,0.0,2.0175955295562744,0.5982140559003873,0.7666639792919159,1.969715319573879,0.02,-0.0,-0.00033651726698731967,-1.3619978928745457e-05,0.0,0.15,-0.0,0.0,0.0,-0.0,0.0,0.0,0.0,0.0,0.35,0.0,0.0,0.0,0.0,0.0,0.0,0.0,0.0,0.25,-0.0,0.359466552734375,0.0,1.0175955295562744,-0.0,0.08986663818359375,0.08986663818359375,-0.05,0.5366639792919159,0.3577759861946106,0.2,0.0,-0.0,-0.0,-0.0,0.8,1.0,-0.0,0.0,-0.0,-0.0,0.2181818038225174,0.0,0.0,0.44856419314630336,-0.04846648424863815,-0.0,-0.0,0.02,0.0,0.0,0.0,0.0,0.0,0.0,0.3577759861946106,32.29662190653384,32.4,1.0,0.0,0.0,1.0,2.0,4.0,0.0,1.0,0.0,1.0,0.0,0.0,0.0,0.0,0.0,0.0,0.0,0.0,0.0,0.0,0.0,0.0,0.0,0.0,0.0,0.0,0.0,0.0,0.0,56.19993209838867,16.1926326751709,55.9735107421875,15.966506958007812,-0.22642135620117188,-0.22612571716308594,0.31999915838241577,-2.3568477663726455,-0.9908319711685181,0.13509967923164368,0.0,-55.249114990234375,31.388681411743164,0.0,28.0,28.0,28.0,0.0,1.0,27.0,1.0,0.0,1.0,0.0,1.0,0.0,3.0,0.0,1.92,236.65580002125353,0.4042999353259802,90.29900003224611,99.82490004040301,75.5326000507921,4.0,41.28150001633912,3.5028000129386783,1.2980999890714884,0.000300002284348011
1,299,299,4.590436484306377,0,0,2.0,3.0,1.0,1.0,1.0,1.0,1.0,1.0,1.0,1.0,1.0,1.0,1.0,1.0,1.0,1.0,1.0,1.0,1.0,0.0,1.0,-0.2555593252182007,1.0,-0.24721801280975342,0.4613803029060364,0.6439478397369385,0.0,-0.05701344460248947,0.8591032028198242,-0.5118023753166199,0.0,0.0,0.0,0.0,0.0,0.0,124.14422607421875,25.0,25.0,25.0,25.0,25.0,0.0,1.0,1.0,1.0,0.0,0.0,0.0,0.0,0.0,2.0348637104034424,0.604345524767339,0.7515060591697693,1.1797211899658264,0.02,-0.0,-0.00033651726698731967,-1.3619978928745457e-05,0.0,0.15,-0.0,0.0,0.0,-0.0,0.0,0.0,0.0,0.0,0.35,0.0,0.0,0.0,0.0,0.0,0.0,0.0,0.0,0.25,-0.0,0.38140869140625,0.0,1.0348637104034424,-0.0,0.0953521728515625,0.0953521728515625,-0.05,0.5455060601234436,0.3636707067489624,0.2,0.0,-0.0,-0.0,-0.0,0.5599999904632569,0.699999988079071,-0.0,0.0,-0.0,-0.0,0.0,0.0,0.0,0.45469566201325506,-0.04500000178813934,-0.0,-0.03527878678836223,0.02,0.0,0.0,0.0,0.0,0.0,0.0,0.3636707067489624,32.738087664954364,32.4,0.7326086850269979,0.0,0.0,0.699999988079071,2.0,3.0,0.0,0.699999988079071,0.0,0.699999988079071,0.0,0.0,0.0,0.0,0.0,0.0,0.0,0.0,0.0,0.0,0.0,0.0,0.0,0.0,0.0,0.0,0.0,0.0,0.0,55.97364807128906,15.966720581054688,55.74722671508789,15.740592956542969,-0.22642135620117188,-0.22612762451171875,0.3200005292892456,-2.3568435517435105,-0.9905233383178711,0.13734430074691772,0.0,-55.249114990234375,31.388681411743164,0.0,28.0,28.0,28.0,0.0,1.0,27.0,0.0,0.0,1.0,0.0,1.0,0.0,3.0,0.0,1.96,219.03769997879863,0.6982000777497888,166.3465000456199,40.83029995672405,16.263799974694848,4.0,5.776400095783174,4.409500048495829,0.9410999482497573,0.000800006091594696
1,300,300,4.645512796938344,0,0,2.0,3.0,1.0,1.0,1.0,1.0,1.0,1.0,1.0,1.0,1.0,1.0,1.0,1.0,1.0,1.0,1.0,1.0,1.0,0.0,1.0,-0.2600453495979309,1.0,-0.25136440992355347,0.4676869809627533,0.3832167983055115,0.0,-0.05701344460248947,0.8608522415161133,-0.5088550448417664,0.0,0.0,0.0,0.0,0.0,0.0,124.23822021484375,25.0,25.0,25.0,25.0,25.0,0.0,1.0,1.0,1.0,0.0,0.0,0.0,0.0,0.0,2.024700403213501,0.5947177127002923,0.7460947024822235,1.259999978542328,0.02,-0.0,-0.00033651726698731967,-1.3619978928745457e-05,0.0,0.15,-0.0,0.0,0.0,-0.0,0.0,0.0,0.0,0.0,0.35,0.0,0.0,0.0,0.0,0.0,0.0,0.0,0.0,0.25,-0.0,0.3759765625,0.0,1.024700403213501,-0.0,0.093994140625,0.093994140625,-0.05,0.5400947034358978,0.3600631356239319,0.2,0.0,-0.0,-0.0,-0.0,0.5599999904632569,0.699999988079071,-0.0,0.0,-0.0,-0.0,0.0,0.0,0.0,0.44506784994620835,-0.0,-0.0,-0.0,0.02,0.0,0.0,0.0,0.0,0.0,0.0,0.3600631356239319,32.044885196127,32.4,0.0,0.6,0.0,0.699999988079071,2.0,3.0,0.0,0.699999988079071,0.0,0.699999988079071,0.0,0.0,0.0,0.0,0.0,0.0,0.0,0.0,0.0,0.0,0.0,0.0,0.0,0.0,0.0,0.0,0.0,0.0,0.0,55.74736404418945,15.740806579589844,55.52094650268555,15.514677047729492,-0.22641754150390625,-0.22612953186035156,0.31999915838241577,-2.356830907637121,-0.9902085661888123,0.13959595561027527,0.0,-55.249114990234375,31.388681411743164,0.0,28.0,28.0,28.0,0.0,1.0,27.0,0.0,0.0,1.0,0.0,1.0,0.0,3.0,0.0,2.0,218.779299990274,0.8289000252261758,171.39699996914715,40.316900005564094,21.083800005726516,4.0,3.70110000949353,2.0610999781638384,0.43240003287792206,0.000200001522898674
1,301,301,5.168688190936792,0,0,2.0,4.0,1.0,1.0,1.0,1.0,1.0,1.0,1.0,1.0,1.0,1.0,1.0,1.0,1.0,1.0,1.0,1.0,1.0,0.0,1.0,-0.26451191306114197,1.0,-0.25548845529556274,0.45778408646583557,-0.6017382740974426,0.0,-0.025195840746164322,0.8619305491447449,-0.5070263147354126,0.0,0.0,0.0,0.0,0.0,0.0,124.33439636230469,25.0,25.0,25.0,25.0,25.0,0.0,1.0,1.0,1.0,0.0,0.0,0.0,0.0,0.0,2.0287373065948486,0.6019576737609876,0.7715147989988327,1.7464784115821237,0.02,-0.0,-0.00033651726698731967,-1.3619978928745457e-05,0.0,0.15,-0.0,0.0,0.0,-0.0,0.0,0.0,0.0,0.0,0.35,0.0,0.0,0.0,0.0,0.0,0.0,0.0,0.0,0.25,-0.0,0.38470458984375,0.0,1.0287373065948486,-0.0,0.0961761474609375,0.0961761474609375,-0.05,0.5415147989988327,0.3610098659992218,0.2,0.0,-0.0,-0.0,-0.0,0.8,1.0,-0.0,0.0,-0.0,-0.0,0.0,0.0,0.0,0.45230781100690365,-0.04500000178813934,-0.0,-0.00852158662973701,0.02,0.0,0.0,0.0,0.0,0.0,0.0,0.3610098659992218,32.56616239249706,32.4,1.0,0.0,0.0,1.0,2.0,4.0,0.0,1.0,0.0,1.0,0.0,0.0,0.0,0.0,0.0,0.0,0.0,0.0,0.0,0.0,0.0,0.0,0.0,0.0,0.0,0.0,0.0,0.0,0.0,55.521080017089844,15.514890670776367,55.29466247558594,15.288759231567383,-0.22641754150390625,-0.22613143920898438,0.3200005292892456,-2.356826693006474,-0.9898874759674072,0.1418546438217163,0.0,-55.249114990234375,31.388681411743164,0.0,28.0,28.0,28.0,0.0,1.0,27.0,0.0,0.0,1.0,0.0,1.0,0.0,3.0,0.0,2.04,143.9702999778092,0.7764999754726887,98.96339999977499,37.11669996846467,13.585700071416795,4.0,3.7387999473139644,2.6109000900760293,0.7251999340951443,0.000400003045797348
1,302,302,4.592846444756649,0,0,2.0,3.0,1.0,1.0,1.0,1.0,1.0,1.0,1.0,1.0,1.0,1.0,1.0,1.0,1.0,1.0,1.0,1.0,1.0,0.0,1.0,-0.26898983120918274,1.0,-0.2596126198768616,0.46523088216781616,0.45249757170677185,0.0,-0.025195840746164322,0.8626335263252258,-0.5058294534683228,0.0,0.0,0.0,0.0,0.0,0.0,124.43041229248047,25.0,25.0,25.0,25.0,25.0,0.0,1.0,1.0,1.0,0.0,0.0,0.0,0.0,0.0,2.023325562477112,0.5911525790997966,0.7433683264255524,1.2149999767541886,0.02,-0.0,-0.00033651726698731967,-1.3619978928745457e-05,0.0,0.15,-0.0,0.0,0.0,-0.0,0.0,0.0,0.0,0.0,0.35,0.0,0.0,0.0,0.0,0.0,0.0,0.0,0.0,0.25,-0.0,0.384063720703125,0.0,1.0233255624771118,-0.0,0.09601593017578125,0.09601593017578125,-0.05,0.5373683273792267,0.3582455515861511,0.2,0.0,-0.0,-0.0,-0.0,0.5599999904632569,0.699999988079071,-0.0,0.0,-0.0,-0.0,0.0,0.0,0.0,0.4415027163457126,-0.04500000178813934,-0.0,-0.0,0.02,0.0,0.0,0.0,0.0,0.0,0.0,0.3582455515861511,31.788195576891304,32.4,0.0,0.6,0.0,0.699999988079071,2.0,3.0,0.0,0.699999988079071,0.0,0.699999988079071,0.0,0.0,0.0,0.0,0.0,0.0,0.0,0.0,0.0,0.0,0.0,0.0,0.0,0.0,0.0,0.0,0.0,0.0,0.0,55.294795989990234,15.288972854614258,55.068382263183594,15.06283950805664,-0.22641372680664062,-0.2261333465576172,0.31999915838241577,-2.356814048901235,-0.9895601272583008,0.14412036538124084,0.0,-55.249114990234375,31.388681411743164,0.0,28.0,28.0,28.0,0.0,1.0,27.0,0.0,0.0,1.0,0.0,1.0,0.0,3.0,0.0,2.08,174.74170005880296,0.5825000116601586,120.04040007013828,44.49070000555366,20.144299953244627,4.0,4.940600018016994,3.4759999252855778,1.1707000667229295,0.000400003045797348
1,303,303,6.195980808786041,0,0,2.0,3.0,1.0,1.0,1.0,1.0,1.0,1.0,1.0,1.0,1.0,1.0,1.0,1.0,1.0,1.0,1.0,1.0,1.0,0.0,1.0,-0.2734505236148834,1.0,-0.2637141942977905,0.454117089509964,-0.6753184199333191,0.0,-0.01254651602357626,0.8631199598312378,-0.5049989819526672,0.0,0.0,0.0,0.0,0.0,0.0,124.52824401855469,25.0,25.0,25.0,25.0,25.0,0.0,1.0,1.0,1.0,0.0,0.0,0.0,0.0,0.0,2.025828719139099,0.5972541547333075,2.2928979563713074,1.259999978542328,0.02,-0.0,-0.00033651726698731967,-1.3619978928745457e-05,0.0,0.15,-0.0,0.0,0.0,-0.0,0.0,0.0,0.0,0.0,0.35,0.0,0.0,0.0,0.0,0.0,0.0,0.0,0.0,0.25,-0.0,0.391326904296875,0.0,1.0258287191390991,-0.0,0.09783172607421875,0.09783172607421875,1.5,0.5368979573249817,0.3579319715499878,0.2,0.0,-0.0,-0.0,-0.0,0.5599999904632569,0.699999988079071,-0.0,0.0,-0.0,-0.0,0.0,0.0,0.0,0.4476042919792235,-0.0,-0.0,-0.0,0.02,0.0,0.0,0.0,0.0,0.0,0.0,0.3579319715499878,32.227509022504094,32.4,0.7326086850269979,0.0,0.0,0.699999988079071,2.0,3.0,0.0,0.699999988079071,0.0,0.699999988079071,0.0,0.0,0.0,0.0,0.0,0.0,0.0,0.0,0.0,0.0,0.0,0.0,0.0,0.0,0.0,0.0,0.0,0.0,0.0,55.06851577758789,15.063053131103516,54.84210205078125,14.836917877197266,-0.22641372680664062,-0.22613525390625,0.3200005292892456,-2.3568098342690775,-0.9892264604568481,0.14639313519001007,0.0,-55.249114990234375,31.388681411743164,0.0,28.0,28.0,28.0,0.0,1.0,27.0,0.0,0.0,1.0,0.0,1.0,0.0,3.0,0.0,2.12,299.8595000244677,0.8069999748840928,164.2395000671968,118.54309996124357,54.337000008672476,4.0,8.659400045871735,5.861499928869307,1.7019000370055437,0.000700005330145359
1,304,304,4.653677270623628,0,0,2.0,3.0,1.0,1.0,1.0,1.0,1.0,1.0,1.0,1.0,1.0,1.0,1.0,1.0,1.0,1.0,1.0,1.0,1.0,0.0,0.9998302459716797,-0.2779102921485901,1.0,-0.2678045928478241,0.4603929817676544,0.38134849071502686,0.0,-0.01254651602357626,0.8634344935417175,-0.5044609904289246,0.0,0.0,0.0,0.0,0.0,0.0,124.63211822509766,25.0,25.0,25.0,25.0,25.0,0.0,1.0,1.0,1.0,0.0,0.0,0.0,0.0,0.0,2.04532527923584,0.6036872806259616,0.7507459211349488,1.2339187896268777,0.02,-0.0,-0.00033651726698731967,-1.3619978928745457e-05,0.0,0.15,-0.0,0.0,0.0,-0.0,0.0,0.0,0.0,0.0,0.35,0.0,0.0,0.0,0.0,0.0,0.0,0.0,0.0,0.25,-0.0,0.415496826171875,0.0,1.0453252792358398,-0.0,0.10387420654296875,0.10387420654296875,-0.05,0.544745922088623,0.36316394805908203,0.2,0.0,-0.0,-0.0,-0.0,0.5599999904632569,0.699999988079071,-0.0,0.0,-0.0,-0.0,0.0,0.0,0.0,0.45403741787187757,-0.0,-0.0,-0.026081188915450235,0.02,0.0,0.0,0.0,0.0,0.0,0.0,0.36316394805908203,32.69069408677519,32.4,0.7326086850269979,0.0,0.0,0.699999988079071,2.0,3.0,0.0,0.699999988079071,0.0,0.699999988079071,0.0,0.0,0.0,0.0,0.0,0.0,0.0,0.0,0.0,0.0,0.0,0.0,0.0,0.0,0.0,0.0,0.0,0.0,0.0,54.84223556518555,14.83713150024414,54.61582565307617,14.610994338989258,-0.226409912109375,-0.2261371612548828,0.31999915838241577,-2.356797190164997,-0.9888864159584045,0.1486729234457016,0.0,-55.249114990234375,31.388681411743164,0.0,28.0,28.0,28.0,0.0,1.0,27.0,0.0,0.0,1.0,0.0,1.0,0.0,3.0,0.0,2.16,379.0130999404937,2.093199989758432,243.83519997354597,114.81599998660386,62.51869990956038,4.0,9.987900033593178,6.872599944472313,1.3636000221595168,0.000600004568696022
1,305,305,4.658403019346221,0,0,2.0,3.0,1.0,1.0,1.0,1.0,1.0,1.0,1.0,1.0,1.0,1.0,1.0,1.0,1.0,1.0,1.0,1.0,1.0,0.0,0.9994688630104065,-0.2824074327945709,1.0,-0.2719114124774933,0.46700990200042725,0.40207037329673767,0.0,-0.005725065246224403,0.8636384010314941,-0.5041118264198303,0.0,0.0,0.0,0.0,0.0,0.0,124.73584747314453,25.0,25.0,25.0,25.0,25.0,0.0,1.0,1.0,1.0,0.0,0.0,0.0,0.0,0.0,2.0399374961853027,0.5931431842222062,0.7453223603963852,1.259999978542328,0.02,-0.0,-0.00033651726698731967,-1.3619978928745457e-05,0.0,0.15,-0.0,0.0,0.0,-0.0,0.0,0.0,0.0,0.0,0.35,0.0,0.0,0.0,0.0,0.0,0.0,0.0,0.0,0.25,-0.0,0.4149169921875,0.0,1.0399374961853027,-0.0,0.103729248046875,0.103729248046875,-0.05,0.5393223613500595,0.3595482409000397,0.2,0.0,-0.0,-0.0,-0.0,0.5599999904632569,0.699999988079071,-0.0,0.0,-0.0,-0.0,0.0,0.0,0.0,0.4434933214681223,-0.0,-0.0,-0.0,0.02,0.0,0.0,0.0,0.0,0.0,0.0,0.3595482409000397,31.931519145704808,32.4,0.0,0.6,0.0,0.699999988079071,2.0,3.0,0.0,0.699999988079071,0.0,0.699999988079071,0.0,0.0,0.0,0.0,0.0,0.0,0.0,0.0,0.0,0.0,0.0,0.0,0.0,0.0,0.0,0.0,0.0,0.0,0.0,54.61595916748047,14.611207962036133,54.389549255371094,14.385068893432617,-0.226409912109375,-0.22613906860351562,0.3200004994869232,-2.356792975480883,-0.9885399341583252,0.15095973014831543,0.0,-55.249114990234375,31.388681411743164,0.0,28.0,28.0,28.0,0.0,1.0,27.0,0.0,0.0,1.0,0.0,1.0,0.0,3.0,0.0,2.2,301.1649999534711,0.7625999860465527,200.42669994290918,88.71939999517053,37.505800020881,4.0,6.337399943731725,3.667199984192848,1.2098000152036548,0.000400003045797348
1,306,306,5.187157952099021,0,0,2.0,4.0,1.0,1.0,1.0,1.0,1.0,1.0,1.0,1.0,1.0,1.0,1.0,1.0,1.0,1.0,1.0,1.0,1.0,0.0,0.9990943670272827,-0.2868773639202118,1.0,-0.2759855091571808,0.45616456866264343,-0.6590059995651245,0.0,-0.0033092156518250704,0.8638049960136414,-0.5038263201713562,0.0,0.0,0.0,0.0,0.0,0.0,124.84243774414062,25.0,25.0,25.0,25.0,25.0,0.0,1.0,1.0,1.0,0.0,0.0,0.0,0.0,0.0,2.046626091003418,0.6017180507024004,0.7706576544046402,1.7481561559885632,0.02,-0.0,-0.00033651726698731967,-1.3619978928745457e-05,0.0,0.15,-0.0,0.0,0.0,-0.0,0.0,0.0,0.0,0.0,0.35,0.0,0.0,0.0,0.0,0.0,0.0,0.0,0.0,0.25,-0.0,0.426361083984375,0.0,1.046626091003418,-0.0,0.10659027099609375,0.10659027099609375,-0.05,0.5406576544046402,0.36043843626976013,0.2,0.0,-0.0,-0.0,-0.0,0.8,1.0,-0.0,0.0,-0.0,-0.0,0.0,0.0,0.0,0.4520681879483164,-0.04500000178813934,-0.0,-0.006843842223297494,0.02,0.0,0.0,0.0,0.0,0.0,0.0,0.36043843626976013,32.54890953227878,32.4,1.0,0.0,0.0,1.0,2.0,4.0,0.0,1.0,0.0,1.0,0.0,0.0,0.0,0.0,0.0,0.0,0.0,0.0,0.0,0.0,0.0,0.0,0.0,0.0,0.0,0.0,0.0,0.0,0.0,54.38968276977539,14.385282516479492,54.16327667236328,14.159140586853027,-0.22640609741210938,-0.22614192962646484,0.3199998438358307,-2.3567782240863195,-0.9881869554519653,0.15325357019901276,0.0,-55.249114990234375,31.388681411743164,0.0,28.0,28.0,28.0,0.0,1.0,27.0,0.0,0.0,1.0,0.0,1.0,0.0,3.0,0.0,2.24,317.6234000129625,0.72310003452003,214.70899996347725,94.10760004539043,65.79250004142523,4.0,4.547800053842366,2.763599972240627,0.7315999828279018,0.000500003807246685
1,307,307,5.220606298549026,0,0,2.0,4.0,1.0,1.0,1.0,1.0,1.0,1.0,1.0,1.0,1.0,1.0,1.0,1.0,1.0,1.0,1.0,1.0,1.0,0.0,0.9987234473228455,-0.29135388135910034,1.0,-0.2800527513027191,0.4649844169616699,0.5359291434288025,0.0,-0.0033092156518250704,0.8638505339622498,-0.5037482380867004,0.0,0.0,0.0,0.0,0.0,0.0,124.94924926757812,25.0,25.0,25.0,25.0,25.0,0.0,1.0,1.0,1.0,0.0,0.0,0.0,0.0,0.0,2.0427030324935913,0.5914196206162868,0.7664836454391479,1.8,0.02,-0.0,-0.00033651726698731967,-1.3619978928745457e-05,0.0,0.15,-0.0,0.0,0.0,-0.0,0.0,0.0,0.0,0.0,0.35,0.0,0.0,0.0,0.0,0.0,0.0,0.0,0.0,0.25,-0.0,0.42724609375,0.0,1.0427030324935913,-0.0,0.1068115234375,0.1068115234375,-0.05,0.536483645439148,0.35765576362609863,0.2,0.0,-0.0,-0.0,-0.0,0.8,1.0,-0.0,0.0,-0.0,-0.0,0.0,0.0,0.0,0.44176975786220285,-0.0,-0.0,-0.0,0.02,0.0,0.0,0.0,0.0,0.0,0.0,0.35765576362609863,31.807422566078603,32.4,0.0,0.6,0.0,1.0,2.0,4.0,0.0,1.0,0.0,1.0,0.0,0.0,0.0,0.0,0.0,0.0,0.0,0.0,0.0,0.0,0.0,0.0,0.0,0.0,0.0,0.0,0.0,0.0,0.0,54.16341018676758,14.159354209899902,53.937007904052734,13.933209419250488,-0.22640228271484375,-0.22614479064941406,0.31999915838241577,-2.356763472691502,-0.9878273606300354,0.15555442869663239,0.0,-55.249114990234375,31.388681411743164,0.0,28.0,28.0,28.0,0.0,1.0,27.0,0.0,0.0,1.0,0.0,1.0,0.0,3.0,0.0,2.28,195.16300002578646,0.5749999545514584,138.80349998362362,48.29780000727624,22.14369992725551,4.0,4.0843000169843435,2.533599967136979,0.8301000343635678,0.000500003807246685
1,308,308,5.235511998208165,0,0,2.0,4.0,1.0,1.0,1.0,1.0,1.0,1.0,1.0,1.0,1.0,1.0,1.0,1.0,1.0,1.0,1.0,1.0,1.0,0.0,0.9983409643173218,-0.29581037163734436,1.0,-0.28409332036972046,0.454391747713089,-0.6436519026756287,0.0,-0.0017369792331010103,0.8639196157455444,-0.5036296844482422,0.0,0.0,0.0,0.0,0.0,0.0,125.05872344970703,25.0,25.0,25.0,25.0,25.0,0.0,1.0,1.0,1.0,0.0,0.0,0.0,0.0,0.0,2.048622727394104,0.598973906906247,0.767915363907814,1.8,0.02,-0.0,-0.00033651726698731967,-1.3619978928745457e-05,0.0,0.15,-0.0,0.0,0.0,-0.0,0.0,0.0,0.0,0.0,0.35,0.0,0.0,0.0,0.0,0.0,0.0,0.0,0.0,0.25,-0.0,0.437896728515625,0.0,1.048622727394104,-0.0,0.10947418212890625,0.10947418212890625,-0.05,0.537915363907814,0.35861024260520935,0.2,0.0,-0.0,-0.0,-0.0,0.8,1.0,-0.0,0.0,-0.0,-0.0,0.0,0.0,0.0,0.44932404415216304,-0.0,-0.0,-0.0,0.02,0.0,0.0,0.0,0.0,0.0,0.0,0.35861024260520935,32.35133117895574,32.4,1.0,0.0,0.0,1.0,2.0,4.0,0.0,1.0,0.0,1.0,0.0,0.0,0.0,0.0,0.0,0.0,0.0,0.0,0.0,0.0,0.0,0.0,0.0,0.0,0.0,0.0,0.0,0.0,0.0,53.93714141845703,13.933423042297363,53.71073913574219,13.707276344299316,-0.22640228271484375,-0.22614669799804688,0.3200004994869232,-2.3567592580072225,-0.9874611496925354,0.15786226093769073,0.0,-55.249114990234375,31.388681411743164,0.0,28.0,28.0,28.0,0.0,1.0,27.0,0.0,0.0,1.0,0.0,1.0,0.0,3.0,0.0,2.32,175.23030005395412,0.772500061430037,120.63919997308403,44.46719994302839,27.9845999320969,4.0,5.310600041411817,3.147799987345934,0.8583000162616372,0.000600004568696022
1,309,309,3.930874317337867,0,0,2.0,2.0,1.0,1.0,1.0,1.0,1.0,1.0,1.0,1.0,1.0,1.0,1.0,1.0,1.0,1.0,1.0,1.0,1.0,0.0,0.9979599118232727,-0.3002752661705017,1.0,-0.28812888264656067,0.4621618688106537,0.47214290499687195,0.0,-0.0017369792331010103,0.8639429211616516,-0.5035897493362427,0.0,0.0,0.0,0.0,0.0,0.0,125.17362976074219,25.0,25.0,25.0,25.0,25.0,0.0,1.0,1.0,1.0,0.0,0.0,0.0,0.0,0.0,2.065644860267639,0.6024387650749831,0.7227354609966278,0.5200552309986171,0.02,-0.0,-0.00033651726698731967,-1.3619978928745457e-05,0.0,0.15,-0.0,0.0,0.0,-0.0,0.0,0.0,0.0,0.0,0.35,0.0,0.0,0.0,0.0,0.0,0.0,0.0,0.0,0.25,-0.0,0.459625244140625,0.0,1.0656448602676392,-0.0,0.11490631103515625,0.11490631103515625,-0.05,0.544735461473465,0.3631569743156433,0.2,0.0,-0.0,-0.0,-0.0,0.27999999523162844,0.3499999940395355,-0.0,0.0,-0.0,-0.0,0.0,0.0,0.0,0.4527889023208991,-0.09749999642372131,-0.0,-0.012444761848825628,0.02,0.0,0.0,0.0,0.0,0.0,0.0,0.3631569743156433,32.60080096710473,23.26086922832157,0.4206521686004555,0.0,0.0,0.3499999940395355,2.0,2.0,0.0,0.3499999940395355,0.0,0.3499999940395355,0.0,0.0,0.0,0.0,0.0,0.0,0.0,0.0,0.0,0.0,0.0,0.0,0.0,0.0,0.0,0.0,0.0,0.0,0.0,53.710872650146484,13.707489967346191,53.484474182128906,13.481339454650879,-0.22639846801757812,-0.2261505126953125,0.3200004994869232,-2.356742399269906,-0.9870882630348206,0.1601771116256714,0.0,-55.249114990234375,31.388681411743164,0.0,28.0,28.0,28.0,0.0,1.0,27.0,0.0,0.0,1.0,0.0,1.0,0.0,3.0,0.0,2.36,187.65900004655123,0.5555000388994813,131.34129997342825,49.17909996584058,22.595099988393486,4.0,3.980700043030083,1.8965000053867698,0.6686999695375562,0.000300002284348011
1,310,310,5.139709550170153,0,0,2.0,4.0,1.0,1.0,1.0,1.0,1.0,1.0,1.0,1.0,1.0,1.0,1.0,1.0,1.0,1.0,1.0,1.0,1.0,0.0,0.9975966215133667,-0.30477362871170044,1.0,-0.2921768128871918,0.46572571992874146,0.21655362844467163,0.0,-0.0010563707910478115,0.8639806509017944,-0.5035250186920166,0.0,0.0,0.0,0.0,0.0,0.0,125.28743743896484,25.0,25.0,25.0,25.0,25.0,0.0,1.0,1.0,1.0,0.0,0.0,0.0,0.0,0.0,2.056375026702881,0.5929247439186274,0.7679097759723663,1.7025000035762787,0.02,-0.0,-0.00033651726698731967,-1.3619978928745457e-05,0.0,0.15,-0.0,0.0,0.0,-0.0,0.0,0.0,0.0,0.0,0.35,0.0,0.0,0.0,0.0,0.0,0.0,0.0,0.0,0.25,-0.0,0.455230712890625,0.0,1.0563750267028809,-0.0,0.11380767822265625,0.11380767822265625,-0.05,0.5379097759723663,0.3586065173149109,0.2,0.0,-0.0,-0.0,-0.0,0.8,1.0,-0.0,0.0,-0.0,-0.0,0.0,0.0,0.0,0.4432748811645434,-0.09749999642372131,-0.0,-0.0,0.02,0.0,0.0,0.0,0.0,0.0,0.0,0.3586065173149109,31.915791443847123,32.4,0.0,0.6,0.0,1.0,2.0,4.0,0.0,1.0,0.0,1.0,0.0,0.0,0.0,0.0,0.0,0.0,0.0,0.0,0.0,0.0,0.0,0.0,0.0,0.0,0.0,0.0,0.0,0.0,0.0,53.4846076965332,13.481553077697754,53.25821304321289,13.255399703979492,-0.2263946533203125,-0.22615337371826172,0.3199998140335083,-2.356727647829556,-0.9867087602615356,0.16249898076057434,0.0,-55.249114990234375,31.388681411743164,0.0,28.0,28.0,28.0,0.0,1.0,27.0,0.0,0.0,1.0,0.0,1.0,0.0,3.0,0.0,2.4,165.17020005267113,0.4539000801742077,115.42159994132817,43.19749993737787,15.824900008738041,4.0,3.6355999764055014,1.8455999670550227,0.5868000444024801,0.000400003045797348
1,311,311,5.252532345095498,0,0,2.0,4.0,1.0,1.0,1.0,1.0,1.0,1.0,1.0,1.0,1.0,1.0,1.0,1.0,1.0,1.0,1.0,1.0,1.0,0.0,0.9972143769264221,-0.3092392086982727,1.0,-0.2961885333061218,0.4559398889541626,-0.5946263074874878,0.0,-0.0010563707910478115,0.8640118837356567,-0.5034714341163635,0.0,0.0,0.0,0.0,0.0,0.0,125.40422821044922,25.0,25.0,25.0,25.0,25.0,0.0,1.0,1.0,1.0,0.0,0.0,0.0,0.0,0.0,2.0635489225387573,0.6002865140930934,0.7693454283475876,1.7993514801160602,0.02,-0.0,-0.00033651726698731967,-1.3619978928745457e-05,0.0,0.15,-0.0,0.0,0.0,-0.0,0.0,0.0,0.0,0.0,0.35,0.0,0.0,0.0,0.0,0.0,0.0,0.0,0.0,0.25,-0.0,0.4671630859375,0.0,1.0635489225387573,-0.0,0.116790771484375,0.116790771484375,-0.05,0.5393454283475876,0.3595636188983917,0.2,0.0,-0.0,-0.0,-0.0,0.8,1.0,-0.0,0.0,-0.0,-0.0,0.0,0.0,0.0,0.45063665133900943,-0.0,-0.0,-0.0006485198839399115,0.02,0.0,0.0,0.0,0.0,0.0,0.0,0.3595636188983917,32.445838896408674,32.4,1.0,0.0,0.0,1.0,2.0,4.0,0.0,1.0,0.0,1.0,0.0,0.0,0.0,0.0,0.0,0.0,0.0,0.0,0.0,0.0,0.0,0.0,0.0,0.0,0.0,0.0,0.0,0.0,0.0,53.25834655761719,13.255613327026367,53.03195571899414,13.029457092285156,-0.22639083862304688,-0.22615623474121094,0.31999915838241577,-2.356712896478858,-0.9863223433494568,0.1648278385400772,0.0,-55.249114990234375,31.388681411743164,0.0,28.0,28.0,28.0,0.0,1.0,27.0,0.0,0.0,1.0,0.0,1.0,0.0,3.0,0.0,2.44,187.73140001576394,0.5023999838158488,130.4903000127524,49.63690007571131,39.67480000574142,4.0,4.319500061683357,1.8414999358356,0.916499993763864,0.000400003045797348
1,312,312,5.235824308223016,0,0,2.0,4.0,1.0,1.0,1.0,1.0,1.0,1.0,1.0,1.0,1.0,1.0,1.0,1.0,1.0,1.0,1.0,1.0,1.0,0.0,0.9968369007110596,-0.3137112855911255,1.0,-0.30019208788871765,0.46351197361946106,0.4601106345653534,0.0,0.0002726942766457796,0.8639952540397644,-0.5034999251365662,0.0,0.0,0.0,0.0,0.0,0.0,125.5213851928711,25.0,25.0,25.0,25.0,25.0,0.0,1.0,1.0,1.0,0.0,0.0,0.0,0.0,0.0,2.06021249294281,0.5904058848087861,0.7652059304714203,1.8,0.02,-0.0,-0.00033651726698731967,-1.3619978928745457e-05,0.0,0.15,-0.0,0.0,0.0,-0.0,0.0,0.0,0.0,0.0,0.35,0.0,0.0,0.0,0.0,0.0,0.0,0.0,0.0,0.25,-0.0,0.4686279296875,0.0,1.06021249294281,-0.0,0.117156982421875,0.117156982421875,-0.05,0.5352059304714203,0.3568039536476135,0.2,0.0,-0.0,-0.0,-0.0,0.8,1.0,-0.0,0.0,-0.0,-0.0,0.0,0.0,0.0,0.4407560220547021,-0.0,-0.0,-0.0,0.02,0.0,0.0,0.0,0.0,0.0,0.0,0.3568039536476135,31.73443358793855,32.4,0.0,0.6,0.0,1.0,2.0,4.0,0.0,1.0,0.0,1.0,0.0,0.0,0.0,0.0,0.0,0.0,0.0,0.0,0.0,0.0,0.0,0.0,0.0,0.0,0.0,0.0,0.0,0.0,0.0,53.03208923339844,13.029670715332031,52.805702209472656,12.803510665893555,-0.22638702392578125,-0.22616004943847656,0.31999915838241577,-2.3566960377407082,-0.9859291315078735,0.1671636700630188,0.0,-55.249114990234375,31.388681411743164,0.0,28.0,28.0,28.0,0.0,1.0,27.0,0.0,0.0,1.0,0.0,1.0,0.0,3.0,0.0,2.48,204.4537999900058,0.700299977324903,130.18610002472997,66.35930004995316,27.638999978080392,4.0,4.168400075286627,2.4000999983400106,0.5944999866187572,0.000400003045797348
1,313,313,5.251781109743677,0,0,2.0,4.0,1.0,1.0,1.0,1.0,1.0,1.0,1.0,1.0,1.0,1.0,1.0,1.0,1.0,1.0,1.0,1.0,1.0,0.0,0.9964501857757568,-0.3181622326374054,1.0,-0.3041670322418213,0.4533490538597107,-0.6175393462181091,0.0,7.546534470748156e-05,0.8640036582946777,-0.5034855604171753,0.0,0.0,0.0,0.0,0.0,0.0,125.64140319824219,25.0,25.0,25.0,25.0,25.0,0.0,1.0,1.0,1.0,0.0,0.0,0.0,0.0,0.0,2.066883683204651,0.5982655890518053,0.7666318374872207,1.8,0.02,-0.0,-0.00033651726698731967,-1.3619978928745457e-05,0.0,0.15,-0.0,0.0,0.0,-0.0,0.0,0.0,0.0,0.0,0.35,0.0,0.0,0.0,0.0,0.0,0.0,0.0,0.0,0.25,-0.0,0.480072021484375,0.0,1.0668836832046509,-0.0,0.12001800537109375,0.12001800537109375,-0.05,0.5366318374872208,0.35775455832481384,0.2,0.0,-0.0,-0.0,-0.0,0.8,1.0,-0.0,0.0,-0.0,-0.0,0.0,0.0,0.0,0.4486157262977213,-0.0,-0.0,-0.0,0.02,0.0,0.0,0.0,0.0,0.0,0.0,0.35775455832481384,32.300332293435936,32.4,1.0,0.0,0.0,1.0,2.0,4.0,0.0,1.0,0.0,1.0,0.0,0.0,0.0,0.0,0.0,0.0,0.0,0.0,0.0,0.0,0.0,0.0,0.0,0.0,0.0,0.0,0.0,0.0,0.0,52.80583572387695,12.80372428894043,52.57945251464844,12.577559471130371,-0.22638320922851562,-0.2261648178100586,0.3199998140335083,-2.3566770716192704,-0.9855291247367859,0.1695065051317215,0.0,-55.249114990234375,31.388681411743164,0.0,28.0,28.0,28.0,0.0,1.0,27.0,0.0,0.0,1.0,0.0,1.0,0.0,3.0,0.0,2.52,150.91409999877214,0.5111999344080687,127.11370002944022,14.28849995136261,9.939500014297664,4.0,4.836399923078716,3.3088000491261482,0.8261000039055943,0.000600004568696022
1,314,314,4.6432207967971095,0,0,2.0,3.0,1.0,1.0,1.0,1.0,1.0,1.0,1.0,1.0,1.0,1.0,1.0,1.0,1.0,1.0,1.0,1.0,1.0,0.0,0.9960670471191406,-0.3226202726364136,1.0,-0.3081343472003937,0.4614333212375641,0.4912315011024475,0.0,7.546534470748156e-05,0.8639655709266663,-0.5035509467124939,0.0,0.0,0.0,0.0,0.0,0.0,125.67886352539062,25.0,25.0,25.0,25.0,25.0,0.0,1.0,1.0,1.0,0.0,0.0,0.0,0.0,0.0,2.0881149768829346,0.6043888333392514,0.7516495573520661,1.1790674292228578,0.02,-0.0,-0.00033651726698731967,-1.3619978928745457e-05,0.0,0.15,-0.0,0.0,0.0,-0.0,0.0,0.0,0.0,0.0,0.35,0.0,0.0,0.0,0.0,0.0,0.0,0.0,0.0,0.25,-0.0,0.14984130859375,0.0,1.0881149768829346,-0.0,0.0374603271484375,0.0374603271484375,-0.05,0.5456495583057404,0.3637663722038269,0.2,0.0,-0.0,-0.0,-0.0,0.5599999904632569,0.699999988079071,-0.0,0.0,-0.0,-0.0,0.0,0.0,0.0,0.45473897058516743,-0.04500000178813934,-0.0,-0.03593254753133081,0.02,0.0,0.0,0.0,0.0,0.0,0.0,0.3637663722038269,32.74120588213205,32.4,0.7326086850269979,0.0,0.0,0.699999988079071,2.0,3.0,0.0,0.699999988079071,0.0,0.699999988079071,0.0,0.0,0.0,0.0,0.0,0.0,0.0,0.0,0.0,0.0,0.0,0.0,0.0,0.0,0.0,0.0,0.0,0.0,0.0,52.579586029052734,12.577773094177246,52.28937530517578,12.442947387695312,-0.2902107238769531,-0.1348257064819336,0.32000038027763367,-2.7066814843300135,-0.98512202501297,0.17185628414154053,0.0,-55.249114990234375,31.388681411743164,0.0,28.0,28.0,28.0,0.0,1.0,26.0,1.0,0.0,1.0,0.0,1.0,0.0,3.0,0.0,2.56,256.93079992197454,0.6000999128445983,138.02710000891238,108.99990005418658,57.49529995955527,4.0,5.167199997231364,3.3565000630915165,0.7346998900175095,0.000400003045797348
1,315,315,4.700813326560817,0,0,2.0,3.0,1.0,1.0,1.0,1.0,1.0,1.0,1.0,1.0,1.0,1.0,1.0,1.0,1.0,1.0,1.0,1.0,1.0,0.0,0.9951772093772888,-0.32635805010795593,1.0,-0.3116114139556885,0.4677315056324005,0.3827027678489685,0.0,0.00016750273061916232,0.8639582395553589,-0.5035635232925415,0.0,0.0,0.0,0.0,0.0,0.0,125.68956756591797,25.0,25.0,25.0,25.0,25.0,0.0,1.0,1.0,1.0,0.0,0.0,0.0,0.0,0.0,2.0798827409744263,0.5947481963270528,0.7461824107170105,1.259999978542328,0.02,-0.0,-0.00033651726698731967,-1.3619978928745457e-05,0.0,0.15,-0.0,0.0,0.0,-0.0,0.0,0.0,0.0,0.0,0.35,0.0,0.0,0.0,0.0,0.0,0.0,0.0,0.0,0.25,-0.0,0.042816162109375,0.0,1.0798827409744263,-0.0,0.01070404052734375,0.01070404052734375,-0.05,0.5401824116706848,0.36012160778045654,0.2,0.0,-0.0,-0.0,-0.0,0.5599999904632569,0.699999988079071,-0.0,0.0,-0.0,-0.0,0.0,0.0,0.0,0.44509833357296885,-0.0,-0.0,-0.0,0.02,0.0,0.0,0.0,0.0,0.0,0.0,0.36012160778045654,32.047080017253755,32.4,0.0,0.6,0.0,0.699999988079071,2.0,3.0,0.0,0.699999988079071,0.0,0.699999988079071,0.0,0.0,0.0,0.0,0.0,0.0,0.0,0.0,0.0,0.0,0.0,0.0,0.0,0.0,0.0,0.0,0.0,0.0,0.0,52.289581298828125,12.443490028381348,51.98489761352539,12.345677375793457,-0.3046836853027344,-0.09781265258789062,0.31999915838241577,-2.8309555164454694,-0.9848340153694153,0.17349910736083984,0.0,-55.249114990234375,31.388681411743164,0.0,28.0,28.0,28.0,0.0,1.0,26.0,0.0,0.0,1.0,0.0,1.0,0.0,3.0,0.0,2.6,142.79239997267723,0.7500998908653855,110.90570001397282,20.89230006095022,16.782799968495965,4.0,5.998500040732324,3.320000017993152,0.8998999837785959,0.000500003807246685
1,316,316,5.222295081217868,0,0,2.0,4.0,1.0,1.0,1.0,1.0,1.0,1.0,1.0,1.0,1.0,1.0,1.0,1.0,1.0,1.0,1.0,1.0,1.0,0.0,0.9941484928131104,-0.32976189255714417,1.0,-0.3148345947265625,0.4578154385089874,-0.6025398373603821,0.0,0.00016750273061916232,0.8639699816703796,-0.5035432577133179,0.0,0.0,0.0,0.0,0.0,0.0,125.70249938964844,25.0,25.0,25.0,25.0,25.0,0.0,1.0,1.0,1.0,0.0,0.0,0.0,0.0,0.0,2.085579991340637,0.6024203366180135,0.7715755957365036,1.742719157522714,0.02,-0.0,-0.00033651726698731967,-1.3619978928745457e-05,0.0,0.15,-0.0,0.0,0.0,-0.0,0.0,0.0,0.0,0.0,0.35,0.0,0.0,0.0,0.0,0.0,0.0,0.0,0.0,0.25,-0.0,0.051727294921875,0.0,1.0855799913406372,-0.0,0.01293182373046875,0.01293182373046875,-0.05,0.5415755957365036,0.36105039715766907,0.2,0.0,-0.0,-0.0,-0.0,0.8,1.0,-0.0,0.0,-0.0,-0.0,0.0,0.0,0.0,0.45277047386392955,-0.04500000178813934,-0.0,-0.01228084068914673,0.02,0.0,0.0,0.0,0.0,0.0,0.0,0.36105039715766907,32.59947411820293,32.4,1.0,0.0,0.0,1.0,2.0,4.0,0.0,1.0,0.0,1.0,0.0,0.0,0.0,0.0,0.0,0.0,0.0,0.0,0.0,0.0,0.0,0.0,0.0,0.0,0.0,0.0,0.0,0.0,0.0,51.984928131103516,12.346242904663086,51.68025207519531,12.248401641845703,-0.3046760559082031,-0.09784126281738281,0.32000064849853516,-2.8308631147888685,-0.984596312046051,0.1748429387807846,0.0,-55.249114990234375,31.388681411743164,0.0,28.0,28.0,28.0,0.0,1.0,26.0,0.0,0.0,1.0,0.0,1.0,0.0,3.0,0.0,2.64,160.74369999114424,0.6314999191090465,107.619300018996,47.6384999928996,29.748299974016845,4.0,2.743199933320284,1.5656000468879938,0.5191999953240156,0.000500003807246685
1,317,317,4.651393138775527,0,0,2.0,3.0,1.0,1.0,1.0,1.0,1.0,1.0,1.0,1.0,1.0,1.0,1.0,1.0,1.0,1.0,1.0,1.0,1.0,0.0,0.9931235909461975,-0.3331749737262726,1.0,-0.3180604577064514,0.4657067656517029,0.47950875759124756,0.0,-3.145061054965481e-05,0.8639692664146423,-0.5035445690155029,0.0,0.0,0.0,0.0,0.0,0.0,125.71501159667969,25.0,25.0,25.0,25.0,25.0,0.0,1.0,1.0,1.0,0.0,0.0,0.0,0.0,0.0,2.080853223800659,0.5921188169810174,0.7434211212396622,1.2149999767541886,0.02,-0.0,-0.00033651726698731967,-1.3619978928745457e-05,0.0,0.15,-0.0,0.0,0.0,-0.0,0.0,0.0,0.0,0.0,0.35,0.0,0.0,0.0,0.0,0.0,0.0,0.0,0.0,0.25,-0.0,0.050048828125,0.0,1.0808532238006592,-0.0,0.01251220703125,0.01251220703125,-0.05,0.5374211221933365,0.358280748128891,0.2,0.0,-0.0,-0.0,-0.0,0.5599999904632569,0.699999988079071,-0.0,0.0,-0.0,-0.0,0.0,0.0,0.0,0.44246895422693344,-0.04500000178813934,-0.0,-0.0,0.02,0.0,0.0,0.0,0.0,0.0,0.0,0.358280748128891,31.857764704339207,32.4,0.0,0.6,0.0,0.699999988079071,2.0,3.0,0.0,0.699999988079071,0.0,0.699999988079071,0.0,0.0,0.0,0.0,0.0,0.0,0.0,0.0,0.0,0.0,0.0,0.0,0.0,0.0,0.0,0.0,0.0,0.0,0.0,51.68037414550781,12.248749732971191,51.37570571899414,12.15089225769043,-0.3046684265136719,-0.09785747528076172,0.3199983239173889,-2.830807573262248,-0.9843552112579346,0.17619545757770538,0.0,-55.249114990234375,31.388681411743164,0.0,28.0,28.0,28.0,0.0,1.0,26.0,0.0,0.0,1.0,0.0,1.0,0.0,3.0,0.0,2.68,99.35250005219132,0.4072999581694603,80.17460000701249,13.520500040613115,10.629700031131506,4.0,2.7802000986412168,2.003000001423061,0.4403000930324197,0.000400003045797348
1,318,318,5.230865915468302,0,0,2.0,4.0,1.0,1.0,1.0,1.0,1.0,1.0,1.0,1.0,1.0,1.0,1.0,1.0,1.0,1.0,1.0,1.0,1.0,0.0,0.9920886158943176,-0.3365686535835266,1.0,-0.321268230676651,0.45511093735694885,-0.6438449621200562,0.0,-3.145061054965481e-05,0.8639850616455078,-0.5035174489021301,0.0,0.0,0.0,0.0,0.0,0.0,125.72982025146484,25.0,25.0,25.0,25.0,25.0,0.0,1.0,1.0,1.0,0.0,0.0,0.0,0.0,0.0,2.087311029434204,0.5997156847360728,0.7688461351394653,1.75499306615856,0.02,-0.0,-0.00033651726698731967,-1.3619978928745457e-05,0.0,0.15,-0.0,0.0,0.0,-0.0,0.0,0.0,0.0,0.0,0.35,0.0,0.0,0.0,0.0,0.0,0.0,0.0,0.0,0.25,-0.0,0.059234619140625,0.0,1.087311029434204,-0.0,0.01480865478515625,0.01480865478515625,-0.05,0.5388461351394653,0.35923075675964355,0.2,0.0,-0.0,-0.0,-0.0,0.8,1.0,-0.0,0.0,-0.0,-0.0,0.0,0.0,0.0,0.45006582198198886,-0.04500000178813934,-0.0,-6.932053300696729e-06,0.02,0.0,0.0,0.0,0.0,0.0,0.0,0.35923075675964355,32.404739182703196,32.4,1.0,0.0,0.0,1.0,2.0,4.0,0.0,1.0,0.0,1.0,0.0,0.0,0.0,0.0,0.0,0.0,0.0,0.0,0.0,0.0,0.0,0.0,0.0,0.0,0.0,0.0,0.0,0.0,0.0,51.375877380371094,12.151111602783203,51.07120895385742,12.053244590759277,-0.3046684265136719,-0.09786701202392578,0.3200012445449829,-2.8307792046597315,-0.9841107130050659,0.17755591869354248,0.0,-55.249114990234375,31.388681411743164,0.0,28.0,28.0,28.0,0.0,1.0,26.0,0.0,0.0,1.0,0.0,1.0,0.0,3.0,0.0,2.72,143.96489993669093,0.4026999231427908,90.26470000389963,45.412000035867095,32.002100022509694,4.0,5.01980003900826,2.203900017775595,0.6335999350994825,0.000800006091594696
1,319,319,4.648456685449853,0,0,2.0,3.0,1.0,1.0,1.0,1.0,1.0,1.0,1.0,1.0,1.0,1.0,1.0,1.0,1.0,1.0,1.0,1.0,1.0,0.0,0.9910590052604675,-0.33996903896331787,1.0,-0.32447579503059387,0.4629248380661011,0.47480422258377075,0.0,0.000400905788410455,0.8639611005783081,-0.5035585165023804,0.0,0.0,0.0,0.0,0.0,0.0,125.7441635131836,25.0,25.0,25.0,25.0,25.0,0.0,1.0,1.0,1.0,0.0,0.0,0.0,0.0,0.0,2.08275830745697,0.5899776833317427,0.7407207179069519,1.2149999767541886,0.02,-0.0,-0.00033651726698731967,-1.3619978928745457e-05,0.0,0.15,-0.0,0.0,0.0,-0.0,0.0,0.0,0.0,0.0,0.35,0.0,0.0,0.0,0.0,0.0,0.0,0.0,0.0,0.25,-0.0,0.057373046875,0.0,1.0827583074569702,-0.0,0.01434326171875,0.01434326171875,-0.05,0.5347207188606262,0.3564804792404175,0.2,0.0,-0.0,-0.0,-0.0,0.5599999904632569,0.699999988079071,-0.0,0.0,-0.0,-0.0,0.0,0.0,0.0,0.44032782057765874,-0.04500000178813934,-0.0,-0.0,0.02,0.0,0.0,0.0,0.0,0.0,0.0,0.3564804792404175,31.703603081591428,32.4,0.0,0.6,0.0,0.699999988079071,2.0,3.0,0.0,0.699999988079071,0.0,0.699999988079071,0.0,0.0,0.0,0.0,0.0,0.0,0.0,0.0,0.0,0.0,0.0,0.0,0.0,0.0,0.0,0.0,0.0,0.0,0.0,51.07140350341797,12.053413391113281,50.76673889160156,11.95553970336914,-0.30466461181640625,-0.09787368774414062,0.31999966502189636,-2.830755689806579,-0.9838629961013794,0.17892365157604218,0.0,-55.249114990234375,31.388681411743164,0.0,28.0,28.0,28.0,0.0,1.0,26.0,0.0,0.0,1.0,0.0,1.0,0.0,3.0,0.0,2.76,163.90530008357018,0.6395999807864428,93.71730010025203,63.21540009230375,37.13790001347661,4.0,3.887500031851232,1.7170999199151993,0.6840000860393047,0.000400003045797348
1,320,320,4.700520814424306,0,0,2.0,3.0,1.0,1.0,1.0,1.0,1.0,1.0,1.0,1.0,1.0,1.0,1.0,1.0,1.0,1.0,1.0,1.0,1.0,0.0,0.990019679069519,-0.3433488607406616,1.0,-0.32766422629356384,0.45290860533714294,-0.6086251139640808,0.0,0.0001736270060064271,0.8639584183692932,-0.5035631060600281,0.0,0.0,0.0,0.0,0.0,0.0,125.75965881347656,25.0,25.0,25.0,25.0,25.0,0.0,1.0,1.0,1.0,0.0,0.0,0.0,0.0,0.0,2.0847349166870117,0.5954910913760959,0.7402948278188706,1.259999978542328,0.02,-0.0,-0.00033651726698731967,-1.3619978928745457e-05,0.0,0.15,-0.0,0.0,0.0,-0.0,0.0,0.0,0.0,0.0,0.35,0.0,0.0,0.0,0.0,0.0,0.0,0.0,0.0,0.25,-0.0,0.061981201171875,0.0,1.0847349166870117,-0.0,0.01549530029296875,0.01549530029296875,-0.05,0.5342948287725449,0.3561965525150299,0.2,0.0,-0.0,-0.0,-0.0,0.5599999904632569,0.699999988079071,-0.0,0.0,-0.0,-0.0,0.0,0.0,0.0,0.4458412286220119,-0.0,-0.0,-0.0,0.02,0.0,0.0,0.0,0.0,0.0,0.0,0.3561965525150299,32.10056846078486,32.4,0.7326086850269979,0.0,0.0,0.699999988079071,2.0,3.0,0.0,0.699999988079071,0.0,0.699999988079071,0.0,0.0,0.0,0.0,0.0,0.0,0.0,0.0,0.0,0.0,0.0,0.0,0.0,0.0,0.0,0.0,0.0,0.0,0.0,50.766944885253906,11.95568561553955,50.4622802734375,11.857806205749512,-0.30466461181640625,-0.09787940979003906,0.32000142335891724,-2.8307386783754116,-0.9836119413375854,0.18029840290546417,0.0,-55.249114990234375,31.388681411743164,0.0,28.0,28.0,28.0,0.0,1.0,26.0,0.0,0.0,1.0,0.0,1.0,0.0,3.0,0.0,2.8,99.67339993454516,0.421099946834147,84.70950007904321,9.585399995557964,6.831199978478253,4.0,2.763699973002076,1.5926000196486712,0.5758000770583749,0.0003998866304755211
1,321,321,4.7276349394505015,0,0,2.0,3.0,1.0,1.0,1.0,1.0,1.0,1.0,1.0,1.0,1.0,1.0,1.0,1.0,1.0,1.0,1.0,1.0,1.0,0.0,0.9889784455299377,-0.346727192401886,1.0,-0.33084744215011597,0.45857954025268555,0.3445880115032196,0.0,0.0001736270060064271,0.8639423251152039,-0.5035908222198486,0.0,0.0,0.0,0.0,0.0,0.0,125.78046417236328,25.0,25.0,25.0,25.0,25.0,0.0,1.0,1.0,1.0,0.0,0.0,0.0,0.0,0.0,2.103336811065674,0.6014739352557061,0.7481477993726731,1.2546763937564491,0.02,-0.0,-0.00033651726698731967,-1.3619978928745457e-05,0.0,0.15,-0.0,0.0,0.0,-0.0,0.0,0.0,0.0,0.0,0.35,0.0,0.0,0.0,0.0,0.0,0.0,0.0,0.0,0.25,-0.0,0.083221435546875,0.0,1.1033368110656738,-0.0,0.02080535888671875,0.02080535888671875,-0.05,0.5421478003263474,0.36143186688423157,0.2,0.0,-0.0,-0.0,-0.0,0.5599999904632569,0.699999988079071,-0.0,0.0,-0.0,-0.0,0.0,0.0,0.0,0.4518240725016222,-0.0,-0.0,-0.005323584785878693,0.02,0.0,0.0,0.0,0.0,0.0,0.0,0.36143186688423157,32.5313332201168,32.4,0.7326086850269979,0.0,0.0,0.699999988079071,2.0,3.0,0.0,0.699999988079071,0.0,0.699999988079071,0.0,0.0,0.0,0.0,0.0,0.0,0.0,0.0,0.0,0.0,0.0,0.0,0.0,0.0,0.0,0.0,0.0,0.0,0.0,50.462493896484375,11.857942581176758,50.157833099365234,11.760058403015137,-0.3046607971191406,-0.0978841781616211,0.31999924778938293,-2.8307208461524977,-0.9833576679229736,0.18168015778064728,0.0,-55.249114990234375,31.388681411743164,0.0,28.0,28.0,28.0,0.0,1.0,26.0,0.0,0.0,1.0,0.0,1.0,0.0,3.0,0.0,2.84,154.1298000374809,0.391000066883862,91.64599992800504,40.927199996076524,22.627900005318224,4.0,17.4975999398157,2.860100008547306,0.7709000492468476,0.000300002284348011
1,322,322,4.709677748950123,0,0,2.0,3.0,1.0,1.0,1.0,1.0,1.0,1.0,1.0,1.0,1.0,1.0,1.0,1.0,1.0,1.0,1.0,1.0,1.0,0.0,0.987957775592804,-0.3501441776752472,1.0,-0.3340526521205902,0.4647333323955536,0.3739277422428131,0.0,0.0001952361926669255,0.8639340996742249,-0.5036048293113708,0.0,0.0,0.0,0.0,0.0,0.0,125.79986572265625,25.0,25.0,25.0,25.0,25.0,0.0,1.0,1.0,1.0,0.0,0.0,0.0,0.0,0.0,2.095011353492737,0.5919536670762299,0.7427127498388291,1.259999978542328,0.02,-0.0,-0.00033651726698731967,-1.3619978928745457e-05,0.0,0.15,-0.0,0.0,0.0,-0.0,0.0,0.0,0.0,0.0,0.35,0.0,0.0,0.0,0.0,0.0,0.0,0.0,0.0,0.25,-0.0,0.077606201171875,0.0,1.0950113534927368,-0.0,0.01940155029296875,0.01940155029296875,-0.05,0.5367127507925034,0.35780850052833557,0.2,0.0,-0.0,-0.0,-0.0,0.5599999904632569,0.699999988079071,-0.0,0.0,-0.0,-0.0,0.0,0.0,0.0,0.4423038043221459,-0.0,-0.0,-0.0,0.02,0.0,0.0,0.0,0.0,0.0,0.0,0.35780850052833557,31.845873911194502,32.4,0.0,0.6,0.0,0.699999988079071,2.0,3.0,0.0,0.699999988079071,0.0,0.699999988079071,0.0,0.0,0.0,0.0,0.0,0.0,0.0,0.0,0.0,0.0,0.0,0.0,0.0,0.0,0.0,0.0,0.0,0.0,0.0,50.15804672241211,11.7601900100708,49.85338592529297,11.662301063537598,-0.3046607971191406,-0.09788894653320312,0.32000070810317993,-2.8307066618494092,-0.9831000566482544,0.1830688714981079,0.0,-55.249114990234375,31.388681411743164,0.0,28.0,28.0,28.0,0.0,1.0,26.0,0.0,0.0,1.0,0.0,1.0,0.0,3.0,0.0,2.88,132.4451999971643,0.6655000615864992,110.48339994158596,14.41309996880591,11.000299942679703,4.0,3.895999980159104,2.3120000259950757,0.6477999268099666,0.000500003807246685
1,323,323,4.715969140487648,0,0,2.0,3.0,1.0,1.0,1.0,1.0,1.0,1.0,1.0,1.0,1.0,1.0,1.0,1.0,1.0,1.0,1.0,1.0,1.0,0.0,0.986920952796936,-0.3535357117652893,1.0,-0.33723634481430054,0.454941064119339,-0.5950167775154114,0.0,0.0001952361926669255,0.8639528155326843,-0.5035728216171265,0.0,0.0,0.0,0.0,0.0,0.0,125.8204116821289,25.0,25.0,25.0,25.0,25.0,0.0,1.0,1.0,1.0,0.0,0.0,0.0,0.0,0.0,2.0969741344451904,0.5967458974895251,0.7422491300106049,1.259999978542328,0.02,-0.0,-0.00033651726698731967,-1.3619978928745457e-05,0.0,0.15,-0.0,0.0,0.0,-0.0,0.0,0.0,0.0,0.0,0.35,0.0,0.0,0.0,0.0,0.0,0.0,0.0,0.0,0.25,-0.0,0.082183837890625,0.0,1.0969741344451904,-0.0,0.02054595947265625,0.02054595947265625,-0.05,0.5362491309642792,0.3574994206428528,0.2,0.0,-0.0,-0.0,-0.0,0.5599999904632569,0.699999988079071,-0.0,0.0,-0.0,-0.0,0.0,0.0,0.0,0.4470960347354412,-0.0,-0.0,-0.0,0.02,0.0,0.0,0.0,0.0,0.0,0.0,0.3574994206428528,32.19091450095176,32.4,0.7326086850269979,0.0,0.0,0.699999988079071,2.0,3.0,0.0,0.699999988079071,0.0,0.699999988079071,0.0,0.0,0.0,0.0,0.0,0.0,0.0,0.0,0.0,0.0,0.0,0.0,0.0,0.0,0.0,0.0,0.0,0.0,0.0,49.85360336303711,11.662430763244629,49.548946380615234,11.564536094665527,-0.304656982421875,-0.09789466857910156,0.3199988305568695,-2.830685955889746,-0.9828391671180725,0.18446458876132965,0.0,-55.249114990234375,31.388681411743164,0.0,28.0,28.0,28.0,0.0,1.0,26.0,0.0,0.0,1.0,0.0,1.0,0.0,3.0,0.0,2.92,311.0731999622658,0.3991000121459365,145.43200004845858,153.72770000249147,120.59820001013577,4.0,4.892500001005828,3.5070000449195504,3.0779000371694565,0.000500003807246685
1,324,324,4.7307668249685975,0,0,2.0,3.0,1.0,1.0,1.0,1.0,1.0,1.0,1.0,1.0,1.0,1.0,1.0,1.0,1.0,1.0,1.0,1.0,1.0,0.0,0.9858821630477905,-0.3569253981113434,1.0,-0.3404141366481781,0.45987021923065186,0.29951441287994385,0.0,0.00013599150406662375,0.8639452457427979,-0.5035857558250427,0.0,0.0,0.0,0.0,0.0,0.0,125.84652709960938,25.0,25.0,25.0,25.0,25.0,0.0,1.0,1.0,1.0,0.0,0.0,0.0,0.0,0.0,2.1165995597839355,0.6030944726149737,0.7500573533773423,1.2410154391923462,0.02,-0.0,-0.00033651726698731967,-1.3619978928745457e-05,0.0,0.15,-0.0,0.0,0.0,-0.0,0.0,0.0,0.0,0.0,0.35,0.0,0.0,0.0,0.0,0.0,0.0,0.0,0.0,0.25,-0.0,0.104461669921875,0.0,1.1165995597839355,-0.0,0.02611541748046875,0.02611541748046875,-0.05,0.5440573543310165,0.36270490288734436,0.2,0.0,-0.0,-0.0,-0.0,0.5599999904632569,0.699999988079071,-0.0,0.0,-0.0,-0.0,0.0,0.0,0.0,0.45344460986088975,-0.0,-0.0,-0.01898453934998172,0.02,0.0,0.0,0.0,0.0,0.0,0.0,0.36270490288734436,32.648011909984056,32.4,0.7326086850269979,0.0,0.0,0.699999988079071,2.0,3.0,0.0,0.699999988079071,0.0,0.699999988079071,0.0,0.0,0.0,0.0,0.0,0.0,0.0,0.0,0.0,0.0,0.0,0.0,0.0,0.0,0.0,0.0,0.0,0.0,0.0,49.549163818359375,11.564664840698242,49.2445068359375,11.466765403747559,-0.304656982421875,-0.0978994369506836,0.3200002610683441,-2.830671779682376,-0.9825748205184937,0.18586736917495728,0.0,-55.249114990234375,31.388681411743164,0.0,28.0,28.0,28.0,0.0,1.0,26.0,0.0,0.0,1.0,0.0,1.0,0.0,3.0,0.0,2.96,227.6982000330463,0.5186999915167689,154.21059995424002,63.114100019447505,41.24360007699579,4.0,4.622000036761165,4.244799958541989,0.9531000396236777,0.000500003807246685
1,325,325,4.726803737808875,0,0,2.0,3.0,1.0,1.0,1.0,1.0,1.0,1.0,1.0,1.0,1.0,1.0,1.0,1.0,1.0,1.0,1.0,1.0,1.0,0.0,0.984866738319397,-0.3603518307209015,1.0,-0.3436107337474823,0.4664001762866974,0.3967859447002411,0.0,0.00013599150406662375,0.863932192325592,-0.503608226776123,0.0,0.0,0.0,0.0,0.0,0.0,125.83946228027344,25.0,25.0,25.0,25.0,25.0,0.0,1.0,1.0,1.0,0.0,0.0,0.0,0.0,0.0,2.1088305711746216,0.5933717160717769,0.7446014720201493,1.259999978542328,0.02,-0.0,-0.00033651726698731967,-1.3619978928745457e-05,0.0,0.15,-0.0,0.0,0.0,-0.0,0.0,0.0,0.0,0.0,0.35,0.0,0.0,0.0,0.0,0.0,0.0,0.0,0.0,0.25,-0.0,-0.0565185546875,0.0,1.1088305711746216,-0.0,-0.0070648193359375,-0.0070648193359375,-0.05,0.5386014729738235,0.3590676486492157,0.2,0.0,-0.0,-0.0,-0.0,0.5599999904632569,0.699999988079071,-0.0,0.0,-0.0,-0.0,0.0,0.0,0.0,0.4437218533176929,-0.0,-0.0,-0.0,0.02,0.0,0.0,0.0,0.0,0.0,0.0,0.3590676486492157,31.947973438873888,32.4,0.0,0.6,0.0,0.699999988079071,2.0,3.0,0.0,0.699999988079071,0.0,0.699999988079071,0.0,0.0,0.0,0.0,0.0,0.0,0.0,0.0,0.0,0.0,0.0,0.0,0.0,0.0,0.0,0.0,0.0,0.0,0.0,49.24472427368164,11.466894149780273,48.92728042602539,11.426522254943848,-0.31744384765625,-0.04037189483642578,0.3200007379055023,-3.015093688954179,-0.9823070764541626,0.1872771978378296,0.0,-55.249114990234375,31.388681411743164,0.0,28.0,28.0,28.0,0.0,1.0,25.0,0.0,0.0,1.0,0.0,1.0,0.0,3.0,0.0,3.0,186.39100005384535,0.7726000621914864,134.7994999960065,43.43510000035167,31.274400069378316,4.0,4.656299948692322,2.1155000431463122,0.5789999850094318,0.000300002284348011
1,326,326,4.732974648489542,0,0,2.0,3.0,1.0,1.0,1.0,1.0,1.0,1.0,1.0,1.0,1.0,1.0,1.0,1.0,1.0,1.0,1.0,1.0,1.0,0.0,0.9837314486503601,-0.36326953768730164,1.0,-0.3464123606681824,0.4563996195793152,-0.6076722741127014,0.0,-0.0004009725817013532,0.8639329671859741,-0.5036068558692932,0.0,0.0,0.0,0.0,0.0,0.0,125.83332061767578,25.0,25.0,25.0,25.0,25.0,0.0,1.0,1.0,1.0,0.0,0.0,0.0,0.0,0.0,2.1106358766555786,0.5982118040462209,0.7441269892454148,1.259999978542328,0.02,-0.0,-0.00033651726698731967,-1.3619978928745457e-05,0.0,0.15,-0.0,0.0,0.0,-0.0,0.0,0.0,0.0,0.0,0.35,0.0,0.0,0.0,0.0,0.0,0.0,0.0,0.0,0.25,-0.0,-0.04913330078125,0.0,1.1106358766555786,-0.0,-0.00614166259765625,-0.00614166259765625,-0.05,0.538126990199089,0.3587513267993927,0.2,0.0,-0.0,-0.0,-0.0,0.5599999904632569,0.699999988079071,-0.0,0.0,-0.0,-0.0,0.0,0.0,0.0,0.4485619412921369,-0.0,-0.0,-0.0,0.02,0.0,0.0,0.0,0.0,0.0,0.0,0.3587513267993927,32.29645977303386,32.4,0.7326086850269979,0.0,0.0,0.699999988079071,2.0,3.0,0.0,0.699999988079071,0.0,0.699999988079071,0.0,0.0,0.0,0.0,0.0,0.0,0.0,0.0,0.0,0.0,0.0,0.0,0.0,0.0,0.0,0.0,0.0,0.0,0.0,48.92750930786133,11.426886558532715,48.610069274902344,11.386497497558594,-0.3174400329589844,-0.040389060974121094,0.3199991285800934,-3.0150389579592103,-0.9821323156356812,0.188191220164299,0.0,-55.249114990234375,31.388681411743164,0.0,28.0,28.0,28.0,0.0,1.0,25.0,0.0,0.0,1.0,0.0,1.0,0.0,3.0,0.0,3.04,193.08510003611445,0.6429000059142709,124.16500004474074,60.05510000977665,21.67719998396933,4.0,4.71910007763654,2.8051999397575855,0.6569999968633056,0.000500003807246685
1,327,327,5.201234041430391,0,0,2.0,4.0,1.0,1.0,1.0,1.0,1.0,1.0,1.0,1.0,1.0,1.0,1.0,1.0,1.0,1.0,1.0,1.0,1.0,0.0,0.982594907283783,-0.36618611216545105,1.0,-0.34921061992645264,0.4613780081272125,0.3025054931640625,0.0,0.0005412805476225913,0.86390620470047,-0.5036527514457703,0.0,0.0,0.0,0.0,0.0,0.0,125.83332061767578,25.0,25.0,25.0,25.0,25.0,0.0,1.0,1.0,1.0,0.0,0.0,0.0,0.0,0.0,2.1332582235336304,0.6072372190001606,0.7778473603725433,1.6628912385240575,0.02,-0.0,-0.00033651726698731967,-1.3619978928745457e-05,0.0,0.15,-0.0,0.0,0.0,-0.0,0.0,0.0,0.0,0.0,0.35,0.0,0.0,0.0,0.0,0.0,0.0,0.0,0.0,0.25,-0.0,0.0,0.0,1.1332582235336304,-0.0,0.0,0.0,-0.05,0.5478473603725433,0.36523157358169556,0.2,0.0,-0.0,-0.0,-0.0,0.8,1.0,-0.0,0.0,-0.0,-0.0,0.0,0.0,0.0,0.4575873562460766,-0.04500000178813934,-0.0,-0.09210875968780317,0.02,0.0,0.0,0.0,0.0,0.0,0.0,0.36523157358169556,32.946289649717514,32.4,1.0,0.0,0.0,1.0,2.0,4.0,0.0,1.0,0.0,1.0,0.0,0.0,0.0,0.0,0.0,0.0,0.0,0.0,0.0,0.0,0.0,0.0,0.0,0.0,0.0,0.0,0.0,0.0,0.0,48.61028289794922,11.386733055114746,48.292842864990234,11.346333503723145,-0.3174400329589844,-0.04039955139160156,0.32000046968460083,-3.015006435852902,-0.9819555282592773,0.18911167979240417,0.0,-55.249114990234375,31.388681411743164,0.0,28.0,28.0,28.0,0.0,1.0,25.0,0.0,0.0,1.0,0.0,1.0,0.0,3.0,0.0,3.08,150.50029999110848,0.6896000122651458,131.94340001791716,12.026799959130585,7.845099898986518,4.0,3.5449001006782055,1.680999994277954,0.5832999013364315,0.000300002284348011
1,328,328,5.3175826202565055,0,0,2.0,4.0,1.0,1.0,1.0,1.0,1.0,1.0,1.0,1.0,1.0,1.0,1.0,1.0,1.0,1.0,1.0,1.0,1.0,0.0,0.98148512840271,-0.36915045976638794,1.0,-0.35203754901885986,0.4706612825393677,0.5640884637832642,0.0,0.0005412805476225913,0.8638965487480164,-0.5036693215370178,0.0,0.0,0.0,0.0,0.0,0.0,125.83216094970703,25.0,25.0,25.0,25.0,25.0,0.0,1.0,1.0,1.0,0.0,0.0,0.0,0.0,0.0,2.126681089401245,0.5973244707518441,0.7735770601034164,1.8,0.02,-0.0,-0.00033651726698731967,-1.3619978928745457e-05,0.0,0.15,-0.0,0.0,0.0,-0.0,0.0,0.0,0.0,0.0,0.35,0.0,0.0,0.0,0.0,0.0,0.0,0.0,0.0,0.25,-0.0,-0.00927734375,0.0,1.1266810894012451,-0.0,-0.00115966796875,-0.00115966796875,-0.05,0.5435770601034164,0.36238470673561096,0.2,0.0,-0.0,-0.0,-0.0,0.8,1.0,-0.0,0.0,-0.0,-0.0,0.0,0.0,0.0,0.4476746079977602,-0.0,-0.0,-0.0,0.02,0.0,0.0,0.0,0.0,0.0,0.0,0.36238470673561096,32.232571775838736,32.4,0.0,0.6,0.0,1.0,2.0,4.0,0.0,1.0,0.0,1.0,0.0,0.0,0.0,0.0,0.0,0.0,0.0,0.0,0.0,0.0,0.0,0.0,0.0,0.0,0.0,0.0,0.0,0.0,0.0,48.293067932128906,11.346488952636719,47.97562789916992,11.306081771850586,-0.3174400329589844,-0.04040718078613281,0.32000142335891724,-3.0149827928429467,-0.981776773929596,0.19003808498382568,0.0,-55.249114990234375,31.388681411743164,0.0,28.0,28.0,28.0,0.0,1.0,25.0,0.0,0.0,1.0,0.0,1.0,0.0,3.0,0.0,3.12,165.8899000613019,0.5144000751897693,108.71980001684278,50.00709998421371,17.272999975830317,4.0,3.638700000010431,2.3343999637290835,0.6397999823093414,0.000500003807246685
1,329,329,6.833778702377871,0,0,2.0,4.0,1.0,1.0,1.0,1.0,1.0,1.0,1.0,1.0,1.0,1.0,1.0,1.0,1.0,1.0,1.0,1.0,1.0,0.0,0.9803619980812073,-0.3720954954624176,1.0,-0.35484933853149414,0.46046531200408936,-0.6195467710494995,0.0,-0.0004906753310933709,0.8639072775840759,-0.5036509037017822,0.0,0.0,0.0,0.0,0.0,0.0,125.83277130126953,25.0,25.0,25.0,25.0,25.0,0.0,1.0,1.0,1.0,0.0,0.0,0.0,0.0,0.0,2.1319305896759033,0.6051431409175692,2.3249867397546766,1.7517182320297229,0.02,-0.0,-0.00033651726698731967,-1.3619978928745457e-05,0.0,0.15,-0.0,0.0,0.0,-0.0,0.0,0.0,0.0,0.0,0.35,0.0,0.0,0.0,0.0,0.0,0.0,0.0,0.0,0.25,-0.0,0.00244140625,0.0,1.1319305896759033,-0.0,0.0006103515625,0.0006103515625,1.5,0.5449867397546768,0.36332449316978455,0.2,0.0,-0.0,-0.0,-0.0,0.8,1.0,-0.0,0.0,-0.0,-0.0,0.0,0.0,0.0,0.4554932781634852,-0.0,-0.0,-0.048281767970277216,0.02,0.0,0.0,0.0,0.0,0.0,0.0,0.36332449316978455,32.79551602777094,32.4,1.0,0.0,0.0,1.0,2.0,4.0,0.0,1.0,0.0,1.0,0.0,0.0,0.0,0.0,0.0,0.0,0.0,0.0,0.0,0.0,0.0,0.0,0.0,0.0,0.0,0.0,0.0,0.0,0.0,47.975860595703125,11.306199073791504,47.658424377441406,11.265787124633789,-0.31743621826171875,-0.040411949157714844,0.31999823451042175,-3.014966498598665,-0.9815958738327026,0.1909700632095337,0.0,-55.249114990234375,31.388681411743164,0.0,28.0,28.0,28.0,0.0,1.0,25.0,0.0,0.0,1.0,0.0,1.0,0.0,3.0,0.0,3.16,117.3980999737978,0.5065000150352716,94.06269993633032,14.39230004325509,11.328199994750321,4.0,4.424799932166934,3.257300006225705,0.7308999774977565,0.000500003807246685
1,330,330,5.31203176687464,0,0,2.0,4.0,1.0,1.0,1.0,1.0,1.0,1.0,1.0,1.0,1.0,1.0,1.0,1.0,1.0,1.0,1.0,1.0,1.0,0.0,0.979241669178009,-0.3750481605529785,1.0,-0.35766342282295227,0.4685073792934418,0.4886668920516968,0.0,-0.0004906753310933709,0.8639041185379028,-0.5036563277244568,0.0,0.0,0.0,0.0,0.0,0.0,125.83243560791016,25.0,25.0,25.0,25.0,25.0,0.0,1.0,1.0,1.0,0.0,0.0,0.0,0.0,0.0,2.1262927055358887,0.5949009836743769,0.7708380776643753,1.8,0.02,-0.0,-0.00033651726698731967,-1.3619978928745457e-05,0.0,0.15,-0.0,0.0,0.0,-0.0,0.0,0.0,0.0,0.0,0.35,0.0,0.0,0.0,0.0,0.0,0.0,0.0,0.0,0.25,-0.0,-0.002685546875,0.0,1.1262927055358887,-0.0,-0.000335693359375,-0.000335693359375,-0.05,0.5408380776643753,0.36055871844291687,0.2,0.0,-0.0,-0.0,-0.0,0.8,1.0,-0.0,0.0,-0.0,-0.0,0.0,0.0,0.0,0.445251120920293,-0.0,-0.0,-0.0,0.02,0.0,0.0,0.0,0.0,0.0,0.0,0.36055871844291687,32.058080706261094,32.4,0.0,0.6,0.0,1.0,2.0,4.0,0.0,1.0,0.0,1.0,0.0,0.0,0.0,0.0,0.0,0.0,0.0,0.0,0.0,0.0,0.0,0.0,0.0,0.0,0.0,0.0,0.0,0.0,0.0,47.658660888671875,11.265887260437012,47.341224670410156,11.225471496582031,-0.31743621826171875,-0.04041576385498047,0.31999874114990234,-3.0149546768199253,-0.9814130067825317,0.19190748035907745,0.0,-55.249114990234375,31.388681411743164,0.0,28.0,28.0,28.0,0.0,1.0,25.0,1.0,0.0,1.0,0.0,1.0,0.0,3.0,0.0,3.2,179.59700000938028,0.3912999527528882,118.03929996676743,55.020199972204864,24.07469996251166,4.0,3.0858999816700816,2.510800026357174,0.5184999899938703,0.000300002284348011
1,331,331,5.313378213950086,0,0,2.0,4.0,1.0,1.0,1.0,1.0,1.0,1.0,1.0,1.0,1.0,1.0,1.0,1.0,1.0,1.0,1.0,1.0,1.0,0.0,0.9781105518341064,-0.3779805898666382,1.0,-0.36046087741851807,0.45797258615493774,-0.6401348114013672,0.0,-0.0004409686371218413,0.8639176487922668,-0.5036330819129944,0.0,0.0,0.0,0.0,0.0,0.0,125.83409118652344,25.0,25.0,25.0,25.0,25.0,0.0,1.0,1.0,1.0,0.0,0.0,0.0,0.0,0.0,2.1324139833450317,0.6026016500638051,0.7723034578561783,1.7860591226850715,0.02,-0.0,-0.00033651726698731967,-1.3619978928745457e-05,0.0,0.15,-0.0,0.0,0.0,-0.0,0.0,0.0,0.0,0.0,0.35,0.0,0.0,0.0,0.0,0.0,0.0,0.0,0.0,0.25,-0.0,0.006622314453125,0.0,1.1324139833450317,-0.0,0.00165557861328125,0.00165557861328125,-0.05,0.5423034578561783,0.3615356385707855,0.2,0.0,-0.0,-0.0,-0.0,0.8,1.0,-0.0,0.0,-0.0,-0.0,0.0,0.0,0.0,0.4529517873097211,-0.0,-0.0,-0.013940877314928627,0.02,0.0,0.0,0.0,0.0,0.0,0.0,0.3615356385707855,32.61252868629992,32.4,1.0,0.0,0.0,1.0,2.0,4.0,0.0,1.0,0.0,1.0,0.0,0.0,0.0,0.0,0.0,0.0,0.0,0.0,0.0,0.0,0.0,0.0,0.0,0.0,0.0,0.0,0.0,0.0,0.0,47.341461181640625,11.225564002990723,47.024024963378906,11.18514347076416,-0.31743621826171875,-0.0404205322265625,0.3199993371963501,-3.014939883342635,-0.981228232383728,0.192850261926651,0.0,-55.249114990234375,31.388681411743164,0.0,28.0,28.0,28.0,0.0,1.0,25.0,0.0,0.0,1.0,0.0,1.0,0.0,3.0,0.0,3.24,147.75120001286268,0.44059997890144587,124.5397999882698,15.592899988405406,12.170200003311038,4.0,3.795999917201698,2.591000054962933,0.7598999654874206,0.000400003045797348
1,332,332,3.988612981848344,0,0,2.0,2.0,1.0,1.0,1.0,1.0,1.0,1.0,1.0,1.0,1.0,1.0,1.0,1.0,1.0,1.0,1.0,1.0,1.0,0.0,0.9769846200942993,-0.3809194564819336,1.0,-0.3632587492465973,0.4658932685852051,0.48129165172576904,0.0,-0.0004409686371218413,0.8638928532600403,-0.503675639629364,0.0,0.0,0.0,0.0,0.0,0.0,125.83488464355469,25.0,25.0,25.0,25.0,25.0,0.0,1.0,1.0,1.0,0.0,0.0,0.0,0.0,0.0,2.1270967721939087,0.5928274021669475,0.7161888146400451,0.5324999928474426,0.02,-0.0,-0.00033651726698731967,-1.3619978928745457e-05,0.0,0.15,-0.0,0.0,0.0,-0.0,0.0,0.0,0.0,0.0,0.35,0.0,0.0,0.0,0.0,0.0,0.0,0.0,0.0,0.25,-0.0,0.003173828125,0.0,1.1270967721939087,-0.0,0.00079345703125,0.00079345703125,-0.05,0.5381888151168823,0.3587925434112549,0.2,0.0,-0.0,-0.0,-0.0,0.27999999523162844,0.3499999940395355,-0.0,0.0,-0.0,-0.0,0.0,0.0,0.0,0.4431775394128636,-0.09749999642372131,-0.0,-0.0,0.02,0.0,0.0,0.0,0.0,0.0,0.0,0.3587925434112549,31.908782837726175,32.4,0.0,0.6,0.0,0.3499999940395355,2.0,2.0,0.0,0.3499999940395355,0.0,0.3499999940395355,0.0,0.0,0.0,0.0,0.0,0.0,0.0,0.0,0.0,0.0,0.0,0.0,0.0,0.0,0.0,0.0,0.0,0.0,0.0,47.024261474609375,11.185233116149902,46.706825256347656,11.144808769226074,-0.31743621826171875,-0.040424346923828125,0.3199998140335083,-3.014928069366736,-0.9810413718223572,0.19379842281341553,0.0,-55.249114990234375,31.388681411743164,0.0,28.0,28.0,28.0,0.0,1.0,25.0,0.0,0.0,1.0,0.0,1.0,0.0,3.0,0.0,3.28,187.79609992634505,0.7225999142974615,109.80139998719096,68.02210002206266,41.42129991669208,4.0,4.948299960233271,3.4898000303655863,0.7755999686196446,0.000600004568696022
1,333,333,4.698046046649031,0,0,2.0,3.0,1.0,1.0,1.0,1.0,1.0,1.0,1.0,1.0,1.0,1.0,1.0,1.0,1.0,1.0,1.0,1.0,1.0,0.0,0.975848913192749,-0.38383761048316956,1.0,-0.36603930592536926,0.45583975315093994,-0.6108905076980591,0.0,5.909489846089855e-05,0.8638906478881836,-0.5036793947219849,0.0,0.0,0.0,0.0,0.0,0.0,125.83656311035156,25.0,25.0,25.0,25.0,25.0,0.0,1.0,1.0,1.0,0.0,0.0,0.0,0.0,0.0,2.1287761926651,0.5979715453134102,0.7437983292341233,1.2074999794363976,0.02,-0.0,-0.00033651726698731967,-1.3619978928745457e-05,0.0,0.15,-0.0,0.0,0.0,-0.0,0.0,0.0,0.0,0.0,0.35,0.0,0.0,0.0,0.0,0.0,0.0,0.0,0.0,0.25,-0.0,0.0067138671875,0.0,1.1287761926651,-0.0,0.001678466796875,0.001678466796875,-0.05,0.5377983301877975,0.35853222012519836,0.2,0.0,-0.0,-0.0,-0.0,0.5599999904632569,0.699999988079071,-0.0,0.0,-0.0,-0.0,0.0,0.0,0.0,0.4483216825593263,-0.052499999105930326,-0.0,-0.0,0.02,0.0,0.0,0.0,0.0,0.0,0.0,0.35853222012519836,32.27916114427149,32.4,0.7326086850269979,0.0,0.0,0.699999988079071,2.0,3.0,0.0,0.699999988079071,0.0,0.699999988079071,0.0,0.0,0.0,0.0,0.0,0.0,0.0,0.0,0.0,0.0,0.0,0.0,0.0,0.0,0.0,0.0,0.0,0.0,0.0,46.707061767578125,11.144896507263184,46.389625549316406,11.104467391967773,-0.31743621826171875,-0.040429115295410156,0.32000041007995605,-3.0149132906729994,-0.9808525443077087,0.19475199282169342,0.0,-55.249114990234375,31.388681411743164,0.0,28.0,28.0,28.0,0.0,1.0,25.0,0.0,0.0,1.0,0.0,1.0,0.0,3.0,0.0,3.32,178.21839998941869,0.7775999838486314,129.4796000001952,39.486699970439076,21.72729989979416,4.0,4.4142999686300755,3.1786999898031354,0.8354999590665102,0.000600004568696022
1,334,334,5.222915574588837,0,0,2.0,4.0,1.0,1.0,1.0,1.0,1.0,1.0,1.0,1.0,1.0,1.0,1.0,1.0,1.0,1.0,1.0,1.0,1.0,0.0,0.9747116565704346,-0.38675418496131897,1.0,-0.36881574988365173,0.46113088726997375,0.3215089440345764,0.0,0.0002740005438681692,0.8638708591461182,-0.5037133693695068,0.0,0.0,0.0,0.0,0.0,0.0,125.8443832397461,25.0,25.0,25.0,25.0,25.0,0.0,1.0,1.0,1.0,0.0,0.0,0.0,0.0,0.0,2.151545763015747,0.6070773939554764,0.7775615710020065,1.666730846615608,0.02,-0.0,-0.00033651726698731967,-1.3619978928745457e-05,0.0,0.15,-0.0,0.0,0.0,-0.0,0.0,0.0,0.0,0.0,0.35,0.0,0.0,0.0,0.0,0.0,0.0,0.0,0.0,0.25,-0.0,0.031280517578125,0.0,1.151545763015747,-0.0,0.00782012939453125,0.00782012939453125,-0.05,0.5475615710020065,0.365041047334671,0.2,0.0,-0.0,-0.0,-0.0,0.8,1.0,-0.0,0.0,-0.0,-0.0,0.0,0.0,0.0,0.45742753120139246,-0.04500000178813934,-0.0,-0.0882691515962525,0.02,0.0,0.0,0.0,0.0,0.0,0.0,0.365041047334671,32.934782246500255,32.4,1.0,0.0,0.0,1.0,2.0,4.0,0.0,1.0,0.0,1.0,0.0,0.0,0.0,0.0,0.0,0.0,0.0,0.0,0.0,0.0,0.0,0.0,0.0,0.0,0.0,0.0,0.0,0.0,0.0,46.389862060546875,11.104554176330566,46.072425842285156,11.064120292663574,-0.31743621826171875,-0.04043388366699219,0.3200010061264038,-3.0148985119798404,-0.9806616902351379,0.19571098685264587,0.0,-55.249114990234375,31.388681411743164,0.0,28.0,28.0,28.0,0.0,1.0,25.0,0.0,0.0,1.0,0.0,1.0,0.0,3.0,0.0,3.36,225.28020001482219,0.6156000308692455,134.5382999861613,77.27729994803667,52.14379995595664,4.0,6.789600010961294,4.060600069351494,1.9354999531060457,0.000500003807246685
1,335,335,5.335565385175793,0,0,2.0,4.0,1.0,1.0,1.0,1.0,1.0,1.0,1.0,1.0,1.0,1.0,1.0,1.0,1.0,1.0,1.0,1.0,1.0,0.0,0.9736005067825317,-0.3897183835506439,1.0,-0.371619313955307,0.47049689292907715,0.5691155195236206,0.0,0.0002740005438681692,0.8638617992401123,-0.5037288665771484,0.0,0.0,0.0,0.0,0.0,0.0,125.85102081298828,25.0,25.0,25.0,25.0,25.0,0.0,1.0,1.0,1.0,0.0,0.0,0.0,0.0,0.0,2.1449062824249268,0.5973530351649223,0.7733060675859451,1.8,0.02,-0.0,-0.00033651726698731967,-1.3619978928745457e-05,0.0,0.15,-0.0,0.0,0.0,-0.0,0.0,0.0,0.0,0.0,0.35,0.0,0.0,0.0,0.0,0.0,0.0,0.0,0.0,0.25,-0.0,0.02655029296875,0.0,1.1449062824249268,-0.0,0.0066375732421875,0.0066375732421875,-0.05,0.5433060675859451,0.36220404505729675,0.2,0.0,-0.0,-0.0,-0.0,0.8,1.0,-0.0,0.0,-0.0,-0.0,0.0,0.0,0.0,0.44770317241083835,-0.0,-0.0,-0.0,0.02,0.0,0.0,0.0,0.0,0.0,0.0,0.36220404505729675,32.23462841358036,32.4,0.0,0.6,0.0,1.0,2.0,4.0,0.0,1.0,0.0,1.0,0.0,0.0,0.0,0.0,0.0,0.0,0.0,0.0,0.0,0.0,0.0,0.0,0.0,0.0,0.0,0.0,0.0,0.0,0.0,46.072662353515625,11.064207077026367,45.755226135253906,11.023768424987793,-0.31743621826171875,-0.04043865203857422,0.32000160217285156,-3.014883718505567,-0.9804686307907104,0.19667549431324005,0.0,-55.249114990234375,31.388681411743164,0.0,28.0,28.0,28.0,0.0,1.0,25.0,0.0,0.0,1.0,0.0,1.0,0.0,3.0,0.0,3.4,199.26310004666448,0.5948999896645546,142.49400002881885,49.01640000753105,21.412000060081482,4.0,4.317700047977269,1.8680000212043524,0.9252000600099564,0.000500003807246685
1,336,336,4.7220251537460625,0,0,2.0,3.0,1.0,1.0,1.0,1.0,1.0,1.0,1.0,1.0,1.0,1.0,1.0,1.0,1.0,1.0,1.0,1.0,1.0,0.0,0.9724763631820679,-0.39266282320022583,1.0,-0.37440726161003113,0.4604946970939636,-0.6077724099159241,0.0,-0.0005374562460929155,0.8638796210289001,-0.5036982893943787,0.0,0.0,0.0,0.0,0.0,0.0,125.85848236083984,25.0,25.0,25.0,25.0,25.0,0.0,1.0,1.0,1.0,0.0,0.0,0.0,0.0,0.0,2.1462899446487427,0.6021830411720274,0.7488193798065186,1.204732788118774,0.02,-0.0,-0.00033651726698731967,-1.3619978928745457e-05,0.0,0.15,-0.0,0.0,0.0,-0.0,0.0,0.0,0.0,0.0,0.35,0.0,0.0,0.0,0.0,0.0,0.0,0.0,0.0,0.25,-0.0,0.02984619140625,0.0,1.1462899446487427,-0.0,0.0074615478515625,0.0074615478515625,-0.05,0.5428193807601929,0.3618795871734619,0.2,0.0,-0.0,-0.0,-0.0,0.5599999904632569,0.699999988079071,-0.0,0.0,-0.0,-0.0,0.0,0.0,0.0,0.4525331784179434,-0.04500000178813934,-0.0,-0.010267188635414622,0.02,0.0,0.0,0.0,0.0,0.0,0.0,0.3618795871734619,32.58238884609192,32.4,0.7326086850269979,0.0,0.0,0.699999988079071,2.0,3.0,0.0,0.699999988079071,0.0,0.699999988079071,0.0,0.0,0.0,0.0,0.0,0.0,0.0,0.0,0.0,0.0,0.0,0.0,0.0,0.0,0.0,0.0,0.0,0.0,0.0,45.755462646484375,11.023855209350586,45.43803024291992,10.983410835266113,-0.3174324035644531,-0.040444374084472656,0.319998562335968,-3.0148644815740573,-0.9802735447883606,0.19764550030231476,0.0,-55.249114990234375,31.388681411743164,0.0,28.0,28.0,28.0,0.0,1.0,25.0,0.0,0.0,1.0,0.0,1.0,0.0,3.0,0.0,3.44,170.98390008322895,0.6693999748677015,114.5955000538379,49.71499997191131,32.75769995525479,4.0,3.7110999692231417,1.7291000112891197,0.5284000653773546,0.000400003045797348
1,337,337,5.272806506790146,0,0,2.0,4.0,1.0,1.0,1.0,1.0,1.0,1.0,1.0,1.0,1.0,1.0,1.0,1.0,1.0,1.0,1.0,1.0,1.0,0.0,0.9713502526283264,-0.3956054151058197,1.0,-0.3771906793117523,0.46546268463134766,0.30187538266181946,0.0,-0.0005374562460929155,0.8638759851455688,-0.5037045478820801,0.0,0.0,0.0,0.0,0.0,0.0,125.8534164428711,25.0,25.0,25.0,25.0,25.0,0.0,1.0,1.0,1.0,0.0,0.0,0.0,0.0,0.0,2.1379966735839844,0.5923196012153474,0.7674902337789535,1.7549999982118607,0.02,-0.0,-0.00033651726698731967,-1.3619978928745457e-05,0.0,0.15,-0.0,0.0,0.0,-0.0,0.0,0.0,0.0,0.0,0.35,0.0,0.0,0.0,0.0,0.0,0.0,0.0,0.0,0.25,-0.0,-0.04052734375,0.0,1.1379966735839844,-0.0,-0.00506591796875,-0.00506591796875,-0.05,0.5374902337789536,0.35832682251930237,0.2,0.0,-0.0,-0.0,-0.0,0.8,1.0,-0.0,0.0,-0.0,-0.0,0.0,0.0,0.0,0.4426697384612635,-0.04500000178813934,-0.0,-0.0,0.02,0.0,0.0,0.0,0.0,0.0,0.0,0.35832682251930237,31.872221169210974,32.4,0.0,0.6,0.0,1.0,2.0,4.0,0.0,1.0,0.0,1.0,0.0,0.0,0.0,0.0,0.0,0.0,0.0,0.0,0.0,0.0,0.0,0.0,0.0,0.0,0.0,0.0,0.0,0.0,0.0,45.43826675415039,10.983497619628906,45.118709564208984,10.966683387756348,-0.31955718994140625,-0.016814231872558594,0.31999924778938293,-3.089023845407094,-0.9800763726234436,0.19862110912799835,0.0,-55.249114990234375,31.388681411743164,0.0,28.0,28.0,28.0,0.0,1.0,24.0,0.0,0.0,1.0,0.0,1.0,0.0,3.0,0.0,3.48,188.63540003076196,0.3999000182375312,133.941899985075,47.850799979642034,22.604999947361648,4.0,3.601199947297573,2.167200087569654,0.6474999245256186,0.000400003045797348
1,338,338,4.715239793388098,0,0,2.0,3.0,1.0,1.0,1.0,1.0,1.0,1.0,1.0,1.0,1.0,1.0,1.0,1.0,1.0,1.0,1.0,1.0,1.0,0.0,0.9701929688453674,-0.39832380414009094,1.0,-0.3797978460788727,0.4553174376487732,-0.6164649724960327,0.0,-0.00029571857885457575,0.863883912563324,-0.5036909580230713,0.0,0.0,0.0,0.0,0.0,0.0,125.84922790527344,25.0,25.0,25.0,25.0,25.0,0.0,1.0,1.0,1.0,0.0,0.0,0.0,0.0,0.0,2.139904499053955,0.5972668621222673,0.7430684554576874,1.2149999767541886,0.02,-0.0,-0.00033651726698731967,-1.3619978928745457e-05,0.0,0.15,-0.0,0.0,0.0,-0.0,0.0,0.0,0.0,0.0,0.35,0.0,0.0,0.0,0.0,0.0,0.0,0.0,0.0,0.25,-0.0,-0.03350830078125,0.0,1.139904499053955,-0.0,-0.00418853759765625,-0.00418853759765625,-0.05,0.5370684564113617,0.35804563760757446,0.2,0.0,-0.0,-0.0,-0.0,0.5599999904632569,0.699999988079071,-0.0,0.0,-0.0,-0.0,0.0,0.0,0.0,0.44761699936818333,-0.04500000178813934,-0.0,-0.0,0.02,0.0,0.0,0.0,0.0,0.0,0.0,0.35804563760757446,32.2284239545092,32.4,0.7326086850269979,0.0,0.0,0.699999988079071,2.0,3.0,0.0,0.699999988079071,0.0,0.699999988079071,0.0,0.0,0.0,0.0,0.0,0.0,0.0,0.0,0.0,0.0,0.0,0.0,0.0,0.0,0.0,0.0,0.0,0.0,0.0,45.118961334228516,10.96686840057373,44.79940414428711,10.950045585632324,-0.31955718994140625,-0.01682281494140625,0.31999969482421875,-3.0889970627387298,-0.9799214005470276,0.19938385486602783,0.0,-55.249114990234375,31.388681411743164,0.0,28.0,28.0,28.0,0.0,1.0,24.0,0.0,0.0,1.0,0.0,1.0,0.0,3.0,0.0,3.52,170.27850006707013,0.5109000485390425,116.94889992941171,44.52810005750507,27.08400005940348,4.0,4.902999964542687,2.450500032864511,0.902600004337728,0.000600004568696022
1,339,339,4.768599953161935,0,0,2.0,3.0,1.0,1.0,1.0,1.0,1.0,1.0,1.0,1.0,1.0,1.0,1.0,1.0,1.0,1.0,1.0,1.0,1.0,0.0,0.9690355658531189,-0.4010400176048279,1.0,-0.3824004530906677,0.4604060649871826,0.3092038035392761,0.0,-0.00029571857885457575,0.8638654351234436,-0.503722608089447,0.0,0.0,0.0,0.0,0.0,0.0,125.85031127929688,25.0,25.0,25.0,25.0,25.0,0.0,1.0,1.0,1.0,0.0,0.0,0.0,0.0,0.0,2.1593871116638184,0.6036306664346902,0.7509370732307434,1.2346451018326834,0.02,-0.0,-0.00033651726698731967,-1.3619978928745457e-05,0.0,0.15,-0.0,0.0,0.0,-0.0,0.0,0.0,0.0,0.0,0.35,0.0,0.0,0.0,0.0,0.0,0.0,0.0,0.0,0.25,-0.0,0.00433349609375,0.0,1.1593871116638184,-0.0,0.0010833740234375,0.0010833740234375,-0.05,0.5449370741844177,0.3632913827896118,0.2,0.0,-0.0,-0.0,-0.0,0.5599999904632569,0.699999988079071,-0.0,0.0,-0.0,-0.0,0.0,0.0,0.0,0.4539808036806062,-0.0,-0.0,-0.025354876709644644,0.02,0.0,0.0,0.0,0.0,0.0,0.0,0.3632913827896118,32.68661786500365,32.4,0.7326086850269979,0.0,0.0,0.699999988079071,2.0,3.0,0.0,0.699999988079071,0.0,0.699999988079071,0.0,0.0,0.0,0.0,0.0,0.0,0.0,0.0,0.0,0.0,0.0,0.0,0.0,0.0,0.0,0.0,0.0,0.0,0.0,44.799644470214844,10.95018196105957,44.48008728027344,10.93335247039795,-0.31955718994140625,-0.016829490661621094,0.3200000524520874,-3.088976226226038,-0.9797649383544922,0.20015165209770203,0.0,-55.249114990234375,31.388681411743164,0.0,28.0,28.0,28.0,0.0,1.0,24.0,0.0,0.0,1.0,0.0,1.0,0.0,3.0,0.0,3.56,194.4138000253588,0.7376000285148621,136.48459990508854,48.40359999798238,37.35630004666746,4.0,5.151000106707215,2.9097999213263392,0.6937000434845686,0.000500003807246685
1,340,340,4.769826177111752,0,0,2.0,3.0,1.0,1.0,1.0,1.0,1.0,1.0,1.0,1.0,1.0,1.0,1.0,1.0,1.0,1.0,1.0,1.0,1.0,0.0,0.9679011106491089,-0.40379390120506287,1.0,-0.3850230276584625,0.4669516980648041,0.3977377712726593,0.0,0.00046439518337137997,0.8638488054275513,-0.5037511587142944,0.0,0.0,0.0,0.0,0.0,0.0,125.84949493408203,25.0,25.0,25.0,25.0,25.0,0.0,1.0,1.0,1.0,0.0,0.0,0.0,0.0,0.0,2.1501548290252686,0.5941654119407012,0.7455059576034546,1.259999978542328,0.02,-0.0,-0.00033651726698731967,-1.3619978928745457e-05,0.0,0.15,-0.0,0.0,0.0,-0.0,0.0,0.0,0.0,0.0,0.35,0.0,0.0,0.0,0.0,0.0,0.0,0.0,0.0,0.25,-0.0,-0.00653076171875,0.0,1.1501548290252686,-0.0,-0.00081634521484375,-0.00081634521484375,-0.05,0.5395059585571289,0.35967063903808594,0.2,0.0,-0.0,-0.0,-0.0,0.5599999904632569,0.699999988079071,-0.0,0.0,-0.0,-0.0,0.0,0.0,0.0,0.4445155491866172,-0.0,-0.0,-0.0,0.02,0.0,0.0,0.0,0.0,0.0,0.0,0.35967063903808594,32.005119541436436,32.4,0.0,0.6,0.0,0.699999988079071,2.0,3.0,0.0,0.699999988079071,0.0,0.699999988079071,0.0,0.0,0.0,0.0,0.0,0.0,0.0,0.0,0.0,0.0,0.0,0.0,0.0,0.0,0.0,0.0,0.0,0.0,0.0,44.48033142089844,10.933450698852539,44.16077423095703,10.916616439819336,-0.31955718994140625,-0.016834259033203125,0.3200002908706665,-3.0889613489920507,-0.9796067476272583,0.20092442631721497,0.0,-55.249114990234375,31.388681411743164,0.0,28.0,28.0,28.0,0.0,1.0,24.0,0.0,0.0,1.0,0.0,1.0,0.0,3.0,0.0,3.6,173.3820999506861,0.4936999175697565,98.36450009606779,67.4505999777466,40.302000008523464,4.0,3.9268999826163054,2.5314000668004155,0.5723999347537756,0.000500003807246685
1,341,341,5.604950238671079,0,0,2.0,2.0,1.0,1.0,1.0,1.0,1.0,1.0,1.0,1.0,1.0,1.0,1.0,1.0,1.0,1.0,1.0,1.0,1.0,0.0,0.9667510390281677,-0.40652209520339966,1.0,-0.38762688636779785,0.4572159945964813,-0.5915784239768982,0.0,-5.7265922805527225e-05,0.8638505935668945,-0.5037480592727661,0.0,0.0,0.0,0.0,0.0,0.0,125.84813690185547,25.0,25.0,25.0,25.0,25.0,0.0,1.0,1.0,1.0,0.0,0.0,0.0,0.0,0.0,2.146386981010437,0.5961908363363889,2.2648724311590196,0.5774999901652337,0.02,-0.0,-0.00033651726698731967,-1.3619978928745457e-05,0.0,0.15,-0.0,0.0,0.0,-0.0,0.0,0.0,0.0,0.0,0.35,0.0,0.0,0.0,0.0,0.0,0.0,0.0,0.0,0.25,-0.0,-0.0108642578125,0.0,1.146386981010437,-0.0,-0.0013580322265625,-0.0013580322265625,1.5,0.5368724316358566,0.3579149544239044,0.2,0.0,-0.0,-0.0,-0.0,0.27999999523162844,0.3499999940395355,-0.0,0.0,-0.0,-0.0,0.0,0.0,0.0,0.446540973582305,-0.052499999105930326,-0.0,-0.0,0.02,0.0,0.0,0.0,0.0,0.0,0.0,0.3579149544239044,32.15095009792596,23.26086922832157,0.4206521686004555,0.0,0.0,0.3499999940395355,2.0,2.0,0.0,0.3499999940395355,0.0,0.3499999940395355,0.0,0.0,0.0,0.0,0.0,0.0,0.0,0.0,0.0,0.0,0.0,0.0,0.0,0.0,0.0,0.0,0.0,0.0,0.0,44.16101837158203,10.916698455810547,43.841461181640625,10.899860382080078,-0.31955718994140625,-0.01683807373046875,0.3200004994869232,-3.0889494435594695,-0.9794469475746155,0.20170198380947113,0.0,-55.249114990234375,31.388681411743164,0.0,28.0,28.0,28.0,0.0,1.0,24.0,0.0,0.0,1.0,0.0,1.0,0.0,3.0,0.0,3.64,137.30500009842217,0.5003000842407346,119.5192999439314,11.237099999561906,7.848300039768219,4.0,3.0199000611901283,2.4094999535009265,0.5870000459253788,0.000500003807246685
1,342,342,5.225860744556655,0,0,2.0,4.0,1.0,1.0,1.0,1.0,1.0,1.0,1.0,1.0,1.0,1.0,1.0,1.0,1.0,1.0,1.0,1.0,1.0,0.0,0.9655918478965759,-0.4092387557029724,1.0,-0.390221506357193,0.4592992961406708,0.12658903002738953,0.0,-5.7265922805527225e-05,0.8638466000556946,-0.5037549734115601,0.0,0.0,0.0,0.0,0.0,0.0,125.8521728515625,25.0,25.0,25.0,25.0,25.0,0.0,1.0,1.0,1.0,0.0,0.0,0.0,0.0,0.0,2.16640841960907,0.6048429546504467,0.775258492231369,1.6593508780657706,0.02,-0.0,-0.00033651726698731967,-1.3619978928745457e-05,0.0,0.15,-0.0,0.0,0.0,-0.0,0.0,0.0,0.0,0.0,0.35,0.0,0.0,0.0,0.0,0.0,0.0,0.0,0.0,0.25,-0.0,0.016143798828125,0.0,1.1664084196090698,-0.0,0.00403594970703125,0.00403594970703125,-0.05,0.545258492231369,0.36350566148757935,0.2,0.0,-0.0,-0.0,-0.0,0.8,1.0,-0.0,0.0,-0.0,-0.0,0.0,0.0,0.0,0.4551930918963627,-0.09749999642372131,-0.0,-0.04314912551050798,0.02,0.0,0.0,0.0,0.0,0.0,0.0,0.36350566148757935,32.77390261653811,32.4,1.0,0.0,0.0,1.0,2.0,4.0,0.0,1.0,0.0,1.0,0.0,0.0,0.0,0.0,0.0,0.0,0.0,0.0,0.0,0.0,0.0,0.0,0.0,0.0,0.0,0.0,0.0,0.0,0.0,43.841705322265625,10.899934768676758,43.52214813232422,10.883092880249023,-0.31955718994140625,-0.016841888427734375,0.32000070810317993,-3.0889375381261917,-0.9792855381965637,0.20248427987098694,0.0,-55.249114990234375,31.388681411743164,0.0,28.0,28.0,28.0,0.0,1.0,24.0,0.0,0.0,1.0,0.0,1.0,0.0,3.0,0.0,3.68,186.28559994976968,0.5737999454140663,128.43360006809235,48.512800014577806,17.792799975723028,4.0,4.494900000281632,3.4009000519290566,0.8351999567821622,0.000500003807246685
1,343,343,5.346290288860835,0,0,2.0,4.0,1.0,1.0,1.0,1.0,1.0,1.0,1.0,1.0,1.0,1.0,1.0,1.0,1.0,1.0,1.0,1.0,1.0,0.0,0.9644550681114197,-0.41199633479118347,1.0,-0.39283832907676697,0.46819859743118286,0.540757417678833,0.0,0.0001594253262737766,0.863838255405426,-0.5037692785263062,0.0,0.0,0.0,0.0,0.0,0.0,125.85501098632812,25.0,25.0,25.0,25.0,25.0,0.0,1.0,1.0,1.0,0.0,0.0,0.0,0.0,0.0,2.1599748134613037,0.595309357340373,0.7710061180591583,1.8,0.02,-0.0,-0.00033651726698731967,-1.3619978928745457e-05,0.0,0.15,-0.0,0.0,0.0,-0.0,0.0,0.0,0.0,0.0,0.35,0.0,0.0,0.0,0.0,0.0,0.0,0.0,0.0,0.25,-0.0,0.0113525390625,0.0,1.1599748134613037,-0.0,0.002838134765625,0.002838134765625,-0.05,0.5410061180591583,0.3606707453727722,0.2,0.0,-0.0,-0.0,-0.0,0.8,1.0,-0.0,0.0,-0.0,-0.0,0.0,0.0,0.0,0.44565949458628906,-0.0,-0.0,-0.0,0.02,0.0,0.0,0.0,0.0,0.0,0.0,0.3606707453727722,32.08748361021281,32.4,0.0,0.6,0.0,1.0,2.0,4.0,0.0,1.0,0.0,1.0,0.0,0.0,0.0,0.0,0.0,0.0,0.0,0.0,0.0,0.0,0.0,0.0,0.0,0.0,0.0,0.0,0.0,0.0,0.0,43.52239227294922,10.883164405822754,43.20283508300781,10.866318702697754,-0.31955718994140625,-0.016845703125,0.32000091671943665,-3.0889256326922214,-0.9791224002838135,0.20327128469944,0.0,-55.249114990234375,31.388681411743164,0.0,28.0,28.0,28.0,0.0,1.0,24.0,0.0,0.0,1.0,0.0,1.0,0.0,3.0,0.0,3.72,169.4001000141725,0.7200000109151006,146.37010009028018,16.322600073181093,11.290299938991666,4.0,3.516299999319017,1.8727999413385987,0.5670000100508332,0.000500003807246685
1,344,344,5.3440003628153345,0,0,2.0,4.0,1.0,1.0,1.0,1.0,1.0,1.0,1.0,1.0,1.0,1.0,1.0,1.0,1.0,1.0,1.0,1.0,1.0,0.0,0.9633071422576904,-0.4147331118583679,1.0,-0.3954389691352844,0.4583926200866699,-0.5958498120307922,0.0,0.0001594253262737766,0.8638513088226318,-0.5037469267845154,0.0,0.0,0.0,0.0,0.0,0.0,125.85968017578125,25.0,25.0,25.0,25.0,25.0,0.0,1.0,1.0,1.0,0.0,0.0,0.0,0.0,0.0,2.1656746864318848,0.602908950657509,0.7724113720655441,1.7830053536603976,0.02,-0.0,-0.00033651726698731967,-1.3619978928745457e-05,0.0,0.15,-0.0,0.0,0.0,-0.0,0.0,0.0,0.0,0.0,0.35,0.0,0.0,0.0,0.0,0.0,0.0,0.0,0.0,0.25,-0.0,0.0186767578125,0.0,1.1656746864318848,-0.0,0.004669189453125,0.004669189453125,-0.05,0.5424113720655441,0.3616075813770294,0.2,0.0,-0.0,-0.0,-0.0,0.8,1.0,-0.0,0.0,-0.0,-0.0,0.0,0.0,0.0,0.45325908790342506,-0.0,-0.0,-0.016994646339602505,0.02,0.0,0.0,0.0,0.0,0.0,0.0,0.3616075813770294,32.634654329046604,32.4,1.0,0.0,0.0,1.0,2.0,4.0,0.0,1.0,0.0,1.0,0.0,0.0,0.0,0.0,0.0,0.0,0.0,0.0,0.0,0.0,0.0,0.0,0.0,0.0,0.0,0.0,0.0,0.0,0.0,43.20307922363281,10.866388320922852,42.883522033691406,10.849538803100586,-0.31955718994140625,-0.016849517822265625,0.32000109553337097,-3.088913729814352,-0.9789577126502991,0.2040630728006363,0.0,-55.249114990234375,31.388681411743164,0.0,28.0,28.0,28.0,0.0,1.0,24.0,0.0,0.0,1.0,0.0,1.0,0.0,3.0,0.0,3.76,186.9357000105083,0.44159998651593924,122.12740001268685,54.7618999844417,33.26219995506108,4.0,6.026300019584596,2.7234998997300863,0.8217000868171453,0.000500003807246685
1,345,345,5.340973142026849,0,0,2.0,4.0,1.0,1.0,1.0,1.0,1.0,1.0,1.0,1.0,1.0,1.0,1.0,1.0,1.0,1.0,1.0,1.0,1.0,0.0,0.9621638655662537,-0.41747626662254333,1.0,-0.39803972840309143,0.466209352016449,0.4749745726585388,0.0,0.0008053303463384509,0.863823652267456,-0.503794252872467,0.0,0.0,0.0,0.0,0.0,0.0,125.86328887939453,25.0,25.0,25.0,25.0,25.0,0.0,1.0,1.0,1.0,0.0,0.0,0.0,0.0,0.0,2.159814715385437,0.5928896816958859,0.7682687449455261,1.8,0.02,-0.0,-0.00033651726698731967,-1.3619978928745457e-05,0.0,0.15,-0.0,0.0,0.0,-0.0,0.0,0.0,0.0,0.0,0.35,0.0,0.0,0.0,0.0,0.0,0.0,0.0,0.0,0.25,-0.0,0.014434814453125,0.0,1.159814715385437,-0.0,0.00360870361328125,0.00360870361328125,-0.05,0.5382687449455261,0.3588458299636841,0.2,0.0,-0.0,-0.0,-0.0,0.8,1.0,-0.0,0.0,-0.0,-0.0,0.0,0.0,0.0,0.44323981894180187,-0.0,-0.0,-0.0,0.02,0.0,0.0,0.0,0.0,0.0,0.0,0.3588458299636841,31.913266963809733,32.4,0.0,0.6,0.0,1.0,2.0,4.0,0.0,1.0,0.0,1.0,0.0,0.0,0.0,0.0,0.0,0.0,0.0,0.0,0.0,0.0,0.0,0.0,0.0,0.0,0.0,0.0,0.0,0.0,0.0,42.883766174316406,10.849607467651367,42.564208984375,10.832754135131836,-0.31955718994140625,-0.01685333251953125,0.3200013041496277,-3.088901828100546,-0.9787912964820862,0.2048596441745758,0.0,-55.249114990234375,31.388681411743164,0.0,28.0,28.0,28.0,0.0,1.0,24.0,0.0,0.0,1.0,0.0,1.0,0.0,3.0,0.0,3.8,169.5468999678269,0.7488999981433153,140.99620003253222,16.67539996560663,12.928100069984794,4.0,7.341500022448599,3.0059999553486705,0.748799997381866,0.000600004568696022
1,346,346,4.737904611360206,0,0,2.0,3.0,1.0,1.0,1.0,1.0,1.0,1.0,1.0,1.0,1.0,1.0,1.0,1.0,1.0,1.0,1.0,1.0,1.0,0.0,0.9610109925270081,-0.4201984405517578,1.0,-0.4006236791610718,0.4559038281440735,-0.6262043118476868,0.0,0.0008053303463384509,0.8638210892677307,-0.5037986636161804,0.0,0.0,0.0,0.0,0.0,0.0,125.86764526367188,25.0,25.0,25.0,25.0,25.0,0.0,1.0,1.0,1.0,0.0,0.0,0.0,0.0,0.0,2.1611530780792236,0.5979178221336751,0.7438337343931198,1.2149999767541886,0.02,-0.0,-0.00033651726698731967,-1.3619978928745457e-05,0.0,0.15,-0.0,0.0,0.0,-0.0,0.0,0.0,0.0,0.0,0.35,0.0,0.0,0.0,0.0,0.0,0.0,0.0,0.0,0.25,-0.0,0.017425537109375,0.0,1.1611530780792236,-0.0,0.00435638427734375,0.00435638427734375,-0.05,0.5378337353467941,0.3585558235645294,0.2,0.0,-0.0,-0.0,-0.0,0.5599999904632569,0.699999988079071,-0.0,0.0,-0.0,-0.0,0.0,0.0,0.0,0.4482679593795911,-0.04500000178813934,-0.0,-0.0,0.02,0.0,0.0,0.0,0.0,0.0,0.0,0.3585558235645294,32.27529307533055,32.4,0.7326086850269979,0.0,0.0,0.699999988079071,2.0,3.0,0.0,0.699999988079071,0.0,0.699999988079071,0.0,0.0,0.0,0.0,0.0,0.0,0.0,0.0,0.0,0.0,0.0,0.0,0.0,0.0,0.0,0.0,0.0,0.0,0.0,42.564453125,10.832822799682617,42.244895935058594,10.815964698791504,-0.31955718994140625,-0.01685810089111328,0.3200015425682068,-3.0888869440120668,-0.9786233305931091,0.20566105842590332,0.0,-55.249114990234375,31.388681411743164,0.0,28.0,28.0,28.0,0.0,1.0,24.0,1.0,0.0,1.0,0.0,1.0,0.0,3.0,0.0,3.84,161.0596999526024,0.7252999348565936,100.20750004332513,52.04760003834963,31.196400057524443,4.0,5.144600057974458,2.4154999991878867,0.49539993051439524,0.000400003045797348
1,347,347,5.25619924442535,0,0,2.0,4.0,1.0,1.0,1.0,1.0,1.0,1.0,1.0,1.0,1.0,1.0,1.0,1.0,1.0,1.0,1.0,1.0,1.0,0.0,0.9598566293716431,-0.4229187071323395,1.0,-0.4032032787799835,0.4610756039619446,0.31425878405570984,0.0,0.0006001918227411807,0.8637989163398743,-0.5038367509841919,0.0,0.0,0.0,0.0,0.0,0.0,125.87818908691406,25.0,25.0,25.0,25.0,25.0,0.0,1.0,1.0,1.0,0.0,0.0,0.0,0.0,0.0,2.1843411922454834,0.6070570044870672,0.7775862473249435,1.6672148003678564,0.02,-0.0,-0.00033651726698731967,-1.3619978928745457e-05,0.0,0.15,-0.0,0.0,0.0,-0.0,0.0,0.0,0.0,0.0,0.35,0.0,0.0,0.0,0.0,0.0,0.0,0.0,0.0,0.25,-0.0,0.04217529296875,0.0,1.1843411922454834,-0.0,0.0105438232421875,0.0105438232421875,-0.05,0.5475862473249435,0.36505749821662903,0.2,0.0,-0.0,-0.0,-0.0,0.8,1.0,-0.0,0.0,-0.0,-0.0,0.0,0.0,0.0,0.4574071417329833,-0.04500000178813934,-0.0,-0.08778519784400435,0.02,0.0,0.0,0.0,0.0,0.0,0.0,0.36505749821662903,32.933314204774796,32.4,1.0,0.0,0.0,1.0,2.0,4.0,0.0,1.0,0.0,1.0,0.0,0.0,0.0,0.0,0.0,0.0,0.0,0.0,0.0,0.0,0.0,0.0,0.0,0.0,0.0,0.0,0.0,0.0,0.0,42.245140075683594,10.816033363342285,41.92558288574219,10.79917049407959,-0.31955718994140625,-0.016862869262695312,0.3200018107891083,-3.0888720642231555,-0.978453516960144,0.20646733045578003,0.0,-55.249114990234375,31.388681411743164,0.0,28.0,28.0,28.0,0.0,1.0,24.0,0.0,0.0,1.0,0.0,1.0,0.0,3.0,0.0,3.88,156.24659997411072,0.403700047172606,115.02609995659441,31.244299956597388,16.032000072300434,4.0,5.645799916237593,3.206699970178306,0.673700007610023,0.000400003045797348
1,348,348,4.758715132949798,0,0,2.0,3.0,1.0,1.0,1.0,1.0,1.0,1.0,1.0,1.0,1.0,1.0,1.0,1.0,1.0,1.0,1.0,1.0,1.0,0.0,0.9587286114692688,-0.4256863296031952,1.0,-0.40580785274505615,0.4704759120941162,0.5711988806724548,0.0,0.0001671609643381089,0.8637908101081848,-0.5038505792617798,0.0,0.0,0.0,0.0,0.0,0.0,125.88736724853516,25.0,25.0,25.0,25.0,25.0,0.0,1.0,1.0,1.0,0.0,0.0,0.0,0.0,0.0,2.1771438121795654,0.5972472171764074,0.7493241268396378,1.2149999767541886,0.02,-0.0,-0.00033651726698731967,-1.3619978928745457e-05,0.0,0.15,-0.0,0.0,0.0,-0.0,0.0,0.0,0.0,0.0,0.35,0.0,0.0,0.0,0.0,0.0,0.0,0.0,0.0,0.25,-0.0,0.036712646484375,0.0,1.1771438121795654,-0.0,0.00917816162109375,0.00917816162109375,-0.05,0.5433241277933121,0.3622160851955414,0.2,0.0,-0.0,-0.0,-0.0,0.5599999904632569,0.699999988079071,-0.0,0.0,-0.0,-0.0,0.0,0.0,0.0,0.44759735442232346,-0.04500000178813934,-0.0,-0.0,0.02,0.0,0.0,0.0,0.0,0.0,0.0,0.3622160851955414,32.227009518407286,32.4,0.0,0.6,0.0,0.699999988079071,2.0,3.0,0.0,0.699999988079071,0.0,0.699999988079071,0.0,0.0,0.0,0.0,0.0,0.0,0.0,0.0,0.0,0.0,0.0,0.0,0.0,0.0,0.0,0.0,0.0,0.0,0.0,41.92582702636719,10.799239158630371,41.60627365112305,10.782370567321777,-0.3195533752441406,-0.01686859130859375,0.31999829411506653,-3.0888535808012954,-0.9782819747924805,0.2072785496711731,0.0,-55.249114990234375,31.388681411743164,0.0,28.0,28.0,28.0,0.0,1.0,24.0,0.0,0.0,1.0,0.0,1.0,0.0,3.0,0.0,3.92,120.81590003799647,0.4230999620631337,81.51210006326437,32.82069996930659,14.276299974881113,4.0,3.0915000243112445,2.16749997343868,0.7701000431552529,0.000500003807246685
1,349,349,5.298062942138392,0,0,2.0,4.0,1.0,1.0,1.0,1.0,1.0,1.0,1.0,1.0,1.0,1.0,1.0,1.0,1.0,1.0,1.0,1.0,1.0,0.0,0.9575875401496887,-0.42843425273895264,1.0,-0.4083976745605469,0.46038585901260376,-0.6131117343902588,0.0,0.0001671609643381089,0.8638059496879578,-0.5038245916366577,0.0,0.0,0.0,0.0,0.0,0.0,125.8939437866211,25.0,25.0,25.0,25.0,25.0,0.0,1.0,1.0,1.0,0.0,0.0,0.0,0.0,0.0,2.182263970375061,0.6045551483565195,0.7747427481412887,1.716501075265523,0.02,-0.0,-0.00033651726698731967,-1.3619978928745457e-05,0.0,0.15,-0.0,0.0,0.0,-0.0,0.0,0.0,0.0,0.0,0.35,0.0,0.0,0.0,0.0,0.0,0.0,0.0,0.0,0.25,-0.0,0.02630615234375,0.0,1.182263970375061,-0.0,0.0065765380859375,0.0065765380859375,-0.05,0.5447427481412888,0.3631618320941925,0.2,0.0,-0.0,-0.0,-0.0,0.8,1.0,-0.0,0.0,-0.0,-0.0,0.0,0.0,0.0,0.45490528560243554,-0.04500000178813934,-0.0,-0.038498922946337694,0.02,0.0,0.0,0.0,0.0,0.0,0.0,0.3631618320941925,32.75318056337536,32.4,1.0,0.0,0.0,1.0,2.0,4.0,0.0,1.0,0.0,1.0,0.0,0.0,0.0,0.0,0.0,0.0,0.0,0.0,0.0,0.0,0.0,0.0,0.0,0.0,0.0,0.0,0.0,0.0,0.0,41.60651779174805,10.782439231872559,41.286598205566406,10.775224685668945,-0.3199195861816406,-0.007214546203613281,0.32000091671943665,-3.119045352082206,-0.9781086444854736,0.20809470117092133,0.0,-55.249114990234375,31.388681411743164,0.0,28.0,28.0,28.0,0.0,1.0,23.0,0.0,0.0,1.0,0.0,1.0,0.0,3.0,0.0,3.96,138.4910000488162,0.6825000746175647,90.30679997522384,38.45909994561225,18.691499950364232,4.0,5.0385999493300915,3.230100031942129,0.737000023946166,0.000500003807246685
1,350,350,4.7522975314826885,0,0,2.0,3.0,1.0,1.0,1.0,1.0,1.0,1.0,1.0,1.0,1.0,1.0,1.0,1.0,1.0,1.0,1.0,1.0,1.0,0.0,0.9564465880393982,-0.4311087429523468,1.0,-0.41092562675476074,0.4679025709629059,0.4567456841468811,0.0,0.0002545354363974184,0.863797128200531,-0.5038397908210754,0.0,0.0,0.0,0.0,0.0,0.0,125.89933013916016,25.0,25.0,25.0,25.0,25.0,0.0,1.0,1.0,1.0,0.0,0.0,0.0,0.0,0.0,2.1759440898895264,0.5947733272285385,0.7465801376104355,1.2149999767541886,0.02,-0.0,-0.00033651726698731967,-1.3619978928745457e-05,0.0,0.15,-0.0,0.0,0.0,-0.0,0.0,0.0,0.0,0.0,0.35,0.0,0.0,0.0,0.0,0.0,0.0,0.0,0.0,0.25,-0.0,0.02154541015625,0.0,1.1759440898895264,-0.0,0.0053863525390625,0.0053863525390625,-0.05,0.5405801385641098,0.36038675904273987,0.2,0.0,-0.0,-0.0,-0.0,0.5599999904632569,0.699999988079071,-0.0,0.0,-0.0,-0.0,0.0,0.0,0.0,0.44512346447445456,-0.04500000178813934,-0.0,-0.0,0.02,0.0,0.0,0.0,0.0,0.0,0.0,0.36038675904273987,32.04888944216073,32.4,0.0,0.6,0.0,0.699999988079071,2.0,3.0,0.0,0.699999988079071,0.0,0.699999988079071,0.0,0.0,0.0,0.0,0.0,0.0,0.0,0.0,0.0,0.0,0.0,0.0,0.0,0.0,0.0,0.0,0.0,0.0,0.0,41.28685760498047,10.775333404541016,40.96693801879883,10.76811408996582,-0.3199195861816406,-0.0072193145751953125,0.3200010359287262,-3.1190304540944664,-0.9779534935951233,0.20882262289524078,0.0,-55.249114990234375,31.388681411743164,0.0,28.0,28.0,28.0,0.0,1.0,23.0,0.0,0.0,1.0,0.0,1.0,0.0,3.0,0.0,4.0,112.45620006229728,0.7188000017777085,88.4751999983564,14.398999977856874,11.563499923795462,4.0,4.994100076146424,3.0881999991834164,0.7593999616801739,0.000500003807246685
1,351,351,5.320310723587691,0,0,2.0,4.0,1.0,1.0,1.0,1.0,1.0,1.0,1.0,1.0,1.0,1.0,1.0,1.0,1.0,1.0,1.0,1.0,1.0,0.0,0.955295205116272,-0.43376266956329346,1.0,-0.4134376347064972,0.45784127712249756,-0.6113638281822205,0.0,0.0002545354363974184,0.8638080954551697,-0.5038209557533264,0.0,0.0,0.0,0.0,0.0,0.0,125.90653991699219,25.0,25.0,25.0,25.0,25.0,0.0,1.0,1.0,1.0,0.0,0.0,0.0,0.0,0.0,2.181694507598877,0.602229404463358,0.7720332700014114,1.7443535415240456,0.02,-0.0,-0.00033651726698731967,-1.3619978928745457e-05,0.0,0.15,-0.0,0.0,0.0,-0.0,0.0,0.0,0.0,0.0,0.35,0.0,0.0,0.0,0.0,0.0,0.0,0.0,0.0,0.25,-0.0,0.028839111328125,0.0,1.181694507598877,-0.0,0.00720977783203125,0.00720977783203125,-0.05,0.5420332700014114,0.3613555133342743,0.2,0.0,-0.0,-0.0,-0.0,0.8,1.0,-0.0,0.0,-0.0,-0.0,0.0,0.0,0.0,0.45257954170927406,-0.04500000178813934,-0.0,-0.010646456687815062,0.02,0.0,0.0,0.0,0.0,0.0,0.0,0.3613555133342743,32.58572700306773,32.4,1.0,0.0,0.0,1.0,2.0,4.0,0.0,1.0,0.0,1.0,0.0,0.0,0.0,0.0,0.0,0.0,0.0,0.0,0.0,0.0,0.0,0.0,0.0,0.0,0.0,0.0,0.0,0.0,0.0,40.967185974121094,10.768202781677246,40.64726638793945,10.760979652404785,-0.3199195861816406,-0.0072231292724609375,0.32000112533569336,-3.119018536924467,-0.9777967929840088,0.20955532789230347,0.0,-55.249114990234375,31.388681411743164,0.0,28.0,28.0,28.0,0.0,1.0,23.0,0.0,0.0,1.0,0.0,1.0,0.0,3.0,0.0,4.04,195.09870000183582,0.6130000110715628,132.9363000113517,53.96120005752891,30.148199992254376,4.0,4.0886999340727925,2.7615000726655126,0.7155999774113297,0.000500003807246685
1,352,352,5.355992912785075,0,0,2.0,4.0,1.0,1.0,1.0,1.0,1.0,1.0,1.0,1.0,1.0,1.0,1.0,1.0,1.0,1.0,1.0,1.0,1.0,0.0,0.9541487097740173,-0.43642324209213257,1.0,-0.4159497022628784,0.46551039814949036,0.4660048186779022,0.0,0.0006771846092306077,0.8637844920158386,-0.5038614273071289,0.0,0.0,0.0,0.0,0.0,0.0,125.91259002685547,25.0,25.0,25.0,25.0,25.0,0.0,1.0,1.0,1.0,0.0,0.0,0.0,0.0,0.0,2.1754658222198486,0.5926026965537293,0.7679243940114975,1.8,0.02,-0.0,-0.00033651726698731967,-1.3619978928745457e-05,0.0,0.15,-0.0,0.0,0.0,-0.0,0.0,0.0,0.0,0.0,0.35,0.0,0.0,0.0,0.0,0.0,0.0,0.0,0.0,0.25,-0.0,0.024200439453125,0.0,1.1754658222198486,-0.0,0.00605010986328125,0.00605010986328125,-0.05,0.5379243940114975,0.35861626267433167,0.2,0.0,-0.0,-0.0,-0.0,0.8,1.0,-0.0,0.0,-0.0,-0.0,0.0,0.0,0.0,0.44295283379964534,-0.0,-0.0,-0.0,0.02,0.0,0.0,0.0,0.0,0.0,0.0,0.35861626267433167,31.892604033574464,32.4,0.0,0.6,0.0,1.0,2.0,4.0,0.0,1.0,0.0,1.0,0.0,0.0,0.0,0.0,0.0,0.0,0.0,0.0,0.0,0.0,0.0,0.0,0.0,0.0,0.0,0.0,0.0,0.0,0.0,40.64751434326172,10.761053085327148,40.32759475708008,10.753826141357422,-0.3199195861816406,-0.0072269439697265625,0.3200012147426605,-3.119006617891606,-0.9776384830474854,0.2102927267551422,0.0,-55.249114990234375,31.388681411743164,0.0,28.0,28.0,28.0,0.0,1.0,23.0,0.0,0.0,1.0,0.0,1.0,0.0,3.0,0.0,4.08,158.78230007365346,0.4120999947190285,129.8965000314638,22.91749999858439,18.680699984543025,4.0,3.20459995418787,1.7485000425949693,0.5697000306099653,0.000400003045797348
1,353,353,5.3697377565090525,0,0,2.0,4.0,1.0,1.0,1.0,1.0,1.0,1.0,1.0,1.0,1.0,1.0,1.0,1.0,1.0,1.0,1.0,1.0,1.0,0.0,0.9529922604560852,-0.43906334042549133,1.0,-0.4184458553791046,0.45560863614082336,-0.6016692519187927,0.0,0.0006771846092306077,0.8637826442718506,-0.5038646459579468,0.0,0.0,0.0,0.0,0.0,0.0,125.92031860351562,25.0,25.0,25.0,25.0,25.0,0.0,1.0,1.0,1.0,0.0,0.0,0.0,0.0,0.0,2.1806299686431885,0.6001892672571539,0.769384052157402,1.7995344684513086,0.02,-0.0,-0.00033651726698731967,-1.3619978928745457e-05,0.0,0.15,-0.0,0.0,0.0,-0.0,0.0,0.0,0.0,0.0,0.35,0.0,0.0,0.0,0.0,0.0,0.0,0.0,0.0,0.25,-0.0,0.030914306640625,0.0,1.1806299686431885,-0.0,0.00772857666015625,0.00772857666015625,-0.05,0.539384052157402,0.3595893681049347,0.2,0.0,-0.0,-0.0,-0.0,0.8,1.0,-0.0,0.0,-0.0,-0.0,0.0,0.0,0.0,0.45053940450306995,-0.0,-0.0,-0.000465531548691349,0.02,0.0,0.0,0.0,0.0,0.0,0.0,0.3595893681049347,32.43883712422103,32.4,1.0,0.0,0.0,1.0,2.0,4.0,0.0,1.0,0.0,1.0,0.0,0.0,0.0,0.0,0.0,0.0,0.0,0.0,0.0,0.0,0.0,0.0,0.0,0.0,0.0,0.0,0.0,0.0,0.0,40.327842712402344,10.75389289855957,40.0079231262207,10.746662139892578,-0.3199195861816406,-0.0072307586669921875,0.3200012743473053,-3.1189946996895443,-0.9774785041809082,0.21103477478027344,0.0,-55.249114990234375,31.388681411743164,0.0,28.0,28.0,28.0,0.0,1.0,23.0,0.0,0.0,1.0,0.0,1.0,0.0,3.0,0.0,4.12,208.69260001927614,0.7314999820664525,133.2595000276342,64.91109996568412,36.856899969279766,4.0,4.444400081411004,4.20630001462996,1.1071000481024384,0.000400003045797348
1,354,354,6.290432080915123,0,0,2.0,3.0,1.0,1.0,1.0,1.0,1.0,1.0,1.0,1.0,1.0,1.0,1.0,1.0,1.0,1.0,1.0,1.0,1.0,0.0,0.9518389105796814,-0.4417110085487366,1.0,-0.42094334959983826,0.46341195702552795,0.47416067123413086,0.0,0.0006120931939221919,0.8637609481811523,-0.5039018392562866,0.0,0.0,0.0,0.0,0.0,0.0,125.92668151855469,25.0,25.0,25.0,25.0,25.0,0.0,1.0,1.0,1.0,0.0,0.0,0.0,0.0,0.0,2.1736040115356445,0.5905530068184434,2.2912750858068467,1.2149999767541886,0.02,-0.0,-0.00033651726698731967,-1.3619978928745457e-05,0.0,0.15,-0.0,0.0,0.0,-0.0,0.0,0.0,0.0,0.0,0.35,0.0,0.0,0.0,0.0,0.0,0.0,0.0,0.0,0.25,-0.0,0.02545166015625,0.0,1.1736040115356445,-0.0,0.0063629150390625,0.0063629150390625,1.5,0.5352750867605209,0.3568500578403473,0.2,0.0,-0.0,-0.0,-0.0,0.5599999904632569,0.699999988079071,-0.0,0.0,-0.0,-0.0,0.0,0.0,0.0,0.4409031440643594,-0.04500000178813934,-0.0,-0.0,0.02,0.0,0.0,0.0,0.0,0.0,0.0,0.3568500578403473,31.745026372633873,32.4,0.0,0.6,0.0,0.699999988079071,2.0,3.0,0.0,0.699999988079071,0.0,0.699999988079071,0.0,0.0,0.0,0.0,0.0,0.0,0.0,0.0,0.0,0.0,0.0,0.0,0.0,0.0,0.0,0.0,0.0,0.0,0.0,40.00817108154297,10.746726036071777,39.68825149536133,10.739492416381836,-0.3199195861816406,-0.007233619689941406,0.32000136375427246,-3.1189857633369553,-0.9773170351982117,0.2117815464735031,0.0,-55.249114990234375,31.388681411743164,0.0,28.0,28.0,28.0,0.0,1.0,23.0,0.0,0.0,1.0,0.0,1.0,0.0,3.0,0.0,4.16,192.49150005634874,0.5326999817043543,142.12470001075417,41.7916999431327,20.768800051882863,4.0,4.493799991905689,2.2203000262379646,1.2854000087827444,0.000500003807246685
1,355,355,5.318354832106195,0,0,2.0,4.0,1.0,1.0,1.0,1.0,1.0,1.0,1.0,1.0,1.0,1.0,1.0,1.0,1.0,1.0,1.0,1.0,1.0,0.0,0.9506732821464539,-0.44433948397636414,1.0,-0.42342686653137207,0.4535003900527954,-0.602266252040863,0.0,-0.00029008713318035007,0.8637720346450806,-0.5038828253746033,0.0,0.0,0.0,0.0,0.0,0.0,125.9346694946289,25.0,25.0,25.0,25.0,25.0,0.0,1.0,1.0,1.0,0.0,0.0,0.0,0.0,0.0,2.1785526275634766,0.5980656285816058,0.7667365777492523,1.7549999982118607,0.02,-0.0,-0.00033651726698731967,-1.3619978928745457e-05,0.0,0.15,-0.0,0.0,0.0,-0.0,0.0,0.0,0.0,0.0,0.35,0.0,0.0,0.0,0.0,0.0,0.0,0.0,0.0,0.25,-0.0,0.031951904296875,0.0,1.1785526275634766,-0.0,0.00798797607421875,0.00798797607421875,-0.05,0.5367365777492523,0.3578243851661682,0.2,0.0,-0.0,-0.0,-0.0,0.8,1.0,-0.0,0.0,-0.0,-0.0,0.0,0.0,0.0,0.44841576582752185,-0.04500000178813934,-0.0,-0.0,0.02,0.0,0.0,0.0,0.0,0.0,0.0,0.3578243851661682,32.28593513958157,32.4,1.0,0.0,0.0,1.0,2.0,4.0,0.0,1.0,0.0,1.0,0.0,0.0,0.0,0.0,0.0,0.0,0.0,0.0,0.0,0.0,0.0,0.0,0.0,0.0,0.0,0.0,0.0,0.0,0.0,39.68849563598633,10.739554405212402,39.36857604980469,10.732316970825195,-0.3199195861816406,-0.007237434387207031,0.3200014531612396,-3.118973844303454,-0.9771538972854614,0.21253301203250885,0.0,-55.249114990234375,31.388681411743164,0.0,28.0,28.0,28.0,0.0,1.0,23.0,0.0,0.0,1.0,0.0,1.0,0.0,3.0,0.0,4.2,164.74559996277094,0.609199982136488,115.42889999691397,40.22460000123829,14.583199983462691,4.0,4.848800017498434,2.8167000273242593,0.7799000013619661,0.000600004568696022
1,356,356,4.75530916650336,0,0,2.0,3.0,1.0,1.0,1.0,1.0,1.0,1.0,1.0,1.0,1.0,1.0,1.0,1.0,1.0,1.0,1.0,1.0,1.0,0.0,0.9495101571083069,-0.4469759166240692,1.0,-0.42591220140457153,0.4612276554107666,0.4695388674736023,0.0,-0.00029008713318035007,0.8637617826461792,-0.5039003491401672,0.0,0.0,0.0,0.0,0.0,0.0,125.94859313964844,25.0,25.0,25.0,25.0,25.0,0.0,1.0,1.0,1.0,0.0,0.0,0.0,0.0,0.0,2.2007486820220947,0.6044346637091784,0.7517567563056946,1.1783690644663927,0.02,-0.0,-0.00033651726698731967,-1.3619978928745457e-05,0.0,0.15,-0.0,0.0,0.0,-0.0,0.0,0.0,0.0,0.0,0.35,0.0,0.0,0.0,0.0,0.0,0.0,0.0,0.0,0.25,-0.0,0.055694580078125,0.0,1.2007486820220947,-0.0,0.01392364501953125,0.01392364501953125,-0.05,0.5457567572593689,0.3638378381729126,0.2,0.0,-0.0,-0.0,-0.0,0.5599999904632569,0.699999988079071,-0.0,0.0,-0.0,-0.0,0.0,0.0,0.0,0.45478480095509444,-0.04500000178813934,-0.0,-0.03663091228779588,0.02,0.0,0.0,0.0,0.0,0.0,0.0,0.3638378381729126,32.7445056687668,32.4,0.7326086850269979,0.0,0.0,0.699999988079071,2.0,3.0,0.0,0.699999988079071,0.0,0.699999988079071,0.0,0.0,0.0,0.0,0.0,0.0,0.0,0.0,0.0,0.0,0.0,0.0,0.0,0.0,0.0,0.0,0.0,0.0,0.0,39.36882019042969,10.732378959655762,39.04890060424805,10.725137710571289,-0.3199195861816406,-0.007241249084472656,0.3200015425682068,-3.118961927131442,-0.9769890904426575,0.21328920125961304,0.0,-55.249114990234375,31.388681411743164,0.0,28.0,28.0,28.0,0.0,1.0,23.0,0.0,0.0,1.0,0.0,1.0,0.0,3.0,0.0,4.24,193.44039994757622,0.7252999348565936,139.20950004830956,44.38899992965162,19.438200048170984,4.0,5.594699992798269,2.669599954970181,0.811200006864965,0.000400003045797348
1,357,357,5.331534026386141,0,0,2.0,4.0,1.0,1.0,1.0,1.0,1.0,1.0,1.0,1.0,1.0,1.0,1.0,1.0,1.0,1.0,1.0,1.0,1.0,0.0,0.9483725428581238,-0.44965553283691406,1.0,-0.4284181594848633,0.46777865290641785,0.3980647027492523,0.0,-3.716842911671847e-05,0.8637598752975464,-0.5039036870002747,0.0,0.0,0.0,0.0,0.0,0.0,125.9605712890625,25.0,25.0,25.0,25.0,25.0,0.0,1.0,1.0,1.0,0.0,0.0,0.0,0.0,0.0,2.19134783744812,0.5949091864842174,0.7702770042419433,1.7549999982118607,0.02,-0.0,-0.00033651726698731967,-1.3619978928745457e-05,0.0,0.15,-0.0,0.0,0.0,-0.0,0.0,0.0,0.0,0.0,0.35,0.0,0.0,0.0,0.0,0.0,0.0,0.0,0.0,0.25,-0.0,0.04791259765625,0.0,1.1913478374481201,-0.0,0.0119781494140625,0.0119781494140625,-0.05,0.5402770042419434,0.3601846694946289,0.2,0.0,-0.0,-0.0,-0.0,0.8,1.0,-0.0,0.0,-0.0,-0.0,0.0,0.0,0.0,0.44525932373013344,-0.04500000178813934,-0.0,-0.0,0.02,0.0,0.0,0.0,0.0,0.0,0.0,0.3601846694946289,32.05867130856961,32.4,0.0,0.6,0.0,1.0,2.0,4.0,0.0,1.0,0.0,1.0,0.0,0.0,0.0,0.0,0.0,0.0,0.0,0.0,0.0,0.0,0.0,0.0,0.0,0.0,0.0,0.0,0.0,0.0,0.0,39.04914474487305,10.725198745727539,38.729225158691406,10.717952728271484,-0.3199195861816406,-0.0072460174560546875,0.32000163197517395,-3.118947028628228,-0.9768227338790894,0.21405017375946045,0.0,-55.249114990234375,31.388681411743164,0.0,28.0,28.0,28.0,0.0,1.0,23.0,0.0,0.0,1.0,0.0,1.0,0.0,3.0,0.0,4.28,178.24899998959154,0.7017999887466431,130.20839996170253,40.02529999706894,13.730400009080768,4.0,3.7393999518826604,2.952000009827316,0.5864000413566828,0.000500003807246685
1,358,358,5.381462027803288,0,0,2.0,4.0,1.0,1.0,1.0,1.0,1.0,1.0,1.0,1.0,1.0,1.0,1.0,1.0,1.0,1.0,1.0,1.0,1.0,0.0,0.9472209811210632,-0.4523080587387085,1.0,-0.4309043884277344,0.45798102021217346,-0.5953423380851746,0.0,-3.716842911671847e-05,0.8637634515762329,-0.503897488117218,0.0,0.0,0.0,0.0,0.0,0.0,125.97434997558594,25.0,25.0,25.0,25.0,25.0,0.0,1.0,1.0,1.0,0.0,0.0,0.0,0.0,0.0,2.1969351768493652,0.602047653011903,0.7716782349348068,1.790800963007213,0.02,-0.0,-0.00033651726698731967,-1.3619978928745457e-05,0.0,0.15,-0.0,0.0,0.0,-0.0,0.0,0.0,0.0,0.0,0.35,0.0,0.0,0.0,0.0,0.0,0.0,0.0,0.0,0.25,-0.0,0.05511474609375,0.0,1.1969351768493652,-0.0,0.0137786865234375,0.0137786865234375,-0.05,0.5416782349348068,0.3611188232898712,0.2,0.0,-0.0,-0.0,-0.0,0.8,1.0,-0.0,0.0,-0.0,-0.0,0.0,0.0,0.0,0.45239779025781907,-0.0,-0.0,-0.00919903699278698,0.02,0.0,0.0,0.0,0.0,0.0,0.0,0.3611188232898712,32.57264089856297,32.4,1.0,0.0,0.0,1.0,2.0,4.0,0.0,1.0,0.0,1.0,0.0,0.0,0.0,0.0,0.0,0.0,0.0,0.0,0.0,0.0,0.0,0.0,0.0,0.0,0.0,0.0,0.0,0.0,0.0,38.729469299316406,10.718013763427734,38.409549713134766,10.710763931274414,-0.3199195861816406,-0.0072498321533203125,0.3200017213821411,-3.1189351109438013,-0.976654589176178,0.21481598913669586,0.0,-55.249114990234375,31.388681411743164,0.0,28.0,28.0,28.0,0.0,1.0,23.0,0.0,0.0,1.0,0.0,1.0,0.0,3.0,0.0,4.32,167.04460000619292,0.4744000034406781,115.05659995600581,44.63819996453822,23.857399937696755,4.0,3.7493000272661448,2.455199952237308,0.645600026473403,0.000400003045797348
1,359,359,5.369895954485908,0,0,2.0,4.0,1.0,1.0,1.0,1.0,1.0,1.0,1.0,1.0,1.0,1.0,1.0,1.0,1.0,1.0,1.0,1.0,1.0,0.0,0.9460741877555847,-0.45496687293052673,1.0,-0.4333899915218353,0.46532344818115234,0.4461541473865509,0.0,0.0007067029364407063,0.8637393116950989,-0.5039389133453369,0.0,0.0,0.0,0.0,0.0,0.0,125.9868392944336,25.0,25.0,25.0,25.0,25.0,0.0,1.0,1.0,1.0,0.0,0.0,0.0,0.0,0.0,2.190169334411621,0.5922313348016885,0.7674952852725982,1.8,0.02,-0.0,-0.00033651726698731967,-1.3619978928745457e-05,0.0,0.15,-0.0,0.0,0.0,-0.0,0.0,0.0,0.0,0.0,0.35,0.0,0.0,0.0,0.0,0.0,0.0,0.0,0.0,0.25,-0.0,0.049957275390625,0.0,1.190169334411621,-0.0,0.01248931884765625,0.01248931884765625,-0.05,0.5374952852725983,0.3583301901817322,0.2,0.0,-0.0,-0.0,-0.0,0.8,1.0,-0.0,0.0,-0.0,-0.0,0.0,0.0,0.0,0.4425814720476046,-0.0,-0.0,-0.0,0.02,0.0,0.0,0.0,0.0,0.0,0.0,0.3583301901817322,31.86586598742753,32.4,0.0,0.6,0.0,1.0,2.0,4.0,0.0,1.0,0.0,1.0,0.0,0.0,0.0,0.0,0.0,0.0,0.0,0.0,0.0,0.0,0.0,0.0,0.0,0.0,0.0,0.0,0.0,0.0,0.0,38.409793853759766,10.710824966430664,38.089874267578125,10.703570365905762,-0.3199195861816406,-0.007254600524902344,0.32000184059143066,-3.118920214815768,-0.9764847159385681,0.21558666229248047,0.0,-55.249114990234375,31.388681411743164,0.0,28.0,28.0,28.0,0.0,1.0,23.0,0.0,0.0,1.0,0.0,1.0,0.0,3.0,0.0,4.36,161.48799995426089,0.5246000364422798,115.27320009190589,36.73950000666082,13.386600068770349,4.0,4.965500091202557,3.233599942177534,0.7158999796956778,0.000500003807246685
1,360,360,5.383908751646552,0,0,2.0,4.0,1.0,1.0,1.0,1.0,1.0,1.0,1.0,1.0,1.0,1.0,1.0,1.0,1.0,1.0,1.0,1.0,1.0,0.0,0.9449166059494019,-0.4576050639152527,1.0,-0.4358598589897156,0.4552266597747803,-0.6135199069976807,0.0,0.0007067029364407063,0.8637382388114929,-0.5039407014846802,0.0,0.0,0.0,0.0,0.0,0.0,126.00099182128906,25.0,25.0,25.0,25.0,25.0,0.0,1.0,1.0,1.0,0.0,0.0,0.0,0.0,0.0,2.1951712369918823,0.6000104068172348,0.7689350950717926,1.7997920127656428,0.02,-0.0,-0.00033651726698731967,-1.3619978928745457e-05,0.0,0.15,-0.0,0.0,0.0,-0.0,0.0,0.0,0.0,0.0,0.35,0.0,0.0,0.0,0.0,0.0,0.0,0.0,0.0,0.25,-0.0,0.056610107421875,0.0,1.1951712369918823,-0.0,0.01415252685546875,0.01415252685546875,-0.05,0.5389350950717926,0.35929006338119507,0.2,0.0,-0.0,-0.0,-0.0,0.8,1.0,-0.0,0.0,-0.0,-0.0,0.0,0.0,0.0,0.45036054406315085,-0.0,-0.0,-0.00020798723435731535,0.02,0.0,0.0,0.0,0.0,0.0,0.0,0.35929006338119507,32.42595917254686,32.4,1.0,0.0,0.0,1.0,2.0,4.0,0.0,1.0,0.0,1.0,0.0,0.0,0.0,0.0,0.0,0.0,0.0,0.0,0.0,0.0,0.0,0.0,0.0,0.0,0.0,0.0,0.0,0.0,0.0,38.090118408203125,10.703631401062012,37.77020263671875,10.696372032165527,-0.319915771484375,-0.007259368896484375,0.3199981153011322,-3.118905046300933,-0.9763131737709045,0.21636226773262024,0.0,-55.249114990234375,31.388681411743164,0.0,28.0,28.0,28.0,0.0,1.0,23.0,0.0,0.0,1.0,0.0,1.0,0.0,3.0,0.0,4.4,144.43340001162142,0.48289995174854994,93.3800000930205,45.02299998421222,36.7923000594601,4.0,2.7082000160589814,2.330699935555458,0.4805000498890877,0.000400003045797348
1,361,361,4.753695656433626,0,0,2.0,3.0,1.0,1.0,1.0,1.0,1.0,1.0,1.0,1.0,1.0,1.0,1.0,1.0,1.0,1.0,1.0,1.0,1.0,0.0,0.9437618255615234,-0.46025097370147705,1.0,-0.43833082914352417,0.4632279872894287,0.486191987991333,0.0,0.0005247908993624151,0.8637211322784424,-0.5039700269699097,0.0,0.0,0.0,0.0,0.0,0.0,126.01372528076172,25.0,25.0,25.0,25.0,25.0,0.0,1.0,1.0,1.0,0.0,0.0,0.0,0.0,0.0,2.187877655029297,0.5900141135602442,0.7408039110898972,1.2149999767541886,0.02,-0.0,-0.00033651726698731967,-1.3619978928745457e-05,0.0,0.15,-0.0,0.0,0.0,-0.0,0.0,0.0,0.0,0.0,0.35,0.0,0.0,0.0,0.0,0.0,0.0,0.0,0.0,0.25,-0.0,0.050933837890625,0.0,1.1878776550292969,-0.0,0.01273345947265625,0.01273345947265625,-0.05,0.5348039120435715,0.356535941362381,0.2,0.0,-0.0,-0.0,-0.0,0.5599999904632569,0.699999988079071,-0.0,0.0,-0.0,-0.0,0.0,0.0,0.0,0.4403642508061603,-0.04500000178813934,-0.0,-0.0,0.02,0.0,0.0,0.0,0.0,0.0,0.0,0.356535941362381,31.706226058043544,32.4,0.0,0.6,0.0,0.699999988079071,2.0,3.0,0.0,0.699999988079071,0.0,0.699999988079071,0.0,0.0,0.0,0.0,0.0,0.0,0.0,0.0,0.0,0.0,0.0,0.0,0.0,0.0,0.0,0.0,0.0,0.0,0.0,37.77044677734375,10.696433067321777,37.450531005859375,10.689167976379395,-0.319915771484375,-0.0072650909423828125,0.31999826431274414,-3.118887169864387,-0.9761398434638977,0.21714280545711517,0.0,-55.249114990234375,31.388681411743164,0.0,28.0,28.0,28.0,0.0,1.0,23.0,0.0,0.0,1.0,0.0,1.0,0.0,3.0,0.0,4.44,180.51839992403984,0.4149000160396099,106.1215999070555,65.99989999085665,27.740699937567115,4.0,4.439800046384335,2.8415999840945005,0.665399944409728,0.000600004568696022
1,362,362,4.0839700940623125,0,0,2.0,2.0,1.0,1.0,1.0,1.0,1.0,1.0,1.0,1.0,1.0,1.0,1.0,1.0,1.0,1.0,1.0,1.0,1.0,0.0,0.9425945281982422,-0.46287769079208374,1.0,-0.4407878816127777,0.45294609665870667,-0.6247683167457581,0.0,-0.0003489544615149498,0.8637346029281616,-0.5039469003677368,0.0,0.0,0.0,0.0,0.0,0.0,126.02394104003906,25.0,25.0,25.0,25.0,25.0,0.0,1.0,1.0,1.0,0.0,0.0,0.0,0.0,0.0,2.1839581727981567,0.5923044425620881,0.7102074885368347,0.5774999901652337,0.02,-0.0,-0.00033651726698731967,-1.3619978928745457e-05,0.0,0.15,-0.0,0.0,0.0,-0.0,0.0,0.0,0.0,0.0,0.35,0.0,0.0,0.0,0.0,0.0,0.0,0.0,0.0,0.25,-0.0,0.040863037109375,0.0,1.1839581727981567,-0.0,0.01021575927734375,0.01021575927734375,-0.05,0.5322074890136719,0.35480499267578125,0.2,0.0,-0.0,-0.0,-0.0,0.27999999523162844,0.3499999940395355,-0.0,0.0,-0.0,-0.0,0.0,0.0,0.0,0.4426545798080042,-0.052499999105930326,-0.0,-0.0,0.02,0.0,0.0,0.0,0.0,0.0,0.0,0.35480499267578125,31.871129746176305,23.26086922832157,0.4206521686004555,0.0,0.0,0.3499999940395355,2.0,2.0,0.0,0.3499999940395355,0.0,0.3499999940395355,0.0,0.0,0.0,0.0,0.0,0.0,0.0,0.0,0.0,0.0,0.0,0.0,0.0,0.0,0.0,0.0,0.0,0.0,0.0,37.450775146484375,10.689229011535645,37.13079071044922,10.68621826171875,-0.31998443603515625,-0.0030107498168945312,0.3199985921382904,-3.132183880950103,-0.9759648442268372,0.21792837977409363,0.0,-55.249114990234375,31.388681411743164,0.0,28.0,28.0,28.0,0.0,1.0,22.0,1.0,0.0,1.0,0.0,1.0,0.0,3.0,0.0,4.48,141.87389996368438,0.4749000072479248,125.56559999939054,10.879400069825351,7.7812999952584505,4.0,2.7236000169068575,1.7818999476730824,0.41740003507584333,0.000300002284348011
1,363,363,5.29541067907774,0,0,2.0,4.0,1.0,1.0,1.0,1.0,1.0,1.0,1.0,1.0,1.0,1.0,1.0,1.0,1.0,1.0,1.0,1.0,1.0,0.0,0.9414185881614685,-0.46545684337615967,1.0,-0.4432080090045929,0.45530185103416443,0.14314556121826172,0.0,-0.0003489544615149498,0.8637361526489258,-0.5039442777633667,0.0,0.0,0.0,0.0,0.0,0.0,126.03977966308594,25.0,25.0,25.0,25.0,25.0,0.0,1.0,1.0,1.0,0.0,0.0,0.0,0.0,0.0,2.204882860183716,0.6011819666017962,0.7706015962362289,1.698744256055999,0.02,-0.0,-0.00033651726698731967,-1.3619978928745457e-05,0.0,0.15,-0.0,0.0,0.0,-0.0,0.0,0.0,0.0,0.0,0.35,0.0,0.0,0.0,0.0,0.0,0.0,0.0,0.0,0.25,-0.0,0.0633544921875,0.0,1.2048828601837158,-0.0,0.015838623046875,0.015838623046875,-0.05,0.5406015962362289,0.36040106415748596,0.2,0.0,-0.0,-0.0,-0.0,0.8,1.0,-0.0,0.0,-0.0,-0.0,0.0,0.0,0.0,0.4515321038477123,-0.09749999642372131,-0.0,-0.0037557475202797163,0.02,0.0,0.0,0.0,0.0,0.0,0.0,0.36040106415748596,32.51031147703529,32.4,1.0,0.0,0.0,1.0,2.0,4.0,0.0,1.0,0.0,1.0,0.0,0.0,0.0,0.0,0.0,0.0,0.0,0.0,0.0,0.0,0.0,0.0,0.0,0.0,0.0,0.0,0.0,0.0,0.0,37.13104248046875,10.686296463012695,36.811058044433594,10.683281898498535,-0.31998443603515625,-0.0030145645141601562,0.3199986219406128,-3.132171959427538,-0.9757974743843079,0.2186761200428009,0.0,-55.249114990234375,31.388681411743164,0.0,28.0,28.0,28.0,0.0,1.0,22.0,0.0,0.0,1.0,0.0,1.0,0.0,3.0,0.0,4.52,204.82830004766583,0.5922000855207443,124.44029992911965,72.29250005912036,40.27410002890974,4.0,3.905800054781139,2.76309996843338,0.7945999968796968,0.000500003807246685
1,364,364,5.376096885455697,0,0,2.0,4.0,1.0,1.0,1.0,1.0,1.0,1.0,1.0,1.0,1.0,1.0,1.0,1.0,1.0,1.0,1.0,1.0,1.0,0.0,0.9402664303779602,-0.4680761992931366,1.0,-0.44564616680145264,0.4644330143928528,0.5548452734947205,0.0,0.00046291170292533934,0.8637197017669678,-0.5039724707603455,0.0,0.0,0.0,0.0,0.0,0.0,126.0543212890625,25.0,25.0,25.0,25.0,25.0,0.0,1.0,1.0,1.0,0.0,0.0,0.0,0.0,0.0,2.1981160640716553,0.5916117509733139,0.7663690704107284,1.8,0.02,-0.0,-0.00033651726698731967,-1.3619978928745457e-05,0.0,0.15,-0.0,0.0,0.0,-0.0,0.0,0.0,0.0,0.0,0.35,0.0,0.0,0.0,0.0,0.0,0.0,0.0,0.0,0.25,-0.0,0.05816650390625,0.0,1.1981160640716553,-0.0,0.0145416259765625,0.0145416259765625,-0.05,0.5363690704107285,0.35757938027381897,0.2,0.0,-0.0,-0.0,-0.0,0.8,1.0,-0.0,0.0,-0.0,-0.0,0.0,0.0,0.0,0.4419618882192299,-0.0,-0.0,-0.0,0.02,0.0,0.0,0.0,0.0,0.0,0.0,0.35757938027381897,31.82125595178455,32.4,0.0,0.6,0.0,1.0,2.0,4.0,0.0,1.0,0.0,1.0,0.0,0.0,0.0,0.0,0.0,0.0,0.0,0.0,0.0,0.0,0.0,0.0,0.0,0.0,0.0,0.0,0.0,0.0,0.0,36.81130599975586,10.683351516723633,36.4913215637207,10.680333137512207,-0.31998443603515625,-0.0030183792114257812,0.31999868154525757,-3.132160039205151,-0.9756284952163696,0.21942880749702454,0.0,-55.249114990234375,31.388681411743164,0.0,28.0,28.0,28.0,0.0,1.0,22.0,0.0,0.0,1.0,0.0,1.0,0.0,3.0,0.0,4.56,113.17529994994402,0.5072999047115445,90.32770001795143,14.133800053969026,11.025700019672513,4.0,4.635100020095706,2.9183999868109822,0.6232999730855227,0.000400003045797348
1,365,365,5.390230168844498,0,0,2.0,4.0,1.0,1.0,1.0,1.0,1.0,1.0,1.0,1.0,1.0,1.0,1.0,1.0,1.0,1.0,1.0,1.0,1.0,0.0,0.9391041398048401,-0.4706742465496063,1.0,-0.4480680227279663,0.4545893669128418,-0.5981384515762329,0.0,0.00046291170292533934,0.8637223839759827,-0.5039679408073425,0.0,0.0,0.0,0.0,0.0,0.0,126.07061767578125,25.0,25.0,25.0,25.0,25.0,0.0,1.0,1.0,1.0,0.0,0.0,0.0,0.0,0.0,2.2035247087478638,0.5989343096268548,0.76777115046978,1.8,0.02,-0.0,-0.00033651726698731967,-1.3619978928745457e-05,0.0,0.15,-0.0,0.0,0.0,-0.0,0.0,0.0,0.0,0.0,0.35,0.0,0.0,0.0,0.0,0.0,0.0,0.0,0.0,0.25,-0.0,0.065185546875,0.0,1.2035247087478638,-0.0,0.01629638671875,0.01629638671875,-0.05,0.53777115046978,0.35851410031318665,0.2,0.0,-0.0,-0.0,-0.0,0.8,1.0,-0.0,0.0,-0.0,-0.0,0.0,0.0,0.0,0.4492844468727708,-0.0,-0.0,-0.0,0.02,0.0,0.0,0.0,0.0,0.0,0.0,0.35851410031318665,32.3484801748395,32.4,1.0,0.0,0.0,1.0,2.0,4.0,0.0,1.0,0.0,1.0,0.0,0.0,0.0,0.0,0.0,0.0,0.0,0.0,0.0,0.0,0.0,0.0,0.0,0.0,0.0,0.0,0.0,0.0,0.0,36.49156951904297,10.68039608001709,36.17158508300781,10.677374839782715,-0.31998443603515625,-0.003021240234375,0.31999868154525757,-3.132151098906593,-0.9754577875137329,0.2201864868402481,0.0,-55.249114990234375,31.388681411743164,0.0,28.0,28.0,28.0,0.0,1.0,22.0,0.0,0.0,1.0,0.0,1.0,0.0,3.0,0.0,4.6,192.19490000978112,0.6547999801114202,133.8042999850586,50.0784000614658,29.825600096955895,4.0,4.385099979117513,2.601900021545589,0.6383999716490507,0.000400003045797348
1,366,366,4.770093645177649,0,0,2.0,3.0,1.0,1.0,1.0,1.0,1.0,1.0,1.0,1.0,1.0,1.0,1.0,1.0,1.0,1.0,1.0,1.0,1.0,0.0,0.9379463195800781,-0.47327882051467896,1.0,-0.45048925280570984,0.4621211588382721,0.45765992999076843,0.0,0.0007342656026594341,0.8636971712112427,-0.5040110945701599,0.0,0.0,0.0,0.0,0.0,0.0,126.0928955078125,25.0,25.0,25.0,25.0,25.0,0.0,1.0,1.0,1.0,0.0,0.0,0.0,0.0,0.0,2.225839376449585,0.6051651413412017,0.7527584272623062,1.166330700124557,0.02,-0.0,-0.00033651726698731967,-1.3619978928745457e-05,0.0,0.15,-0.0,0.0,0.0,-0.0,0.0,0.0,0.0,0.0,0.35,0.0,0.0,0.0,0.0,0.0,0.0,0.0,0.0,0.25,-0.0,0.089111328125,0.0,1.225839376449585,-0.0,0.02227783203125,0.02227783203125,-0.05,0.5467584282159805,0.3645056188106537,0.2,0.0,-0.0,-0.0,-0.0,0.5599999904632569,0.699999988079071,-0.0,0.0,-0.0,-0.0,0.0,0.0,0.0,0.45551527858711777,-0.04500000178813934,-0.0,-0.0486692766296314,0.02,0.0,0.0,0.0,0.0,0.0,0.0,0.3645056188106537,32.79710005827248,32.4,0.7326086850269979,0.0,0.0,0.699999988079071,2.0,3.0,0.0,0.699999988079071,0.0,0.699999988079071,0.0,0.0,0.0,0.0,0.0,0.0,0.0,0.0,0.0,0.0,0.0,0.0,0.0,0.0,0.0,0.0,0.0,0.0,0.0,36.17183303833008,10.677434921264648,35.85184860229492,10.674409866333008,-0.31998443603515625,-0.003025054931640625,0.31999874114990234,-3.1321391786830377,-0.9752852916717529,0.22094909846782684,0.0,-55.249114990234375,31.388681411743164,0.0,28.0,28.0,28.0,0.0,1.0,22.0,0.0,0.0,1.0,0.0,1.0,0.0,3.0,0.0,4.64,151.53490006923676,0.439200084656477,130.24989992845803,14.501399942673743,11.080599972046912,4.0,3.511599963530898,2.2856000578030944,0.5213000113144517,0.000400003045797348
1,367,367,4.838205709373503,0,0,2.0,3.0,1.0,1.0,1.0,1.0,1.0,1.0,1.0,1.0,1.0,1.0,1.0,1.0,1.0,1.0,1.0,1.0,1.0,0.0,0.9368138909339905,-0.4759264588356018,1.0,-0.45292937755584717,0.46852999925613403,0.38942697644233704,0.0,0.0007342656026594341,0.8636839985847473,-0.5040336847305298,0.0,0.0,0.0,0.0,0.0,0.0,126.11295318603516,25.0,25.0,25.0,25.0,25.0,0.0,1.0,1.0,1.0,0.0,0.0,0.0,0.0,0.0,2.215383291244507,0.5955676370020209,0.7472548025846482,1.259999978542328,0.02,-0.0,-0.00033651726698731967,-1.3619978928745457e-05,0.0,0.15,-0.0,0.0,0.0,-0.0,0.0,0.0,0.0,0.0,0.35,0.0,0.0,0.0,0.0,0.0,0.0,0.0,0.0,0.25,-0.0,0.080230712890625,0.0,1.2153832912445068,-0.0,0.02005767822265625,0.02005767822265625,-0.05,0.5412548035383224,0.36083653569221497,0.2,0.0,-0.0,-0.0,-0.0,0.5599999904632569,0.699999988079071,-0.0,0.0,-0.0,-0.0,0.0,0.0,0.0,0.44591777424793694,-0.0,-0.0,-0.0,0.02,0.0,0.0,0.0,0.0,0.0,0.0,0.36083653569221497,32.10607974585146,32.4,0.0,0.6,0.0,0.699999988079071,2.0,3.0,0.0,0.699999988079071,0.0,0.699999988079071,0.0,0.0,0.0,0.0,0.0,0.0,0.0,0.0,0.0,0.0,0.0,0.0,0.0,0.0,0.0,0.0,0.0,0.0,0.0,35.85209655761719,10.674468994140625,35.53211212158203,10.671441078186035,-0.31998443603515625,-0.0030279159545898438,0.31999877095222473,-3.1321302381896947,-0.9751111268997192,0.22171668708324432,0.0,-55.249114990234375,31.388681411743164,0.0,28.0,28.0,28.0,0.0,1.0,22.0,0.0,0.0,1.0,0.0,1.0,0.0,3.0,0.0,4.68,187.90539994370192,0.5052998894825578,117.60170001070946,62.062300043180585,36.18329996243119,4.0,4.053100012242794,3.0173000413924456,0.6351999472826719,0.000500003807246685
1,368,368,5.3555476054980975,0,0,2.0,4.0,1.0,1.0,1.0,1.0,1.0,1.0,1.0,1.0,1.0,1.0,1.0,1.0,1.0,1.0,1.0,1.0,1.0,0.0,0.9356651306152344,-0.47854816913604736,1.0,-0.45535194873809814,0.45865827798843384,-0.5998440384864807,0.0,-6.0940092225791886e-05,0.8636901378631592,-0.5040231347084045,0.0,0.0,0.0,0.0,0.0,0.0,126.1346206665039,25.0,25.0,25.0,25.0,25.0,0.0,1.0,1.0,1.0,0.0,0.0,0.0,0.0,0.0,2.2201523780822754,0.6027077562826871,0.7726486134529114,1.7400388576802244,0.02,-0.0,-0.00033651726698731967,-1.3619978928745457e-05,0.0,0.15,-0.0,0.0,0.0,-0.0,0.0,0.0,0.0,0.0,0.35,0.0,0.0,0.0,0.0,0.0,0.0,0.0,0.0,0.25,-0.0,0.086669921875,0.0,1.2201523780822754,-0.0,0.02166748046875,0.02166748046875,-0.05,0.5426486134529114,0.3617657423019409,0.2,0.0,-0.0,-0.0,-0.0,0.8,1.0,-0.0,0.0,-0.0,-0.0,0.0,0.0,0.0,0.45305789352860315,-0.04500000178813934,-0.0,-0.01496114053163641,0.02,0.0,0.0,0.0,0.0,0.0,0.0,0.3617657423019409,32.62016833405942,32.4,1.0,0.0,0.0,1.0,2.0,4.0,0.0,1.0,0.0,1.0,0.0,0.0,0.0,0.0,0.0,0.0,0.0,0.0,0.0,0.0,0.0,0.0,0.0,0.0,0.0,0.0,0.0,0.0,0.0,35.5323600769043,10.671499252319336,35.21237564086914,10.66846752166748,-0.31998443603515625,-0.0030317306518554688,0.3199988007545471,-3.1321183181616914,-0.9749351739883423,0.22248931229114532,0.0,-55.249114990234375,31.388681411743164,0.0,28.0,28.0,28.0,0.0,1.0,22.0,0.0,0.0,1.0,0.0,1.0,0.0,3.0,0.0,4.72,191.31889997515827,0.5641999887302518,148.4789999667555,33.190099988132715,20.21059999242425,4.0,5.296000046655536,2.99880001693964,0.7445999654009938,0.000500003807246685
1,369,369,5.394397401031963,0,0,2.0,4.0,1.0,1.0,1.0,1.0,1.0,1.0,1.0,1.0,1.0,1.0,1.0,1.0,1.0,1.0,1.0,1.0,1.0,0.0,0.9345187544822693,-0.48117759823799133,1.0,-0.4577752649784088,0.4660024046897888,0.44625744223594666,0.0,0.0001988731964956969,0.8636788725852966,-0.5040425062179565,0.0,0.0,0.0,0.0,0.0,0.0,126.15489959716797,25.0,25.0,25.0,25.0,25.0,0.0,1.0,1.0,1.0,0.0,0.0,0.0,0.0,0.0,2.212969183921814,0.5929355077118798,0.7684927093982696,1.8,0.02,-0.0,-0.00033651726698731967,-1.3619978928745457e-05,0.0,0.15,-0.0,0.0,0.0,-0.0,0.0,0.0,0.0,0.0,0.35,0.0,0.0,0.0,0.0,0.0,0.0,0.0,0.0,0.25,-0.0,0.08111572265625,0.0,1.212969183921814,-0.0,0.0202789306640625,0.0202789306640625,-0.05,0.5384927093982697,0.35899513959884644,0.2,0.0,-0.0,-0.0,-0.0,0.8,1.0,-0.0,0.0,-0.0,-0.0,0.0,0.0,0.0,0.44328564495779577,-0.0,-0.0,-0.0,0.02,0.0,0.0,0.0,0.0,0.0,0.0,0.35899513959884644,31.916566436961293,32.4,0.0,0.6,0.0,1.0,2.0,4.0,0.0,1.0,0.0,1.0,0.0,0.0,0.0,0.0,0.0,0.0,0.0,0.0,0.0,0.0,0.0,0.0,0.0,0.0,0.0,0.0,0.0,0.0,0.0,35.212623596191406,10.668525695800781,34.89263916015625,10.66549015045166,-0.31998443603515625,-0.0030355453491210938,0.3199988305568695,-3.132106397569543,-0.9747572541236877,0.22326701879501343,0.0,-55.249114990234375,31.388681411743164,0.0,28.0,28.0,28.0,0.0,1.0,22.0,0.0,0.0,1.0,0.0,1.0,0.0,3.0,0.0,4.76,180.0284000346437,0.6913000252097845,138.96989997010678,32.864200067706406,13.48099997267127,4.0,4.2637999868020415,2.6433999883010983,0.5528000183403492,0.000300002284348011
1,370,370,4.070911258761696,0,0,2.0,2.0,1.0,1.0,1.0,1.0,1.0,1.0,1.0,1.0,1.0,1.0,1.0,1.0,1.0,1.0,1.0,1.0,1.0,0.0,0.9333609342575073,-0.4837869107723236,1.0,-0.460183709859848,0.45595094561576843,-0.6107655167579651,0.0,0.0001988731964956969,0.8636935353279114,-0.5040172934532166,0.0,0.0,0.0,0.0,0.0,0.0,126.1746826171875,25.0,25.0,25.0,25.0,25.0,0.0,1.0,1.0,1.0,0.0,0.0,0.0,0.0,0.0,2.2093491554260254,0.5951716807530446,0.7138904297351837,0.5324999928474426,0.02,-0.0,-0.00033651726698731967,-1.3619978928745457e-05,0.0,0.15,-0.0,0.0,0.0,-0.0,0.0,0.0,0.0,0.0,0.35,0.0,0.0,0.0,0.0,0.0,0.0,0.0,0.0,0.25,-0.0,0.079132080078125,0.0,1.2093491554260254,-0.0,0.01978302001953125,0.01978302001953125,-0.05,0.5358904302120209,0.3572602868080139,0.2,0.0,-0.0,-0.0,-0.0,0.27999999523162844,0.3499999940395355,-0.0,0.0,-0.0,-0.0,0.0,0.0,0.0,0.4455218179989606,-0.09749999642372131,-0.0,-0.0,0.02,0.0,0.0,0.0,0.0,0.0,0.0,0.3572602868080139,32.07757089592516,23.26086922832157,0.4206521686004555,0.0,0.0,0.3499999940395355,2.0,2.0,0.0,0.3499999940395355,0.0,0.3499999940395355,0.0,0.0,0.0,0.0,0.0,0.0,0.0,0.0,0.0,0.0,0.0,0.0,0.0,0.0,0.0,0.0,0.0,0.0,0.0,34.892887115478516,10.665548324584961,34.57290267944336,10.662508010864258,-0.31998443603515625,-0.003040313720703125,0.3199988901615143,-3.1320914972444607,-0.9745777249336243,0.2240498811006546,0.0,-55.249114990234375,31.388681411743164,0.0,28.0,28.0,28.0,0.0,1.0,22.0,0.0,0.0,1.0,0.0,1.0,0.0,3.0,0.0,4.8,169.83539995271713,0.601799925789237,121.98409996926785,39.38870003912598,21.22849994339049,4.0,4.506399971432984,2.6174000231549144,0.6992999697104096,0.000500003807246685
1,371,371,4.798278624093293,0,0,2.0,3.0,1.0,1.0,1.0,1.0,1.0,1.0,1.0,1.0,1.0,1.0,1.0,1.0,1.0,1.0,1.0,1.0,1.0,0.0,0.9321964979171753,-0.48638343811035156,1.0,-0.46258100867271423,0.4582509994506836,0.139760822057724,0.0,0.00018265258404426277,0.8636884689331055,-0.5040259957313538,0.0,0.0,0.0,0.0,0.0,0.0,126.19917297363281,25.0,25.0,25.0,25.0,25.0,0.0,1.0,1.0,1.0,0.0,0.0,0.0,0.0,0.0,2.2264928817749023,0.6015276566938681,0.7483998823165894,1.2018582033079337,0.02,-0.0,-0.00033651726698731967,-1.3619978928745457e-05,0.0,0.15,-0.0,0.0,0.0,-0.0,0.0,0.0,0.0,0.0,0.35,0.0,0.0,0.0,0.0,0.0,0.0,0.0,0.0,0.25,-0.0,0.09796142578125,0.0,1.2264928817749023,-0.0,0.0244903564453125,0.0244903564453125,-0.05,0.5423998832702637,0.3615999221801758,0.2,0.0,-0.0,-0.0,-0.0,0.5599999904632569,0.699999988079071,-0.0,0.0,-0.0,-0.0,0.0,0.0,0.0,0.45187779393978417,-0.052499999105930326,-0.0,-0.00564177612846403,0.02,0.0,0.0,0.0,0.0,0.0,0.0,0.3615999221801758,32.53520116366446,32.4,0.7326086850269979,0.0,0.0,0.699999988079071,2.0,3.0,0.0,0.699999988079071,0.0,0.699999988079071,0.0,0.0,0.0,0.0,0.0,0.0,0.0,0.0,0.0,0.0,0.0,0.0,0.0,0.0,0.0,0.0,0.0,0.0,0.0,34.573150634765625,10.662566184997559,34.25316619873047,10.659521102905273,-0.31998443603515625,-0.0030450820922851562,0.31999891996383667,-3.1320765971213733,-0.9743962287902832,0.22483789920806885,0.0,-55.249114990234375,31.388681411743164,0.0,28.0,28.0,28.0,0.0,1.0,22.0,0.0,0.0,1.0,0.0,1.0,0.0,3.0,0.0,4.84,168.20590000133961,0.6475000409409404,125.19249995239079,36.62339993752539,14.402100001461804,4.0,2.889399998821318,2.1473000524565578,0.6698999786749482,0.000500003807246685
1,372,372,4.831806891811937,0,0,2.0,3.0,1.0,1.0,1.0,1.0,1.0,1.0,1.0,1.0,1.0,1.0,1.0,1.0,1.0,1.0,1.0,1.0,1.0,0.0,0.93105149269104,-0.4890105128288269,1.0,-0.4649893045425415,0.4647885859012604,0.3972485065460205,0.0,0.00018265258404426277,0.8636736869812012,-0.5040513873100281,0.0,0.0,0.0,0.0,0.0,0.0,126.22160339355469,25.0,25.0,25.0,25.0,25.0,0.0,1.0,1.0,1.0,0.0,0.0,0.0,0.0,0.0,2.2166669368743896,0.5920986112485824,0.743041365146637,1.259999978542328,0.02,-0.0,-0.00033651726698731967,-1.3619978928745457e-05,0.0,0.15,-0.0,0.0,0.0,-0.0,0.0,0.0,0.0,0.0,0.35,0.0,0.0,0.0,0.0,0.0,0.0,0.0,0.0,0.25,-0.0,0.0897216796875,0.0,1.2166669368743896,-0.0,0.022430419921875,0.022430419921875,-0.05,0.5370413661003113,0.3580275774002075,0.2,0.0,-0.0,-0.0,-0.0,0.5599999904632569,0.699999988079071,-0.0,0.0,-0.0,-0.0,0.0,0.0,0.0,0.4424487484944985,-0.0,-0.0,-0.0,0.02,0.0,0.0,0.0,0.0,0.0,0.0,0.3580275774002075,31.85630989160389,32.4,0.0,0.6,0.0,0.699999988079071,2.0,3.0,0.0,0.699999988079071,0.0,0.699999988079071,0.0,0.0,0.0,0.0,0.0,0.0,0.0,0.0,0.0,0.0,0.0,0.0,0.0,0.0,0.0,0.0,0.0,0.0,0.0,34.253414154052734,10.659579277038574,33.93342971801758,10.656529426574707,-0.31998443603515625,-0.0030498504638671875,0.31999894976615906,-3.132061695501374,-0.9742128252983093,0.22563113272190094,0.0,-55.249114990234375,31.388681411743164,0.0,28.0,28.0,28.0,0.0,1.0,22.0,0.0,0.0,1.0,0.0,1.0,0.0,3.0,0.0,4.88,198.85799998883158,0.4544999683275819,142.6921000238508,48.17570000886917,21.858599968254566,4.0,4.202199983410537,2.5065999943763018,0.7909000851213932,0.000500003807246685
1,373,373,5.364721761858016,0,0,2.0,4.0,1.0,1.0,1.0,1.0,1.0,1.0,1.0,1.0,1.0,1.0,1.0,1.0,1.0,1.0,1.0,1.0,1.0,0.0,0.9298923015594482,-0.4916114807128906,1.0,-0.4673793911933899,0.45509013533592224,-0.5893153548240662,0.0,6.311374454526231e-05,0.8636701703071594,-0.5040573477745056,0.0,0.0,0.0,0.0,0.0,0.0,126.24571990966797,25.0,25.0,25.0,25.0,25.0,0.0,1.0,1.0,1.0,0.0,0.0,0.0,0.0,0.0,2.221745014190674,0.5994806872959434,0.7684960621595383,1.7549999982118607,0.02,-0.0,-0.00033651726698731967,-1.3619978928745457e-05,0.0,0.15,-0.0,0.0,0.0,-0.0,0.0,0.0,0.0,0.0,0.35,0.0,0.0,0.0,0.0,0.0,0.0,0.0,0.0,0.25,-0.0,0.096466064453125,0.0,1.2217450141906738,-0.0,0.02411651611328125,0.02411651611328125,-0.05,0.5384960621595383,0.3589973747730255,0.2,0.0,-0.0,-0.0,-0.0,0.8,1.0,-0.0,0.0,-0.0,-0.0,0.0,0.0,0.0,0.4498308245418594,-0.04500000178813934,-0.0,-0.0,0.02,0.0,0.0,0.0,0.0,0.0,0.0,0.3589973747730255,32.387819367013876,32.4,1.0,0.0,0.0,1.0,2.0,4.0,0.0,1.0,0.0,1.0,0.0,0.0,0.0,0.0,0.0,0.0,0.0,0.0,0.0,0.0,0.0,0.0,0.0,0.0,0.0,0.0,0.0,0.0,0.0,33.933677673339844,10.656587600708008,33.61369323730469,10.653532981872559,-0.31998443603515625,-0.0030546188354492188,0.31999900937080383,-3.132046795175646,-0.9740275740623474,0.22642967104911804,0.0,-55.249114990234375,31.388681411743164,0.0,28.0,28.0,28.0,0.0,1.0,22.0,0.0,0.0,1.0,0.0,1.0,0.0,3.0,0.0,4.92,215.07180004846305,0.6735000060871243,158.94039999693632,47.660899930633605,28.294399962760508,4.0,5.1463000709190965,2.1340999519452453,0.4814000567421317,0.000400003045797348
1,374,374,4.776405517062405,0,0,2.0,3.0,1.0,1.0,1.0,1.0,1.0,1.0,1.0,1.0,1.0,1.0,1.0,1.0,1.0,1.0,1.0,1.0,1.0,0.0,0.9287362694740295,-0.49421992897987366,1.0,-0.46976950764656067,0.46268314123153687,0.4613797664642334,0.0,6.311374454526231e-05,0.8636492490768433,-0.5040932893753052,0.0,0.0,0.0,0.0,0.0,0.0,126.24022674560547,25.0,25.0,25.0,25.0,25.0,0.0,1.0,1.0,1.0,0.0,0.0,0.0,0.0,0.0,2.2433913946151733,0.6058424879283829,0.7535294282436371,1.153642206275212,0.02,-0.0,-0.00033651726698731967,-1.3619978928745457e-05,0.0,0.15,-0.0,0.0,0.0,-0.0,0.0,0.0,0.0,0.0,0.35,0.0,0.0,0.0,0.0,0.0,0.0,0.0,0.0,0.25,-0.0,-0.0439453125,0.0,1.2433913946151733,-0.0,-0.0054931640625,-0.0054931640625,-0.05,0.5475294291973114,0.36501961946487427,0.2,0.0,-0.0,-0.0,-0.0,0.5599999904632569,0.699999988079071,-0.0,0.0,-0.0,-0.0,0.0,0.0,0.0,0.4561926251742989,-0.04500000178813934,-0.0,-0.06135777047897642,0.02,0.0,0.0,0.0,0.0,0.0,0.0,0.36501961946487427,32.84586901254952,32.4,0.7326086850269979,0.0,0.0,0.699999988079071,2.0,3.0,0.0,0.699999988079071,0.0,0.699999988079071,0.0,0.0,0.0,0.0,0.0,0.0,0.0,0.0,0.0,0.0,0.0,0.0,0.0,0.0,0.0,0.0,0.0,0.0,0.0,33.61394119262695,10.65359115600586,33.31230926513672,10.760443687438965,-0.3016319274902344,0.10685253143310547,0.3199988901615143,2.8011383756385366,-0.9738402962684631,0.22723354399204254,0.0,-55.249114990234375,31.388681411743164,0.0,28.0,28.0,28.0,0.0,1.0,21.0,0.0,0.0,1.0,0.0,1.0,0.0,3.0,0.0,4.96,199.99950006604195,0.5727000534534454,140.6540999887511,50.271199899725616,41.24829999636859,4.0,4.105699947103858,3.6421000258997083,0.7239000406116247,0.000500003807246685
1,375,375,5.375264258189052,0,0,2.0,4.0,1.0,1.0,1.0,1.0,1.0,1.0,1.0,1.0,1.0,1.0,1.0,1.0,1.0,1.0,1.0,1.0,1.0,0.0,0.927760124206543,-0.4959527850151062,1.0,-0.47143715620040894,0.4692266881465912,0.3976125419139862,0.0,0.00017272129480261356,0.8636449575424194,-0.5041005611419678,0.0,0.0,0.0,0.0,0.0,0.0,126.22843170166016,25.0,25.0,25.0,25.0,25.0,0.0,1.0,1.0,1.0,0.0,0.0,0.0,0.0,0.0,2.231877088546753,0.59632260899052,0.7720645624399185,1.7549999982118607,0.02,-0.0,-0.00033651726698731967,-1.3619978928745457e-05,0.0,0.15,-0.0,0.0,0.0,-0.0,0.0,0.0,0.0,0.0,0.35,0.0,0.0,0.0,0.0,0.0,0.0,0.0,0.0,0.25,-0.0,-0.0943603515625,0.0,1.231877088546753,-0.0,-0.0117950439453125,-0.0117950439453125,-0.05,0.5420645624399185,0.3613763749599457,0.2,0.0,-0.0,-0.0,-0.0,0.8,1.0,-0.0,0.0,-0.0,-0.0,0.0,0.0,0.0,0.4466727462364361,-0.04500000178813934,-0.0,-0.0,0.02,0.0,0.0,0.0,0.0,0.0,0.0,0.3613763749599457,32.1604377290234,32.4,0.0,0.6,0.0,1.0,2.0,4.0,0.0,1.0,0.0,1.0,0.0,0.0,0.0,0.0,0.0,0.0,0.0,0.0,0.0,0.0,0.0,0.0,0.0,0.0,0.0,0.0,0.0,0.0,0.0,33.31287384033203,10.760940551757812,33.035797119140625,10.921028137207031,-0.27707672119140625,0.16008758544921875,0.3199993073940277,2.61767651258012,-0.9739304780960083,0.2268465906381607,0.0,-55.249114990234375,31.388681411743164,0.0,28.0,28.0,28.0,0.0,1.0,21.0,0.0,0.0,1.0,0.0,1.0,0.0,3.0,0.0,5.0,212.70180004648864,0.6496000569313765,136.56020001508296,67.22450000233948,40.48500000499189,4.0,4.03160008136183,2.8536999598145485,1.3457000022754073,0.000500003807246685
1,376,376,4.812305048923338,0,0,2.0,3.0,1.0,1.0,1.0,1.0,1.0,1.0,1.0,1.0,1.0,1.0,1.0,1.0,1.0,1.0,1.0,1.0,1.0,0.0,0.926971971988678,-0.49721649289131165,1.0,-0.47268253564834595,0.45943483710289,-0.594992458820343,0.0,-0.00030670702108182013,0.8636584281921387,-0.5040774345397949,0.0,0.0,0.0,0.0,0.0,0.0,126.21662139892578,25.0,25.0,25.0,25.0,25.0,0.0,1.0,1.0,1.0,0.0,0.0,0.0,0.0,0.0,2.2318334579467773,0.601056766644977,0.7475818532705307,1.211832971061053,0.02,-0.0,-0.00033651726698731967,-1.3619978928745457e-05,0.0,0.15,-0.0,0.0,0.0,-0.0,0.0,0.0,0.0,0.0,0.35,0.0,0.0,0.0,0.0,0.0,0.0,0.0,0.0,0.25,-0.0,-0.094482421875,0.0,1.2318334579467773,-0.0,-0.011810302734375,-0.011810302734375,-0.05,0.541581854224205,0.36105456948280334,0.2,0.0,-0.0,-0.0,-0.0,0.5599999904632569,0.699999988079071,-0.0,0.0,-0.0,-0.0,0.0,0.0,0.0,0.451406903890893,-0.04500000178813934,-0.0,-0.003167005693135564,0.02,0.0,0.0,0.0,0.0,0.0,0.0,0.36105456948280334,32.50129708014429,32.4,0.7326086850269979,0.0,0.0,0.699999988079071,2.0,3.0,0.0,0.699999988079071,0.0,0.699999988079071,0.0,0.0,0.0,0.0,0.0,0.0,0.0,0.0,0.0,0.0,0.0,0.0,0.0,0.0,0.0,0.0,0.0,0.0,0.0,33.03627014160156,10.92148494720459,32.759178161621094,11.081548690795898,-0.27709197998046875,0.1600637435913086,0.3200005888938904,2.6177648532759803,-0.9741643667221069,0.2258404940366745,0.0,-55.249114990234375,31.388681411743164,0.0,28.0,28.0,28.0,0.0,1.0,21.0,0.0,0.0,1.0,0.0,1.0,0.0,3.0,0.0,5.04,139.64269997086376,0.5903999553993344,121.95159995462745,9.615199989639223,6.992899929173291,4.0,4.501399933360517,2.458500093780458,0.4984999541193247,0.000400003045797348
1,377,377,4.834698243024684,0,0,2.0,3.0,1.0,1.0,1.0,1.0,1.0,1.0,1.0,1.0,1.0,1.0,1.0,1.0,1.0,1.0,1.0,1.0,1.0,0.0,0.9261811971664429,-0.4984801709651947,1.0,-0.47392821311950684,0.46430423855781555,0.2958848476409912,0.0,-0.00030670702108182013,0.8636515140533447,-0.50408935546875,0.0,0.0,0.0,0.0,0.0,0.0,126.2021484375,25.0,25.0,25.0,25.0,25.0,0.0,1.0,1.0,1.0,0.0,0.0,0.0,0.0,0.0,2.221191644668579,0.591239697816707,0.7422669219970703,1.259999978542328,0.02,-0.0,-0.00033651726698731967,-1.3619978928745457e-05,0.0,0.15,-0.0,0.0,0.0,-0.0,0.0,0.0,0.0,0.0,0.35,0.0,0.0,0.0,0.0,0.0,0.0,0.0,0.0,0.25,-0.0,-0.11578369140625,0.0,1.221191644668579,-0.0,-0.01447296142578125,-0.01447296142578125,-0.05,0.5362669229507446,0.3575112819671631,0.2,0.0,-0.0,-0.0,-0.0,0.5599999904632569,0.699999988079071,-0.0,0.0,-0.0,-0.0,0.0,0.0,0.0,0.44158983506262306,-0.0,-0.0,-0.0,0.02,0.0,0.0,0.0,0.0,0.0,0.0,0.3575112819671631,31.79446812450886,32.4,0.0,0.6,0.0,0.699999988079071,2.0,3.0,0.0,0.699999988079071,0.0,0.699999988079071,0.0,0.0,0.0,0.0,0.0,0.0,0.0,0.0,0.0,0.0,0.0,0.0,0.0,0.0,0.0,0.0,0.0,0.0,0.0,32.75952911376953,11.081754684448242,32.48242950439453,11.241804122924805,-0.277099609375,0.1600494384765625,0.320000022649765,2.617815540761269,-0.9743978977203369,0.2248304933309555,0.0,-55.249114990234375,31.388681411743164,0.0,28.0,28.0,28.0,0.0,1.0,21.0,0.0,0.0,1.0,0.0,1.0,0.0,3.0,0.0,5.08,213.505299994722,0.5628999788314104,127.87140009459108,76.33599999826401,44.989499961957335,4.0,4.500299924984574,2.6517000515013933,1.5512999380007386,0.000400003045797348
1,378,378,5.367171447658836,0,0,2.0,4.0,1.0,1.0,1.0,1.0,1.0,1.0,1.0,1.0,1.0,1.0,1.0,1.0,1.0,1.0,1.0,1.0,1.0,0.0,0.9253763556480408,-0.49971887469291687,1.0,-0.4751604199409485,0.4542066752910614,-0.6135668158531189,0.0,-4.284443275537342e-05,0.8636541366577148,-0.5040848851203918,0.0,0.0,0.0,0.0,0.0,0.0,126.1888198852539,25.0,25.0,25.0,25.0,25.0,0.0,1.0,1.0,1.0,0.0,0.0,0.0,0.0,0.0,2.2257742881774902,0.5986597619298099,0.7677373993396759,1.7549999982118607,0.02,-0.0,-0.00033651726698731967,-1.3619978928745457e-05,0.0,0.15,-0.0,0.0,0.0,-0.0,0.0,0.0,0.0,0.0,0.35,0.0,0.0,0.0,0.0,0.0,0.0,0.0,0.0,0.25,-0.0,-0.10662841796875,0.0,1.2257742881774902,-0.0,-0.01332855224609375,-0.01332855224609375,-0.05,0.5377373993396759,0.35849159955978394,0.2,0.0,-0.0,-0.0,-0.0,0.8,1.0,-0.0,0.0,-0.0,-0.0,0.0,0.0,0.0,0.4490098991757259,-0.04500000178813934,-0.0,-0.0,0.02,0.0,0.0,0.0,0.0,0.0,0.0,0.35849159955978394,32.328712740652264,32.4,1.0,0.0,0.0,1.0,2.0,4.0,0.0,1.0,0.0,1.0,0.0,0.0,0.0,0.0,0.0,0.0,0.0,0.0,0.0,0.0,0.0,0.0,0.0,0.0,0.0,0.0,0.0,0.0,0.0,32.48271560668945,11.241862297058105,32.20561218261719,11.401904106140137,-0.2771034240722656,0.16004180908203125,0.3199995160102844,2.6178421116667416,-0.9746316075325012,0.22381532192230225,0.0,-55.249114990234375,31.388681411743164,0.0,28.0,28.0,28.0,0.0,1.0,21.0,1.0,0.0,1.0,0.0,1.0,0.0,3.0,0.0,5.12,160.7330999104306,0.7313999813050032,138.3149999892339,14.918699976988137,11.928899912163615,4.0,3.59590002335608,2.4695999454706907,0.6720001110807061,0.000500003807246685
1,379,379,5.358116645595398,0,0,2.0,4.0,1.0,1.0,1.0,1.0,1.0,1.0,1.0,1.0,1.0,1.0,1.0,1.0,1.0,1.0,1.0,1.0,1.0,0.0,0.9245760440826416,-0.5009649991989136,1.0,-0.4763956069946289,0.4618387520313263,0.46375399827957153,0.0,-4.284443275537342e-05,0.8636320233345032,-0.504122793674469,0.0,0.0,0.0,0.0,0.0,0.0,126.1820068359375,25.0,25.0,25.0,25.0,25.0,0.0,1.0,1.0,1.0,0.0,0.0,0.0,0.0,0.0,2.2518675327301025,0.6075548079376295,0.7786753582954407,1.700018946632226,0.02,-0.0,-0.00033651726698731967,-1.3619978928745457e-05,0.0,0.15,-0.0,0.0,0.0,-0.0,0.0,0.0,0.0,0.0,0.35,0.0,0.0,0.0,0.0,0.0,0.0,0.0,0.0,0.25,-0.0,-0.05450439453125,0.0,1.2518675327301025,-0.0,-0.00681304931640625,-0.00681304931640625,-0.05,0.5486753582954407,0.36578357219696045,0.2,0.0,-0.0,-0.0,-0.0,0.8,1.0,-0.0,0.0,-0.0,-0.0,0.0,0.0,0.0,0.4579049451835455,-0.0,-0.0,-0.09998105336777409,0.02,0.0,0.0,0.0,0.0,0.0,0.0,0.36578357219696045,32.96915605321527,32.4,1.0,0.0,0.0,1.0,2.0,4.0,0.0,1.0,0.0,1.0,0.0,0.0,0.0,0.0,0.0,0.0,0.0,0.0,0.0,0.0,0.0,0.0,0.0,0.0,0.0,0.0,0.0,0.0,0.0,32.205867767333984,11.401885986328125,31.928760528564453,11.561923027038574,-0.27710723876953125,0.16003704071044922,0.32000043988227844,2.6178610156907576,-0.9748655557632446,0.22279390692710876,0.0,-55.249114990234375,31.388681411743164,0.0,28.0,28.0,28.0,0.0,1.0,21.0,0.0,0.0,1.0,0.0,1.0,0.0,3.0,0.0,5.16,204.48680000845343,0.5711999256163836,134.41779999993742,61.23049999587238,35.615599947050214,4.0,4.255799925886095,3.030100022442639,0.950800022110343,0.000900006853044033
1,380,380,6.985576848806738,0,0,2.0,4.0,1.0,1.0,1.0,1.0,1.0,1.0,1.0,1.0,1.0,1.0,1.0,1.0,1.0,1.0,1.0,1.0,1.0,0.0,0.9238065481185913,-0.5022637248039246,1.0,-0.47765642404556274,0.4709879457950592,0.5559403896331787,0.0,0.00041639103437773883,0.8636156320571899,-0.5041508078575134,0.0,0.0,0.0,0.0,0.0,0.0,126.17296600341797,25.0,25.0,25.0,25.0,25.0,0.0,1.0,1.0,1.0,0.0,0.0,0.0,0.0,0.0,2.243019223213196,0.5981617764848469,2.324395849108696,1.8,0.02,-0.0,-0.00033651726698731967,-1.3619978928745457e-05,0.0,0.15,-0.0,0.0,0.0,-0.0,0.0,0.0,0.0,0.0,0.35,0.0,0.0,0.0,0.0,0.0,0.0,0.0,0.0,0.25,-0.0,-0.07232666015625,0.0,1.2430192232131958,-0.0,-0.00904083251953125,-0.00904083251953125,1.5,0.544395849108696,0.362930566072464,0.2,0.0,-0.0,-0.0,-0.0,0.8,1.0,-0.0,0.0,-0.0,-0.0,0.0,0.0,0.0,0.44851191373076293,-0.0,-0.0,-0.0,0.02,0.0,0.0,0.0,0.0,0.0,0.0,0.362930566072464,32.29285778861493,32.4,0.0,0.6,0.0,1.0,2.0,4.0,0.0,1.0,0.0,1.0,0.0,0.0,0.0,0.0,0.0,0.0,0.0,0.0,0.0,0.0,0.0,0.0,0.0,0.0,0.0,0.0,0.0,0.0,0.0,31.929006576538086,11.561874389648438,31.651897430419922,11.721907615661621,-0.27710914611816406,0.1600332260131836,0.32000017166137695,2.6178743160482045,-0.975100040435791,0.22176572680473328,0.0,-55.249114990234375,31.388681411743164,0.0,28.0,28.0,28.0,0.0,1.0,21.0,0.0,0.0,1.0,0.0,1.0,0.0,3.0,0.0,5.2,169.51929999049753,0.6759000243619084,142.7146999631077,16.23830001335591,12.551699997857213,4.0,4.921699990518391,3.9591999957337976,0.9778999956324697,0.000400003045797348
1,381,381,5.394466091652644,0,0,2.0,4.0,1.0,1.0,1.0,1.0,1.0,1.0,1.0,1.0,1.0,1.0,1.0,1.0,1.0,1.0,1.0,1.0,1.0,0.0,0.9230244159698486,-0.5035423636436462,1.0,-0.4789067208766937,0.461326539516449,-0.5870644450187683,0.0,0.00041639103437773883,0.863621711730957,-0.5041403770446777,0.0,0.0,0.0,0.0,0.0,0.0,126.16487884521484,25.0,25.0,25.0,25.0,25.0,0.0,1.0,1.0,1.0,0.0,0.0,0.0,0.0,0.0,2.2468655109405518,0.6054399694315342,0.7758011478185654,1.7463594634619934,0.02,-0.0,-0.00033651726698731967,-1.3619978928745457e-05,0.0,0.15,-0.0,0.0,0.0,-0.0,0.0,0.0,0.0,0.0,0.35,0.0,0.0,0.0,0.0,0.0,0.0,0.0,0.0,0.25,-0.0,-0.064697265625,0.0,1.2468655109405518,-0.0,-0.008087158203125,-0.008087158203125,-0.05,0.5458011478185654,0.3638674318790436,0.2,0.0,-0.0,-0.0,-0.0,0.8,1.0,-0.0,0.0,-0.0,-0.0,0.0,0.0,0.0,0.4557901066774503,-0.0,-0.0,-0.053640536538006496,0.02,0.0,0.0,0.0,0.0,0.0,0.0,0.3638674318790436,32.81688768077642,32.4,1.0,0.0,0.0,1.0,2.0,4.0,0.0,1.0,0.0,1.0,0.0,0.0,0.0,0.0,0.0,0.0,0.0,0.0,0.0,0.0,0.0,0.0,0.0,0.0,0.0,0.0,0.0,0.0,0.0,31.65213966369629,11.721844673156738,31.375028610229492,11.881875038146973,-0.2771110534667969,0.16003036499023438,0.32000038027763367,2.61788502903428,-0.9753348231315613,0.22073042392730713,0.0,-55.249114990234375,31.388681411743164,0.0,28.0,28.0,28.0,0.0,1.0,21.0,0.0,0.0,1.0,0.0,1.0,0.0,3.0,0.0,5.24,253.7227999418974,0.6181999342516065,173.75029996037483,70.87400008458644,37.56169998086989,4.0,4.608300048857927,2.942599938251078,0.8848999859765172,0.000600004568696022
1,382,382,5.425717728985399,0,0,2.0,4.0,1.0,1.0,1.0,1.0,1.0,1.0,1.0,1.0,1.0,1.0,1.0,1.0,1.0,1.0,1.0,1.0,1.0,0.0,0.9222447276115417,-0.504828691482544,1.0,-0.4801609218120575,0.4688126742839813,0.4548870623111725,0.0,0.00022835229174233973,0.863610565662384,-0.5041595101356506,0.0,0.0,0.0,0.0,0.0,0.0,126.1546859741211,25.0,25.0,25.0,25.0,25.0,0.0,1.0,1.0,1.0,0.0,0.0,0.0,0.0,0.0,2.2384356260299683,0.5956302430759369,0.7716518598794937,1.8,0.02,-0.0,-0.00033651726698731967,-1.3619978928745457e-05,0.0,0.15,-0.0,0.0,0.0,-0.0,0.0,0.0,0.0,0.0,0.35,0.0,0.0,0.0,0.0,0.0,0.0,0.0,0.0,0.25,-0.0,-0.08154296875,0.0,1.2384356260299683,-0.0,-0.01019287109375,-0.01019287109375,-0.05,0.5416518598794937,0.3611012399196625,0.2,0.0,-0.0,-0.0,-0.0,0.8,1.0,-0.0,0.0,-0.0,-0.0,0.0,0.0,0.0,0.44598038032185294,-0.0,-0.0,-0.0,0.02,0.0,0.0,0.0,0.0,0.0,0.0,0.3611012399196625,32.11058738317341,32.4,0.0,0.6,0.0,1.0,2.0,4.0,0.0,1.0,0.0,1.0,0.0,0.0,0.0,0.0,0.0,0.0,0.0,0.0,0.0,0.0,0.0,0.0,0.0,0.0,0.0,0.0,0.0,0.0,0.0,31.375268936157227,11.881805419921875,31.098155975341797,12.04183292388916,-0.2771129608154297,0.16002750396728516,0.32000061869621277,2.6178957340201454,-0.9755701422691345,0.21968787908554077,0.0,-55.249114990234375,31.388681411743164,0.0,28.0,28.0,28.0,0.0,1.0,21.0,0.0,0.0,1.0,0.0,1.0,0.0,3.0,0.0,5.28,209.4541999977082,0.6359999533742666,159.99220008961856,35.310700070112944,22.27309998124838,4.0,5.171300028450787,6.786999991163611,1.5095999697223306,0.000400003045797348
1,383,383,4.100944114467054,0,0,2.0,2.0,1.0,1.0,1.0,1.0,1.0,1.0,1.0,1.0,1.0,1.0,1.0,1.0,1.0,1.0,1.0,1.0,1.0,0.0,0.9214533567428589,-0.5060952305793762,1.0,-0.48140445351600647,0.45872268080711365,-0.6131079196929932,0.0,-0.0002805967815220356,0.8636245131492615,-0.5041356086730957,0.0,0.0,0.0,0.0,0.0,0.0,126.14326477050781,25.0,25.0,25.0,25.0,25.0,0.0,1.0,1.0,1.0,0.0,0.0,0.0,0.0,0.0,2.2336065769195557,0.5978151442016659,0.7170224004983902,0.5324999928474426,0.02,-0.0,-0.00033651726698731967,-1.3619978928745457e-05,0.0,0.15,-0.0,0.0,0.0,-0.0,0.0,0.0,0.0,0.0,0.35,0.0,0.0,0.0,0.0,0.0,0.0,0.0,0.0,0.25,-0.0,-0.09136962890625,0.0,1.2336065769195557,-0.0,-0.01142120361328125,-0.01142120361328125,-0.05,0.5390224009752274,0.35934826731681824,0.2,0.0,-0.0,-0.0,-0.0,0.27999999523162844,0.3499999940395355,-0.0,0.0,-0.0,-0.0,0.0,0.0,0.0,0.448165281447582,-0.09749999642372131,-0.0,-0.0,0.02,0.0,0.0,0.0,0.0,0.0,0.0,0.35934826731681824,32.2679002642259,23.26086922832157,0.4206521686004555,0.0,0.0,0.3499999940395355,2.0,2.0,0.0,0.3499999940395355,0.0,0.3499999940395355,0.0,0.0,0.0,0.0,0.0,0.0,0.0,0.0,0.0,0.0,0.0,0.0,0.0,0.0,0.0,0.0,0.0,0.0,0.0,31.09839630126953,12.041760444641113,30.82128143310547,12.20178508758545,-0.2771148681640625,0.16002464294433594,0.3200008273124695,2.6179064688140476,-0.9758060574531555,0.21863792836666107,0.0,-55.249114990234375,31.388681411743164,0.0,28.0,28.0,28.0,0.0,1.0,21.0,0.0,0.0,1.0,0.0,1.0,0.0,3.0,0.0,5.32,212.7125000115484,0.737300026230514,164.00290001183748,41.303399950265884,27.545400080271065,4.0,3.8126999279484153,2.176100038923323,0.6498999428004026,0.000400003045797348
1,384,384,5.284163044440483,0,0,2.0,4.0,1.0,1.0,1.0,1.0,1.0,1.0,1.0,1.0,1.0,1.0,1.0,1.0,1.0,1.0,1.0,1.0,1.0,0.0,0.9206550717353821,-0.5073488354682922,1.0,-0.4826405942440033,0.460970014333725,0.13655632734298706,0.0,-0.0002805967815220356,0.8636208176612854,-0.5041419267654419,0.0,0.0,0.0,0.0,0.0,0.0,126.13700866699219,25.0,25.0,25.0,25.0,25.0,0.0,1.0,1.0,1.0,0.0,0.0,0.0,0.0,0.0,2.2542572021484375,0.606569760194905,0.7774520474672317,1.6258840346299086,0.02,-0.0,-0.00033651726698731967,-1.3619978928745457e-05,0.0,0.15,-0.0,0.0,0.0,-0.0,0.0,0.0,0.0,0.0,0.35,0.0,0.0,0.0,0.0,0.0,0.0,0.0,0.0,0.25,-0.0,-0.050048828125,0.0,1.2542572021484375,-0.0,-0.006256103515625,-0.006256103515625,-0.05,0.5474520474672318,0.36496803164482117,0.2,0.0,-0.0,-0.0,-0.0,0.8,1.0,-0.0,0.0,-0.0,-0.0,0.0,0.0,0.0,0.45691989744082107,-0.09749999642372131,-0.0,-0.07661596894637011,0.02,0.0,0.0,0.0,0.0,0.0,0.0,0.36496803164482117,32.89823261573911,32.4,1.0,0.0,0.0,1.0,2.0,4.0,0.0,1.0,0.0,1.0,0.0,0.0,0.0,0.0,0.0,0.0,0.0,0.0,0.0,0.0,0.0,0.0,0.0,0.0,0.0,0.0,0.0,0.0,0.0,30.821521759033203,12.201711654663086,30.544404983520508,12.361732482910156,-0.2771167755126953,0.1600208282470703,0.3200005888938904,2.6179197393634794,-0.9760423898696899,0.21758054196834564,0.0,-55.249114990234375,31.388681411743164,0.0,28.0,28.0,28.0,0.0,1.0,21.0,0.0,0.0,1.0,0.0,1.0,0.0,3.0,0.0,5.36,178.16589993890375,0.4841999616473913,129.12309996318072,41.72910004854202,22.035200032405555,4.0,3.4765000455081463,2.346999943256378,0.9729999583214521,0.000600004568696022
1,385,385,6.377283521322458,0,0,2.0,3.0,1.0,1.0,1.0,1.0,1.0,1.0,1.0,1.0,1.0,1.0,1.0,1.0,1.0,1.0,1.0,1.0,1.0,0.0,0.9198814630508423,-0.5086423754692078,1.0,-0.4838951528072357,0.4699747562408447,0.5471634864807129,0.0,0.00044185787555761635,0.8636035323143005,-0.5041714906692505,0.0,0.0,0.0,0.0,0.0,0.0,126.12865447998047,25.0,25.0,25.0,25.0,25.0,0.0,1.0,1.0,1.0,0.0,0.0,0.0,0.0,0.0,2.245936393737793,0.597121684579104,2.2992254662513734,1.2149999767541886,0.02,-0.0,-0.00033651726698731967,-1.3619978928745457e-05,0.0,0.15,-0.0,0.0,0.0,-0.0,0.0,0.0,0.0,0.0,0.35,0.0,0.0,0.0,0.0,0.0,0.0,0.0,0.0,0.25,-0.0,-0.06683349609375,0.0,1.245936393737793,-0.0,-0.00835418701171875,-0.00835418701171875,1.5,0.5432254672050476,0.36215031147003174,0.2,0.0,-0.0,-0.0,-0.0,0.5599999904632569,0.699999988079071,-0.0,0.0,-0.0,-0.0,0.0,0.0,0.0,0.44747182182502004,-0.04500000178813934,-0.0,-0.0,0.02,0.0,0.0,0.0,0.0,0.0,0.0,0.36215031147003174,32.217971171401445,32.4,0.0,0.6,0.0,0.699999988079071,2.0,3.0,0.0,0.699999988079071,0.0,0.699999988079071,0.0,0.0,0.0,0.0,0.0,0.0,0.0,0.0,0.0,0.0,0.0,0.0,0.0,0.0,0.0,0.0,0.0,0.0,0.0,30.544645309448242,12.361658096313477,30.267526626586914,12.521676063537598,-0.2771186828613281,0.1600179672241211,0.3200007975101471,2.6179305039633745,-0.9762791395187378,0.21651557087898254,0.0,-55.249114990234375,31.388681411743164,0.0,28.0,28.0,28.0,0.0,1.0,21.0,0.0,0.0,1.0,0.0,1.0,0.0,3.0,0.0,5.4,165.06659996230155,0.67839992698282,118.92949999310076,37.698799977079034,14.015000080689788,4.0,4.207400023005903,2.833800041116774,0.6956999422982335,0.000400003045797348
1,386,386,5.366172652138042,0,0,2.0,4.0,1.0,1.0,1.0,1.0,1.0,1.0,1.0,1.0,1.0,1.0,1.0,1.0,1.0,1.0,1.0,1.0,1.0,0.0,0.9190970063209534,-0.5099149942398071,1.0,-0.4851379692554474,0.4602567255496979,-0.5905047059059143,0.0,0.00044185787555761635,0.8636016845703125,-0.5041747093200684,0.0,0.0,0.0,0.0,0.0,0.0,126.121337890625,25.0,25.0,25.0,25.0,25.0,0.0,1.0,1.0,1.0,0.0,0.0,0.0,0.0,0.0,2.2501118183135986,0.6045331261632217,0.7746817278861999,1.7168459797750226,0.02,-0.0,-0.00033651726698731967,-1.3619978928745457e-05,0.0,0.15,-0.0,0.0,0.0,-0.0,0.0,0.0,0.0,0.0,0.35,0.0,0.0,0.0,0.0,0.0,0.0,0.0,0.0,0.25,-0.0,-0.05853271484375,0.0,1.2501118183135986,-0.0,-0.00731658935546875,-0.00731658935546875,-0.05,0.5446817278862,0.3631211519241333,0.2,0.0,-0.0,-0.0,-0.0,0.8,1.0,-0.0,0.0,-0.0,-0.0,0.0,0.0,0.0,0.45488326340913776,-0.04500000178813934,-0.0,-0.038154018436838,0.02,0.0,0.0,0.0,0.0,0.0,0.0,0.3631211519241333,32.75159496545792,32.4,1.0,0.0,0.0,1.0,2.0,4.0,0.0,1.0,0.0,1.0,0.0,0.0,0.0,0.0,0.0,0.0,0.0,0.0,0.0,0.0,0.0,0.0,0.0,0.0,0.0,0.0,0.0,0.0,0.0,30.26776695251465,12.521601676940918,29.990646362304688,12.681615829467773,-0.27712059020996094,0.16001415252685547,0.320000559091568,2.6179438261306807,-0.9765164852142334,0.21544301509857178,0.0,-55.249114990234375,31.388681411743164,0.0,28.0,28.0,28.0,0.0,1.0,21.0,0.0,0.0,1.0,0.0,1.0,0.0,3.0,0.0,5.44,171.44069995265454,0.4168999148532748,121.34470010641962,42.23290004301816,23.94560002721846,4.0,4.2845000280067325,2.5173999601975083,0.6153000285848975,0.000400003045797348
1,387,387,5.426823143777362,0,0,2.0,4.0,1.0,1.0,1.0,1.0,1.0,1.0,1.0,1.0,1.0,1.0,1.0,1.0,1.0,1.0,1.0,1.0,1.0,0.0,0.9183158874511719,-0.5111951231956482,1.0,-0.4863840937614441,0.46787992119789124,0.4632151126861572,0.0,0.0005908945458941162,0.8635819554328918,-0.504208505153656,0.0,0.0,0.0,0.0,0.0,0.0,126.11185455322266,25.0,25.0,25.0,25.0,25.0,0.0,1.0,1.0,1.0,0.0,0.0,0.0,0.0,0.0,2.2414615154266357,0.5948177443118019,0.7705438840389252,1.8,0.02,-0.0,-0.00033651726698731967,-1.3619978928745457e-05,0.0,0.15,-0.0,0.0,0.0,-0.0,0.0,0.0,0.0,0.0,0.35,0.0,0.0,0.0,0.0,0.0,0.0,0.0,0.0,0.25,-0.0,-0.07586669921875,0.0,1.2414615154266357,-0.0,-0.00948333740234375,-0.00948333740234375,-0.05,0.5405438840389252,0.36036258935928345,0.2,0.0,-0.0,-0.0,-0.0,0.8,1.0,-0.0,0.0,-0.0,-0.0,0.0,0.0,0.0,0.44516788155771797,-0.0,-0.0,-0.0,0.02,0.0,0.0,0.0,0.0,0.0,0.0,0.36036258935928345,32.05208747215569,32.4,0.0,0.6,0.0,1.0,2.0,4.0,0.0,1.0,0.0,1.0,0.0,0.0,0.0,0.0,0.0,0.0,0.0,0.0,0.0,0.0,0.0,0.0,0.0,0.0,0.0,0.0,0.0,0.0,0.0,29.990886688232422,12.681540489196777,29.713764190673828,12.841550827026367,-0.27712249755859375,0.16001033782958984,0.3200002908706665,2.617957126485565,-0.9767541289329529,0.2143627107143402,0.0,-55.249114990234375,31.388681411743164,0.0,28.0,28.0,28.0,0.0,1.0,21.0,0.0,0.0,1.0,0.0,1.0,0.0,3.0,0.0,5.48,164.29029998835176,0.543600064702332,120.13659998774529,37.33969992026687,13.001299928873777,4.0,3.5530999302864075,2.065500011667609,0.6063999608159065,0.000400003045797348
1,388,388,5.428635075359819,0,0,2.0,4.0,1.0,1.0,1.0,1.0,1.0,1.0,1.0,1.0,1.0,1.0,1.0,1.0,1.0,1.0,1.0,1.0,1.0,0.0,0.9175224304199219,-0.5124558210372925,1.0,-0.4876202642917633,0.4578869640827179,-0.6072113513946533,0.0,0.0005908945458941162,0.8635913729667664,-0.5041923522949219,0.0,0.0,0.0,0.0,0.0,0.0,126.1033935546875,25.0,25.0,25.0,25.0,25.0,0.0,1.0,1.0,1.0,0.0,0.0,0.0,0.0,0.0,2.2455456256866455,0.6022984630660339,0.7720151203870773,1.7887758662200626,0.02,-0.0,-0.00033651726698731967,-1.3619978928745457e-05,0.0,0.15,-0.0,0.0,0.0,-0.0,0.0,0.0,0.0,0.0,0.35,0.0,0.0,0.0,0.0,0.0,0.0,0.0,0.0,0.25,-0.0,-0.06768798828125,0.0,1.2455456256866455,-0.0,-0.00846099853515625,-0.00846099853515625,-0.05,0.5420151203870773,0.3613434135913849,0.2,0.0,-0.0,-0.0,-0.0,0.8,1.0,-0.0,0.0,-0.0,-0.0,0.0,0.0,0.0,0.45264860031194987,-0.0,-0.0,-0.011224133779937492,0.02,0.0,0.0,0.0,0.0,0.0,0.0,0.3613434135913849,32.590699222460394,32.4,1.0,0.0,0.0,1.0,2.0,4.0,0.0,1.0,0.0,1.0,0.0,0.0,0.0,0.0,0.0,0.0,0.0,0.0,0.0,0.0,0.0,0.0,0.0,0.0,0.0,0.0,0.0,0.0,0.0,29.714004516601562,12.841475486755371,29.436880111694336,13.001481056213379,-0.27712440490722656,0.1600055694580078,0.3199995458126068,2.6179729923994275,-0.9769923090934753,0.21327464282512665,0.0,-55.249114990234375,31.388681411743164,0.0,28.0,28.0,28.0,0.0,1.0,21.0,0.0,0.0,1.0,0.0,1.0,0.0,3.0,0.0,5.52,167.79849992599338,0.4783999174833298,117.62130004353821,43.52990002371371,35.35740007646382,4.0,2.993499976582825,1.7071000766009092,1.4439999358728528,0.000500003807246685
1,389,389,4.808795855417772,0,0,2.0,3.0,1.0,1.0,1.0,1.0,1.0,1.0,1.0,1.0,1.0,1.0,1.0,1.0,1.0,1.0,1.0,1.0,1.0,0.0,0.9167318940162659,-0.5137243270874023,1.0,-0.4888601303100586,0.46558141708374023,0.46754491329193115,0.0,0.00014583533629775047,0.8635823130607605,-0.5042079091072083,0.0,0.0,0.0,0.0,0.0,0.0,126.09284210205078,25.0,25.0,25.0,25.0,25.0,0.0,1.0,1.0,1.0,0.0,0.0,0.0,0.0,0.0,2.237238049507141,0.5926598558574168,0.7438979732990265,1.2149999767541886,0.02,-0.0,-0.00033651726698731967,-1.3619978928745457e-05,0.0,0.15,-0.0,0.0,0.0,-0.0,0.0,0.0,0.0,0.0,0.35,0.0,0.0,0.0,0.0,0.0,0.0,0.0,0.0,0.25,-0.0,-0.08441162109375,0.0,1.2372380495071411,-0.0,-0.01055145263671875,-0.01055145263671875,-0.05,0.5378979742527008,0.35859864950180054,0.2,0.0,-0.0,-0.0,-0.0,0.5599999904632569,0.699999988079071,-0.0,0.0,-0.0,-0.0,0.0,0.0,0.0,0.44300999310333283,-0.04500000178813934,-0.0,-0.0,0.02,0.0,0.0,0.0,0.0,0.0,0.0,0.35859864950180054,31.89671950343996,32.4,0.0,0.6,0.0,0.699999988079071,2.0,3.0,0.0,0.699999988079071,0.0,0.699999988079071,0.0,0.0,0.0,0.0,0.0,0.0,0.0,0.0,0.0,0.0,0.0,0.0,0.0,0.0,0.0,0.0,0.0,0.0,0.0,29.43712043762207,13.001405715942383,29.159992218017578,13.161406517028809,-0.2771282196044922,0.16000080108642578,0.32000046968460083,2.617991844808538,-0.9772308468818665,0.21217867732048035,0.0,-55.249114990234375,31.388681411743164,0.0,28.0,28.0,28.0,0.0,1.0,21.0,0.0,0.0,1.0,0.0,1.0,0.0,3.0,0.0,5.56,209.49010003823787,0.667800079099834,128.57960001565516,71.8846000963822,30.703000025823712,4.0,4.610600066371262,2.888499991968274,0.8188999490812421,0.000300002284348011
1,390,390,5.385554516130652,0,0,2.0,4.0,1.0,1.0,1.0,1.0,1.0,1.0,1.0,1.0,1.0,1.0,1.0,1.0,1.0,1.0,1.0,1.0,1.0,0.0,0.9159303307533264,-0.5149728059768677,1.0,-0.49008917808532715,0.4556674361228943,-0.6024129390716553,0.0,-0.00018796983931679279,0.8635934591293335,-0.5041887164115906,0.0,0.0,0.0,0.0,0.0,0.0,126.08882141113281,25.0,25.0,25.0,25.0,25.0,0.0,1.0,1.0,1.0,0.0,0.0,0.0,0.0,0.0,2.241459608078003,0.6001686322269214,0.7693568724393844,1.7545694033863437,0.02,-0.0,-0.00033651726698731967,-1.3619978928745457e-05,0.0,0.15,-0.0,0.0,0.0,-0.0,0.0,0.0,0.0,0.0,0.35,0.0,0.0,0.0,0.0,0.0,0.0,0.0,0.0,0.25,-0.0,-0.03216552734375,0.0,1.241459608078003,-0.0,-0.00402069091796875,-0.00402069091796875,-0.05,0.5393568724393845,0.359571248292923,0.2,0.0,-0.0,-0.0,-0.0,0.8,1.0,-0.0,0.0,-0.0,-0.0,0.0,0.0,0.0,0.4505187694728375,-0.04500000178813934,-0.0,-0.0004305948255168996,0.02,0.0,0.0,0.0,0.0,0.0,0.0,0.359571248292923,32.4373514020443,32.4,1.0,0.0,0.0,1.0,2.0,4.0,0.0,1.0,0.0,1.0,0.0,0.0,0.0,0.0,0.0,0.0,0.0,0.0,0.0,0.0,0.0,0.0,0.0,0.0,0.0,0.0,0.0,0.0,0.0,29.160232543945312,13.161331176757812,28.91472816467285,13.366580963134766,-0.24550437927246094,0.20524978637695312,0.3199997842311859,2.4452632126386877,-0.9774698615074158,0.2110747992992401,0.0,-55.249114990234375,31.388681411743164,0.0,28.0,28.0,28.0,0.0,1.0,20.0,0.0,0.0,1.0,0.0,1.0,0.0,3.0,0.0,5.6,154.84530001413077,0.5775999743491411,138.09650007169694,10.442700004205108,7.534699980169535,4.0,3.5321000032126904,1.5712999738752842,0.59710000641644,0.000500003807246685
1,391,391,4.799913601740188,0,0,2.0,3.0,1.0,1.0,1.0,1.0,1.0,1.0,1.0,1.0,1.0,1.0,1.0,1.0,1.0,1.0,1.0,1.0,1.0,0.0,0.9153982996940613,-0.5158497095108032,1.0,-0.49093934893608093,0.4633907377719879,0.46929851174354553,0.0,-0.00018796983931679279,0.863578200340271,-0.5042149424552917,0.0,0.0,0.0,0.0,0.0,0.0,126.0826187133789,25.0,25.0,25.0,25.0,25.0,0.0,1.0,1.0,1.0,0.0,0.0,0.0,0.0,0.0,2.2331130504608154,0.5905475722392274,0.7412530022859574,1.2149999767541886,0.02,-0.0,-0.00033651726698731967,-1.3619978928745457e-05,0.0,0.15,-0.0,0.0,0.0,-0.0,0.0,0.0,0.0,0.0,0.35,0.0,0.0,0.0,0.0,0.0,0.0,0.0,0.0,0.25,-0.0,-0.04962158203125,0.0,1.2331130504608154,-0.0,-0.00620269775390625,-0.00620269775390625,-0.05,0.5352530032396317,0.35683533549308777,0.2,0.0,-0.0,-0.0,-0.0,0.5599999904632569,0.699999988079071,-0.0,0.0,-0.0,-0.0,0.0,0.0,0.0,0.44089770948514345,-0.04500000178813934,-0.0,-0.0,0.02,0.0,0.0,0.0,0.0,0.0,0.0,0.35683533549308777,31.74463508293033,32.4,0.0,0.6,0.0,0.699999988079071,2.0,3.0,0.0,0.699999988079071,0.0,0.699999988079071,0.0,0.0,0.0,0.0,0.0,0.0,0.0,0.0,0.0,0.0,0.0,0.0,0.0,0.0,0.0,0.0,0.0,0.0,0.0,28.91514015197754,13.366649627685547,28.669628143310547,13.571889877319336,-0.2455120086669922,0.20524024963378906,0.3199995458126068,2.445301347587916,-0.9778337478637695,0.20938284695148468,0.0,-55.249114990234375,31.388681411743164,0.0,28.0,28.0,28.0,0.0,1.0,20.0,0.0,0.0,1.0,0.0,1.0,0.0,3.0,0.0,5.64,180.41189992800355,0.6736000068485737,125.45230006799102,48.94200002308935,15.652399975806475,4.0,3.2568000024184585,1.6144999535754323,0.43000001460313797,0.000400003045797348
1,392,392,5.376803387878388,0,0,2.0,4.0,1.0,1.0,1.0,1.0,1.0,1.0,1.0,1.0,1.0,1.0,1.0,1.0,1.0,1.0,1.0,1.0,1.0,0.0,0.9148555397987366,-0.5167065858840942,1.0,-0.49177902936935425,0.4534947872161865,-0.6013162732124329,0.0,3.540898615028709e-05,0.8635772466659546,-0.5042166113853455,0.0,0.0,0.0,0.0,0.0,0.0,126.07732391357422,25.0,25.0,25.0,25.0,25.0,0.0,1.0,1.0,1.0,0.0,0.0,0.0,0.0,0.0,2.2370829582214355,0.598028333662003,0.7666920977830887,1.7549999982118607,0.02,-0.0,-0.00033651726698731967,-1.3619978928745457e-05,0.0,0.15,-0.0,0.0,0.0,-0.0,0.0,0.0,0.0,0.0,0.35,0.0,0.0,0.0,0.0,0.0,0.0,0.0,0.0,0.25,-0.0,-0.0423583984375,0.0,1.2370829582214355,-0.0,-0.0052947998046875,-0.0052947998046875,-0.05,0.5366920977830887,0.35779473185539246,0.2,0.0,-0.0,-0.0,-0.0,0.8,1.0,-0.0,0.0,-0.0,-0.0,0.0,0.0,0.0,0.4483784709079191,-0.04500000178813934,-0.0,-0.0,0.02,0.0,0.0,0.0,0.0,0.0,0.0,0.35779473185539246,32.28324990537018,32.4,1.0,0.0,0.0,1.0,2.0,4.0,0.0,1.0,0.0,1.0,0.0,0.0,0.0,0.0,0.0,0.0,0.0,0.0,0.0,0.0,0.0,0.0,0.0,0.0,0.0,0.0,0.0,0.0,0.0,28.669958114624023,13.57190990447998,28.424440383911133,13.777143478393555,-0.24551773071289062,0.20523357391357422,0.319999635219574,2.445328844383516,-0.9781968593597412,0.20767997205257416,0.0,-55.249114990234375,31.388681411743164,0.0,28.0,28.0,28.0,0.0,1.0,20.0,0.0,0.0,1.0,0.0,1.0,0.0,3.0,0.0,5.68,157.91189996525645,0.5755999591201544,131.4661999931559,18.319700029678643,12.746399966999888,4.0,4.44200006313622,2.3517999798059464,0.7238999241963029,0.000500003807246685
1,393,393,4.81376011716732,0,0,2.0,3.0,1.0,1.0,1.0,1.0,1.0,1.0,1.0,1.0,1.0,1.0,1.0,1.0,1.0,1.0,1.0,1.0,1.0,0.0,0.9143159985542297,-0.5175711512565613,1.0,-0.49262258410453796,0.46118927001953125,0.46754759550094604,0.0,3.540898615028709e-05,0.8635565638542175,-0.504252016544342,0.0,0.0,0.0,0.0,0.0,0.0,126.07731628417969,25.0,25.0,25.0,25.0,25.0,0.0,1.0,1.0,1.0,0.0,0.0,0.0,0.0,0.0,2.25846529006958,0.6043799086473135,0.751712276339531,1.179202642110896,0.02,-0.0,-0.00033651726698731967,-1.3619978928745457e-05,0.0,0.15,-0.0,0.0,0.0,-0.0,0.0,0.0,0.0,0.0,0.35,0.0,0.0,0.0,0.0,0.0,0.0,0.0,0.0,0.25,-0.0,-6.103515625e-05,0.0,1.25846529006958,-0.0,-7.62939453125e-06,-7.62939453125e-06,-0.05,0.5457122772932053,0.36380818486213684,0.2,0.0,-0.0,-0.0,-0.0,0.5599999904632569,0.699999988079071,-0.0,0.0,-0.0,-0.0,0.0,0.0,0.0,0.4547300458932296,-0.04500000178813934,-0.0,-0.03579733464329255,0.02,0.0,0.0,0.0,0.0,0.0,0.0,0.36380818486213684,32.74056330431253,32.4,0.7326086850269979,0.0,0.0,0.699999988079071,2.0,3.0,0.0,0.699999988079071,0.0,0.699999988079071,0.0,0.0,0.0,0.0,0.0,0.0,0.0,0.0,0.0,0.0,0.0,0.0,0.0,0.0,0.0,0.0,0.0,0.0,0.0,28.424707412719727,13.777083396911621,28.17918586730957,13.982312202453613,-0.24552154541015625,0.2052288055419922,0.3199995160102844,2.4453478927474497,-0.9785590767860413,0.20596633851528168,0.0,-55.249114990234375,31.388681411743164,0.0,28.0,28.0,28.0,0.0,1.0,20.0,0.0,0.0,1.0,0.0,1.0,0.0,3.0,0.0,5.72,205.19750006496906,0.5494999932125211,148.67460005916655,48.74449991621077,29.704000102356076,4.0,4.765399964526296,1.6545000253245234,0.7810000097379088,0.000500003807246685
1,394,394,5.386394204413444,0,0,2.0,4.0,1.0,1.0,1.0,1.0,1.0,1.0,1.0,1.0,1.0,1.0,1.0,1.0,1.0,1.0,1.0,1.0,1.0,0.0,0.9138010740280151,-0.5184795260429382,1.0,-0.49348723888397217,0.4677223265171051,0.3969734311103821,0.0,0.0001624206779524684,0.8635489344596863,-0.5042650103569031,0.0,0.0,0.0,0.0,0.0,0.0,126.07421112060547,25.0,25.0,25.0,25.0,25.0,0.0,1.0,1.0,1.0,0.0,0.0,0.0,0.0,0.0,2.2463064193725586,0.5948494958038627,0.7702382910251617,1.7549999982118607,0.02,-0.0,-0.00033651726698731967,-1.3619978928745457e-05,0.0,0.15,-0.0,0.0,0.0,-0.0,0.0,0.0,0.0,0.0,0.35,0.0,0.0,0.0,0.0,0.0,0.0,0.0,0.0,0.25,-0.0,-0.02484130859375,0.0,1.2463064193725586,-0.0,-0.00310516357421875,-0.00310516357421875,-0.05,0.5402382910251617,0.36015886068344116,0.2,0.0,-0.0,-0.0,-0.0,0.8,1.0,-0.0,0.0,-0.0,-0.0,0.0,0.0,0.0,0.4451996330497787,-0.04500000178813934,-0.0,-0.0,0.02,0.0,0.0,0.0,0.0,0.0,0.0,0.36015886068344116,32.054373579584066,32.4,0.0,0.6,0.0,1.0,2.0,4.0,0.0,1.0,0.0,1.0,0.0,0.0,0.0,0.0,0.0,0.0,0.0,0.0,0.0,0.0,0.0,0.0,0.0,0.0,0.0,0.0,0.0,0.0,0.0,28.17943000793457,13.982221603393555,27.93390655517578,14.187447547912598,-0.24552345275878906,0.20522594451904297,0.31999915838241577,2.4453585998603518,-0.978920578956604,0.20424115657806396,0.0,-55.249114990234375,31.388681411743164,0.0,28.0,28.0,28.0,0.0,1.0,20.0,1.0,0.0,1.0,0.0,1.0,0.0,3.0,0.0,5.76,165.3988000471145,0.7124000694602728,137.06939993426204,19.572800025343895,15.379499993287027,4.0,4.9106000224128366,2.4077999405562878,0.695900060236454,0.000400003045797348
1,395,395,4.825990275149159,0,0,2.0,3.0,1.0,1.0,1.0,1.0,1.0,1.0,1.0,1.0,1.0,1.0,1.0,1.0,1.0,1.0,1.0,1.0,1.0,0.0,0.9132698178291321,-0.5193623304367065,1.0,-0.4943396747112274,0.4579196274280548,-0.5956507921218872,0.0,0.0001624206779524684,0.8635584712028503,-0.5042487382888794,0.0,0.0,0.0,0.0,0.0,0.0,126.07089233398438,25.0,25.0,25.0,25.0,25.0,0.0,1.0,1.0,1.0,0.0,0.0,0.0,0.0,0.0,2.2456743717193604,0.5995603895233197,0.7457555371522904,1.2149999767541886,0.02,-0.0,-0.00033651726698731967,-1.3619978928745457e-05,0.0,0.15,-0.0,0.0,0.0,-0.0,0.0,0.0,0.0,0.0,0.35,0.0,0.0,0.0,0.0,0.0,0.0,0.0,0.0,0.25,-0.0,-0.02655029296875,0.0,1.2456743717193604,-0.0,-0.00331878662109375,-0.00331878662109375,-0.05,0.5397555381059647,0.35983702540397644,0.2,0.0,-0.0,-0.0,-0.0,0.5599999904632569,0.699999988079071,-0.0,0.0,-0.0,-0.0,0.0,0.0,0.0,0.44991052676923576,-0.04500000178813934,-0.0,-0.0,0.02,0.0,0.0,0.0,0.0,0.0,0.0,0.35983702540397644,32.393557927384975,32.4,0.7326086850269979,0.0,0.0,0.699999988079071,2.0,3.0,0.0,0.699999988079071,0.0,0.699999988079071,0.0,0.0,0.0,0.0,0.0,0.0,0.0,0.0,0.0,0.0,0.0,0.0,0.0,0.0,0.0,0.0,0.0,0.0,0.0,27.934139251708984,14.187342643737793,27.68861198425293,14.392565727233887,-0.2455272674560547,0.20522308349609375,0.32000023126602173,2.4453731076384813,-0.9792814254760742,0.20250411331653595,0.0,-55.249114990234375,31.388681411743164,0.0,28.0,28.0,28.0,0.0,1.0,20.0,0.0,0.0,1.0,0.0,1.0,0.0,3.0,0.0,5.8,235.9813000075519,0.6907000206410885,158.72139995917678,68.36899998597801,43.90569997485727,4.0,4.737499984912574,2.588900038972497,0.8407999994233251,0.000600004568696022
1,396,396,4.76897294586391,0,0,2.0,3.0,1.0,1.0,1.0,1.0,1.0,1.0,1.0,1.0,1.0,1.0,1.0,1.0,1.0,1.0,1.0,1.0,1.0,0.0,0.9127363562583923,-0.5202434062957764,1.0,-0.4951913058757782,0.4627651274204254,0.29443085193634033,0.0,2.777865120151546e-05,0.8635540008544922,-0.5042563676834106,0.0,0.0,0.0,0.0,0.0,0.0,126.07225036621094,24.79598045349121,24.79598045349121,25.0,24.878917694091797,25.0,0.0,1.0,0.9918392181396485,0.9918392181396485,0.0,0.0,0.0,0.0,0.0,2.264657974243164,0.5299932225803465,0.7535853970050812,1.2007363520353183,0.02,-0.0,-0.0003434472232339469,-1.3619978928745457e-05,-0.07573574066162109,0.15,-0.0,0.0,0.0,-0.0,0.0,0.0,0.0,0.0,0.35,0.0,0.0,0.0,0.0,0.0,0.0,0.0,0.0,0.25,-0.0,0.00543212890625,0.0,1.264657974243164,-0.0,0.0013580322265625,0.0013580322265625,-0.05,0.5475853979587555,0.36505693197250366,0.2,0.0,-0.0,-0.0,-0.0,0.5599999904632569,0.699999988079071,-0.0,0.0,-0.0,-0.0,0.0,0.0,0.0,0.4560860304441303,-0.0,-0.0,-0.059263626507009746,0.02,0.0,0.0,0.0,0.0,0.0,0.0,0.36505693197250366,32.83819419197739,32.4,0.7326086850269979,0.0,0.0,0.699999988079071,2.0,3.0,0.0,0.699999988079071,0.0,0.699999988079071,0.0,0.0,0.0,0.0,0.0,0.0,0.0,0.0,0.0,0.0,0.0,0.0,0.0,0.0,0.0,0.0,0.0,0.0,0.0,27.688840866088867,14.392455101013184,27.44331169128418,14.597676277160645,-0.2455291748046875,0.20522117614746094,0.32000046968460083,2.4453814871179764,-0.9796414375305176,0.20075498521327972,0.0,-55.249114990234375,31.388681411743164,0.0,28.0,28.0,28.0,0.0,1.0,20.0,0.0,0.0,1.0,0.0,1.0,0.0,3.0,0.0,5.84,192.33829993754625,0.6271000020205975,141.27229992300272,41.02910007350147,26.461099972948432,4.0,5.394899984821677,3.1148999696597457,0.8577000116929412,0.000500003807246685
1,397,397,5.396353975651841,0,0,2.0,4.0,1.0,1.0,0.9918392300605774,1.0,1.0,1.0,1.0,1.0,1.0,0.9951567053794861,1.0,1.0,0.9918392300605774,0.9918392300605774,1.0,1.0,0.9951567053794861,0.0,0.9122254848480225,-0.521161675453186,1.0,-0.49605998396873474,0.46911704540252686,0.38596898317337036,0.0,0.00011183966853423044,0.8635501861572266,-0.5042629241943359,0.0,0.0,0.0,0.0,0.0,0.0,126.07066345214844,24.79598045349121,24.79598045349121,25.0,24.878917694091797,25.0,0.0,1.0,0.9918392181396485,0.9918392181396485,0.0,0.0,0.0,0.0,0.0,2.253082275390625,0.5961477286797568,0.7721239733695984,1.7549999982118607,0.02,-0.0,-0.0003434472232339469,-1.3619978928745457e-05,0.0,0.15,-0.0,0.0,0.0,-0.0,0.0,0.0,0.0,0.0,0.35,0.0,0.0,0.0,0.0,0.0,0.0,0.0,0.0,0.25,-0.0,-0.0126953125,0.0,1.253082275390625,-0.0,-0.0015869140625,-0.0015869140625,-0.05,0.5421239733695984,0.3614159822463989,0.2,0.0,-0.0,-0.0,-0.0,0.8,1.0,-0.0,0.0,-0.0,-0.0,0.0,0.0,0.0,0.4465047958819196,-0.04500000178813934,-0.0,-0.0,0.02,0.0,0.0,0.0,0.0,0.0,0.0,0.3614159822463989,32.14834530349821,32.4,0.0,0.6,0.0,1.0,2.0,4.0,0.0,1.0,0.0,1.0,0.0,0.0,0.0,0.0,0.0,0.0,0.0,0.0,0.0,0.0,0.0,0.0,0.0,0.0,0.0,0.0,0.0,0.0,0.0,27.443538665771484,14.597562789916992,27.198009490966797,14.80278205871582,-0.2455291748046875,0.20521926879882812,0.31999924778938293,2.445386058425818,-0.9800007939338684,0.19899359345436096,0.0,-55.249114990234375,31.388681411743164,0.0,28.0,28.0,28.0,0.0,1.0,20.0,0.0,0.0,1.0,0.0,1.0,0.0,3.0,0.0,5.88,216.99770004488528,0.6835999665781856,158.97850005421788,45.626599923707545,31.30050003528595,4.0,7.411000085994601,3.4205999691039324,0.8417000062763691,0.000500003807246685
1,398,398,4.688685354345337,0,0,2.0,3.0,1.0,1.0,0.9918392300605774,1.0,1.0,1.0,1.0,1.0,1.0,0.9951567053794861,1.0,1.0,0.9918392300605774,0.9918392300605774,1.0,1.0,0.9951567053794861,0.0,0.9117003679275513,-0.522053062915802,1.0,-0.49691471457481384,0.45926207304000854,-0.5988271832466125,0.0,0.00011183966853423044,0.8635510206222534,-0.5042614340782166,0.0,0.0,0.0,0.0,0.0,0.0,126.06897735595703,24.4003963470459,24.504159927368164,25.0,24.4003963470459,25.0,0.0,1.0,0.976015853881836,0.9801663970947265,0.0,0.0,0.0,0.0,0.0,2.2528955936431885,0.45598403640767726,0.7476792174577713,1.2121265068367,0.02,-0.0,-0.00037374304302078095,-1.3619978928745457e-05,-0.14496871948242188,0.15,-0.0,0.0,0.0,-0.0,0.0,0.0,0.0,0.0,0.35,0.0,0.0,0.0,0.0,0.0,0.0,0.0,0.0,0.25,-0.0,-0.01348876953125,0.0,1.2528955936431885,-0.0,-0.00168609619140625,-0.00168609619140625,-0.05,0.5416792184114456,0.36111947894096375,0.2,0.0,-0.0,-0.0,-0.0,0.5599999904632569,0.699999988079071,-0.0,0.0,-0.0,-0.0,0.0,0.0,0.0,0.45134011891204867,-0.04500000178813934,-0.0,-0.0028734699174886797,0.02,0.0,0.0,0.0,0.0,0.0,0.0,0.36111947894096375,32.496488561667505,32.4,0.7326086850269979,0.0,0.0,0.699999988079071,2.0,3.0,0.0,0.699999988079071,0.0,0.699999988079071,0.0,0.0,0.0,0.0,0.0,0.0,0.0,0.0,0.0,0.0,0.0,0.0,0.0,0.0,0.0,0.0,0.0,0.0,0.0,27.19823455810547,14.802667617797852,26.952701568603516,15.00788402557373,-0.24553298950195312,0.2052164077758789,0.3200003504753113,2.4454005737109306,-0.9803593158721924,0.1972198337316513,0.0,-55.249114990234375,31.388681411743164,0.0,28.0,28.0,28.0,0.0,1.0,20.0,0.0,0.0,1.0,0.0,1.0,0.0,3.0,0.0,5.92,256.02380000054836,0.5446000723168254,156.04199992958456,87.98309997655451,64.26629994530231,4.0,5.972999962978065,3.685200004838407,1.7574999947100878,0.000600004568696022
1,399,399,4.855071602223685,0,0,2.0,3.0,1.0,1.0,0.9801663756370544,1.0,1.0,1.0,1.0,1.0,1.0,0.9760158658027649,1.0,1.0,0.9760158658027649,0.9801663756370544,1.0,1.0,0.9760158658027649,0.0,0.9111745357513428,-0.5229421257972717,1.0,-0.4977675974369049,0.4642355442047119,0.30220767855644226,0.0,0.0004324460169300437,0.8635348677635193,-0.5042890906333923,0.0,0.0,0.0,0.0,0.0,0.0,126.06436920166016,24.4003963470459,24.504159927368164,25.0,24.4003963470459,25.0,0.0,1.0,0.976015853881836,0.9801663970947265,0.0,0.0,0.0,0.0,0.0,2.24142062664032,0.5912521103604341,0.742398886680603,1.259999978542328,0.02,-0.0,-0.00037374304302078095,-1.3619978928745457e-05,0.0,0.15,-0.0,0.0,0.0,-0.0,0.0,0.0,0.0,0.0,0.35,0.0,0.0,0.0,0.0,0.0,0.0,0.0,0.0,0.25,-0.0,-0.036865234375,0.0,1.2414206266403198,-0.0,-0.004608154296875,-0.004608154296875,-0.05,0.5363988876342773,0.35759925842285156,0.2,0.0,-0.0,-0.0,-0.0,0.5599999904632569,0.699999988079071,-0.0,0.0,-0.0,-0.0,0.0,0.0,0.0,0.44163947338238363,-0.0,-0.0,-0.0,0.02,0.0,0.0,0.0,0.0,0.0,0.0,0.35759925842285156,31.79804208353162,32.4,0.0,0.6,0.0,0.699999988079071,2.0,3.0,0.0,0.699999988079071,0.0,0.699999988079071,0.0,0.0,0.0,0.0,0.0,0.0,0.0,0.0,0.0,0.0,0.0,0.0,0.0,0.0,0.0,0.0,0.0,0.0,0.0,26.952926635742188,15.007768630981445,26.7073917388916,15.212983131408691,-0.24553489685058594,0.2052145004272461,0.3200005888938904,2.4454089531910994,-0.9807169437408447,0.1954335719347,0.0,-55.249114990234375,31.388681411743164,0.0,28.0,28.0,28.0,0.0,1.0,20.0,0.0,0.0,1.0,0.0,1.0,0.0,3.0,0.0,5.96,193.69310000911355,0.6797999376431108,144.77470004931092,41.88679996877909,27.15640002861619,4.0,3.770299954339862,1.7161000287160277,0.8304000366479158,0.000400003045797348
1,400,400,5.080127683288419,0,0,2.0,3.0,1.0,1.0,0.9801663756370544,1.0,1.0,1.0,1.0,1.0,1.0,0.9760158658027649,1.0,1.0,0.9760158658027649,0.9801663756370544,1.0,1.0,0.9760158658027649,0.0,0.9106340408325195,-0.5238056778907776,1.0,-0.4986078441143036,0.4542577564716339,-0.606290340423584,0.0,0.0004324460169300437,0.8635349273681641,-0.5042890310287476,0.0,0.0,0.0,0.0,0.0,0.0,126.05957794189453,23.9691219329834,24.640464782714844,25.0,23.9691219329834,25.0,0.0,1.0,0.9587648773193359,0.9856185913085938,0.0,0.0,0.0,0.0,0.0,2.24092435836792,0.8171744704311731,0.7420288759469986,1.259999978542328,0.02,-0.0,-0.0004055119231160774,-1.3619978928745457e-05,0.22085678100585937,0.15,-0.0,0.0,0.0,-0.0,0.0,0.0,0.0,0.0,0.35,0.0,0.0,0.0,0.0,0.0,0.0,0.0,0.0,0.25,-0.0,-0.038330078125,0.0,1.24092435836792,-0.0,-0.004791259765625,-0.004791259765625,-0.05,0.5360288769006729,0.3573525846004486,0.2,0.0,-0.0,-0.0,-0.0,0.5599999904632569,0.699999988079071,-0.0,0.0,-0.0,-0.0,0.0,0.0,0.0,0.44673682132735854,-0.0,-0.0,-0.0,0.02,0.0,0.0,0.0,0.0,0.0,0.0,0.3573525846004486,32.16505113556981,32.4,0.7326086850269979,0.0,0.0,0.699999988079071,2.0,3.0,0.0,0.699999988079071,0.0,0.699999988079071,0.0,0.0,0.0,0.0,0.0,0.0,0.0,0.0,0.0,0.0,0.0,0.0,0.0,0.0,0.0,0.0,0.0,0.0,0.0,26.707616806030273,15.212867736816406,26.462080001831055,15.418079376220703,-0.24553680419921875,0.20521163940429688,0.32000023126602173,2.445419660304944,-0.9810736775398254,0.19363467395305634,0.0,-55.249114990234375,31.388681411743164,0.0,28.0,28.0,28.0,0.0,1.0,20.0,0.0,0.0,1.0,0.0,1.0,0.0,3.0,0.0,6.0,187.9510999424383,0.5831999005749822,131.11409998964518,47.558900085277855,28.31359999254346,4.0,4.83910006005317,3.2157000387087464,0.6032999372109771,0.000400003045797348
1,401,401,4.875931983142388,0,0,2.0,3.0,1.0,1.0,0.9856185913085938,1.0,1.0,1.0,1.0,1.0,1.0,0.9587648510932922,1.0,1.0,0.9587648510932922,0.9856185913085938,1.0,1.0,0.9587648510932922,0.0,0.9100912809371948,-0.5246682167053223,1.0,-0.49944785237312317,0.4595007300376892,0.31858423352241516,0.0,0.00029863236704841256,0.8635256290435791,-0.5043050050735474,0.0,0.0,0.0,0.0,0.0,0.0,126.0594253540039,23.9691219329834,24.640464782714844,25.0,23.9691219329834,25.0,0.0,1.0,0.9587648773193359,0.9856185913085938,0.0,0.0,0.0,0.0,0.0,2.2597007751464844,0.6027913295356573,0.7499312001466751,1.2435086783135718,0.02,-0.0,-0.0004055119231160774,-1.3619978928745457e-05,0.0,0.15,-0.0,0.0,0.0,-0.0,0.0,0.0,0.0,0.0,0.35,0.0,0.0,0.0,0.0,0.0,0.0,0.0,0.0,0.25,-0.0,-0.001220703125,0.0,1.2597007751464844,-0.0,-0.000152587890625,-0.000152587890625,-0.05,0.5439312011003494,0.3626208007335663,0.2,0.0,-0.0,-0.0,-0.0,0.5599999904632569,0.699999988079071,-0.0,0.0,-0.0,-0.0,0.0,0.0,0.0,0.45321046143770216,-0.0,-0.0,-0.016491300228756205,0.02,0.0,0.0,0.0,0.0,0.0,0.0,0.3626208007335663,32.63115322351456,32.4,0.7326086850269979,0.0,0.0,0.699999988079071,2.0,3.0,0.0,0.699999988079071,0.0,0.699999988079071,0.0,0.0,0.0,0.0,0.0,0.0,0.0,0.0,0.0,0.0,0.0,0.0,0.0,0.0,0.0,0.0,0.0,0.0,0.0,26.462305068969727,15.417963981628418,26.216766357421875,15.623173713684082,-0.24553871154785156,0.20520973205566406,0.32000046968460083,2.4454280397855737,-0.9814295172691345,0.1918230503797531,0.0,-55.249114990234375,31.388681411743164,0.0,28.0,28.0,28.0,0.0,1.0,20.0,0.0,0.0,1.0,0.0,1.0,0.0,3.0,0.0,6.04,187.17769999057055,0.7520000217482448,141.05069998186082,36.59979999065399,13.780700042843819,4.0,4.828799981623888,3.1386000337079167,0.7637999951839447,0.0004998873919248581
1,402,402,5.158172490882643,0,0,2.0,4.0,1.0,1.0,0.9856185913085938,1.0,1.0,1.0,1.0,1.0,1.0,0.9587648510932922,1.0,1.0,0.9587648510932922,0.9856185913085938,1.0,1.0,0.9587648510932922,0.0,0.9095697999000549,-0.5255692005157471,1.0,-0.5003061294555664,0.4661593437194824,0.4046024978160858,0.0,0.00029863236704841256,0.8635239005088806,-0.5043078660964966,0.0,0.0,0.0,0.0,0.0,0.0,126.0562744140625,23.582374572753906,24.039825439453125,25.0,23.582374572753906,25.0,0.0,1.0,0.9432949829101562,0.961593017578125,0.0,0.0,0.0,0.0,0.0,2.2478994131088257,0.3667556491372673,0.7685174304246902,1.7549999982118607,0.02,-0.0,-0.000438156628076711,-1.3619978928745457e-05,-0.2266014862060547,0.15,-0.0,0.0,0.0,-0.0,0.0,0.0,0.0,0.0,0.35,0.0,0.0,0.0,0.0,0.0,0.0,0.0,0.0,0.25,-0.0,-0.02520751953125,0.0,1.2478994131088257,-0.0,-0.00315093994140625,-0.00315093994140625,-0.05,0.5385174304246902,0.35901162028312683,0.2,0.0,-0.0,-0.0,-0.0,0.8,1.0,-0.0,0.0,-0.0,-0.0,0.0,0.0,0.0,0.44380891195032746,-0.04500000178813934,-0.0,-0.0,0.02,0.0,0.0,0.0,0.0,0.0,0.0,0.35901162028312683,31.954241660423577,32.4,0.0,0.6,0.0,1.0,2.0,4.0,0.0,1.0,0.0,1.0,0.0,0.0,0.0,0.0,0.0,0.0,0.0,0.0,0.0,0.0,0.0,0.0,0.0,0.0,0.0,0.0,0.0,0.0,0.0,26.216991424560547,15.623058319091797,25.971450805664062,15.828264236450195,-0.24554061889648438,0.20520591735839844,0.31999948620796204,2.445441028798034,-0.9817843437194824,0.1899985373020172,0.0,-55.249114990234375,31.388681411743164,0.0,28.0,28.0,28.0,0.0,1.0,20.0,0.0,0.0,1.0,0.0,1.0,0.0,3.0,0.0,6.08,146.2480000918731,0.42020005639642477,91.16299997549504,46.54639994259924,38.242199923843145,4.0,4.432199988514185,2.6433999883010983,1.011400017887354,0.000400003045797348
1,403,403,5.195152641653978,0,0,2.0,3.0,1.0,1.0,0.9615930318832397,1.0,1.0,1.0,1.0,1.0,1.0,0.9432950019836426,1.0,1.0,0.9432950019836426,0.9615930318832397,1.0,1.0,0.9432950019836426,0.0,0.9090333580970764,-0.526444137096405,1.0,-0.5011515021324158,0.4564891755580902,-0.5875968337059021,0.0,-0.0002614602562971413,0.8635339140892029,-0.504290759563446,0.0,0.0,0.0,0.0,0.0,0.0,126.05302429199219,23.72671890258789,24.16714096069336,25.0,23.72671890258789,25.0,0.0,1.0,0.9490687561035156,0.9666856384277344,0.0,0.0,0.0,0.0,0.0,2.2477235794067383,0.9683366967439289,0.7440923887491226,1.2149999767541886,0.02,-0.0,-0.0004254780067328725,-1.3619978928745457e-05,0.37010650634765624,0.15,-0.0,0.0,0.0,-0.0,0.0,0.0,0.0,0.0,0.35,0.0,0.0,0.0,0.0,0.0,0.0,0.0,0.0,0.25,-0.0,-0.0260009765625,0.0,1.2477235794067383,-0.0,-0.0032501220703125,-0.0032501220703125,-0.05,0.5380923897027969,0.3587282598018646,0.2,0.0,-0.0,-0.0,-0.0,0.5599999904632569,0.699999988079071,-0.0,0.0,-0.0,-0.0,0.0,0.0,0.0,0.4486692883819342,-0.04500000178813934,-0.0,-0.0,0.02,0.0,0.0,0.0,0.0,0.0,0.0,0.3587282598018646,32.30418876349926,32.4,0.7326086850269979,0.0,0.0,0.699999988079071,2.0,3.0,0.0,0.699999988079071,0.0,0.699999988079071,0.0,0.0,0.0,0.0,0.0,0.0,0.0,0.0,0.0,0.0,0.0,0.0,0.0,0.0,0.0,0.0,0.0,0.0,0.0,25.971675872802734,15.82814884185791,25.726131439208984,16.03335189819336,-0.24554443359375,0.20520305633544922,0.320000559091568,2.4454555365701935,-0.9821382164955139,0.18816109001636505,0.0,-55.249114990234375,31.388681411743164,0.0,28.0,28.0,28.0,0.0,1.0,20.0,0.0,0.0,1.0,0.0,1.0,0.0,3.0,0.0,6.12,209.69679998233914,0.4088999703526497,124.91949996910989,76.20660006068647,49.433000036515296,4.0,4.572000005282462,2.852399949915707,0.700899981893599,0.000500003807246685
1,404,404,4.8648228737653065,0,0,2.0,3.0,1.0,1.0,0.9666856527328491,1.0,1.0,1.0,1.0,1.0,1.0,0.9490687847137451,1.0,1.0,0.9490687847137451,0.9666856527328491,1.0,1.0,0.9490687847137451,0.0,0.908496081829071,-0.5273168087005615,1.0,-0.5019952058792114,0.46148842573165894,0.30377352237701416,0.0,0.00023729997337795794,0.8635246753692627,-0.5043066143989563,0.0,0.0,0.0,0.0,0.0,0.0,126.05451965332031,23.72671890258789,24.16714096069336,25.0,23.72671890258789,25.0,0.0,1.0,0.9490687561035156,0.9666856384277344,0.0,0.0,0.0,0.0,0.0,2.266934633255005,0.6044674041056642,0.7519388782978058,1.2214819581068321,0.02,-0.0,-0.0004254780067328725,-1.3619978928745457e-05,0.0,0.15,-0.0,0.0,0.0,-0.0,0.0,0.0,0.0,0.0,0.35,0.0,0.0,0.0,0.0,0.0,0.0,0.0,0.0,0.25,-0.0,0.0059814453125,0.0,1.2669346332550049,-0.0,0.001495361328125,0.001495361328125,-0.05,0.5459388792514801,0.36395925283432007,0.2,0.0,-0.0,-0.0,-0.0,0.5599999904632569,0.699999988079071,-0.0,0.0,-0.0,-0.0,0.0,0.0,0.0,0.4549065020913259,-0.0,-0.0,-0.0385180204354957,0.02,0.0,0.0,0.0,0.0,0.0,0.0,0.36395925283432007,32.75326815057546,32.4,0.7326086850269979,0.0,0.0,0.699999988079071,2.0,3.0,0.0,0.699999988079071,0.0,0.699999988079071,0.0,0.0,0.0,0.0,0.0,0.0,0.0,0.0,0.0,0.0,0.0,0.0,0.0,0.0,0.0,0.0,0.0,0.0,0.0,25.726356506347656,16.033235549926758,25.480810165405273,16.238435745239258,-0.2455463409423828,0.2052001953125,0.32000020146369934,2.4454662054625724,-0.9824909567832947,0.1863105744123459,0.0,-55.249114990234375,31.388681411743164,0.0,28.0,28.0,28.0,0.0,1.0,20.0,0.0,0.0,1.0,0.0,1.0,0.0,3.0,0.0,6.16,168.17169997375458,0.6473999237641692,149.42819997668266,9.976700064726174,6.954199983738363,4.0,4.660599981434643,2.862700028344989,0.5670000100508332,0.000400003045797348
1,405,405,4.703864498820519,0,0,2.0,3.0,1.0,1.0,0.9666856527328491,1.0,1.0,1.0,1.0,1.0,1.0,0.9490687847137451,1.0,1.0,0.9490687847137451,0.9666856527328491,1.0,1.0,0.9490687847137451,0.0,0.9079818725585938,-0.5282264947891235,1.0,-0.5028552412986755,0.46790382266044617,0.38982585072517395,0.0,0.00023729997337795794,0.8635138273239136,-0.5043252110481262,0.0,0.0,0.0,0.0,0.0,0.0,126.05300903320312,23.500362396240234,23.682376861572266,25.0,23.500362396240234,25.0,0.0,1.0,0.9400144958496094,0.9472950744628906,0.0,0.0,0.0,0.0,0.0,2.2551214694976807,0.42226814517042677,0.7464749056100846,1.259999978542328,0.02,-0.0,-0.0004456367125653889,-1.3619978928745457e-05,-0.17259201049804687,0.15,-0.0,0.0,0.0,-0.0,0.0,0.0,0.0,0.0,0.35,0.0,0.0,0.0,0.0,0.0,0.0,0.0,0.0,0.25,-0.0,-0.0120849609375,0.0,1.2551214694976807,-0.0,-0.0015106201171875,-0.0015106201171875,-0.05,0.5404749065637589,0.36031660437583923,0.2,0.0,-0.0,-0.0,-0.0,0.5599999904632569,0.699999988079071,-0.0,0.0,-0.0,-0.0,0.0,0.0,0.0,0.4453194123599678,-0.0,-0.0,-0.0,0.02,0.0,0.0,0.0,0.0,0.0,0.0,0.36031660437583923,32.06299768991768,32.4,0.0,0.6,0.0,0.699999988079071,2.0,3.0,0.0,0.699999988079071,0.0,0.699999988079071,0.0,0.0,0.0,0.0,0.0,0.0,0.0,0.0,0.0,0.0,0.0,0.0,0.0,0.0,0.0,0.0,0.0,0.0,0.0,25.481035232543945,16.238319396972656,25.235485076904297,16.44351577758789,-0.24555015563964844,0.20519638061523438,0.32000067830085754,2.4454830026455383,-0.9828425049781799,0.18444682657718658,0.0,-55.249114990234375,31.388681411743164,0.0,28.0,28.0,28.0,0.0,1.0,20.0,0.0,0.0,1.0,0.0,1.0,0.0,3.0,0.0,6.2,221.64319991134107,0.538499909453094,137.0534000452608,77.78910000342876,42.67360002268106,4.0,3.4881000174209476,1.9543999806046486,0.7741999579593539,0.000500003807246685
1,406,406,6.947701458022655,0,0,2.0,4.0,1.0,1.0,0.947295069694519,1.0,1.0,1.0,1.0,1.0,1.0,0.9400144815444946,1.0,1.0,0.9400144815444946,0.947295069694519,1.0,1.0,0.9400144815444946,0.0,0.9074529409408569,-0.5291096568107605,1.0,-0.5037020444869995,0.45804283022880554,-0.5991930961608887,0.0,8.624316251371056e-05,0.8635110855102539,-0.5043298602104187,0.0,0.0,0.0,0.0,0.0,0.0,126.05239868164062,23.500362396240234,23.682376861572266,25.0,23.500362396240234,25.0,0.0,1.0,0.9400144958496094,0.9472950744628906,0.0,0.0,0.0,0.0,0.0,2.258906364440918,0.6020614407420075,2.3218999195098875,1.7448337333298423,0.02,-0.0,-0.0004456367125653889,-1.3619978928745457e-05,0.0,0.15,-0.0,0.0,0.0,-0.0,0.0,0.0,0.0,0.0,0.35,0.0,0.0,0.0,0.0,0.0,0.0,0.0,0.0,0.25,-0.0,-0.0048828125,0.0,1.258906364440918,-0.0,-0.0006103515625,-0.0006103515625,1.5,0.5418999195098877,0.3612666130065918,0.2,0.0,-0.0,-0.0,-0.0,0.8,1.0,-0.0,0.0,-0.0,-0.0,0.0,0.0,0.0,0.45252069743350165,-0.04500000178813934,-0.0,-0.010166264882018536,0.02,0.0,0.0,0.0,0.0,0.0,0.0,0.3612666130065918,32.58149021521211,32.4,1.0,0.0,0.0,1.0,2.0,4.0,0.0,1.0,0.0,1.0,0.0,0.0,0.0,0.0,0.0,0.0,0.0,0.0,0.0,0.0,0.0,0.0,0.0,0.0,0.0,0.0,0.0,0.0,0.0,25.23571014404297,16.44339942932129,24.990158081054688,16.648591995239258,-0.24555206298828125,0.20519256591796875,0.31999969482421875,2.4454959534360747,-0.9831929206848145,0.18256975710391998,0.0,-55.249114990234375,31.388681411743164,0.0,28.0,28.0,28.0,0.0,1.0,20.0,0.0,0.0,1.0,0.0,1.0,0.0,3.0,0.0,6.24,167.60529996827245,0.6058999570086598,139.90960002411157,17.03380001708865,12.160400045104325,4.0,4.060399951413274,3.37230006698519,2.59119994007051,0.000500003807246685
1,407,407,5.665957882090121,0,0,2.0,4.0,1.0,1.0,0.947295069694519,1.0,1.0,1.0,1.0,1.0,1.0,0.9400144815444946,1.0,1.0,0.9400144815444946,0.947295069694519,1.0,1.0,0.9400144815444946,0.0,0.906927227973938,-0.5300000905990601,1.0,-0.5045521855354309,0.46544986963272095,0.4500803053379059,0.0,8.624316251371056e-05,0.8634947538375854,-0.5043578147888184,0.0,0.0,0.0,0.0,0.0,0.0,126.0494384765625,23.380033493041992,23.80767250061035,25.0,23.380033493041992,25.0,0.0,1.0,0.9352013397216797,0.9523069000244141,0.0,0.0,0.0,0.0,0.0,2.2497644424438477,0.8284511229234034,0.7677423167228699,1.8,0.02,-0.0,-0.000456988379693462,-1.3619978928745457e-05,0.2361518096923828,0.15,-0.0,0.0,0.0,-0.0,0.0,0.0,0.0,0.0,0.35,0.0,0.0,0.0,0.0,0.0,0.0,0.0,0.0,0.25,-0.0,-0.023681640625,0.0,1.2497644424438477,-0.0,-0.002960205078125,-0.002960205078125,-0.05,0.5377423167228699,0.3584948778152466,0.2,0.0,-0.0,-0.0,-0.0,0.8,1.0,-0.0,0.0,-0.0,-0.0,0.0,0.0,0.0,0.4427699215896428,-0.0,-0.0,-0.0,0.02,0.0,0.0,0.0,0.0,0.0,0.0,0.3584948778152466,31.87943435445428,32.4,0.0,0.6,0.0,1.0,2.0,4.0,0.0,1.0,0.0,1.0,0.0,0.0,0.0,0.0,0.0,0.0,0.0,0.0,0.0,0.0,0.0,0.0,0.0,0.0,0.0,0.0,0.0,0.0,0.0,24.99038314819336,16.648475646972656,24.744827270507812,16.85366439819336,-0.24555587768554688,0.20518875122070312,0.32000017166137695,2.445512750618401,-0.9835420846939087,0.18067924678325653,0.0,-55.249114990234375,31.388681411743164,0.0,28.0,28.0,28.0,0.0,1.0,20.0,0.0,0.0,1.0,0.0,1.0,0.0,3.0,0.0,6.28,189.7268999600783,0.6840999703854322,133.27630003914237,48.22060000151396,28.13300001434982,4.0,4.171299980953336,2.7197999879717827,0.624299980700016,0.000300002284348011
1,408,408,5.442384150971813,0,0,2.0,4.0,1.0,1.0,0.9523069262504578,1.0,1.0,1.0,1.0,1.0,1.0,0.9352013468742371,1.0,1.0,0.9352013468742371,0.9523069262504578,1.0,1.0,0.9352013468742371,0.0,0.9063891172409058,-0.5308710932731628,1.0,-0.5053932070732117,0.45542049407958984,-0.6094235181808472,0.0,-0.00028368073981255293,0.8635045289993286,-0.5043411254882812,0.0,0.0,0.0,0.0,0.0,0.0,126.05115509033203,23.380033493041992,23.80767250061035,25.0,23.380033493041992,25.0,0.0,1.0,0.9352013397216797,0.9523069000244141,0.0,0.0,0.0,0.0,0.0,2.253500819206238,0.5997660541186327,0.7692068922519684,1.7999103853949754,0.02,-0.0,-0.000456988379693462,-1.3619978928745457e-05,0.0,0.15,-0.0,0.0,0.0,-0.0,0.0,0.0,0.0,0.0,0.35,0.0,0.0,0.0,0.0,0.0,0.0,0.0,0.0,0.25,-0.0,0.006866455078125,0.0,1.2535008192062378,-0.0,0.00171661376953125,0.00171661376953125,-0.05,0.5392068922519684,0.35947126150131226,0.2,0.0,-0.0,-0.0,-0.0,0.8,1.0,-0.0,0.0,-0.0,-0.0,0.0,0.0,0.0,0.4502366624772549,-0.0,-0.0,-8.961460502465712e-05,0.02,0.0,0.0,0.0,0.0,0.0,0.0,0.35947126150131226,32.41703969836235,32.4,1.0,0.0,0.0,1.0,2.0,4.0,0.0,1.0,0.0,1.0,0.0,0.0,0.0,0.0,0.0,0.0,0.0,0.0,0.0,0.0,0.0,0.0,0.0,0.0,0.0,0.0,0.0,0.0,0.0,24.745052337646484,16.853548049926758,24.512245178222656,17.073095321655273,-0.23280715942382812,0.21954727172851562,0.3200002908706665,2.38549913172754,-0.9838899970054626,0.17877517640590668,0.0,-55.249114990234375,31.388681411743164,0.0,28.0,28.0,28.0,0.0,1.0,19.0,0.0,0.0,1.0,0.0,1.0,0.0,3.0,0.0,6.32,151.8728999653831,0.5922999698668718,128.53159999940544,16.260799951851368,13.046200037933886,4.0,4.030599957332015,1.8484999891370535,0.5798999918624759,0.000500003807246685
1,409,409,5.650801928666907,0,0,2.0,4.0,1.0,1.0,0.9523069262504578,1.0,1.0,1.0,1.0,1.0,1.0,0.9352013468742371,1.0,1.0,0.9352013468742371,0.9523069262504578,1.0,1.0,0.9352013468742371,0.0,0.9059610962867737,-0.5316295027732849,1.0,-0.5061083436012268,0.4631005525588989,0.46667131781578064,0.0,-0.00028368073981255293,0.8634968996047974,-0.5043541193008423,0.0,0.0,0.0,0.0,0.0,0.0,126.05057525634766,23.198348999023438,23.934040069580078,25.0,23.198348999023438,25.0,0.0,1.0,0.9279339599609375,0.9573616027832031,0.0,0.0,0.0,0.0,0.0,2.244637966156006,0.8210782844103164,0.7650856781005859,1.8,0.02,-0.0,-0.00047501462461280793,-1.3619978928745457e-05,0.23093299865722655,0.15,-0.0,0.0,0.0,-0.0,0.0,0.0,0.0,0.0,0.35,0.0,0.0,0.0,0.0,0.0,0.0,0.0,0.0,0.25,-0.0,-0.004638671875,0.0,1.2446379661560059,-0.0,-0.000579833984375,-0.000579833984375,-0.05,0.5350856781005859,0.3567237854003906,0.2,0.0,-0.0,-0.0,-0.0,0.8,1.0,-0.0,0.0,-0.0,-0.0,0.0,0.0,0.0,0.44063392035663135,-0.0,-0.0,-0.0,0.02,0.0,0.0,0.0,0.0,0.0,0.0,0.3567237854003906,31.725642265677454,32.4,0.0,0.6,0.0,1.0,2.0,4.0,0.0,1.0,0.0,1.0,0.0,0.0,0.0,0.0,0.0,0.0,0.0,0.0,0.0,0.0,0.0,0.0,0.0,0.0,0.0,0.0,0.0,0.0,0.0,24.51253890991211,17.07302474975586,24.279727935791016,17.292566299438477,-0.23281097412109375,0.2195415496826172,0.3199991285800934,2.3855203410145767,-0.9842723608016968,0.17665763199329376,0.0,-55.249114990234375,31.388681411743164,0.0,28.0,28.0,28.0,0.0,1.0,19.0,0.0,0.0,1.0,0.0,1.0,0.0,3.0,0.0,6.36,189.12230001296848,0.5139999557286501,126.3158000074327,55.55459996685386,34.07539997715503,4.0,3.6484000738710165,2.2749999770894647,0.785800046287477,0.000400003045797348
1,410,410,5.029929551893102,0,0,2.0,3.0,1.0,1.0,0.9573615789413452,1.0,1.0,1.0,1.0,1.0,1.0,0.927933931350708,0.9910235404968262,1.0,0.927933931350708,0.9573615789413452,1.0,1.0,0.927933931350708,0.0,0.9055216312408447,-0.5323681235313416,1.0,-0.5068138241767883,0.45322346687316895,-0.6001713871955872,0.0,-0.0002110417262883857,0.8635058403015137,-0.504338800907135,0.0,0.0,0.0,0.0,0.0,0.0,126.04988098144531,22.92331314086914,24.05784034729004,25.0,22.92331314086914,25.0,0.0,1.0,0.9169325256347656,0.9623136138916015,0.0,0.0,0.0,0.0,0.0,2.2444348335266113,0.8098250303801173,0.7406697112321854,1.2149999767541886,0.02,-0.0,-0.0005044670428891838,-1.3619978928745457e-05,0.21459625244140626,0.15,-0.0,0.0,0.0,-0.0,0.0,0.0,0.0,0.0,0.35,0.0,0.0,0.0,0.0,0.0,0.0,0.0,0.0,0.25,-0.0,-0.00555419921875,0.0,1.2444348335266113,-0.0,-0.00069427490234375,-0.00069427490234375,-0.05,0.5346697121858597,0.3564464747905731,0.2,0.0,-0.0,-0.0,-0.0,0.5599999904632569,0.699999988079071,-0.0,0.0,-0.0,-0.0,0.0,0.0,0.0,0.44574686496052895,-0.04500000178813934,-0.0,-0.0,0.02,0.0,0.0,0.0,0.0,0.0,0.0,0.3564464747905731,32.09377427715808,32.4,0.7326086850269979,0.0,0.0,0.699999988079071,2.0,3.0,0.0,0.699999988079071,0.0,0.699999988079071,0.0,0.0,0.0,0.0,0.0,0.0,0.0,0.0,0.0,0.0,0.0,0.0,0.0,0.0,0.0,0.0,0.0,0.0,0.0,24.279983520507812,17.292476654052734,24.047168731689453,17.51201629638672,-0.23281478881835938,0.21953964233398438,0.3200005888938904,2.3855328618965053,-0.9846526384353638,0.17452561855316162,0.0,-55.249114990234375,31.388681411743164,0.0,28.0,28.0,28.0,0.0,1.0,19.0,1.0,0.0,1.0,0.0,1.0,0.0,3.0,0.0,6.4,161.20620002038777,0.4949000431224704,118.27930004801601,35.66699998918921,22.566800005733967,4.0,3.8490999722853303,2.3247000062838197,0.548299984075129,0.000400003045797348
1,411,411,4.886541781075947,0,0,2.0,3.0,1.0,1.0,0.9623135924339294,1.0,1.0,1.0,1.0,1.0,1.0,0.9169325232505798,0.937554121017456,1.0,0.9169325232505798,0.9623135924339294,1.0,1.0,0.9169325232505798,0.0,0.905081570148468,-0.5331045389175415,1.0,-0.5075176954269409,0.4584825038909912,0.3195590376853943,0.0,0.00027205681544728577,0.8634950518608093,-0.5043572783470154,0.0,0.0,0.0,0.0,0.0,0.0,126.05390930175781,22.92331314086914,24.05784034729004,25.0,22.92331314086914,25.0,0.0,1.0,0.9169325256347656,0.9623136138916015,0.0,0.0,0.0,0.0,0.0,2.2635931968688965,0.6016030282072747,0.7485441851615906,1.2528013708381858,0.02,-0.0,-0.0005044670428891838,-1.3619978928745457e-05,0.0,0.15,-0.0,0.0,0.0,-0.0,0.0,0.0,0.0,0.0,0.35,0.0,0.0,0.0,0.0,0.0,0.0,0.0,0.0,0.25,-0.0,0.01611328125,0.0,1.2635931968688965,-0.0,0.0040283203125,0.0040283203125,-0.05,0.5425441861152649,0.36169612407684326,0.2,0.0,-0.0,-0.0,-0.0,0.5599999904632569,0.699999988079071,-0.0,0.0,-0.0,-0.0,0.0,0.0,0.0,0.4521211152290927,-0.0,-0.0,-0.00719860770414211,0.02,0.0,0.0,0.0,0.0,0.0,0.0,0.36169612407684326,32.55272029649467,32.4,0.7326086850269979,0.0,0.0,0.699999988079071,2.0,3.0,0.0,0.699999988079071,0.0,0.699999988079071,0.0,0.0,0.0,0.0,0.0,0.0,0.0,0.0,0.0,0.0,0.0,0.0,0.0,0.0,0.0,0.0,0.0,0.0,0.0,24.04740333557129,17.511903762817383,23.814586639404297,17.7314395904541,-0.2328166961669922,0.21953582763671875,0.3199993669986725,2.385545597130712,-0.9850306510925293,0.17237897217273712,0.0,-55.249114990234375,31.388681411743164,0.0,28.0,28.0,28.0,0.0,1.0,19.0,0.0,0.0,1.0,0.0,1.0,0.0,3.0,0.0,6.44,152.98630006145686,0.5392000311985612,124.18189994059503,22.7483999915421,13.257600017823279,4.0,3.2142000272870064,1.6714000375941396,0.6085999775677919,0.000500003807246685
1,412,412,5.609899495068905,0,0,2.0,4.0,1.0,1.0,0.9623135924339294,1.0,1.0,1.0,1.0,1.0,1.0,0.9169325232505798,0.937554121017456,1.0,0.9169325232505798,0.9623135924339294,1.0,1.0,0.9169325232505798,0.0,0.9046643376350403,-0.5338782668113708,1.0,-0.5082380175590515,0.46503886580467224,0.39839065074920654,0.0,0.00027205681544728577,0.8634836077690125,-0.5043768882751465,0.0,0.0,0.0,0.0,0.0,0.0,126.05487823486328,22.684246063232422,24.184232711791992,25.0,22.684246063232422,25.0,0.0,1.0,0.9073698425292969,0.9673693084716797,0.0,0.0,0.0,0.0,0.0,2.251588821411133,0.8161900947726946,0.7671205806732178,1.7549999982118607,0.02,-0.0,-0.0005323556130903691,-1.3619978928745457e-05,0.2240966796875,0.15,-0.0,0.0,0.0,-0.0,0.0,0.0,0.0,0.0,0.35,0.0,0.0,0.0,0.0,0.0,0.0,0.0,0.0,0.25,-0.0,0.003875732421875,0.0,1.2515888214111328,-0.0,0.00096893310546875,0.00096893310546875,-0.05,0.5371205806732178,0.3580803871154785,0.2,0.0,-0.0,-0.0,-0.0,0.8,1.0,-0.0,0.0,-0.0,-0.0,0.0,0.0,0.0,0.4426393906772137,-0.04500000178813934,-0.0,-0.0,0.02,0.0,0.0,0.0,0.0,0.0,0.0,0.3580803871154785,31.870036128759384,32.4,0.0,0.6,0.0,1.0,2.0,4.0,0.0,1.0,0.0,1.0,0.0,0.0,0.0,0.0,0.0,0.0,0.0,0.0,0.0,0.0,0.0,0.0,0.0,0.0,0.0,0.0,0.0,0.0,0.0,23.81481170654297,17.7313175201416,23.581993103027344,17.950851440429688,-0.232818603515625,0.21953392028808594,0.31999945640563965,2.3855540302911207,-0.9854065179824829,0.1702173948287964,0.0,-55.249114990234375,31.388681411743164,0.0,28.0,28.0,28.0,0.0,1.0,19.0,0.0,0.0,1.0,0.0,1.0,0.0,3.0,0.0,6.48,198.69999994989485,0.5502999993041158,147.1531999995932,40.885600028559566,21.70410007238388,4.0,5.582400015555322,2.9131999472156167,1.5705999685451388,0.000400003045797348
1,413,413,5.443026873038118,0,0,2.0,4.0,1.0,1.0,0.9673693180084229,1.0,1.0,1.0,1.0,1.0,1.0,0.9221422076225281,0.90736985206604,1.0,0.90736985206604,0.9673693180084229,1.0,1.0,0.90736985206604,0.0,0.9042320847511292,-0.5346258878707886,1.0,-0.508945882320404,0.4552862346172333,-0.5926077961921692,0.0,4.0798451664159074e-05,0.8634820580482483,-0.5043795704841614,0.0,0.0,0.0,0.0,0.0,0.0,126.05668640136719,22.684246063232422,24.184232711791992,25.0,22.684246063232422,25.0,0.0,1.0,0.9073698425292969,0.9673693084716797,0.0,0.0,0.0,0.0,0.0,2.255176305770874,0.5993182505825217,0.7685323166847229,1.8,0.02,-0.0,-0.0005323556130903691,-1.3619978928745457e-05,0.0,0.15,-0.0,0.0,0.0,-0.0,0.0,0.0,0.0,0.0,0.35,0.0,0.0,0.0,0.0,0.0,0.0,0.0,0.0,0.25,-0.0,0.007232666015625,0.0,1.255176305770874,-0.0,0.00180816650390625,0.00180816650390625,-0.05,0.5385323166847229,0.35902154445648193,0.2,0.0,-0.0,-0.0,-0.0,0.8,1.0,-0.0,0.0,-0.0,-0.0,0.0,0.0,0.0,0.4498642261745409,-0.0,-0.0,-0.0,0.02,0.0,0.0,0.0,0.0,0.0,0.0,0.35902154445648193,32.39022428456694,32.4,1.0,0.0,0.0,1.0,2.0,4.0,0.0,1.0,0.0,1.0,0.0,0.0,0.0,0.0,0.0,0.0,0.0,0.0,0.0,0.0,0.0,0.0,0.0,0.0,0.0,0.0,0.0,0.0,0.0,23.58221435546875,17.950725555419922,23.349393844604492,18.170257568359375,-0.2328205108642578,0.21953201293945312,0.3199995160102844,2.38556246345162,-0.9857800602912903,0.1680406630039215,0.0,-55.249114990234375,31.388681411743164,0.0,28.0,28.0,28.0,0.0,1.0,19.0,0.0,0.0,1.0,0.0,1.0,0.0,3.0,0.0,6.52,150.63829999417067,0.6695999763906002,115.52749993279576,26.659700088202953,13.216300052590668,4.0,4.270400037057698,2.7031999779865146,0.7776999846100807,0.000500003807246685
1,414,414,5.595528269445061,0,0,2.0,4.0,1.0,1.0,0.9673693180084229,1.0,1.0,1.0,1.0,1.0,1.0,0.9221422076225281,0.90736985206604,1.0,0.90736985206604,0.9673693180084229,1.0,1.0,0.90736985206604,0.0,0.903802752494812,-0.535381019115448,1.0,-0.5096573829650879,0.4627175033092499,0.45155221223831177,0.0,4.0798451664159074e-05,0.8634681701660156,-0.504403293132782,0.0,0.0,0.0,0.0,0.0,0.0,126.06487274169922,22.47650146484375,24.308917999267578,25.0,22.47650146484375,25.0,0.0,1.0,0.89906005859375,0.9723567199707032,0.0,0.0,0.0,0.0,0.0,2.280982732772827,0.8324322258387702,0.7794355857372284,1.6826777250962355,0.02,-0.0,-0.0005584621573623089,-1.3619978928745457e-05,0.22444122314453124,0.15,-0.0,0.0,0.0,-0.0,0.0,0.0,0.0,0.0,0.35,0.0,0.0,0.0,0.0,0.0,0.0,0.0,0.0,0.25,-0.0,0.032745361328125,0.0,1.2809827327728271,-0.0,0.00818634033203125,0.00818634033203125,-0.05,0.5494355857372284,0.3662903904914856,0.2,0.0,-0.0,-0.0,-0.0,0.8,1.0,-0.0,0.0,-0.0,-0.0,0.0,0.0,0.0,0.45856308483053,-0.0,-0.0,-0.11732227490376447,0.02,0.0,0.0,0.0,0.0,0.0,0.0,0.3662903904914856,33.01654210779816,32.4,1.0,0.0,0.0,1.0,2.0,4.0,0.0,1.0,0.0,1.0,0.0,0.0,0.0,0.0,0.0,0.0,0.0,0.0,0.0,0.0,0.0,0.0,0.0,0.0,0.0,0.0,0.0,0.0,0.0,23.349613189697266,18.170129776000977,23.116790771484375,18.389659881591797,-0.23282241821289062,0.2195301055908203,0.3199996054172516,2.385570896612207,-0.9861512184143066,0.16584862768650055,0.0,-55.249114990234375,31.388681411743164,0.0,28.0,28.0,28.0,0.0,1.0,19.0,0.0,0.0,1.0,0.0,1.0,0.0,3.0,0.0,6.56,151.2665000045672,0.6441000150516629,101.81429993826896,41.393800056539476,23.097599972970784,4.0,3.9964000461623073,2.7049999916926026,0.6861999863758683,0.000400003045797348
1,415,415,5.465019292275888,0,0,2.0,4.0,1.0,1.0,0.9723567366600037,1.0,1.0,1.0,1.0,1.0,1.0,0.9273355007171631,0.899060070514679,1.0,0.899060070514679,0.9723567366600037,1.0,1.0,0.899060070514679,0.0,0.903403103351593,-0.5361888408660889,1.0,-0.5103932619094849,0.4716648757457733,0.5436786413192749,0.0,7.841038313927129e-05,0.8634633421897888,-0.5044115781784058,0.0,0.0,0.0,0.0,0.0,0.0,126.07062530517578,22.47650146484375,24.308917999267578,25.0,22.47650146484375,25.0,0.0,1.0,0.89906005859375,0.9723567199707032,0.0,0.0,0.0,0.0,0.0,2.271472215652466,0.5984452701020064,0.7751018065214157,1.8,0.02,-0.0,-0.0005584621573623089,-1.3619978928745457e-05,0.0,0.15,-0.0,0.0,0.0,-0.0,0.0,0.0,0.0,0.0,0.35,0.0,0.0,0.0,0.0,0.0,0.0,0.0,0.0,0.25,-0.0,0.02301025390625,0.0,1.2714722156524658,-0.0,0.0057525634765625,0.0057525634765625,-0.05,0.5451018065214157,0.3634012043476105,0.2,0.0,-0.0,-0.0,-0.0,0.8,1.0,-0.0,0.0,-0.0,-0.0,0.0,0.0,0.0,0.4490173522382975,-0.0,-0.0,-0.0,0.02,0.0,0.0,0.0,0.0,0.0,0.0,0.3634012043476105,32.329249361157416,32.4,0.0,0.6,0.0,1.0,2.0,4.0,0.0,1.0,0.0,1.0,0.0,0.0,0.0,0.0,0.0,0.0,0.0,0.0,0.0,0.0,0.0,0.0,0.0,0.0,0.0,0.0,0.0,0.0,0.0,23.11701011657715,18.3895320892334,22.884185791015625,18.609060287475586,-0.23282432556152344,0.2195281982421875,0.31999969482421875,2.3855793297728822,-0.9865199327468872,0.16364111006259918,0.0,-55.249114990234375,31.388681411743164,0.0,28.0,28.0,28.0,0.0,1.0,19.0,0.0,0.0,1.0,0.0,1.0,0.0,3.0,0.0,6.6,195.41929999832064,0.9249999420717359,149.15269997436553,39.00980006437749,13.748800032772124,4.0,3.8819999899715185,1.754899974912405,0.6487000500783324,0.000600004568696022
1,416,416,5.645377276668327,0,0,2.0,4.0,1.0,1.0,0.9723567366600037,1.0,1.0,1.0,1.0,1.0,1.0,0.9273355007171631,0.899060070514679,1.0,0.899060070514679,0.9723567366600037,1.0,1.0,0.899060070514679,0.0,0.9029912352561951,-0.5369759202003479,1.0,-0.5111191272735596,0.46184641122817993,-0.5966082811355591,0.0,7.841038313927129e-05,0.8634746670722961,-0.5043922066688538,0.0,0.0,0.0,0.0,0.0,0.0,126.07730102539062,22.299650192260742,24.434389114379883,25.0,22.299650192260742,25.0,0.0,1.0,0.8919860076904297,0.9773755645751954,0.0,0.0,0.0,0.0,0.0,2.2753818035125732,0.8353412404630249,0.7764947670698166,1.7381594656229131,0.02,-0.0,-0.0005821563506416549,-1.3619978928745457e-05,0.22972007751464843,0.15,-0.0,0.0,0.0,-0.0,0.0,0.0,0.0,0.0,0.35,0.0,0.0,0.0,0.0,0.0,0.0,0.0,0.0,0.25,-0.0,0.026702880859375,0.0,1.2753818035125732,-0.0,0.00667572021484375,0.00667572021484375,-0.05,0.5464947670698166,0.36432984471321106,0.2,0.0,-0.0,-0.0,-0.0,0.8,1.0,-0.0,0.0,-0.0,-0.0,0.0,0.0,0.0,0.45621693927794693,-0.0,-0.0,-0.0618405343770869,0.02,0.0,0.0,0.0,0.0,0.0,0.0,0.36432984471321106,32.84761962801218,32.4,1.0,0.0,0.0,1.0,2.0,4.0,0.0,1.0,0.0,1.0,0.0,0.0,0.0,0.0,0.0,0.0,0.0,0.0,0.0,0.0,0.0,0.0,0.0,0.0,0.0,0.0,0.0,0.0,0.0,22.884403228759766,18.608932495117188,22.65157699584961,18.828458786010742,-0.23282623291015625,0.2195262908935547,0.3199997544288635,2.3855877195663453,-0.9868861436843872,0.16141802072525024,0.0,-55.249114990234375,31.388681411743164,0.0,28.0,28.0,28.0,0.0,1.0,19.0,0.0,0.0,1.0,0.0,1.0,0.0,3.0,0.0,6.64,214.57070007454604,0.6569999968633056,133.54940002318472,73.22110002860427,64.5057000219822,4.0,4.216899978928268,2.3020999506115913,0.5940000992268324,0.000500003807246685
1,417,417,5.754160239906771,0,0,2.0,4.0,1.0,1.0,0.9773755669593811,1.0,1.0,1.0,1.0,1.0,1.0,0.9325445294380188,0.8919860124588013,1.0,0.8919860124588013,0.9773755669593811,1.0,1.0,0.8919860124588013,0.0,0.9025835394859314,-0.5377695560455322,1.0,-0.5118474960327148,0.46925172209739685,0.4499741792678833,0.0,0.0001727126509649679,0.8634639382362366,-0.5044106245040894,0.0,0.0,0.0,0.0,0.0,0.0,126.08171081542969,22.357873916625977,24.560821533203125,25.0,22.357873916625977,25.0,0.0,1.0,0.894314956665039,0.982432861328125,0.0,0.0,0.0,0.0,0.0,2.2665843963623047,0.8952532525973151,0.7723225909471512,1.8,0.02,-0.0,-0.0005742009107100827,-1.3619978928745457e-05,0.29944381713867185,0.15,-0.0,0.0,0.0,-0.0,0.0,0.0,0.0,0.0,0.35,0.0,0.0,0.0,0.0,0.0,0.0,0.0,0.0,0.25,-0.0,0.01763916015625,0.0,1.2665843963623047,-0.0,0.0044097900390625,0.0044097900390625,-0.05,0.5423225909471512,0.36154839396476746,0.2,0.0,-0.0,-0.0,-0.0,0.8,1.0,-0.0,0.0,-0.0,-0.0,0.0,0.0,0.0,0.44639725634828215,-0.0,-0.0,-0.0,0.02,0.0,0.0,0.0,0.0,0.0,0.0,0.36154839396476746,32.14060245707631,32.4,0.0,0.6,0.0,1.0,2.0,4.0,0.0,1.0,0.0,1.0,0.0,0.0,0.0,0.0,0.0,0.0,0.0,0.0,0.0,0.0,0.0,0.0,0.0,0.0,0.0,0.0,0.0,0.0,0.0,22.65179443359375,18.828330993652344,22.418964385986328,19.047855377197266,-0.23283004760742188,0.21952438354492188,0.3200012445449829,2.385600286289056,-0.9872496724128723,0.15917916595935822,0.0,-55.249114990234375,31.388681411743164,0.0,28.0,28.0,28.0,0.0,1.0,19.0,0.0,0.0,1.0,0.0,1.0,0.0,3.0,0.0,6.68,190.6783999875188,0.5941999843344092,142.4721999792382,40.903299930505455,14.795300085097551,4.0,3.4836999839171767,2.4863999569788575,0.6934000412002206,0.000600004568696022
1,418,418,5.443586024964114,0,0,2.0,4.0,1.0,1.0,0.9824328422546387,1.0,1.0,1.0,1.0,1.0,1.0,0.9378177523612976,0.8943149447441101,1.0,0.8943149447441101,0.9824328422546387,1.0,1.0,0.8943149447441101,0.0,0.9021654725074768,-0.5385424494743347,1.0,-0.5125651359558105,0.4591514766216278,-0.6137301921844482,0.0,9.410428901901469e-05,0.8634648323059082,-0.5044090151786804,0.0,0.0,0.0,0.0,0.0,0.0,126.08709716796875,22.357873916625977,24.560821533203125,25.0,22.357873916625977,25.0,0.0,1.0,0.894314956665039,0.982432861328125,0.0,0.0,0.0,0.0,0.0,2.2706894874572754,0.6033027257591244,0.7738119769096374,1.7757818348380767,0.02,-0.0,-0.0005742009107100827,-1.3619978928745457e-05,0.0,0.15,-0.0,0.0,0.0,-0.0,0.0,0.0,0.0,0.0,0.35,0.0,0.0,0.0,0.0,0.0,0.0,0.0,0.0,0.25,-0.0,0.02154541015625,0.0,1.2706894874572754,-0.0,0.0053863525390625,0.0053863525390625,-0.05,0.5438119769096375,0.3625413179397583,0.2,0.0,-0.0,-0.0,-0.0,0.8,1.0,-0.0,0.0,-0.0,-0.0,0.0,0.0,0.0,0.45389054664876316,-0.0,-0.0,-0.024218165161923332,0.02,0.0,0.0,0.0,0.0,0.0,0.0,0.3625413179397583,32.68011935871095,32.4,1.0,0.0,0.0,1.0,2.0,4.0,0.0,1.0,0.0,1.0,0.0,0.0,0.0,0.0,0.0,0.0,0.0,0.0,0.0,0.0,0.0,0.0,0.0,0.0,0.0,0.0,0.0,0.0,0.0,22.41918182373047,19.047727584838867,22.186349868774414,19.267248153686523,-0.2328319549560547,0.21952056884765625,0.3199999928474426,2.3856130190480984,-0.9876105785369873,0.15692447125911713,0.0,-55.249114990234375,31.388681411743164,0.0,28.0,28.0,28.0,0.0,1.0,19.0,0.0,0.0,1.0,0.0,1.0,0.0,3.0,0.0,6.72,146.4951999951154,0.6591000128537416,129.2240999173373,10.13419998344034,7.227399968542159,4.0,3.604399971663952,2.228099969215691,0.6145000224933028,0.000400003045797348
1,419,419,5.080619728833635,0,0,2.0,3.0,1.0,1.0,0.9824328422546387,1.0,1.0,1.0,1.0,1.0,1.0,0.9378177523612976,0.8943149447441101,1.0,0.8943149447441101,0.9824328422546387,1.0,1.0,0.8943149447441101,0.0,0.901751697063446,-0.5393224358558655,1.0,-0.5132855772972107,0.466858834028244,0.46833065152168274,0.0,9.410428901901469e-05,0.8634473085403442,-0.5044389963150024,0.0,0.0,0.0,0.0,0.0,0.0,126.09017944335938,22.27762794494629,24.687881469726562,25.0,22.27762794494629,25.0,0.0,1.0,0.8911051177978515,0.9875152587890625,0.0,0.0,0.0,0.0,0.0,2.2616934776306152,0.8382166030706953,0.7457096713781357,1.2149999767541886,0.02,-0.0,-0.0005852058490457234,-1.3619978928745457e-05,0.2444903564453125,0.15,-0.0,0.0,0.0,-0.0,0.0,0.0,0.0,0.0,0.35,0.0,0.0,0.0,0.0,0.0,0.0,0.0,0.0,0.25,-0.0,0.0123291015625,0.0,1.2616934776306152,-0.0,0.003082275390625,0.003082275390625,-0.05,0.53970967233181,0.35980644822120667,0.2,0.0,-0.0,-0.0,-0.0,0.5599999904632569,0.699999988079071,-0.0,0.0,-0.0,-0.0,0.0,0.0,0.0,0.4443250724533573,-0.04500000178813934,-0.0,-0.0,0.02,0.0,0.0,0.0,0.0,0.0,0.0,0.35980644822120667,31.991405216641724,32.4,0.0,0.6,0.0,0.699999988079071,2.0,3.0,0.0,0.699999988079071,0.0,0.699999988079071,0.0,0.0,0.0,0.0,0.0,0.0,0.0,0.0,0.0,0.0,0.0,0.0,0.0,0.0,0.0,0.0,0.0,0.0,0.0,22.186567306518555,19.267120361328125,21.953733444213867,19.48663902282715,-0.2328338623046875,0.21951866149902344,0.3200000822544098,2.3856214522088477,-0.9879687428474426,0.15465380251407623,0.0,-55.249114990234375,31.388681411743164,0.0,28.0,28.0,28.0,0.0,1.0,19.0,0.0,0.0,1.0,0.0,1.0,0.0,3.0,0.0,6.76,171.87720001675189,0.3853000234812498,118.30119998194277,45.68640002980828,15.49160003196448,4.0,4.360900027677417,2.4766999995335937,0.62519998755306,0.000500003807246685
1,420,420,5.4069176112755155,0,0,2.0,4.0,1.0,1.0,0.9875152707099915,1.0,1.0,1.0,1.0,1.0,1.0,0.9430970549583435,0.8911051154136658,1.0,0.8911051154136658,0.9875152707099915,1.0,1.0,0.8911051154136658,0.0,0.9013264179229736,-0.5400826930999756,1.0,-0.5139966011047363,0.4570200741291046,-0.5978421568870544,0.0,-7.611341425217688e-05,0.8634498715400696,-0.5044346451759338,0.0,0.0,0.0,0.0,0.0,0.0,126.09413146972656,22.27762794494629,24.687881469726562,25.0,22.27762794494629,25.0,0.0,1.0,0.8911051177978515,0.9875152587890625,0.0,0.0,0.0,0.0,0.0,2.2654478549957275,0.601351874720503,0.7712062555551529,1.7489116260041324,0.02,-0.0,-0.0005852058490457234,-1.3619978928745457e-05,0.0,0.15,-0.0,0.0,0.0,-0.0,0.0,0.0,0.0,0.0,0.35,0.0,0.0,0.0,0.0,0.0,0.0,0.0,0.0,0.25,-0.0,0.01580810546875,0.0,1.2654478549957275,-0.0,0.0039520263671875,0.0039520263671875,-0.05,0.5412062555551529,0.36080417037010193,0.2,0.0,-0.0,-0.0,-0.0,0.8,1.0,-0.0,0.0,-0.0,-0.0,0.0,0.0,0.0,0.45195070054847747,-0.04500000178813934,-0.0,-0.006088372207728268,0.02,0.0,0.0,0.0,0.0,0.0,0.0,0.36080417037010193,32.54045043949038,32.4,1.0,0.0,0.0,1.0,2.0,4.0,0.0,1.0,0.0,1.0,0.0,0.0,0.0,0.0,0.0,0.0,0.0,0.0,0.0,0.0,0.0,0.0,0.0,0.0,0.0,0.0,0.0,0.0,0.0,21.953950881958008,19.48651123046875,21.721113204956055,19.706026077270508,-0.23283767700195312,0.2195148468017578,0.32000023126602173,2.38563827516122,-0.988323986530304,0.1523670107126236,0.0,-55.249114990234375,31.388681411743164,0.0,28.0,28.0,28.0,0.0,1.0,19.0,0.0,0.0,1.0,0.0,1.0,0.0,3.0,0.0,6.8,148.26869999524206,0.49460004083812237,125.96799992024899,13.509999960660934,10.761699988506734,4.0,4.517899942584336,3.057299996726215,0.6876999977976084,0.000400003045797348
1,421,421,5.670649914456756,0,0,2.0,4.0,1.0,1.0,0.9875152707099915,1.0,1.0,1.0,1.0,1.0,1.0,0.9430970549583435,0.8911051154136658,1.0,0.8911051154136658,0.9875152707099915,1.0,1.0,0.8911051154136658,0.0,0.90090411901474,-0.540850818157196,1.0,-0.5147114992141724,0.4648635685443878,0.4766017496585846,0.0,-7.611341425217688e-05,0.8634395599365234,-0.5044523477554321,0.0,0.0,0.0,0.0,0.0,0.0,126.09577178955078,22.15488052368164,24.812898635864258,25.0,22.15488052368164,25.0,0.0,1.0,0.8861952209472657,0.9925159454345703,0.0,0.0,0.0,0.0,0.0,2.256399154663086,0.8271164104475096,0.7671343493461609,1.8,0.02,-0.0,-0.0006026193962810035,-1.3619978928745457e-05,0.2353046417236328,0.15,-0.0,0.0,0.0,-0.0,0.0,0.0,0.0,0.0,0.35,0.0,0.0,0.0,0.0,0.0,0.0,0.0,0.0,0.25,-0.0,0.006561279296875,0.0,1.256399154663086,-0.0,0.00164031982421875,0.00164031982421875,-0.05,0.5371343493461609,0.3580895662307739,0.2,0.0,-0.0,-0.0,-0.0,0.8,1.0,-0.0,0.0,-0.0,-0.0,0.0,0.0,0.0,0.4424280080990866,-0.0,-0.0,-0.0,0.02,0.0,0.0,0.0,0.0,0.0,0.0,0.3580895662307739,31.854816583134237,32.4,0.0,0.6,0.0,1.0,2.0,4.0,0.0,1.0,0.0,1.0,0.0,0.0,0.0,0.0,0.0,0.0,0.0,0.0,0.0,0.0,0.0,0.0,0.0,0.0,0.0,0.0,0.0,0.0,0.0,21.721330642700195,19.70589828491211,21.48849105834961,19.925411224365234,-0.23283958435058594,0.219512939453125,0.3200003206729889,2.385646751691571,-0.9886762499809265,0.15006396174430847,0.0,-55.249114990234375,31.388681411743164,0.0,28.0,28.0,28.0,0.0,1.0,19.0,0.0,0.0,1.0,0.0,1.0,0.0,3.0,0.0,6.84,210.72319999802858,0.443900004029274,150.92960000038147,51.51649995241314,32.077299896627665,4.0,4.322499968111515,2.550999983213842,0.924200052395463,0.000500003807246685
1,422,422,4.830673843928837,0,0,2.0,3.0,1.0,1.0,0.9925159215927124,1.0,1.0,1.0,1.0,1.0,1.0,0.9482661485671997,0.8861952424049377,1.0,0.8861952424049377,0.9925159215927124,1.0,1.0,0.8861952424049377,0.0,0.9004700779914856,-0.541599690914154,1.0,-0.5154175162315369,0.45506879687309265,-0.5951682925224304,0.0,-0.0003358170797582716,0.8634505271911621,-0.5044335722923279,0.0,0.0,0.0,0.0,0.0,0.0,126.09725189208984,22.15488052368164,24.812898635864258,25.0,22.15488052368164,25.0,0.0,1.0,0.8861952209472657,0.9925159454345703,0.0,0.0,0.0,0.0,0.0,2.2559850215911865,0.5969564709153414,0.7427323746681214,1.2149999767541886,0.02,-0.0,-0.0006026193962810035,-1.3619978928745457e-05,0.0,0.15,-0.0,0.0,0.0,-0.0,0.0,0.0,0.0,0.0,0.35,0.0,0.0,0.0,0.0,0.0,0.0,0.0,0.0,0.25,-0.0,0.00592041015625,0.0,1.2559850215911865,-0.0,0.0014801025390625,0.0014801025390625,-0.05,0.5367323756217957,0.35782158374786377,0.2,0.0,-0.0,-0.0,-0.0,0.5599999904632569,0.699999988079071,-0.0,0.0,-0.0,-0.0,0.0,0.0,0.0,0.4475727102905512,-0.04500000178813934,-0.0,-0.0,0.02,0.0,0.0,0.0,0.0,0.0,0.0,0.35782158374786377,32.225235140919686,32.4,0.7326086850269979,0.0,0.0,0.699999988079071,2.0,3.0,0.0,0.699999988079071,0.0,0.699999988079071,0.0,0.0,0.0,0.0,0.0,0.0,0.0,0.0,0.0,0.0,0.0,0.0,0.0,0.0,0.0,0.0,0.0,0.0,0.0,21.48870849609375,19.925283432006836,21.2558650970459,20.144792556762695,-0.23284339904785156,0.21950912475585938,0.32000046968460083,2.385663574643372,-0.9890255331993103,0.14774452149868011,0.0,-55.249114990234375,31.388681411743164,0.0,28.0,28.0,28.0,0.0,1.0,19.0,0.0,0.0,1.0,0.0,1.0,0.0,3.0,0.0,6.88,180.13660004362464,0.5819000070914626,158.13280001748353,14.211099944077432,10.693000047467649,4.0,3.859299933537841,2.5752000510692596,0.7454999722540379,0.000400003045797348
1,423,423,5.608026937829808,0,0,2.0,4.0,1.0,1.0,0.9925159215927124,1.0,1.0,1.0,1.0,1.0,1.0,0.9482661485671997,0.8861952424049377,1.0,0.8861952424049377,0.9925159215927124,1.0,1.0,0.8861952424049377,0.0,0.9000347256660461,-0.5423468351364136,1.0,-0.5161224007606506,0.46036049723625183,0.3215438723564148,0.0,-0.0003358170797582716,0.8634454607963562,-0.5044422745704651,0.0,0.0,0.0,0.0,0.0,0.0,126.10459899902344,22.05854034423828,24.936716079711914,25.0,22.05854034423828,25.0,0.0,1.0,0.8823416137695312,0.9974686431884766,0.0,0.0,0.0,0.0,0.0,2.279679536819458,0.8418163389002077,0.7765088933706283,1.690022168739515,0.02,-0.0,-0.0006167945827089232,-1.3619978928745457e-05,0.23607406616210938,0.15,-0.0,0.0,0.0,-0.0,0.0,0.0,0.0,0.0,0.35,0.0,0.0,0.0,0.0,0.0,0.0,0.0,0.0,0.25,-0.0,0.029388427734375,0.0,1.279679536819458,-0.0,0.00734710693359375,0.00734710693359375,-0.05,0.5465088933706284,0.36433926224708557,0.2,0.0,-0.0,-0.0,-0.0,0.8,1.0,-0.0,0.0,-0.0,-0.0,0.0,0.0,0.0,0.456372687299736,-0.04500000178813934,-0.0,-0.06497782947234577,0.02,0.0,0.0,0.0,0.0,0.0,0.0,0.36433926224708557,32.85883348558099,32.4,1.0,0.0,0.0,1.0,2.0,4.0,0.0,1.0,0.0,1.0,0.0,0.0,0.0,0.0,0.0,0.0,0.0,0.0,0.0,0.0,0.0,0.0,0.0,0.0,0.0,0.0,0.0,0.0,0.0,21.25608253479004,20.144662857055664,21.023237228393555,20.364168167114258,-0.23284530639648438,0.21950531005859375,0.31999924778938293,2.3856763507702996,-0.9893717169761658,0.14540860056877136,0.0,-55.249114990234375,31.388681411743164,0.0,28.0,28.0,28.0,0.0,1.0,19.0,0.0,0.0,1.0,0.0,1.0,0.0,3.0,0.0,6.92,264.7134999278933,0.62369997613132,170.19109998364002,79.63509997352958,37.65509999357164,4.0,9.789699921384454,3.4886000212281942,0.9462999878451228,0.000600004568696022
1,424,424,5.577406716834038,0,0,2.0,4.0,1.0,1.0,0.9974686503410339,1.0,1.0,1.0,1.0,1.0,1.0,0.9534002542495728,0.8823416233062744,1.0,0.8823416233062744,0.9974686503410339,1.0,1.0,0.8823416233062744,0.0,0.8996275663375854,-0.5431403517723083,1.0,-0.5168474912643433,0.4694119095802307,0.5499985814094543,0.0,0.00021698145428672433,0.8634354472160339,-0.5044593214988708,0.0,0.0,0.0,0.0,0.0,0.0,126.10958862304688,21.99083709716797,25.0,25.0,21.99083709716797,25.0,0.0,1.0,0.8796334838867188,1.0,0.0,0.0,0.0,0.0,0.0,2.27051043510437,0.7146707867488569,0.772225494980812,1.8,0.02,-0.0,-0.0006270321139597339,-1.3619978928745457e-05,0.11844345092773438,0.15,-0.0,0.0,0.0,-0.0,0.0,0.0,0.0,0.0,0.35,0.0,0.0,0.0,0.0,0.0,0.0,0.0,0.0,0.25,-0.0,0.01995849609375,0.0,1.2705104351043701,-0.0,0.0049896240234375,0.0049896240234375,-0.05,0.5422254949808121,0.3614836633205414,0.2,0.0,-0.0,-0.0,-0.0,0.8,1.0,-0.0,0.0,-0.0,-0.0,0.0,0.0,0.0,0.44686798791401094,-0.0,-0.0,-0.0,0.02,0.0,0.0,0.0,0.0,0.0,0.0,0.3614836633205414,32.17449512980878,32.4,0.0,0.6,0.0,1.0,2.0,4.0,0.0,1.0,0.0,1.0,0.0,0.0,0.0,0.0,0.0,0.0,0.0,0.0,0.0,0.0,0.0,0.0,0.0,0.0,0.0,0.0,0.0,0.0,0.0,21.023454666137695,20.364038467407227,20.790605545043945,20.583539962768555,-0.23284912109375,0.21950149536132812,0.3199993968009949,2.3856931737206533,-0.9897145628929138,0.1430560201406479,0.0,-55.249114990234375,31.388681411743164,0.0,28.0,28.0,28.0,0.0,1.0,19.0,0.0,0.0,1.0,0.0,1.0,0.0,3.0,0.0,6.96,341.7915999889374,0.9145000949501991,193.73610010370612,134.8056000424549,45.370299951173365,4.0,5.451900069601834,5.657000001519918,1.1651000240817666,0.0004998873919248581
1,425,425,5.444699021992782,0,0,2.0,4.0,1.0,1.0,1.0,1.0,1.0,1.0,1.0,1.0,1.0,0.9586579203605652,0.8796334862709045,1.0,0.8796334862709045,1.0,1.0,1.0,0.8796334862709045,0.0,0.8992094397544861,-0.5439127087593079,1.0,-0.5175619125366211,0.4596356451511383,-0.5940437316894531,0.0,0.00011485230788821355,0.8634341955184937,-0.5044614672660828,0.0,0.0,0.0,0.0,0.0,0.0,126.11685180664062,21.99083709716797,25.0,25.0,21.99083709716797,25.0,0.0,1.0,0.8796334838867188,1.0,0.0,0.0,0.0,0.0,0.0,2.274303674697876,0.6034429139860277,0.7736332523822784,1.7733191809266005,0.02,-0.0,-0.0006270321139597339,-1.3619978928745457e-05,0.0,0.15,-0.0,0.0,0.0,-0.0,0.0,0.0,0.0,0.0,0.35,0.0,0.0,0.0,0.0,0.0,0.0,0.0,0.0,0.25,-0.0,0.029052734375,0.0,1.274303674697876,-0.0,0.00726318359375,0.00726318359375,-0.05,0.5436332523822784,0.3624221682548523,0.2,0.0,-0.0,-0.0,-0.0,0.8,1.0,-0.0,0.0,-0.0,-0.0,0.0,0.0,0.0,0.4540835660789162,-0.0,-0.0,-0.02668081907339948,0.02,0.0,0.0,0.0,0.0,0.0,0.0,0.3624221682548523,32.694016757681965,32.4,1.0,0.0,0.0,1.0,2.0,4.0,0.0,1.0,0.0,1.0,0.0,0.0,0.0,0.0,0.0,0.0,0.0,0.0,0.0,0.0,0.0,0.0,0.0,0.0,0.0,0.0,0.0,0.0,0.0,20.790822982788086,20.583410263061523,20.562257766723633,20.807369232177734,-0.22856521606445312,0.22395896911621094,0.31999948620796204,2.366373129576284,-0.990054190158844,0.14068664610385895,0.0,-55.249114990234375,31.388681411743164,0.0,28.0,28.0,28.0,0.0,1.0,18.0,0.0,0.0,1.0,0.0,1.0,0.0,3.0,0.0,7.0,336.95900009479374,2.543900045566261,281.28039999864995,34.686599974520504,19.694400019943714,4.0,5.766300018876791,6.317199906334281,6.323100067675114,0.000500003807246685
1,426,426,5.442867928663629,0,0,2.0,4.0,1.0,1.0,1.0,1.0,1.0,1.0,1.0,1.0,1.0,0.9586579203605652,0.8796334862709045,1.0,0.8796334862709045,1.0,1.0,1.0,0.8796334862709045,0.0,0.8988310098648071,-0.5446547269821167,1.0,-0.5182381272315979,0.46705737709999084,0.45097362995147705,0.0,0.00011485230788821355,0.8634170889854431,-0.5044907331466675,0.0,0.0,0.0,0.0,0.0,0.0,126.12171936035156,21.94823455810547,25.0,25.0,21.94823455810547,25.0,0.0,1.0,0.8779293823242188,1.0,0.0,0.0,0.0,0.0,0.0,2.2649656534194946,0.5884571134246771,0.769445161819458,1.8,0.02,-0.0,-0.0006335935644755037,-1.3619978928745457e-05,-0.0051123046874999994,0.15,-0.0,0.0,0.0,-0.0,0.0,0.0,0.0,0.0,0.35,0.0,0.0,0.0,0.0,0.0,0.0,0.0,0.0,0.25,-0.0,0.01947021484375,0.0,1.2649656534194946,-0.0,0.0048675537109375,0.0048675537109375,-0.05,0.539445161819458,0.35963010787963867,0.2,0.0,-0.0,-0.0,-0.0,0.8,1.0,-0.0,0.0,-0.0,-0.0,0.0,0.0,0.0,0.44421663165558134,-0.0,-0.0,-0.0,0.02,0.0,0.0,0.0,0.0,0.0,0.0,0.35963010787963867,31.983597479201855,32.4,0.0,0.6,0.0,1.0,2.0,4.0,0.0,1.0,0.0,1.0,0.0,0.0,0.0,0.0,0.0,0.0,0.0,0.0,0.0,0.0,0.0,0.0,0.0,0.0,0.0,0.0,0.0,0.0,0.0,20.562501907348633,20.807249069213867,20.333934783935547,21.031206130981445,-0.22856712341308594,0.22395706176757812,0.3199995160102844,2.3663815593670563,-0.9903993606567383,0.13823533058166504,0.0,-55.249114990234375,31.388681411743164,0.0,28.0,28.0,28.0,0.0,1.0,18.0,1.0,0.0,1.0,0.0,1.0,0.0,3.0,0.0,7.04,393.0331999436021,0.7029999978840351,249.6347000123933,129.3222000822425,52.935199928469956,4.0,9.41120006609708,2.983899903483689,0.9351000189781189,0.000400003045797348
1,427,427,5.456274880008215,0,0,2.0,4.0,1.0,1.0,1.0,1.0,1.0,1.0,1.0,1.0,1.0,0.9639140963554382,0.8779293894767761,1.0,0.8779293894767761,1.0,1.0,1.0,0.8779293894767761,0.0,0.898440420627594,-0.5453768372535706,1.0,-0.5189052224159241,0.45690852403640747,-0.6166834235191345,0.0,-0.0001350967213511467,0.8634214997291565,-0.5044832229614258,0.0,0.0,0.0,0.0,0.0,0.0,126.12741088867188,21.94823455810547,25.0,25.0,21.94823455810547,25.0,0.0,1.0,0.8779293823242188,1.0,0.0,0.0,0.0,0.0,0.0,2.268537163734436,0.6009513687662665,0.7708750921487808,1.7959112553587322,0.02,-0.0,-0.0006335935644755037,-1.3619978928745457e-05,0.0,0.15,-0.0,0.0,0.0,-0.0,0.0,0.0,0.0,0.0,0.35,0.0,0.0,0.0,0.0,0.0,0.0,0.0,0.0,0.25,-0.0,0.02276611328125,0.0,1.268537163734436,-0.0,0.0056915283203125,0.0056915283203125,-0.05,0.5408750921487808,0.3605833947658539,0.2,0.0,-0.0,-0.0,-0.0,0.8,1.0,-0.0,0.0,-0.0,-0.0,0.0,0.0,0.0,0.4515985823096708,-0.0,-0.0,-0.004088744641267794,0.02,0.0,0.0,0.0,0.0,0.0,0.0,0.3605833947658539,32.5150979262963,32.4,1.0,0.0,0.0,1.0,2.0,4.0,0.0,1.0,0.0,1.0,0.0,0.0,0.0,0.0,0.0,0.0,0.0,0.0,0.0,0.0,0.0,0.0,0.0,0.0,0.0,0.0,0.0,0.0,0.0,20.334163665771484,21.031084060668945,20.105594635009766,21.25503921508789,-0.22856903076171875,0.2239551544189453,0.3199995458126068,2.366389989157802,-0.9907408952713013,0.13576672971248627,0.0,-55.249114990234375,31.388681411743164,0.0,28.0,28.0,28.0,0.0,1.0,18.0,0.0,0.0,1.0,0.0,1.0,0.0,3.0,0.0,7.08,277.9130000853911,1.017100061289966,197.80049996916205,60.71190000511706,33.67820009589195,4.0,14.69900005031377,2.7828000020235777,0.853799981996417,0.000500003807246685
1,428,428,4.826138035298208,0,0,2.0,3.0,1.0,1.0,1.0,1.0,1.0,1.0,1.0,1.0,1.0,0.9639140963554382,0.8779293894767761,1.0,0.8779293894767761,1.0,1.0,1.0,0.8779293894767761,0.0,0.8980525732040405,-0.5461065173149109,1.0,-0.5195760726928711,0.46450141072273254,0.46137192845344543,0.0,-0.0001350967213511467,0.8634133338928223,-0.504497230052948,0.0,0.0,0.0,0.0,0.0,0.0,126.13076782226562,21.92890739440918,25.0,25.0,21.92890739440918,25.0,0.0,1.0,0.8771562957763672,1.0,0.0,0.0,0.0,0.0,0.0,2.259413480758667,0.5889674820908108,0.742757095694542,1.2149999767541886,0.02,-0.0,-0.0006366011100892849,-1.3619978928745457e-05,-0.0023192596435546876,0.15,-0.0,0.0,0.0,-0.0,0.0,0.0,0.0,0.0,0.35,0.0,0.0,0.0,0.0,0.0,0.0,0.0,0.0,0.25,-0.0,0.013427734375,0.0,1.259413480758667,-0.0,0.00335693359375,0.00335693359375,-0.05,0.5367570966482162,0.35783806443214417,0.2,0.0,-0.0,-0.0,-0.0,0.5599999904632569,0.699999988079071,-0.0,0.0,-0.0,-0.0,0.0,0.0,0.0,0.4419369628233836,-0.04500000178813934,-0.0,-0.0,0.02,0.0,0.0,0.0,0.0,0.0,0.0,0.35783806443214417,31.819461323283615,32.4,0.0,0.6,0.0,0.699999988079071,2.0,3.0,0.0,0.699999988079071,0.0,0.699999988079071,0.0,0.0,0.0,0.0,0.0,0.0,0.0,0.0,0.0,0.0,0.0,0.0,0.0,0.0,0.0,0.0,0.0,0.0,0.0,20.105815887451172,21.254911422729492,19.87724494934082,21.478864669799805,-0.22857093811035156,0.2239532470703125,0.3199995756149292,2.3663984189485197,-0.9910783171653748,0.13328072428703308,0.0,-55.249114990234375,31.388681411743164,0.0,28.0,28.0,28.0,0.0,1.0,18.0,0.0,0.0,1.0,0.0,1.0,0.0,3.0,0.0,7.12,338.0477000027895,0.736700021661818,229.81059993617237,95.53229995071888,63.60970006790012,4.0,7.1001999313011765,3.75879998318851,1.0738000273704529,0.000500003807246685
1,429,429,6.427692000164533,0,0,2.0,3.0,1.0,1.0,1.0,1.0,1.0,1.0,1.0,1.0,1.0,0.9690950512886047,0.8771563172340393,1.0,0.8771563172340393,1.0,1.0,1.0,0.8771563172340393,0.0,0.8976532816886902,-0.5468165278434753,1.0,-0.5202376842498779,0.4545637369155884,-0.6038511991500854,0.0,-0.00032713435939513147,0.8634238839149475,-0.5044791102409363,0.0,0.0,0.0,0.0,0.0,0.0,126.13395690917969,21.92890739440918,25.0,25.0,21.92890739440918,25.0,0.0,1.0,0.8771562957763672,1.0,0.0,0.0,0.0,0.0,0.0,2.2589718103408813,0.5963873516459712,2.292332859635353,1.259999978542328,0.02,-0.0,-0.0006366011100892849,-1.3619978928745457e-05,0.0,0.15,-0.0,0.0,0.0,-0.0,0.0,0.0,0.0,0.0,0.35,0.0,0.0,0.0,0.0,0.0,0.0,0.0,0.0,0.25,-0.0,0.01275634765625,0.0,1.2589718103408813,-0.0,0.0031890869140625,0.0031890869140625,1.5,0.5363328605890274,0.35755524039268494,0.2,0.0,-0.0,-0.0,-0.0,0.5599999904632569,0.699999988079071,-0.0,0.0,-0.0,-0.0,0.0,0.0,0.0,0.44703757273498923,-0.0,-0.0,-0.0,0.02,0.0,0.0,0.0,0.0,0.0,0.0,0.35755524039268494,32.186705236919224,32.4,0.7326086850269979,0.0,0.0,0.699999988079071,2.0,3.0,0.0,0.699999988079071,0.0,0.699999988079071,0.0,0.0,0.0,0.0,0.0,0.0,0.0,0.0,0.0,0.0,0.0,0.0,0.0,0.0,0.0,0.0,0.0,0.0,0.0,19.87746238708496,21.47873306274414,19.648889541625977,21.70268440246582,-0.22857284545898438,0.2239513397216797,0.3199996054172516,2.366406891314271,-0.9914117455482483,0.13077713549137115,0.0,-55.249114990234375,31.388681411743164,0.0,28.0,28.0,28.0,0.0,1.0,18.0,0.0,0.0,1.0,0.0,1.0,0.0,3.0,0.0,7.16,291.09920002520084,0.7563000544905663,185.37890003062785,93.32039998844266,52.083299960941076,4.0,6.778799928724766,4.0018000872805715,0.8143999148160219,0.000500003807246685
1,430,430,5.477056144190204,0,0,2.0,4.0,1.0,1.0,1.0,1.0,1.0,1.0,1.0,1.0,1.0,0.9690950512886047,0.8771563172340393,1.0,0.8771563172340393,1.0,1.0,1.0,0.8771563172340393,0.0,0.8972527980804443,-0.5475244522094727,1.0,-0.5208980441093445,0.4598100781440735,0.3187881112098694,0.0,-0.00032713435939513147,0.86341792345047,-0.5044893622398376,0.0,0.0,0.0,0.0,0.0,0.0,126.14302825927734,22.04526138305664,25.0,25.0,22.04526138305664,25.0,0.0,1.0,0.8818104553222657,1.0,0.0,0.0,0.0,0.0,0.0,2.2827446460723877,0.69832074178907,0.7761209565401077,1.6998697997886394,0.02,-0.0,-0.0006187843469466631,-1.3619978928745457e-05,0.09308319091796875,0.15,-0.0,0.0,0.0,-0.0,0.0,0.0,0.0,0.0,0.35,0.0,0.0,0.0,0.0,0.0,0.0,0.0,0.0,0.25,-0.0,0.036285400390625,0.0,1.2827446460723877,-0.0,0.00907135009765625,0.00907135009765625,-0.05,0.5461209565401077,0.36408063769340515,0.2,0.0,-0.0,-0.0,-0.0,0.8,1.0,-0.0,0.0,-0.0,-0.0,0.0,0.0,0.0,0.4558699551969767,-0.04500000178813934,-0.0,-0.05513019842322131,0.02,0.0,0.0,0.0,0.0,0.0,0.0,0.36408063769340515,32.82263677418232,32.4,1.0,0.0,0.0,1.0,2.0,4.0,0.0,1.0,0.0,1.0,0.0,0.0,0.0,0.0,0.0,0.0,0.0,0.0,0.0,0.0,0.0,0.0,0.0,0.0,0.0,0.0,0.0,0.0,0.0,19.649106979370117,21.702552795410156,19.4205322265625,21.926502227783203,-0.2285747528076172,0.22394943237304688,0.319999635219574,2.366415321105281,-0.9917411208152771,0.12825581431388855,0.0,-55.249114990234375,31.388681411743164,0.0,28.0,28.0,28.0,0.0,1.0,18.0,0.0,0.0,1.0,0.0,1.0,0.0,3.0,0.0,7.2,334.5458999974653,0.903200008906424,188.73649998567998,135.60450007207692,55.60370010789484,4.0,5.173099925741553,3.328799968585372,0.7582000689581037,0.000500003807246685
1,431,431,7.016294399888364,0,0,2.0,4.0,1.0,1.0,1.0,1.0,1.0,1.0,1.0,1.0,1.0,0.9742370843887329,0.8818104267120361,1.0,0.8818104267120361,1.0,1.0,1.0,0.8818104267120361,0.0,0.896880567073822,-0.54827880859375,1.0,-0.5215781927108765,0.4688948094844818,0.5520238876342773,0.0,0.00025737661053426564,0.8634068369865417,-0.504508376121521,0.0,0.0,0.0,0.0,0.0,0.0,126.14971923828125,22.0517520904541,25.0,25.0,22.0517520904541,25.0,0.0,1.0,0.8820700836181641,1.0,0.0,0.0,0.0,0.0,0.0,2.273445963859558,0.6010043064664279,2.3218441295623777,1.8,0.02,-0.0,-0.0006178106571220915,-1.3619978928745457e-05,0.00519256591796875,0.15,-0.0,0.0,0.0,-0.0,0.0,0.0,0.0,0.0,0.35,0.0,0.0,0.0,0.0,0.0,0.0,0.0,0.0,0.25,-0.0,0.026763916015625,0.0,1.273445963859558,-0.0,0.00669097900390625,0.00669097900390625,1.5,0.5418441295623779,0.36122941970825195,0.2,0.0,-0.0,-0.0,-0.0,0.8,1.0,-0.0,0.0,-0.0,-0.0,0.0,0.0,0.0,0.44644317118451,-0.0,-0.0,-0.0,0.02,0.0,0.0,0.0,0.0,0.0,0.0,0.36122941970825195,32.14390832528472,32.4,0.0,0.6,0.0,1.0,2.0,4.0,0.0,1.0,0.0,1.0,0.0,0.0,0.0,0.0,0.0,0.0,0.0,0.0,0.0,0.0,0.0,0.0,0.0,0.0,0.0,0.0,0.0,0.0,0.0,19.420747756958008,21.926368713378906,19.192171096801758,22.15031623840332,-0.22857666015625,0.22394752502441406,0.31999966502189636,2.3664237508962596,-0.9920662045478821,0.12571659684181213,0.0,-55.249114990234375,31.388681411743164,0.0,28.0,28.0,28.0,0.0,1.0,18.0,0.0,0.0,1.0,0.0,1.0,0.0,3.0,0.0,7.24,232.64559998642653,0.7400999311357737,179.06640004366636,40.270700003020465,22.10529998410493,4.0,8.675399934872985,3.0360000673681498,0.8204999612644315,0.000400003045797348
1,432,432,5.451170913738411,0,0,2.0,4.0,1.0,1.0,1.0,1.0,1.0,1.0,1.0,1.0,1.0,0.9794932007789612,0.8820700645446777,1.0,0.8820700645446777,1.0,1.0,1.0,0.8820700645446777,0.0,0.8964971899986267,-0.5490121841430664,1.0,-0.5222482085227966,0.4591986835002899,-0.5891739726066589,0.0,0.00010243019642075524,0.8634052872657776,-0.5045109391212463,0.0,0.0,0.0,0.0,0.0,0.0,126.15729522705078,22.0517520904541,25.0,25.0,22.0517520904541,25.0,0.0,1.0,0.8820700836181641,1.0,0.0,0.0,0.0,0.0,0.0,2.277228593826294,0.6031140490594481,0.7732740598917007,1.7775542109609683,0.02,-0.0,-0.0006178106571220915,-1.3619978928745457e-05,0.0,0.15,-0.0,0.0,0.0,-0.0,0.0,0.0,0.0,0.0,0.35,0.0,0.0,0.0,0.0,0.0,0.0,0.0,0.0,0.25,-0.0,0.030303955078125,0.0,1.277228593826294,-0.0,0.00757598876953125,0.00757598876953125,-0.05,0.5432740598917007,0.36218270659446716,0.2,0.0,-0.0,-0.0,-0.0,0.8,1.0,-0.0,0.0,-0.0,-0.0,0.0,0.0,0.0,0.45374547969549894,-0.0,-0.0,-0.02244578903903177,0.02,0.0,0.0,0.0,0.0,0.0,0.0,0.36218270659446716,32.669674538075924,32.4,1.0,0.0,0.0,1.0,2.0,4.0,0.0,1.0,0.0,1.0,0.0,0.0,0.0,0.0,0.0,0.0,0.0,0.0,0.0,0.0,0.0,0.0,0.0,0.0,0.0,0.0,0.0,0.0,0.0,19.192386627197266,22.150182723999023,18.963808059692383,22.374128341674805,-0.2285785675048828,0.22394561767578125,0.31999969482421875,2.366432138974043,-0.9923868179321289,0.12315932661294937,0.0,-55.249114990234375,31.388681411743164,0.0,28.0,28.0,28.0,0.0,1.0,18.0,0.0,0.0,1.0,0.0,1.0,0.0,3.0,0.0,7.28,214.89539998583496,0.750000006519258,154.09169998019934,48.88989997562021,31.35400009341538,4.0,5.636300076730549,4.605799913406372,0.8759000338613987,0.000400003045797348
1,433,433,5.474404580977519,0,0,2.0,4.0,1.0,1.0,1.0,1.0,1.0,1.0,1.0,1.0,1.0,0.9794932007789612,0.8820700645446777,1.0,0.8820700645446777,1.0,1.0,1.0,0.8820700645446777,0.0,0.8961173892021179,-0.5497527718544006,1.0,-0.5229212045669556,0.4667096436023712,0.4563942849636078,0.0,0.00010243019642075524,0.8633901476860046,-0.5045368671417236,0.0,0.0,0.0,0.0,0.0,0.0,126.16248321533203,22.081878662109375,25.0,25.0,22.081878662109375,25.0,0.0,1.0,0.883275146484375,1.0,0.0,0.0,0.0,0.0,0.0,2.2678576707839966,0.6174287990599473,0.7691181111335754,1.8,0.02,-0.0,-0.0006133187620200843,-1.3619978928745457e-05,0.02410125732421875,0.15,-0.0,0.0,0.0,-0.0,0.0,0.0,0.0,0.0,0.35,0.0,0.0,0.0,0.0,0.0,0.0,0.0,0.0,0.25,-0.0,0.020751953125,0.0,1.2678576707839966,-0.0,0.00518798828125,0.00518798828125,-0.05,0.5391181111335754,0.3594120740890503,0.2,0.0,-0.0,-0.0,-0.0,0.8,1.0,-0.0,0.0,-0.0,-0.0,0.0,0.0,0.0,0.4439544804766774,-0.0,-0.0,-0.0,0.02,0.0,0.0,0.0,0.0,0.0,0.0,0.3594120740890503,31.964722594320772,32.4,0.0,0.6,0.0,1.0,2.0,4.0,0.0,1.0,0.0,1.0,0.0,0.0,0.0,0.0,0.0,0.0,0.0,0.0,0.0,0.0,0.0,0.0,0.0,0.0,0.0,0.0,0.0,0.0,0.0,18.96402359008789,22.373994827270508,18.735443115234375,22.597938537597656,-0.22858047485351562,0.22394371032714844,0.31999972462654114,2.3664405687653143,-0.9927031397819519,0.12058388441801071,0.0,-55.249114990234375,31.388681411743164,0.0,28.0,28.0,28.0,0.0,1.0,18.0,0.0,0.0,1.0,0.0,1.0,0.0,3.0,0.0,7.32,256.1471000080928,0.6527999648824334,170.63100007362664,68.99210007395595,27.45389996562153,4.0,10.124800028279424,4.814399988390505,0.8830999722704291,0.000400003045797348
1,434,434,4.8451366552689645,0,0,2.0,3.0,1.0,1.0,1.0,1.0,1.0,1.0,1.0,1.0,1.0,0.9847396612167358,0.8832751512527466,1.0,0.8832751512527466,1.0,1.0,1.0,0.8832751512527466,0.0,0.895725429058075,-0.5504736304283142,1.0,-0.5235854387283325,0.456638902425766,-0.6119374632835388,0.0,-0.0001930053549585864,0.8633965253829956,-0.504525899887085,0.0,0.0,0.0,0.0,0.0,0.0,126.16743469238281,22.081878662109375,25.0,25.0,22.081878662109375,25.0,0.0,1.0,0.883275146484375,1.0,0.0,0.0,0.0,0.0,0.0,2.267127752304077,0.5983283290246104,0.7446805971860886,1.2149999767541886,0.02,-0.0,-0.0006133187620200843,-1.3619978928745457e-05,0.0,0.15,-0.0,0.0,0.0,-0.0,0.0,0.0,0.0,0.0,0.35,0.0,0.0,0.0,0.0,0.0,0.0,0.0,0.0,0.25,-0.0,0.019805908203125,0.0,1.2671277523040771,-0.0,0.00495147705078125,0.00495147705078125,-0.05,0.5386805981397629,0.3591203987598419,0.2,0.0,-0.0,-0.0,-0.0,0.5599999904632569,0.699999988079071,-0.0,0.0,-0.0,-0.0,0.0,0.0,0.0,0.4489552677655593,-0.04500000178813934,-0.0,-0.0,0.02,0.0,0.0,0.0,0.0,0.0,0.0,0.3591203987598419,32.32477927912027,32.4,0.7326086850269979,0.0,0.0,0.699999988079071,2.0,3.0,0.0,0.699999988079071,0.0,0.699999988079071,0.0,0.0,0.0,0.0,0.0,0.0,0.0,0.0,0.0,0.0,0.0,0.0,0.0,0.0,0.0,0.0,0.0,0.0,0.0,18.735658645629883,22.59780502319336,18.507076263427734,22.821746826171875,-0.22858238220214844,0.22394180297851562,0.3199997544288635,2.3664489985565504,-0.9930148124694824,0.11799009889364243,0.0,-55.249114990234375,31.388681411743164,0.0,28.0,28.0,28.0,0.0,1.0,18.0,0.0,0.0,1.0,0.0,1.0,0.0,3.0,0.0,7.36,268.16320000216365,0.9456999832764268,193.47570009995252,61.074300087057054,37.750399904325604,4.0,5.175100057385862,5.530999973416328,1.920199953019619,0.000500003807246685
1,435,435,5.3979074004496646,0,0,2.0,4.0,1.0,1.0,1.0,1.0,1.0,1.0,1.0,1.0,1.0,0.9847396612167358,0.8832751512527466,1.0,0.8832751512527466,1.0,1.0,1.0,0.8832751512527466,0.0,0.8953313827514648,-0.5511929988861084,1.0,-0.5242490768432617,0.4617825746536255,0.3125492036342621,0.0,-0.0001930053549585864,0.8633928894996643,-0.5045322179794312,0.0,0.0,0.0,0.0,0.0,0.0,126.17819213867188,22.134807586669922,25.0,25.0,22.134807586669922,25.0,0.0,1.0,0.8853923034667969,1.0,0.0,0.0,0.0,0.0,0.0,2.29064679145813,0.6494554260526044,0.7784454929828644,1.6593596899560668,0.02,-0.0,-0.0006055354397386395,-1.3619978928745457e-05,0.0423431396484375,0.15,-0.0,0.0,0.0,-0.0,0.0,0.0,0.0,0.0,0.35,0.0,0.0,0.0,0.0,0.0,0.0,0.0,0.0,0.25,-0.0,0.04302978515625,0.0,1.2906467914581299,-0.0,0.0107574462890625,0.0107574462890625,-0.05,0.5484454929828644,0.3656303286552429,0.2,0.0,-0.0,-0.0,-0.0,0.8,1.0,-0.0,0.0,-0.0,-0.0,0.0,0.0,0.0,0.4577314418228343,-0.04500000178813934,-0.0,-0.09564030825579406,0.02,0.0,0.0,0.0,0.0,0.0,0.0,0.3656303286552429,32.95666381124407,32.4,1.0,0.0,0.0,1.0,2.0,4.0,0.0,1.0,0.0,1.0,0.0,0.0,0.0,0.0,0.0,0.0,0.0,0.0,0.0,0.0,0.0,0.0,0.0,0.0,0.0,0.0,0.0,0.0,0.0,18.507291793823242,22.821613311767578,18.27870750427246,23.04555320739746,-0.22858428955078125,0.2239398956298828,0.3199997842311859,2.3664574283477506,-0.9933216571807861,0.11537782847881317,0.0,-55.249114990234375,31.388681411743164,0.0,28.0,28.0,28.0,0.0,1.0,18.0,0.0,0.0,1.0,0.0,1.0,0.0,3.0,0.0,7.4,322.09449994843453,0.7844999199733138,188.91440005972981,122.98460002057254,70.02420001663268,4.0,5.7131999637931585,2.7535000117495656,0.90079999063164,0.000500003807246685
1,436,436,4.8642144367484565,0,0,2.0,3.0,1.0,1.0,1.0,1.0,1.0,1.0,1.0,1.0,1.0,0.9899122714996338,0.8853923082351685,1.0,0.8853923082351685,1.0,1.0,1.0,0.8853923082351685,0.0,0.8949645757675171,-0.5519591569900513,1.0,-0.5249330401420593,0.4708094894886017,0.5485108494758606,0.0,9.325399878434837e-05,0.8633881211280823,-0.5045402646064758,0.0,0.0,0.0,0.0,0.0,0.0,126.18657684326172,22.134807586669922,25.0,25.0,22.134807586669922,25.0,0.0,1.0,0.8853923034667969,1.0,0.0,0.0,0.0,0.0,0.0,2.281380295753479,0.5976540103940485,0.7501801538467407,1.2149999767541886,0.02,-0.0,-0.0006055354397386395,-1.3619978928745457e-05,0.0,0.15,-0.0,0.0,0.0,-0.0,0.0,0.0,0.0,0.0,0.35,0.0,0.0,0.0,0.0,0.0,0.0,0.0,0.0,0.25,-0.0,0.033538818359375,0.0,1.281380295753479,-0.0,0.00838470458984375,0.00838470458984375,-0.05,0.544180154800415,0.36278676986694336,0.2,0.0,-0.0,-0.0,-0.0,0.5599999904632569,0.699999988079071,-0.0,0.0,-0.0,-0.0,0.0,0.0,0.0,0.4482731658127159,-0.04500000178813934,-0.0,-0.0,0.02,0.0,0.0,0.0,0.0,0.0,0.0,0.36278676986694336,32.27566793851555,32.4,0.0,0.6,0.0,0.699999988079071,2.0,3.0,0.0,0.699999988079071,0.0,0.699999988079071,0.0,0.0,0.0,0.0,0.0,0.0,0.0,0.0,0.0,0.0,0.0,0.0,0.0,0.0,0.0,0.0,0.0,0.0,0.0,18.27892303466797,23.045419692993164,18.050334930419922,23.26935577392578,-0.22858810424804688,0.2239360809326172,0.3199998140335083,2.36647428706353,-0.9936237931251526,0.11274696886539459,0.0,-55.249114990234375,31.388681411743164,0.0,28.0,28.0,28.0,0.0,1.0,18.0,0.0,0.0,1.0,0.0,1.0,0.0,3.0,0.0,7.44,199.3145999731496,0.7317999843508005,168.00820000935346,21.511800005100667,15.488600009121,4.0,5.232700030319393,2.9461999656632543,0.8475000504404306,0.000500003807246685
1,437,437,5.453914194043102,0,0,2.0,4.0,1.0,1.0,1.0,1.0,1.0,1.0,1.0,1.0,1.0,0.9899122714996338,0.8853923082351685,1.0,0.8853923082351685,1.0,1.0,1.0,0.8853923082351685,0.0,0.8945867419242859,-0.552704393863678,1.0,-0.5256068110466003,0.46108096837997437,-0.5911422371864319,0.0,9.325399878434837e-05,0.8633924126625061,-0.504533052444458,0.0,0.0,0.0,0.0,0.0,0.0,126.1959228515625,22.21356773376465,25.0,25.0,22.21356773376465,25.0,0.0,1.0,0.888542709350586,1.0,0.0,0.0,0.0,0.0,0.0,2.2854340076446533,0.6679980340761305,0.7756176847219467,1.7048644676003717,0.02,-0.0,-0.0005942048287613225,-1.3619978928745457e-05,0.06300811767578125,0.15,-0.0,0.0,0.0,-0.0,0.0,0.0,0.0,0.0,0.35,0.0,0.0,0.0,0.0,0.0,0.0,0.0,0.0,0.25,-0.0,0.037384033203125,0.0,1.2854340076446533,-0.0,0.00934600830078125,0.00934600830078125,-0.05,0.5456176847219467,0.3637451231479645,0.2,0.0,-0.0,-0.0,-0.0,0.8,1.0,-0.0,0.0,-0.0,-0.0,0.0,0.0,0.0,0.45559774120803925,-0.04500000178813934,-0.0,-0.05013553061148901,0.02,0.0,0.0,0.0,0.0,0.0,0.0,0.3637451231479645,32.80303736697883,32.4,1.0,0.0,0.0,1.0,2.0,4.0,0.0,1.0,0.0,1.0,0.0,0.0,0.0,0.0,0.0,0.0,0.0,0.0,0.0,0.0,0.0,0.0,0.0,0.0,0.0,0.0,0.0,0.0,0.0,18.05055046081543,23.269222259521484,17.82196044921875,23.49315643310547,-0.2285900115966797,0.22393417358398438,0.3199998438358307,2.3664827168539038,-0.9939208626747131,0.11009735614061356,0.0,-55.249114990234375,31.388681411743164,0.0,28.0,28.0,28.0,0.0,1.0,18.0,0.0,0.0,1.0,0.0,1.0,0.0,3.0,0.0,7.48,294.83279993291944,0.5966000026091933,197.9855999816209,88.16309995017946,49.57150004338473,4.0,4.306099959649146,2.5210001040250063,1.222899998538196,0.000500003807246685
1,438,438,5.546075937076726,0,0,2.0,4.0,1.0,1.0,1.0,1.0,1.0,1.0,1.0,1.0,1.0,1.0,0.8885427117347717,1.0,0.8885427117347717,1.0,1.0,1.0,0.8885427117347717,0.0,0.8942133784294128,-0.5534562468528748,1.0,-0.5262828469276428,0.4686148166656494,0.457785964012146,0.0,0.00033853607601486146,0.8633776903152466,-0.5045582056045532,0.0,0.0,0.0,0.0,0.0,0.0,126.20294952392578,22.317306518554688,25.0,25.0,22.317306518554688,25.0,0.0,1.0,0.8926922607421875,1.0,0.0,0.0,0.0,0.0,0.0,2.2763670682907104,0.6782321124517109,0.7714767563343048,1.8,0.02,-0.0,-0.0005797275339338063,-1.3619978928745457e-05,0.08299102783203126,0.15,-0.0,0.0,0.0,-0.0,0.0,0.0,0.0,0.0,0.35,0.0,0.0,0.0,0.0,0.0,0.0,0.0,0.0,0.25,-0.0,0.028106689453125,0.0,1.2763670682907104,-0.0,0.00702667236328125,0.00702667236328125,-0.05,0.5414767563343048,0.3609845042228699,0.2,0.0,-0.0,-0.0,-0.0,0.8,1.0,-0.0,0.0,-0.0,-0.0,0.0,0.0,0.0,0.4458344321325422,-0.0,-0.0,-0.0,0.02,0.0,0.0,0.0,0.0,0.0,0.0,0.3609845042228699,32.10007911354304,32.4,0.0,0.6,0.0,1.0,2.0,4.0,0.0,1.0,0.0,1.0,0.0,0.0,0.0,0.0,0.0,0.0,0.0,0.0,0.0,0.0,0.0,0.0,0.0,0.0,0.0,0.0,0.0,0.0,0.0,17.822175979614258,23.493022918701172,17.593582153320312,23.716955184936523,-0.2285938262939453,0.22393226623535156,0.3200012445449829,2.3664953202630565,-0.994212806224823,0.10742885619401932,0.0,-55.249114990234375,31.388681411743164,0.0,28.0,28.0,28.0,0.0,1.0,18.0,0.0,0.0,1.0,0.0,1.0,0.0,3.0,0.0,7.52,293.2544000213966,0.7564000552520156,196.46490004379302,86.68240008410066,31.947099952958524,4.0,5.454899976029992,3.000000026077032,0.8495999500155449,0.000500003807246685
1,439,439,5.458191027735683,0,0,2.0,4.0,1.0,1.0,1.0,1.0,1.0,1.0,1.0,1.0,1.0,1.0,0.8926922678947449,1.0,0.8926922678947449,1.0,1.0,1.0,0.8926922678947449,0.0,0.8938289880752563,-0.5541879534721375,1.0,-0.5269492864608765,0.4585725665092468,-0.6102068424224854,0.0,5.7614772231318057e-05,0.8633770942687988,-0.5045591592788696,0.0,0.0,0.0,0.0,0.0,0.0,126.21086120605469,22.317306518554688,25.0,25.0,22.317306518554688,25.0,0.0,1.0,0.8926922607421875,1.0,0.0,0.0,0.0,0.0,0.0,2.2801307439804077,0.6027228622504259,0.7729330170154571,1.7824044044893923,0.02,-0.0,-0.0005797275339338063,-1.3619978928745457e-05,0.0,0.15,-0.0,0.0,0.0,-0.0,0.0,0.0,0.0,0.0,0.35,0.0,0.0,0.0,0.0,0.0,0.0,0.0,0.0,0.25,-0.0,0.031646728515625,0.0,1.2801307439804077,-0.0,0.00791168212890625,0.00791168212890625,-0.05,0.5429330170154572,0.36195534467697144,0.2,0.0,-0.0,-0.0,-0.0,0.8,1.0,-0.0,0.0,-0.0,-0.0,0.0,0.0,0.0,0.4533162097632885,-0.0,-0.0,-0.01759559551060774,0.02,0.0,0.0,0.0,0.0,0.0,0.0,0.36195534467697144,32.63876710295677,32.4,1.0,0.0,0.0,1.0,2.0,4.0,0.0,1.0,0.0,1.0,0.0,0.0,0.0,0.0,0.0,0.0,0.0,0.0,0.0,0.0,0.0,0.0,0.0,0.0,0.0,0.0,0.0,0.0,0.0,17.59379768371582,23.716821670532227,17.365201950073242,23.940750122070312,-0.22859573364257812,0.22392845153808594,0.31999993324279785,2.366508048804054,-0.9944994449615479,0.10474129021167755,0.0,-55.249114990234375,31.388681411743164,0.0,28.0,28.0,28.0,0.0,1.0,18.0,0.0,0.0,1.0,0.0,1.0,0.0,3.0,0.0,7.56,207.94599992223084,0.7922999793663621,189.88129997160286,9.034999995492399,4.1102999821305275,4.0,4.525099997408688,2.8288000030443072,0.8375999750569463,0.000500003807246685
1,440,440,4.2313194442288475,0,0,3.0,3.0,1.0,1.0,1.0,1.0,1.0,1.0,1.0,1.0,1.0,1.0,0.8926922678947449,1.0,0.8926922678947449,1.0,1.0,1.0,0.8926922678947449,0.0,0.8934478759765625,-0.5549270510673523,1.0,-0.5276190042495728,0.4662680923938751,0.4676111042499542,0.0,5.7614772231318057e-05,0.8633648157119751,-0.5045802593231201,0.0,0.0,0.0,0.0,0.0,0.0,126.2162857055664,22.43372344970703,25.0,25.0,22.43372344970703,25.0,0.0,1.0,0.8973489379882813,1.0,0.0,0.0,0.0,0.0,0.0,2.270411729812622,0.6862316919987632,0.7448263305425644,0.5098496918748985,0.02,-0.0,-0.0005640660604685569,-1.3619978928745457e-05,0.093133544921875,0.15,-0.0,0.0,0.0,-0.0,0.0,0.0,0.0,0.0,0.35,0.0,0.0,0.0,0.0,0.0,0.0,0.0,0.0,0.25,-0.0,0.021697998046875,0.0,1.270411729812622,-0.0,0.00542449951171875,0.00542449951171875,-0.05,0.5388263314962387,0.3592175543308258,0.2,0.0,-0.03285736455535462,-0.0,-0.0,0.4378181743621827,0.5472727179527282,-0.15272727012634274,0.0,-0.06664462696422228,-0.17454545454545453,0.0,0.0,0.0,0.4436758331162855,-0.04846648424863815,-0.0,-0.0,0.02,0.0,0.0,0.0,0.0,0.0,0.0,0.3592175543308258,31.944659984372553,32.4,0.0,0.6,0.25,0.699999988079071,3.0,3.0,0.25,0.699999988079071,0.11999999731779099,0.699999988079071,0.12,1.0,0.0,0.0,0.0,0.25,0.25,1.0,0.13,0.0,0.0,0.0,0.0,0.0,0.0,0.0,0.0,0.0,0.0,17.36541748046875,23.940616607666016,17.136817932128906,24.164541244506836,-0.22859954833984375,0.2239246368408203,0.3199999928474426,2.3665248666759027,-0.9947808384895325,0.1020345687866211,0.0,-55.249114990234375,31.388681411743164,0.0,28.0,28.0,28.0,0.0,1.0,18.0,0.0,0.0,1.0,0.0,1.0,0.0,3.0,0.0,7.6,208.06890004314482,0.6941000465303659,155.20709997508675,43.964399956166744,21.232399973087013,4.0,4.448699997738004,2.852700068615377,0.8641999447718263,0.000600004568696022
1,441,441,5.631554662241413,0,0,2.0,4.0,1.0,1.0,1.0,1.0,1.0,1.0,1.0,1.0,1.0,1.0,0.897348940372467,1.0,0.897348940372467,1.0,1.0,1.0,0.897348940372467,0.0,0.8930530548095703,-0.5556478500366211,1.0,-0.528281569480896,0.4563522934913635,-0.6025235652923584,0.2181818187236786,-0.005981793161481619,0.8635781407356262,-0.5042150020599365,0.0,0.0,0.0,0.0,0.0,0.0,126.2225112915039,22.43372344970703,25.0,25.0,22.43372344970703,25.0,0.0,1.0,0.8973489379882813,1.0,0.0,0.0,0.0,0.0,0.0,2.2738208770751953,0.6007679449518754,0.7701476770639419,1.9668181631504016,0.02,-0.0,-0.0005640660604685569,-1.3619978928745457e-05,0.0,0.15,-0.0,0.0,0.0,-0.0,0.0,0.0,0.0,0.0,0.35,0.0,0.0,0.0,0.0,0.0,0.0,0.0,0.0,0.25,-0.0,0.02490234375,0.0,1.2738208770751953,-0.0,0.0062255859375,0.0062255859375,-0.05,0.540147677063942,0.3600984513759613,0.2,0.0,-0.0,-0.0,-0.0,0.8,1.0,-0.0,0.0,-0.0,-0.0,0.2181818038225174,0.0,0.0,0.4513456309912727,-0.04846648424863815,-0.0,-0.00289715642347737,0.02,0.0,0.0,0.0,0.0,0.0,0.0,0.3600984513759613,32.49688543137163,32.4,1.0,0.0,0.0,1.0,2.0,4.0,0.0,1.0,0.0,1.0,0.0,0.0,0.0,0.0,0.0,0.0,0.0,0.0,0.0,0.0,0.0,0.0,0.0,0.0,0.0,0.0,0.0,0.0,0.0,17.137033462524414,24.16440773010254,16.908430099487305,24.388328552246094,-0.22860336303710938,0.2239208221435547,0.3200000524520874,2.366541726257495,-0.995056688785553,0.09930853545665741,0.0,-55.249114990234375,31.388681411743164,0.0,28.0,28.0,28.0,0.0,1.0,18.0,0.0,0.0,1.0,0.0,1.0,0.0,3.0,0.0,7.64,177.33659991063178,0.9278999641537666,161.60869994200766,7.509300019592047,2.5368999922648072,4.0,3.9399999659508467,2.4069000501185656,0.9044999023899436,0.000500003807246685
1,442,442,4.9171711497066815,0,0,2.0,3.0,1.0,1.0,1.0,1.0,1.0,1.0,1.0,1.0,1.0,1.0,0.897348940372467,1.0,0.897348940372467,1.0,1.0,1.0,0.897348940372467,0.0,0.8926610350608826,-0.5563755035400391,1.0,-0.5289472937583923,0.4642412066459656,0.4793623685836792,0.0,-0.005981793161481619,0.8654850125312805,-0.5009348392486572,0.0,0.0,0.0,0.0,0.0,0.0,126.22579956054688,22.542028427124023,25.0,25.0,22.542028427124023,25.0,0.0,1.0,0.9016811370849609,1.0,0.0,0.0,0.0,0.0,0.0,2.2623231410980225,0.6777888022421202,0.7420592296123505,1.2149999767541886,0.02,-0.0,-0.0005500316133283034,-1.3619978928745457e-05,0.08664398193359375,0.15,-0.0,0.0,0.0,-0.0,0.0,0.0,0.0,0.0,0.35,0.0,0.0,0.0,0.0,0.0,0.0,0.0,0.0,0.25,-0.0,0.013153076171875,0.0,1.2623231410980225,-0.0,0.00328826904296875,0.00328826904296875,-0.05,0.5360592305660248,0.35737282037734985,0.2,0.0,-0.0,-0.0,-0.0,0.5599999904632569,0.699999988079071,-0.0,0.0,-0.0,-0.0,0.0,0.0,0.0,0.4417084719007835,-0.04500000178813934,-0.0,-0.0,0.02,0.0,0.0,0.0,0.0,0.0,0.0,0.35737282037734985,31.80300997685641,32.4,0.0,0.6,0.0,0.699999988079071,2.0,3.0,0.0,0.699999988079071,0.0,0.699999988079071,0.0,0.0,0.0,0.0,0.0,0.0,0.0,0.0,0.0,0.0,0.0,0.0,0.0,0.0,0.0,0.0,0.0,0.0,0.0,16.908645629882812,24.388195037841797,16.680038452148438,24.612112045288086,-0.228607177734375,0.22391700744628906,0.3200001120567322,2.3665585858388893,-0.9953268766403198,0.09656303375959396,0.0,-55.249114990234375,31.388681411743164,0.0,28.0,28.0,28.0,0.0,1.0,18.0,1.0,0.0,1.0,0.0,1.0,0.0,3.0,0.0,7.68,197.91009998880327,0.5811000009998679,149.44729988928884,40.25240009650588,35.28700000606477,4.0,3.6482999566942453,3.1744000734761357,0.7779999868944287,0.000500003807246685
1,443,443,5.405214802144308,0,0,2.0,4.0,1.0,1.0,1.0,1.0,1.0,1.0,1.0,1.0,1.0,1.0,0.901681125164032,1.0,0.901681125164032,1.0,1.0,1.0,0.901681125164032,0.0,0.8922483325004578,-0.5570888519287109,1.0,-0.5296117067337036,0.454328715801239,-0.6023224592208862,0.0,-0.045791104435920715,0.8672008514404297,-0.4979584813117981,0.0,0.0,0.0,0.0,0.0,0.0,126.22994995117188,22.542028427124023,25.0,25.0,22.542028427124023,25.0,0.0,1.0,0.9016811370849609,1.0,0.0,0.0,0.0,0.0,0.0,2.2640310525894165,0.5986062563641271,0.7675774949789047,1.7549999982118607,0.02,-0.0,-0.0005500316133283034,-1.3619978928745457e-05,0.0,0.15,-0.0,0.0,0.0,-0.0,0.0,0.0,0.0,0.0,0.35,0.0,0.0,0.0,0.0,0.0,0.0,0.0,0.0,0.25,-0.0,0.0166015625,0.0,1.2640310525894165,-0.0,0.004150390625,0.004150390625,-0.05,0.5375774949789047,0.35838499665260315,0.2,0.0,-0.0,-0.0,-0.0,0.8,1.0,-0.0,0.0,-0.0,-0.0,0.0,0.0,0.0,0.4491699079563842,-0.04500000178813934,-0.0,-0.0,0.02,0.0,0.0,0.0,0.0,0.0,0.0,0.35838499665260315,32.34023337285966,32.4,1.0,0.0,0.0,1.0,2.0,4.0,0.0,1.0,0.0,1.0,0.0,0.0,0.0,0.0,0.0,0.0,0.0,0.0,0.0,0.0,0.0,0.0,0.0,0.0,0.0,0.0,0.0,0.0,0.0,16.680253982543945,24.61197853088379,16.453189849853516,24.837459564208984,-0.2270641326904297,0.2254810333251953,0.31999972462654114,2.3596926859349976,-0.9955911636352539,0.09379792958498001,0.0,-55.249114990234375,31.388681411743164,0.0,28.0,28.0,28.0,0.0,1.0,17.0,0.0,0.0,1.0,0.0,1.0,0.0,3.0,0.0,7.72,174.8222999740392,0.7321999873965979,158.00880000460893,7.617100025527179,3.499199985526502,4.0,4.825699958018959,2.835800056345761,0.7730999495834112,0.000400003045797348
1,444,444,4.914050141068268,0,0,2.0,3.0,1.0,1.0,1.0,1.0,1.0,1.0,1.0,1.0,1.0,1.0,0.901681125164032,1.0,0.901681125164032,1.0,1.0,1.0,0.901681125164032,0.0,0.8918436765670776,-0.5578016638755798,1.0,-0.5302719473838806,0.46200332045555115,0.46633976697921753,0.0,-0.045791104435920715,0.8681929111480713,-0.49622678756713867,0.0,0.0,0.0,0.0,0.0,0.0,126.23916625976562,22.649316787719727,25.0,25.0,22.649316787719727,25.0,0.0,1.0,0.905972671508789,1.0,0.0,0.0,0.0,0.0,0.0,2.2845213413238525,0.6908094859106438,0.7526317375898361,1.166087576243936,0.02,-0.0,-0.0005366196025024311,-1.3619978928745457e-05,0.0858306884765625,0.15,-0.0,0.0,0.0,-0.0,0.0,0.0,0.0,0.0,0.35,0.0,0.0,0.0,0.0,0.0,0.0,0.0,0.0,0.25,-0.0,0.036865234375,0.0,1.2845213413238525,-0.0,0.00921630859375,0.00921630859375,-0.05,0.5466317385435104,0.36442115902900696,0.2,0.0,-0.0,-0.0,-0.0,0.5599999904632569,0.699999988079071,-0.0,0.0,-0.0,-0.0,0.0,0.0,0.0,0.45552903701551256,-0.04500000178813934,-0.0,-0.04891240051025268,0.02,0.0,0.0,0.0,0.0,0.0,0.0,0.36442115902900696,32.7980906651169,32.4,0.7326086850269979,0.0,0.0,0.699999988079071,2.0,3.0,0.0,0.699999988079071,0.0,0.699999988079071,0.0,0.0,0.0,0.0,0.0,0.0,0.0,0.0,0.0,0.0,0.0,0.0,0.0,0.0,0.0,0.0,0.0,0.0,0.0,16.453413009643555,24.83733367919922,16.226346969604492,25.06281280517578,-0.2270660400390625,0.2254791259765625,0.31999972462654114,2.3597011152533116,-0.9958518743515015,0.09098942577838898,0.0,-55.249114990234375,31.388681411743164,0.0,28.0,28.0,28.0,0.0,1.0,17.0,0.0,0.0,1.0,0.0,1.0,0.0,3.0,0.0,7.76,196.15700002759695,0.7642999989911914,149.81640002224594,36.60049999598414,18.96780007518828,4.0,5.625499994494021,2.6026000268757343,0.7200000109151006,0.000300002284348011
1,445,445,4.268450250107021,0,0,2.0,2.0,1.0,1.0,1.0,1.0,1.0,1.0,1.0,1.0,1.0,1.0,0.9059726595878601,1.0,0.9059726595878601,1.0,1.0,1.0,0.9059726595878601,0.0,0.8914587497711182,-0.5585612058639526,1.0,-0.5309551954269409,0.4685441553592682,0.39744555950164795,0.0,-0.01961592026054859,0.8688687682151794,-0.49504244327545166,0.0,0.0,0.0,0.0,0.0,0.0,126.24491882324219,22.756040573120117,25.0,25.0,22.756040573120117,25.0,0.0,1.0,0.9102416229248047,1.0,0.0,0.0,0.0,0.0,0.0,2.270963668823242,0.6808355001389697,0.7191510909795761,0.5774999901652337,0.02,-0.0,-0.0005237456604957271,-1.3619978928745457e-05,0.08537902832031251,0.15,-0.0,0.0,0.0,-0.0,0.0,0.0,0.0,0.0,0.35,0.0,0.0,0.0,0.0,0.0,0.0,0.0,0.0,0.25,-0.0,0.02301025390625,0.0,1.2709636688232422,-0.0,0.0057525634765625,0.0057525634765625,-0.05,0.5411510914564133,0.3607673943042755,0.2,0.0,-0.0,-0.0,-0.0,0.27999999523162844,0.3499999940395355,-0.0,0.0,-0.0,-0.0,0.0,0.0,0.0,0.4459938374580816,-0.052499999105930326,-0.0,-0.0,0.02,0.0,0.0,0.0,0.0,0.0,0.0,0.3607673943042755,32.111556296981874,32.4,0.0,0.6,0.0,0.3499999940395355,2.0,2.0,0.0,0.3499999940395355,0.0,0.3499999940395355,0.0,0.0,0.0,0.0,0.0,0.0,0.0,0.0,0.0,0.0,0.0,0.0,0.0,0.0,0.0,0.0,0.0,0.0,0.0,16.226566314697266,25.06268310546875,15.99949836730957,25.28816032409668,-0.2270679473876953,0.2254772186279297,0.31999972462654114,2.3597095445711274,-0.9961062669754028,0.08816099166870117,0.0,-55.249114990234375,31.388681411743164,0.0,28.0,28.0,28.0,0.0,1.0,17.0,0.0,0.0,1.0,0.0,1.0,0.0,3.0,0.0,7.8,183.4983000298962,0.7247000467032194,154.4424999738112,20.973099977709353,16.78499998524785,4.0,3.916500019840896,2.571800025179982,0.8220999734476209,0.000500003807246685
1,446,446,4.842900651929428,0,0,2.0,3.0,1.0,1.0,1.0,1.0,1.0,1.0,1.0,1.0,1.0,1.0,0.9102416038513184,0.9157401919364929,0.9102416038513184,1.0,1.0,1.0,0.9102416038513184,0.0,0.8910540342330933,-0.5592969059944153,1.0,-0.5316303372383118,0.45873650908470154,-0.5959499478340149,0.0,-0.010481905192136765,0.8693493008613586,-0.49419811367988586,0.0,0.0,0.0,0.0,0.0,0.0,126.25019836425781,22.756040573120117,25.0,25.0,22.756040573120117,25.0,0.0,1.0,0.9102416229248047,1.0,0.0,0.0,0.0,0.0,0.0,2.2692785263061523,0.6000976843230142,0.7466697233915329,1.2068547179087283,0.02,-0.0,-0.0005237456604957271,-1.3619978928745457e-05,0.0,0.15,-0.0,0.0,0.0,-0.0,0.0,0.0,0.0,0.0,0.35,0.0,0.0,0.0,0.0,0.0,0.0,0.0,0.0,0.25,-0.0,0.0211181640625,0.0,1.2692785263061523,-0.0,0.005279541015625,0.005279541015625,-0.05,0.5406697243452072,0.3604464828968048,0.2,0.0,-0.0,-0.0,-0.0,0.5599999904632569,0.699999988079071,-0.0,0.0,-0.0,-0.0,0.0,0.0,0.0,0.4506350499624387,-0.052499999105930326,-0.0,-0.0006452615276693511,0.02,0.0,0.0,0.0,0.0,0.0,0.0,0.3604464828968048,32.44572359729558,32.4,0.7326086850269979,0.0,0.0,0.699999988079071,2.0,3.0,0.0,0.699999988079071,0.0,0.699999988079071,0.0,0.0,0.0,0.0,0.0,0.0,0.0,0.0,0.0,0.0,0.0,0.0,0.0,0.0,0.0,0.0,0.0,0.0,0.0,15.999714851379395,25.288028717041016,15.772644996643066,25.513504028320312,-0.22706985473632812,0.22547531127929688,0.3199997544288635,2.359717974185451,-0.9963542819023132,0.08531243354082108,0.0,-55.249114990234375,31.388681411743164,0.0,28.0,28.0,28.0,0.0,1.0,17.0,0.0,0.0,1.0,0.0,1.0,0.0,3.0,0.0,7.84,183.55899991001934,0.6711999885737896,156.52979991864413,18.069099984131753,13.191999983973801,4.0,4.808599944226444,2.627599984407425,0.8208999643102288,0.000500003807246685
1,447,447,4.951971798427218,0,0,2.0,3.0,1.0,1.0,1.0,1.0,1.0,1.0,1.0,1.0,1.0,1.0,0.9102416038513184,0.9157401919364929,0.9102416038513184,1.0,1.0,1.0,0.9102416038513184,0.0,0.8906437158584595,-0.5600327849388123,1.0,-0.532307505607605,0.46351033449172974,0.29007577896118164,0.0,-0.010481905192136765,0.8696551322937012,-0.4936597943305969,0.0,0.0,0.0,0.0,0.0,0.0,126.25238037109375,22.860132217407227,25.0,25.0,22.860132217407227,25.0,0.0,1.0,0.914405288696289,1.0,0.0,0.0,0.0,0.0,0.0,2.257042407989502,0.6735990278793516,0.741330384016037,1.259999978542328,0.02,-0.0,-0.00051162278203343,-1.3619978928745457e-05,0.08327331542968751,0.15,-0.0,0.0,0.0,-0.0,0.0,0.0,0.0,0.0,0.35,0.0,0.0,0.0,0.0,0.0,0.0,0.0,0.0,0.25,-0.0,0.00872802734375,0.0,1.257042407989502,-0.0,0.0021820068359375,0.0021820068359375,-0.05,0.5353303849697113,0.35688692331314087,0.2,0.0,-0.0,-0.0,-0.0,0.5599999904632569,0.699999988079071,-0.0,0.0,-0.0,-0.0,0.0,0.0,0.0,0.44085095521062617,-0.0,-0.0,-0.0,0.02,0.0,0.0,0.0,0.0,0.0,0.0,0.35688692331314087,31.741268775165086,32.4,0.0,0.6,0.0,0.699999988079071,2.0,3.0,0.0,0.699999988079071,0.0,0.699999988079071,0.0,0.0,0.0,0.0,0.0,0.0,0.0,0.0,0.0,0.0,0.0,0.0,0.0,0.0,0.0,0.0,0.0,0.0,0.0,15.772860527038574,25.513370513916016,15.545788764953613,25.73884391784668,-0.22707176208496094,0.22547340393066406,0.3199997544288635,2.3597264035029766,-0.9965957999229431,0.08244363963603973,0.0,-55.249114990234375,31.388681411743164,0.0,28.0,28.0,28.0,0.0,1.0,17.0,0.0,0.0,1.0,0.0,1.0,0.0,3.0,0.0,7.88,182.41510004736483,0.6720001110807061,152.5707000400871,22.386100026778877,16.698200022801757,4.0,4.109799978323281,2.0773999858647585,0.5628999788314104,0.000400003045797348
1,448,448,5.400511763519423,0,0,2.0,4.0,1.0,1.0,1.0,1.0,1.0,1.0,1.0,1.0,1.0,1.0,0.9144052863121033,0.9200372099876404,0.9144052863121033,1.0,1.0,1.0,0.9144052863121033,0.0,0.8902179002761841,-0.5607433915138245,1.0,-0.5329737663269043,0.4534466862678528,-0.611505925655365,0.0,-0.005768247880041599,0.8698902130126953,-0.493245393037796,0.0,0.0,0.0,0.0,0.0,0.0,126.25548553466797,22.860132217407227,25.0,25.0,22.860132217407227,25.0,0.0,1.0,0.914405288696289,1.0,0.0,0.0,0.0,0.0,0.0,2.2610201835632324,0.5977048913899825,0.7667866903543472,1.7549999982118607,0.02,-0.0,-0.00051162278203343,-1.3619978928745457e-05,0.0,0.15,-0.0,0.0,0.0,-0.0,0.0,0.0,0.0,0.0,0.35,0.0,0.0,0.0,0.0,0.0,0.0,0.0,0.0,0.25,-0.0,0.012420654296875,0.0,1.2610201835632324,-0.0,0.00310516357421875,0.00310516357421875,-0.05,0.5367866903543472,0.3578577935695648,0.2,0.0,-0.0,-0.0,-0.0,0.8,1.0,-0.0,0.0,-0.0,-0.0,0.0,0.0,0.0,0.44823013415094465,-0.04500000178813934,-0.0,-0.0,0.02,0.0,0.0,0.0,0.0,0.0,0.0,0.3578577935695648,32.272569658868015,32.4,1.0,0.0,0.0,1.0,2.0,4.0,0.0,1.0,0.0,1.0,0.0,0.0,0.0,0.0,0.0,0.0,0.0,0.0,0.0,0.0,0.0,0.0,0.0,0.0,0.0,0.0,0.0,0.0,0.0,15.546003341674805,25.738710403442383,15.318929672241211,25.964181900024414,-0.22707366943359375,0.22547149658203125,0.3199997544288635,2.359734832820001,-0.9968305230140686,0.07955440133810043,0.0,-55.249114990234375,31.388681411743164,0.0,28.0,28.0,28.0,0.0,1.0,17.0,0.0,0.0,1.0,0.0,1.0,0.0,3.0,0.0,7.92,177.02389997430146,0.5537000251933932,148.69739999994636,19.07559996470809,13.280599960125983,4.0,4.871299955993891,2.9058000072836876,0.8832999737933278,0.000600004568696022
1,449,449,5.489822009136465,0,0,2.0,4.0,1.0,1.0,1.0,1.0,1.0,1.0,1.0,1.0,1.0,1.0,0.9144052863121033,0.9200372099876404,0.9144052863121033,1.0,1.0,1.0,0.9144052863121033,0.0,0.8897961378097534,-0.5614609122276306,1.0,-0.5336426496505737,0.46103671193122864,0.46119868755340576,0.0,-0.005768247880041599,0.8700049519538879,-0.4930430054664612,0.0,0.0,0.0,0.0,0.0,0.0,126.26525115966797,22.966716766357422,25.0,25.0,22.966716766357422,25.0,0.0,1.0,0.9186686706542969,1.0,0.0,0.0,0.0,0.0,0.0,2.2878754138946533,0.6921682037490791,0.7777220118045807,1.7120563796881525,0.02,-0.0,-0.0004996378399826385,-1.3619978928745457e-05,0.08526763916015626,0.15,-0.0,0.0,0.0,-0.0,0.0,0.0,0.0,0.0,0.35,0.0,0.0,0.0,0.0,0.0,0.0,0.0,0.0,0.25,-0.0,0.0390625,0.0,1.2878754138946533,-0.0,0.009765625,0.009765625,-0.05,0.5477220118045807,0.36514800786972046,0.2,0.0,-0.0,-0.0,-0.0,0.8,1.0,-0.0,0.0,-0.0,-0.0,0.0,0.0,0.0,0.45741382240783424,-0.0,-0.0,-0.08794362031184752,0.02,0.0,0.0,0.0,0.0,0.0,0.0,0.36514800786972046,32.933795213364064,32.4,1.0,0.0,0.0,1.0,2.0,4.0,0.0,1.0,0.0,1.0,0.0,0.0,0.0,0.0,0.0,0.0,0.0,0.0,0.0,0.0,0.0,0.0,0.0,0.0,0.0,0.0,0.0,0.0,0.0,15.319144248962402,25.964048385620117,15.092068672180176,26.189517974853516,-0.22707557678222656,0.22546958923339844,0.3199997842311859,2.3597432624356602,-0.9970584511756897,0.07664460688829422,0.0,-55.249114990234375,31.388681411743164,0.0,28.0,28.0,28.0,0.0,1.0,17.0,0.0,0.0,1.0,0.0,1.0,0.0,3.0,0.0,7.96,191.18189997971058,0.6134000141173601,160.05809989292175,23.59620004426688,18.954700091853738,4.0,3.6658000899478793,2.491599996574223,0.7273999508470297,0.000500003807246685
1,450,450,5.469384328111391,0,0,2.0,4.0,1.0,1.0,1.0,1.0,1.0,1.0,1.0,1.0,1.0,1.0,0.9186686873435974,0.9243616461753845,0.9186686873435974,1.0,1.0,1.0,0.9186686873435974,0.0,0.8894065618515015,-0.562230110168457,1.0,-0.5343323945999146,0.47048279643058777,0.5739805102348328,0.0,-0.0016227994346991181,0.8700661063194275,-0.49293509125709534,0.0,0.0,0.0,0.0,0.0,0.0,126.2726821899414,22.966716766357422,25.0,25.0,22.966716766357422,25.0,0.0,1.0,0.9186686706542969,1.0,0.0,0.0,0.0,0.0,0.0,2.278780221939087,0.5971828377091697,0.7734212684631347,1.8,0.02,-0.0,-0.0004996378399826385,-1.3619978928745457e-05,0.0,0.15,-0.0,0.0,0.0,-0.0,0.0,0.0,0.0,0.0,0.35,0.0,0.0,0.0,0.0,0.0,0.0,0.0,0.0,0.25,-0.0,0.02972412109375,0.0,1.278780221939087,-0.0,0.0074310302734375,0.0074310302734375,-0.05,0.5434212684631348,0.36228084564208984,0.2,0.0,-0.0,-0.0,-0.0,0.8,1.0,-0.0,0.0,-0.0,-0.0,0.0,0.0,0.0,0.4476960955280811,-0.0,-0.0,-0.0,0.02,0.0,0.0,0.0,0.0,0.0,0.0,0.36228084564208984,32.23411887802184,32.4,0.0,0.6,0.0,1.0,2.0,4.0,0.0,1.0,0.0,1.0,0.0,0.0,0.0,0.0,0.0,0.0,0.0,0.0,0.0,0.0,0.0,0.0,0.0,0.0,0.0,0.0,0.0,0.0,0.0,15.092283248901367,26.18938446044922,14.865205764770508,26.414852142333984,-0.22707748413085938,0.22546768188476562,0.3199997842311859,2.3597516917523875,-0.9972794055938721,0.07371407747268677,0.0,-55.249114990234375,31.388681411743164,0.0,28.0,28.0,28.0,0.0,1.0,17.0,0.0,0.0,1.0,0.0,1.0,0.0,3.0,0.0,8.0,199.16959991678596,0.5788999842479825,171.47359997034073,19.970100023783743,14.576299930922687,4.0,3.9368000579997897,2.4302999954670668,0.7493000011891127,0.000500003807246685
1,451,451,4.405178987107577,0,0,2.0,4.0,1.0,1.0,1.0,1.0,1.0,1.0,1.0,1.0,1.0,1.0,0.9186686873435974,0.9243616461753845,0.9186686873435974,1.0,1.0,1.0,0.9186686873435974,0.0,0.8890069723129272,-0.5629774928092957,1.0,-0.5350111722946167,0.460487425327301,-0.607357919216156,0.0,-0.0016227994346991181,0.870127260684967,-0.49282708764076233,0.0,0.0,0.0,0.0,0.0,0.0,126.2809066772461,23.077232360839844,25.0,25.0,23.077232360839844,23.93844985961914,0.0,1.0,0.9230892944335938,1.0,0.0,0.0,0.0,0.0,0.0,2.282175660133362,-0.4323739811301934,0.7748219627141952,1.7605553453902136,0.02,-0.0,-0.0004876524344144042,-2.0825075422825762e-05,0.024719467163085956,0.15,-1.0615501403808594,0.0,0.0,-0.0,0.0,0.0,0.0,0.0,0.35,0.0,0.0,0.0,0.0,0.0,0.0,0.0,0.0,0.25,-0.0,0.03289794921875,0.0,1.2821756601333618,-0.0,0.0082244873046875,0.0082244873046875,-0.05,0.5448219627141953,0.3632146418094635,0.2,0.0,-0.0,-0.0,-0.0,0.8,1.0,-0.0,0.0,-0.0,-0.0,0.0,0.0,0.0,0.4549651695974173,-0.0,-0.0,-0.03944465460978637,0.02,0.0,0.0,0.0,0.0,0.0,0.0,0.3632146418094635,32.75749221101404,32.4,1.0,0.0,0.0,1.0,2.0,4.0,0.0,1.0,0.0,1.0,0.0,0.0,0.0,0.0,0.0,0.0,0.0,0.0,0.0,0.0,0.0,0.0,0.0,0.0,0.0,0.0,0.0,0.0,0.0,14.8654203414917,26.414718627929688,14.638340950012207,26.64018440246582,-0.2270793914794922,0.2254657745361328,0.3199997842311859,2.3597601210686094,-0.9974931478500366,0.07076270133256912,0.0,-55.249114990234375,31.388681411743164,0.0,28.0,28.0,28.0,0.0,1.0,17.0,0.0,0.0,1.0,0.0,1.0,0.0,3.0,0.0,8.04,239.97150000650436,0.6559999892488122,191.5521000046283,38.28999993856996,32.47059998102486,4.0,3.863199963234365,4.620100022293627,0.9489000076428056,0.000600004568696022
1,452,452,4.978858685808444,0,0,2.0,3.0,1.0,1.0,1.0,1.0,1.0,1.0,0.9575380086898804,1.0,1.0,1.0,0.9230892658233643,0.928831934928894,0.9230892658233643,1.0,1.0,0.9575380086898804,0.9230892658233643,0.0,0.8886095881462097,-0.5637325644493103,1.0,-0.535693883895874,0.46796417236328125,0.4543171226978302,0.0,-0.00013761348964180797,0.870128333568573,-0.4928251802921295,0.0,0.0,0.0,0.0,0.0,0.0,126.28667449951172,23.18549346923828,25.0,25.0,23.18549346923828,24.046875,0.0,1.0,0.9274197387695312,1.0,0.0,0.0,0.0,0.0,0.0,2.272549629211426,0.7246393564512964,0.7466697233915329,1.2149999767541886,0.02,-0.0,-0.0004763319486736548,-1.9941196218626312e-05,0.12997894287109374,0.15,-0.0,0.0,0.0,-0.0,0.0,0.0,0.0,0.0,0.35,0.0,0.0,0.0,0.0,0.0,0.0,0.0,0.0,0.25,-0.0,0.0230712890625,0.0,1.2725496292114258,-0.0,0.005767822265625,0.005767822265625,-0.05,0.5406697243452072,0.3604464828968048,0.2,0.0,-0.0,-0.0,-0.0,0.5599999904632569,0.699999988079071,-0.0,0.0,-0.0,-0.0,0.0,0.0,0.0,0.4451566867250949,-0.04500000178813934,-0.0,-0.0,0.02,0.0,0.0,0.0,0.0,0.0,0.0,0.3604464828968048,32.051281444206836,32.4,0.0,0.6,0.0,0.699999988079071,2.0,3.0,0.0,0.699999988079071,0.0,0.699999988079071,0.0,0.0,0.0,0.0,0.0,0.0,0.0,0.0,0.0,0.0,0.0,0.0,0.0,0.0,0.0,0.0,0.0,0.0,0.0,14.638555526733398,26.640050888061523,14.411473274230957,26.865514755249023,-0.2270822525024414,0.2254638671875,0.32000046968460083,2.359770657713174,-0.9976996183395386,0.06779030710458755,0.0,-55.249114990234375,31.388681411743164,0.0,28.0,28.0,28.0,0.0,1.0,17.0,0.0,0.0,1.0,0.0,1.0,0.0,3.0,0.0,8.08,259.23029996920377,0.6874999962747097,197.36289989668876,52.085200091823936,24.586100014857948,4.0,5.676400032825768,2.5389998918399215,0.8333000587299466,0.000500003807246685
1,453,453,5.414074948581551,0,0,2.0,4.0,1.0,1.0,1.0,1.0,1.0,1.0,0.9618750214576721,1.0,1.0,1.0,0.9274197220802307,0.9331936836242676,0.9274197220802307,1.0,1.0,0.9618750214576721,0.9274197220802307,0.0,0.8881991505622864,-0.5644685626029968,1.0,-0.5363687872886658,0.45787546038627625,-0.613030195236206,0.0,-0.0010457150638103485,0.8701723217964172,-0.4927475154399872,0.0,0.0,0.0,0.0,0.0,0.0,126.29318237304688,23.18549346923828,25.0,25.0,23.18549346923828,24.046875,0.0,1.0,0.9274197387695312,1.0,0.0,0.0,0.0,0.0,0.0,2.275754690170288,0.6021137295506905,0.7721059131622314,1.7441006156983414,0.02,-0.0,-0.0004763319486736548,-1.9941196218626312e-05,0.0,0.15,-0.0,0.0,0.0,-0.0,0.0,0.0,0.0,0.0,0.35,0.0,0.0,0.0,0.0,0.0,0.0,0.0,0.0,0.25,-0.0,0.026031494140625,0.0,1.275754690170288,-0.0,0.00650787353515625,0.00650787353515625,-0.05,0.5421059131622314,0.3614039421081543,0.2,0.0,-0.0,-0.0,-0.0,0.8,1.0,-0.0,0.0,-0.0,-0.0,0.0,0.0,0.0,0.4526100026955828,-0.04500000178813934,-0.0,-0.010899382513519379,0.02,0.0,0.0,0.0,0.0,0.0,0.0,0.3614039421081543,32.58792019408197,32.4,1.0,0.0,0.0,1.0,2.0,4.0,0.0,1.0,0.0,1.0,0.0,0.0,0.0,0.0,0.0,0.0,0.0,0.0,0.0,0.0,0.0,0.0,0.0,0.0,0.0,0.0,0.0,0.0,0.0,14.411687850952148,26.865381240844727,14.184603691101074,27.090843200683594,-0.22708415985107422,0.2254619598388672,0.3200004994869232,2.359779045334912,-0.9978983998298645,0.06479675322771072,0.0,-55.249114990234375,31.388681411743164,0.0,28.0,28.0,28.0,0.0,1.0,17.0,0.0,0.0,1.0,0.0,1.0,0.0,3.0,0.0,8.12,231.03620007168502,0.7383000338450074,215.10090003721416,7.280999911017716,2.9426999390125275,4.0,4.13070002105087,2.9250000370666385,0.8193000685423613,0.000500003807246685
1,454,454,5.573474191227416,0,0,2.0,4.0,1.0,1.0,1.0,1.0,1.0,1.0,0.9618750214576721,1.0,1.0,1.0,0.9274197220802307,0.9331936836242676,0.9274197220802307,1.0,1.0,0.9618750214576721,0.9274197220802307,0.0,0.8877899050712585,-0.5652130246162415,1.0,-0.5370484590530396,0.4655417203903198,0.4658322334289551,0.0,-0.0010457150638103485,0.8701730966567993,-0.49274614453315735,0.0,0.0,0.0,0.0,0.0,0.0,126.29740142822266,23.291200637817383,25.0,25.0,23.291200637817383,24.15093994140625,0.0,1.0,0.9316480255126953,1.0,0.0,0.0,0.0,0.0,0.0,2.2667887210845947,0.7186924562840269,0.7679930138587951,1.8,0.02,-0.0,-0.00046566578130910577,-1.9128163486180855e-05,0.12619171142578126,0.15,-0.0,0.0,0.0,-0.0,0.0,0.0,0.0,0.0,0.35,0.0,0.0,0.0,0.0,0.0,0.0,0.0,0.0,0.25,-0.0,0.016876220703125,0.0,1.2667887210845947,-0.0,0.00421905517578125,0.00421905517578125,-0.05,0.5379930138587952,0.3586620092391968,0.2,0.0,-0.0,-0.0,-0.0,0.8,1.0,-0.0,0.0,-0.0,-0.0,0.0,0.0,0.0,0.442985538803041,-0.0,-0.0,-0.0,0.02,0.0,0.0,0.0,0.0,0.0,0.0,0.3586620092391968,31.894958793818947,32.4,0.0,0.6,0.0,1.0,2.0,4.0,0.0,1.0,0.0,1.0,0.0,0.0,0.0,0.0,0.0,0.0,0.0,0.0,0.0,0.0,0.0,0.0,0.0,0.0,0.0,0.0,0.0,0.0,0.0,14.184818267822266,27.090709686279297,13.957731246948242,27.3161678314209,-0.22708702087402344,0.22545814514160156,0.3199998140335083,2.359793838631819,-0.9980896711349487,0.06178191676735878,0.0,-55.249114990234375,31.388681411743164,0.0,28.0,28.0,28.0,0.0,1.0,17.0,0.0,0.0,1.0,0.0,1.0,0.0,3.0,0.0,8.16,205.97689994610846,0.6578000029549003,158.75790000427514,38.72349997982383,19.80300003197044,4.0,4.255600040778518,2.6313000125810504,0.9178998880088329,0.000500003807246685
1,455,455,4.122239474594082,0,0,2.0,2.0,1.0,1.0,1.0,1.0,1.0,1.0,0.9660375714302063,1.0,1.0,1.0,0.9316480159759521,0.9374544620513916,0.9316480159759521,1.0,1.0,0.9660375714302063,0.9316480159759521,0.0,0.8873700499534607,-0.5659372806549072,1.0,-0.5377187132835388,0.4556422829627991,-0.6015290021896362,0.0,-0.0009178438922390342,0.870206892490387,-0.4926864504814148,0.0,0.0,0.0,0.0,0.0,0.0,126.30024719238281,23.291200637817383,25.0,25.0,23.291200637817383,24.15093994140625,0.0,1.0,0.9316480255126953,1.0,0.0,0.0,0.0,0.0,0.0,2.261534810066223,0.5948019569511073,0.713402714729309,0.5324999928474426,0.02,-0.0,-0.00046566578130910577,-1.9128163486180855e-05,0.0,0.15,-0.0,0.0,0.0,-0.0,0.0,0.0,0.0,0.0,0.35,0.0,0.0,0.0,0.0,0.0,0.0,0.0,0.0,0.25,-0.0,0.011383056640625,0.0,1.2615348100662231,-0.0,0.00284576416015625,0.00284576416015625,-0.05,0.5354027152061462,0.35693514347076416,0.2,0.0,-0.0,-0.0,-0.0,0.27999999523162844,0.3499999940395355,-0.0,0.0,-0.0,-0.0,0.0,0.0,0.0,0.4452867508959026,-0.09749999642372131,-0.0,-0.0,0.02,0.0,0.0,0.0,0.0,0.0,0.0,0.35693514347076416,32.060646064504986,23.26086922832157,0.4206521686004555,0.0,0.0,0.3499999940395355,2.0,2.0,0.0,0.3499999940395355,0.0,0.3499999940395355,0.0,0.0,0.0,0.0,0.0,0.0,0.0,0.0,0.0,0.0,0.0,0.0,0.0,0.0,0.0,0.0,0.0,0.0,0.0,13.957945823669434,27.3160343170166,13.730855941772461,27.54149055480957,-0.22708988189697266,0.22545623779296875,0.3200005292892456,2.3598043758833023,-0.9982730150222778,0.058745644986629486,0.0,-55.249114990234375,31.388681411743164,0.0,28.0,28.0,28.0,0.0,1.0,17.0,0.0,0.0,1.0,0.0,1.0,0.0,3.0,0.0,8.2,181.36749998666346,0.7341000018641353,164.86389993224293,5.0020000198856,2.1602000342682004,4.0,5.246300017461181,3.698799991980195,1.7915000207722187,0.000500003807246685
1,456,456,5.482134125280595,0,0,2.0,4.0,1.0,1.0,1.0,1.0,1.0,1.0,0.9660375714302063,1.0,1.0,1.0,0.9316480159759521,0.9374544620513916,0.9316480159759521,1.0,1.0,0.9660375714302063,0.9316480159759521,0.0,0.8869443535804749,-0.5666483044624329,1.0,-0.5383821129798889,0.4580092430114746,0.14382575452327728,0.0,-0.0009178438922390342,0.8702029585838318,-0.4926934540271759,0.0,0.0,0.0,0.0,0.0,0.0,126.30824279785156,23.3984375,25.0,25.0,23.3984375,24.25774383544922,0.0,1.0,0.9359375,1.0,0.0,0.0,0.0,0.0,0.0,2.2823468446731567,0.7322800491908379,0.7738060313463211,1.6737012000702798,0.02,-0.0,-0.00045522254023238907,-1.832818830847444e-05,0.12851104736328126,0.15,-0.0,0.0,0.0,-0.0,0.0,0.0,0.0,0.0,0.35,0.0,0.0,0.0,0.0,0.0,0.0,0.0,0.0,0.25,-0.0,0.031982421875,0.0,1.2823468446731567,-0.0,0.00799560546875,0.00799560546875,-0.05,0.5438060313463211,0.36253735423088074,0.2,0.0,-0.0,-0.0,-0.0,0.8,1.0,-0.0,0.0,-0.0,-0.0,0.0,0.0,0.0,0.4542425525560975,-0.09749999642372131,-0.0,-0.02879880350599895,0.02,0.0,0.0,0.0,0.0,0.0,0.0,0.36253735423088074,32.70546378403902,32.4,1.0,0.0,0.0,1.0,2.0,4.0,0.0,1.0,0.0,1.0,0.0,0.0,0.0,0.0,0.0,0.0,0.0,0.0,0.0,0.0,0.0,0.0,0.0,0.0,0.0,0.0,0.0,0.0,0.0,13.731070518493652,27.541357040405273,13.50397777557373,27.766809463500977,-0.22709274291992188,0.22545242309570312,0.3199998438358307,2.3598191268789734,-0.9984481930732727,0.055687788873910904,0.0,-55.249114990234375,31.388681411743164,0.0,28.0,28.0,28.0,0.0,1.0,17.0,0.0,0.0,1.0,0.0,1.0,0.0,3.0,0.0,8.24,208.97799998056144,0.7332999957725406,163.18209993187338,38.06859999895096,32.936599920503795,4.0,3.909599967300892,2.3259000154212117,0.7281999569386244,0.000400003045797348
1,457,457,7.007053202038612,0,0,2.0,4.0,1.0,1.0,1.0,1.0,1.0,1.0,0.9703097343444824,1.0,1.0,1.0,0.9359375238418579,0.9417632818222046,0.9359375238418579,1.0,1.0,0.9703097343444824,0.9359375238418579,0.0,0.8865433931350708,-0.5673989653587341,1.0,-0.5390612483024597,0.46722090244293213,0.5597376227378845,0.0,0.00107576756272465,0.8701667189598083,-0.4927573800086975,0.0,0.0,0.0,0.0,0.0,0.0,126.31391143798828,23.3984375,25.0,25.0,23.3984375,24.25774383544922,0.0,1.0,0.9359375,1.0,0.0,0.0,0.0,0.0,0.0,2.2733144760131836,0.594145238047447,2.3195934879779814,1.8,0.02,-0.0,-0.00045522254023238907,-1.832818830847444e-05,0.0,0.15,-0.0,0.0,0.0,-0.0,0.0,0.0,0.0,0.0,0.35,0.0,0.0,0.0,0.0,0.0,0.0,0.0,0.0,0.25,-0.0,0.022674560546875,0.0,1.2733144760131836,-0.0,0.00566864013671875,0.00566864013671875,1.5,0.5395934879779816,0.35972899198532104,0.2,0.0,-0.0,-0.0,-0.0,0.8,1.0,-0.0,0.0,-0.0,-0.0,0.0,0.0,0.0,0.4446187887759879,-0.0,-0.0,-0.0,0.02,0.0,0.0,0.0,0.0,0.0,0.0,0.35972899198532104,32.01255279187113,32.4,0.0,0.6,0.0,1.0,2.0,4.0,0.0,1.0,0.0,1.0,0.0,0.0,0.0,0.0,0.0,0.0,0.0,0.0,0.0,0.0,0.0,0.0,0.0,0.0,0.0,0.0,0.0,0.0,0.0,13.504192352294922,27.76667594909668,13.27709674835205,27.99212646484375,-0.2270956039428711,0.2254505157470703,0.3200005292892456,2.359829663827259,-0.9986152648925781,0.05260822921991348,0.0,-55.249114990234375,31.388681411743164,0.0,28.0,28.0,28.0,0.0,1.0,17.0,0.0,0.0,1.0,0.0,1.0,0.0,3.0,0.0,8.28,193.95670003723353,0.8499999530613422,173.29460009932518,12.25590007379651,7.419099914841354,4.0,3.96940007340163,2.8380999574437737,0.7191000040620565,0.000400003045797348
1,458,458,4.982929879151624,0,0,2.0,3.0,1.0,1.0,1.0,1.0,1.0,1.0,0.9703097343444824,1.0,1.0,1.0,0.9359375238418579,0.9417632818222046,0.9359375238418579,1.0,1.0,0.9703097343444824,0.9359375238418579,0.0,0.8861322999000549,-0.5681284666061401,1.0,-0.5397300124168396,0.4573221802711487,-0.6014852523803711,0.0,0.00107576756272465,0.8701683282852173,-0.49275463819503784,0.0,0.0,0.0,0.0,0.0,0.0,126.31927490234375,23.507978439331055,25.0,25.0,23.507978439331055,24.367408752441406,0.0,1.0,0.9403191375732421,1.0,0.0,0.0,0.0,0.0,0.0,2.272240400314331,0.7305630770552571,0.7451264250278473,1.2149999767541886,0.02,-0.0,-0.0004449334311791079,-1.7541583332148366e-05,0.13149871826171877,0.15,-0.0,0.0,0.0,-0.0,0.0,0.0,0.0,0.0,0.35,0.0,0.0,0.0,0.0,0.0,0.0,0.0,0.0,0.25,-0.0,0.021453857421875,0.0,1.272240400314331,-0.0,0.00536346435546875,0.00536346435546875,-0.05,0.5391264259815216,0.3594176173210144,0.2,0.0,-0.0,-0.0,-0.0,0.5599999904632569,0.699999988079071,-0.0,0.0,-0.0,-0.0,0.0,0.0,0.0,0.4495268338080496,-0.04500000178813934,-0.0,-0.0,0.02,0.0,0.0,0.0,0.0,0.0,0.0,0.3594176173210144,32.365932034179565,32.4,0.7326086850269979,0.0,0.0,0.699999988079071,2.0,3.0,0.0,0.699999988079071,0.0,0.699999988079071,0.0,0.0,0.0,0.0,0.0,0.0,0.0,0.0,0.0,0.0,0.0,0.0,0.0,0.0,0.0,0.0,0.0,0.0,0.0,13.277311325073242,27.991992950439453,13.050211906433105,28.217439651489258,-0.22709941864013672,0.2254467010498047,0.320000559091568,2.3598465227618246,-0.9987736940383911,0.0495067834854126,0.0,-55.249114990234375,31.388681411743164,0.0,28.0,28.0,28.0,0.0,1.0,17.0,1.0,0.0,1.0,0.0,1.0,0.0,3.0,0.0,8.32,226.07149998657405,0.5468999734148383,165.94130010344088,51.76340008620173,28.625300037674606,4.0,4.352699965238571,2.826599986292422,0.6111999973654747,0.000400003045797348
1,459,459,5.003261327128069,0,0,2.0,3.0,1.0,1.0,1.0,1.0,1.0,1.0,0.9746963381767273,1.0,1.0,1.0,0.9403191208839417,0.9461723566055298,0.9403191208839417,1.0,1.0,0.9746963381767273,0.9403191208839417,0.0,0.8857179284095764,-0.5688568949699402,1.0,-0.5403991341590881,0.46237045526504517,0.3067528009414673,0.0,0.0006418591365218163,0.8701439499855042,-0.4927976429462433,0.0,0.0,0.0,0.0,0.0,0.0,126.3292236328125,23.615262985229492,25.0,25.0,23.615262985229492,24.474552154541016,0.0,1.0,0.9446105194091797,1.0,0.0,0.0,0.0,0.0,0.0,2.290805697441101,0.7340730816917362,0.7529534685611725,1.205429079434059,0.02,-0.0,-0.00043521394869980144,-1.6805679450722155e-05,0.12868499755859375,0.15,-0.0,0.0,0.0,-0.0,0.0,0.0,0.0,0.0,0.35,0.0,0.0,0.0,0.0,0.0,0.0,0.0,0.0,0.25,-0.0,0.039794921875,0.0,1.290805697441101,-0.0,0.00994873046875,0.00994873046875,-0.05,0.5469534695148468,0.3646356463432312,0.2,0.0,-0.0,-0.0,-0.0,0.5599999904632569,0.699999988079071,-0.0,0.0,-0.0,-0.0,0.0,0.0,0.0,0.45584010376129297,-0.0,-0.0,-0.05457089910826906,0.02,0.0,0.0,0.0,0.0,0.0,0.0,0.3646356463432312,32.82048747081309,32.4,0.7326086850269979,0.0,0.0,0.699999988079071,2.0,3.0,0.0,0.699999988079071,0.0,0.699999988079071,0.0,0.0,0.0,0.0,0.0,0.0,0.0,0.0,0.0,0.0,0.0,0.0,0.0,0.0,0.0,0.0,0.0,0.0,0.0,13.050426483154297,28.21730613708496,12.823323249816895,28.4427490234375,-0.22710323333740234,0.22544288635253906,0.3200005888938904,2.359863381697157,-0.998923659324646,0.04638335108757019,0.0,-55.249114990234375,31.388681411743164,0.0,28.0,28.0,28.0,0.0,1.0,17.0,0.0,0.0,1.0,0.0,1.0,0.0,3.0,0.0,8.36,203.01140006631613,0.8663000771775842,160.85220000240952,32.84709993749857,17.012099968269467,4.0,5.12039999011904,2.6041000382974744,0.6811999483034015,0.000400003045797348
1,460,460,5.420403445330435,0,0,2.0,4.0,1.0,1.0,1.0,1.0,1.0,1.0,0.9789820909500122,1.0,1.0,1.0,0.9446105360984802,0.9504867792129517,0.9446105360984802,1.0,1.0,0.9789820909500122,0.9446105360984802,0.0,0.8853232264518738,-0.5696241855621338,1.0,-0.5410854816436768,0.4688641130924225,0.39457938075065613,0.0,5.927798702032305e-05,0.870139479637146,-0.49280551075935364,0.0,0.0,0.0,0.0,0.0,0.0,126.33596801757812,23.615262985229492,25.0,25.0,23.615262985229492,24.474552154541016,0.0,1.0,0.9446105194091797,1.0,0.0,0.0,0.0,0.0,0.0,2.2782528400421143,0.5956628536851946,0.7714877533912659,1.7549999982118607,0.02,-0.0,-0.00043521394869980144,-1.6805679450722155e-05,0.0,0.15,-0.0,0.0,0.0,-0.0,0.0,0.0,0.0,0.0,0.35,0.0,0.0,0.0,0.0,0.0,0.0,0.0,0.0,0.25,-0.0,0.0269775390625,0.0,1.2782528400421143,-0.0,0.006744384765625,0.006744384765625,-0.05,0.5414877533912659,0.36099183559417725,0.2,0.0,-0.0,-0.0,-0.0,0.8,1.0,-0.0,0.0,-0.0,-0.0,0.0,0.0,0.0,0.4461148733133451,-0.04500000178813934,-0.0,-0.0,0.02,0.0,0.0,0.0,0.0,0.0,0.0,0.36099183559417725,32.120270878560845,32.4,0.0,0.6,0.0,1.0,2.0,4.0,0.0,1.0,0.0,1.0,0.0,0.0,0.0,0.0,0.0,0.0,0.0,0.0,0.0,0.0,0.0,0.0,0.0,0.0,0.0,0.0,0.0,0.0,0.0,12.823537826538086,28.442615509033203,12.596430778503418,28.668054580688477,-0.22710704803466797,0.22543907165527344,0.32000061869621277,2.3598802406332458,-0.9990648031234741,0.04323778301477432,0.0,-55.249114990234375,31.388681411743164,0.0,28.0,28.0,28.0,0.0,1.0,17.0,0.0,0.0,1.0,0.0,1.0,0.0,3.0,0.0,8.4,260.4020999278873,0.6158999167382717,153.6201999988407,98.51370006799698,36.46580001804978,4.0,4.2230000253766775,2.5282999267801642,0.8576000109314919,0.000400003045797348
1,461,461,5.588487419316455,0,0,2.0,4.0,1.0,1.0,1.0,1.0,1.0,1.0,0.9789820909500122,1.0,1.0,1.0,0.9446105360984802,0.9504867792129517,0.9446105360984802,1.0,1.0,0.9789820909500122,0.9446105360984802,0.0,0.8849127292633057,-0.5703654885292053,1.0,-0.5417606234550476,0.45886102318763733,-0.6078268885612488,0.0,5.927798702032305e-05,0.8701632618904114,-0.49276357889175415,0.0,0.0,0.0,0.0,0.0,0.0,126.34017181396484,23.72154426574707,25.0,25.0,23.72154426574707,24.580650329589844,0.0,1.0,0.9488617706298829,1.0,0.0,0.0,0.0,0.0,0.0,2.2828251123428345,0.7303385165516408,0.7729198294878006,1.7824039609341797,0.02,-0.0,-0.0004259220618751045,-1.610738112341197e-05,0.12746429443359375,0.15,-0.0,0.0,0.0,-0.0,0.0,0.0,0.0,0.0,0.35,0.0,0.0,0.0,0.0,0.0,0.0,0.0,0.0,0.25,-0.0,0.016815185546875,0.0,1.2828251123428345,-0.0,0.00420379638671875,0.00420379638671875,-0.05,0.5429198294878006,0.36194655299186707,0.2,0.0,-0.0,-0.0,-0.0,0.8,1.0,-0.0,0.0,-0.0,-0.0,0.0,0.0,0.0,0.45331625156104566,-0.0,-0.0,-0.0175960390658203,0.02,0.0,0.0,0.0,0.0,0.0,0.0,0.36194655299186707,32.638770112395285,32.4,1.0,0.0,0.0,1.0,2.0,4.0,0.0,1.0,0.0,1.0,0.0,0.0,0.0,0.0,0.0,0.0,0.0,0.0,0.0,0.0,0.0,0.0,0.0,0.0,0.0,0.0,0.0,0.0,0.0,12.59664535522461,28.66792106628418,12.306005477905273,28.801816940307617,-0.29063987731933594,0.1338958740234375,0.31999945640563965,2.709881759104976,-0.9991968274116516,0.040069930255413055,0.0,-55.249114990234375,31.388681411743164,0.0,28.0,28.0,28.0,0.0,1.0,16.0,0.0,0.0,1.0,0.0,1.0,0.0,3.0,0.0,8.44,192.09069991484284,0.5696999141946435,150.50270000938326,33.62620004918426,17.014099983498454,4.0,4.1334000416100025,2.397499978542328,0.8063999703153968,0.000500003807246685
1,462,462,4.847914693294664,0,0,2.0,3.0,1.0,1.0,1.0,1.0,1.0,1.0,0.9832260012626648,1.0,1.0,1.0,0.9488617777824402,0.954766035079956,0.9488617777824402,1.0,1.0,0.9832260012626648,0.9488617777824402,0.0,0.8839771151542664,-0.571878969669342,1.0,-0.5431801080703735,0.4662681519985199,0.45008614659309387,0.0,0.0006133343558758497,0.8701422214508057,-0.49280065298080444,0.0,0.0,0.0,0.0,0.0,0.0,126.35020446777344,23.72154426574707,25.0,25.0,23.72154426574707,24.580650329589844,0.0,1.0,0.9488617706298829,1.0,0.0,0.0,0.0,0.0,0.0,2.2750253677368164,0.5931266760217148,0.7447626727819443,1.2149999767541886,0.02,-0.0,-0.0004259220618751045,-1.610738112341197e-05,0.0,0.15,-0.0,0.0,0.0,-0.0,0.0,0.0,0.0,0.0,0.35,0.0,0.0,0.0,0.0,0.0,0.0,0.0,0.0,0.25,-0.0,0.040130615234375,0.0,1.2750253677368164,-0.0,0.01003265380859375,0.01003265380859375,-0.05,0.5387626737356186,0.3591751158237457,0.2,0.0,-0.0,-0.0,-0.0,0.5599999904632569,0.699999988079071,-0.0,0.0,-0.0,-0.0,0.0,0.0,0.0,0.4435687054647133,-0.04500000178813934,-0.0,-0.0,0.02,0.0,0.0,0.0,0.0,0.0,0.0,0.3591751158237457,31.936946793459356,32.4,0.0,0.6,0.0,0.699999988079071,2.0,3.0,0.0,0.699999988079071,0.0,0.699999988079071,0.0,0.0,0.0,0.0,0.0,0.0,0.0,0.0,0.0,0.0,0.0,0.0,0.0,0.0,0.0,0.0,0.0,0.0,0.0,12.306244850158691,28.801382064819336,12.001556396484375,28.89918327331543,-0.3046884536743164,0.09780120849609375,0.32000020146369934,2.8309941113726733,-0.9992673397064209,0.03827089071273804,0.0,-55.249114990234375,31.388681411743164,0.0,28.0,28.0,28.0,0.0,1.0,16.0,0.0,0.0,1.0,0.0,1.0,0.0,3.0,0.0,8.48,328.9554000366479,0.8382999803870916,158.4472000831738,123.94220009446144,52.82489990349859,4.0,39.16180005762726,5.236700060777366,1.2845000019297004,0.000400003045797348
1,463,463,5.028214376386304,0,0,2.0,3.0,1.0,1.0,1.0,1.0,1.0,1.0,0.9832260012626648,1.0,1.0,1.0,0.9488617777824402,0.954766035079956,0.9488617777824402,1.0,1.0,0.9832260012626648,0.9488617777824402,0.0,0.8829144239425659,-0.5736716985702515,1.0,-0.5448396801948547,0.45624208450317383,-0.6092216372489929,0.0,0.0006133343558758497,0.8701475858688354,-0.49279117584228516,0.0,0.0,0.0,0.0,0.0,0.0,126.36048126220703,23.829980850219727,25.0,25.0,23.829980850219727,24.689130783081055,0.0,1.0,0.953199234008789,1.0,0.0,0.0,0.0,0.0,0.0,2.2755435705184937,0.7283389173113303,0.7443319100141526,1.259999978542328,0.02,-0.0,-0.00041677498990821125,-1.5423393887851305e-05,0.13014144897460939,0.15,-0.0,0.0,0.0,-0.0,0.0,0.0,0.0,0.0,0.35,0.0,0.0,0.0,0.0,0.0,0.0,0.0,0.0,0.25,-0.0,0.041107177734375,0.0,1.2755435705184937,-0.0,0.01027679443359375,0.01027679443359375,-0.05,0.5383319109678268,0.3588879406452179,0.2,0.0,-0.0,-0.0,-0.0,0.5599999904632569,0.699999988079071,-0.0,0.0,-0.0,-0.0,0.0,0.0,0.0,0.44862966672051696,-0.0,-0.0,-0.0,0.02,0.0,0.0,0.0,0.0,0.0,0.0,0.3588879406452179,32.301336003877225,32.4,0.7326086850269979,0.0,0.0,0.699999988079071,2.0,3.0,0.0,0.699999988079071,0.0,0.699999988079071,0.0,0.0,0.0,0.0,0.0,0.0,0.0,0.0,0.0,0.0,0.0,0.0,0.0,0.0,0.0,0.0,0.0,0.0,0.0,12.001614570617676,28.89872932434082,11.69693374633789,28.996553421020508,-0.30468082427978516,0.0978240966796875,0.31999993324279785,2.8309187312942257,-0.9993152618408203,0.03699955344200134,0.0,-55.249114990234375,31.388681411743164,0.0,28.0,28.0,28.0,0.0,1.0,16.0,0.0,0.0,1.0,0.0,1.0,0.0,3.0,0.0,8.52,272.9002999840304,0.9249999420717359,186.54320004861802,75.19180001690984,57.87909997161478,4.0,5.011199973523617,4.223200026899576,0.9677999187260866,0.000600004568696022
1,464,464,4.89212014436964,0,0,2.0,3.0,1.0,1.0,1.0,1.0,1.0,1.0,0.9875652194023132,1.0,1.0,1.0,0.9531992077827454,0.95912766456604,0.9531992077827454,1.0,1.0,0.9875652194023132,0.9531992077827454,0.0,0.8818523287773132,-0.5754596590995789,1.0,-0.5464933514595032,0.46144765615463257,0.3163100779056549,0.0,0.0009508884977549314,0.8701164126396179,-0.49284628033638,0.0,0.0,0.0,0.0,0.0,0.0,126.3758773803711,23.829980850219727,25.0,25.0,23.829980850219727,24.689130783081055,0.0,1.0,0.953199234008789,1.0,0.0,0.0,0.0,0.0,0.0,2.2955336570739746,0.6045813904321314,0.7522228348255158,1.2197822620380185,0.02,-0.0,-0.00041677498990821125,-1.5423393887851305e-05,0.0,0.15,-0.0,0.0,0.0,-0.0,0.0,0.0,0.0,0.0,0.35,0.0,0.0,0.0,0.0,0.0,0.0,0.0,0.0,0.25,-0.0,0.06158447265625,0.0,1.2955336570739746,-0.0,0.0153961181640625,0.0153961181640625,-0.05,0.5462228357791901,0.3641485571861267,0.2,0.0,-0.0,-0.0,-0.0,0.5599999904632569,0.699999988079071,-0.0,0.0,-0.0,-0.0,0.0,0.0,0.0,0.4550135888159275,-0.0,-0.0,-0.040217716504309386,0.02,0.0,0.0,0.0,0.0,0.0,0.0,0.3641485571861267,32.76097839474678,32.4,0.7326086850269979,0.0,0.0,0.699999988079071,2.0,3.0,0.0,0.699999988079071,0.0,0.699999988079071,0.0,0.0,0.0,0.0,0.0,0.0,0.0,0.0,0.0,0.0,0.0,0.0,0.0,0.0,0.0,0.0,0.0,0.0,0.0,11.697093963623047,28.996337890625,11.392416000366211,29.09417152404785,-0.30467796325683594,0.09783363342285156,0.3200001120567322,2.8308876287651246,-0.9993621110916138,0.03571251407265663,0.0,-55.249114990234375,31.388681411743164,0.0,28.0,28.0,28.0,0.0,1.0,16.0,0.0,0.0,1.0,0.0,1.0,0.0,3.0,0.0,8.56,221.99580003507435,0.7020999910309911,186.57130002975464,23.460599943064153,17.970999935641885,4.0,6.187599967233837,4.205600009299815,0.8229999803006649,0.000600004568696022
1,465,465,5.556280389992437,0,0,2.0,4.0,1.0,1.0,1.0,1.0,1.0,1.0,0.9875652194023132,1.0,1.0,1.0,0.9531992077827454,0.95912766456604,0.9531992077827454,1.0,1.0,0.9875652194023132,0.9531992077827454,0.0,0.8808120489120483,-0.5772849321365356,1.0,-0.5481598973274231,0.4680139720439911,0.39899513125419617,0.0,0.0009508884977549314,0.8700951933860779,-0.49288371205329895,0.0,0.0,0.0,0.0,0.0,0.0,126.38848876953125,23.939903259277344,25.0,25.0,23.939903259277344,24.798534393310547,0.0,1.0,0.9575961303710937,1.0,0.0,0.0,0.0,0.0,0.0,2.283645272254944,0.7268379902522183,0.7707971292734146,1.7549999982118607,0.02,-0.0,-0.00040783395469286043,-1.4762999199286927e-05,0.13169937133789064,0.15,-0.0,0.0,0.0,-0.0,0.0,0.0,0.0,0.0,0.35,0.0,0.0,0.0,0.0,0.0,0.0,0.0,0.0,0.25,-0.0,0.050445556640625,0.0,1.2836452722549438,-0.0,0.01261138916015625,0.01261138916015625,-0.05,0.5407971292734146,0.36053141951560974,0.2,0.0,-0.0,-0.0,-0.0,0.8,1.0,-0.0,0.0,-0.0,-0.0,0.0,0.0,0.0,0.4455612158682198,-0.04500000178813934,-0.0,-0.0,0.02,0.0,0.0,0.0,0.0,0.0,0.0,0.36053141951560974,32.08040754251182,32.4,0.0,0.6,0.0,1.0,2.0,4.0,0.0,1.0,0.0,1.0,0.0,0.0,0.0,0.0,0.0,0.0,0.0,0.0,0.0,0.0,0.0,0.0,0.0,0.0,0.0,0.0,0.0,0.0,0.0,11.392620086669922,29.094057083129883,11.087943077087402,29.191892623901367,-0.30467700958251953,0.09783554077148438,0.3199997842311859,2.830881040213242,-0.9994077682495117,0.034411847591400146,0.0,-55.249114990234375,31.388681411743164,0.0,28.0,28.0,28.0,0.0,1.0,16.0,0.0,0.0,1.0,0.0,1.0,0.0,3.0,0.0,8.6,229.13709993008524,0.7867999374866486,160.80549999605864,58.79320006351918,32.693900051526725,4.0,4.574700025841594,3.297199960798025,0.8486000588163733,0.0008998904377222061
1,466,466,4.9920279948007105,0,0,2.0,3.0,1.0,1.0,1.0,1.0,1.0,1.0,0.9919413924217224,1.0,1.0,1.0,0.9575961232185364,0.9635439515113831,0.9575961232185364,1.0,1.0,0.9919413924217224,0.9575961232185364,0.0,0.879755973815918,-0.5790842771530151,1.0,-0.5498135685920715,0.45829153060913086,-0.5907732844352722,0.0,-0.00013854412827640772,0.8701067566871643,-0.49286332726478577,0.0,0.0,0.0,0.0,0.0,0.0,126.40117645263672,24.046171188354492,25.0,25.0,24.046171188354492,24.90507698059082,0.0,1.0,0.9618468475341797,1.0,0.0,0.0,0.0,0.0,0.0,2.283315896987915,0.7276522079775881,0.746361939907074,1.2146979499281336,0.02,-0.0,-0.00039949610968310564,-1.4147061878055304e-05,0.12763137817382814,0.15,-0.0,0.0,0.0,-0.0,0.0,0.0,0.0,0.0,0.35,0.0,0.0,0.0,0.0,0.0,0.0,0.0,0.0,0.25,-0.0,0.050750732421875,0.0,1.283315896987915,-0.0,0.01268768310546875,0.01268768310546875,-0.05,0.5403619408607483,0.3602412939071655,0.2,0.0,-0.0,-0.0,-0.0,0.5599999904632569,0.699999988079071,-0.0,0.0,-0.0,-0.0,0.0,0.0,0.0,0.45043447297532113,-0.04500000178813934,-0.0,-0.0003020268260550349,0.02,0.0,0.0,0.0,0.0,0.0,0.0,0.3602412939071655,32.431282054223125,32.4,0.7326086850269979,0.0,0.0,0.699999988079071,2.0,3.0,0.0,0.699999988079071,0.0,0.699999988079071,0.0,0.0,0.0,0.0,0.0,0.0,0.0,0.0,0.0,0.0,0.0,0.0,0.0,0.0,0.0,0.0,0.0,0.0,0.0,11.088171005249023,29.191829681396484,10.783493995666504,29.28966522216797,-0.30467700958251953,0.09783554077148438,0.3199997842311859,2.830881040213242,-0.9994520545005798,0.0330982469022274,0.0,-55.249114990234375,31.388681411743164,0.0,28.0,28.0,28.0,0.0,1.0,16.0,0.0,0.0,1.0,0.0,1.0,0.0,3.0,0.0,8.64,246.24919996131212,0.6648999406024814,167.08140005357563,31.774300034157932,16.112699988298118,4.0,4.130299901589751,32.35130000393838,10.203200043179095,0.000500003807246685
1,467,467,4.883492476406025,0,0,2.0,3.0,1.0,1.0,1.0,1.0,1.0,1.0,0.9962030649185181,1.0,1.0,1.0,0.9618468284606934,0.9678223133087158,0.9618468284606934,1.0,1.0,0.9962030649185181,0.9618468284606934,0.0,0.8786963224411011,-0.5808826088905334,1.0,-0.5514656901359558,0.4633040428161621,0.304578572511673,0.0,0.00019329067436046898,0.87009596824646,-0.4928823411464691,0.0,0.0,0.0,0.0,0.0,0.0,126.41124725341797,24.046171188354492,25.0,25.0,24.046171188354492,24.90507698059082,0.0,1.0,0.9618468475341797,1.0,0.0,0.0,0.0,0.0,0.0,2.2721211910247803,0.5902943915747877,0.7410769152641297,1.259999978542328,0.02,-0.0,-0.00039949610968310564,-1.4147061878055304e-05,0.0,0.15,-0.0,0.0,0.0,-0.0,0.0,0.0,0.0,0.0,0.35,0.0,0.0,0.0,0.0,0.0,0.0,0.0,0.0,0.25,-0.0,0.040283203125,0.0,1.2721211910247803,-0.0,0.01007080078125,0.01007080078125,-0.05,0.535076916217804,0.35671794414520264,0.2,0.0,-0.0,-0.0,-0.0,0.5599999904632569,0.699999988079071,-0.0,0.0,-0.0,-0.0,0.0,0.0,0.0,0.4407080347463489,-0.0,-0.0,-0.0,0.02,0.0,0.0,0.0,0.0,0.0,0.0,0.35671794414520264,31.73097850173712,32.4,0.0,0.6,0.0,0.699999988079071,2.0,3.0,0.0,0.699999988079071,0.0,0.699999988079071,0.0,0.0,0.0,0.0,0.0,0.0,0.0,0.0,0.0,0.0,0.0,0.0,0.0,0.0,0.0,0.0,0.0,0.0,0.0,10.783733367919922,29.28962516784668,10.479055404663086,29.3874568939209,-0.30467796325683594,0.09783172607421875,0.3199995458126068,2.830893293165605,-0.9994950890541077,0.031772010028362274,0.0,-55.249114990234375,31.388681411743164,0.0,28.0,28.0,28.0,0.0,1.0,16.0,0.0,0.0,1.0,0.0,1.0,0.0,3.0,0.0,8.68,192.57529999595135,0.7124999538064003,162.84330002963543,20.832199952565134,15.522700035944581,4.0,4.339699982665479,2.953300019726157,0.8601000299677253,0.000600004568696022
1,468,468,5.556897079891955,0,0,2.0,4.0,1.0,1.0,1.0,1.0,1.0,1.0,0.9962030649185181,1.0,1.0,1.0,0.9618468284606934,0.9678223133087158,0.9618468284606934,1.0,1.0,0.9962030649185181,0.9618468284606934,0.0,0.877622663974762,-0.582655131816864,1.0,-0.5531044006347656,0.45329970121383667,-0.6079024076461792,0.0,0.00019329067436046898,0.8701151609420776,-0.4928484559059143,0.0,0.0,0.0,0.0,0.0,0.0,126.42272186279297,24.17438316345215,25.0,25.0,24.17438316345215,25.0,0.0,1.0,0.9669753265380859,1.0,0.0,0.0,0.0,0.0,0.0,2.277064323425293,0.7382830410669196,0.7665497171878815,1.7549999982118607,0.02,-0.0,-0.0003898218372101525,-1.3619978928745457e-05,0.14053878784179688,0.15,-0.0,0.0,0.0,-0.0,0.0,0.0,0.0,0.0,0.35,0.0,0.0,0.0,0.0,0.0,0.0,0.0,0.0,0.25,-0.0,0.0458984375,0.0,1.277064323425293,-0.0,0.011474609375,0.011474609375,-0.05,0.5365497171878815,0.35769981145858765,0.2,0.0,-0.0,-0.0,-0.0,0.8,1.0,-0.0,0.0,-0.0,-0.0,0.0,0.0,0.0,0.4481476950412616,-0.04500000178813934,-0.0,-0.0,0.02,0.0,0.0,0.0,0.0,0.0,0.0,0.35769981145858765,32.266634042970836,32.4,1.0,0.0,0.0,1.0,2.0,4.0,0.0,1.0,0.0,1.0,0.0,0.0,0.0,0.0,0.0,0.0,0.0,0.0,0.0,0.0,0.0,0.0,0.0,0.0,0.0,0.0,0.0,0.0,0.0,10.479300498962402,29.387426376342773,10.17462158203125,29.48525619506836,-0.30467891693115234,0.09782981872558594,0.3199998736381531,2.8308998817184468,-0.9995368719100952,0.030433231964707375,0.0,-55.249114990234375,31.388681411743164,0.0,28.0,28.0,28.0,0.0,1.0,16.0,0.0,0.0,1.0,0.0,1.0,0.0,3.0,0.0,8.72,209.76070000324398,1.1870000744238496,169.22279994469136,29.33889999985695,21.200800081714988,4.0,4.630399984307587,4.199600080028176,1.1310999980196357,0.000600004568696022
1,469,469,3.446155144016688,0,0,2.0,1.0,1.0,1.0,1.0,1.0,1.0,1.0,1.0,1.0,1.0,1.0,0.9669753313064575,0.9720598459243774,0.9669753313064575,1.0,1.0,1.0,0.9669753313064575,0.0,0.8765537142753601,-0.584434449672699,1.0,-0.5547431111335754,0.46095192432403564,0.46497875452041626,0.0,0.0007317629060707986,0.8700865507125854,-0.49289897084236145,0.0,0.0,0.0,0.0,0.0,0.0,126.4371566772461,24.17438316345215,25.0,25.0,24.17438316345215,25.0,0.0,1.0,0.9669753265380859,1.0,0.0,0.0,0.0,0.0,0.0,2.288236618041992,0.5975099593805718,0.6904085665941239,-0.15,0.02,-0.0,-0.0003898218372101525,-1.3619978928745457e-05,0.0,0.15,-0.0,0.0,0.0,-0.0,0.0,0.0,0.0,0.0,0.35,0.0,0.0,0.0,0.0,0.0,0.0,0.0,0.0,0.25,-0.0,0.0577392578125,0.0,1.2882366180419922,-0.0,0.014434814453125,0.014434814453125,-0.05,0.5404085665941238,0.3602723777294159,0.2,0.0,-0.0,-0.0,-0.0,0.0,0.0,0.0,0.0,0.0,-0.0,0.0,0.0,0.0,0.44791340119671075,-0.15,-0.0,-0.0,0.02,0.0,0.0,0.0,0.0,0.0,0.0,0.3602723777294159,32.24976488616318,0.0,0.0,0.0,0.0,0.0,2.0,1.0,0.0,0.0,0.0,0.0,0.0,0.0,0.0,0.0,0.0,0.0,0.0,0.0,0.0,0.0,0.0,0.0,0.0,0.0,0.0,0.0,0.0,0.0,0.0,10.174869537353516,29.4852294921875,9.87018871307373,29.583053588867188,-0.30468082427978516,0.0978240966796875,0.31999993324279785,2.8309187312942257,-0.999576985836029,0.029081793501973152,0.0,-55.249114990234375,31.388681411743164,0.0,28.0,28.0,28.0,0.0,1.0,16.0,0.0,0.0,1.0,0.0,1.0,0.0,3.0,0.0,8.76,195.77849993947893,1.0680999839678407,165.20239994861186,21.2848000228405,15.791800105944276,4.0,4.990899935364723,2.4302999954670668,0.76299998909235,0.000400003045797348
1,470,470,5.411260009296642,0,0,2.0,4.0,1.0,1.0,1.0,1.0,1.0,1.0,1.0,1.0,1.0,1.0,0.9669753313064575,0.9720598459243774,0.9669753313064575,1.0,1.0,1.0,0.9669753313064575,0.0,0.8754981160163879,-0.5862308144569397,1.0,-0.5563846826553345,0.46071091294288635,-0.014643365517258644,0.0,0.0007317629060707986,0.8700884580612183,-0.49289557337760925,0.0,0.0,0.0,0.0,0.0,0.0,126.45592498779297,24.333833694458008,25.0,25.0,24.333833694458008,25.0,0.0,1.0,0.9733533477783203,1.0,0.0,0.0,0.0,0.0,0.0,2.304852247238159,0.7339878167591115,0.7768259304761886,1.5755940148231835,0.02,-0.0,-0.00037835319365948895,-1.3619978928745457e-05,0.12756042480468752,0.15,-0.0,0.0,0.0,-0.0,0.0,0.0,0.0,0.0,0.35,0.0,0.0,0.0,0.0,0.0,0.0,0.0,0.0,0.25,-0.0,0.0750732421875,0.0,1.3048522472381592,-0.0,0.018768310546875,0.018768310546875,-0.05,0.5468259304761887,0.3645506203174591,0.2,0.0,-0.0,-0.0,-0.0,0.8,1.0,-0.0,0.0,-0.0,-0.0,0.0,0.0,0.0,0.45681936512701227,-0.15,-0.0,-0.07440598517681668,0.02,0.0,0.0,0.0,0.0,0.0,0.0,0.3645506203174591,32.89099428914488,32.4,1.0,0.0,0.0,1.0,2.0,4.0,0.0,1.0,0.0,1.0,0.0,0.0,0.0,0.0,0.0,0.0,0.0,0.0,0.0,0.0,0.0,0.0,0.0,0.0,0.0,0.0,0.0,0.0,0.0,9.870438575744629,29.58302879333496,9.565756797790527,29.680849075317383,-0.30468177795410156,0.09782028198242188,0.31999969482421875,2.830930984249594,-0.9996158480644226,0.027717620134353638,0.0,-55.249114990234375,31.388681411743164,0.0,28.0,28.0,28.0,0.0,1.0,16.0,0.0,0.0,1.0,0.0,1.0,0.0,3.0,0.0,8.8,199.34759999159724,0.6596999010071158,165.15090002212673,24.842499988153577,19.19409993570298,4.0,4.258100059814751,3.4268000163137913,0.9755999781191349,0.000400003045797348
1,471,471,4.876076097153784,0,0,2.0,3.0,1.0,1.0,1.0,1.0,1.0,1.0,1.0,1.0,1.0,1.0,0.9733533263206482,0.9764511585235596,0.9733533263206482,1.0,1.0,1.0,0.9733533263206482,0.0,0.8744602799415588,-0.5880581736564636,1.0,-0.5580361485481262,0.4698713421821594,0.5566227436065674,0.0,0.0011840929510071874,0.8700485229492188,-0.4929661452770233,0.0,0.0,0.0,0.0,0.0,0.0,126.47264099121094,24.333833694458008,25.0,25.0,24.333833694458008,25.0,0.0,1.0,0.9733533477783203,1.0,0.0,0.0,0.0,0.0,0.0,2.2959166765213013,0.5965989419451971,0.7485605019330979,1.2149999767541886,0.02,-0.0,-0.00037835319365948895,-1.3619978928745457e-05,0.0,0.15,-0.0,0.0,0.0,-0.0,0.0,0.0,0.0,0.0,0.35,0.0,0.0,0.0,0.0,0.0,0.0,0.0,0.0,0.25,-0.0,0.066864013671875,0.0,1.2959166765213013,-0.0,0.01671600341796875,0.01671600341796875,-0.05,0.5425605028867722,0.36170700192451477,0.2,0.0,-0.0,-0.0,-0.0,0.5599999904632569,0.699999988079071,-0.0,0.0,-0.0,-0.0,0.0,0.0,0.0,0.4469909151177854,-0.04500000178813934,-0.0,-0.0,0.02,0.0,0.0,0.0,0.0,0.0,0.0,0.36170700192451477,32.183345888480545,32.4,0.0,0.6,0.0,0.699999988079071,2.0,3.0,0.0,0.699999988079071,0.0,0.699999988079071,0.0,0.0,0.0,0.0,0.0,0.0,0.0,0.0,0.0,0.0,0.0,0.0,0.0,0.0,0.0,0.0,0.0,0.0,0.0,9.566007614135742,29.68082618713379,9.261323928833008,29.778640747070312,-0.3046836853027344,0.09781455993652344,0.3199997544288635,2.830949833825347,-0.9996529817581177,0.02634049765765667,0.0,-55.249114990234375,31.388681411743164,0.0,28.0,28.0,28.0,0.0,1.0,16.0,0.0,0.0,1.0,0.0,1.0,0.0,3.0,0.0,8.84,230.5257999105379,0.7745999610051513,185.0751000456512,29.73300009034574,23.212999920360744,4.0,4.951199982315302,8.18300002720207,1.7787000397220254,0.0004998873919248581
1,472,472,5.569875193847264,0,0,2.0,4.0,1.0,1.0,1.0,1.0,1.0,1.0,1.0,1.0,1.0,1.0,0.9733533263206482,0.9764511585235596,0.9733533263206482,1.0,1.0,1.0,0.9733533263206482,0.0,0.8734105229377747,-0.58986496925354,1.0,-0.5596767663955688,0.4597620964050293,-0.6142781376838684,0.0,0.0011840929510071874,0.870053231716156,-0.4929577708244324,0.0,0.0,0.0,0.0,0.0,0.0,126.51227569580078,24.52103042602539,25.0,25.0,24.52103042602539,25.0,0.0,1.0,0.9808412170410157,1.0,0.0,0.0,0.0,0.0,0.0,2.300158739089966,0.7539310542366783,0.7739521223306656,1.721833278189955,0.02,-0.0,-0.0003656441603307576,-1.3619978928745457e-05,0.14975738525390625,0.15,-0.0,0.0,0.0,-0.0,0.0,0.0,0.0,0.0,0.35,0.0,0.0,0.0,0.0,0.0,0.0,0.0,0.0,0.25,-0.0,0.158538818359375,0.0,1.3001587390899658,-0.0,0.03963470458984375,0.03963470458984375,-0.05,0.5439521223306656,0.3626347482204437,0.2,0.0,-0.0,-0.0,-0.0,0.8,1.0,-0.0,0.0,-0.0,-0.0,0.0,0.0,0.0,0.4545529331220315,-0.04500000178813934,-0.0,-0.033166720021905585,0.02,0.0,0.0,0.0,0.0,0.0,0.0,0.3626347482204437,32.72781118478626,32.4,1.0,0.0,0.0,1.0,2.0,4.0,0.0,1.0,0.0,1.0,0.0,0.0,0.0,0.0,0.0,0.0,0.0,0.0,0.0,0.0,0.0,0.0,0.0,0.0,0.0,0.0,0.0,0.0,0.0,9.261574745178223,29.77861785888672,8.944146156311035,29.819101333618164,-0.3174285888671875,0.04048347473144531,0.31999972462654114,3.014741763936981,-0.9996886849403381,0.024950319901108742,0.0,-55.249114990234375,31.388681411743164,0.0,28.0,28.0,28.0,0.0,1.0,15.0,0.0,0.0,1.0,0.0,1.0,0.0,3.0,0.0,8.88,364.8878000676632,0.714799971319735,171.26280011143535,26.727800024673343,21.931300056166947,4.0,4.651399911381304,102.14740002993494,59.356700046919286,0.000400003045797348
1,473,473,4.952274862866469,0,0,2.0,3.0,1.0,1.0,1.0,1.0,1.0,1.0,1.0,1.0,1.0,1.0,1.0,0.9808412194252014,0.9808412194252014,1.0,1.0,1.0,0.9808412194252014,0.0,0.8722556233406067,-0.5921596884727478,1.0,-0.5616780519485474,0.4675401449203491,0.47262611985206604,0.0,0.0005936018424108624,0.8700335025787354,-0.4929925799369812,0.0,0.0,0.0,0.0,0.0,0.0,126.55004119873047,24.628402709960938,25.0,25.0,24.628402709960938,25.0,0.0,1.0,0.9851361083984375,1.0,0.0,0.0,0.0,0.0,0.0,2.2915709018707275,0.6799245754290302,0.7457794088125229,1.2149999767541886,0.02,-0.0,-0.0003587045105079408,-1.3619978928745457e-05,0.08589782714843751,0.15,-0.0,0.0,0.0,-0.0,0.0,0.0,0.0,0.0,0.35,0.0,0.0,0.0,0.0,0.0,0.0,0.0,0.0,0.25,-0.0,0.15106201171875,0.0,1.2915709018707275,-0.0,0.0377655029296875,0.0377655029296875,-0.05,0.5397794097661972,0.35985293984413147,0.2,0.0,-0.0,-0.0,-0.0,0.5599999904632569,0.699999988079071,-0.0,0.0,-0.0,-0.0,0.0,0.0,0.0,0.4443990727700293,-0.04500000178813934,-0.0,-0.0,0.02,0.0,0.0,0.0,0.0,0.0,0.0,0.35985293984413147,31.99673323944211,32.4,0.0,0.6,0.0,0.699999988079071,2.0,3.0,0.0,0.699999988079071,0.0,0.699999988079071,0.0,0.0,0.0,0.0,0.0,0.0,0.0,0.0,0.0,0.0,0.0,0.0,0.0,0.0,0.0,0.0,0.0,0.0,0.0,8.944375991821289,29.818849563598633,8.626948356628418,29.859342575073242,-0.3174276351928711,0.040493011474609375,0.3199999928474426,3.0147118219372064,-0.9997010827064514,0.024447379633784294,0.0,-55.249114990234375,31.388681411743164,0.0,28.0,28.0,28.0,0.0,1.0,15.0,0.0,0.0,1.0,0.0,1.0,0.0,3.0,0.0,8.92,188.23719990905374,0.6938999285921454,155.19429999403656,25.243900017812848,18.883800017647445,4.0,3.9331000298261642,2.2198999067768455,0.9002999868243933,0.000500003807246685
1,474,474,6.07106031335683,0,0,3.0,4.0,1.0,1.0,1.0,1.0,1.0,1.0,1.0,1.0,1.0,1.0,1.0,0.985136091709137,0.985136091709137,1.0,1.0,1.0,0.985136091709137,0.0,0.8710886836051941,-0.594433605670929,1.0,-0.563666582107544,0.4570961892604828,-0.6346162557601929,0.0,-0.0005621594027616084,0.870057225227356,-0.4929507374763489,0.0,0.0,0.0,0.0,0.0,0.0,126.58928680419922,24.628402709960938,25.0,25.0,24.628402709960938,25.0,0.0,1.0,0.9851361083984375,1.0,0.0,0.0,0.0,0.0,0.0,2.2962288856506348,0.6014429617753182,2.3212486791610716,0.8321397867698065,0.02,-0.0,-0.0003587045105079408,-1.3619978928745457e-05,0.0,0.15,-0.0,0.0,0.0,-0.0,0.0,0.0,0.0,0.0,0.35,0.0,0.0,0.0,0.0,0.0,0.0,0.0,0.0,0.25,-0.0,0.156982421875,0.0,1.2962288856506348,-0.0,0.03924560546875,0.03924560546875,1.5,0.5412486791610718,0.36083245277404785,0.2,0.0,-0.03346014919994984,-0.0,-0.0,0.6254545454545455,0.7818181818181819,-0.21818181818181814,0.0,-0.0952066115702479,-0.17454545454545453,0.0,0.0,0.0,0.45181528626475487,-0.04846648424863815,-0.0,-0.005272422756812285,0.02,0.0,0.0,0.0,0.0,0.0,0.0,0.36083245277404785,32.53070061106235,32.4,1.0,0.0,0.25,1.0,3.0,4.0,0.25,1.0,0.11999999731779099,1.0,0.12,1.0,0.0,0.0,0.0,0.25,0.25,1.0,0.13,0.0,0.0,0.0,0.0,0.0,0.0,0.0,0.0,0.0,0.0,8.627166748046875,29.859203338623047,8.30974006652832,29.899702072143555,-0.3174266815185547,0.04049873352050781,0.3199997544288635,3.014693701746414,-0.9997134208679199,0.023937519639730453,0.0,-55.249114990234375,31.388681411743164,0.0,28.0,28.0,28.0,0.0,1.0,15.0,1.0,0.0,1.0,0.0,1.0,0.0,3.0,0.0,8.96,155.37169994786382,0.533199985511601,140.33750002272427,7.629200001247227,3.0961999436840415,4.0,3.9625000208616257,2.1911999210715294,0.6874999962747097,0.000500003807246685
1,475,475,3.864567774137446,0,0,2.0,1.0,1.0,1.0,1.0,1.0,1.0,1.0,1.0,1.0,1.0,1.0,1.0,0.985136091709137,0.985136091709137,1.0,1.0,1.0,0.985136091709137,0.0,0.8699243068695068,-0.5967146754264832,1.0,-0.5656541585922241,0.4647243022918701,0.4635133445262909,0.2181818187236786,-0.0005621594027616084,0.8703149557113647,-0.4924955368041992,0.0,0.0,0.0,0.0,0.0,0.0,126.63158416748047,24.85162925720215,25.0,25.0,24.85162925720215,25.0,0.0,1.0,0.9940651702880859,1.0,0.0,0.0,0.0,0.0,0.0,2.3071210384368896,0.7799035885873099,0.6949588000774384,0.06258434703580779,0.02,-0.0,-0.00034504803372403505,-1.3619978928745457e-05,0.17858123779296875,0.15,-0.0,0.0,0.0,-0.0,0.0,0.0,0.0,0.0,0.35,0.0,0.0,0.0,0.0,0.0,0.0,0.0,0.0,0.25,-0.0,0.169189453125,0.0,1.3071210384368896,-0.0,0.04229736328125,0.04229736328125,-0.05,0.5449588000774384,0.36330586671829224,0.2,0.0,-0.0,-0.0,-0.0,0.0,0.0,0.0,0.0,0.0,-0.0,0.2181818038225174,0.0,0.0,0.45168101880699396,-0.15107613801956177,-0.0,-0.004521318767147842,0.02,0.0,0.0,0.0,0.0,0.0,0.0,0.36330586671829224,32.521033354103565,0.0,0.0,0.0,0.0,0.0,2.0,1.0,0.0,0.0,0.0,0.0,0.0,0.0,0.0,0.0,0.0,0.0,0.0,0.0,0.0,0.0,0.0,0.0,0.0,0.0,0.0,0.0,0.0,0.0,0.0,8.309979438781738,29.899654388427734,7.992552757263184,29.940155029296875,-0.3174266815185547,0.040500640869140625,0.3199999928474426,3.0146877946133968,-0.9997256994247437,0.023421015590429306,0.0,-55.249114990234375,31.388681411743164,0.0,28.0,28.0,28.0,0.0,1.0,15.0,0.0,0.0,1.0,0.0,1.0,0.0,3.0,0.0,9.0,213.24700000695884,0.7512999000027776,160.96240002661943,44.66180002782494,19.627699977718294,4.0,4.852599930018187,1.4660999877378345,0.5148000782355666,0.000300002284348011
