episode,episode_step,global_step,reward,terminated,truncated,model_steering,model_drive,obs_lidar_00,obs_lidar_01,obs_lidar_02,obs_lidar_03,obs_lidar_04,obs_lidar_05,obs_lidar_06,obs_lidar_07,obs_lidar_08,obs_lidar_09,obs_lidar_10,obs_lidar_11,obs_lidar_min,obs_front_lidar_min,obs_left_lidar_min,obs_back_lidar_min,obs_right_lidar_min,obs_vision_visible,obs_pursuer_dx,obs_pursuer_dy,obs_pursuer_distance,obs_pursuer_sin_bearing,obs_ego_speed,obs_ego_acceleration,obs_ego_steering,obs_ego_yaw_rate,obs_ego_heading_sin,obs_ego_heading_cos,obs_ego_touch,obs_avoidance_front_risk,obs_avoidance_danger_delta,obs_avoidance_turn_direction,obs_avoidance_heading_progress,obs_avoidance_heading_remaining,distance_to_pursuer,obstacle_distance,front_obstacle_distance,left_obstacle_distance,right_obstacle_distance,back_obstacle_distance,front_corridor_risk,obstacle_risk_escape_scale,min_lidar,front_lidar,pursuer_visible,front_pursuer_visible,left_pursuer_visible,right_pursuer_visible,back_pursuer_visible,pursuer_reward_total,obstacle_reward_total,movement_reward_total,stability_reward_total,survival_reward_total,front_obstacle_penalty,side_obstacle_penalty,back_obstacle_penalty,obstacle_clearance_delta_reward,obstacle_collision_free_reward,back_approach_penalty,front_blocked_speed_penalty,front_blocked_drive_penalty,front_blocked_straight_penalty,front_blocked_brake_reward,obstacle_action_reward,obstacle_action_penalty,obstacle_target_steering,obstacle_target_drive,obstacle_steering_error,obstacle_drive_error,obstacle_turn_commitment_reward,obstacle_turn_switch_penalty,obstacle_turn_progress_reward,obstacle_wrong_heading_penalty,obstacle_insufficient_turn_penalty,obstacle_heading_progress,obstacle_heading_goal,obstacle_safety_intervention_penalty,moving_away_reward,visual_moving_away_reward,radial_escape_reward,tangential_orbit_penalty,raw_distance_delta,distance_delta,exploration_reward,movement_reward,rewarded_moved_distance,still_penalty,obstacle_stall_penalty,fast_turn_penalty,tight_turn_penalty,long_curve_penalty,straight_drive_reward,clear_path_straight_reward,unnecessary_turn_penalty,avoidance_turn_reward,over_avoidance_turn_penalty,clear_front_turn_penalty,straighten_reward,turn_towards_obstacle_penalty,turn_towards_visible_pursuer_penalty,path_prediction_reward,action_smoothness_penalty,tilt_penalty,overspeed_penalty,survival_reward,captured,obstacle_collision,rollover,touch_contact,raw_touch_sensor_contact,touch_collision_plausible,moved_distance,speed_kmh,target_speed,throttle,brake,policy_steering,policy_drive,policy_steering_index,policy_drive_index,quantized_steering,quantized_drive,applied_steering,applied_drive,current_steering,steering_direction_streak,obstacle_turn_direction,obstacle_safety_active,obstacle_safety_action_delta,evader_steering_target,evader_steering_command_target,evader_steering_stabilization_active,evader_steering_stabilization_delta,evader_steering_commit_direction,evader_steering_commit_steps_left,pursuer_avoidance_active,pursuer_avoidance_obstacle_count,pursuer_avoidance_side,pursuer_avoidance_commit_steps_left,pursuer_return_to_chase_steps_left,pursuer_contact_active,pursuer_contact_source,pursuer_contact_memory_steps_left,pursuer_x,pursuer_y,pursuer_next_x,pursuer_next_y,pursuer_move_x,pursuer_move_y,pursuer_move_distance,pursuer_heading,pursuer_guidance_x,pursuer_guidance_y,pursuer_knows_exact_position,pursuer_target_x,pursuer_target_y,pursuer_lidar_avoidance_active,pursuer_lidar_front_distance,pursuer_lidar_left_distance,pursuer_lidar_right_distance,pursuer_lidar_danger_count,pursuer_planner_active,pursuer_planner_path_length,pursuer_planner_replan,pursuer_planner_stuck_recovery,pursuer_count,pursuer_direct_chase_hold_steps_left,pursuer_behavior_limited,pursuer_line_of_sight,pursuer_info_mode,pursuer_hint_refresh,pursuer_hint_age_seconds,timing_total_ms,timing_control_ms,timing_pursuer_ms,timing_webots_ms,timing_webots_max_step_ms,timing_webots_steps,timing_observation_ms,timing_reward_ms,timing_finish_ms,timing_display_ms
1,1,1,0.2592860913697272,0,0,2.0,2.0,0.9047709107398987,0.839264988899231,1.0,0.622501015663147,0.5171021819114685,0.5708703398704529,1.0,1.0,1.0,1.0,1.0,1.0,0.5171021819114685,0.839264988899231,0.5171021819114685,1.0,1.0,0.0,0.669582188129425,0.8535318374633789,1.0,0.786788284778595,0.0,0.0,0.0,0.0005079551483504474,-0.00010319720604456961,-1.0,0.0,0.0,0.0,0.0,0.0,0.0,130.17971801757812,12.927770614624023,20.98184585571289,12.927770614624023,25.0,25.0,0.0,1.0,0.5171108245849609,0.8392738342285156,0.0,0.0,0.0,0.0,0.0,1.000504674273543,0.15264095937615402,-1.4713595324452036,0.5774999901652337,0.0,-0.0,-0.009578733943701432,-1.3619978928745457e-05,0.00061492919921875,0.15,-0.0,0.0,0.0,-0.0,0.0,0.0,0.0,0.0,0.35,0.0,0.0,0.0,0.0,0.0,0.0,0.0,0.0,0.25,-0.0,0.00030517578125,0.0,0.0005046742735430598,-0.0,7.62939453125e-05,7.62939453125e-05,1.5,0.0006404680316336453,0.00042697868775576353,-3.0,0.0,-0.0,-0.0,-0.0,0.27999999523162844,0.3499999940395355,-0.0,0.0,-0.0,-0.0,0.0,0.0,0.0,0.011618384099565447,-0.052499999105930326,-0.0,-0.0,0.0,0.0,0.0,0.0,0.0,0.0,0.0,0.00042697868775576353,0.8365236551687121,23.26086922832157,0.4206521686004555,0.0,0.0,0.3499999940395355,2.0,2.0,0.0,0.3499999940395355,0.0,0.3499999940395355,0.0,0.0,0.0,0.0,0.0,0.0,0.0,0.0,0.0,0.0,0.0,0.0,0.0,0.0,0.0,0.0,0.0,0.0,0.0,0.0,0.0,0.0,0.0,0.0,0.0,0.0,0.0,0.0,0.0,0.0,0.0,0.0,0.0,28.0,28.0,28.0,0.0,0.0,0.0,0.0,0.0,1.0,0.0,1.0,0.0,0.0,0.0,0.04,51.73810000997037,0.7170999888330698,0.002500019036233425,44.42910000216216,21.815399988554418,4.0,3.432100056670606,2.26089998614043,0.8532999781891704,0.000800006091594696
1,2,2,-0.11692089140633,0,0,2.0,4.0,0.9047423005104065,0.8392738103866577,1.0,0.6224806308746338,0.5171108245849609,0.5730130672454834,1.0,1.0,1.0,1.0,1.0,1.0,0.5171108245849609,0.8392738103866577,0.5171108245849609,1.0,1.0,0.0,0.6695853471755981,0.8535300493240356,1.0,0.7867862582206726,0.011950338259339333,0.7261490225791931,0.0,-0.007118252571672201,8.154485158229363e-07,-1.0,0.0,0.0,0.0,0.0,0.0,0.0,130.18113708496094,12.927770614624023,20.98184585571289,12.927770614624023,25.0,25.0,0.0,1.0,0.5171108245849609,0.8392738342285156,0.0,0.0,0.0,0.0,0.0,1.0059500290080905,0.14040764607736983,-2.965778570068069,1.7025000035762787,0.0,-0.0,-0.009578733943701432,-1.3619978928745457e-05,0.0,0.15,-0.0,0.0,0.0,-0.0,0.0,0.0,0.0,0.0,0.35,0.0,0.0,0.0,0.0,0.0,0.0,0.0,0.0,0.25,-0.0,0.00567626953125,0.0,0.005950029008090496,-0.0,0.0014190673828125,0.0014190673828125,-0.05,0.004221429931931198,0.002814286621287465,-3.0,0.0,-0.0,-0.0,-0.0,0.8,1.0,-0.0,0.0,-0.0,-0.0,0.0,0.0,0.0,0.0,-0.09749999642372131,-0.0,-0.0,0.0,0.0,0.0,0.0,0.0,0.0,0.0,0.002814286621287465,0.44729510352015495,32.4,1.0,0.0,0.0,1.0,2.0,4.0,0.0,1.0,0.0,1.0,0.0,0.0,0.0,0.0,0.0,0.0,0.0,0.0,0.0,0.0,0.0,0.0,0.0,0.0,0.0,0.0,0.0,0.0,0.0,0.0,0.0,0.0,0.0,0.0,0.0,0.0,0.0,0.0,0.0,0.0,0.0,0.0,0.0,28.0,28.0,28.0,0.0,0.0,0.0,0.0,0.0,1.0,0.0,1.0,0.0,0.0,0.0,0.08,35.55819997563958,1.0082999942824244,0.001600012183189392,26.306399959139526,13.743499992415309,4.0,4.942100029438734,2.495399909093976,0.7461000932380557,0.0008998904377222061
1,3,3,0.009699146429400729,0,0,2.0,4.0,0.9047423005104065,0.8392738103866577,1.0,0.6224806308746338,0.5171108245849609,0.5730130672454834,1.0,1.0,1.0,1.0,1.0,1.0,0.5171108245849609,0.8392738103866577,0.5171108245849609,1.0,1.0,0.0,0.6696085333824158,0.8535270094871521,1.0,0.7867748141288757,0.006389929912984371,-0.3378719985485077,0.0,-0.007118252571672201,-3.065303462790325e-05,-1.0,0.0,0.0,0.0,0.0,0.0,0.0,130.1851348876953,12.929591178894043,20.981645584106445,12.929591178894043,25.0,25.0,0.0,1.0,0.5171836471557617,0.8392658233642578,0.0,0.0,0.0,0.0,0.0,1.0166460573673248,0.15289918380635603,-2.95984609474428,1.8,0.0,-0.0,-0.009573024884456958,-1.3619978928745457e-05,0.0013963699340820313,0.15,-0.0,0.0,0.0,-0.0,0.0,0.0,0.0,0.0,0.35,0.0,0.0,0.0,0.0,0.0,0.0,0.0,0.0,0.25,-0.0,0.0159912109375,0.0,0.01664605736732483,-0.0,0.003997802734375,0.003997802734375,-0.05,0.01015390525572002,0.006769270170480013,-3.0,0.0,-0.0,-0.0,-0.0,0.8,1.0,-0.0,0.0,-0.0,-0.0,0.0,0.0,0.0,0.011089458735659719,-0.0,-0.0,-0.0,0.0,0.0,0.0,0.0,0.0,0.0,0.0,0.006769270170480013,0.7984410289674998,32.4,1.0,0.0,0.0,1.0,2.0,4.0,0.0,1.0,0.0,1.0,0.0,0.0,0.0,0.0,0.0,0.0,0.0,0.0,0.0,0.0,0.0,0.0,0.0,0.0,0.0,0.0,0.0,0.0,0.0,0.0,0.0,0.0,0.0,0.0,0.0,0.0,0.0,0.0,0.0,0.0,0.0,0.0,0.0,28.0,28.0,28.0,0.0,0.0,0.0,0.0,0.0,1.0,0.0,1.0,0.0,0.0,0.0,0.12,51.351499976590276,0.6962999468669295,0.000600004568696022,42.82390000298619,24.501900072209537,4.0,4.215100081637502,2.612299984320998,0.9701999370008707,0.000500003807246685
1,4,4,0.025354712828503212,0,0,2.0,4.0,0.9047592878341675,0.8392658233642578,1.0,0.6225759387016296,0.5171836614608765,0.5714232921600342,1.0,1.0,1.0,1.0,1.0,1.0,0.5171836614608765,0.8392658233642578,0.5171836614608765,1.0,1.0,0.0,0.6696622967720032,0.8535271286964417,1.0,0.7867507934570312,0.011406300589442253,0.3048141598701477,0.0,0.00013750579091720283,-3.547403321135789e-05,-1.0,0.0,0.0,0.0,0.0,0.0,0.0,130.19122314453125,12.926047325134277,20.97283172607422,12.926047325134277,25.0,25.0,0.0,1.0,0.5170418930053711,0.8389132690429687,0.0,0.0,0.0,0.0,0.0,1.0264233704656363,0.1530478901038629,-2.954116547740996,1.8,0.0,-0.0,-0.009584141154316148,-1.3619978928745457e-05,-0.0030694198608398437,0.15,-0.0,0.0,0.0,-0.0,0.0,0.0,0.0,0.0,0.35,0.0,0.0,0.0,0.0,0.0,0.0,0.0,0.0,0.25,-0.0,0.02435302734375,0.0,0.026423370465636253,-0.0,0.0060882568359375,0.0060882568359375,-0.05,0.015883452259004116,0.01058896817266941,-3.0,0.0,-0.0,-0.0,-0.0,0.8,1.0,-0.0,0.0,-0.0,-0.0,0.0,0.0,0.0,0.015715071097947658,-0.0,-0.0,-0.0,0.0,0.0,0.0,0.0,0.0,0.0,0.0,0.01058896817266941,1.1314851190522315,32.4,1.0,0.0,0.0,1.0,2.0,4.0,0.0,1.0,0.0,1.0,0.0,0.0,0.0,0.0,0.0,0.0,0.0,0.0,0.0,0.0,0.0,0.0,0.0,0.0,0.0,0.0,0.0,0.0,0.0,0.0,0.0,0.0,0.0,0.0,0.0,0.0,0.0,0.0,0.0,0.0,0.0,0.0,0.0,28.0,28.0,28.0,0.0,0.0,0.0,0.0,0.0,1.0,0.0,1.0,0.0,0.0,0.0,0.16,38.649900001473725,0.6431998917832971,0.000700005330145359,30.10780003387481,15.397700015455484,4.0,4.7302000457420945,2.3246000055223703,0.7938999915495515,0.000500003807246685
1,5,5,-0.5655538562131361,0,0,2.0,3.0,0.904375433921814,0.8389132618904114,1.0,0.6224094033241272,0.5170419216156006,0.5864452719688416,1.0,1.0,1.0,1.0,1.0,1.0,0.5170419216156006,0.8389132618904114,0.5170419216156006,1.0,1.0,0.0,0.6697428226470947,0.8535284399986267,1.0,0.7867152094841003,0.01616407372057438,0.2891007661819458,0.0,2.283832145622e-05,-3.54342810169328e-05,-1.0,0.0,0.0,0.0,0.0,0.0,0.0,130.1991424560547,12.926047325134277,20.97283172607422,12.926047325134277,25.0,25.0,0.0,1.0,0.5170418930053711,0.8389132690429687,0.0,0.0,0.0,0.0,0.0,1.0339620299637318,0.15906350150655332,-2.97357936443761,1.2149999767541886,0.0,-0.0,-0.009584141154316148,-1.3619978928745457e-05,0.0,0.15,-0.0,0.0,0.0,-0.0,0.0,0.0,0.0,0.0,0.35,0.0,0.0,0.0,0.0,0.0,0.0,0.0,0.0,0.25,-0.0,0.03167724609375,0.0,0.033962029963731766,-0.0,0.0079193115234375,0.0079193115234375,-0.05,0.020420636516064405,0.01361375767737627,-3.0,0.0,-0.0,-0.0,-0.0,0.5599999904632569,0.699999988079071,-0.0,0.0,-0.0,-0.0,0.0,0.0,0.0,0.018661262639798223,-0.04500000178813934,-0.0,-0.0,0.0,0.0,0.0,0.0,0.0,0.0,0.0,0.01361375767737627,1.343610910065472,32.4,0.7326086850269979,0.0,0.0,0.699999988079071,2.0,3.0,0.0,0.699999988079071,0.0,0.699999988079071,0.0,0.0,0.0,0.0,0.0,0.0,0.0,0.0,0.0,0.0,0.0,0.0,0.0,0.0,0.0,0.0,0.0,0.0,0.0,0.0,0.0,0.0,0.0,0.0,0.0,0.0,0.0,0.0,0.0,0.0,0.0,0.0,0.0,28.0,28.0,28.0,0.0,0.0,0.0,0.0,0.0,1.0,0.0,1.0,0.0,0.0,0.0,0.2,36.22769995126873,0.596800004132092,0.000500003807246685,26.70289995148778,15.027399989776313,4.0,5.783399916253984,2.3725000210106373,0.7294999668374658,0.000400003045797348
1,6,6,0.007429966344566052,0,0,2.0,4.0,0.904375433921814,0.8389132618904114,1.0,0.6224094033241272,0.5170419216156006,0.5864452719688416,1.0,1.0,1.0,1.0,1.0,1.0,0.5170419216156006,0.8389132618904114,0.5170419216156006,1.0,1.0,0.0,0.6698474884033203,0.85353022813797,1.0,0.7866690158843994,0.01919444091618061,0.18413697183132172,0.0,2.283832145622e-05,-3.42262392223347e-05,-1.0,0.0,0.0,0.0,0.0,0.0,0.0,130.20909118652344,12.918575286865234,20.950889587402344,12.918575286865234,25.0,25.0,0.0,1.0,0.5167430114746093,0.8380355834960938,0.0,0.0,0.0,0.0,0.0,1.041772898286581,0.15545379900846,-2.9447967291623356,1.7549999982118607,0.0,-0.0,-0.009607622329060908,-1.3619978928745457e-05,-0.007479286193847656,0.15,-0.0,0.0,0.0,-0.0,0.0,0.0,0.0,0.0,0.35,0.0,0.0,0.0,0.0,0.0,0.0,0.0,0.0,0.25,-0.0,0.039794921875,0.0,0.04177289828658104,-0.0,0.00994873046875,0.00994873046875,-0.05,0.025203270837664604,0.01680218055844307,-3.0,0.0,-0.0,-0.0,-0.0,0.8,1.0,-0.0,0.0,-0.0,-0.0,0.0,0.0,0.0,0.0225543275102973,-0.04500000178813934,-0.0,-0.0,0.0,0.0,0.0,0.0,0.0,0.0,0.0,0.01680218055844307,1.6239115807414055,32.4,1.0,0.0,0.0,1.0,2.0,4.0,0.0,1.0,0.0,1.0,0.0,0.0,0.0,0.0,0.0,0.0,0.0,0.0,0.0,0.0,0.0,0.0,0.0,0.0,0.0,0.0,0.0,0.0,0.0,0.0,0.0,0.0,0.0,0.0,0.0,0.0,0.0,0.0,0.0,0.0,0.0,0.0,0.0,28.0,28.0,28.0,0.0,0.0,0.0,0.0,0.0,1.0,0.0,1.0,0.0,0.0,0.0,0.24,46.79270007181913,0.6658000638708472,0.000500003807246685,39.96759990695864,16.985499998554587,4.0,3.5664000315591693,1.9472999265417457,0.6061000749468803,0.000300002284348011
1,7,7,0.07792883293244346,0,0,2.0,4.0,0.9034307599067688,0.8380355834960938,1.0,0.6220384836196899,0.516743004322052,0.6169387102127075,1.0,1.0,1.0,1.0,1.0,1.0,0.516743004322052,0.8380355834960938,0.516743004322052,1.0,1.0,0.0,0.6699799299240112,0.8535317182540894,1.0,0.7866102457046509,0.02319873683154583,0.24331656098365784,0.0,2.3513863197877072e-05,-3.393593578948639e-05,-1.0,0.0,0.0,0.0,0.0,0.0,0.0,130.22140502929688,12.918575286865234,20.950889587402344,12.918575286865234,25.0,25.0,0.0,1.0,0.5167430114746093,0.8380355834960938,0.0,0.0,0.0,0.0,0.0,1.0505596585571766,0.16676343166741842,-2.9393942572921516,1.8,0.0,-0.0,-0.009607622329060908,-1.3619978928745457e-05,0.0,0.15,-0.0,0.0,0.0,-0.0,0.0,0.0,0.0,0.0,0.35,0.0,0.0,0.0,0.0,0.0,0.0,0.0,0.0,0.25,-0.0,0.04925537109375,0.0,0.05055965855717659,-0.0,0.0123138427734375,0.0123138427734375,-0.05,0.03060574270784855,0.020403828471899033,-3.0,0.0,-0.0,-0.0,-0.0,0.8,1.0,-0.0,0.0,-0.0,-0.0,0.0,0.0,0.0,0.02638467397540808,-0.0,-0.0,-0.0,0.0,0.0,0.0,0.0,0.0,0.0,0.0,0.020403828471899033,1.8996965262293817,32.4,1.0,0.0,0.0,1.0,2.0,4.0,0.0,1.0,0.0,1.0,0.0,0.0,0.0,0.0,0.0,0.0,0.0,0.0,0.0,0.0,0.0,0.0,0.0,0.0,0.0,0.0,0.0,0.0,0.0,0.0,0.0,0.0,0.0,0.0,0.0,0.0,0.0,0.0,0.0,0.0,0.0,0.0,0.0,28.0,28.0,28.0,0.0,0.0,0.0,0.0,0.0,1.0,0.0,1.0,0.0,0.0,0.0,0.28,15.107200015336275,0.41660002898424864,0.000500003807246685,7.8489999286830425,2.3059999803081155,4.0,3.9287999970838428,2.2487000096589327,0.631400034762919,0.000500003807246685
1,8,8,0.08321556292949661,0,0,2.0,4.0,0.9034307599067688,0.8380355834960938,1.0,0.6220384836196899,0.516743004322052,0.6169387102127075,1.0,1.0,1.0,1.0,1.0,1.0,0.516743004322052,0.8380355834960938,0.516743004322052,1.0,1.0,0.0,0.6701449155807495,0.8535325527191162,1.0,0.786536693572998,0.027138521894812584,0.23939666152000427,0.0,2.3513863197877072e-05,-3.367317185620777e-05,-1.0,0.0,0.0,0.0,0.0,0.0,0.0,130.23617553710938,12.906523704528809,20.91162872314453,12.906523704528809,25.0,25.0,0.0,1.0,0.5162609481811523,0.8364651489257813,0.0,0.0,0.0,0.0,0.0,1.0595156401395798,0.15759026483176714,-2.9338903420418503,1.8,0.0,-0.0,-0.009645618352924955,-1.3619978928745457e-05,-0.013224449157714844,0.15,-0.0,0.0,0.0,-0.0,0.0,0.0,0.0,0.0,0.35,0.0,0.0,0.0,0.0,0.0,0.0,0.0,0.0,0.25,-0.0,0.05908203125,0.0,0.05951564013957977,-0.0,0.0147705078125,0.0147705078125,-0.05,0.03610965795814991,0.024073105305433273,-3.0,0.0,-0.0,-0.0,-0.0,0.8,1.0,-0.0,0.0,-0.0,-0.0,0.0,0.0,0.0,0.030473952321335675,-0.0,-0.0,-0.0,0.0,0.0,0.0,0.0,0.0,0.0,0.0,0.024073105305433273,2.1941245671361687,32.4,1.0,0.0,0.0,1.0,2.0,4.0,0.0,1.0,0.0,1.0,0.0,0.0,0.0,0.0,0.0,0.0,0.0,0.0,0.0,0.0,0.0,0.0,0.0,0.0,0.0,0.0,0.0,0.0,0.0,0.0,0.0,0.0,0.0,0.0,0.0,0.0,0.0,0.0,0.0,0.0,0.0,0.0,0.0,28.0,28.0,28.0,0.0,0.0,0.0,0.0,0.0,1.0,0.0,1.0,0.0,0.0,0.0,0.32,45.38460006006062,0.543600064702332,0.000600004568696022,36.67810000479221,17.796600004658103,4.0,5.100599955767393,2.159200026653707,0.8715000003576279,0.000500003807246685
1,9,9,0.11580430446668011,0,0,2.0,4.0,0.9017345309257507,0.8364651203155518,1.0,0.6214571595191956,0.5162609219551086,0.6715101003646851,1.0,1.0,1.0,1.0,1.0,1.0,0.5162609219551086,0.8364651203155518,0.5162609219551086,1.0,1.0,0.0,0.6703444719314575,0.8535323739051819,1.0,0.786447286605835,0.031344637274742126,0.2555798888206482,0.0,2.8930671192028967e-07,-3.335197834530845e-05,-1.0,0.0,0.0,0.0,0.0,0.0,0.0,130.25355529785156,12.906523704528809,20.91162872314453,12.906523704528809,25.0,25.0,0.0,1.0,0.5162609481811523,0.8364651489257813,0.0,0.0,0.0,0.0,0.0,1.0687377452850342,0.17531533277137643,-2.9282487735897305,1.8,0.0,-0.0,-0.009645618352924955,-1.3619978928745457e-05,0.0,0.15,-0.0,0.0,0.0,-0.0,0.0,0.0,0.0,0.0,0.35,0.0,0.0,0.0,0.0,0.0,0.0,0.0,0.0,0.25,-0.0,0.06951904296875,0.0,0.06873774528503418,-0.0,0.0173797607421875,0.0173797607421875,-0.05,0.04175122641026974,0.027834150940179825,-3.0,0.0,-0.0,-0.0,-0.0,0.8,1.0,-0.0,0.0,-0.0,-0.0,0.0,0.0,0.0,0.03497457110323012,-0.0,-0.0,-0.0,0.0,0.0,0.0,0.0,0.0,0.0,0.0,0.027834150940179825,2.5181691194325686,32.4,1.0,0.0,0.0,1.0,2.0,4.0,0.0,1.0,0.0,1.0,0.0,0.0,0.0,0.0,0.0,0.0,0.0,0.0,0.0,0.0,0.0,0.0,0.0,0.0,0.0,0.0,0.0,0.0,0.0,0.0,0.0,0.0,0.0,0.0,0.0,0.0,0.0,0.0,0.0,0.0,0.0,0.0,0.0,28.0,28.0,28.0,0.0,0.0,0.0,0.0,0.0,1.0,0.0,1.0,0.0,0.0,0.0,0.36,27.847599936649203,0.4288000054657459,0.000500003807246685,20.26389993261546,10.059199994429946,4.0,4.3787999311462045,2.1394999930635095,0.5933999782428145,0.000400003045797348
1,10,10,-0.4946675485181562,0,0,2.0,3.0,0.9017345309257507,0.8364651203155518,1.0,0.6214571595191956,0.5162609219551086,0.6715101003646851,1.0,1.0,1.0,1.0,1.0,1.0,0.5162609219551086,0.8364651203155518,0.5162609219551086,1.0,1.0,0.0,0.6705805659294128,0.8535311222076416,1.0,0.7863411903381348,0.035973843187093735,0.28128868341445923,0.0,2.8930671192028967e-07,-3.3253356377827004e-05,-1.0,0.0,0.0,0.0,0.0,0.0,0.0,130.27316284179688,12.890501022338867,20.858837127685547,12.890501022338867,25.0,25.0,0.0,1.0,0.5156200408935547,0.8343534851074219,0.0,0.0,0.0,0.0,0.0,1.076611913740635,0.16118064528378329,-2.947460084296763,1.2149999767541886,0.0,-0.0,-0.009696371339704593,-1.3619978928745457e-05,-0.01776020050048828,0.15,-0.0,0.0,0.0,-0.0,0.0,0.0,0.0,0.0,0.35,0.0,0.0,0.0,0.0,0.0,0.0,0.0,0.0,0.25,-0.0,0.07843017578125,0.0,0.07661191374063492,-0.0,0.0196075439453125,0.0196075439453125,-0.05,0.04653991665691137,0.031026611104607582,-3.0,0.0,-0.0,-0.0,-0.0,0.5599999904632569,0.699999988079071,-0.0,0.0,-0.0,-0.0,0.0,0.0,0.0,0.03865083710290492,-0.04500000178813934,-0.0,-0.0,0.0,0.0,0.0,0.0,0.0,0.0,0.0,0.031026611104607582,2.782860271409154,32.4,0.7326086850269979,0.0,0.0,0.699999988079071,2.0,3.0,0.0,0.699999988079071,0.0,0.699999988079071,0.0,0.0,0.0,0.0,0.0,0.0,0.0,0.0,0.0,0.0,0.0,0.0,0.0,0.0,0.0,0.0,0.0,0.0,0.0,0.0,0.0,0.0,0.0,0.0,0.0,0.0,0.0,0.0,0.0,0.0,0.0,0.0,0.0,28.0,28.0,28.0,0.0,0.0,0.0,0.0,0.0,1.0,0.0,1.0,0.0,0.0,0.0,0.4,55.168299935758114,0.4164999118074775,0.000500003807246685,46.77140002604574,24.82310007326305,4.0,4.651800030842423,2.5496999733150005,0.7483999943360686,0.000500003807246685
1,11,11,0.08553872424588338,0,0,2.0,4.0,0.899456262588501,0.834353506565094,1.0,0.6206779479980469,0.5156200528144836,0.74530029296875,1.0,1.0,1.0,1.0,1.0,1.0,0.5156200528144836,0.834353506565094,0.5156200528144836,1.0,1.0,0.0,0.6708472967147827,0.8535292148590088,1.0,0.7862211465835571,0.03975514695048332,0.2297666221857071,0.0,-1.810226535781112e-06,-3.3422951673856005e-05,-1.0,0.0,0.0,0.0,0.0,0.0,0.0,130.2949981689453,12.871983528137207,20.797664642333984,12.871983528137207,25.0,25.0,0.0,1.0,0.5148793411254883,0.8319065856933594,0.0,0.0,0.0,0.0,0.0,1.0852535963058472,0.16351989272461087,-2.9182347629964354,1.7549999982118607,0.0,-0.0,-0.009755365480272294,-1.3619978928745457e-05,-0.02057384490966797,0.15,-0.0,0.0,0.0,-0.0,0.0,0.0,0.0,0.0,0.35,0.0,0.0,0.0,0.0,0.0,0.0,0.0,0.0,0.25,-0.0,0.08734130859375,0.0,0.08525359630584717,-0.0,0.0218353271484375,0.0218353271484375,-0.05,0.051765237003564835,0.034510158002376556,-3.0,0.0,-0.0,-0.0,-0.0,0.8,1.0,-0.0,0.0,-0.0,-0.0,0.0,0.0,0.0,0.043862723093479876,-0.04500000178813934,-0.0,-0.0,0.0,0.0,0.0,0.0,0.0,0.0,0.0,0.034510158002376556,3.1581160627305507,32.4,1.0,0.0,0.0,1.0,2.0,4.0,0.0,1.0,0.0,1.0,0.0,0.0,0.0,0.0,0.0,0.0,0.0,0.0,0.0,0.0,0.0,0.0,0.0,0.0,0.0,0.0,0.0,0.0,0.0,0.0,0.0,0.0,0.0,0.0,0.0,0.0,0.0,0.0,0.0,0.0,0.0,0.0,0.0,28.0,28.0,28.0,0.0,0.0,0.0,0.0,0.0,1.0,0.0,1.0,0.0,0.0,0.0,0.44,48.74690005090088,0.668700085952878,0.0006998889148235321,39.52340001706034,19.793299958109856,4.0,4.663800005801022,3.05049994494766,0.797600019723177,0.000500003807246685
1,12,12,0.17194723984637084,0,0,2.0,4.0,0.8968198895454407,0.8319065570831299,1.0,0.6197929978370667,0.5148793458938599,0.8319454789161682,1.0,1.0,1.0,1.0,1.0,1.0,0.5148793458938599,0.8319065570831299,0.5148793458938599,1.0,1.0,0.0,0.6711443066596985,0.853527307510376,1.0,0.7860875725746155,0.04511594399809837,0.3257428705692291,0.0,9.43362738325959e-06,-3.426745024626143e-05,-1.0,0.0,0.0,0.0,0.0,0.0,0.0,130.3191680908203,12.871983528137207,20.797664642333984,12.871983528137207,25.0,25.0,0.0,1.0,0.5148793411254883,0.8319065856933594,0.0,0.0,0.0,0.0,0.0,1.0949467048048973,0.18939142397084086,-2.9123908889293673,1.8,0.0,-0.0,-0.009755365480272294,-1.3619978928745457e-05,0.0,0.15,-0.0,0.0,0.0,-0.0,0.0,0.0,0.0,0.0,0.35,0.0,0.0,0.0,0.0,0.0,0.0,0.0,0.0,0.25,-0.0,0.0966796875,0.0,0.09494670480489731,-0.0,0.024169921875,0.024169921875,-0.05,0.057609111070632935,0.03840607404708862,-3.0,0.0,-0.0,-0.0,-0.0,0.8,1.0,-0.0,0.0,-0.0,-0.0,0.0,0.0,0.0,0.04916040943004191,-0.0,-0.0,-0.0,0.0,0.0,0.0,0.0,0.0,0.0,0.0,0.03840607404708862,3.5395494789630173,32.4,1.0,0.0,0.0,1.0,2.0,4.0,0.0,1.0,0.0,1.0,0.0,0.0,0.0,0.0,0.0,0.0,0.0,0.0,0.0,0.0,0.0,0.0,0.0,0.0,0.0,0.0,0.0,0.0,0.0,0.0,0.0,0.0,0.0,0.0,0.0,0.0,0.0,0.0,0.0,0.0,0.0,0.0,0.0,28.0,28.0,28.0,0.0,0.0,0.0,0.0,0.0,1.0,0.0,1.0,0.0,0.0,0.0,0.48,25.713499984703958,0.7159999804571271,0.000600004568696022,18.995899939909577,6.7177999299019575,4.0,3.4658999647945166,1.694299979135394,0.8024000562727451,0.000500003807246685
1,13,13,0.1692071979630161,0,0,2.0,4.0,0.8968198895454407,0.8319065570831299,1.0,0.6197929978370667,0.5148793458938599,0.8319454789161682,1.0,1.0,1.0,1.0,1.0,1.0,0.5148793458938599,0.8319065570831299,0.5148793458938599,1.0,1.0,0.0,0.6714715957641602,0.8535261750221252,1.0,0.7859407067298889,0.05056499317288399,0.33110538125038147,0.0,9.43362738325959e-06,-3.5061882954323664e-05,-1.0,0.0,0.0,0.0,0.0,0.0,0.0,130.34556579589844,12.850776672363281,20.72834014892578,12.850776672363281,25.0,25.0,0.0,1.0,0.5140310668945313,0.8291336059570312,0.0,0.0,0.0,0.0,0.0,1.1045861691236496,0.1712062763559987,-2.9065852475166323,1.8,0.0,-0.0,-0.009823376377340503,-1.3619978928745457e-05,-0.02334217071533203,0.15,-0.0,0.0,0.0,-0.0,0.0,0.0,0.0,0.0,0.35,0.0,0.0,0.0,0.0,0.0,0.0,0.0,0.0,0.25,-0.0,0.1055908203125,0.0,0.1045861691236496,-0.0,0.026397705078125,0.026397705078125,-0.05,0.06341475248336792,0.04227650165557861,-3.0,0.0,-0.0,-0.0,-0.0,0.8,1.0,-0.0,0.0,-0.0,-0.0,0.0,0.0,0.0,0.05438544342759997,-0.0,-0.0,-0.0,0.0,0.0,0.0,0.0,0.0,0.0,0.0,0.04227650165557861,3.915751926787198,32.4,1.0,0.0,0.0,1.0,2.0,4.0,0.0,1.0,0.0,1.0,0.0,0.0,0.0,0.0,0.0,0.0,0.0,0.0,0.0,0.0,0.0,0.0,0.0,0.0,0.0,0.0,0.0,0.0,0.0,0.0,0.0,0.0,0.0,0.0,0.0,0.0,0.0,0.0,0.0,0.0,0.0,0.0,0.0,28.0,28.0,28.0,0.0,0.0,0.0,0.0,0.0,1.0,0.0,1.0,0.0,0.0,0.0,0.52,63.55650001205504,0.7535000331699848,0.0004998873919248581,55.18660007510334,26.05400001630187,4.0,4.386199987493455,2.681200043298304,0.5180999869480729,0.000300002284348011
1,14,14,0.21283398778619045,0,0,2.0,4.0,0.8938310146331787,0.8291336297988892,1.0,0.6187846660614014,0.5140310525894165,0.9289160966873169,1.0,1.0,1.0,1.0,1.0,1.0,0.5140310525894165,0.8291336297988892,0.5140310525894165,1.0,1.0,0.0,0.6718273758888245,0.8535259962081909,1.0,0.7857814431190491,0.055939313024282455,0.32656461000442505,0.0,7.042386187094962e-06,-3.56521995854564e-05,-1.0,0.0,0.0,0.0,0.0,0.0,0.0,130.3740997314453,12.850776672363281,20.72834014892578,12.850776672363281,25.0,25.0,0.0,1.0,0.5140310668945313,0.8291336059570312,0.0,0.0,0.0,0.0,0.0,1.114126205444336,0.19954644174756306,-2.9008386594057085,1.8,0.0,-0.0,-0.009823376377340503,-1.3619978928745457e-05,0.0,0.15,-0.0,0.0,0.0,-0.0,0.0,0.0,0.0,0.0,0.35,0.0,0.0,0.0,0.0,0.0,0.0,0.0,0.0,0.25,-0.0,0.1141357421875,0.0,0.11412620544433594,-0.0,0.028533935546875,0.028533935546875,-0.05,0.06916134059429169,0.04610756039619446,-3.0,0.0,-0.0,-0.0,-0.0,0.8,1.0,-0.0,0.0,-0.0,-0.0,0.0,0.0,0.0,0.059383438103832314,-0.0,-0.0,-0.0,0.0,0.0,0.0,0.0,0.0,0.0,0.0,0.04610756039619446,4.275607543475926,32.4,1.0,0.0,0.0,1.0,2.0,4.0,0.0,1.0,0.0,1.0,0.0,0.0,0.0,0.0,0.0,0.0,0.0,0.0,0.0,0.0,0.0,0.0,0.0,0.0,0.0,0.0,0.0,0.0,0.0,0.0,0.0,0.0,0.0,0.0,0.0,0.0,0.0,0.0,0.0,0.0,0.0,0.0,0.0,28.0,28.0,28.0,0.0,0.0,0.0,0.0,0.0,1.0,0.0,1.0,0.0,0.0,0.0,0.56,21.83149999473244,0.390100060030818,0.000500003807246685,14.30810010060668,9.692799998447299,4.0,4.261499969288707,2.068700036033988,0.776899978518486,0.000400003045797348
1,15,15,0.20613421040881597,0,0,2.0,4.0,0.8938310146331787,0.8291336297988892,1.0,0.6187846660614014,0.5140310525894165,0.9289160966873169,1.0,1.0,1.0,1.0,1.0,1.0,0.5140310525894165,0.8291336297988892,0.5140310525894165,1.0,1.0,0.0,0.6722109913825989,0.8535265326499939,1.0,0.7856099605560303,0.06108010932803154,0.31237468123435974,0.0,7.042386187094962e-06,-3.601218486437574e-05,-1.0,0.0,0.0,0.0,0.0,0.0,0.0,130.40481567382812,12.826408386230469,20.649845123291016,12.826408386230469,25.0,25.0,0.0,1.0,0.5130563354492188,0.8259938049316407,0.0,0.0,0.0,0.0,0.0,1.1235456466674805,0.17775149005759705,-2.8951629263162615,1.8,0.0,-0.0,-0.009902121984232307,-1.3619978928745457e-05,-0.026472702026367187,0.15,-0.0,0.0,0.0,-0.0,0.0,0.0,0.0,0.0,0.35,0.0,0.0,0.0,0.0,0.0,0.0,0.0,0.0,0.25,-0.0,0.12286376953125,0.0,0.12354564666748047,-0.0,0.0307159423828125,0.0307159423828125,-0.05,0.07483707368373871,0.049891382455825806,-3.0,0.0,-0.0,-0.0,-0.0,0.8,1.0,-0.0,0.0,-0.0,-0.0,0.0,0.0,0.0,0.06413993404712529,-0.0,-0.0,-0.0,0.0,0.0,0.0,0.0,0.0,0.0,0.0,0.049891382455825806,4.61807525139302,32.4,1.0,0.0,0.0,1.0,2.0,4.0,0.0,1.0,0.0,1.0,0.0,0.0,0.0,0.0,0.0,0.0,0.0,0.0,0.0,0.0,0.0,0.0,0.0,0.0,0.0,0.0,0.0,0.0,0.0,0.0,0.0,0.0,0.0,0.0,0.0,0.0,0.0,0.0,0.0,0.0,0.0,0.0,0.0,28.0,28.0,28.0,0.0,0.0,0.0,0.0,0.0,1.0,0.0,1.0,0.0,0.0,0.0,0.6,45.11289997026324,0.6154000293463469,0.000500003807246685,36.97359992656857,24.183900095522404,4.0,4.265299998223782,2.6669999351724982,0.5499999970197678,0.000500003807246685
1,16,16,0.2520894319221023,0,0,2.0,4.0,0.8904520273208618,0.8259937763214111,1.0,0.6176082491874695,0.5130563378334045,1.0,1.0,1.0,1.0,1.0,1.0,1.0,0.5130563378334045,0.8259937763214111,0.5130563378334045,1.0,1.0,0.0,0.6726233959197998,0.8535274863243103,1.0,0.7854258418083191,0.06597250699996948,0.2972809970378876,0.0,3.892861059284769e-06,-3.6238729080650955e-05,-1.0,0.0,0.0,0.0,0.0,0.0,0.0,130.43772888183594,12.826408386230469,20.649845123291016,12.826408386230469,25.0,25.0,0.0,1.0,0.5130563354492188,0.8259938049316407,0.0,0.0,0.0,0.0,0.0,1.1328565925359726,0.208786283175612,-2.8895534437894823,1.8,0.0,-0.0,-0.009902121984232307,-1.3619978928745457e-05,0.0,0.15,-0.0,0.0,0.0,-0.0,0.0,0.0,0.0,0.0,0.35,0.0,0.0,0.0,0.0,0.0,0.0,0.0,0.0,0.25,-0.0,0.13165283203125,0.0,0.1328565925359726,-0.0,0.0329132080078125,0.0329132080078125,-0.05,0.08044655621051788,0.05363103747367859,-3.0,0.0,-0.0,-0.0,-0.0,0.8,1.0,-0.0,0.0,-0.0,-0.0,0.0,0.0,0.0,0.06870202513877303,-0.0,-0.0,-0.0,0.0,0.0,0.0,0.0,0.0,0.0,0.0,0.05363103747367859,4.946545809991658,32.4,1.0,0.0,0.0,1.0,2.0,4.0,0.0,1.0,0.0,1.0,0.0,0.0,0.0,0.0,0.0,0.0,0.0,0.0,0.0,0.0,0.0,0.0,0.0,0.0,0.0,0.0,0.0,0.0,0.0,0.0,0.0,0.0,0.0,0.0,0.0,0.0,0.0,0.0,0.0,0.0,0.0,0.0,0.0,28.0,28.0,28.0,0.0,0.0,0.0,0.0,0.0,1.0,0.0,1.0,0.0,0.0,0.0,0.64,14.6011000033468,0.41719991713762283,0.000800006091594696,6.734600057825446,2.0812000147998333,4.0,4.557300009764731,2.1847999887540936,0.6819000700488687,0.000400003045797348
1,17,17,-0.36454396520293986,0,0,2.0,3.0,0.8904520273208618,0.8259937763214111,1.0,0.6176082491874695,0.5130563378334045,1.0,1.0,1.0,1.0,1.0,1.0,1.0,0.5130563378334045,0.8259937763214111,0.5130563378334045,1.0,1.0,0.0,0.6730654239654541,0.8535284399986267,1.0,0.785228431224823,0.07066494226455688,0.28513067960739136,0.0,3.892861059284769e-06,-3.643650416051969e-05,-1.0,0.0,0.0,0.0,0.0,0.0,0.0,130.47256469726562,12.8313627243042,20.559690475463867,12.8313627243042,25.0,25.0,0.0,1.0,0.513254508972168,0.8223876190185547,0.0,0.0,0.0,0.0,0.0,1.140503779053688,0.18890761281810958,-2.908955333828926,1.2149999767541886,0.0,-0.0,-0.00988606030045026,-1.3619978928745457e-05,-0.023082923889160157,0.15,-0.0,0.0,0.0,-0.0,0.0,0.0,0.0,0.0,0.35,0.0,0.0,0.0,0.0,0.0,0.0,0.0,0.0,0.25,-0.0,0.13934326171875,0.0,0.14050377905368805,-0.0,0.0348358154296875,0.0348358154296875,-0.05,0.08504466712474823,0.05669644474983215,-3.0,0.0,-0.0,-0.0,-0.0,0.5599999904632569,0.699999988079071,-0.0,0.0,-0.0,-0.0,0.0,0.0,0.0,0.07189021698664874,-0.04500000178813934,-0.0,-0.0,0.0,0.0,0.0,0.0,0.0,0.0,0.0,0.05669644474983215,5.176095623038709,32.4,0.7326086850269979,0.0,0.0,0.699999988079071,2.0,3.0,0.0,0.699999988079071,0.0,0.699999988079071,0.0,0.0,0.0,0.0,0.0,0.0,0.0,0.0,0.0,0.0,0.0,0.0,0.0,0.0,0.0,0.0,0.0,0.0,0.0,0.0,0.0,0.0,0.0,0.0,0.0,0.0,0.0,0.0,0.0,0.0,0.0,0.0,0.0,28.0,28.0,28.0,0.0,0.0,0.0,0.0,0.0,1.0,0.0,1.0,0.0,0.0,0.0,0.68,48.464099992997944,0.5660000024363399,0.0006998889148235321,42.11879998911172,26.364399935118854,4.0,3.128299955278635,1.8506000051274896,0.7662000134587288,0.000500003807246685
1,18,18,0.20581447742265713,0,0,2.0,4.0,0.8865655660629272,0.8223876357078552,1.0,0.616254985332489,0.5132545232772827,1.0,1.0,1.0,1.0,1.0,1.0,1.0,0.5132545232772827,0.8223876357078552,0.5132545232772827,1.0,1.0,0.0,0.6735332012176514,0.8535292148590088,1.0,0.7850194573402405,0.07394422590732574,0.19926199316978455,0.0,1.4585372127839946e-06,-3.651500810519792e-05,-1.0,0.0,0.0,0.0,0.0,0.0,0.0,130.509521484375,12.799873352050781,20.458208084106445,12.799873352050781,25.0,25.0,0.0,1.0,0.5119949340820312,0.8183283233642578,0.0,0.0,0.0,0.0,0.0,1.1487499326467514,0.18206467709821733,-2.8800001305341723,1.7549999982118607,0.0,-0.0,-0.009988600002202499,-1.3619978928745457e-05,-0.034223442077636716,0.15,-0.0,0.0,0.0,-0.0,0.0,0.0,0.0,0.0,0.35,0.0,0.0,0.0,0.0,0.0,0.0,0.0,0.0,0.25,-0.0,0.1478271484375,0.0,0.1487499326467514,-0.0,0.036956787109375,0.036956787109375,-0.05,0.08999986946582794,0.05999991297721863,-3.0,0.0,-0.0,-0.0,-0.0,0.8,1.0,-0.0,0.0,-0.0,-0.0,0.0,0.0,0.0,0.0762903391569853,-0.04500000178813934,-0.0,-0.0,0.0,0.0,0.0,0.0,0.0,0.0,0.0,0.05999991297721863,5.492904419302941,32.4,1.0,0.0,0.0,1.0,2.0,4.0,0.0,1.0,0.0,1.0,0.0,0.0,0.0,0.0,0.0,0.0,0.0,0.0,0.0,0.0,0.0,0.0,0.0,0.0,0.0,0.0,0.0,0.0,0.0,0.0,0.0,0.0,0.0,0.0,0.0,0.0,0.0,0.0,0.0,0.0,0.0,0.0,0.0,28.0,28.0,28.0,0.0,0.0,0.0,0.0,0.0,1.0,0.0,1.0,0.0,0.0,0.0,0.72,44.08330004662275,0.6636000471189618,0.000500003807246685,38.29479997511953,18.328099977225065,4.0,2.7348999865353107,1.57919991761446,0.7726000621914864,0.000200001522898674
1,19,19,0.30433890950252374,0,0,2.0,4.0,0.8821901679039001,0.818328320980072,0.996797502040863,0.6147506237030029,0.5119949579238892,1.0,1.0,1.0,1.0,1.0,1.0,1.0,0.5119949579238892,0.818328320980072,0.5119949579238892,1.0,1.0,0.0,0.6740294694900513,0.8535297513008118,1.0,0.784797728061676,0.07847006618976593,0.2750076353549957,0.0,4.067833287990652e-06,-3.6841236578766257e-05,-1.0,0.0,0.0,0.0,0.0,0.0,0.0,130.5488739013672,12.799873352050781,20.458208084106445,12.799873352050781,25.0,25.0,0.0,1.0,0.5119949340820312,0.8183283233642578,0.0,0.0,0.0,0.0,0.0,1.1580302566289902,0.2207374329524216,-2.874428780078888,1.8,0.0,-0.0,-0.009988600002202499,-1.3619978928745457e-05,0.0,0.15,-0.0,0.0,0.0,-0.0,0.0,0.0,0.0,0.0,0.35,0.0,0.0,0.0,0.0,0.0,0.0,0.0,0.0,0.25,-0.0,0.15740966796875,0.0,0.15803025662899017,-0.0,0.0393524169921875,0.0393524169921875,-0.05,0.09557121992111206,0.06371414661407471,-3.0,0.0,-0.0,-0.0,-0.0,0.8,1.0,-0.0,0.0,-0.0,-0.0,0.0,0.0,0.0,0.08073965293355286,-0.0,-0.0,-0.0,0.0,0.0,0.0,0.0,0.0,0.0,0.0,0.06371414661407471,5.813255011215806,32.4,1.0,0.0,0.0,1.0,2.0,4.0,0.0,1.0,0.0,1.0,0.0,0.0,0.0,0.0,0.0,0.0,0.0,0.0,0.0,0.0,0.0,0.0,0.0,0.0,0.0,0.0,0.0,0.0,0.0,0.0,0.0,0.0,0.0,0.0,0.0,0.0,0.0,0.0,0.0,0.0,0.0,0.0,0.0,28.0,28.0,28.0,0.0,0.0,0.0,0.0,0.0,1.0,0.0,1.0,0.0,0.0,0.0,0.76,29.11649993620813,0.5584999453276396,0.000600004568696022,21.897100028581917,6.160199991427362,4.0,4.1825000662356615,1.9914999138563871,0.4602000117301941,0.000300002284348011
1,20,20,-7.8221821983097835,0,0,2.0,4.0,0.8821901679039001,0.818328320980072,0.996797502040863,0.6147506237030029,0.5119949579238892,1.0,1.0,1.0,1.0,1.0,1.0,1.0,0.5119949579238892,0.818328320980072,0.5119949579238892,1.0,1.0,0.0,0.6745584607124329,0.8535298705101013,1.0,0.7845612168312073,0.08304650336503983,0.27808210253715515,0.0,4.067833287990652e-06,-3.713749174494296e-05,-1.0,0.0,0.0,0.0,0.0,0.0,0.0,130.59068298339844,12.764933586120605,20.34404182434082,12.764933586120605,25.0,17.01288604736328,0.0,1.0,0.5105973434448242,0.8137616729736328,0.0,0.0,0.0,0.0,0.0,1.167345479130745,-7.920681557798271,-2.868846119642258,1.8,0.0,-0.0,-0.01010364210208324,-0.0003324147162427342,-0.1584426498413086,0.15,-7.987113952636719,0.0,0.0,-0.0,0.0,0.0,0.0,0.0,0.35,0.0,0.0,0.0,0.0,0.0,0.0,0.0,0.0,0.25,-0.0,0.167236328125,0.0,0.16734547913074493,-0.0,0.04180908203125,0.04180908203125,-0.05,0.10115388035774231,0.06743592023849487,-3.0,0.0,-0.0,-0.0,-0.0,0.8,1.0,-0.0,0.0,-0.0,-0.0,0.0,0.0,0.0,0.08531110149808228,-0.0,-0.0,-0.0,0.0,0.0,0.0,0.0,0.0,0.0,0.0,0.06743592023849487,6.142399307861924,32.4,1.0,0.0,0.0,1.0,2.0,4.0,0.0,1.0,0.0,1.0,0.0,0.0,0.0,0.0,0.0,0.0,0.0,0.0,0.0,0.0,0.0,0.0,0.0,0.0,0.0,0.0,0.0,0.0,0.0,0.0,0.0,0.0,0.0,0.0,0.0,0.0,0.0,0.0,0.0,0.0,0.0,0.0,0.0,28.0,28.0,28.0,0.0,0.0,0.0,0.0,0.0,1.0,0.0,1.0,0.0,0.0,0.0,0.8,64.99599991366267,0.5665000062435865,0.000600004568696022,46.013600076548755,20.678600063547492,4.0,16.336700064130127,1.5759998932480812,0.4600000102072954,0.000300002284348011
1,21,21,0.34299250125561165,0,0,2.0,4.0,0.8772645592689514,0.8137616515159607,0.9912395477294922,0.6130785346031189,0.5105973482131958,1.0,1.0,1.0,0.680515468120575,1.0,1.0,1.0,0.5105973482131958,0.8137616515159607,0.5105973482131958,0.680515468120575,1.0,0.0,0.6751202344894409,0.8535297513008118,1.0,0.784309983253479,0.08774856477975845,0.2857155501842499,0.0,3.937294877687236e-06,-3.7456407881109044e-05,-1.0,0.0,0.0,0.0,0.0,0.0,0.0,130.63490295410156,12.764933586120605,20.34404182434082,12.764933586120605,25.0,17.01288604736328,0.0,1.0,0.5105973434448242,0.8137616729736328,0.0,0.0,0.0,0.0,0.0,1.176710531115532,0.2295254021850629,-2.863243432044983,1.8,0.0,-0.0,-0.01010364210208324,-0.0003324147162427342,0.0,0.15,-0.0,0.0,0.0,-0.0,0.0,0.0,0.0,0.0,0.35,0.0,0.0,0.0,0.0,0.0,0.0,0.0,0.0,0.25,-0.0,0.1768798828125,0.0,0.17671053111553192,-0.0,0.044219970703125,0.044219970703125,-0.05,0.10675656795501709,0.07117104530334473,-3.0,0.0,-0.0,-0.0,-0.0,0.8,1.0,-0.0,0.0,-0.0,-0.0,0.0,0.0,0.0,0.08996145900338888,-0.0,-0.0,-0.0,0.0,0.0,0.0,0.0,0.0,0.0,0.0,0.07117104530334473,6.477225048244,32.4,1.0,0.0,0.0,1.0,2.0,4.0,0.0,1.0,0.0,1.0,0.0,0.0,0.0,0.0,0.0,0.0,0.0,0.0,0.0,0.0,0.0,0.0,0.0,0.0,0.0,0.0,0.0,0.0,0.0,0.0,0.0,0.0,0.0,0.0,0.0,0.0,0.0,0.0,0.0,0.0,0.0,0.0,0.0,28.0,28.0,28.0,0.0,0.0,0.0,0.0,0.0,1.0,0.0,1.0,0.0,0.0,0.0,0.84,32.84430003259331,0.6385999731719494,0.000400003045797348,25.35340003669262,11.915900046005845,4.0,3.548000007867813,2.558399923145771,0.7066000252962112,0.000300002284348011
1,22,22,0.2738297603756108,0,0,2.0,4.0,0.8772645592689514,0.8137616515159607,0.9912395477294922,0.6130785346031189,0.5105973482131958,1.0,1.0,1.0,0.680515468120575,1.0,1.0,1.0,0.5105973482131958,0.8137616515159607,0.5105973482131958,0.680515468120575,1.0,0.0,0.6757145524024963,0.8535293936729431,1.0,0.7840441465377808,0.09253178536891937,0.29064735770225525,0.0,3.937294877687236e-06,-3.779371763812378e-05,-1.0,0.0,0.0,0.0,0.0,0.0,0.0,130.68154907226562,12.726442337036133,20.218406677246094,12.726442337036133,25.0,16.969057083129883,0.0,1.0,0.5090576934814454,0.8087362670898437,0.0,0.0,0.0,0.0,0.0,1.1861175298690796,0.14533750754892033,-2.857625277042389,1.8,0.0,-0.0,-0.010231938496773669,-0.0003382938580838405,-0.0449392318725586,0.15,-0.04382896423339844,0.0,0.0,-0.0,0.0,0.0,0.0,0.0,0.35,0.0,0.0,0.0,0.0,0.0,0.0,0.0,0.0,0.25,-0.0,0.18658447265625,0.0,0.1861175298690796,-0.0,0.0466461181640625,0.0466461181640625,-0.05,0.11237472295761108,0.07491648197174072,-3.0,0.0,-0.0,-0.0,-0.0,0.8,1.0,-0.0,0.0,-0.0,-0.0,0.0,0.0,0.0,0.09467593600973488,-0.0,-0.0,-0.0,0.0,0.0,0.0,0.0,0.0,0.0,0.0,0.07491648197174072,6.816667392700911,32.4,1.0,0.0,0.0,1.0,2.0,4.0,0.0,1.0,0.0,1.0,0.0,0.0,0.0,0.0,0.0,0.0,0.0,0.0,0.0,0.0,0.0,0.0,0.0,0.0,0.0,0.0,0.0,0.0,0.0,0.0,0.0,0.0,0.0,0.0,0.0,0.0,0.0,0.0,0.0,0.0,0.0,0.0,0.0,28.0,28.0,28.0,0.0,0.0,0.0,0.0,0.0,1.0,0.0,1.0,0.0,0.0,0.0,0.88,46.09560000244528,0.5264000501483679,0.000700005330145359,38.47269993275404,17.68900000024587,4.0,3.7987000541761518,2.533899969421327,0.7269999478012323,0.000400003045797348
1,23,23,-0.23041104452107875,0,0,2.0,3.0,0.8718509078025818,0.808736264705658,0.9851109981536865,0.6112279891967773,0.5090577006340027,1.0,1.0,1.0,0.6787622570991516,1.0,1.0,1.0,0.5090577006340027,0.808736264705658,0.5090577006340027,0.6787622570991516,1.0,0.0,0.6763409376144409,0.853529155254364,1.0,0.7837640643119812,0.09738096594810486,0.29465481638908386,0.0,4.52091535407817e-06,-3.8138859963510185e-05,-1.0,0.0,0.0,0.0,0.0,0.0,0.0,130.7301483154297,12.726442337036133,20.218406677246094,12.726442337036133,25.0,16.969057083129883,0.0,1.0,0.5090576934814454,0.8087362670898437,0.0,0.0,0.0,0.0,0.0,1.1939541548490524,0.237598959045663,-2.876964135169983,1.2149999767541886,0.0,-0.0,-0.010231938496773669,-0.0003382938580838405,0.0,0.15,-0.0,0.0,0.0,-0.0,0.0,0.0,0.0,0.0,0.35,0.0,0.0,0.0,0.0,0.0,0.0,0.0,0.0,0.25,-0.0,0.19439697265625,0.0,0.19395415484905243,-0.0,0.0485992431640625,0.0485992431640625,-0.05,0.1170358657836914,0.07802391052246094,-3.0,0.0,-0.0,-0.0,-0.0,0.5599999904632569,0.699999988079071,-0.0,0.0,-0.0,-0.0,0.0,0.0,0.0,0.09816919140052051,-0.04500000178813934,-0.0,-0.0,0.0,0.0,0.0,0.0,0.0,0.0,0.0,0.07802391052246094,7.0681817808374765,32.4,0.7326086850269979,0.0,0.0,0.699999988079071,2.0,3.0,0.0,0.699999988079071,0.0,0.699999988079071,0.0,0.0,0.0,0.0,0.0,0.0,0.0,0.0,0.0,0.0,0.0,0.0,0.0,0.0,0.0,0.0,0.0,0.0,0.0,0.0,0.0,0.0,0.0,0.0,0.0,0.0,0.0,0.0,0.0,0.0,0.0,0.0,0.0,28.0,28.0,28.0,0.0,0.0,0.0,0.0,0.0,1.0,0.0,1.0,0.0,0.0,0.0,0.92,24.574899929575622,0.5944999866187572,0.000700005330145359,15.886200009845197,10.656700003892183,4.0,4.8462999984622,2.538300002925098,0.6782000418752432,0.000400003045797348
1,24,24,-0.6277168540401383,0,0,3.0,4.0,0.8718509078025818,0.808736264705658,0.9851109981536865,0.6112279891967773,0.5090577006340027,1.0,1.0,1.0,0.6787622570991516,1.0,1.0,1.0,0.5090577006340027,0.808736264705658,0.5090577006340027,0.6787622570991516,1.0,0.0,0.6769933104515076,0.8535288572311401,1.0,0.7834723591804504,0.10097402334213257,0.21832846105098724,0.0,4.52091535407817e-06,-3.836600808426738e-05,-1.0,0.0,0.0,0.0,0.0,0.0,0.0,130.7806854248047,12.731184005737305,20.08269691467285,12.731184005737305,25.0,16.921741485595703,0.0,1.0,0.5092473602294922,0.803307876586914,0.0,0.0,0.0,0.0,0.0,1.2016991674900055,0.1552675313454188,-2.847935249358416,0.8632516964828532,0.0,-0.0,-0.010216044848542693,-0.00034475746141075347,-0.039758529663085934,0.15,-0.04731559753417969,0.0,0.0,-0.0,0.0,0.0,0.0,0.0,0.35,0.0,0.0,0.0,0.0,0.0,0.0,0.0,0.0,0.25,-0.0,0.2021484375,0.0,0.2016991674900055,-0.0,0.050537109375,0.050537109375,-0.05,0.1220647506415844,0.08137650042772293,-3.0,0.0,-0.007620662243715354,-0.0,-0.0,0.6254545454545455,0.7818181818181819,-0.21818181818181814,0.0,-0.0952066115702479,-0.17454545454545453,0.0,0.0,0.0,0.10290246085263788,-0.04846648424863815,-0.0,-0.0,0.0,0.0,0.0,0.0,0.0,0.0,0.0,0.08137650042772293,7.408977181389927,32.4,1.0,0.0,0.25,1.0,3.0,4.0,0.25,1.0,0.11999999731779099,1.0,0.12,1.0,0.0,0.0,0.0,0.25,0.25,1.0,0.13,0.0,0.0,0.0,0.0,0.0,0.0,0.0,0.0,0.0,0.0,0.0,0.0,0.0,0.0,0.0,0.0,0.0,0.0,0.0,0.0,0.0,0.0,0.0,0.0,28.0,28.0,28.0,0.0,0.0,0.0,0.0,0.0,1.0,0.0,1.0,0.0,0.0,0.0,0.96,37.931300001218915,0.6479999283328652,0.000600004568696022,29.406000045128167,16.22360001783818,4.0,4.384899977594614,2.686699968762696,0.7670000195503235,0.000500003807246685
1,25,25,-0.09691204830903288,0,0,2.0,3.0,0.8660022616386414,0.8033078908920288,0.9784924983978271,0.6092259287834167,0.509247362613678,1.0,1.0,1.0,0.6768696308135986,1.0,1.0,1.0,0.509247362613678,0.8033078908920288,0.509247362613678,0.6768696308135986,1.0,0.0,0.6776732802391052,0.853526771068573,1.0,0.7831677794456482,0.10584253072738647,0.29582932591438293,0.2181818187236786,0.0009044767357409,-3.181370993843302e-05,-1.0,0.0,0.0,0.0,0.0,0.0,0.0,130.8333282470703,12.685186386108398,19.938377380371094,12.685186386108398,25.0,16.85892677307129,0.0,1.0,0.507407455444336,0.7975350952148438,0.0,0.0,0.0,0.0,0.0,1.2104345262050629,0.13026288390260443,-2.8673247565329074,1.4297152981162071,0.0,-0.0,-0.010371290041580801,-0.00035352953936649813,-0.05258445739746093,0.15,-0.06281471252441406,0.0,0.0,-0.0,0.0,0.0,0.0,0.0,0.35,0.0,0.0,0.0,0.0,0.0,0.0,0.0,0.0,0.25,-0.0,0.2105712890625,0.0,0.21043452620506287,-0.0,0.052642822265625,0.052642822265625,-0.05,0.12667524442076683,0.08445016294717789,-3.0,0.0,-0.0,-0.0,-0.0,0.5599999904632569,0.699999988079071,-0.0,0.0,-0.0,-0.0,0.2181818038225174,0.0,0.0,0.10638687340542674,-0.04846648424863815,-0.0,-0.0,0.0,0.0,0.0,0.0,0.0,0.0,0.0,0.08445016294717789,7.659854885190725,32.4,0.7326086850269979,0.0,0.0,0.699999988079071,2.0,3.0,0.0,0.699999988079071,0.0,0.699999988079071,0.0,0.0,0.0,0.0,0.0,0.0,0.0,0.0,0.0,0.0,0.0,0.0,0.0,0.0,0.0,0.0,0.0,0.0,0.0,0.0,0.0,0.0,0.0,0.0,0.0,0.0,0.0,0.0,0.0,0.0,0.0,0.0,0.0,28.0,28.0,28.0,0.0,0.0,0.0,0.0,0.0,1.0,0.0,1.0,0.0,0.0,0.0,1.0,44.93700002785772,0.735500012524426,0.000800006091594696,35.89429997373372,18.53919995483011,4.0,4.7432000283151865,2.8295000083744526,0.6887000054121017,0.000500003807246685
1,26,26,-0.13707869623221192,0,0,2.0,3.0,0.8594193458557129,0.7975351214408875,0.9720996618270874,0.6066960692405701,0.5074074268341064,1.0,1.0,1.0,0.6743570566177368,1.0,1.0,1.0,0.5074074268341064,0.7975351214408875,0.5074074268341064,0.6743570566177368,1.0,0.0,0.6783780455589294,0.853527307510376,1.0,0.7828530669212341,0.10942649841308594,0.21777579188346863,0.0,-0.015716148540377617,0.0009353584027849138,-0.9999995827674866,0.0,0.0,0.0,0.0,0.0,0.0,130.88760375976562,12.685186386108398,19.938377380371094,12.685186386108398,25.0,16.85892677307129,0.0,1.0,0.507407455444336,0.7975350952148438,0.0,0.0,0.0,0.0,0.0,1.2170505821704865,0.24912217404328543,-2.8632514309883117,1.259999978542328,0.0,-0.0,-0.010371290041580801,-0.00035352953936649813,0.0,0.15,-0.0,0.0,0.0,-0.0,0.0,0.0,0.0,0.0,0.35,0.0,0.0,0.0,0.0,0.0,0.0,0.0,0.0,0.25,-0.0,0.21710205078125,0.0,0.21705058217048645,-0.0,0.0542755126953125,0.0542755126953125,-0.05,0.13074856996536255,0.0871657133102417,-3.0,0.0,-0.0,-0.0,-0.0,0.5599999904632569,0.699999988079071,-0.0,0.0,-0.0,-0.0,0.0,0.0,0.0,0.10984699362423272,-0.0,-0.0,-0.0,0.0,0.0,0.0,0.0,0.0,0.0,0.0,0.0871657133102417,7.908983540944756,32.4,0.7326086850269979,0.0,0.0,0.699999988079071,2.0,3.0,0.0,0.699999988079071,0.0,0.699999988079071,0.0,0.0,0.0,0.0,0.0,0.0,0.0,0.0,0.0,0.0,0.0,0.0,0.0,0.0,0.0,0.0,0.0,0.0,0.0,0.0,0.0,0.0,0.0,0.0,0.0,0.0,0.0,0.0,0.0,0.0,0.0,0.0,0.0,28.0,28.0,28.0,0.0,0.0,0.0,0.0,0.0,1.0,0.0,1.0,0.0,0.0,0.0,1.04,28.727099997922778,0.7422999478876591,0.000600004568696022,22.34399993903935,6.477299961261451,4.0,2.7390000177547336,2.0531000336632133,0.8123000152409077,0.000500003807246685
1,27,27,0.2910191468135881,0,0,2.0,4.0,0.8594193458557129,0.7975351214408875,0.9720996618270874,0.6066960692405701,0.5074074268341064,1.0,1.0,1.0,0.6743570566177368,1.0,1.0,1.0,0.5074074268341064,0.7975351214408875,0.5074074268341064,0.6743570566177368,1.0,0.0,0.6791046857833862,0.8535272479057312,1.0,0.7825284600257874,0.11298547685146332,0.2162575125694275,0.0,-0.015716148540377617,0.0018275005277246237,-0.9999983310699463,0.0,0.0,0.0,0.0,0.0,0.0,130.94378662109375,12.696514129638672,19.78603744506836,12.696514129638672,25.0,16.79115104675293,0.0,1.0,0.5078605651855469,0.7914414978027344,0.0,0.0,0.0,0.0,0.0,1.2249048799276352,0.14531968124075412,-2.834205412566662,1.7549999982118607,0.0,-0.0,-0.010332836910794552,-0.0003632449263362539,-0.040706329345703125,0.15,-0.06777572631835938,0.0,0.0,-0.0,0.0,0.0,0.0,0.0,0.35,0.0,0.0,0.0,0.0,0.0,0.0,0.0,0.0,0.25,-0.0,0.2247314453125,0.0,0.2249048799276352,-0.0,0.056182861328125,0.056182861328125,-0.05,0.13579458743333817,0.09052972495555878,-3.0,0.0,-0.0,-0.0,-0.0,0.8,1.0,-0.0,0.0,-0.0,-0.0,0.0,0.0,0.0,0.11449781874194742,-0.04500000178813934,-0.0,-0.0,0.0,0.0,0.0,0.0,0.0,0.0,0.0,0.09052972495555878,8.243842949420214,32.4,1.0,0.0,0.0,1.0,2.0,4.0,0.0,1.0,0.0,1.0,0.0,0.0,0.0,0.0,0.0,0.0,0.0,0.0,0.0,0.0,0.0,0.0,0.0,0.0,0.0,0.0,0.0,0.0,0.0,0.0,0.0,0.0,0.0,0.0,0.0,0.0,0.0,0.0,0.0,0.0,0.0,0.0,0.0,28.0,28.0,28.0,0.0,0.0,0.0,0.0,0.0,1.0,0.0,1.0,0.0,0.0,0.0,1.08,72.30670005083084,0.696200062520802,0.0004998873919248581,52.30970005504787,21.395399933680892,4.0,16.544300015084445,1.8864000448957086,0.826300005428493,0.000500003807246685
1,28,28,0.46409620158238885,0,0,2.0,4.0,0.8523706197738647,0.7914415001869202,0.9655303359031677,0.6039321422576904,0.507860541343689,1.0,1.0,1.0,0.6716460585594177,1.0,1.0,1.0,0.507860541343689,0.7914415001869202,0.507860541343689,0.6716460585594177,1.0,0.0,0.6798587441444397,0.8535254597663879,1.0,0.7821910381317139,0.11776918172836304,0.2906765639781952,0.0,-0.006219485308974981,0.002354189520701766,-0.9999972581863403,0.0,0.0,0.0,0.0,0.0,0.0,131.0022735595703,12.696514129638672,19.78603744506836,12.696514129638672,25.0,16.79115104675293,0.0,1.0,0.5078605651855469,0.7914414978027344,0.0,0.0,0.0,0.0,0.0,1.2342375367879868,0.258453074915843,-2.828594410121441,1.8,0.0,-0.0,-0.010332836910794552,-0.0003632449263362539,0.0,0.15,-0.0,0.0,0.0,-0.0,0.0,0.0,0.0,0.0,0.35,0.0,0.0,0.0,0.0,0.0,0.0,0.0,0.0,0.25,-0.0,0.23394775390625,0.0,0.23423753678798676,-0.0,0.0584869384765625,0.0584869384765625,-0.05,0.1414055898785591,0.09427039325237274,-3.0,0.0,-0.0,-0.0,-0.0,0.8,1.0,-0.0,0.0,-0.0,-0.0,0.0,0.0,0.0,0.11914915675297383,-0.0,-0.0,-0.0,0.0,0.0,0.0,0.0,0.0,0.0,0.0,0.09427039325237274,8.578739286214114,32.4,1.0,0.0,0.0,1.0,2.0,4.0,0.0,1.0,0.0,1.0,0.0,0.0,0.0,0.0,0.0,0.0,0.0,0.0,0.0,0.0,0.0,0.0,0.0,0.0,0.0,0.0,0.0,0.0,0.0,0.0,0.0,0.0,0.0,0.0,0.0,0.0,0.0,0.0,0.0,0.0,0.0,0.0,0.0,28.0,28.0,28.0,0.0,0.0,0.0,0.0,0.0,1.0,0.0,1.0,0.0,0.0,0.0,1.12,36.60589992068708,0.5282999482005835,0.000500003807246685,26.70309995301068,11.546700028702617,4.0,5.531799979507923,3.040499985218048,0.76149997767061,0.000300002284348011
1,29,29,0.3595168893927996,0,0,2.0,4.0,0.8523706197738647,0.7914415001869202,0.9655303359031677,0.6039321422576904,0.507860541343689,1.0,1.0,1.0,0.6716460585594177,1.0,1.0,1.0,0.507860541343689,0.7914415001869202,0.507860541343689,0.6716460585594177,1.0,0.0,0.6806434988975525,0.853523313999176,1.0,0.7818397879600525,0.12255341559648514,0.29070863127708435,0.0,-0.006219485308974981,0.0027201955672353506,-0.9999963045120239,0.0,0.0,0.0,0.0,0.0,0.0,131.06309509277344,12.645129203796387,19.622169494628906,12.645129203796387,25.0,16.726390838623047,0.0,1.0,0.5058051681518555,0.7848867797851562,0.0,0.0,0.0,0.0,0.0,1.2436013668775558,0.13893316188401633,-2.8230176393687727,1.8,0.0,-0.0,-0.010508438530699047,-0.0003727773849147751,-0.05921218872070313,0.15,-0.06476020812988281,0.0,0.0,-0.0,0.0,0.0,0.0,0.0,0.35,0.0,0.0,0.0,0.0,0.0,0.0,0.0,0.0,0.25,-0.0,0.2432861328125,0.0,0.24360136687755585,-0.0,0.060821533203125,0.060821533203125,-0.05,0.1469823606312275,0.09798824042081833,-3.0,0.0,-0.0,-0.0,-0.0,0.8,1.0,-0.0,0.0,-0.0,-0.0,0.0,0.0,0.0,0.1237867746502161,-0.0,-0.0,-0.0,0.0,0.0,0.0,0.0,0.0,0.0,0.0,0.09798824042081833,8.912647774815559,32.4,1.0,0.0,0.0,1.0,2.0,4.0,0.0,1.0,0.0,1.0,0.0,0.0,0.0,0.0,0.0,0.0,0.0,0.0,0.0,0.0,0.0,0.0,0.0,0.0,0.0,0.0,0.0,0.0,0.0,0.0,0.0,0.0,0.0,0.0,0.0,0.0,0.0,0.0,0.0,0.0,0.0,0.0,0.0,28.0,28.0,28.0,0.0,0.0,0.0,0.0,0.0,1.0,0.0,1.0,0.0,0.0,0.0,1.16,45.40780000388622,0.39760000072419643,0.000500003807246685,36.927000037394464,16.79969998076558,4.0,4.377500037662685,3.0955999391153455,0.5783999804407358,0.000400003045797348
1,30,30,3.1102135881785595,0,0,2.0,3.0,0.8450917601585388,0.7848867774009705,0.9579256176948547,0.6013084053993225,0.5058051943778992,1.0,1.0,1.0,0.6690556406974792,1.0,1.0,1.0,0.5058051943778992,0.7848867774009705,0.5058051943778992,0.6690556406974792,1.0,0.0,0.6814591288566589,0.853520929813385,1.0,0.781474769115448,0.12732353806495667,0.2898511290550232,0.0,-0.003275854978710413,0.0029691802337765694,-0.9999955892562866,0.0,0.0,0.0,0.0,0.0,0.0,131.12588500976562,12.645129203796387,19.622169494628906,12.645129203796387,25.0,16.726390838623047,0.0,1.0,0.5058051681518555,0.7848867797851562,0.0,0.0,0.0,0.0,0.0,1.251403033733368,0.26623786315362064,0.35757271453738215,1.2149999767541886,0.02,-0.0,-0.010508438530699047,-0.0003727773849147751,0.0,0.15,-0.0,0.0,0.0,-0.0,0.0,0.0,0.0,0.0,0.35,0.0,0.0,0.0,0.0,0.0,0.0,0.0,0.0,0.25,-0.0,0.25115966796875,0.0,0.2514030337333679,-0.0,0.0627899169921875,0.0627899169921875,-0.05,0.15157271549105644,0.10104847699403763,0.2,0.0,-0.0,-0.0,-0.0,0.5599999904632569,0.699999988079071,-0.0,0.0,-0.0,-0.0,0.0,0.0,0.0,0.12711907906923445,-0.04500000178813934,-0.0,-0.0,0.02,0.0,0.0,0.0,0.0,0.0,0.0,0.10104847699403763,9.152573692984879,32.4,0.7326086850269979,0.0,0.0,0.699999988079071,2.0,3.0,0.0,0.699999988079071,0.0,0.699999988079071,0.0,0.0,0.0,0.0,0.0,0.0,0.0,0.0,0.0,0.0,0.0,0.0,0.0,0.0,0.0,0.0,0.0,0.0,0.0,0.0,0.0,0.0,0.0,0.0,0.0,0.0,0.0,0.0,0.0,0.0,0.0,0.0,0.0,28.0,28.0,28.0,0.0,0.0,0.0,0.0,0.0,1.0,0.0,1.0,0.0,0.0,0.0,1.2,26.904000085778534,0.38860004860907793,0.000500003807246685,18.833299982361495,12.511199922300875,4.0,4.522399976849556,2.3917999351397157,0.7448000833392143,0.000400003045797348
1,31,31,3.5656102144645727,0,0,2.0,4.0,0.8450917601585388,0.7848867774009705,0.9579256176948547,0.6013084053993225,0.5058051943778992,1.0,1.0,1.0,0.6690556406974792,1.0,1.0,1.0,0.5058051943778992,0.7848867774009705,0.5058051943778992,0.6690556406974792,1.0,0.0,0.6823004484176636,0.8535183668136597,1.0,0.7810983061790466,0.13075105845928192,0.20826902985572815,0.0,-0.003275854978710413,0.0031403994653373957,-0.9999950528144836,0.0,0.0,0.0,0.0,0.0,0.0,131.19076538085938,12.591166496276855,19.447874069213867,12.591166496276855,25.0,16.66269302368164,0.0,1.0,0.5036466598510743,0.7779149627685547,0.0,0.0,0.0,0.0,0.0,1.2597788274288177,0.14430597438683873,0.38652541443705557,1.7549999982118607,0.02,-0.0,-0.010696116103251769,-0.0003823974620152001,-0.06258602142333984,0.15,-0.06369781494140625,0.0,0.0,-0.0,0.0,0.0,0.0,0.0,0.35,0.0,0.0,0.0,0.0,0.0,0.0,0.0,0.0,0.25,-0.0,0.259521484375,0.0,0.25977882742881775,-0.0,0.06488037109375,0.06488037109375,-0.05,0.1565254144370556,0.10435027629137039,0.2,0.0,-0.0,-0.0,-0.0,0.8,1.0,-0.0,0.0,-0.0,-0.0,0.0,0.0,0.0,0.1316683243168518,-0.04500000178813934,-0.0,-0.0,0.02,0.0,0.0,0.0,0.0,0.0,0.0,0.10435027629137039,9.48011935081333,32.4,1.0,0.0,0.0,1.0,2.0,4.0,0.0,1.0,0.0,1.0,0.0,0.0,0.0,0.0,0.0,0.0,0.0,0.0,0.0,0.0,0.0,0.0,0.0,0.0,0.0,0.0,0.0,0.0,0.0,0.0,0.0,0.0,0.0,0.0,0.0,0.0,0.0,0.0,0.0,0.0,0.0,0.0,0.0,28.0,28.0,28.0,0.0,0.0,0.0,0.0,0.0,1.0,0.0,1.0,0.0,0.0,0.0,1.24,47.93590004555881,0.47740002628415823,0.000500003807246685,39.82850001193583,25.33410000614822,4.0,4.66109998524189,2.2613999899476767,0.6797000532969832,0.000400003045797348
1,32,32,3.64288107405322,0,0,2.0,4.0,0.8374711871147156,0.7779149413108826,0.9496204853057861,0.5986312627792358,0.5036466717720032,1.0,1.0,1.0,0.6665077209472656,1.0,1.0,1.0,0.5036466717720032,0.7779149413108826,0.5036466717720032,0.6665077209472656,1.0,0.0,0.6831694841384888,0.853515625,1.0,0.7807095050811768,0.13543027639389038,0.28432783484458923,0.0,-0.001589898020029068,0.003248948836699128,-0.999994695186615,0.0,0.0,0.0,0.0,0.0,0.0,131.25802612304688,12.606974601745605,19.26251792907715,12.606974601745605,25.0,16.596059799194336,0.0,1.0,0.5042789840698242,0.770500717163086,0.0,0.0,0.0,0.0,0.0,1.2692022323608398,0.16159762243645567,0.3920812192559242,1.8,0.02,-0.0,-0.01064078684598395,-0.0003927266543868445,-0.0469583511352539,0.15,-0.06663322448730469,0.0,0.0,-0.0,0.0,0.0,0.0,0.0,0.35,0.0,0.0,0.0,0.0,0.0,0.0,0.0,0.0,0.25,-0.0,0.26904296875,0.0,0.26920223236083984,-0.0,0.0672607421875,0.0672607421875,-0.05,0.16208121925592422,0.10805414617061615,0.2,0.0,-0.0,-0.0,-0.0,0.8,1.0,-0.0,0.0,-0.0,-0.0,0.0,0.0,0.0,0.13622271155938506,-0.0,-0.0,-0.0,0.02,0.0,0.0,0.0,0.0,0.0,0.0,0.10805414617061615,9.808035232275724,32.4,1.0,0.0,0.0,1.0,2.0,4.0,0.0,1.0,0.0,1.0,0.0,0.0,0.0,0.0,0.0,0.0,0.0,0.0,0.0,0.0,0.0,0.0,0.0,0.0,0.0,0.0,0.0,0.0,0.0,0.0,0.0,0.0,0.0,0.0,0.0,0.0,0.0,0.0,0.0,0.0,0.0,0.0,0.0,28.0,28.0,28.0,0.0,0.0,0.0,0.0,0.0,1.0,0.0,1.0,0.0,0.0,0.0,1.28,38.85670006275177,0.5923000862821937,0.000500003807246685,29.55680002924055,16.234899987466633,4.0,4.678700002841651,3.0825999565422535,0.910300062969327,0.000400003045797348
1,33,33,3.776026499810613,0,0,2.0,4.0,0.8294369578361511,0.7705007195472717,0.94066321849823,0.5958640575408936,0.5042789578437805,1.0,1.0,1.0,0.6638423800468445,1.0,1.0,1.0,0.5042789578437805,0.7705007195472717,0.5042789578437805,0.6638423800468445,1.0,0.0,0.6840697526931763,0.853512704372406,1.0,0.7803067564964294,0.14011478424072266,0.28464919328689575,0.0,-0.0007578114746138453,0.003321521682664752,-0.9999944567680359,0.0,0.0,0.0,0.0,0.0,0.0,131.32765197753906,12.606974601745605,19.26251792907715,12.606974601745605,25.0,16.596059799194336,0.0,1.0,0.5042789840698242,0.770500717163086,0.0,0.0,0.0,0.0,0.0,1.2786095440387726,0.2797917110649713,0.3976252447068691,1.8,0.02,-0.0,-0.01064078684598395,-0.0003927266543868445,0.0,0.15,-0.0,0.0,0.0,-0.0,0.0,0.0,0.0,0.0,0.35,0.0,0.0,0.0,0.0,0.0,0.0,0.0,0.0,0.25,-0.0,0.27850341796875,0.0,0.2786095440387726,-0.0,0.0696258544921875,0.0696258544921875,-0.05,0.16762524470686913,0.11175016313791275,0.2,0.0,-0.0,-0.0,-0.0,0.8,1.0,-0.0,0.0,-0.0,-0.0,0.0,0.0,0.0,0.14082522456534208,-0.0,-0.0,-0.0,0.02,0.0,0.0,0.0,0.0,0.0,0.0,0.11175016313791275,10.13941616870463,32.4,1.0,0.0,0.0,1.0,2.0,4.0,0.0,1.0,0.0,1.0,0.0,0.0,0.0,0.0,0.0,0.0,0.0,0.0,0.0,0.0,0.0,0.0,0.0,0.0,0.0,0.0,0.0,0.0,0.0,0.0,0.0,0.0,0.0,0.0,0.0,0.0,0.0,0.0,0.0,0.0,0.0,0.0,0.0,28.0,28.0,28.0,0.0,0.0,0.0,0.0,0.0,1.0,0.0,1.0,0.0,0.0,0.0,1.32,23.23299995623529,0.8052999619394541,0.000500003807246685,16.68549992609769,6.555199972353876,4.0,3.3213000278919935,1.6682000132277608,0.7163999835029244,0.000500003807246685
1,34,34,3.655828327259936,0,0,2.0,4.0,0.8294369578361511,0.7705007195472717,0.94066321849823,0.5958640575408936,0.5042789578437805,1.0,1.0,1.0,0.6638423800468445,1.0,1.0,1.0,0.5042789578437805,0.7705007195472717,0.5042789578437805,0.6638423800468445,1.0,0.0,0.6850010752677917,0.8535095453262329,1.0,0.7798901796340942,0.1448488086462021,0.2876570522785187,0.0,-0.0007578114746138453,0.0033680719789117575,-0.9999943375587463,0.0,0.0,0.0,0.0,0.0,0.0,131.39964294433594,12.546305656433105,19.06573486328125,12.546305656433105,25.0,16.526987075805664,0.0,1.0,0.5018522262573242,0.76262939453125,0.0,0.0,0.0,0.0,0.0,1.2880275547504425,0.14463649796596986,0.40316427454352377,1.8,0.02,-0.0,-0.010854728571684485,-0.0004037286215106181,-0.07045955657958985,0.15,-0.06907272338867188,0.0,0.0,-0.0,0.0,0.0,0.0,0.0,0.35,0.0,0.0,0.0,0.0,0.0,0.0,0.0,0.0,0.25,-0.0,0.2879638671875,0.0,0.2880275547504425,-0.0,0.071990966796875,0.071990966796875,-0.05,0.1731642745435238,0.11544284969568253,0.2,0.0,-0.0,-0.0,-0.0,0.8,1.0,-0.0,0.0,-0.0,-0.0,0.0,0.0,0.0,0.1454272351274267,-0.0,-0.0,-0.0,0.02,0.0,0.0,0.0,0.0,0.0,0.0,0.11544284969568253,10.470760929174721,32.4,1.0,0.0,0.0,1.0,2.0,4.0,0.0,1.0,0.0,1.0,0.0,0.0,0.0,0.0,0.0,0.0,0.0,0.0,0.0,0.0,0.0,0.0,0.0,0.0,0.0,0.0,0.0,0.0,0.0,0.0,0.0,0.0,0.0,0.0,0.0,0.0,0.0,0.0,0.0,0.0,0.0,0.0,0.0,28.0,28.0,28.0,0.0,0.0,0.0,0.0,0.0,1.0,0.0,1.0,0.0,0.0,0.0,1.36,59.122900012880564,0.6049999501556158,0.000600004568696022,40.369799942709506,16.30690007004887,4.0,15.72300004772842,1.7728999955579638,0.6096999859437346,0.000400003045797348
1,35,35,3.8149362112097003,0,0,2.0,4.0,0.8209378719329834,0.7626293897628784,0.9310994148254395,0.5929669737815857,0.5018522143363953,1.0,1.0,1.0,0.661079466342926,1.0,1.0,1.0,0.5018522143363953,0.7626293897628784,0.5018522143363953,0.661079466342926,1.0,0.0,0.6859634518623352,0.8535061478614807,1.0,0.7794597744941711,0.14958229660987854,0.28762567043304443,0.0,-0.00033149620867334306,0.0033966554328799248,-0.9999942183494568,0.0,0.0,0.0,0.0,0.0,0.0,131.47398376464844,12.546305656433105,19.06573486328125,12.546305656433105,25.0,16.526987075805664,0.0,1.0,0.5018522262573242,0.76262939453125,0.0,0.0,0.0,0.0,0.0,1.2974664568901062,0.28877074147383935,0.4086990128457546,1.8,0.02,-0.0,-0.010854728571684485,-0.0004037286215106181,0.0,0.15,-0.0,0.0,0.0,-0.0,0.0,0.0,0.0,0.0,0.35,0.0,0.0,0.0,0.0,0.0,0.0,0.0,0.0,0.25,-0.0,0.29736328125,0.0,0.2974664568901062,-0.0,0.0743408203125,0.0743408203125,-0.05,0.17869901284575462,0.11913267523050308,0.2,0.0,-0.0,-0.0,-0.0,0.8,1.0,-0.0,0.0,-0.0,-0.0,0.0,0.0,0.0,0.15002919866703449,-0.0,-0.0,-0.0,0.02,0.0,0.0,0.0,0.0,0.0,0.0,0.11913267523050308,10.802102304026484,32.4,1.0,0.0,0.0,1.0,2.0,4.0,0.0,1.0,0.0,1.0,0.0,0.0,0.0,0.0,0.0,0.0,0.0,0.0,0.0,0.0,0.0,0.0,0.0,0.0,0.0,0.0,0.0,0.0,0.0,0.0,0.0,0.0,0.0,0.0,0.0,0.0,0.0,0.0,0.0,0.0,0.0,0.0,0.0,28.0,28.0,28.0,0.0,0.0,0.0,0.0,0.0,1.0,0.0,1.0,0.0,0.0,0.0,1.4,27.258500107564032,0.5802001105621457,0.0003998866304755211,20.62820002902299,10.210600099526346,4.0,2.9414999298751354,2.298200037330389,0.7681000279262662,0.000500003807246685
1,36,36,3.1009124455492616,0,0,2.0,3.0,0.8209378719329834,0.7626293897628784,0.9310994148254395,0.5929669737815857,0.5018522143363953,1.0,1.0,1.0,0.661079466342926,1.0,1.0,1.0,0.5018522143363953,0.7626293897628784,0.5018522143363953,0.661079466342926,1.0,0.0,0.6869564652442932,0.8535025119781494,1.0,0.7790156602859497,0.1543157398700714,0.28762272000312805,0.0,-0.00033149620867334306,0.0034130304120481014,-0.999994158744812,0.0,0.0,0.0,0.0,0.0,0.0,131.55032348632812,12.569220542907715,18.85782241821289,12.569220542907715,25.0,16.454496383666992,0.0,1.0,0.5027688217163085,0.7543128967285156,0.0,0.0,0.0,0.0,0.0,1.3053434491157532,0.17130360281873938,0.38926541686058047,1.2149999767541886,0.02,-0.0,-0.010773413107658702,-0.0004156066251101576,-0.04839126586914062,0.15,-0.07249069213867188,0.0,0.0,-0.0,0.0,0.0,0.0,0.0,0.35,0.0,0.0,0.0,0.0,0.0,0.0,0.0,0.0,0.25,-0.0,0.30535888671875,0.0,0.3053434491157532,-0.0,0.0763397216796875,0.0763397216796875,-0.05,0.18326541781425476,0.12217694520950317,0.2,0.0,-0.0,-0.0,-0.0,0.5599999904632569,0.699999988079071,-0.0,0.0,-0.0,-0.0,0.0,0.0,0.0,0.15337458055932074,-0.04500000178813934,-0.0,-0.0,0.02,0.0,0.0,0.0,0.0,0.0,0.0,0.12217694520950317,11.042969800271093,32.4,0.7326086850269979,0.0,0.0,0.699999988079071,2.0,3.0,0.0,0.699999988079071,0.0,0.699999988079071,0.0,0.0,0.0,0.0,0.0,0.0,0.0,0.0,0.0,0.0,0.0,0.0,0.0,0.0,0.0,0.0,0.0,0.0,0.0,0.0,0.0,0.0,0.0,0.0,0.0,0.0,0.0,0.0,0.0,0.0,0.0,0.0,0.0,28.0,28.0,28.0,0.0,0.0,0.0,0.0,0.0,1.0,0.0,1.0,0.0,0.0,0.0,1.44,42.70999995060265,0.6127000087872148,0.0005998881533741951,36.31520003546029,16.011000028811395,4.0,3.27590003143996,1.725599984638393,0.7495000027120113,0.000500003807246685
1,37,37,3.803801871443507,0,0,2.0,4.0,0.8119771480560303,0.7543128728866577,0.920960545539856,0.5899230241775513,0.5027688145637512,1.0,1.0,1.0,0.6581798791885376,1.0,1.0,1.0,0.5027688145637512,0.7543128728866577,0.5027688145637512,0.6581798791885376,1.0,0.0,0.6879749298095703,0.8534988760948181,1.0,0.7785604000091553,0.1577567160129547,0.2090863734483719,0.0,-0.0001832121197367087,0.0034259019885212183,-0.999994158744812,0.0,0.0,0.0,0.0,0.0,0.0,131.62875366210938,12.569220542907715,18.85782241821289,12.569220542907715,25.0,16.454496383666992,0.0,1.0,0.5027688217163085,0.7543128967285156,0.0,0.0,0.0,0.0,0.0,1.3138253390789032,0.2967718284375638,0.4182047057151794,1.7549999982118607,0.02,-0.0,-0.010773413107658702,-0.0004156066251101576,0.0,0.15,-0.0,0.0,0.0,-0.0,0.0,0.0,0.0,0.0,0.35,0.0,0.0,0.0,0.0,0.0,0.0,0.0,0.0,0.25,-0.0,0.313720703125,0.0,0.3138253390789032,-0.0,0.07843017578125,0.07843017578125,-0.05,0.18820470571517944,0.12546980381011963,0.2,0.0,-0.0,-0.0,-0.0,0.8,1.0,-0.0,0.0,-0.0,-0.0,0.0,0.0,0.0,0.15796084817033262,-0.04500000178813934,-0.0,-0.0,0.02,0.0,0.0,0.0,0.0,0.0,0.0,0.12546980381011963,11.373181068263948,32.4,1.0,0.0,0.0,1.0,2.0,4.0,0.0,1.0,0.0,1.0,0.0,0.0,0.0,0.0,0.0,0.0,0.0,0.0,0.0,0.0,0.0,0.0,0.0,0.0,0.0,0.0,0.0,0.0,0.0,0.0,0.0,0.0,0.0,0.0,0.0,0.0,0.0,0.0,0.0,0.0,0.0,0.0,0.0,28.0,28.0,28.0,0.0,0.0,0.0,0.0,0.0,1.0,0.0,1.0,0.0,0.0,0.0,1.48,27.52970007713884,0.607200083322823,0.000600004568696022,18.48910003900528,10.545699973590672,4.0,4.749400075525045,2.884299959987402,0.7681000279262662,0.000400003045797348
1,38,38,2.3874603982487574,0,0,2.0,2.0,0.8119771480560303,0.7543128728866577,0.920960545539856,0.5899230241775513,0.5027688145637512,1.0,1.0,1.0,0.6581798791885376,1.0,1.0,1.0,0.5027688145637512,0.7543128728866577,0.5027688145637512,0.6581798791885376,1.0,0.0,0.6890208125114441,0.8534950017929077,1.0,0.7780929207801819,0.16247402131557465,0.2866417169570923,0.0,-0.0001832121197367087,0.0034262947738170624,-0.999994158744812,0.0,0.0,0.0,0.0,0.0,0.0,131.70870971679688,12.501523971557617,18.640310287475586,12.501523971557617,25.0,16.379287719726562,0.0,1.0,0.5000609588623047,0.7456124114990235,0.0,0.0,0.0,0.0,0.0,1.31996750831604,0.14531533466967497,0.36967756241559985,0.5324999928474426,0.02,-0.0,-0.011015444485408487,-0.00042829947795674996,-0.0778897476196289,0.15,-0.07520866394042969,0.0,0.0,-0.0,0.0,0.0,0.0,0.0,0.35,0.0,0.0,0.0,0.0,0.0,0.0,0.0,0.0,0.25,-0.0,0.31982421875,0.0,0.31996750831604004,-0.0,0.0799560546875,0.0799560546875,-0.05,0.19167756289243698,0.12778504192829132,0.2,0.0,-0.0,-0.0,-0.0,0.27999999523162844,0.3499999940395355,-0.0,0.0,-0.0,-0.0,0.0,0.0,0.0,0.1598574901930988,-0.09749999642372131,-0.0,-0.0,0.02,0.0,0.0,0.0,0.0,0.0,0.0,0.12778504192829132,11.509739293903113,23.26086922832157,0.4206521686004555,0.0,0.0,0.3499999940395355,2.0,2.0,0.0,0.3499999940395355,0.0,0.3499999940395355,0.0,0.0,0.0,0.0,0.0,0.0,0.0,0.0,0.0,0.0,0.0,0.0,0.0,0.0,0.0,0.0,0.0,0.0,0.0,0.0,0.0,0.0,0.0,0.0,0.0,0.0,0.0,0.0,0.0,0.0,0.0,0.0,0.0,28.0,28.0,28.0,0.0,0.0,0.0,0.0,0.0,1.0,0.0,1.0,0.0,0.0,0.0,1.52,47.24700003862381,0.610999995842576,0.000700005330145359,39.322600001469254,23.44309992622584,4.0,4.007799900136888,2.5461000623181462,0.7226000307127833,0.000500003807246685
1,39,39,3.6546324241933763,0,0,2.0,4.0,0.8026084303855896,0.745612382888794,0.9103432297706604,0.5867389440536499,0.5000609755516052,1.0,1.0,1.0,0.6551715135574341,1.0,1.0,1.0,0.5000609755516052,0.745612382888794,0.5000609755516052,0.6551715135574341,1.0,0.0,0.6900857090950012,0.8534912467002869,1.0,0.7776171565055847,0.1644248515367508,0.11854012310504913,0.0,-0.00011848763097077608,0.0034352606162428856,-0.9999940991401672,0.0,0.0,0.0,0.0,0.0,0.0,131.79054260253906,12.533409118652344,18.414857864379883,12.533409118652344,25.0,16.301488876342773,0.0,1.0,0.5013363647460938,0.7365943145751953,0.0,0.0,0.0,0.0,0.0,1.327477902173996,0.17863307334756234,0.4260214450955391,1.7025000035762787,0.02,-0.0,-0.010900766944487779,-0.00044183751576524957,-0.04679553985595703,0.15,-0.07779884338378906,0.0,0.0,-0.0,0.0,0.0,0.0,0.0,0.35,0.0,0.0,0.0,0.0,0.0,0.0,0.0,0.0,0.25,-0.0,0.32733154296875,0.0,0.32747790217399597,-0.0,0.0818328857421875,0.0818328857421875,-0.05,0.1960214450955391,0.13068096339702606,0.2,0.0,-0.0,-0.0,-0.0,0.8,1.0,-0.0,0.0,-0.0,-0.0,0.0,0.0,0.0,0.16457006104756147,-0.09749999642372131,-0.0,-0.0,0.02,0.0,0.0,0.0,0.0,0.0,0.0,0.13068096339702606,11.849044395424427,32.4,1.0,0.0,0.0,1.0,2.0,4.0,0.0,1.0,0.0,1.0,0.0,0.0,0.0,0.0,0.0,0.0,0.0,0.0,0.0,0.0,0.0,0.0,0.0,0.0,0.0,0.0,0.0,0.0,0.0,0.0,0.0,0.0,0.0,0.0,0.0,0.0,0.0,0.0,0.0,0.0,0.0,0.0,0.0,28.0,28.0,28.0,0.0,0.0,0.0,0.0,0.0,1.0,0.0,1.0,0.0,0.0,0.0,1.56,41.204200009815395,0.6466000340878963,0.000500003807246685,32.55839995108545,16.837700037285686,4.0,4.580299952067435,2.6355000445619226,0.7396999280899763,0.001100008375942707
1,40,40,3.8973405994874777,0,0,2.0,4.0,0.7929016351699829,0.7365943193435669,0.8993322849273682,0.5834624171257019,0.5013363361358643,1.0,1.0,1.0,0.6520595550537109,1.0,1.0,1.0,0.5013363361358643,0.7365943193435669,0.5013363361358643,0.6520595550537109,1.0,0.0,0.6911746859550476,0.8534872531890869,1.0,0.777130663394928,0.1692720651626587,0.29453566670417786,0.0,9.34004201553762e-05,0.0034268656745553017,-0.9999940991401672,0.0,0.0,0.0,0.0,0.0,0.0,131.8748779296875,12.533409118652344,18.414857864379883,12.533409118652344,25.0,16.301488876342773,0.0,1.0,0.5013363647460938,0.7365943145751953,0.0,0.0,0.0,0.0,0.0,1.3375017940998077,0.30803454000776387,0.4318042653799057,1.8,0.02,-0.0,-0.010900766944487779,-0.00044183751576524957,0.0,0.15,-0.0,0.0,0.0,-0.0,0.0,0.0,0.0,0.0,0.35,0.0,0.0,0.0,0.0,0.0,0.0,0.0,0.0,0.25,-0.0,0.33734130859375,0.0,0.33750179409980774,-0.0,0.0843353271484375,0.0843353271484375,-0.05,0.2018042653799057,0.13453617691993713,0.2,0.0,-0.0,-0.0,-0.0,0.8,1.0,-0.0,0.0,-0.0,-0.0,0.0,0.0,0.0,0.1693771444680169,-0.0,-0.0,-0.0,0.02,0.0,0.0,0.0,0.0,0.0,0.0,0.13453617691993713,12.195154401697218,32.4,1.0,0.0,0.0,1.0,2.0,4.0,0.0,1.0,0.0,1.0,0.0,0.0,0.0,0.0,0.0,0.0,0.0,0.0,0.0,0.0,0.0,0.0,0.0,0.0,0.0,0.0,0.0,0.0,0.0,0.0,0.0,0.0,0.0,0.0,0.0,0.0,0.0,0.0,0.0,0.0,0.0,0.0,0.0,28.0,28.0,28.0,0.0,0.0,0.0,0.0,0.0,1.0,0.0,1.0,0.0,0.0,0.0,1.6,30.817999970167875,0.3874999238178134,0.001700012944638729,23.497099988162518,8.098199963569641,4.0,3.858399926684797,2.351099974475801,0.6804000586271286,0.000300002284348011
1,41,41,3.755674805486868,0,0,2.0,4.0,0.7929016351699829,0.7365943193435669,0.8993322849273682,0.5834624171257019,0.5013363361358643,1.0,1.0,1.0,0.6520595550537109,1.0,1.0,1.0,0.5013363361358643,0.7365943193435669,0.5013363361358643,0.6520595550537109,1.0,0.0,0.6922957897186279,0.853483259677887,1.0,0.7766300439834595,0.17421649396419525,0.30044272541999817,0.0,9.34004201553762e-05,0.0034210446756333113,-0.999994158744812,0.0,0.0,0.0,0.0,0.0,0.0,131.9617462158203,12.497255325317383,18.178483963012695,12.497255325317383,25.0,16.21913719177246,0.0,1.0,0.4998902130126953,0.7271393585205078,0.0,0.0,0.0,0.0,0.0,1.34768745303154,0.15031296088762058,0.43767439156770704,1.8,0.02,-0.0,-0.011030889737556842,-0.0004566343115069642,-0.08019172668457031,0.15,-0.0823516845703125,0.0,0.0,-0.0,0.0,0.0,0.0,0.0,0.35,0.0,0.0,0.0,0.0,0.0,0.0,0.0,0.0,0.25,-0.0,0.34747314453125,0.0,0.3476874530315399,-0.0,0.0868682861328125,0.0868682861328125,-0.05,0.20767439156770706,0.13844959437847137,0.2,0.0,-0.0,-0.0,-0.0,0.8,1.0,-0.0,0.0,-0.0,-0.0,0.0,0.0,0.0,0.1743438961915672,-0.0,-0.0,-0.0,0.02,0.0,0.0,0.0,0.0,0.0,0.0,0.13844959437847137,12.552760525792838,32.4,1.0,0.0,0.0,1.0,2.0,4.0,0.0,1.0,0.0,1.0,0.0,0.0,0.0,0.0,0.0,0.0,0.0,0.0,0.0,0.0,0.0,0.0,0.0,0.0,0.0,0.0,0.0,0.0,0.0,0.0,0.0,0.0,0.0,0.0,0.0,0.0,0.0,0.0,0.0,0.0,0.0,0.0,0.0,28.0,28.0,28.0,0.0,0.0,0.0,0.0,0.0,1.0,0.0,1.0,0.0,0.0,0.0,1.64,70.8141999784857,0.4621000261977315,0.000500003807246685,49.55809994135052,21.464699995703995,4.0,16.941800015047193,3.011499997228384,0.7971999002620578,0.000500003807246685
1,42,42,3.939578865086021,0,0,2.0,4.0,0.7827292084693909,0.7271393537521362,0.8877785205841064,0.5800074934959412,0.49989020824432373,1.0,1.0,1.0,0.648765504360199,1.0,1.0,1.0,0.49989020824432373,0.7271393537521362,0.49989020824432373,0.648765504360199,1.0,0.0,0.6934493780136108,0.8534792065620422,1.0,0.7761150598526001,0.1793251484632492,0.31042197346687317,0.0,8.566192263970152e-05,0.0034143198281526566,-0.999994158744812,0.0,0.0,0.0,0.0,0.0,0.0,132.05120849609375,12.497255325317383,18.178483963012695,12.497255325317383,25.0,16.21913719177246,0.0,1.0,0.4998902130126953,0.7271393585205078,0.0,0.0,0.0,0.0,0.0,1.358070284128189,0.3178650226344488,0.4436435583233833,1.8,0.02,-0.0,-0.011030889737556842,-0.0004566343115069642,0.0,0.15,-0.0,0.0,0.0,-0.0,0.0,0.0,0.0,0.0,0.35,0.0,0.0,0.0,0.0,0.0,0.0,0.0,0.0,0.25,-0.0,0.35784912109375,0.0,0.3580702841281891,-0.0,0.0894622802734375,0.0894622802734375,-0.05,0.21364355832338333,0.14242903888225555,0.2,0.0,-0.0,-0.0,-0.0,0.8,1.0,-0.0,0.0,-0.0,-0.0,0.0,0.0,0.0,0.17935254668351264,-0.0,-0.0,-0.0,0.02,0.0,0.0,0.0,0.0,0.0,0.0,0.14242903888225555,12.91338336121291,32.4,1.0,0.0,0.0,1.0,2.0,4.0,0.0,1.0,0.0,1.0,0.0,0.0,0.0,0.0,0.0,0.0,0.0,0.0,0.0,0.0,0.0,0.0,0.0,0.0,0.0,0.0,0.0,0.0,0.0,0.0,0.0,0.0,0.0,0.0,0.0,0.0,0.0,0.0,0.0,0.0,0.0,0.0,0.0,28.0,28.0,28.0,0.0,0.0,0.0,0.0,0.0,1.0,0.0,1.0,0.0,0.0,0.0,1.68,31.427600071765482,0.7518000202253461,0.000700005330145359,24.349399958737195,10.700599988922477,4.0,3.645600052550435,2.004199894145131,0.6351000629365444,0.000400003045797348
1,43,43,3.7965038658362658,0,0,2.0,4.0,0.7827292084693909,0.7271393537521362,0.8877785205841064,0.5800074934959412,0.49989020824432373,1.0,1.0,1.0,0.648765504360199,1.0,1.0,1.0,0.49989020824432373,0.7271393537521362,0.49989020824432373,0.648765504360199,1.0,0.0,0.6946361660957336,0.8534749746322632,1.0,0.7755854725837708,0.18447691202163696,0.3130406439304352,0.0,8.566192263970152e-05,0.0034065977670252323,-0.9999942183494568,0.0,0.0,0.0,0.0,0.0,0.0,132.14332580566406,12.497405052185059,17.93043327331543,12.497405052185059,25.0,16.133779525756836,0.0,1.0,0.4998962020874023,0.7172173309326172,0.0,0.0,0.0,0.0,0.0,1.3686557710170746,0.15813413870156126,0.44971395611763,1.8,0.02,-0.0,-0.011030347608508854,-0.000472494422832769,-0.07941688537597656,0.15,-0.085357666015625,0.0,0.0,-0.0,0.0,0.0,0.0,0.0,0.35,0.0,0.0,0.0,0.0,0.0,0.0,0.0,0.0,0.25,-0.0,0.36846923828125,0.0,0.3686557710170746,-0.0,0.0921173095703125,0.0921173095703125,-0.05,0.21971395611763,0.14647597074508667,0.2,0.0,-0.0,-0.0,-0.0,0.8,1.0,-0.0,0.0,-0.0,-0.0,0.0,0.0,0.0,0.18441153212450445,-0.0,-0.0,-0.0,0.02,0.0,0.0,0.0,0.0,0.0,0.0,0.14647597074508667,13.277630312964321,32.4,1.0,0.0,0.0,1.0,2.0,4.0,0.0,1.0,0.0,1.0,0.0,0.0,0.0,0.0,0.0,0.0,0.0,0.0,0.0,0.0,0.0,0.0,0.0,0.0,0.0,0.0,0.0,0.0,0.0,0.0,0.0,0.0,0.0,0.0,0.0,0.0,0.0,0.0,0.0,0.0,0.0,0.0,0.0,28.0,28.0,28.0,0.0,0.0,0.0,0.0,0.0,1.0,0.0,1.0,0.0,0.0,0.0,1.72,44.99149997718632,0.3942999755963683,0.000500003807246685,37.61470003519207,17.151700099930167,4.0,3.9615000132471323,1.918399939313531,1.0673999786376953,0.000300002284348011
1,44,44,3.3700361596011406,0,0,2.0,3.0,0.7720525860786438,0.7172173261642456,0.8756575584411621,0.5763861536979675,0.49989619851112366,1.0,1.0,1.0,0.6453511714935303,1.0,1.0,1.0,0.49989619851112366,0.7172173261642456,0.49989619851112366,0.6453511714935303,1.0,0.0,0.6958567500114441,0.8534708023071289,1.0,0.7750410437583923,0.18968042731285095,0.3161865770816803,0.0,0.00010665219451766461,0.003398100147023797,-0.9999942183494568,0.0,0.0,0.0,0.0,0.0,0.0,132.2376708984375,12.497405052185059,17.93043327331543,12.497405052185059,25.0,16.133779525756836,0.0,1.0,0.4998962020874023,0.7172173309326172,0.0,0.0,0.0,0.0,0.0,1.3776321411132812,0.32660716637604253,0.4307968753576279,1.2149999767541886,0.02,-0.0,-0.011030347608508854,-0.000472494422832769,0.0,0.15,-0.0,0.0,0.0,-0.0,0.0,0.0,0.0,0.0,0.35,0.0,0.0,0.0,0.0,0.0,0.0,0.0,0.0,0.25,-0.0,0.37738037109375,0.0,0.37763214111328125,-0.0,0.0943450927734375,0.0943450927734375,-0.05,0.22479687631130219,0.1498645842075348,0.2,0.0,-0.0,-0.0,-0.0,0.5599999904632569,0.699999988079071,-0.0,0.0,-0.0,-0.0,0.0,0.0,0.0,0.18811000840738418,-0.04500000178813934,-0.0,-0.0,0.02,0.0,0.0,0.0,0.0,0.0,0.0,0.1498645842075348,13.54392060533166,32.4,0.7326086850269979,0.0,0.0,0.699999988079071,2.0,3.0,0.0,0.699999988079071,0.0,0.699999988079071,0.0,0.0,0.0,0.0,0.0,0.0,0.0,0.0,0.0,0.0,0.0,0.0,0.0,0.0,0.0,0.0,0.0,0.0,0.0,0.0,0.0,0.0,0.0,0.0,0.0,0.0,0.0,0.0,0.0,0.0,0.0,0.0,0.0,28.0,28.0,28.0,0.0,0.0,0.0,0.0,0.0,1.0,0.0,1.0,0.0,0.0,0.0,1.76,23.544900002889335,0.49190002027899027,0.000500003807246685,17.326099914498627,10.254299966618419,4.0,3.026599995791912,1.9332000520080328,0.7329999934881926,0.000600004568696022
1,45,45,3.29738508339805,0,0,2.0,3.0,0.7720525860786438,0.7172173261642456,0.8756575584411621,0.5763861536979675,0.49989619851112366,1.0,1.0,1.0,0.6453511714935303,1.0,1.0,1.0,0.49989619851112366,0.7172173261642456,0.49989619851112366,0.6453511714935303,1.0,0.0,0.6971055269241333,0.8534665703773499,1.0,0.7744841575622559,0.1934845745563507,0.23115476965904236,0.0,0.00010665219451766461,0.0033937660045921803,-0.9999942183494568,0.0,0.0,0.0,0.0,0.0,0.0,132.33401489257812,12.546917915344238,17.670917510986328,12.546917915344238,25.0,16.043460845947266,0.0,1.0,0.5018767166137695,0.7068367004394531,0.0,0.0,0.0,0.0,0.0,1.385596126317978,0.19650814261121133,0.43528083592653277,1.259999978542328,0.02,-0.0,-0.010852547832072195,-0.0004898765473900232,-0.04366355895996093,0.15,-0.09031867980957031,0.0,0.0,-0.0,0.0,0.0,0.0,0.0,0.35,0.0,0.0,0.0,0.0,0.0,0.0,0.0,0.0,0.25,-0.0,0.3853759765625,0.0,0.3855961263179779,-0.0,0.096343994140625,0.096343994140625,-0.05,0.22928083688020706,0.15285389125347137,0.2,0.0,-0.0,-0.0,-0.0,0.5599999904632569,0.699999988079071,-0.0,0.0,-0.0,-0.0,0.0,0.0,0.0,0.19183280576020478,-0.0,-0.0,-0.0,0.02,0.0,0.0,0.0,0.0,0.0,0.0,0.15285389125347137,13.811962014734744,32.4,0.7326086850269979,0.0,0.0,0.699999988079071,2.0,3.0,0.0,0.699999988079071,0.0,0.699999988079071,0.0,0.0,0.0,0.0,0.0,0.0,0.0,0.0,0.0,0.0,0.0,0.0,0.0,0.0,0.0,0.0,0.0,0.0,0.0,0.0,0.0,0.0,0.0,0.0,0.0,0.0,0.0,0.0,0.0,0.0,0.0,0.0,0.0,28.0,28.0,28.0,0.0,0.0,0.0,0.0,0.0,1.0,0.0,1.0,0.0,0.0,0.0,1.8,33.17750000860542,0.5878000520169735,0.000500003807246685,26.20520000346005,15.030100010335445,4.0,3.4824999747797847,2.2362000308930874,0.6266999989748001,0.000500003807246685
1,46,46,3.78051309001227,0,0,2.0,4.0,0.7608827352523804,0.7068367004394531,0.8629758358001709,0.572597324848175,0.501876711845398,1.0,1.0,1.0,0.6417384147644043,1.0,1.0,1.0,0.501876711845398,0.7068367004394531,0.501876711845398,0.6417384147644043,1.0,0.0,0.6983793377876282,0.8534622192382812,1.0,0.7739163637161255,0.19731374084949493,0.23267483711242676,0.0,8.403000538237393e-05,0.0033866683952510357,-0.9999942779541016,0.0,0.0,0.0,0.0,0.0,0.0,132.432861328125,12.460689544677734,17.400733947753906,12.460689544677734,25.0,15.950014114379883,0.0,1.0,0.4984275817871094,0.6960293579101563,0.0,0.0,0.0,0.0,0.0,1.3955995440483093,0.1449435220338878,0.4649700257182121,1.7549999982118607,0.02,-0.0,-0.011164100107296423,-0.0005085340159219569,-0.09700927734374999,0.15,-0.09344673156738281,0.0,0.0,-0.0,0.0,0.0,0.0,0.0,0.35,0.0,0.0,0.0,0.0,0.0,0.0,0.0,0.0,0.25,-0.0,0.3953857421875,0.0,0.3955995440483093,-0.0,0.098846435546875,0.098846435546875,-0.05,0.23497002571821213,0.15664668381214142,0.2,0.0,-0.0,-0.0,-0.0,0.8,1.0,-0.0,0.0,-0.0,-0.0,0.0,0.0,0.0,0.197072165068239,-0.04500000178813934,-0.0,-0.0,0.02,0.0,0.0,0.0,0.0,0.0,0.0,0.15664668381214142,14.189195884913206,32.4,1.0,0.0,0.0,1.0,2.0,4.0,0.0,1.0,0.0,1.0,0.0,0.0,0.0,0.0,0.0,0.0,0.0,0.0,0.0,0.0,0.0,0.0,0.0,0.0,0.0,0.0,0.0,0.0,0.0,0.0,0.0,0.0,0.0,0.0,0.0,0.0,0.0,0.0,0.0,0.0,0.0,0.0,0.0,28.0,28.0,28.0,0.0,0.0,0.0,0.0,0.0,1.0,0.0,1.0,0.0,0.0,0.0,1.84,42.40349994506687,0.4884999943897128,0.000600004568696022,35.362299997359514,18.156499951146543,4.0,3.9596999995410442,1.8077000277116895,0.7251000497490168,0.0004998873919248581
1,47,47,4.039291621712642,0,0,2.0,4.0,0.749249279499054,0.6960293650627136,0.8497807383537292,0.5686696767807007,0.4984275698661804,1.0,1.0,1.0,0.6380005478858948,1.0,1.0,1.0,0.4984275698661804,0.6960293650627136,0.4984275698661804,0.6380005478858948,1.0,0.0,0.6996846795082092,0.8534577488899231,1.0,0.7733347415924072,0.20270280539989471,0.3274599611759186,0.0,0.00014778657350689173,0.0033739320933818817,-0.9999943375587463,0.0,0.0,0.0,0.0,0.0,0.0,132.53456115722656,12.460689544677734,17.400733947753906,12.460689544677734,25.0,15.950014114379883,0.0,1.0,0.4984275817871094,0.6960293579101563,0.0,0.0,0.0,0.0,0.0,1.4070199728012085,0.3408052906074103,0.4714663583040237,1.8,0.02,-0.0,-0.011164100107296423,-0.0005085340159219569,0.0,0.15,-0.0,0.0,0.0,-0.0,0.0,0.0,0.0,0.0,0.35,0.0,0.0,0.0,0.0,0.0,0.0,0.0,0.0,0.25,-0.0,0.40679931640625,0.0,0.4070199728012085,-0.0,0.1016998291015625,0.1016998291015625,-0.05,0.24146635830402374,0.1609775722026825,0.2,0.0,-0.0,-0.0,-0.0,0.8,1.0,-0.0,0.0,-0.0,-0.0,0.0,0.0,0.0,0.20247792473062873,-0.0,-0.0,-0.0,0.02,0.0,0.0,0.0,0.0,0.0,0.0,0.1609775722026825,14.578410580605267,32.4,1.0,0.0,0.0,1.0,2.0,4.0,0.0,1.0,0.0,1.0,0.0,0.0,0.0,0.0,0.0,0.0,0.0,0.0,0.0,0.0,0.0,0.0,0.0,0.0,0.0,0.0,0.0,0.0,0.0,0.0,0.0,0.0,0.0,0.0,0.0,0.0,0.0,0.0,0.0,0.0,0.0,0.0,0.0,28.0,28.0,28.0,0.0,0.0,0.0,0.0,0.0,1.0,0.0,1.0,0.0,0.0,0.0,1.88,30.761500005610287,0.636699958704412,0.000500003807246685,21.967399981804192,7.258400088176131,4.0,4.8374999314546585,2.5651000905781984,0.7125999545678496,0.000500003807246685
1,48,48,3.9191472440822417,0,0,2.0,4.0,0.749249279499054,0.6960293650627136,0.8497807383537292,0.5686696767807007,0.4984275698661804,1.0,1.0,1.0,0.6380005478858948,1.0,1.0,1.0,0.4984275698661804,0.6960293650627136,0.4984275698661804,0.6380005478858948,1.0,0.0,0.701026201248169,0.8534532189369202,1.0,0.7727372050285339,0.20826300978660583,0.33785998821258545,0.0,0.00014778657350689173,0.0033627611119300127,-0.9999943375587463,0.0,0.0,0.0,0.0,0.0,0.0,132.63916015625,12.516579627990723,17.117900848388672,12.516579627990723,25.0,15.851934432983398,0.0,1.0,0.5006631851196289,0.6847160339355469,0.0,0.0,0.0,0.0,0.0,1.4186448752880096,0.20243200956419047,0.4780703592300415,1.8,0.02,-0.0,-0.010961143687252173,-0.0005288812785264529,-0.04602264404296874,0.15,-0.09807968139648438,0.0,0.0,-0.0,0.0,0.0,0.0,0.0,0.35,0.0,0.0,0.0,0.0,0.0,0.0,0.0,0.0,0.25,-0.0,0.41839599609375,0.0,0.41864487528800964,-0.0,0.1045989990234375,0.1045989990234375,-0.05,0.2480703592300415,0.16538023948669434,0.2,0.0,-0.0,-0.0,-0.0,0.8,1.0,-0.0,0.0,-0.0,-0.0,0.0,0.0,0.0,0.20802435996942223,-0.0,-0.0,-0.0,0.02,0.0,0.0,0.0,0.0,0.0,0.0,0.16538023948669434,14.977753917798399,32.4,1.0,0.0,0.0,1.0,2.0,4.0,0.0,1.0,0.0,1.0,0.0,0.0,0.0,0.0,0.0,0.0,0.0,0.0,0.0,0.0,0.0,0.0,0.0,0.0,0.0,0.0,0.0,0.0,0.0,0.0,0.0,0.0,0.0,0.0,0.0,0.0,0.0,0.0,0.0,0.0,0.0,0.0,0.0,28.0,28.0,28.0,0.0,0.0,0.0,0.0,0.0,1.0,0.0,1.0,0.0,0.0,0.0,1.92,53.65920008625835,0.61039999127388,0.000500003807246685,46.573500032536685,21.21210005134344,4.0,3.8924000691622496,1.9493999425321817,0.5897000664845109,0.000300002284348011
1,49,49,4.087438467420115,0,0,2.0,4.0,0.7370787262916565,0.6847160458564758,0.8359541296958923,0.5645396709442139,0.500663161277771,1.0,1.0,1.0,0.6340773701667786,1.0,1.0,1.0,0.500663161277771,0.6847160458564758,0.500663161277771,0.6340773701667786,1.0,0.0,0.7024043798446655,0.8534485697746277,1.0,0.7721235752105713,0.2139679193496704,0.34665220975875854,0.0,0.0001444944937247783,0.0033512667287141085,-0.9999943971633911,0.0,0.0,0.0,0.0,0.0,0.0,132.74671936035156,12.516579627990723,17.117900848388672,12.516579627990723,25.0,15.851934432983398,0.0,1.0,0.5006631851196289,0.6847160339355469,0.0,0.0,0.0,0.0,0.0,1.430494248867035,0.35215649036265845,0.48478772819042204,1.8,0.02,-0.0,-0.010961143687252173,-0.0005288812785264529,0.0,0.15,-0.0,0.0,0.0,-0.0,0.0,0.0,0.0,0.0,0.35,0.0,0.0,0.0,0.0,0.0,0.0,0.0,0.0,0.25,-0.0,0.43023681640625,0.0,0.4304942488670349,-0.0,0.1075592041015625,0.1075592041015625,-0.05,0.25478772819042206,0.16985848546028137,0.2,0.0,-0.0,-0.0,-0.0,0.8,1.0,-0.0,0.0,-0.0,-0.0,0.0,0.0,0.0,0.2136465153284371,-0.0,-0.0,-0.0,0.02,0.0,0.0,0.0,0.0,0.0,0.0,0.16985848546028137,15.38254910364747,32.4,1.0,0.0,0.0,1.0,2.0,4.0,0.0,1.0,0.0,1.0,0.0,0.0,0.0,0.0,0.0,0.0,0.0,0.0,0.0,0.0,0.0,0.0,0.0,0.0,0.0,0.0,0.0,0.0,0.0,0.0,0.0,0.0,0.0,0.0,0.0,0.0,0.0,0.0,0.0,0.0,0.0,0.0,0.0,28.0,28.0,28.0,0.0,0.0,0.0,0.0,0.0,1.0,0.0,1.0,0.0,0.0,0.0,1.96,51.45650007762015,0.5635000998154283,0.0006998889148235321,42.14410006534308,16.0492000868544,4.0,4.7412000130862,2.8466000221669674,1.117300009354949,0.000400003045797348
1,50,50,3.9687934080200153,0,0,2.0,4.0,0.7370787262916565,0.6847160458564758,0.8359541296958923,0.5645396709442139,0.500663161277771,1.0,1.0,1.0,0.6340773701667786,1.0,1.0,1.0,0.500663161277771,0.6847160458564758,0.500663161277771,0.6340773701667786,1.0,0.0,0.7038199305534363,0.8534437417984009,1.0,0.7714936137199402,0.21975070238113403,0.351384699344635,0.0,0.0001444944937247783,0.0033395453356206417,-0.9999943971633911,0.0,0.0,0.0,0.0,0.0,0.0,132.8572998046875,12.583803176879883,16.82206153869629,12.583803176879883,25.0,15.749578475952148,0.0,1.0,0.5033521270751953,0.6728824615478516,0.0,0.0,0.0,0.0,0.0,1.4425720572471619,0.21460286323594663,0.4916184875369072,1.8,0.02,-0.0,-0.010721987832936954,-0.0005509843265345388,-0.041114311218261715,0.15,-0.10235595703125,0.0,0.0,-0.0,0.0,0.0,0.0,0.0,0.35,0.0,0.0,0.0,0.0,0.0,0.0,0.0,0.0,0.25,-0.0,0.44232177734375,0.0,0.44257205724716187,-0.0,0.1105804443359375,0.1105804443359375,-0.05,0.2616184875369072,0.1744123250246048,0.2,0.0,-0.0,-0.0,-0.0,0.8,1.0,-0.0,0.0,-0.0,-0.0,0.0,0.0,0.0,0.21934610364492985,-0.0,-0.0,-0.0,0.02,0.0,0.0,0.0,0.0,0.0,0.0,0.1744123250246048,15.792919462434948,32.4,1.0,0.0,0.0,1.0,2.0,4.0,0.0,1.0,0.0,1.0,0.0,0.0,0.0,0.0,0.0,0.0,0.0,0.0,0.0,0.0,0.0,0.0,0.0,0.0,0.0,0.0,0.0,0.0,0.0,0.0,0.0,0.0,0.0,0.0,0.0,0.0,0.0,0.0,0.0,0.0,0.0,0.0,0.0,28.0,28.0,28.0,0.0,0.0,0.0,0.0,0.0,1.0,0.0,1.0,0.0,0.0,0.0,2.0,48.40990004595369,0.6847999757155776,0.000700005330145359,39.058900089003146,16.970600001513958,4.0,4.627199959941208,3.2325000502169132,0.7727999472990632,0.000500003807246685
1,51,51,3.5234106901116555,0,0,2.0,3.0,0.7243494987487793,0.6728824377059937,0.8214902281761169,0.5602168440818787,0.5033521056175232,1.0,1.0,1.0,0.629983127117157,1.0,1.0,1.0,0.5033521056175232,0.6728824377059937,0.5033521056175232,0.629983127117157,1.0,0.0,0.7052733898162842,0.8534387350082397,1.0,0.770846962928772,0.22561313211917877,0.35622426867485046,0.0,0.00014909538731444627,0.0033278956543654203,-0.9999944567680359,0.0,0.0,0.0,0.0,0.0,0.0,132.97042846679688,12.583803176879883,16.82206153869629,12.583803176879883,25.0,15.749578475952148,0.0,1.0,0.5033521270751953,0.6728824615478516,0.0,0.0,0.0,0.0,0.0,1.4528225660324097,0.36225188402606906,0.47333626329898837,1.2149999767541886,0.02,-0.0,-0.010721987832936954,-0.0005509843265345388,0.0,0.15,-0.0,0.0,0.0,-0.0,0.0,0.0,0.0,0.0,0.35,0.0,0.0,0.0,0.0,0.0,0.0,0.0,0.0,0.25,-0.0,0.4525146484375,0.0,0.45282256603240967,-0.0,0.113128662109375,0.113128662109375,-0.05,0.26733626425266266,0.17822417616844177,0.2,0.0,-0.0,-0.0,-0.0,0.5599999904632569,0.699999988079071,-0.0,0.0,-0.0,-0.0,0.0,0.0,0.0,0.22352485618554058,-0.04500000178813934,-0.0,-0.0,0.02,0.0,0.0,0.0,0.0,0.0,0.0,0.17822417616844177,16.09378964535892,32.4,0.7326086850269979,0.0,0.0,0.699999988079071,2.0,3.0,0.0,0.699999988079071,0.0,0.699999988079071,0.0,0.0,0.0,0.0,0.0,0.0,0.0,0.0,0.0,0.0,0.0,0.0,0.0,0.0,0.0,0.0,0.0,0.0,0.0,0.0,0.0,0.0,0.0,0.0,0.0,0.0,0.0,0.0,0.0,0.0,0.0,0.0,0.0,28.0,28.0,28.0,0.0,0.0,0.0,0.0,0.0,1.0,0.0,1.0,0.0,0.0,0.0,2.04,33.34540000651032,0.6887000054121017,0.000600004568696022,22.700799978338182,11.91510003991425,4.0,5.75320003554225,3.171699936501682,0.9960000170394778,0.000400003045797348
1,52,52,3.9002624185259296,0,0,2.0,4.0,0.7243494987487793,0.6728824377059937,0.8214902281761169,0.5602168440818787,0.5033521056175232,1.0,1.0,1.0,0.629983127117157,1.0,1.0,1.0,0.5033521056175232,0.6728824377059937,0.5033521056175232,0.629983127117157,1.0,0.0,0.7067585587501526,0.8534336686134338,1.0,0.7701865434646606,0.22991128265857697,0.26117202639579773,0.0,0.00014909538731444627,0.003321499563753605,-0.9999944567680359,0.0,0.0,0.0,0.0,0.0,0.0,133.08636474609375,12.551548957824707,16.512786865234375,12.551548957824707,25.0,15.642338752746582,0.0,1.0,0.5020619583129883,0.660511474609375,0.0,0.0,0.0,0.0,0.0,1.4640247523784637,0.15761707736801622,0.5036205905675888,1.7549999982118607,0.02,-0.0,-0.010836067423206383,-0.0005751335372557131,-0.1030872917175293,0.15,-0.1072397232055664,0.0,0.0,-0.0,0.0,0.0,0.0,0.0,0.35,0.0,0.0,0.0,0.0,0.0,0.0,0.0,0.0,0.25,-0.0,0.4637451171875,0.0,0.46402475237846375,-0.0,0.115936279296875,0.115936279296875,-0.05,0.2736205905675888,0.1824137270450592,0.2,0.0,-0.0,-0.0,-0.0,0.8,1.0,-0.0,0.0,-0.0,-0.0,0.0,0.0,0.0,0.22935529325157403,-0.04500000178813934,-0.0,-0.0,0.02,0.0,0.0,0.0,0.0,0.0,0.0,0.1824137270450592,16.51358111411333,32.4,1.0,0.0,0.0,1.0,2.0,4.0,0.0,1.0,0.0,1.0,0.0,0.0,0.0,0.0,0.0,0.0,0.0,0.0,0.0,0.0,0.0,0.0,0.0,0.0,0.0,0.0,0.0,0.0,0.0,0.0,0.0,0.0,0.0,0.0,0.0,0.0,0.0,0.0,0.0,0.0,0.0,0.0,0.0,28.0,28.0,28.0,0.0,0.0,0.0,0.0,0.0,1.0,0.0,1.0,0.0,0.0,0.0,2.08,44.97809999156743,0.7706000469624996,0.000900006853044033,37.47589990962297,26.263499981723726,4.0,3.695199964568019,2.367699984461069,0.6371999625116587,0.000600004568696022
1,53,53,3.9706311915133985,0,0,2.0,4.0,0.711035966873169,0.6605114936828613,0.8063805103302002,0.5557161569595337,0.5020619630813599,1.0,1.0,1.0,0.6256935596466064,1.0,1.0,1.0,0.5020619630813599,0.6605114936828613,0.5020619630813599,0.6256935596466064,1.0,0.0,0.7082786560058594,0.8534284234046936,1.0,0.7695108652114868,0.23590829968452454,0.36440232396125793,0.0,0.0001567337167216465,0.0033086086623370647,-0.9999945163726807,0.0,0.0,0.0,0.0,0.0,0.0,133.2054901123047,12.556231498718262,16.190330505371094,12.556231498718262,25.0,15.531126022338867,0.0,1.0,0.5022492599487305,0.6476132202148438,0.0,0.0,0.0,0.0,0.0,1.4768308699131012,0.16300140210137667,0.5107989194989204,1.8,0.02,-0.0,-0.010819429594169186,-0.000601296011384244,-0.09966363906860351,0.15,-0.11121273040771484,0.0,0.0,-0.0,0.0,0.0,0.0,0.0,0.35,0.0,0.0,0.0,0.0,0.0,0.0,0.0,0.0,0.25,-0.0,0.47650146484375,0.0,0.4768308699131012,-0.0,0.1191253662109375,0.1191253662109375,-0.05,0.28079891949892044,0.18719927966594696,0.2,0.0,-0.0,-0.0,-0.0,0.8,1.0,-0.0,0.0,-0.0,-0.0,0.0,0.0,0.0,0.23529849718324847,-0.0,-0.0,-0.0,0.02,0.0,0.0,0.0,0.0,0.0,0.0,0.18719927966594696,16.941491797193887,32.4,1.0,0.0,0.0,1.0,2.0,4.0,0.0,1.0,0.0,1.0,0.0,0.0,0.0,0.0,0.0,0.0,0.0,0.0,0.0,0.0,0.0,0.0,0.0,0.0,0.0,0.0,0.0,0.0,0.0,0.0,0.0,0.0,0.0,0.0,0.0,0.0,0.0,0.0,0.0,0.0,0.0,0.0,0.0,28.0,28.0,28.0,0.0,0.0,0.0,0.0,0.0,1.0,0.0,1.0,0.0,0.0,0.0,2.12,39.862999925389886,0.582000007852912,0.0005998881533741951,31.45020001102239,15.788000077009201,4.0,3.6123000318184495,3.376099979504943,0.7993999170139432,0.000500003807246685
1,54,54,3.322276048182976,0,0,3.0,4.0,0.6971549987792969,0.6476132273674011,0.7906270027160645,0.5510268211364746,0.5022492408752441,1.0,1.0,1.0,0.6212450265884399,1.0,1.0,1.0,0.5022492408752441,0.6476132273674011,0.5022492408752441,0.6212450265884399,1.0,0.0,0.7098386287689209,0.853422999382019,1.0,0.7688178420066833,0.24202130734920502,0.3714502453804016,0.0,0.00011910417379112914,0.003298264229670167,-0.9999945759773254,0.0,0.0,0.0,0.0,0.0,0.0,133.3277130126953,12.556231498718262,16.190330505371094,12.556231498718262,25.0,15.531126022338867,0.0,1.0,0.5022492599487305,0.6476132202148438,0.0,0.0,0.0,0.0,0.0,1.489181399345398,0.37996268906340896,0.5180823239684105,0.9150496358057584,0.02,-0.0,-0.010819429594169186,-0.000601296011384244,0.0,0.15,-0.0,0.0,0.0,-0.0,0.0,0.0,0.0,0.0,0.35,0.0,0.0,0.0,0.0,0.0,0.0,0.0,0.0,0.25,-0.0,0.4888916015625,0.0,0.48918139934539795,-0.0,0.122222900390625,0.122222900390625,-0.05,0.2880823239684105,0.192054882645607,0.2,0.0,-0.0178761660234843,-0.0,-0.0,0.6254545454545455,0.7818181818181819,-0.21818181818181814,0.0,-0.0952066115702479,-0.14295849609375,0.0,0.0,0.0,0.24138341466896238,-0.017999999597668646,-0.0,-0.0,0.02,0.0,0.0,0.0,0.0,0.0,0.0,0.192054882645607,17.37960585616529,32.4,1.0,0.0,0.25,1.0,3.0,4.0,0.25,1.0,0.11999999731779099,1.0,0.12,1.0,0.0,0.0,0.0,0.25,0.25,1.0,0.13,0.0,0.0,0.0,0.0,0.0,0.0,0.0,0.0,0.0,0.0,0.0,0.0,0.0,0.0,0.0,0.0,0.0,0.0,0.0,0.0,0.0,0.0,0.0,0.0,28.0,28.0,28.0,0.0,0.0,0.0,0.0,0.0,1.0,0.0,1.0,0.0,0.0,0.0,2.16,20.158999948762357,0.6830999627709389,0.000600004568696022,11.318799923174083,6.612499943003058,4.0,4.328300012275577,2.8873999835923314,0.901699997484684,0.000400003045797348
1,55,55,4.203637398751146,0,0,2.0,4.0,0.6971549987792969,0.6476132273674011,0.7906270027160645,0.5510268211364746,0.5022492408752441,1.0,1.0,1.0,0.6212450265884399,1.0,1.0,1.0,0.5022492408752441,0.6476132273674011,0.5022492408752441,0.6212450265884399,1.0,0.0,0.7114390730857849,0.8534156084060669,1.0,0.7681064605712891,0.24828007817268372,0.3803073465824127,0.2181818187236786,0.00011910417379112914,0.0035202326253056526,-0.9999938011169434,0.0,0.0,0.0,0.0,0.0,0.0,133.453369140625,12.631028175354004,15.85441780090332,12.631028175354004,25.0,15.395636558532715,0.0,1.0,0.5052411270141601,0.6341767120361328,0.0,0.0,0.0,0.0,0.0,1.5030112266540527,0.20186976944835697,0.5253872978687286,1.953369104780009,0.02,-0.0,-0.010557155324098011,-0.0006347829504995017,-0.049065837860107424,0.15,-0.13548946380615234,0.0,0.0,-0.0,0.0,0.0,0.0,0.0,0.35,0.0,0.0,0.0,0.0,0.0,0.0,0.0,0.0,0.25,-0.0,0.50262451171875,0.0,0.5030112266540527,-0.0,0.1256561279296875,0.1256561279296875,-0.05,0.29538729786872864,0.1969248652458191,0.2,0.0,-0.0,-0.0,-0.0,0.8,1.0,-0.0,0.0,-0.0,-0.0,0.1713691043776777,0.0,0.0,0.24761700938921424,-0.017999999597668646,-0.0,-0.0,0.02,0.0,0.0,0.0,0.0,0.0,0.0,0.1969248652458191,17.828424676023424,32.4,1.0,0.0,0.0,1.0,2.0,4.0,0.0,1.0,0.0,1.0,0.0,0.0,0.0,0.0,0.0,0.0,0.0,0.0,0.0,0.0,0.0,0.0,0.0,0.0,0.0,0.0,0.0,0.0,0.0,0.0,0.0,0.0,0.0,0.0,0.0,0.0,0.0,0.0,0.0,0.0,0.0,0.0,0.0,28.0,28.0,28.0,0.0,0.0,0.0,0.0,0.0,1.0,0.0,1.0,0.0,0.0,0.0,2.2,60.467800009064376,0.417600036598742,0.000400003045797348,38.37029996793717,15.321599901653826,4.0,18.330099992454052,2.6147000025957823,0.6932999240234494,0.000400003045797348
1,56,56,4.2606458024568274,0,0,2.0,4.0,0.6822195649147034,0.6341767311096191,0.7751423716545105,0.5455100536346436,0.5052411556243896,1.0,1.0,1.0,0.6158254742622375,1.0,1.0,1.0,0.5052411556243896,0.6341767311096191,0.5052411556243896,0.6158254742622375,1.0,0.0,0.713080108165741,0.853410005569458,1.0,0.7673781514167786,0.2546917796134949,0.38959968090057373,0.0,-0.03140714019536972,0.005670895334333181,-0.9999839067459106,0.0,0.0,0.0,0.0,0.0,0.0,133.58204650878906,12.631028175354004,15.85441780090332,12.631028175354004,25.0,15.395636558532715,0.0,1.0,0.5052411270141601,0.6341767120361328,0.0,0.0,0.0,0.0,0.0,1.5150518417358398,0.3926686720437727,0.5329252886772156,1.8,0.02,-0.0,-0.010557155324098011,-0.0006347829504995017,0.0,0.15,-0.0,0.0,0.0,-0.0,0.0,0.0,0.0,0.0,0.35,0.0,0.0,0.0,0.0,0.0,0.0,0.0,0.0,0.25,-0.0,0.51470947265625,0.0,0.5150518417358398,-0.0,0.1286773681640625,0.1286773681640625,-0.05,0.3029252886772156,0.20195019245147705,0.2,0.0,-0.0,-0.0,-0.0,0.8,1.0,-0.0,0.0,-0.0,-0.0,0.0,0.0,0.0,0.2538606103183702,-0.0,-0.0,-0.0,0.02,0.0,0.0,0.0,0.0,0.0,0.0,0.20195019245147705,18.277963942922653,32.4,1.0,0.0,0.0,1.0,2.0,4.0,0.0,1.0,0.0,1.0,0.0,0.0,0.0,0.0,0.0,0.0,0.0,0.0,0.0,0.0,0.0,0.0,0.0,0.0,0.0,0.0,0.0,0.0,0.0,0.0,0.0,0.0,0.0,0.0,0.0,0.0,0.0,0.0,0.0,0.0,0.0,0.0,0.0,28.0,28.0,28.0,0.0,0.0,0.0,0.0,0.0,1.0,0.0,1.0,0.0,0.0,0.0,2.24,23.905100068077445,0.6739000091329217,0.000500003807246685,15.327299945056438,10.617199935950339,4.0,4.055999917909503,2.924000029452145,0.8934000506997108,0.000400003045797348
1,57,57,4.0780294748815615,0,0,2.0,4.0,0.6822195649147034,0.6341767311096191,0.7751423716545105,0.5455100536346436,0.5052411556243896,1.0,1.0,1.0,0.6158254742622375,1.0,1.0,1.0,0.5052411556243896,0.6341767311096191,0.5052411556243896,0.6158254742622375,1.0,0.0,0.7147629857063293,0.8534001708030701,1.0,0.7666301131248474,0.2611137628555298,0.39022505283355713,0.0,-0.03140714019536972,0.0076155150309205055,-0.9999709725379944,0.0,0.0,0.0,0.0,0.0,0.0,133.7137451171875,12.707478523254395,15.502482414245605,12.707478523254395,25.0,15.240382194519043,0.0,1.0,0.5082991409301758,0.6200992965698242,0.0,0.0,0.0,0.0,0.0,1.527187168598175,0.19023561802235464,0.5406066882610321,1.8,0.02,-0.0,-0.010295755236027519,-0.0006754538773744615,-0.053735599517822266,0.15,-0.15525436401367188,0.0,0.0,-0.0,0.0,0.0,0.0,0.0,0.35,0.0,0.0,0.0,0.0,0.0,0.0,0.0,0.0,0.25,-0.0,0.52679443359375,0.0,0.527187168598175,-0.0,0.1316986083984375,0.1316986083984375,-0.05,0.3106066882610321,0.20707112550735474,0.2,0.0,-0.0,-0.0,-0.0,0.8,1.0,-0.0,0.0,-0.0,-0.0,0.0,0.0,0.0,0.26019679066725077,-0.0,-0.0,-0.0,0.02,0.0,0.0,0.0,0.0,0.0,0.0,0.20707112550735474,18.734168928042052,32.4,1.0,0.0,0.0,1.0,2.0,4.0,0.0,1.0,0.0,1.0,0.0,0.0,0.0,0.0,0.0,0.0,0.0,0.0,0.0,0.0,0.0,0.0,0.0,0.0,0.0,0.0,0.0,0.0,0.0,0.0,0.0,0.0,0.0,0.0,0.0,0.0,0.0,0.0,0.0,0.0,0.0,0.0,0.0,28.0,28.0,28.0,0.0,0.0,0.0,0.0,0.0,1.0,0.0,1.0,0.0,0.0,0.0,2.28,45.09600007440895,0.6420999998226762,0.000600004568696022,35.35689995624125,15.897299977950752,4.0,4.863400012254715,3.4256000071763992,0.7729000644758344,0.000400003045797348
1,58,58,3.700099473460662,0,0,2.0,3.0,0.6662771105766296,0.6200993061065674,0.7597446441650391,0.5393293499946594,0.5082991123199463,1.0,1.0,1.0,0.6096152663230896,1.0,1.0,1.0,0.5082991123199463,0.6200993061065674,0.5082991123199463,0.6096152663230896,1.0,0.0,0.7164885401725769,0.8533855676651001,1.0,0.7658618688583374,0.26763099431991577,0.39601126313209534,0.0,-0.015518346801400185,0.00880017876625061,-0.999961256980896,0.0,0.0,0.0,0.0,0.0,0.0,133.84820556640625,12.707478523254395,15.502482414245605,12.707478523254395,25.0,15.240382194519043,0.0,1.0,0.5082991409301758,0.6200992965698242,0.0,0.0,0.0,0.0,0.0,1.5382094979286194,0.40387942568873086,0.5230105730891228,1.2149999767541886,0.02,-0.0,-0.010295755236027519,-0.0006754538773744615,0.0,0.15,-0.0,0.0,0.0,-0.0,0.0,0.0,0.0,0.0,0.35,0.0,0.0,0.0,0.0,0.0,0.0,0.0,0.0,0.25,-0.0,0.537841796875,0.0,0.5382094979286194,-0.0,0.13446044921875,0.13446044921875,-0.05,0.3170105740427971,0.21134038269519806,0.2,0.0,-0.0,-0.0,-0.0,0.5599999904632569,0.699999988079071,-0.0,0.0,-0.0,-0.0,0.0,0.0,0.0,0.26485063480213283,-0.04500000178813934,-0.0,-0.0,0.02,0.0,0.0,0.0,0.0,0.0,0.0,0.21134038269519806,19.069245705753566,32.4,0.7326086850269979,0.0,0.0,0.699999988079071,2.0,3.0,0.0,0.699999988079071,0.0,0.699999988079071,0.0,0.0,0.0,0.0,0.0,0.0,0.0,0.0,0.0,0.0,0.0,0.0,0.0,0.0,0.0,0.0,0.0,0.0,0.0,0.0,0.0,0.0,0.0,0.0,0.0,0.0,0.0,0.0,0.0,0.0,0.0,0.0,0.0,28.0,28.0,28.0,0.0,0.0,0.0,0.0,0.0,1.0,0.0,1.0,0.0,0.0,0.0,2.32,20.971500081941485,0.7097000489011407,0.000500003807246685,14.548599952831864,11.786799994297326,4.0,3.1461999751627445,2.0471999887377024,0.4881999921053648,0.000400003045797348
1,59,59,4.112114606695619,0,0,2.0,4.0,0.6662771105766296,0.6200993061065674,0.7597446441650391,0.5393293499946594,0.5082991123199463,1.0,1.0,1.0,0.6096152663230896,1.0,1.0,1.0,0.5082991123199463,0.6200993061065674,0.5082991123199463,0.6096152663230896,1.0,0.0,0.7182496190071106,0.853368878364563,1.0,0.7650775909423828,0.2724177837371826,0.2908652722835541,0.0,-0.015518346801400185,0.009611709043383598,-0.9999538064002991,0.0,0.0,0.0,0.0,0.0,0.0,133.9857177734375,12.806307792663574,15.136244773864746,12.806307792663574,25.0,15.101434707641602,0.0,1.0,0.512252311706543,0.6054497909545898,0.0,0.0,0.0,0.0,0.0,1.5504961609840393,0.23258222927376326,0.554036218225956,1.7549999982118607,0.02,-0.0,-0.00996755977284126,-0.0007140577708219053,-0.03914472579956054,0.15,-0.1389474868774414,0.0,0.0,-0.0,0.0,0.0,0.0,0.0,0.35,0.0,0.0,0.0,0.0,0.0,0.0,0.0,0.0,0.25,-0.0,0.550048828125,0.0,0.5504961609840393,-0.0,0.13751220703125,0.13751220703125,-0.05,0.32403621822595596,0.21602414548397064,0.2,0.0,-0.0,-0.0,-0.0,0.8,1.0,-0.0,0.0,-0.0,-0.0,0.0,0.0,0.0,0.27135605949442837,-0.04500000178813934,-0.0,-0.0,0.02,0.0,0.0,0.0,0.0,0.0,0.0,0.21602414548397064,19.53763628359884,32.4,1.0,0.0,0.0,1.0,2.0,4.0,0.0,1.0,0.0,1.0,0.0,0.0,0.0,0.0,0.0,0.0,0.0,0.0,0.0,0.0,0.0,0.0,0.0,0.0,0.0,0.0,0.0,0.0,0.0,0.0,0.0,0.0,0.0,0.0,0.0,0.0,0.0,0.0,0.0,0.0,0.0,0.0,0.0,28.0,28.0,28.0,0.0,0.0,0.0,0.0,0.0,1.0,0.0,1.0,0.0,0.0,0.0,2.36,32.08090004045516,0.48940000124275684,0.000400003045797348,25.47609992325306,14.943699934519827,4.0,3.3808998996391892,1.7483000410720706,0.9553000563755631,0.000500003807246685
1,60,60,4.198679004321616,0,0,2.0,4.0,0.650174081325531,0.6054497957229614,0.7426212430000305,0.5336058735847473,0.5122523307800293,1.0,1.0,1.0,0.6040573716163635,1.0,1.0,1.0,0.5122523307800293,0.6054497957229614,0.5122523307800293,0.6040573716163635,1.0,0.0,0.7200497388839722,0.8533505201339722,1.0,0.7642759084701538,0.27910909056663513,0.4065890312194824,0.0,-0.00773804122582078,0.010141965933144093,-0.9999485611915588,0.0,0.0,0.0,0.0,0.0,0.0,134.1267852783203,12.923107147216797,14.755077362060547,12.923107147216797,25.0,14.964807510375977,0.0,1.0,0.5169242858886719,0.5902030944824219,0.0,0.0,0.0,0.0,0.0,1.564730167388916,0.25189938516430194,0.5620494517683983,1.8,0.02,-0.0,-0.009593373801134961,-0.0007541676942812735,-0.029108371734619127,0.15,-0.136627197265625,0.0,0.0,-0.0,0.0,0.0,0.0,0.0,0.35,0.0,0.0,0.0,0.0,0.0,0.0,0.0,0.0,0.25,-0.0,0.56427001953125,0.0,0.564730167388916,-0.0,0.1410675048828125,0.1410675048828125,-0.05,0.3320494517683983,0.2213663011789322,0.2,0.0,-0.0,-0.0,-0.0,0.8,1.0,-0.0,0.0,-0.0,-0.0,0.0,0.0,0.0,0.2779824956599623,-0.0,-0.0,-0.0,0.02,0.0,0.0,0.0,0.0,0.0,0.0,0.2213663011789322,20.014739687517288,32.4,1.0,0.0,0.0,1.0,2.0,4.0,0.0,1.0,0.0,1.0,0.0,0.0,0.0,0.0,0.0,0.0,0.0,0.0,0.0,0.0,0.0,0.0,0.0,0.0,0.0,0.0,0.0,0.0,0.0,0.0,0.0,0.0,0.0,0.0,0.0,0.0,0.0,0.0,0.0,0.0,0.0,0.0,0.0,28.0,28.0,28.0,0.0,0.0,0.0,0.0,0.0,1.0,0.0,1.0,0.0,0.0,0.0,2.4,42.0829999493435,0.6215999601408839,0.000600004568696022,33.6828000145033,18.387299962341785,4.0,4.943900043144822,1.7964000580832362,0.9955998975783587,0.000500003807246685
1,61,61,3.7807701987314934,0,0,2.0,3.0,0.6336328983306885,0.5902031064033508,0.72430419921875,0.5279578566551208,0.516924262046814,1.0,1.0,1.0,0.5985922813415527,1.0,1.0,1.0,0.516924262046814,0.5902031064033508,0.516924262046814,0.5985922813415527,1.0,0.0,0.7218943238258362,0.8533310294151306,1.0,0.7634546756744385,0.28592485189437866,0.41415226459503174,0.0,-0.003744994755834341,0.010496953502297401,-0.9999449253082275,0.0,0.0,0.0,0.0,0.0,0.0,134.27987670898438,12.923107147216797,14.755077362060547,12.923107147216797,25.0,14.964807510375977,0.0,1.0,0.5169242858886719,0.5902030944824219,0.0,0.0,0.0,0.0,0.0,1.578482985496521,0.422550993888449,0.5447362425923348,1.2149999767541886,0.02,-0.0,-0.009593373801134961,-0.0007541676942812735,0.0,0.15,-0.0,0.0,0.0,-0.0,0.0,0.0,0.0,0.0,0.35,0.0,0.0,0.0,0.0,0.0,0.0,0.0,0.0,0.25,-0.0,0.61236572265625,0.0,0.578482985496521,-0.0,0.1530914306640625,0.1530914306640625,-0.05,0.33873624354600906,0.22582416236400604,0.2,0.0,-0.0,-0.0,-0.0,0.5599999904632569,0.699999988079071,-0.0,0.0,-0.0,-0.0,0.0,0.0,0.0,0.2828985353838653,-0.04500000178813934,-0.0,-0.0,0.02,0.0,0.0,0.0,0.0,0.0,0.0,0.22582416236400604,20.3686945476383,32.4,0.7326086850269979,0.0,0.0,0.699999988079071,2.0,3.0,0.0,0.699999988079071,0.0,0.699999988079071,0.0,0.0,0.0,0.0,0.0,0.0,0.0,0.0,0.0,0.0,0.0,0.0,0.0,0.0,0.0,0.0,0.0,0.0,0.0,80.34820556640625,102.42381286621094,80.5977554321289,102.22350311279297,0.24954986572265625,-0.20030975341796875,0.3199986517429352,-0.6763755474997034,-0.6458614468574524,-0.7634547352790833,1.0,-6.279114723205566,0.024082450196146965,0.0,28.0,28.0,28.0,0.0,0.0,0.0,0.0,0.0,1.0,120.0,1.0,1.0,1.0,0.0,0.0,36.04859998449683,0.6816999521106482,8.254999993368983,19.073500065132976,8.853300008922815,4.0,4.776600049808621,2.5026999646797776,0.7182999979704618,0.000500003807246685
1,62,62,-6.271825145804381,0,0,2.0,4.0,0.6336328983306885,0.5902031064033508,0.72430419921875,0.5279578566551208,0.516924262046814,1.0,1.0,1.0,0.5985922813415527,1.0,1.0,1.0,0.516924262046814,0.5902031064033508,0.516924262046814,0.5985922813415527,1.0,0.0,0.7258551716804504,0.8516412973403931,1.0,0.7610742449760437,0.29098135232925415,0.3072524964809418,0.0,-0.003744994755834341,0.0107426093891263,-0.9999423027038574,0.0,0.0,0.0,0.0,0.0,0.0,134.3272705078125,10.688944816589355,10.688944816589355,13.056167602539062,25.0,14.827656745910645,0.05674516782164574,0.9432548321783543,0.42755779266357424,0.42755779266357424,0.0,0.0,0.0,0.0,0.0,1.5028510280225587,-8.229052920518702,0.4793767484799025,-0.04500000178813934,0.02,-0.0,-0.009184472232212677,-0.0007966974974798087,-0.5017806816101074,0.15,-0.13715076446533203,0.0,0.0,-8.0,0.0,0.015491294518612211,-0.02710976540757137,0.25,0.0,0.45454545454545453,0.0,0.0,-0.0,0.0,-0.0,-0.008240841882921792,0.0,0.28688435908406973,-0.0,0.17881771903967092,0.0,0.5595961958442044,-0.0,0.047393798828125,0.047393798828125,-0.05,0.3293767484799025,0.23071254789829254,0.2,0.0,-0.0,-0.0,-0.0,0.0,0.0,-0.0,0.0,-0.0,-0.0,0.0,0.0,0.0,0.2897190080583096,-0.04500000178813934,-0.0,-0.0,0.02,0.0,0.0,0.0,0.0,0.0,0.0,0.23071254789829254,20.85976858019829,32.4,1.0,0.0,0.0,1.0,2.0,4.0,0.0,1.0,0.0,1.0,0.0,0.0,1.0,0.0,0.0,0.0,0.0,0.0,0.0,0.0,0.0,0.0,0.0,0.0,0.0,0.0,0.0,0.0,0.0,80.59769439697266,102.22347259521484,80.763427734375,101.94973754882812,0.16573333740234375,-0.27373504638671875,0.31999751925468445,-1.0263779050607338,-0.6486647725105286,-0.7610742449760437,1.0,-6.504925727844238,0.026519665494561195,0.0,28.0,28.0,28.0,0.0,0.0,0.0,0.0,0.0,1.0,120.0,1.0,1.0,1.0,0.0,0.0,56.878100032918155,0.6499000592157245,8.254599990323186,40.218899957835674,18.298499984666705,4.0,4.6746000880375504,2.3896999191492796,0.6460000295192003,0.000300002284348011
1,63,63,-1.798478948492007,0,0,3.0,4.0,0.4275577962398529,0.574385404586792,0.7050783634185791,0.5222467184066772,0.5280092358589172,1.0,1.0,1.0,0.5931062698364258,1.0,1.0,1.0,0.4275577962398529,0.4275577962398529,0.5222467184066772,0.5931062698364258,1.0,0.0,0.7291561961174011,0.8493373394012451,1.0,0.7587475180625916,0.2979966998100281,0.42627954483032227,0.0,-0.0017204153118655086,0.010889865458011627,-0.9999406933784485,0.0,0.05674516782164574,0.0098543306812644,0.0,0.0,0.0,134.28121948242188,10.688944816589355,10.688944816589355,13.056167602539062,25.0,14.827656745910645,0.05674516782164574,0.9432548321783543,0.42755779266357424,0.42755779266357424,0.0,0.0,0.0,0.0,0.0,1.5177803159411645,-3.724822371234077,0.4873185817597048,-0.09875547495879944,0.02,-0.0,-0.009184472232212677,-0.0007966974974798087,0.0,0.15,-0.0,0.0,0.0,-4.16,0.0,0.0216878123260571,-0.014097078011937113,0.25,0.0,0.23636363636363636,0.0,0.0,-0.0,0.0,-3.098368638236036e-05,-0.008240841882921792,-0.00041907295823939705,0.28688435908406973,-0.0,-0.368408203125,0.0,0.5745254837628102,-0.0,-0.046051025390625,-0.046051025390625,-0.05,0.3373185817597048,0.23627541959285736,0.2,0.0,-0.021966652289961065,-0.0,-0.0,0.0,0.0,-0.0,0.002898012663996065,-0.06168683573516578,-0.0,0.0,0.0,0.0,0.29583988975079994,-0.017999999597668646,-0.0,-0.0,0.02,0.0,0.0,0.0,0.0,0.0,0.0,0.23627541959285736,21.356467504128815,32.4,1.0,0.0,0.25,1.0,3.0,4.0,0.25,1.0,0.11999999731779099,1.0,0.12,1.0,1.0,0.0,0.0,0.25,0.25,1.0,0.13,0.0,0.0,0.0,0.0,0.0,0.0,0.0,0.0,0.0,0.0,80.76311492919922,101.94957733154297,80.82490539550781,101.63560485839844,0.06179046630859375,-0.31397247314453125,0.3199949562549591,-1.376477477240323,-0.6513847708702087,-0.7587474584579468,1.0,-6.735623836517334,0.029100248590111732,0.0,28.0,28.0,28.0,0.0,0.0,0.0,0.0,0.0,1.0,120.0,1.0,1.0,1.0,0.0,0.0,69.37099993228912,0.4560999805107713,7.154399994760752,50.25139998178929,22.31440006289631,4.0,6.551799946464598,4.020899999886751,0.8885000133886933,0.000500003807246685
1,64,64,6.394446290439776,0,0,3.0,3.0,0.4275577962398529,0.574385404586792,0.7050783634185791,0.5222467184066772,0.5280092358589172,1.0,1.0,1.0,0.5931062698364258,1.0,1.0,1.0,0.4275577962398529,0.4275577962398529,0.5222467184066772,0.5931062698364258,1.0,0.0,0.731634259223938,0.8466966152191162,1.0,0.7566477656364441,0.30509239435195923,0.4311622679233551,0.2181818187236786,-0.0017204153118655086,0.011308912187814713,-0.999936044216156,0.0,0.05674516782164574,0.0098543306812644,1.0,-0.0014607730554416776,0.0,134.16465759277344,13.194050788879395,13.94882583618164,13.194050788879395,25.0,14.673355102539062,0.0034806779585778713,0.9965193220414221,0.5277620315551758,0.5579530334472657,0.0,0.0,0.0,0.0,0.0,1.616478637741542,4.368743153704632,0.5621586249082238,-0.1729341259146226,0.02,-0.0,-0.008779456255653108,-0.0008474193840138955,4.10104845046997,0.15,-0.15430164337158203,0.0,0.0,-0.01826659776728394,0.0,0.0,0.0,0.0,0.35,0.0,0.0,0.0,0.0,0.0,0.0,0.0,0.0,0.2522624406730756,-0.0,-0.9324951171875,0.0,0.6199593157001201,-0.0,-0.1165618896484375,-0.1165618896484375,-0.05,0.3600569851091166,0.2407502681016922,0.2,0.0,-0.044417966484240116,-0.0,-0.0,0.29366378795860393,0.36707973494825485,-0.2841907625405843,7.632524872356658e-06,-0.2633984818561644,-0.1932115862167268,0.0,0.0,0.0,0.2998898200131953,-0.04846648424863815,-0.0,-0.0,0.02,0.0,0.0,0.0,0.0,0.0,0.0,0.2407502681016922,21.59206704095006,32.4,0.7326086850269979,0.0,0.25,0.699999988079071,3.0,3.0,0.25,0.699999988079071,0.23999999463558197,0.699999988079071,0.24,2.0,0.0,0.0,0.0,0.25,0.25,1.0,0.010000000000000009,0.0,0.0,0.0,0.0,0.0,0.0,0.0,0.0,0.0,0.0,80.82423400878906,101.6355972290039,80.77460479736328,101.31947326660156,-0.04962921142578125,-0.31612396240234375,0.3199959695339203,-1.726518158735023,-0.6538227200508118,-0.7566478252410889,1.0,-6.97188138961792,0.032005805522203445,0.0,28.0,28.0,28.0,0.0,0.0,0.0,0.0,0.0,1.0,120.0,1.0,1.0,1.0,0.0,0.0,81.49779995437711,0.7397000445052981,9.391499916091561,62.63940001372248,28.389799990691245,4.0,4.898499930277467,2.83290003426373,0.9566000662744045,0.0002998858690261841
1,65,65,3.1144232105169167,0,0,2.0,3.0,0.598581075668335,0.5579530596733093,0.6857081055641174,0.5277620553970337,0.5574874877929688,1.0,1.0,1.0,0.5869342088699341,1.0,1.0,1.0,0.5277620553970337,0.5579530596733093,0.5277620553970337,0.5869342088699341,1.0,0.0,0.7332191467285156,0.844038188457489,1.0,0.7549274563789368,0.3084580898284912,0.20451349020004272,0.4363636374473572,-0.034631405025720596,0.014764996245503426,-0.9998909831047058,0.0,0.0034806779585778713,0.00031526031671091914,0.0,0.0,0.0,134.00880432128906,13.194050788879395,13.94882583618164,13.194050788879395,25.0,14.673355102539062,0.0034806779585778713,0.9965193220414221,0.5277620315551758,0.5579530334472657,0.0,0.0,0.0,0.0,0.0,1.6243321329078628,0.2101430787121061,0.5671814899576899,0.6927665089392578,0.02,-0.0,-0.008779456255653108,-0.0008474193840138955,0.0,0.15,-0.0,0.0,0.0,-0.23746577097469043,0.0,0.0,0.0,0.0,0.35,0.0,0.0,0.0,0.0,0.0,0.0,0.0,0.0,0.2522624406730756,-0.0,-1.246826171875,0.0,0.6278128108664407,-0.0,-0.155853271484375,-0.155853271484375,-0.05,0.36507985015858274,0.24410878121852875,0.2,0.0,-0.02275300000131981,-0.0,-0.0,0.40734009297483764,0.5091751162185469,-0.14209538127029214,7.632524872356658e-06,-0.06505938429190514,-0.0966057931083634,0.12075722549055005,0.0,0.0,0.30723572532646354,-0.017999999597668646,-0.0,-0.0,0.02,0.0,0.0,0.0,0.0,0.0,0.0,0.24410878121852875,22.120972223505376,32.4,0.7326086850269979,0.0,0.0,0.699999988079071,2.0,3.0,0.0,0.699999988079071,0.11999999731779099,0.699999988079071,0.12,3.0,0.0,0.0,0.0,0.0,0.0,1.0,0.12,0.0,0.0,0.0,0.0,0.0,0.0,0.0,0.0,0.0,0.0,80.77368927001953,101.31969451904297,80.6186752319336,101.03974914550781,-0.1550140380859375,-0.27994537353515625,0.3199980556964874,-2.0764984509289044,-0.6558083295822144,-0.7549274563789368,1.0,-7.212611675262451,0.035107750445604324,0.0,28.0,28.0,28.0,0.0,0.0,0.0,0.0,0.0,1.0,120.0,1.0,1.0,1.0,0.0,0.0,42.57080005481839,0.6627000402659178,9.798599989153445,21.774300024844706,15.326800057664514,4.0,6.082699983380735,3.2200999557971954,0.9975000284612179,0.000400003045797348
1,66,66,-2.223563101194333,0,0,2.0,4.0,0.598581075668335,0.5579530596733093,0.6857081055641174,0.5277620553970337,0.5574874877929688,1.0,1.0,1.0,0.5869342088699341,1.0,1.0,1.0,0.5277620553970337,0.5579530596733093,0.5277620553970337,0.5869342088699341,1.0,0.0,0.7339537143707275,0.8416770696640015,1.0,0.7536911368370056,0.316013902425766,0.4591190814971924,0.2181818187236786,-0.034631405025720596,0.022901661694049835,-0.9997377395629883,0.0,0.0034806779585778713,0.00031526031671091914,0.0,0.0,0.0,133.8479461669922,13.285874366760254,13.52858829498291,13.285874366760254,25.0,14.406266212463379,0.03206368535757065,0.9679363146424294,0.5314349746704101,0.5411435317993164,0.0,0.0,0.0,0.0,0.0,1.5848693549228412,-5.011063402721935,0.5421191978374891,0.6405117487672716,0.02,-0.0,-0.008519878751271522,-0.0009429669823944582,-0.06863773345947265,0.15,-0.2670888900756836,0.0,0.0,-5.130189657211304,0.0,0.0,0.0,0.0,0.35,0.0,0.0,0.0,0.0,0.0,0.0,0.0,0.0,0.2708413954824209,-0.0,-1.286865234375,0.0,0.6169330402804118,-0.0,-0.160858154296875,-0.160858154296875,-0.05,0.36342109440960213,0.24906888604164124,0.2,0.0,-0.0,-0.0,-0.0,0.2869810342788696,0.35872629284858704,-0.0,0.0,-0.0,-0.0,0.043270905888453004,0.0,0.0,0.3143157237581909,-0.04846648424863815,-0.0,-0.0,0.02,0.0,0.0,0.0,0.0,0.0,0.0,0.24906888604164124,22.630732110589744,32.4,1.0,0.0,0.0,1.0,2.0,4.0,0.0,1.0,0.0,1.0,0.0,0.0,0.0,0.0,0.0,0.0,0.0,0.0,0.0,0.0,0.0,0.0,0.0,0.0,0.0,0.0,0.0,0.0,0.0,80.61775970458984,101.04022216796875,80.4074478149414,100.79904174804688,-0.2103118896484375,-0.241180419921875,0.319998562335968,-2.287930734190127,-0.6572288274765015,-0.7536911368370056,1.0,-7.456689834594727,0.03897378221154213,0.0,28.0,28.0,28.0,0.0,0.0,0.0,0.0,0.0,1.0,120.0,1.0,1.0,1.0,0.0,0.0,90.32429999206215,0.708000035956502,9.267200017347932,71.53630000539124,58.32589999772608,4.0,4.453300032764673,3.3363000256940722,0.9843999287113547,0.000600004568696022
1,67,67,-5.886585532087709,0,0,2.0,4.0,0.5778279304504395,0.541143536567688,0.6713783740997314,0.531434953212738,0.6031692028045654,1.0,1.0,1.0,0.5762506723403931,1.0,1.0,1.0,0.531434953212738,0.541143536567688,0.531434953212738,0.5762506723403931,1.0,0.0,0.7342706322669983,0.8396207094192505,1.0,0.7527533173561096,0.3232961595058441,0.44249990582466125,0.0,-0.1172582283616066,0.03185441717505455,-0.9994925260543823,0.0,0.03206368535757065,0.006048182956874371,0.0,0.0,0.0,133.68939208984375,13.097107887268066,13.097107887268066,13.301651954650879,25.0,14.146552085876465,0.06154734268784523,0.9384526573121548,0.5238843154907227,0.5238843154907227,0.0,0.0,0.0,0.0,0.0,1.5448162712644598,-7.964176374318871,0.5127745709667028,0.0,0.02,-0.0,-0.008476071241571303,-0.0010461969538375034,-0.13240489959716797,0.15,-0.25971412658691406,0.0,0.0,-8.0,0.0,0.026520212871606264,-0.04641037252531095,0.25,0.0,0.45454545454545453,0.0,0.0,-0.0,0.0,-0.0,-0.014221674657311511,0.0,0.2900057727470994,-0.0,-1.2684326171875,0.0,0.606363613952305,-0.0,-0.1585540771484375,-0.1585540771484375,-0.05,0.36277457096670274,0.25520059466362,0.2,0.0,-0.0,-0.0,-0.0,0.0,0.0,-0.0,0.0,-0.0,-0.0,0.0,0.0,0.0,0.32157675437163563,-0.0,-0.0,-0.0,0.02,0.0,0.0,0.0,0.0,0.0,0.0,0.25520059466362,23.153526314757762,32.4,1.0,0.0,0.0,1.0,2.0,4.0,0.0,1.0,0.0,1.0,0.0,0.0,1.0,0.0,0.0,0.0,0.0,0.0,0.0,0.0,0.0,0.0,0.0,0.0,0.0,0.0,0.0,0.0,0.0,80.40679168701172,100.79953002929688,80.19613647460938,100.55864715576172,-0.21065521240234375,-0.24088287353515625,0.3200002610683441,-2.289350444257043,-0.6583027839660645,-0.7527533173561096,1.0,-7.705684661865234,0.04504699632525444,0.0,28.0,28.0,28.0,0.0,0.0,0.0,0.0,0.0,1.0,120.0,1.0,1.0,1.0,0.0,0.0,88.3382000029087,0.5641999887302518,7.9839000245556235,72.17769999988377,29.660700005479157,4.0,4.60179999936372,2.3025000700727105,0.664499937556684,0.000300002284348011
1,68,68,-0.8999171369456385,0,0,2.0,2.0,0.5567569136619568,0.5238842964172363,0.6562919020652771,0.5320661067962646,0.652525007724762,1.0,1.0,1.0,0.5658620595932007,1.0,1.0,1.0,0.5238842964172363,0.5238842964172363,0.5320661067962646,0.5658620595932007,1.0,0.0,0.7346380352973938,0.8375423550605774,1.0,0.7517805695533752,0.33076465129852295,0.45381441712379456,0.0,-0.0656464472413063,0.038222070783376694,-0.9992692470550537,0.0,0.06154734268784523,0.01319168135523796,0.0,0.0,0.0,133.53240966796875,13.097107887268066,13.097107887268066,13.301651954650879,25.0,14.146552085876465,0.06154734268784523,0.9384526573121548,0.5238843154907227,0.5238843154907227,0.0,0.0,0.0,0.0,0.0,1.5504720300407364,-4.441111813737196,2.0682226431745425,-0.09749999642372131,0.02,-0.0,-0.008476071241571303,-0.0010461969538375034,0.0,0.15,-0.0,0.0,0.0,-4.87999997138977,0.0,0.026520212871606264,-0.04641037252531095,0.25,0.0,0.45454545454545453,0.0,0.0,-0.0,0.0,-0.0005294867360614265,-0.004977586045291242,-0.004210968805889337,0.2900057727470994,-0.0,-1.255859375,0.0,0.6120193727285816,-0.0,-0.156982421875,-0.156982421875,1.5,0.3682226431745425,0.2590331435203552,0.2,0.0,-0.0,-0.0,-0.0,0.0,0.0,-0.0,0.0,-0.0,-0.0,0.0,0.0,0.0,0.32380765828304,-0.09749999642372131,-0.0,-0.0,0.02,0.0,0.0,0.0,0.0,0.0,0.0,0.2590331435203552,23.314151396378875,23.26086922832157,0.4206521686004555,0.0,0.0,0.3499999940395355,2.0,2.0,0.0,0.3499999940395355,0.0,0.3499999940395355,0.0,0.0,1.0,0.0,0.0,0.0,0.0,0.0,0.0,0.0,0.0,0.0,0.0,0.0,0.0,0.0,0.0,0.0,0.0,80.19583129882812,100.55897521972656,79.98481750488281,100.31840515136719,-0.2110137939453125,-0.240570068359375,0.3200012147426605,-2.290837467506923,-0.6594132781028748,-0.7517805099487305,1.0,-7.9607319831848145,0.05389101058244705,0.0,28.0,28.0,28.0,0.0,0.0,0.0,0.0,0.0,1.0,120.0,1.0,1.0,1.0,0.0,0.0,29.932099976576865,0.6275000050663948,8.721300051547587,11.872799950651824,7.40060000680387,4.0,4.3536999728530645,3.4346000757068396,0.8897000225260854,0.0002998858690261841
1,69,69,-1.2367113008475514,0,0,3.0,3.0,0.5567569136619568,0.5238842964172363,0.6562919020652771,0.5320661067962646,0.652525007724762,1.0,1.0,1.0,0.5658620595932007,1.0,1.0,1.0,0.5238842964172363,0.5238842964172363,0.5320661067962646,0.5658620595932007,1.0,0.0,0.73503577709198,0.8354517817497253,1.0,0.7507855892181396,0.33305931091308594,0.13943149149417877,0.0,-0.0656464472413063,0.0424296110868454,-0.9990994334220886,0.0,0.06154734268784523,0.01319168135523796,1.0,-0.014520293101668358,0.0,133.37696838378906,12.65119457244873,12.65119457244873,13.437501907348633,25.0,13.950018882751465,0.09256738424301147,0.9074326157569885,0.5060477828979493,0.5060477828979493,0.0,0.0,0.0,0.0,0.0,1.5046147314549607,-3.168712690135563,0.5128346525182527,-0.1054479946852015,0.02,-0.0,-0.008108256706732335,-0.0011317611072998958,-0.03688602447509763,0.15,-0.196533203125,0.0,0.0,-3.4111999702453613,0.0,0.13686737900145315,-0.08896379635094456,0.25,0.0,0.23636363636363636,0.0,0.0,-0.0,0.0,-0.0031844376258859273,-0.03859537523531708,-0.007347781665825615,0.31016879975795747,-0.0,-1.2435302734375,0.0,0.5971821156979722,-0.0,-0.1554412841796875,-0.1554412841796875,-0.05,0.3628346525182527,0.2625476121902466,0.2,0.0,-0.024366485224689757,-0.0,-0.0,0.0,0.0,-0.0,0.005398293902191398,-0.030979802647447395,-0.0,0.0,0.0,0.0,0.32902275573462253,-0.05550000071525574,-0.0,-0.0,0.02,0.0,0.0,0.0,0.0,0.0,0.0,0.2625476121902466,23.68963841289282,32.4,0.7326086850269979,0.0,0.25,0.699999988079071,3.0,3.0,0.25,0.699999988079071,0.11999999731779099,0.699999988079071,0.12,1.0,1.0,0.0,0.0,0.25,0.25,1.0,0.13,0.0,0.0,0.0,0.0,0.0,0.0,0.0,0.0,0.0,0.0,79.9847412109375,100.31865692138672,79.77336883544922,100.07840728759766,-0.21137237548828125,-0.2402496337890625,0.3199971318244934,-2.2923401878610106,-0.6605459451675415,-0.7507855892181396,1.0,-8.219550132751465,0.06444234400987625,0.0,28.0,28.0,28.0,0.0,0.0,0.0,0.0,0.0,1.0,120.0,1.0,1.0,1.0,0.0,0.0,63.18269995972514,0.5860999226570129,8.60380008816719,44.75600004661828,20.196900004521012,4.0,4.673000075854361,3.4812999656423926,1.0361999738961458,0.000400003045797348
1,70,70,1.9622949830602323,0,0,3.0,4.0,0.5365362763404846,0.506047785282135,0.637042760848999,0.5375000834465027,0.6965558528900146,1.0,1.0,1.0,0.5580007433891296,1.0,1.0,1.0,0.506047785282135,0.506047785282135,0.5375000834465027,0.5580007433891296,1.0,0.0,0.735460102558136,0.8333513140678406,1.0,0.7497708797454834,0.33842340111732483,0.32594358921051025,0.2181818187236786,-0.03783793747425079,0.045563384890556335,-0.9989614486694336,0.0,0.09256738424301147,0.020786747336387634,1.0,-0.023689622059464455,1.0,133.22425842285156,12.65119457244873,12.65119457244873,13.437501907348633,25.0,13.950018882751465,0.09256738424301147,0.9074326157569885,0.5060477828979493,0.5060477828979493,0.0,0.0,0.0,0.0,0.0,1.5145211264236842,0.26833884007730885,0.5197217529341439,-0.3602867363749045,0.02,-0.0,-0.008108256706732335,-0.0011317611072998958,0.0,0.15,-0.0,0.0,0.0,-0.3200000000000011,0.0,0.17597234443043977,-0.006843368950072664,0.25,0.0,0.018181818181818195,0.0,0.0,-0.0,0.0,-0.005644917883697421,-0.05513625127513202,-0.01302510176169136,0.31016879975795747,-0.0,-1.2216796875,0.0,0.6070885106666957,-0.0,-0.1527099609375,-0.1527099609375,-0.05,0.3697217529341439,0.2675311267375946,0.2,0.0,-0.05024496489536762,-0.0,-0.0,0.0,0.0,-0.0,0.007711848563033996,-0.2692871357939327,-0.0,0.0,0.0,0.0,0.33923105156980454,-0.04846648424863815,-0.0,-0.0,0.02,0.0,0.0,0.0,0.0,0.0,0.0,0.2675311267375946,24.42463571302593,32.4,1.0,0.0,0.25,1.0,3.0,4.0,0.25,1.0,0.23999999463558197,1.0,0.24,2.0,1.0,0.0,0.0,0.25,0.25,1.0,0.010000000000000009,0.0,0.0,0.0,0.0,0.0,0.0,0.0,0.0,0.0,0.0,79.77339172363281,100.07862854003906,79.5616455078125,99.83869934082031,-0.2117462158203125,-0.23992919921875,0.320003867149353,-2.293878744139683,-0.661697506904602,-0.7497708201408386,1.0,-8.48182201385498,0.07647194713354111,0.0,28.0,28.0,28.0,0.0,0.0,0.0,0.0,0.0,1.0,120.0,1.0,1.0,1.0,0.0,0.0,39.946099976077676,0.7389000384137034,8.927499991841614,21.283699898049235,17.622599960304797,4.0,4.4652000069618225,3.6166999489068985,0.8804999524727464,0.000600004568696022
1,71,71,3.222912175540766,0,0,3.0,1.0,0.5365362763404846,0.506047785282135,0.637042760848999,0.5375000834465027,0.6965558528900146,1.0,1.0,1.0,0.5580007433891296,1.0,1.0,1.0,0.506047785282135,0.506047785282135,0.5375000834465027,0.5580007433891296,1.0,0.0,0.7359228730201721,0.8312438130378723,1.0,0.7487319707870483,0.34892335534095764,0.6380184888839722,0.4363636374473572,-0.03783793747425079,0.05123404413461685,-0.998686671257019,0.0,0.09256738424301147,0.020786747336387634,1.0,-0.04199359193444252,1.0,133.0717315673828,12.198174476623535,12.198174476623535,13.938675880432129,25.0,14.142012596130371,0.12386671453714371,0.8761332854628563,0.4879269790649414,0.4879269790649414,0.0,0.0,0.0,0.0,0.0,1.4628270261361163,1.4323955681696432,0.5106750325978471,-0.20298545136284082,0.02,-0.0,-0.006886692296915559,-0.0010480983597353252,0.3418306350708008,0.15,-0.0,0.0,0.0,-0.0,0.0,0.31101774541955246,-0.0,0.25,0.0,0.0,0.0,0.31101774541955246,-0.0,0.0,-0.016911427651155966,-0.0,-0.02396198902019497,0.3305133644491434,-0.0,-1.22021484375,0.0,0.58669374067326,-0.0,-0.15252685546875,-0.15252685546875,-0.05,0.3606750325978471,0.2687453329563141,0.2,0.0,-0.05297795905899256,-0.0,-0.0,0.0,0.0,0.0,0.0,0.0,-0.0,0.0,0.0,0.0,0.3433756605675444,-0.15000749230384827,-0.0,-0.0,0.02,0.0,0.0,0.0,0.0,0.0,0.0,0.2687453329563141,24.723047560863197,0.0,0.0,0.0,0.25,0.0,3.0,1.0,0.25,0.0,0.25,0.0,0.25,3.0,1.0,0.0,0.0,0.25,0.25,0.0,0.0,0.0,0.0,0.0,0.0,0.0,0.0,0.0,0.0,0.0,0.0,79.56171417236328,99.83891296386719,79.34959411621094,99.59931945800781,-0.21212005615234375,-0.239593505859375,0.31999993324279785,-2.29544877823657,-0.662872850894928,-0.7487319707870483,1.0,-8.749028205871582,0.08965329080820084,0.0,28.0,28.0,28.0,0.0,0.0,0.0,0.0,0.0,1.0,120.0,1.0,1.0,1.0,0.0,0.0,80.57499991264194,0.7680999115109444,10.082300053909421,60.18709996715188,28.33529992494732,4.0,5.714499973692,3.0391999753192067,0.7431999547407031,0.000500003807246685
1,72,72,2.8419319142486836,0,0,3.0,2.0,0.5152019262313843,0.48792698979377747,0.6195297837257385,0.5575470328330994,0.7498854994773865,1.0,1.0,1.0,0.5656805038452148,1.0,1.0,1.0,0.48792698979377747,0.48792698979377747,0.5575470328330994,0.5656805038452148,1.0,0.0,0.7363922595977783,0.8291286826133728,1.0,0.7476828694343567,0.35318639874458313,0.2590380609035492,0.4545454680919647,-0.12970183789730072,0.06215328723192215,-0.9980666041374207,0.0,0.12386671453714371,0.029999662190675735,1.0,-0.07249930500984192,1.0,132.9171142578125,12.198174476623535,12.198174476623535,13.938675880432129,25.0,14.142012596130371,0.12386671453714371,0.8761332854628563,0.4879269790649414,0.4879269790649414,0.0,0.0,0.0,0.0,0.0,1.455583157274936,1.0478363390431953,0.5112926232019008,-0.19278020527134865,0.02,-0.0,-0.006886692296915559,-0.0010480983597353252,0.0,0.15,-0.0,0.0,0.0,-0.0,0.0,0.31101774541955246,-0.0,0.25,0.0,0.0,0.0,0.31101774541955246,-0.0,0.0,-0.0272354746018146,-0.035148039597221604,-0.03859024541454792,0.3305133644491434,-0.0,-1.2369384765625,0.0,0.5794498718120797,-0.0,-0.1546173095703125,-0.1546173095703125,-0.05,0.36129262320190086,0.2692055106163025,0.2,0.0,-0.05356205480021557,-0.0,-0.0,0.0,0.0,-0.0,0.004833033253315201,-0.09155118461851793,-0.0,0.0,0.0,0.0,0.3461191530597775,-0.052499999105930326,-0.0,-0.0,0.02,0.0,0.0,0.0,0.0,0.0,0.0,0.2692055106163025,24.995625573433934,23.26086922832157,0.4206521686004555,0.0,0.25,0.3499999940395355,3.0,2.0,0.25,0.3499999940395355,0.25,0.3499999940395355,0.25,4.0,1.0,0.0,0.0,0.25,0.25,0.0,0.0,1.0,8.0,0.0,0.0,0.0,0.0,0.0,0.0,0.0,0.0,79.34968566894531,99.59953308105469,79.1371841430664,99.36027526855469,-0.21250152587890625,-0.2392578125,0.32000187039375305,-2.297036730946269,-0.6640559434890747,-0.7476828098297119,1.0,-9.017385482788086,0.10409028083086014,0.0,28.0,28.0,28.0,0.0,0.0,0.0,0.0,0.0,1.0,120.0,1.0,1.0,1.0,0.0,0.0,75.96200006082654,0.7468999829143286,8.480000076815486,54.444899898953736,30.220899963751435,4.0,8.379300008527935,3.191000083461404,0.6839999696239829,0.000300002284348011
1,73,73,2.858421452667665,0,0,3.0,3.0,0.5152019262313843,0.48792698979377747,0.6195297837257385,0.5575470328330994,0.7498854994773865,1.0,1.0,1.0,0.5656805038452148,1.0,1.0,1.0,0.48792698979377747,0.48792698979377747,0.5575470328330994,0.5656805038452148,1.0,0.0,0.7368606925010681,0.826987624168396,1.0,0.7466195225715637,0.3570803701877594,0.23661285638809204,0.4545454680919647,-0.12970183789730072,0.07674609124660492,-0.9970506429672241,0.0,0.12386671453714371,0.029999662190675735,1.0,-0.11675850301980972,1.0,132.76112365722656,11.747118949890137,11.747118949890137,13.909948348999023,25.0,14.235380172729492,0.15354087948799133,0.8464591205120087,0.4698847579956055,0.4698847579956055,0.0,0.0,0.0,0.0,0.0,1.4015872810531604,1.0652382362488255,0.5047881129304211,-0.13319217756474228,0.02,-0.0,-0.006951335983285886,-0.0010096769271406927,-0.10141693115234374,0.15,-0.0,0.0,0.0,-0.0,0.0,0.4329976076398361,-0.0062243794291096345,0.25373930782079696,0.0,0.0067987414923581,0.0,0.43596159784417404,-0.0,0.0,-0.05231260036180252,-0.10295050949260993,-0.05596526518251421,0.3498015716671944,-0.0,-1.2479248046875,0.0,0.5551281605411518,-0.0,-0.1559906005859375,-0.1559906005859375,-0.05,0.3547881129304212,0.2720276713371277,0.2,0.0,-0.054361383434411666,-0.0,-0.0,0.0,0.0,-0.0,0.0322435841433732,-0.0585743791677735,-0.0,0.0,0.0,0.0,0.31714446411110786,-0.052499999105930326,-0.0,-0.0,0.02,0.0,0.0,0.0,0.0,0.0,0.0,0.2720276713371277,25.368645602725447,32.4,0.7326086850269979,0.0,0.25,0.699999988079071,3.0,3.0,0.25,0.699999988079071,0.25,0.699999988079071,0.25,5.0,1.0,0.0,0.0,0.25,0.25,0.0,0.0,1.0,8.0,0.0,0.0,0.0,0.0,0.0,0.0,0.0,0.0,79.13729095458984,99.36048889160156,78.92440795898438,99.12157440185547,-0.21288299560546875,-0.23891448974609375,0.31999891996383667,-2.2986405323251784,-0.6652513146400452,-0.7466195821762085,1.0,-9.285996437072754,0.1219719871878624,0.0,28.0,28.0,28.0,0.0,0.0,0.0,0.0,0.0,1.0,120.0,1.0,1.0,1.0,0.0,0.0,53.10459993779659,0.4651999333873391,8.817099966108799,37.37919998820871,28.823699918575585,4.0,3.657700028270483,2.050899900496006,0.7069000275805593,0.000500003807246685
1,74,74,3.3654648675745413,0,0,3.0,3.0,0.492252916097641,0.4698847532272339,0.6087532043457031,0.5563979148864746,0.8287320733070374,0.6868782639503479,1.0,1.0,0.5694152116775513,1.0,1.0,1.0,0.4698847532272339,0.4698847532272339,0.5563979148864746,0.5694152116775513,1.0,0.0,0.7373467683792114,0.8248115181922913,1.0,0.74552983045578,0.36240923404693604,0.32380211353302,0.4545454680919647,-0.20457963645458221,0.09405741095542908,-0.9955667853355408,0.0,0.15354087948799133,0.04316915571689606,1.0,-0.15999145805835724,1.0,132.60360717773438,11.303762435913086,11.303762435913086,14.433231353759766,25.0,14.273308753967285,0.18177402019500732,0.8182259798049927,0.4521504974365234,0.4521504974365234,0.0,0.0,0.0,0.0,0.0,1.3498180723304216,1.5713056128563394,0.4996149667498522,-0.07527378436207169,0.02,-0.0,-0.005865620385252448,-0.000994474296243906,0.3007908821105958,0.15,-0.0,0.0,0.0,-0.0,0.0,0.5410972587496099,-0.02885551413956817,0.2636209070682526,0.0,0.024765285578641064,0.0,0.554837979768452,-0.0,0.0,-0.08515102040399952,-0.13636828962018088,-0.0753339759010605,0.36815311312675475,-0.0,-1.2601318359375,0.0,0.5315920925254289,-0.0,-0.1575164794921875,-0.1575164794921875,-0.05,0.34961496674985215,0.27566981315612793,0.2,0.0,-0.054871948785175165,-0.0,-0.0,0.0,0.0,-0.0,0.03817254359087698,-0.0585743791677735,-0.0,0.0,0.0,0.0,0.28181441107292665,-0.0,-0.0,-0.0,0.02,0.0,0.0,0.0,0.0,0.0,0.0,0.27566981315612793,25.606909433081746,32.4,0.7326086850269979,0.0,0.25,0.699999988079071,3.0,3.0,0.25,0.699999988079071,0.25,0.699999988079071,0.25,6.0,1.0,0.0,0.0,0.25,0.25,0.0,0.0,1.0,8.0,0.0,0.0,0.0,0.0,0.0,0.0,0.0,0.0,78.92451477050781,99.12178802490234,78.71124267578125,98.88321685791016,-0.2132720947265625,-0.2385711669921875,0.32000187039375305,-2.3002620872126207,-0.666472315788269,-0.74552983045578,1.0,-9.557097434997559,0.14440612494945526,0.0,28.0,28.0,28.0,0.0,0.0,0.0,0.0,0.0,1.0,120.0,1.0,1.0,1.0,0.0,0.0,51.7719000345096,0.7254000520333648,7.521199993789196,33.806399907916784,18.18710006773472,4.0,5.063000018708408,3.8794000865891576,0.7277000695466995,0.000400003045797348
1,75,75,3.0402448663707666,0,0,3.0,3.0,0.46907374262809753,0.45215049386024475,0.6021791696548462,0.5773292779922485,1.0,0.6484897136688232,1.0,1.0,0.5709323287010193,1.0,1.0,1.0,0.45215049386024475,0.45215049386024475,0.5773292779922485,0.5709323287010193,1.0,0.0,0.7378559708595276,0.8225934505462646,1.0,0.7444081902503967,0.3658129870891571,0.20682623982429504,0.4545454680919647,-0.2513822615146637,0.11332140862941742,-0.993558406829834,0.0,0.18177402019500732,0.06008153408765793,1.0,-0.20462675392627716,1.0,132.44415283203125,11.303762435913086,11.303762435913086,14.433231353759766,25.0,14.273308753967285,0.18177402019500732,0.8182259798049927,0.4521504974365234,0.4521504974365234,0.0,0.0,0.0,0.0,0.0,1.3435419984774555,1.247623917399258,0.5043010829493174,-0.07522213245526418,0.02,-0.0,-0.005865620385252448,-0.000994474296243906,0.0,0.15,-0.0,0.0,0.0,-0.0,0.0,0.5410972587496099,-0.02885551413956817,0.2636209070682526,0.0,0.024765285578641064,0.0,0.554837979768452,-0.0,0.0,-0.10858758016769232,-0.13636828962018088,-0.09606853926935655,0.36815311312675475,-0.0,-1.275634765625,0.0,0.5253160186724628,-0.0,-0.159454345703125,-0.159454345703125,-0.05,0.35430108294931745,0.27936479449272156,0.2,0.0,-0.05482029687836766,-0.0,-0.0,0.0,0.0,-0.0,0.03817254359087698,-0.0585743791677735,-0.0,0.0,0.0,0.0,0.28236015749013393,-0.0,-0.0,-0.0,0.02,0.0,0.0,0.0,0.0,0.0,0.0,0.27936479449272156,25.582805209904908,32.4,0.7326086850269979,0.0,0.25,0.699999988079071,3.0,3.0,0.25,0.699999988079071,0.25,0.699999988079071,0.25,7.0,1.0,0.0,0.0,0.25,0.25,0.0,0.0,1.0,8.0,0.0,0.0,0.0,0.0,0.0,0.0,0.0,0.0,78.71135711669922,98.88343811035156,78.49768829345703,98.64522552490234,-0.2136688232421875,-0.23821258544921875,0.3199993669986725,-2.30193317838954,-0.6677247881889343,-0.7444081902503967,1.0,-9.83135986328125,0.1722264587879181,0.0,28.0,28.0,28.0,0.0,0.0,0.0,0.0,0.0,1.0,120.0,1.0,1.0,1.0,0.0,0.0,25.86860000155866,0.8309000404551625,6.488700048066676,11.263200081884861,7.760299951769412,4.0,3.558599972166121,2.9714000411331654,0.7238999241963029,0.000400003045797348
1,76,76,3.2799393077440837,0,0,3.0,3.0,0.46907374262809753,0.45215049386024475,0.6021791696548462,0.5773292779922485,1.0,0.6484897136688232,1.0,1.0,0.5709323287010193,1.0,1.0,1.0,0.45215049386024475,0.45215049386024475,0.5773292779922485,0.5709323287010193,1.0,0.0,0.738387405872345,0.8203295469284058,1.0,0.743253231048584,0.3654686510562897,-0.020923804491758347,0.4545454680919647,-0.2513822615146637,0.1338965743780136,-0.9909952878952026,0.0,0.18177402019500732,0.06008153408765793,1.0,-0.26094722747802734,1.0,132.2823486328125,10.857234954833984,10.857234954833984,14.761763572692871,25.0,14.526729583740234,0.20873410999774933,0.7912658900022507,0.4342893981933594,0.4342893981933594,0.0,0.0,0.0,0.0,0.0,1.291847252326166,1.5394375266802522,0.49919869218779633,-0.07054416345013065,0.02,-0.0,-0.005274647514418851,-0.0008986071200908656,0.23023586273193358,0.15,-0.0,0.0,0.0,-0.0,0.0,0.6403356010474017,-0.05883894725424022,0.27305693849921225,0.0,0.041921706362204096,0.0,0.6683541473589446,-0.0,0.0,-0.15329949775737753,-0.1704172818183305,-0.11794967667135836,0.3856771714985371,-0.0,-1.29443359375,0.0,0.5005813623239153,-0.0,-0.16180419921875,-0.16180419921875,-0.05,0.3491986921877963,0.2830123007297516,0.2,0.0,-0.055803946635393155,-0.0,-0.0,0.0,0.0,-0.0,0.043834162353036006,-0.0585743791677735,-0.0,0.0,0.0,0.0,0.23924089700643036,-0.0,-0.0,-0.0,0.02,0.0,0.0,0.0,0.0,0.0,0.0,0.2830123007297516,26.041841763183474,32.4,0.7326086850269979,0.0,0.25,0.699999988079071,3.0,3.0,0.25,0.699999988079071,0.25,0.699999988079071,0.25,8.0,1.0,0.0,0.0,0.25,0.25,0.0,0.0,1.0,8.0,0.0,0.0,0.0,0.0,0.0,0.0,0.0,0.0,78.497802734375,98.64544677734375,78.28372192382812,98.40760803222656,-0.214080810546875,-0.2378387451171875,0.3199966549873352,-2.3036716817279257,-0.6690102219581604,-0.743253231048584,1.0,-10.108687400817871,0.20590326189994812,0.0,28.0,28.0,28.0,0.0,0.0,0.0,0.0,0.0,1.0,120.0,1.0,1.0,1.0,0.0,0.0,54.977299994789064,0.4926000256091356,7.291299989446998,39.18249998241663,18.745600013062358,4.0,4.842500085942447,2.3639999562874436,0.7633999921381474,0.000400003045797348
1,77,77,2.95595918006562,0,0,3.0,3.0,0.44639045000076294,0.4342893958091736,0.5983960032463074,0.590470552444458,1.0,0.6102542281150818,1.0,1.0,0.5810691714286804,1.0,1.0,1.0,0.4342893958091736,0.4342893958091736,0.590470552444458,0.5810691714286804,1.0,0.0,0.7389391660690308,0.8180163502693176,1.0,0.7420639991760254,0.37202632427215576,0.3984692394733429,0.4545454680919647,-0.2754809856414795,0.1555468887090683,-0.9878284931182861,0.0,0.20873410999774933,0.08110122382640839,1.0,-0.305824875831604,1.0,132.117431640625,10.857234954833984,10.857234954833984,14.761763572692871,25.0,14.526729583740234,0.20873410999774933,0.7912658900022507,0.4342893981933594,0.4342893981933594,0.0,0.0,0.0,0.0,0.0,1.2820639700525982,1.2649791568633195,0.5036802077282951,-0.11476415457859288,0.02,-0.0,-0.005274647514418851,-0.0008986071200908656,0.0,0.15,-0.0,0.0,0.0,-0.0,0.0,0.6403356010474017,-0.05883894725424022,0.27305693849921225,0.0,0.041921706362204096,0.0,0.6683541473589446,-0.0,0.0,-0.18290194354821906,-0.1704172818183305,-0.14072599988695833,0.3856771714985371,-0.0,-1.3193359375,0.0,0.49079808005034753,-0.0,-0.1649169921875,-0.1649169921875,-0.05,0.3536802077282951,0.2866443991661072,0.2,0.0,-0.056866964018797234,-0.0,-0.043156973745058134,0.0,0.0,-0.0,0.043834162353036006,-0.0585743791677735,-0.0,0.0,0.0,0.0,0.22462083571227265,-0.0,-0.0,-0.0,0.02,0.0,0.0,0.0,0.0,0.0,0.0,0.2866443991661072,26.53791654210538,32.4,0.7326086850269979,0.0,0.25,0.699999988079071,3.0,3.0,0.25,0.699999988079071,0.25,0.699999988079071,0.25,9.0,1.0,0.0,0.0,0.25,0.25,0.0,0.0,1.0,8.0,0.0,0.0,0.0,0.0,0.0,0.0,0.0,0.0,78.2838363647461,98.40782928466797,78.06932830810547,98.17037200927734,-0.214508056640625,-0.237457275390625,0.31999948620796204,-2.305461555706115,-0.6703290343284607,-0.7420639395713806,1.0,-10.388864517211914,0.2458627074956894,0.0,28.0,28.0,28.0,0.0,0.0,0.0,0.0,0.0,1.0,120.0,1.0,1.0,1.0,0.0,0.0,31.79380006622523,0.7025999948382378,8.215900044888258,15.249099931679666,12.373800040222704,4.0,3.642900031991303,3.319100011140108,0.6365000735968351,0.000400003045797348
1,78,78,2.98017706628623,0,0,3.0,1.0,0.44639045000076294,0.4342893958091736,0.5983960032463074,0.590470552444458,1.0,0.6102542281150818,1.0,1.0,0.5810691714286804,1.0,1.0,1.0,0.4342893958091736,0.4342893958091736,0.590470552444458,0.5810691714286804,1.0,0.0,0.7395089268684387,0.815647304058075,1.0,0.7408384084701538,0.379113107919693,0.4306204617023468,0.4545454680919647,-0.2754809856414795,0.1780036985874176,-0.9840298295021057,0.0,0.20873410999774933,0.08110122382640839,1.0,-0.3648802936077118,1.0,131.9479217529297,10.419178009033203,10.419178009033203,14.331670761108398,25.0,14.924646377563477,0.23490262031555176,0.7650973796844482,0.4167671203613281,0.4167671203613281,0.0,0.0,0.0,0.0,0.0,1.2255545263154062,1.4829203650530662,0.4951498695090559,-0.24344769459129786,0.02,-0.0,-0.0060617981160847444,-0.0007663808218128644,-0.023861503601074197,0.15,-0.0,0.0,0.0,-0.0,0.0,0.7329349947097716,-0.09576494337330575,0.28221591711044314,0.0,0.05857439474626024,0.0,0.7785373486970601,-0.0,0.0,-0.2381597313279904,-0.0,-0.16424603941426819,0.4026867032051087,-0.0,-1.3560791015625,0.0,0.46045714663095794,-0.0,-0.1695098876953125,-0.1695098876953125,-0.05,0.34514986950905585,0.28750529885292053,0.2,0.0,-0.05723134858070739,-0.0,-0.08121634779872983,0.0,0.0,0.0,0.0,0.0,-0.0,0.0,0.0,0.0,0.1860623788865024,-0.10499999821186065,-0.0,-0.0,0.02,0.0,0.0,0.0,0.0,0.0,0.0,0.28750529885292053,26.707962670996785,0.0,0.0,0.0,0.25,0.0,3.0,1.0,0.25,0.0,0.25,0.0,0.25,10.0,1.0,0.0,0.0,0.25,0.25,0.0,0.0,1.0,8.0,0.0,0.0,0.0,0.0,0.0,0.0,0.0,0.0,78.06945037841797,98.17059326171875,77.8545150756836,97.93352508544922,-0.214935302734375,-0.23706817626953125,0.3199976682662964,-2.307267389377386,-0.6716833114624023,-0.7408384680747986,1.0,-10.671621322631836,0.2929116487503052,0.0,28.0,28.0,28.0,0.0,0.0,0.0,0.0,0.0,1.0,120.0,1.0,1.0,1.0,0.0,0.0,80.64249996095896,0.6404999876394868,5.450899945572019,67.53810006193817,43.29559998586774,4.0,4.191100015304983,2.2038999013602734,0.5837000207975507,0.000400003045797348
1,79,79,2.8495632966383533,0,0,3.0,2.0,0.42461466789245605,0.4167671203613281,0.5972687602043152,0.598475992679596,1.0,0.5732668042182922,1.0,1.0,0.5969858765602112,1.0,1.0,1.0,0.4167671203613281,0.4167671203613281,0.5732668042182922,0.5969858765602112,1.0,0.0,0.7400726079940796,0.8132268190383911,1.0,0.7395889163017273,0.3815423250198364,0.14760948717594147,0.4545454680919647,-0.293718546628952,0.20109675824642181,-0.9795714020729065,0.0,0.23490262031555176,0.10603673756122589,1.0,-0.40787550806999207,1.0,131.77308654785156,10.419178009033203,10.419178009033203,14.331670761108398,25.0,14.924646377563477,0.23490262031555176,0.7650973796844482,0.4167671203613281,0.4167671203613281,0.0,0.0,0.0,0.0,0.0,1.2093332752302501,1.3617993019849486,0.4964784730232829,-0.2380477536001283,0.02,-0.0,-0.0060617981160847444,-0.0007663808218128644,0.0,0.15,-0.0,0.0,0.0,-0.0,0.0,0.7329349947097716,-0.09576494337330575,0.28221591711044314,0.0,0.05857439474626024,0.0,0.7785373486970601,-0.0,0.0,-0.27239054079621194,-0.10273209619935775,-0.1878531994062187,0.4026867032051087,-0.0,-1.398681640625,0.0,0.4442358955458019,-0.0,-0.174835205078125,-0.174835205078125,-0.05,0.3464784730232829,0.2886120080947876,0.2,0.0,-0.05782888415189726,-0.0,-0.12309645547150827,0.0,0.0,-0.0,0.024664774713094317,-0.02928718958388675,-0.0,0.0,0.0,0.0,0.1780427178848898,-0.052499999105930326,-0.0,-0.0,0.02,0.0,0.0,0.0,0.0,0.0,0.0,0.2886120080947876,26.986812604218724,23.26086922832157,0.4206521686004555,0.0,0.25,0.3499999940395355,3.0,2.0,0.25,0.3499999940395355,0.25,0.3499999940395355,0.25,11.0,1.0,0.0,0.0,0.25,0.25,0.0,0.0,1.0,8.0,0.0,0.0,0.0,0.0,0.0,0.0,0.0,0.0,77.8546371459961,97.93374633789062,77.6392593383789,97.69707489013672,-0.2153778076171875,-0.23667144775390625,0.3200015127658844,-2.3091246236023366,-0.6730588674545288,-0.7395889163017273,1.0,-10.954082489013672,0.346530556678772,0.0,28.0,28.0,28.0,0.0,0.0,0.0,0.0,0.0,1.0,120.0,1.0,1.0,1.0,0.0,0.0,36.43580002244562,1.230600057169795,9.515699930489063,17.035000026226044,12.473999988287687,4.0,4.659499973058701,3.075400018133223,0.8809999562799931,0.000700005330145359
1,80,80,2.3509754625148873,0,0,4.0,2.0,0.42461466789245605,0.4167671203613281,0.5972687602043152,0.598475992679596,1.0,0.5732668042182922,1.0,1.0,0.5969858765602112,1.0,1.0,1.0,0.4167671203613281,0.4167671203613281,0.5732668042182922,0.5969858765602112,1.0,0.0,0.7406294941902161,0.8107473850250244,1.0,0.738312304019928,0.3855258822441101,0.24205723404884338,0.4545454680919647,-0.293718546628952,0.2241634726524353,-0.9745515584945679,0.0,0.23490262031555176,0.10603673756122589,1.0,-0.4664996266365051,1.0,131.59364318847656,9.990772247314453,9.990772247314453,13.46425724029541,25.0,14.970088958740234,0.259371280670166,0.740628719329834,0.3996308898925781,0.3996308898925781,0.0,0.0,0.0,0.0,0.0,1.157043257151031,1.1344889223955967,0.48977901451658246,-0.4503357315483225,0.02,-0.0,-0.008037759107778597,-0.0007525761369246634,-0.21443431854248046,0.15,-0.0,0.0,0.0,-0.0,0.0,0.7545860338809867,-0.2666522316177119,0.2907799482345581,0.0,0.14403645775534907,0.0,0.881563287032278,-0.0,0.0,-0.33550704026618716,-0.12000740636398667,-0.2124110521878819,0.4185913324356079,-0.0,-1.435546875,0.0,0.416414537821197,-0.0,-0.179443359375,-0.179443359375,-0.05,0.33977901451658243,0.2905828654766083,0.2,0.0,-0.08728380140456558,-0.015061983471074398,-0.23213508911904585,0.0,0.0,-0.0,0.027233984006575437,-0.1250888408449564,-0.0,0.0,0.0,0.0,0.2937309335174016,-0.018000000715255735,-0.0,-0.0,0.02,0.0,0.0,0.0,0.0,0.0,0.0,0.2905828654766083,27.521919361799956,23.26086922832157,0.4206521686004555,0.0,0.5,0.3499999940395355,4.0,2.0,0.5,0.3499999940395355,0.3700000047683716,0.3499999940395355,0.3700000000000001,12.0,1.0,0.0,0.0,0.5,0.5,1.0,0.1299999999999999,1.0,8.0,0.0,0.0,0.0,0.0,0.0,0.0,0.0,0.0,77.6393814086914,97.69729614257812,77.42355346679688,97.4610366821289,-0.21582794189453125,-0.23625946044921875,0.3200003504753113,-2.3110315206251393,-0.6744589805603027,-0.738312304019928,1.0,-11.23615837097168,0.4076049327850342,0.0,28.0,28.0,28.0,0.0,0.0,0.0,0.0,0.0,1.0,120.0,1.0,1.0,1.0,0.0,0.0,65.38229994475842,0.7224000291898847,9.093899978324771,47.88129997905344,34.12690002005547,4.0,4.533200059086084,2.4243000661954284,0.6926000351086259,0.0005998881533741951
1,81,81,2.5151041736747692,0,0,3.0,2.0,0.4042035639286041,0.39963090419769287,0.5985116362571716,0.6174763441085815,1.0,0.5385702848434448,1.0,1.0,0.5988035798072815,1.0,1.0,1.0,0.39963090419769287,0.39963090419769287,0.5385702848434448,0.5988035798072815,1.0,0.0,0.7411856055259705,0.8082112669944763,1.0,0.7370063662528992,0.3931702673435211,0.46450239419937134,0.6727272868156433,-0.2973939776420593,0.24802637100219727,-0.9687532782554626,0.0,0.259371280670166,0.13416334986686707,1.0,-0.5074425339698792,1.0,131.4089813232422,9.575300216674805,9.575300216674805,12.62950611114502,25.0,14.978460311889648,0.28120458126068115,0.7187954187393188,0.3830120086669922,0.3830120086669922,0.0,0.0,0.0,0.0,0.0,1.1079541399988386,1.1650130882244036,0.4831414522411063,-0.2610045067895796,0.02,-0.0,-0.010562427517362232,-0.0007500603191895653,-0.22146320343017578,0.15,-0.0,0.0,0.0,-0.0,0.0,0.8877873542260085,-0.17998180095666833,0.2984216034412384,0.0,0.08803927898406984,0.0,0.9734929737291839,-0.0,0.0,-0.40454302631321626,-0.13614837510671346,-0.23979537645521587,0.43278297781944275,-0.0,-1.477294921875,0.0,0.3891587212595198,-0.0,-0.184661865234375,-0.184661865234375,-0.05,0.33314145224110625,0.29185450077056885,0.2,0.0,-0.05887806671652942,-0.0,-0.1843657303034462,0.0,0.0,-0.0,0.029526480529538546,-0.02928718958388675,-0.0,0.0,0.0,0.0,0.10718165391253681,-0.018000000715255735,-0.0,-0.0,0.02,0.0,0.0,0.0,0.0,0.0,0.0,0.29185450077056885,27.476431134380398,23.26086922832157,0.4206521686004555,0.0,0.25,0.3499999940395355,3.0,2.0,0.25,0.3499999940395355,0.25,0.3499999940395355,0.25,13.0,1.0,0.0,0.0,0.25,0.25,0.0,0.0,1.0,8.0,0.0,0.0,0.0,0.0,0.0,0.0,0.0,0.0,77.42367553710938,97.46125793457031,77.20738983154297,97.22541809082031,-0.21628570556640625,-0.23583984375,0.31999990344047546,-2.312972042127455,-0.675885796546936,-0.7370063662528992,1.0,-11.518600463867188,0.47590479254722595,0.0,28.0,28.0,28.0,0.0,0.0,0.0,0.0,0.0,1.0,120.0,1.0,1.0,1.0,0.0,0.0,73.08739994186908,0.6591998971998692,8.268000092357397,33.77800004091114,17.911799950525165,4.0,23.63019995391369,5.830800044350326,0.8692999836057425,0.000500003807246685
1,82,82,2.656896527372061,0,0,3.0,2.0,0.38516560196876526,0.38301199674606323,0.6053306460380554,0.6750911474227905,1.0,0.5051802396774292,1.0,1.0,0.5991384387016296,1.0,1.0,1.0,0.38301199674606323,0.38301199674606323,0.5051802396774292,0.5991384387016296,1.0,0.0,0.7417334318161011,0.8056181073188782,1.0,0.7356739640235901,0.3925204575061798,-0.03948630765080452,0.4545454680919647,-0.3533309996128082,0.27445870637893677,-0.9615988731384277,0.0,0.28120458126068115,0.16648410260677338,1.0,-0.5540776252746582,1.0,131.21888732910156,9.575300216674805,9.575300216674805,12.62950611114502,25.0,14.978460311889648,0.28120458126068115,0.7187954187393188,0.3830120086669922,0.3830120086669922,0.0,0.0,0.0,0.0,0.0,1.0923128612146868,1.339034669031705,0.48574473535504537,-0.28019573822937627,0.02,-0.0,-0.010562427517362232,-0.0007500603191895653,0.0,0.15,-0.0,0.0,0.0,-0.0,0.0,0.8877873542260085,-0.17998180095666833,0.2984216034412384,0.0,0.08803927898406984,0.0,0.9734929737291839,-0.0,0.0,-0.45089451636642996,-0.13614837510671346,-0.26727050835370747,0.43278297781944275,-0.0,-1.520751953125,0.0,0.373517442475368,-0.0,-0.190093994140625,-0.190093994140625,-0.05,0.33574473535504534,0.2941351532936096,0.2,0.0,-0.05894492555798165,-0.0,-0.22149010361704638,0.0,0.0,-0.0,0.029526480529538546,-0.02928718958388675,-0.0,0.0,0.0,0.0,0.10609152134287608,-0.0,-0.0,-0.0,0.02,0.0,0.0,0.0,0.0,0.0,0.0,0.2941351532936096,27.507631927058103,23.26086922832157,0.4206521686004555,0.0,0.25,0.3499999940395355,3.0,2.0,0.25,0.3499999940395355,0.25,0.3499999940395355,0.25,14.0,1.0,0.0,0.0,0.25,0.25,0.0,0.0,1.0,8.0,0.0,0.0,0.0,0.0,0.0,0.0,0.0,0.0,77.20751190185547,97.22563934326172,76.99076080322266,96.99022674560547,-0.2167510986328125,-0.23541259765625,0.32000020146369934,-2.314946360134584,-0.677335798740387,-0.7356740236282349,1.0,-11.80050277709961,0.5514702200889587,0.0,28.0,28.0,28.0,0.0,0.0,0.0,0.0,0.0,1.0,120.0,1.0,1.0,1.0,0.0,0.0,40.76889995485544,0.6437000120058656,7.886299979873002,25.538699934259057,21.981599973514676,4.0,3.8487999700009823,2.1596000296995044,0.6646999390795827,0.000300002284348011
1,83,83,2.155635591032622,0,0,3.0,3.0,0.38516560196876526,0.38301199674606323,0.6053306460380554,0.6750911474227905,1.0,0.5051802396774292,1.0,1.0,0.5991384387016296,1.0,1.0,1.0,0.38301199674606323,0.38301199674606323,0.5051802396774292,0.5991384387016296,1.0,0.0,0.7422779202461243,0.8029603362083435,1.0,0.7343092560768127,0.3929661810398102,0.027084020897746086,0.4545454680919647,-0.3533309996128082,0.3007718622684479,-0.9536961317062378,0.0,0.28120458126068115,0.16648410260677338,1.0,-0.6175624132156372,1.0,131.02366638183594,9.172728538513184,9.172728538513184,11.849833488464355,25.0,14.996222496032715,0.3010440468788147,0.6989559531211853,0.36690914154052734,0.36690914154052734,0.0,0.0,0.0,0.0,0.0,1.0479486621056822,0.9604566704093283,0.48256084224619444,-0.35533058372858267,0.02,-0.0,-0.013647297994016922,-0.0007447501218648384,-0.20722734451293945,0.15,-0.0,0.0,0.0,-0.0,0.0,0.9506225270144092,-0.22345058146136565,0.30536541640758513,0.0,0.1006643934683366,0.0,1.0570275658055357,-0.0,0.0,-0.5227022212498765,-0.30281860594455845,-0.29385195195407343,0.4456786304712296,-0.0,-1.561767578125,0.0,0.34899270898449686,-0.0,-0.195220947265625,-0.195220947265625,-0.05,0.3325608422461944,0.2979485094547272,0.2,0.0,-0.059759867535371866,-0.0,-0.24771558668744062,0.0,0.0,-0.0,0.06321924876793368,-0.0585743791677735,-0.0,0.0,0.0,0.0,0.07339737887400521,-0.052499999105930326,-0.0,-0.0,0.02,0.0,0.0,0.0,0.0,0.0,0.0,0.2979485094547272,27.88793818317354,32.4,0.7326086850269979,0.0,0.25,0.699999988079071,3.0,3.0,0.25,0.699999988079071,0.25,0.699999988079071,0.25,15.0,1.0,0.0,0.0,0.25,0.25,0.0,0.0,1.0,8.0,0.0,0.0,0.0,0.0,0.0,0.0,0.0,0.0,76.99088287353516,96.99044799804688,76.7736587524414,96.7554702758789,-0.21722412109375,-0.23497772216796875,0.3200013339519501,-2.3169543030720536,-0.6788150072097778,-0.7343092560768127,1.0,-12.082466125488281,0.6352088451385498,0.0,28.0,28.0,28.0,0.0,0.0,0.0,0.0,0.0,1.0,120.0,1.0,1.0,1.0,0.0,0.0,93.34919997490942,0.5614999681711197,7.600100012496114,77.2803999716416,29.121499974280596,4.0,4.799199989065528,2.4371000472456217,0.6208999548107386,0.000400003045797348
1,84,84,2.4218009824093363,0,0,3.0,2.0,0.3675425052642822,0.3669091463088989,0.6162121891975403,0.7409965395927429,1.0,0.47399333119392395,1.0,1.0,0.5998489260673523,1.0,1.0,1.0,0.3669091463088989,0.3669091463088989,0.47399333119392395,0.5998489260673523,1.0,0.0,0.7428287267684937,0.8002325892448425,1.0,0.7329050898551941,0.39839911460876465,0.33012697100639343,0.4545454680919647,-0.33155372738838196,0.3260132372379303,-0.9453651905059814,0.0,0.3010440468788147,0.20226874947547913,1.0,-0.6593359708786011,1.0,130.82321166992188,9.172728538513184,9.172728538513184,11.849833488464355,25.0,14.996222496032715,0.3010440468788147,0.6989559531211853,0.36690914154052734,0.36690914154052734,0.0,0.0,0.0,0.0,0.0,1.0333021884745897,1.2747030700746882,0.4859914022536733,-0.39219567839361463,0.02,-0.0,-0.013647297994016922,-0.0007447501218648384,0.0,0.15,-0.0,0.0,0.0,-0.0,0.0,0.9506225270144092,-0.22345058146136565,0.30536541640758513,0.0,0.1006643934683366,0.0,1.0570275658055357,-0.0,0.0,-0.5694515207512142,-0.15140930297227922,-0.3201334031369383,0.4456786304712296,-0.0,-1.6036376953125,0.0,0.33434623535340435,-0.0,-0.2004547119140625,-0.2004547119140625,-0.05,0.3359914022536733,0.3010220229625702,0.2,0.0,-0.05961253805458546,-0.0,-0.28240557603317895,0.0,0.0,-0.0,0.03160962438396684,-0.02928718958388675,-0.0,0.0,0.0,0.0,0.07575643055548403,-0.052499999105930326,-0.0,-0.0,0.02,0.0,0.0,0.0,0.0,0.0,0.0,0.3010220229625702,27.819184425473214,23.26086922832157,0.4206521686004555,0.0,0.25,0.3499999940395355,3.0,2.0,0.25,0.3499999940395355,0.25,0.3499999940395355,0.25,16.0,1.0,0.0,0.0,0.25,0.25,0.0,0.0,1.0,8.0,0.0,0.0,0.0,0.0,0.0,0.0,0.0,0.0,76.7737808227539,96.75569152832031,76.55607604980469,96.52116394042969,-0.21770477294921875,-0.234527587890625,0.31999775767326355,-2.3190121483663586,-0.6803309321403503,-0.7329050898551941,1.0,-12.365669250488281,0.7277793884277344,0.0,28.0,28.0,28.0,0.0,0.0,0.0,0.0,0.0,1.0,120.0,1.0,1.0,1.0,0.0,0.0,34.866200061514974,0.7593000773340464,8.165599894709885,18.378900014795363,14.293999993242323,4.0,4.4408999383449554,2.444199984893203,0.6487000500783324,0.000400003045797348
1,85,85,2.4055530654107242,0,0,4.0,2.0,0.3675425052642822,0.3669091463088989,0.6162121891975403,0.7409965395927429,1.0,0.47399333119392395,1.0,1.0,0.5998489260673523,1.0,1.0,1.0,0.3669091463088989,0.3669091463088989,0.47399333119392395,0.5998489260673523,1.0,0.0,0.7433789372444153,0.7974392771720886,1.0,0.7314658761024475,0.3974169194698334,-0.05968208238482475,0.4545454680919647,-0.33155372738838196,0.3507433831691742,-0.9364716410636902,0.0,0.3010440468788147,0.20226874947547913,1.0,-0.7183054685592651,1.0,130.6168975830078,8.777936935424805,8.777936935424805,11.132583618164062,25.0,15.737528800964355,0.3197838068008423,0.6802161931991577,0.3511174774169922,0.3511174774169922,0.0,0.0,0.0,0.0,0.0,0.9897041299329885,1.579595774241973,0.48097303344875264,-0.66471987221299,0.02,-0.0,-0.017287775141991084,-0.0005536464096514507,0.09201505661010745,0.15,-0.0,0.0,0.0,-0.0,0.0,1.0159863659140194,-0.25188544960905995,0.3119243323802948,0.0,0.1055921229449187,0.0,1.1359318181088098,-0.0,0.0,-0.6454360450157532,-0.16634370801196988,-0.3468741153085442,0.45785947442054753,-0.0,-1.6505126953125,0.0,0.3094879367338308,-0.0,-0.2063140869140625,-0.2063140869140625,-0.05,0.3309730334487526,0.3030123710632324,0.2,0.0,-0.0893162373348049,-0.015061983471074398,-0.450830108989169,0.0,0.0,-0.0,0.03357729914227043,-0.1250888408449564,-0.0,0.0,0.0,0.0,0.26716915779746203,-0.018000000715255735,-0.0,-0.0,0.02,0.0,0.0,0.0,0.0,0.0,0.0,0.3030123710632324,28.16277753800154,23.26086922832157,0.4206521686004555,0.0,0.5,0.3499999940395355,4.0,2.0,0.5,0.3499999940395355,0.3700000047683716,0.3499999940395355,0.3700000000000001,17.0,1.0,0.0,0.0,0.5,0.5,1.0,0.1299999999999999,1.0,8.0,0.0,0.0,0.0,0.0,0.0,0.0,0.0,0.0,76.55619812011719,96.5213851928711,76.33799743652344,96.28731536865234,-0.21820068359375,-0.23406982421875,0.3200003504753113,-2.321121121233009,-0.6818780303001404,-0.7314658164978027,1.0,-12.649279594421387,0.8286725878715515,0.0,28.0,28.0,28.0,0.0,0.0,0.0,0.0,0.0,1.0,120.0,1.0,1.0,1.0,0.0,0.0,56.7972999997437,0.5723999347537756,7.093599997460842,41.879700031131506,19.47549998294562,4.0,4.034199984744191,2.390400040894747,0.788699951954186,0.000400003045797348
1,86,86,2.2211850408159792,0,0,3.0,2.0,0.35111749172210693,0.3514532148838043,0.6292586326599121,0.8144932389259338,0.6347870826721191,0.445303350687027,1.0,1.0,0.6295011639595032,1.0,1.0,1.0,0.35111749172210693,0.35111749172210693,0.445303350687027,0.6295011639595032,1.0,0.0,0.7439180016517639,0.7945829629898071,1.0,0.7299970388412476,0.4023253917694092,0.2982579171657562,0.6727272868156433,-0.3300420939922333,0.3756569027900696,-0.9267588257789612,0.0,0.3197838068008423,0.24026159942150116,1.0,-0.7575995326042175,1.0,130.40396118164062,8.777936935424805,8.777936935424805,11.132583618164062,25.0,15.737528800964355,0.3197838068008423,0.6802161931991577,0.3511174774169922,0.3511174774169922,0.0,0.0,0.0,0.0,0.0,0.9717026552337273,1.1680755282205795,0.4820824826737665,-0.4206756253120944,0.02,-0.0,-0.017287775141991084,-0.0005536464096514507,0.0,0.15,-0.0,0.0,0.0,-0.0,0.0,1.0080376008980416,-0.2685778561426133,0.3119243323802948,0.0,0.11258969523689967,0.0,1.1359318181088098,-0.0,0.0,-0.7002760303409945,-0.16634370801196988,-0.37634654954912383,0.45785947442054753,-0.0,-1.7034912109375,0.0,0.2914864620345696,-0.0,-0.2129364013671875,-0.2129364013671875,-0.05,0.3320824826737665,0.30402809381484985,0.2,0.0,-0.061582975580037704,-0.0,-0.3453827585751846,0.0,0.0,-0.0,0.03357729914227043,-0.02928718958388675,-0.0,0.0,0.0,0.0,0.0271451252609482,-0.018000000715255735,-0.0,-0.0,0.02,0.0,0.0,0.0,0.0,0.0,0.0,0.30402809381484985,28.738721937350928,23.26086922832157,0.4206521686004555,0.0,0.25,0.3499999940395355,3.0,2.0,0.25,0.3499999940395355,0.25,0.3499999940395355,0.25,18.0,1.0,0.0,0.0,0.25,0.25,0.0,0.0,1.0,8.0,0.0,0.0,0.0,0.0,0.0,0.0,0.0,0.0,76.33811950683594,96.28753662109375,76.11941528320312,96.05393981933594,-0.2187042236328125,-0.2335968017578125,0.31999844312667847,-2.323280120432556,-0.6834502816200256,-0.7299970984458923,1.0,-12.93204116821289,0.9375871419906616,0.0,28.0,28.0,28.0,0.0,0.0,0.0,0.0,0.0,1.0,120.0,1.0,1.0,1.0,0.0,0.0,29.756300034932792,0.772500061430037,6.2562000239267945,15.52849996369332,12.60400004684925,4.0,4.076500074006617,2.4739999789744616,0.6215999601408839,0.000400003045797348
1,87,87,1.9926425399187586,0,0,4.0,2.0,0.35111749172210693,0.3514532148838043,0.6292586326599121,0.8144932389259338,0.6347870826721191,0.445303350687027,1.0,1.0,0.6295011639595032,1.0,1.0,1.0,0.35111749172210693,0.35111749172210693,0.445303350687027,0.6295011639595032,1.0,0.0,0.7444353699684143,0.791664183139801,1.0,0.7285031676292419,0.4105531573295593,0.4999517500400543,0.4545454680919647,-0.3300420939922333,0.4028036594390869,-0.9152864217758179,0.0,0.3197838068008423,0.24026159942150116,1.0,-0.8219695687294006,1.0,130.1836700439453,8.40255355834961,8.40255355834961,10.454442977905273,25.0,15.859532356262207,0.33507978916168213,0.6649202108383179,0.3361021423339844,0.3361021423339844,0.0,0.0,0.0,0.0,0.0,0.9303284726174965,1.3234117474556362,0.47851181854258296,-0.7596094986969574,0.02,-0.0,-0.02162987402867211,-0.0005272763588219994,-0.14519046783447265,0.15,-0.0,0.0,0.0,-0.0,0.0,1.0852737711596772,-0.24163058473113075,0.31727792620658873,0.0,0.09585831598802066,0.0,1.2003359543649774,-0.0,0.0,-0.781807474015773,-0.17890765710657944,-0.40625403411639566,0.4678018629550934,-0.0,-1.7623291015625,0.0,0.26540826177917864,-0.0,-0.2202911376953125,-0.2202911376953125,-0.05,0.32851181854258293,0.3062267005443573,0.2,0.0,-0.09247395421701246,-0.015061983471074398,-0.5451264225958395,0.0,0.0,-0.0,0.035367715905652145,-0.12431485360342734,-0.0,0.0,0.0,0.0,0.25749535600643164,-0.018000000715255735,-0.0,-0.0,0.02,0.0,0.0,0.0,0.0,0.0,0.0,0.3062267005443573,29.15845403239131,23.26086922832157,0.4206521686004555,0.0,0.5,0.3499999940395355,4.0,2.0,0.5,0.3499999940395355,0.3700000047683716,0.3499999940395355,0.3700000000000001,19.0,1.0,0.0,0.0,0.5,0.5,1.0,0.1299999999999999,1.0,8.0,0.0,0.0,0.0,0.0,0.0,0.0,0.0,0.0,76.11953735351562,96.05416107177734,75.90032196044922,95.82103729248047,-0.21921539306640625,-0.233123779296875,0.3200032413005829,-2.3254565071750184,-0.6850424408912659,-0.7285031676292419,1.0,-13.212709426879883,1.054456353187561,0.0,28.0,28.0,28.0,0.0,0.0,0.0,0.0,0.0,1.0,120.0,1.0,1.0,1.0,0.0,0.0,52.596100023947656,0.5175000987946987,7.015999988652766,36.16249992046505,28.0778999440372,4.0,4.921699990518391,3.2043999526649714,0.7442999631166458,0.000400003045797348
1,88,88,2.0483227975047194,0,0,3.0,2.0,0.33610212802886963,0.33769482374191284,0.6520394682884216,0.903459370136261,0.5733605623245239,0.4181777238845825,1.0,0.8636150360107422,0.6343812942504883,1.0,1.0,1.0,0.33610212802886963,0.33610212802886963,0.4181777238845825,0.6343812942504883,1.0,0.0,0.7449344992637634,0.7886712551116943,1.0,0.7269771099090576,0.41654935479164124,0.3643507659435272,0.6727272868156433,-0.3735214173793793,0.4299933612346649,-0.90283203125,0.0,0.33507978916168213,0.2806934118270874,1.0,-0.8684318661689758,1.0,129.95579528808594,8.057039260864258,8.057039260864258,9.825136184692383,25.0,16.393339157104492,0.3464661240577698,0.6535338759422302,0.3222815704345703,0.3222815704345703,0.0,0.0,0.0,0.0,0.0,0.894590698327157,1.1145750252209325,0.4759888290316892,-0.45683175507505974,0.02,-0.0,-0.026638865436265313,-0.0004258989411574306,0.034351615905761745,0.15,-0.0,0.0,0.0,-0.0,0.0,1.086539791876042,-0.3396511129395397,0.32126314342021944,0.0,0.12956935167312625,0.0,1.2482784170853465,-0.0,0.0,-0.8626063694355858,-0.18847853166064601,-0.4378436864321218,0.4752029806375504,-0.0,-1.822998046875,0.0,0.24105682238492676,-0.0,-0.227874755859375,-0.227874755859375,-0.05,0.3259888290316892,0.30804353952407837,0.2,0.0,-0.06240721228889057,-0.0,-0.3877022211012952,0.0,0.0,-0.0,0.03781221351874021,-0.026534534488358408,-0.0,0.0,0.0,0.0,0.013205978766976545,-0.018000000715255735,-0.0,-0.0,0.02,0.0,0.0,0.0,0.0,0.0,0.0,0.30804353952407837,29.1233657348156,23.26086922832157,0.4206521686004555,0.0,0.25,0.3499999940395355,3.0,2.0,0.25,0.3499999940395355,0.25,0.3499999940395355,0.25,20.0,1.0,0.0,0.0,0.25,0.25,0.0,0.0,1.0,8.0,0.0,0.0,0.0,0.0,0.0,0.0,0.0,0.0,75.90044403076172,95.82125854492188,75.68070983886719,95.588623046875,-0.21973419189453125,-0.232635498046875,0.3200037181377411,-2.3276828371995752,-0.6866617202758789,-0.7269771099090576,1.0,-13.49169921875,1.1807080507278442,0.0,28.0,28.0,28.0,0.0,0.0,0.0,0.0,0.0,1.0,120.0,1.0,1.0,1.0,0.0,0.0,52.602099953219295,1.032699947245419,6.615099962800741,36.31890006363392,19.98710003681481,4.0,5.588100058957934,2.4197999155148864,0.583500019274652,0.000500003807246685
1,89,89,1.9245983816919554,0,0,3.0,2.0,0.3222815692424774,0.3258882164955139,1.0,1.0,0.5182819366455078,0.39300546050071716,1.0,0.7928930521011353,0.655733585357666,1.0,1.0,1.0,0.3222815692424774,0.3222815692424774,0.39300546050071716,0.655733585357666,1.0,0.0,0.745410144329071,0.7856060862541199,1.0,0.7254214882850647,0.4160480797290802,-0.030458591878414154,0.4545454680919647,-0.40105462074279785,0.45829424262046814,-0.8888005614280701,0.0,0.3464661240577698,0.3178071677684784,1.0,-0.9213824272155762,1.0,129.7200469970703,8.057039260864258,8.057039260864258,9.825136184692383,25.0,16.393339157104492,0.3464661240577698,0.6535338759422302,0.3222815704345703,0.3222815704345703,0.0,0.0,0.0,0.0,0.0,0.8740206367508243,1.0214544750186032,0.4789841328359623,-0.46986086291343465,0.02,-0.0,-0.026638865436265313,-0.0004258989411574306,0.0,0.15,-0.0,0.0,0.0,-0.0,0.0,1.086539791876042,-0.3396511129395397,0.32126314342021944,0.0,0.12956935167312625,0.0,1.2482784170853465,-0.0,0.0,-0.9234164856683269,-0.18847853166064601,-0.468709822374441,0.4752029806375504,-0.0,-1.885986328125,0.0,0.22048676080859408,-0.0,-0.235748291015625,-0.235748291015625,-0.05,0.3289841328359623,0.31087395548820496,0.2,0.0,-0.06224170351552644,-0.0,-0.41889683842829,0.0,0.0,-0.0,0.03781221351874021,-0.026534534488358408,-0.0,0.0,0.0,0.0,0.015247160703150076,-0.0,-0.0,-0.0,0.02,0.0,0.0,0.0,0.0,0.0,0.0,0.31087395548820496,29.046128307245674,23.26086922832157,0.4206521686004555,0.0,0.25,0.3499999940395355,3.0,2.0,0.25,0.3499999940395355,0.25,0.3499999940395355,0.25,21.0,1.0,0.0,0.0,0.25,0.25,0.0,0.0,1.0,8.0,0.0,0.0,0.0,0.0,0.0,0.0,0.0,0.0,75.68083190917969,95.5888442993164,75.4605712890625,95.3567123413086,-0.2202606201171875,-0.2321319580078125,0.3199999928474426,-2.3299592805239797,-0.6883049607276917,-0.7254214882850647,1.0,-13.768383979797363,1.316119909286499,0.0,28.0,28.0,28.0,0.0,0.0,0.0,0.0,0.0,1.0,120.0,1.0,1.0,1.0,0.0,0.0,55.80760003067553,0.5816000048071146,8.449300075881183,38.21739996783435,15.780000016093254,4.0,4.66560001950711,2.7218000032007694,1.1359999189153314,0.000400003045797348
1,90,90,1.8784352374029054,0,0,3.0,2.0,0.3222815692424774,0.3258882164955139,1.0,1.0,0.5182819366455078,0.39300546050071716,1.0,0.7928930521011353,0.655733585357666,1.0,1.0,1.0,0.3222815692424774,0.3222815692424774,0.39300546050071716,0.655733585357666,1.0,0.0,0.7458654642105103,0.7824618220329285,1.0,0.7238312363624573,0.41494467854499817,-0.0670463815331459,0.4545454680919647,-0.40105462074279785,0.48550543189048767,-0.8742336630821228,0.0,0.3464661240577698,0.3178071677684784,1.0,-0.9863360524177551,1.0,129.4763946533203,7.724171161651611,7.724171161651611,9.254257202148438,25.0,17.114755630493164,0.3557867109775543,0.6442132890224457,0.3089668464660644,0.3089668464660644,0.0,0.0,0.0,0.0,0.0,0.8412683282415774,1.029331898299732,0.4783533008116737,-0.4905182899500775,0.02,-0.09110981971025467,-0.032187209251502834,-0.00031914179467568485,0.12020068168640136,0.15,-0.0,0.0,0.0,-0.0,0.0,1.1130628113359677,-0.366366382732843,0.324525348842144,0.0,0.13550063425844364,0.0,1.2875229935897026,-0.0,0.0,-0.9656422451922769,-0.19645168102603333,-0.49799407941085594,0.4812613621354103,-0.0,-1.94921875,0.0,0.1970550392191317,-0.0,-0.24365234375,-0.24365234375,-0.05,0.3283533008116737,0.31380170583724976,0.2,0.0,-0.06288122599364392,-0.0,-0.44284775393247156,0.0,0.0,-0.0,0.039874017189040635,-0.024663327213002722,-0.0,0.0,0.0,0.0,0.010621891395246719,-0.0,-0.0,-0.0,0.02,0.0,0.0,0.0,0.0,0.0,0.0,0.31380170583724976,29.344572130367162,23.26086922832157,0.4206521686004555,0.0,0.25,0.3499999940395355,3.0,2.0,0.25,0.3499999940395355,0.25,0.3499999940395355,0.25,22.0,1.0,0.0,0.0,0.25,0.25,0.0,0.0,1.0,8.0,0.0,0.0,0.0,0.0,0.0,0.0,0.0,0.0,75.460693359375,95.35693359375,75.23989868164062,95.12530517578125,-0.220794677734375,-0.23162841796875,0.3200031518936157,-2.3322530452178003,-0.6899770498275757,-0.7238311767578125,1.0,-14.043159484863281,1.461519479751587,0.0,28.0,28.0,28.0,0.0,0.0,0.0,0.0,0.0,1.0,120.0,1.0,1.0,1.0,0.0,0.0,49.97309995815158,0.574599951505661,4.9171000719070435,37.30769990943372,16.199200064875185,4.0,3.1359000131487846,3.198099904693663,0.7934999885037541,0.000500003807246685
1,91,91,1.7800587053530785,0,0,4.0,2.0,0.30896684527397156,0.3154359459877014,1.0,1.0,0.47095099091529846,0.3701702952384949,1.0,0.737663745880127,0.684590220451355,1.0,1.0,1.0,0.30896684527397156,0.30896684527397156,0.3701702952384949,0.684590220451355,1.0,0.0,0.7462989091873169,0.7792394161224365,1.0,0.7222067713737488,0.4192081689834595,0.25906580686569214,0.4545454680919647,-0.3643977642059326,0.5108948945999146,-0.8596432209014893,0.0,0.3557867109775543,0.35068294405937195,1.0,-1.0,1.0,129.22496032714844,7.724171161651611,7.724171161651611,9.254257202148438,25.0,17.114755630493164,0.3557867109775543,0.6442132890224457,0.3089668464660644,0.3089668464660644,0.0,0.0,0.0,0.0,0.0,0.821235960457221,1.3747243791900345,0.4807054712478948,-0.9166071055420719,0.02,-0.09110981971025467,-0.032187209251502834,-0.00031914179467568485,0.0,0.15,-0.0,0.0,0.0,-0.0,0.0,1.1810690681511382,-0.22355324342098484,0.324525348842144,0.0,0.08268118392337472,0.0,1.2875229935897026,-0.0,0.0,-0.9656422451922769,-0.19645168102603333,-0.5270745255084113,0.4812613621354103,-0.0,-2.011474609375,0.0,0.17702267143477535,-0.0,-0.251434326171875,-0.251434326171875,-0.05,0.3307054712478948,0.31604963541030884,0.2,0.0,-0.09456249723221044,-0.015061983471074398,-0.7135355274475761,0.0,0.0,-0.0,0.039874017189040635,-0.11532111386499576,-0.0,0.0,0.0,0.0,0.2653956578449221,-0.018000000715255735,-0.0,-0.0,0.02,0.0,0.0,0.0,0.0,0.0,0.0,0.31604963541030884,29.81700363177806,23.26086922832157,0.4206521686004555,0.0,0.5,0.3499999940395355,4.0,2.0,0.5,0.3499999940395355,0.3700000047683716,0.3499999940395355,0.3700000000000001,23.0,1.0,0.0,0.0,0.5,0.5,1.0,0.1299999999999999,1.0,8.0,0.0,0.0,0.0,0.0,0.0,0.0,0.0,0.0,75.24002075195312,95.12552642822266,75.01868438720703,94.89441680908203,-0.22133636474609375,-0.231109619140625,0.3200022578239441,-2.334596892513293,-0.6916772127151489,-0.7222067713737488,1.0,-14.315850257873535,1.6167974472045898,0.0,28.0,28.0,28.0,0.0,0.0,0.0,0.0,0.0,1.0,120.0,1.0,1.0,1.0,0.0,0.0,32.89189992938191,0.5773999728262424,7.493800017982721,16.390500008128583,13.08850001078099,4.0,4.663400002755225,2.988399937748909,0.7459999760612845,0.000500003807246685
1,92,92,-0.13944612397616798,0,0,4.0,3.0,0.30896684527397156,0.3154359459877014,1.0,1.0,0.47095099091529846,0.3701702952384949,1.0,0.737663745880127,0.684590220451355,1.0,1.0,1.0,0.30896684527397156,0.30896684527397156,0.3701702952384949,0.684590220451355,1.0,0.0,0.7467048168182373,0.7759453058242798,1.0,0.7205529808998108,0.42595720291137695,0.41009679436683655,0.6727272868156433,-0.3643977642059326,0.5356741547584534,-0.8444247841835022,0.0,0.3557867109775543,0.35068294405937195,1.0,-1.0,1.0,128.9656982421875,7.407045841217041,7.407045841217041,8.734036445617676,25.0,17.501937866210938,0.3645162284374237,0.6354837715625763,0.29628183364868166,0.29628183364868166,0.0,0.0,0.0,0.0,0.0,0.7901938208909014,0.3451565822507795,0.47939156730372345,-1.7741880944215724,0.02,-0.18899285793304443,-0.03824999676803212,-0.00027335261920111956,-0.0026911926269531095,0.15,-0.0,0.0,0.0,-0.0,0.0,0.9332089085095551,-0.8212468909450497,0.3275806799530983,0.0,0.2953078546307307,0.0,1.3242788565786263,-0.0,0.0,-0.9932091424339697,-0.40806481999258737,-0.5600579616499157,0.4869355484843254,-0.0,-2.0740966796875,0.0,0.1547100493283251,-0.0,-0.2592620849609375,-0.2592620849609375,-0.05,0.32939156730372343,0.3181783854961395,0.2,0.0,-0.13046948371718828,-0.11621900826446298,-1.0218423706629267,0.0,0.0,-0.0,0.083709409474811,-0.5338666405365499,-0.0,0.0,0.0,0.0,0.3903970704814357,-0.05550000071525574,-0.0,-0.0,0.02,0.0,0.0,0.0,0.0,0.0,0.0,0.3181783854961395,31.064162789806726,32.4,0.7326086850269979,0.0,0.5,0.699999988079071,4.0,3.0,0.5,0.699999988079071,0.49000000953674316,0.699999988079071,0.4900000000000002,24.0,1.0,0.0,0.0,0.5,0.5,1.0,0.009999999999999787,1.0,8.0,0.0,0.0,0.0,0.0,0.0,0.0,0.0,0.0,75.01880645751953,94.89463806152344,74.79692077636719,94.6640625,-0.22188568115234375,-0.2305755615234375,0.3199974000453949,-2.3369910803625906,-0.6933999061584473,-0.7205529808998108,1.0,-14.585770606994629,1.7812066078186035,0.0,28.0,28.0,28.0,0.0,0.0,0.0,0.0,0.0,1.0,120.0,1.0,1.0,1.0,0.0,0.0,56.549099972471595,0.4256999818608165,7.173200021497905,40.910599986091256,19.302799948491156,4.0,4.186799982562661,3.1336999963968992,0.6905000191181898,0.000400003045797348
1,93,93,1.2887024557947526,0,0,3.0,3.0,0.2962818443775177,0.3062504529953003,1.0,1.0,0.4297908842563629,0.34936144948005676,1.0,0.7000775337219238,0.7103403210639954,1.0,1.0,1.0,0.2962818443775177,0.2962818443775177,0.34936144948005676,0.7000775337219238,1.0,0.0,0.7470802068710327,0.7725811004638672,1.0,0.7188712954521179,0.4437737464904785,1.0,0.8909090757369995,-0.3998664915561676,0.5632297992706299,-0.826300323009491,0.0,0.3645162284374237,0.38074779510498047,1.0,-1.0,1.0,128.69708251953125,7.407045841217041,7.407045841217041,8.734036445617676,25.0,17.501937866210938,0.3645162284374237,0.6354837715625763,0.29628183364868166,0.29628183364868166,0.0,0.0,0.0,0.0,0.0,0.7664867784557909,1.1169456298204612,0.48151768237323345,-1.096247634854733,0.02,-0.18899285793304443,-0.03824999676803212,-0.00027335261920111956,0.0,0.15,-0.0,0.0,0.0,-0.0,0.0,1.2221424772176193,-0.21448639665811495,0.3275806799530983,0.0,0.07712603644891236,0.0,1.3242788565786263,-0.0,0.0,-0.9932091424339697,-0.40806481999258737,-0.5991920124286687,0.4869355484843254,-0.0,-2.14892578125,0.0,0.13100300689321465,-0.0,-0.26861572265625,-0.26861572265625,-0.05,0.3315176823732334,0.3202321231365204,0.2,0.0,-0.09908589863977052,-0.015061983471074398,-0.8245476420858261,0.0,0.0,-0.0,0.083709409474811,-0.22326151941761727,-0.0,0.0,0.0,0.0,0.2638008624291653,-0.018000000715255735,-0.0,-0.0,0.02,0.0,0.0,0.0,0.0,0.0,0.0,0.3202321231365204,31.243301372900607,32.4,0.7326086850269979,0.0,0.25,0.699999988079071,3.0,3.0,0.25,0.699999988079071,0.3700000047683716,0.699999988079071,0.3700000000000001,25.0,1.0,0.0,0.0,0.25,0.25,1.0,0.1200000000000001,1.0,8.0,0.0,0.0,0.0,0.0,0.0,0.0,0.0,0.0,74.79704284667969,94.6642837524414,74.57460021972656,94.43424224853516,-0.222442626953125,-0.23004150390625,0.31999969482421875,-2.3394023556321266,-0.6951432228088379,-0.7188712358474731,1.0,-14.852584838867188,1.9545491933822632,0.0,28.0,28.0,28.0,0.0,0.0,0.0,0.0,0.0,1.0,120.0,1.0,1.0,1.0,0.0,0.0,30.409300001338124,1.280499971471727,6.622100016102195,14.211699948646128,11.23960001859814,4.0,4.177300026640296,3.358099958859384,0.7315000984817743,0.000600004568696022
1,94,94,1.2417124396278203,0,0,3.0,2.0,0.2962818443775177,0.3062504529953003,1.0,1.0,0.4297908842563629,0.34936144948005676,1.0,0.7000775337219238,0.7103403210639954,1.0,1.0,1.0,0.2962818443775177,0.2962818443775177,0.34936144948005676,0.7000775337219238,1.0,0.0,0.7474157214164734,0.7691383957862854,1.0,0.7171615958213806,0.4463328719139099,0.15550224483013153,0.6727272868156433,-0.3998664915561676,0.5951268076896667,-0.8036318421363831,0.0,0.3645162284374237,0.38074779510498047,1.0,-1.0,1.0,128.41726684570312,7.148658752441406,7.148658752441406,8.251405715942383,25.0,17.721744537353516,0.3628774583339691,0.6371225416660309,0.28594635009765623,0.28594635009765623,0.0,0.0,0.0,0.0,0.0,0.739915169886638,0.6880045814531415,0.4852125794663971,-0.6914198911783562,0.02,-0.26037371158599854,-0.044896798026827986,-0.0002503449930302868,-0.04750914573669432,0.15,-0.0,0.0,0.0,-0.0,0.0,1.1329287127487342,-0.38734512428591156,0.32700711041688924,0.0,0.1400129280307077,0.0,1.3173787719325016,-0.0,0.0,-0.9880340789493762,-0.20260095090552724,-0.6396105556046408,0.48587034791707995,-0.0,-2.238525390625,0.0,0.10279262822060709,-0.0,-0.279815673828125,-0.279815673828125,-0.05,0.3352125794663971,0.32314902544021606,0.2,0.0,-0.06636334317781563,-0.0,-0.5877501580875996,0.0,0.0,-0.0,0.04147921497019344,-0.023285604167878674,-0.0,0.0,0.0,0.0,0.01870725125527184,-0.05550000071525574,-0.0,-0.0,0.02,0.0,0.0,0.0,0.0,0.0,0.0,0.32314902544021606,30.969560149647297,23.26086922832157,0.4206521686004555,0.0,0.25,0.3499999940395355,3.0,2.0,0.25,0.3499999940395355,0.25,0.3499999940395355,0.25,26.0,1.0,0.0,0.0,0.25,0.25,0.0,0.0,1.0,8.0,0.0,0.0,0.0,0.0,0.0,0.0,0.0,0.0,74.57472229003906,94.43446350097656,74.35171508789062,94.20497131347656,-0.2230072021484375,-0.2294921875,0.31999823451042175,-2.341864029563825,-0.6969069242477417,-0.7171615958213806,1.0,-15.115165710449219,2.1378519535064697,0.0,28.0,28.0,28.0,0.0,0.0,0.0,0.0,0.0,1.0,120.0,1.0,1.0,1.0,0.0,0.0,54.4655000558123,0.6843000883236527,5.376199958845973,40.11239996179938,31.477599986828864,4.0,4.514100030064583,3.122100024484098,0.62369997613132,0.000400003045797348
1,95,95,-0.09615078068506412,0,0,3.0,0.0,0.2859463393688202,0.3015894889831543,1.0,1.0,0.38971978425979614,0.33005622029304504,1.0,0.7088697552680969,0.7946627736091614,1.0,1.0,1.0,0.2859463393688202,0.2859463393688202,0.33005622029304504,0.7088697552680969,1.0,0.0,0.7477047443389893,0.7656014561653137,1.0,0.7154191732406616,0.4424223005771637,-0.23762258887290955,0.4545454680919647,-0.5118927359580994,0.6271135210990906,-0.7789278626441956,0.0,0.3628774583339691,0.4073995053768158,1.0,-1.0,1.0,128.12515258789062,6.925257205963135,6.925257205963135,7.8323516845703125,25.0,17.914505004882812,0.3558323383331299,0.6441676616668701,0.2770102882385254,0.2770102882385254,0.0,0.0,0.0,0.0,0.0,0.7163803572770888,-0.5085933300636425,0.4863581674213544,-0.8102959753198649,0.02,-0.3131573498249054,-0.051602104733260476,-0.0002317677405016804,-0.04020276069641113,0.15,-0.0,0.0,0.0,-0.0,0.0,0.7421276701470605,-0.9674332848825141,0.32454131841659545,0.0,0.13552966984835535,0.3333333333333333,0.8584767391807155,-0.0,0.0,-0.9657863315783048,-0.0,-0.6759628987529478,0.48129101991653445,-0.0,-2.3369140625,0.0,0.0722126956102187,-0.0,-0.2921142578125,-0.2921142578125,-0.05,0.3363581674213544,0.3214696943759918,0.2,0.0,-0.06468033228830568,-0.0,-0.6181156394552805,0.0,0.0,0.0,0.0,0.0,-0.0,0.0,0.0,0.0,0.07921586006447912,-0.1275000035762787,-0.0,-0.0,0.02,0.0,0.0,0.0,0.0,0.0,0.0,0.3214696943759918,30.18415506787598,0.0,0.0,0.45652173913043476,0.25,-0.5,3.0,0.0,0.25,-0.5,0.25,-0.5,0.25,27.0,1.0,0.0,0.0,0.25,0.25,0.0,0.0,1.0,8.0,0.0,0.0,0.0,0.0,0.0,0.0,0.0,0.0,74.35184478759766,94.20519256591797,74.12826538085938,93.97625732421875,-0.22357940673828125,-0.22893524169921875,0.3199985921382904,-2.3443593368292928,-0.6986955404281616,-0.7154191732406616,1.0,-15.372726440429688,2.333012819290161,0.0,28.0,28.0,28.0,0.0,0.0,0.0,0.0,0.0,1.0,120.0,1.0,1.0,1.0,0.0,0.0,80.31370001845062,0.6558999884873629,7.65689997933805,63.346499926410615,28.272899915464222,4.0,4.8383999383077025,2.8366000624373555,0.9338000090792775,0.000500003807246685
1,96,96,0.7573610922053351,0,0,4.0,3.0,0.2770102918148041,0.2995869219303131,1.0,0.6058191061019897,0.3558925688266754,0.31329405307769775,1.0,0.7165802121162415,0.8961876630783081,1.0,1.0,1.0,0.2770102918148041,0.2770102918148041,0.31329405307769775,0.7165802121162415,1.0,0.0,0.7479108572006226,0.7619928121566772,1.0,0.7136704921722412,0.4312022030353546,-0.6817752718925476,0.4545454680919647,-0.43168866634368896,0.6550087928771973,-0.7556212544441223,0.0,0.3558323383331299,0.4284842014312744,1.0,-1.0,1.0,127.82158660888672,6.925257205963135,6.925257205963135,7.8323516845703125,25.0,17.914505004882812,0.3558323383331299,0.6441676616668701,0.2770102882385254,0.2770102882385254,0.0,0.0,0.0,0.0,0.0,0.6869238405232636,0.984241386530027,0.4871852853625189,-1.4209894202104747,0.02,-0.3131573498249054,-0.051602104733260476,-0.0002317677405016804,0.0,0.15,-0.0,0.0,0.0,-0.0,0.0,1.181282688589685,-0.22350808238091524,0.32454131841659545,0.0,0.08265214833346302,0.0,1.2877151087710732,-0.0,0.0,-0.9657863315783048,-0.39298203850077645,-0.7095221953038742,0.48129101991653445,-0.0,-2.42852783203125,0.0,0.04275617885639349,-0.0,-0.30356597900390625,-0.30356597900390625,-0.05,0.3371852853625189,0.32226020097732544,0.2,0.0,-0.09712920801986756,-0.015061983471074398,-0.9770656200709553,0.0,0.0,-0.0,0.07976849003383318,-0.23060333829117513,-0.0,0.0,0.0,0.0,0.3125112639279329,-0.18089776039123534,-0.0,-0.0,0.02,0.0,0.0,0.0,0.0,0.0,0.0,0.32226020097732544,30.626326853111383,32.4,0.7326086850269979,0.0,0.5,0.699999988079071,4.0,3.0,0.5,0.699999988079071,0.3700000047683716,0.699999988079071,0.3700000000000001,28.0,1.0,0.0,0.0,0.5,0.5,1.0,0.1299999999999999,1.0,8.0,0.0,0.0,0.0,0.0,0.0,0.0,0.0,0.0,74.1283950805664,93.97647857666016,73.90424346923828,93.74810028076172,-0.224151611328125,-0.2283782958984375,0.32000091671943665,-2.3468546129525456,-0.7004815340042114,-0.7136704921722412,1.0,-15.6209077835083,2.5373380184173584,0.0,28.0,28.0,28.0,0.0,0.0,0.0,0.0,0.0,1.0,120.0,1.0,1.0,1.0,0.0,0.0,27.464100043289363,0.6815000670030713,8.741699974052608,10.030200006440282,7.231199997477233,4.0,4.37370000872761,2.9422000516206026,0.6645999383181334,0.000500003807246685
1,97,97,-0.8115813205902669,0,0,4.0,2.0,0.2770102918148041,0.2995869219303131,1.0,0.6058191061019897,0.3558925688266754,0.31329405307769775,1.0,0.7165802121162415,0.8961876630783081,1.0,1.0,1.0,0.2770102918148041,0.2770102918148041,0.31329405307769775,0.7165802121162415,1.0,0.0,0.7480504512786865,0.7583065032958984,1.0,0.7119046449661255,0.4375189542770386,0.38382968306541443,0.6727272868156433,-0.43168866634368896,0.6799933314323425,-0.733218252658844,0.0,0.3558323383331299,0.4284842014312744,1.0,-1.0,1.0,127.50827026367188,6.725625991821289,6.725625991821289,7.449890613555908,25.0,16.209184646606445,0.3487149178981781,0.6512850821018219,0.2690250396728516,0.2690250396728516,0.0,0.0,0.0,0.0,0.0,0.6691306924791753,-1.5755057505325747,2.042079229260274,-1.9672854917971416,0.02,-0.3587818741798401,-0.05859557134134937,-0.00045845580424289865,-0.20810391426086425,0.15,-1.7053203582763672,0.0,0.0,-0.0,0.0,0.873677324233223,-0.8065463668414914,0.32205022126436234,0.0,0.3053632340647961,0.0,1.2577470227291712,-0.0,0.0,-0.9433102670468784,-0.1903908019000171,-0.7455242043392589,0.4766646966338158,-0.0,-2.50653076171875,0.0,0.017845610377353438,-0.0,-0.31331634521484375,-0.31331634521484375,1.5,0.34207922926027395,0.32412636280059814,0.2,0.0,-0.1319470365097449,-0.11621900826446298,-1.4246469347081683,0.0,0.0,-0.0,0.038304658946566456,-0.2772771705460764,-0.0,0.0,0.0,0.0,0.41457751215608185,-0.05550000071525574,-0.0,-0.0,0.02,0.0,0.0,0.0,0.0,0.0,0.0,0.32412636280059814,31.41596107374877,23.26086922832157,0.4206521686004555,0.0,0.5,0.3499999940395355,4.0,2.0,0.5,0.3499999940395355,0.49000000953674316,0.3499999940395355,0.4900000000000002,29.0,1.0,0.0,0.0,0.5,0.5,1.0,0.009999999999999787,1.0,8.0,0.0,0.0,0.0,0.0,0.0,0.0,0.0,0.0,73.90437316894531,93.74832153320312,73.67964172363281,93.52051544189453,-0.2247314453125,-0.22780609130859375,0.3199997544288635,-2.349400365714531,-0.7022761702537537,-0.7119046449661255,1.0,-15.861675262451172,2.751540422439575,0.0,28.0,28.0,28.0,0.0,0.0,0.0,0.0,0.0,1.0,120.0,1.0,1.0,1.0,0.0,0.0,51.492500002495944,0.6955999415367842,7.326900027692318,35.8235000167042,17.53339997958392,4.0,4.400899983011186,2.5299000553786755,0.668100081384182,0.000500003807246685
1,98,98,-0.6543691339176507,0,0,4.0,2.0,0.2690250277519226,0.29870566725730896,1.0,0.5252017378807068,0.3285282254219055,0.2979956269264221,1.0,0.7384093999862671,0.6483674049377441,1.0,1.0,1.0,0.2690250277519226,0.2690250277519226,0.2979956269264221,0.6483674049377441,1.0,0.0,0.7481365203857422,0.7545491456985474,1.0,0.7101178765296936,0.4487994313240051,0.6854463815689087,0.8909090757369995,-0.4557625651359558,0.7059443593025208,-0.708267331123352,0.0,0.3487149178981781,0.4469442665576935,1.0,-1.0,1.0,127.18415832519531,6.725625991821289,6.725625991821289,7.449890613555908,25.0,16.209184646606445,0.3487149178981781,0.6512850821018219,0.2690250396728516,0.2690250396728516,0.0,0.0,0.0,0.0,0.0,0.635494202375412,0.27682592101076736,0.49136376723882547,-2.0780530245426556,0.02,-0.3587818741798401,-0.05859557134134937,-0.00045845580424289865,0.0,0.15,-0.0,0.0,0.0,-0.0,0.0,0.8508091965472384,-0.8545694349820587,0.32205022126436234,0.0,0.3235450522466139,0.0,1.2577470227291712,-0.0,0.0,-0.9433102670468784,-0.1903908019000171,-0.787761617170359,0.4766646966338158,-0.0,-2.5928955078125,0.0,-0.015790879726409912,-0.0,-0.3241119384765625,-0.3241119384765625,-0.05,0.34136376723882544,0.32344844937324524,0.2,0.0,-0.13746622178416165,-0.1289462809917355,-1.5549162057616739,0.0,0.0,-0.0,0.038304658946566456,-0.29352897638216247,-0.0,0.0,0.0,0.0,0.42437610698874434,-0.0014999985694885253,-0.0,-0.0,0.02,0.0,0.0,0.0,0.0,0.0,0.0,0.32344844937324524,32.07545174963772,23.26086922832157,0.4206521686004555,0.0,0.5,0.3499999940395355,4.0,2.0,0.5,0.3499999940395355,0.5,0.3499999940395355,0.5,30.0,1.0,0.0,0.0,0.5,0.5,0.0,0.0,1.0,8.0,0.0,0.0,0.0,0.0,0.0,0.0,0.0,0.0,73.67977142333984,93.52073669433594,73.4544677734375,93.29349517822266,-0.22530364990234375,-0.22724151611328125,0.32000067830085754,-2.3519123575003094,-0.7040828466415405,-0.7101178765296936,1.0,-16.096614837646484,2.974836826324463,0.0,28.0,28.0,28.0,0.0,0.0,0.0,0.0,0.0,1.0,120.0,1.0,1.0,1.0,0.0,0.0,38.016999955289066,0.6838999688625336,8.760299999266863,18.726499984040856,14.449200010858476,4.0,5.600700038485229,3.4712000051513314,0.7442999631166458,0.000500003807246685
1,99,99,-1.668061569916745,0,0,3.0,2.0,0.2690250277519226,0.29870566725730896,1.0,0.5252017378807068,0.3285282254219055,0.2979956269264221,1.0,0.7384093999862671,0.6483674049377441,1.0,1.0,1.0,0.2690250277519226,0.2690250277519226,0.2979956269264221,0.6483674049377441,1.0,0.0,0.7481459379196167,0.7507315278053284,1.0,0.7083255052566528,0.4582207500934601,0.5724745392799377,0.9090909361839294,-0.4557625651359558,0.7352212071418762,-0.6778272390365601,0.0,0.3487149178981781,0.4469442665576935,1.0,-1.0,1.0,126.84698486328125,6.604757308959961,6.604757308959961,7.099759578704834,25.0,14.225937843322754,0.32818880677223206,0.6718111932277679,0.2641902923583984,0.2641902923583984,0.0,0.0,0.0,0.0,0.0,0.6037397086620331,-1.236861181722133,0.499996119549557,-1.554936216406202,0.02,-0.36916297674179077,-0.06582851449361314,-0.0010134976187006115,-0.1972711372375488,0.15,-1.9832468032836914,0.0,0.0,-0.0,0.0,1.0326072107094,-0.2912995700226281,0.31486608237028124,0.0,0.11842530478130663,0.0,1.1713212916725562,-0.0,0.0,-0.8784909687544171,-0.1732058711087581,-0.8345479782441809,0.4633227244019509,-0.0,-2.6973876953125,0.0,-0.06807148456573486,-0.0,-0.3371734619140625,-0.3371734619140625,-0.05,0.349996119549557,0.3236032724380493,0.2,0.0,-0.10421172879895141,-0.019855371900826372,-1.3112483629204474,0.0,0.0,-0.0,0.034459824124237044,-0.13608057619495814,-0.0,0.0,0.0,0.0,0.3687296551570587,-0.018000000715255735,-0.0,-0.0,0.02,0.0,0.0,0.0,0.0,0.0,0.0,0.3236032724380493,31.99482901722193,23.26086922832157,0.4206521686004555,0.0,0.25,0.3499999940395355,3.0,2.0,0.25,0.3499999940395355,0.3799999952316284,0.3499999940395355,0.3799999999999999,31.0,1.0,0.0,0.0,0.25,0.25,1.0,0.1299999999999999,1.0,8.0,0.0,0.0,0.0,0.0,0.0,0.0,0.0,0.0,73.45459747314453,93.29371643066406,73.22871398925781,93.06705474853516,-0.22588348388671875,-0.22666168212890625,0.31999823451042175,-2.3544748557551882,-0.7058859467506409,-0.7083255052566528,1.0,-16.322917938232422,3.2059338092803955,0.0,28.0,28.0,28.0,0.0,0.0,0.0,0.0,0.0,1.0,120.0,1.0,1.0,1.0,0.0,0.0,54.86469995230436,0.5885999416932464,7.078499998897314,39.92820007260889,19.2337998887524,4.0,3.6611000541597605,2.7305999537929893,0.8506999583914876,0.000400003045797348
1,100,100,-1.9216747123679156,0,0,4.0,0.0,0.26419028639793396,0.30518609285354614,1.0,0.45267680287361145,0.3034093976020813,0.28399038314819336,1.0,0.7609053254127502,0.5690374970436096,1.0,1.0,1.0,0.26419028639793396,0.26419028639793396,0.28399038314819336,0.5690374970436096,1.0,0.0,0.7480669617652893,0.7468385696411133,1.0,0.7065255045890808,0.4570689797401428,-0.06998500972986221,0.6909090876579285,-0.5824682712554932,0.7661181688308716,-0.6426997184753418,0.0,0.32818880677223206,0.45230790972709656,1.0,-1.0,1.0,126.49580383300781,6.604757308959961,6.604757308959961,7.099759578704834,25.0,14.225937843322754,0.32818880677223206,0.6718111932277679,0.2641902923583984,0.2641902923583984,0.0,0.0,0.0,0.0,0.0,0.5477004945278168,-0.8143286593478125,0.4964470107983941,-2.171493558346314,0.02,-0.36916297674179077,-0.06582851449361314,-0.0010134976187006115,0.0,0.15,-0.0,0.0,0.0,-0.0,0.0,0.5180308010781371,-1.3745942918967624,0.31486608237028124,0.0,0.336607122963125,0.3333333333333333,0.7808808611150375,-0.0,0.0,-0.8784909687544171,-0.0,-0.8806238351250286,0.4633227244019509,-0.0,-2.8094482421875,0.0,-0.12411069869995117,-0.0,-0.3511810302734375,-0.3511810302734375,-0.05,0.3464470107983941,0.32032179832458496,0.2,0.0,-0.13544487114218728,-0.1289462809917355,-1.7783380808320661,0.0,0.0,0.0,0.0,0.0,-0.0,0.0,0.0,0.0,0.4258499279642969,-0.1287643253803253,-0.0,-0.0,0.02,0.0,0.0,0.0,0.0,0.0,0.0,0.32032179832458496,31.603803266510372,0.0,0.0,0.45652173913043476,0.5,-0.5,4.0,0.0,0.5,-0.5,0.5,-0.5,0.5,32.0,1.0,0.0,0.0,0.5,0.5,0.0,0.0,1.0,8.0,0.0,0.0,0.0,0.0,0.0,0.0,0.0,0.0,73.22884368896484,93.06727600097656,73.00238037109375,92.8411865234375,-0.22646331787109375,-0.2260894775390625,0.3200032711029053,-2.3570205685279224,-0.7076875567436218,-0.7065255045890808,1.0,-16.53919219970703,3.446650505065918,0.0,28.0,28.0,28.0,0.0,0.0,0.0,0.0,0.0,1.0,120.0,1.0,1.0,1.0,0.0,0.0,29.68829998280853,0.4419999895617366,8.347800001502037,13.775400002487004,10.87479991838336,4.0,4.245700081810355,2.10829998832196,0.7430999539792538,0.000300002284348011
1,101,101,-3.331058400279053,0,0,4.0,2.0,0.26419028639793396,0.30518609285354614,1.0,0.45267680287361145,0.3034093976020813,0.28399038314819336,1.0,0.7609053254127502,0.5690374970436096,1.0,1.0,1.0,0.26419028639793396,0.26419028639793396,0.28399038314819336,0.5690374970436096,1.0,0.0,0.7478697299957275,0.7428892254829407,1.0,0.7047404646873474,0.451482892036438,-0.3394320607185364,0.9090909361839294,-0.5824682712554932,0.7949075698852539,-0.6067305207252502,0.0,0.32818880677223206,0.45230790972709656,1.0,-1.0,1.0,126.13086700439453,6.554193019866943,6.554193019866943,6.797813415527344,25.0,12.563318252563477,0.2972942888736725,0.7027057111263275,0.26216772079467776,0.26216772079467776,0.0,0.0,0.0,0.0,0.0,0.5235462486743927,-1.6525272981571346,0.505820070894599,-2.72789742169091,0.02,-0.3543602526187897,-0.07278115412210795,-0.001970830787966023,-0.15116000175476074,0.15,-1.6626195907592773,0.0,0.0,-0.0,0.0,0.6702796947907734,-0.7790147741381642,0.30405300110578537,0.0,0.35626727071675385,0.0,1.041239111047042,-0.0,0.0,-0.7809293332852816,-0.1484815673057388,-0.9291065565906833,0.4432412877678871,-0.0,-2.91949462890625,0.0,-0.17915946245193481,-0.0,-0.36493682861328125,-0.36493682861328125,-0.05,0.355820070894599,0.31742730736732483,0.2,0.0,-0.13772588903680444,-0.1289462809917355,-2.0608605745522883,0.0,0.0,-0.0,0.031215899800131994,-0.3040805733339353,-0.0,0.0,0.0,0.0,0.43727140077713617,-0.1275000035762787,-0.0,-0.0,0.02,0.0,0.0,0.0,0.0,0.0,0.0,0.31742730736732483,32.13604077525437,23.26086922832157,0.4206521686004555,0.0,0.5,0.3499999940395355,4.0,2.0,0.5,0.3499999940395355,0.5,0.3499999940395355,0.5,33.0,1.0,0.0,0.0,0.5,0.5,0.0,0.0,1.0,8.0,0.0,0.0,0.0,0.0,0.0,0.0,0.0,0.0,73.00251007080078,92.8414077758789,72.77548217773438,92.61589050292969,-0.22702789306640625,-0.22551727294921875,0.3199995458126068,-2.3595325268243177,-0.7094652056694031,-0.7047404050827026,1.0,-16.74186134338379,3.6947054862976074,0.0,28.0,28.0,28.0,0.0,0.0,0.0,0.0,0.0,1.0,120.0,1.0,1.0,1.0,0.0,0.0,65.70839998312294,0.681100063957274,6.329100113362074,52.68260010052472,27.40349993109703,4.0,3.14689998049289,1.9035000586882234,0.9386999299749732,0.000600004568696022
1,102,102,-3.1885145929403023,0,0,4.0,2.0,0.26216772198677063,0.3189150393009186,1.0,0.39489418268203735,0.28280243277549744,0.271912544965744,1.0,0.8091553449630737,0.5025327205657959,1.0,1.0,1.0,0.26216772198677063,0.26216772198677063,0.271912544965744,0.5025327205657959,1.0,0.0,0.7475544214248657,0.738886833190918,1.0,0.7029716372489929,0.4590862989425659,0.4620117247104645,0.9090909361839294,-0.5820052027702332,0.8233779072761536,-0.5674934387207031,0.0,0.2972942888736725,0.4413107633590698,1.0,-1.0,1.0,125.75110626220703,6.553001880645752,6.583006381988525,6.553001880645752,25.0,11.176294326782227,0.2558515965938568,0.7441484034061432,0.2621200752258301,0.263320255279541,0.0,0.0,0.0,0.0,0.0,0.5056916177272797,-1.3132829800811439,0.5230730127241062,-2.9239962433105444,0.02,-0.31448307633399963,-0.07895512991087975,-0.0034324172272330268,-0.05497209548950195,0.15,-1.38702392578125,0.0,0.0,-0.0,0.0,0.5350928997201201,-0.6964663962597449,0.2895480588078499,0.0,0.38263989307663654,0.0,0.866743564605713,-0.0,0.0,-0.6500576734542848,-0.11746947479879255,-0.9807058589608233,0.4163035377860069,-0.0,-3.0380859375,0.0,-0.23845678567886353,-0.0,-0.3797607421875,-0.3797607421875,-0.05,0.3730730127241062,0.3178364634513855,0.2,0.0,-0.13645515523616755,-0.1289462809917355,-2.381378650933563,0.0,0.0,-0.0,0.02686441718485666,-0.3040805733339353,-0.0,0.0,0.0,0.0,0.43774074484870973,-0.0,-0.0,-0.0,0.02,0.0,0.0,0.0,0.0,0.0,0.0,0.3178364634513855,31.83953622177243,23.26086922832157,0.4206521686004555,0.0,0.5,0.3499999940395355,4.0,2.0,0.5,0.3499999940395355,0.5,0.3499999940395355,0.5,34.0,1.0,0.0,0.0,0.5,0.5,0.0,0.0,1.0,8.0,0.0,0.0,0.0,0.0,0.0,0.0,0.0,0.0,72.7756118774414,92.6161117553711,72.54801940917969,92.39115905761719,-0.22759246826171875,-0.22495269775390625,0.3200032114982605,-2.36202756299799,-0.7112178802490234,-0.7029716372489929,1.0,-16.93091583251953,3.949692726135254,0.0,28.0,28.0,28.0,0.0,0.0,0.0,0.0,0.0,1.0,120.0,1.0,1.0,1.0,0.0,0.0,47.18470002990216,0.6749000167474151,7.9190999967977405,30.91089997906238,17.151699983514845,4.0,4.163699923083186,2.775800065137446,0.7010999834164977,0.000300002284348011
1,103,103,-1.2501215861543897,0,0,3.0,0.0,0.26332026720046997,0.34265658259391785,1.0,0.34949660301208496,0.26689472794532776,0.2621200680732727,1.0,0.8320001363754272,0.4470517635345459,1.0,1.0,1.0,0.2621200680732727,0.26332026720046997,0.2621200680732727,0.4470517635345459,1.0,0.0,0.7471289038658142,0.7348108291625977,1.0,0.7012049555778503,0.45485052466392517,-0.25738242268562317,0.9090909361839294,-0.6565631628036499,0.851551353931427,-0.5242712497711182,0.0,0.2558515965938568,0.404847115278244,1.0,-1.0,1.0,125.35720825195312,6.553001880645752,6.583006381988525,6.553001880645752,25.0,11.176294326782227,0.2558515965938568,0.7441484034061432,0.2621200752258301,0.263320255279541,0.0,0.0,0.0,0.0,0.0,0.44903331995010376,-0.13276739094311057,0.5183105066859091,-2.104698021847292,0.02,-0.31448307633399963,-0.07895512991087975,-0.0034324172272330268,0.0,0.15,-0.0,0.0,0.0,-0.0,0.0,0.4828003910287901,-0.7038205840806416,0.2895480588078499,0.0,0.16445807489481817,0.3333333333333333,0.5778290430704754,-0.0,0.0,-0.6500576734542848,-0.0,-1.0322284024028598,0.4163035377860069,-0.0,-3.15118408203125,0.0,-0.29511508345603943,-0.0,-0.39389801025390625,-0.39389801025390625,-0.05,0.36831050668590903,0.3137790858745575,0.2,0.0,-0.10228956244694119,-0.019855371900826372,-1.853788762119199,0.0,0.0,0.0,0.0,0.0,-0.0,0.0,0.0,0.0,0.40735205596466273,-0.1287643253803253,-0.0,-0.0,0.02,0.0,0.0,0.0,0.0,0.0,0.0,0.3137790858745575,31.404690224938093,0.0,0.0,0.45652173913043476,0.25,-0.5,3.0,0.0,0.25,-0.5,0.3799999952316284,-0.5,0.3799999999999999,35.0,1.0,0.0,0.0,0.25,0.25,1.0,0.1299999999999999,1.0,8.0,0.0,0.0,0.0,0.0,0.0,0.0,0.0,0.0,72.54814910888672,92.3913803100586,72.31999969482422,92.1669921875,-0.2281494140625,-0.22438812255859375,0.3200034201145172,-2.364505860432944,-0.7129597067832947,-0.7012049555778503,1.0,-17.10732650756836,4.214077472686768,0.0,28.0,28.0,28.0,0.0,0.0,0.0,0.0,0.0,1.0,120.0,1.0,1.0,1.0,0.0,0.0,24.946900084614754,0.5909000756219029,5.705699906684458,10.913899983279407,7.251200033351779,4.0,4.4021999929100275,2.6105999713763595,0.6925000343471766,0.000300002284348011
1,104,104,-3.4143857025072726,0,0,4.0,2.0,0.26332026720046997,0.34265658259391785,1.0,0.34949660301208496,0.26689472794532776,0.2621200680732727,1.0,0.8320001363754272,0.4470517635345459,1.0,1.0,1.0,0.2621200680732727,0.26332026720046997,0.2621200680732727,0.4470517635345459,1.0,0.0,0.7465671300888062,0.730696439743042,1.0,0.6994697451591492,0.4486384391784668,-0.3774704933166504,0.6909090876579285,-0.6565631628036499,0.8774211406707764,-0.4797208607196808,0.0,0.2558515965938568,0.404847115278244,1.0,-1.0,1.0,124.94784545898438,6.370230197906494,6.6776347160339355,6.370230197906494,25.0,10.092723846435547,0.21046391129493713,0.7895360887050629,0.2548092079162598,0.2671053886413574,0.0,0.0,0.0,0.0,0.0,0.4325861930847168,-0.8477706218942646,0.5361149438901383,-3.555316217587863,0.02,-0.262679785490036,-0.08390436552440728,-0.005294629135454881,0.1023098373413086,0.15,-1.0835704803466797,0.0,0.0,-0.0,0.0,0.3975971648705837,-0.5838847483796394,0.273662368953228,0.0,0.41152296553958545,0.0,0.6756375212418406,-0.0,0.0,-0.5067281409313804,-0.08633661272336626,-1.082014033942571,0.38680154234170916,-0.0,-3.27490234375,0.0,-0.35694989562034607,-0.0,-0.40936279296875,-0.40936279296875,-0.05,0.3861149438901383,0.3134918808937073,0.2,0.0,-0.13610433450921305,-0.1289462809917355,-2.8795194136822837,0.0,0.0,-0.0,0.022098710309629597,-0.3040805733339353,-0.0,0.0,0.0,0.0,0.4390836171829665,-0.1287643253803253,-0.0,-0.0,0.02,0.0,0.0,0.0,0.0,0.0,0.0,0.3134918808937073,31.757678052149718,23.26086922832157,0.4206521686004555,0.0,0.5,0.3499999940395355,4.0,2.0,0.5,0.3499999940395355,0.5,0.3499999940395355,0.5,36.0,1.0,0.0,0.0,0.5,0.5,0.0,0.0,1.0,8.0,0.0,0.0,0.0,0.0,0.0,0.0,0.0,0.0,72.32012939453125,92.1672134399414,72.09143829345703,91.9433822631836,-0.22869110107421875,-0.2238311767578125,0.320000022649765,-2.366933713716846,-0.7146621942520142,-0.6994697451591492,1.0,-17.267925262451172,4.483642578125,0.0,28.0,28.0,28.0,0.0,0.0,0.0,0.0,0.0,1.0,120.0,1.0,1.0,1.0,0.0,0.0,58.7398000061512,0.739899929612875,7.091999985277653,43.04360004607588,20.08899999782443,4.0,3.680999972857535,3.2374999718740582,0.8304000366479158,0.000400003045797348
1,105,105,-2.492448982688002,0,0,4.0,2.0,0.2671054005622864,0.37689685821533203,1.0,0.3162539303302765,0.256103515625,0.2548092007637024,1.0,0.8490273356437683,0.40370896458625793,1.0,1.0,1.0,0.2548092007637024,0.2671054005622864,0.2548092007637024,0.40370896458625793,1.0,0.0,0.7458771467208862,0.7265201807022095,1.0,0.697750449180603,0.4536811113357544,0.30641305446624756,0.9090909361839294,-0.6197507381439209,0.9002073407173157,-0.43546152114868164,0.0,0.21046391129493713,0.36258864402770996,1.0,-1.0,1.0,124.52339935302734,6.370230197906494,6.6776347160339355,6.370230197906494,25.0,10.092723846435547,0.21046391129493713,0.7895360887050629,0.2548092079162598,0.2671053886413574,0.0,0.0,0.0,0.0,0.0,0.37216585874557495,0.13776514747411686,0.538211423305306,-3.5605914122130002,0.02,-0.262679785490036,-0.08390436552440728,-0.005294629135454881,0.0,0.15,-0.0,0.0,0.0,-0.0,0.0,0.3975971648705837,-0.5838847483796394,0.273662368953228,0.0,0.41152296553958545,0.0,0.6756375212418406,-0.0,0.0,-0.5067281409313804,-0.08633661272336626,-1.1332954107379716,0.38680154234170916,-0.0,-3.39556884765625,0.0,-0.4173702299594879,-0.0,-0.42444610595703125,-0.42444610595703125,-0.05,0.38821142330530606,0.3151940405368805,0.2,0.0,-0.13746602832025714,-0.1289462809917355,-3.0121972398767016,0.0,0.0,-0.0,0.022098710309629597,-0.3040805733339353,-0.0,0.0,0.0,0.0,0.4433587435459768,-0.0,-0.0,-0.0,0.02,0.0,0.0,0.0,0.0,0.0,0.0,0.3151940405368805,32.07540660806,23.26086922832157,0.4206521686004555,0.0,0.5,0.3499999940395355,4.0,2.0,0.5,0.3499999940395355,0.5,0.3499999940395355,0.5,37.0,1.0,0.0,0.0,0.5,0.5,0.0,0.0,1.0,8.0,0.0,0.0,0.0,0.0,0.0,0.0,0.0,0.0,72.09156799316406,91.943603515625,71.86233520507812,91.72032165527344,-0.2292327880859375,-0.2232818603515625,0.32000383734703064,-2.369344516772889,-0.716340959072113,-0.697750449180603,1.0,-17.4136905670166,4.7611846923828125,0.0,28.0,28.0,28.0,0.0,0.0,0.0,0.0,0.0,1.0,120.0,1.0,1.0,1.0,0.0,0.0,36.3686999771744,0.6354999495670199,7.681500050239265,19.633900024928153,14.114900026470423,4.0,4.6925999922677875,2.9362000059336424,0.749099999666214,0.000500003807246685
1,106,106,-4.008656158542132,0,0,4.0,3.0,0.2671054005622864,0.37689685821533203,1.0,0.3162539303302765,0.256103515625,0.2548092007637024,1.0,0.8490273356437683,0.40370896458625793,1.0,1.0,1.0,0.2548092007637024,0.2671054005622864,0.2548092007637024,0.40370896458625793,1.0,0.0,0.7450687885284424,0.722276508808136,1.0,0.6960393190383911,0.45822009444236755,0.2758060395717621,0.9090909361839294,-0.6197507381439209,0.9213452339172363,-0.38874542713165283,0.0,0.21046391129493713,0.36258864402770996,1.0,-1.0,1.0,124.08325958251953,6.249730587005615,6.832174777984619,6.249730587005615,25.0,9.236778259277344,0.1634385585784912,0.8365614414215088,0.24998922348022462,0.27328699111938476,0.0,0.0,0.0,0.0,0.0,0.35642051696777344,-0.47692942038974895,0.5604127120802823,-4.468559967200438,0.02,-0.20084242522716522,-0.0873362163530613,-0.007456388419715069,0.24326343536376954,0.15,-0.8559455871582031,0.0,0.0,-0.0,0.0,0.2667844724981774,-0.44278828360574973,0.2572034955024719,0.0,0.4414481899955056,0.0,0.477636036119963,-0.0,0.0,-0.3582270270899723,-0.11440500926164412,-1.1869534432788111,0.35623506307601926,-0.0,-3.5211181640625,0.0,-0.48014092445373535,-0.0,-0.4401397705078125,-0.4401397705078125,-0.05,0.41041271208028235,0.31775137782096863,0.2,0.0,-0.13981420962762622,-0.1289462809917355,-3.558068499076037,0.0,0.0,-0.0,0.03432209671698132,-0.6081611466678706,-0.0,0.0,0.0,0.0,0.45238757274385194,-0.052499999105930326,-0.0,-0.015391928448219364,0.02,0.0,0.0,0.0,0.0,0.0,0.0,0.31775137782096863,32.62331557977945,32.4,0.7326086850269979,0.0,0.5,0.699999988079071,4.0,3.0,0.5,0.699999988079071,0.5,0.699999988079071,0.5,38.0,1.0,0.0,0.0,0.5,0.5,0.0,0.0,1.0,8.0,0.0,0.0,0.0,0.0,0.0,0.0,0.0,0.0,71.86246490478516,91.72054290771484,71.63270568847656,91.49781036376953,-0.22975921630859375,-0.2227325439453125,0.319998562335968,-2.371722097534727,-0.7180036306381226,-0.6960393190383911,1.0,-17.54578971862793,5.047361373901367,0.0,28.0,28.0,28.0,0.0,0.0,0.0,0.0,0.0,1.0,120.0,1.0,1.0,1.0,0.0,0.0,61.376500059850514,0.7039000047370791,8.909700089134276,43.74140000436455,21.104600047692657,4.0,4.307199968025088,2.9983000131323934,0.6774000357836485,0.000300002284348011
1,107,107,-3.1272863862330236,0,0,4.0,2.0,0.27328699827194214,0.42571669816970825,1.0,0.29209059476852417,0.24998922646045685,0.250042200088501,1.0,0.8686237335205078,0.36947113275527954,1.0,1.0,1.0,0.24998922646045685,0.27328699827194214,0.24998922646045685,0.36947113275527954,1.0,0.0,0.744137704372406,0.7179633378982544,1.0,0.694337010383606,0.46604737639427185,0.47561541199684143,0.9090909361839294,-0.6662818789482117,0.9408684968948364,-0.33877208828926086,0.0,0.1634385585784912,0.30856457352638245,1.0,-1.0,1.0,123.63011169433594,6.249730587005615,6.832174777984619,6.249730587005615,25.0,9.236778259277344,0.1634385585784912,0.8365614414215088,0.24998922348022462,0.27328699111938476,0.0,0.0,0.0,0.0,0.0,0.3043137788772583,0.18161979745158685,0.5551966590796352,-4.188416621641504,0.02,-0.20084242522716522,-0.0873362163530613,-0.007456388419715069,0.0,0.15,-0.0,0.0,0.0,-0.0,0.0,0.2667844724981774,-0.44278828360574973,0.2572034955024719,0.0,0.4414481899955056,0.0,0.477636036119963,-0.0,0.0,-0.3582270270899723,-0.05720250463082206,-1.2404919257127383,0.35623506307601926,-0.0,-3.62518310546875,0.0,-0.5322476625442505,-0.0,-0.45314788818359375,-0.45314788818359375,-0.05,0.40519665907963526,0.3137129843235016,0.2,0.0,-0.13628141228971738,-0.1289462809917355,-3.5837694042786756,0.0,0.0,-0.0,0.01716104835849066,-0.3040805733339353,-0.0,0.0,0.0,0.0,0.4410521341599321,-0.052499999105930326,-0.0,-0.0,0.02,0.0,0.0,0.0,0.0,0.0,0.0,0.3137129843235016,31.798996200934056,32.4,0.0,0.6,0.5,0.3499999940395355,4.0,2.0,0.5,0.3499999940395355,0.5,0.3499999940395355,0.5,39.0,1.0,0.0,0.0,0.5,0.5,0.0,0.0,1.0,8.0,0.0,0.0,0.0,0.0,0.0,0.0,0.0,0.0,71.6328353881836,91.49803161621094,71.40254974365234,91.27584075927734,-0.23028564453125,-0.22219085693359375,0.32000041007995605,-2.3740825670090318,-0.7196500301361084,-0.694337010383606,1.0,-17.663684844970703,5.342432022094727,0.0,28.0,28.0,28.0,0.0,0.0,0.0,0.0,0.0,1.0,120.0,1.0,1.0,1.0,0.0,0.0,65.30410004779696,0.6017000414431095,9.100099909119308,46.33420007303357,27.091399999335408,4.0,5.354700027965009,3.043400007300079,0.8237999863922596,0.000500003807246685
1,108,108,-3.979684707305737,0,0,4.0,2.0,0.27328699827194214,0.42571669816970825,1.0,0.29209059476852417,0.24998922646045685,0.250042200088501,1.0,0.8686237335205078,0.36947113275527954,1.0,1.0,1.0,0.24998922646045685,0.27328699827194214,0.24998922646045685,0.36947113275527954,1.0,0.0,0.7430598735809326,0.7136379480361938,1.0,0.6926835775375366,0.4542713761329651,-0.7155550122261047,0.9090909361839294,-0.6662818789482117,0.9576490521430969,-0.28793805837631226,0.0,0.1634385585784912,0.30856457352638245,1.0,-1.0,1.0,123.1637954711914,6.193880558013916,7.064589977264404,6.193880558013916,25.0,8.55561351776123,0.11866544187068939,0.8813345581293106,0.24775522232055663,0.2825835990905762,0.0,0.0,0.0,0.0,0.0,0.2962893396615982,0.020052641929557365,0.5693755498849092,-4.8854022387818015,0.02,-0.13527536392211914,-0.0889741935466226,-0.009791719382747798,0.4172585105895996,0.15,-0.6811647415161133,0.0,0.0,-0.0,0.0,0.1577005363537364,-0.2759759386190387,0.25,0.0,0.45454545454545453,0.0,0.2891176499818501,-0.0,0.0,-0.21683823748638756,-0.03241653273799799,-1.2947206883694553,0.3271325372159481,-0.0,-3.73052978515625,0.0,-0.5850452184677124,-0.0,-0.46631622314453125,-0.46631622314453125,-0.05,0.4193755498849092,0.31094762682914734,0.2,0.0,-0.1378192033954497,-0.1289462809917355,-4.152287006682904,0.0,0.0,-0.0,0.004435668359186295,-0.4707854160708991,-0.0,0.0,0.0,0.0,0.4464126722153983,-0.0,-0.0,-0.0,0.02,0.0,0.0,0.0,0.0,0.0,0.0,0.31094762682914734,32.15781412560493,23.26086922832157,0.4206521686004555,0.0,0.5,0.3499999940395355,4.0,2.0,0.5,0.3499999940395355,0.5,0.3499999940395355,0.5,40.0,1.0,0.0,0.0,0.5,0.5,0.0,0.0,1.0,8.0,0.0,0.0,0.0,0.0,0.0,0.0,0.0,0.0,71.40267944335938,91.27605438232422,71.17188262939453,91.05439758300781,-0.23079681396484375,-0.22165679931640625,0.31999829411506653,-2.3763927595425494,-0.7212416529655457,-0.6926835775375366,1.0,-17.764503479003906,5.639503479003906,0.0,28.0,28.0,28.0,0.0,0.0,0.0,0.0,0.0,1.0,120.0,1.0,1.0,1.0,0.0,0.0,70.50839997828007,0.6397999823093414,12.277300003916025,49.299499951303005,36.58840002026409,4.0,4.532500053755939,2.620199928060174,1.1044000275433064,0.000400003045797348
1,109,109,-2.2983898012434762,0,0,3.0,0.0,0.2825835943222046,1.0,1.0,0.27505800127983093,0.247755229473114,0.24942976236343384,1.0,0.8827401995658875,0.3422245383262634,1.0,1.0,1.0,0.247755229473114,0.2825835943222046,0.247755229473114,0.3422245383262634,1.0,0.0,0.7418369650840759,0.7092974781990051,1.0,0.6910772919654846,0.4593973457813263,0.31147390604019165,0.9090909361839294,-0.66690593957901,0.9718481302261353,-0.23560811579227448,0.0,0.11866544187068939,0.25883305072784424,1.0,-1.0,1.0,122.68499755859375,6.202725410461426,7.407402515411377,6.202725410461426,25.0,8.04670238494873,0.07957731187343597,0.920422688126564,0.24810901641845703,0.29629610061645506,0.0,0.0,0.0,0.0,0.0,0.2853866368532181,0.4921549431411347,0.5805871863538488,-3.676518567591678,0.02,-0.07407468557357788,-0.08871275400477222,-0.012002338678527283,0.6621662902832031,0.15,-0.5089111328125,0.0,0.0,-0.0,0.0,0.06340017090573839,-0.11993198996335501,0.25,0.0,0.23636363636363614,0.3333333333333333,0.08302403332894309,-0.0,0.0,-0.09340203749506097,-0.0,-1.3479026075510432,0.30172525271773337,-0.0,-3.83038330078125,0.0,-0.635036051273346,-0.0,-0.47879791259765625,-0.47879791259765625,-0.05,0.4305871863538488,0.3078835904598236,0.2,0.0,-0.1011232562165047,-0.019855371900826372,-3.4267756140940215,0.0,0.0,0.0,0.0,0.0,-0.0,0.0,0.0,0.0,0.43059938715104357,-0.1287643253803253,-0.0,-0.0,0.02,0.0,0.0,0.0,0.0,0.0,0.0,0.3078835904598236,31.046613750681278,0.0,0.0,0.45652173913043476,0.25,-0.5,3.0,0.0,0.25,-0.5,0.3799999952316284,-0.5,0.3799999999999999,41.0,1.0,0.0,0.0,0.25,0.25,1.0,0.1299999999999999,1.0,7.0,0.0,0.0,0.0,0.0,0.0,0.0,0.0,0.0,71.1720199584961,91.05461120605469,70.94072723388672,90.83346557617188,-0.231292724609375,-0.2211456298828125,0.3200026750564575,-2.3786183236794223,-0.7227808833122253,-0.6910772919654846,1.0,-17.848421096801758,5.938913345336914,0.0,28.0,28.0,28.0,0.0,0.0,0.0,0.0,0.0,1.0,120.0,1.0,1.0,1.0,0.0,0.0,61.06809992343187,0.6156000308692455,9.07329993788153,41.26980004366487,24.595499970018864,4.0,6.423700018785894,2.534199971705675,1.1084000580012798,0.0005998881533741951
1,110,110,-4.391956059294101,0,0,4.0,2.0,0.296296089887619,1.0,1.0,0.2646375298500061,0.24810901284217834,0.253731369972229,0.9638856649398804,0.9135730862617493,0.32186809182167053,1.0,1.0,1.0,0.24810901284217834,0.296296089887619,0.24810901284217834,0.32186809182167053,1.0,0.0,0.7404682636260986,0.7049520015716553,1.0,0.6895239353179932,0.4435230493545532,-0.9645836353302002,0.6909090876579285,-0.648979127407074,0.9829983115196228,-0.18361462652683258,0.0,0.07957731187343597,0.1997062712907791,1.0,-1.0,0.0,122.19266510009766,6.202725410461426,7.407402515411377,6.202725410461426,25.0,8.04670238494873,0.07957731187343597,0.920422688126564,0.24810901641845703,0.29629610061645506,0.0,0.0,0.0,0.0,0.0,0.23117341101169586,0.3792069675005069,0.5810459132199313,-5.603382351026235,0.02,-0.07407468557357788,-0.08871275400477222,-0.012002338678527283,0.0,0.15,-0.0,0.0,0.0,-0.0,0.0,0.06792875454186252,-0.11887532044825941,0.25,0.0,0.45454545454545453,0.0,0.12453604999341462,-0.0,0.0,-0.09340203749506097,-0.01313268476732081,-1.3986015274461263,0.30172525271773337,-0.0,-3.93865966796875,0.0,-0.6892492771148682,-0.0,-0.49233245849609375,-0.49233245849609375,-0.05,0.4310459132199313,0.3082115948200226,0.2,0.0,-0.13483936405203173,-0.1289462809917355,-4.707781465609074,0.0,0.0,-0.0,0.0019947527640052217,-0.5050456677570735,-0.0,0.0,0.0,0.0,0.43694198393274836,-0.1287643253803253,-0.0,-0.0,0.02,0.0,0.0,0.0,0.0,0.0,0.0,0.3082115948200226,31.462518278807405,23.26086922832157,0.4206521686004555,0.0,0.5,0.3499999940395355,4.0,2.0,0.5,0.3499999940395355,0.5,0.3499999940395355,0.5,42.0,1.0,0.0,0.0,0.5,0.5,0.0,0.0,1.0,6.0,0.0,0.0,0.0,0.0,0.0,0.0,0.0,0.0,70.94086456298828,90.83367919921875,70.70909881591797,90.61302947998047,-0.2317657470703125,-0.22064971923828125,0.32000258564949036,-2.380759932103003,-0.7242628931999207,-0.6895238757133484,1.0,-17.91533088684082,6.239438533782959,0.0,28.0,28.0,28.0,0.0,0.0,0.0,0.0,0.0,1.0,120.0,1.0,1.0,1.0,0.0,0.0,36.98109998367727,0.7802000036463141,10.752700036391616,14.79100005235523,9.667699923738837,4.0,6.460599950514734,3.3409999450668693,0.8198000723496079,0.000500003807246685
1,111,111,-4.266740691896219,0,0,4.0,2.0,0.296296089887619,1.0,1.0,0.2646375298500061,0.24810901284217834,0.253731369972229,0.9638856649398804,0.9135730862617493,0.32186809182167053,1.0,1.0,1.0,0.24810901284217834,0.296296089887619,0.24810901284217834,0.32186809182167053,1.0,0.0,0.7389611601829529,0.7005816698074341,1.0,0.6880102157592773,0.4494645595550537,0.3610282242298126,0.9090909361839294,-0.648979127407074,0.9910402894020081,-0.1335630863904953,0.0,0.07957731187343597,0.1997062712907791,1.0,-1.0,0.0,121.6867904663086,6.27139139175415,7.853275299072266,6.27139139175415,25.0,7.701813220977783,0.04469456151127815,0.9553054384887218,0.250855655670166,0.3141310119628906,0.0,0.0,0.0,0.0,0.0,0.21182994171977043,1.002188080765463,0.6007835691023267,-6.101542283483779,0.02,-0.018340587615966797,-0.08670910698886362,-0.013777780505726658,0.9259850025177001,0.15,-0.39630985843302824,0.0,0.0,-0.0,0.0,0.0,0.0,0.0,0.35,0.0,0.0,0.0,0.0,0.0,0.0,0.0,0.0,0.2790514649823308,-0.0,-4.0469970703125,0.0,-0.7434754967689514,-0.0,-0.5058746337890625,-0.5058746337890625,-0.05,0.44781252359923907,0.3103312849998474,0.2,0.0,-0.136187079021175,-0.1289462809917355,-5.272717472948917,0.0027009504573523926,0.0033761880716904904,-0.03376188071690489,0.0006292451953199273,-0.536635953529411,-0.0,0.0,0.0,0.0,0.4413404117913483,-0.0,-0.0,-0.0,0.02,0.0,0.0,0.0,0.0,0.0,0.0,0.3103312849998474,31.77698510494083,23.26086922832157,0.4206521686004555,0.0,0.5,0.3499999940395355,4.0,2.0,0.5,0.3499999940395355,0.5,0.3499999940395355,0.5,43.0,0.0,0.0,0.0,0.5,0.5,0.0,0.0,1.0,5.0,0.0,0.0,0.0,0.0,0.0,0.0,0.0,0.0,70.70923614501953,90.61324310302734,70.47701263427734,90.39308166503906,-0.2322235107421875,-0.22016143798828125,0.3199981451034546,-2.3828514814996193,-0.7257009744644165,-0.6880102157592773,1.0,-17.966100692749023,6.543439865112305,0.0,28.0,28.0,28.0,0.0,0.0,0.0,0.0,0.0,1.0,120.0,1.0,1.0,1.0,0.0,0.0,79.54619999509305,0.6081000901758671,9.934699977748096,55.87579996790737,21.67559997178614,4.0,6.910099997185171,4.3839000863954425,1.7906998982653022,0.000500003807246685
1,112,112,-5.0361823468734315,0,0,4.0,2.0,0.3141310214996338,1.0,1.0,0.26001793146133423,0.2508556544780731,0.2626168727874756,0.9425833821296692,0.6912980675697327,0.3080725371837616,1.0,1.0,1.0,0.2508556544780731,0.3141310214996338,0.2508556544780731,0.3080725371837616,1.0,0.0,0.7373226284980774,0.6961796283721924,1.0,0.6865293979644775,0.4539569318294525,0.2729746699333191,0.9090909361839294,-0.6495246887207031,0.996613085269928,-0.08223391324281693,0.0,0.04469456151127815,0.14291323721408844,0.0,0.0,0.0,121.16790008544922,6.27139139175415,7.853275299072266,6.27139139175415,25.0,7.701813220977783,0.04469456151127815,0.9553054384887218,0.250855655670166,0.3141310119628906,0.0,0.0,0.0,0.0,0.0,0.15973589941859245,0.4758961482041899,0.6030006582228996,-6.2948150527191125,0.02,-0.018340587615966797,-0.08670910698886362,-0.013777780505726658,0.0,0.15,-0.0,0.0,0.0,-0.0,0.0,0.0,0.0,0.0,0.35,0.0,0.0,0.0,0.0,0.0,0.0,0.0,0.0,0.2790514649823308,-0.0,-4.151123046875,0.0,-0.7955695390701294,-0.0,-0.518890380859375,-0.518890380859375,-0.05,0.450029612719812,0.31186771392822266,0.2,0.0,-0.1372311910849597,-0.1289462809917355,-5.464946130120466,0.0027009504573523926,0.0033761880716904904,-0.03376188071690489,0.0006292451953199273,-0.536635953529411,-0.0,0.0,0.0,0.0,0.444723623314747,-0.0,-0.0,-0.0,0.02,0.0,0.0,0.0,0.0,0.0,0.0,0.31186771392822266,32.02061125315726,23.26086922832157,0.4206521686004555,0.0,0.5,0.3499999940395355,4.0,2.0,0.5,0.3499999940395355,0.5,0.3499999940395355,0.5,44.0,0.0,0.0,0.0,0.5,0.5,0.0,0.0,0.0,0.0,0.0,0.0,0.0,0.0,0.0,0.0,0.0,0.0,70.4771499633789,90.39329528808594,70.24447631835938,90.1736068725586,-0.23267364501953125,-0.21968841552734375,0.320000022649765,-2.384892002370249,-0.7271020412445068,-0.6865293979644775,1.0,-18.00156593322754,6.851737976074219,0.0,28.0,28.0,28.0,0.0,0.0,0.0,0.0,0.0,1.0,120.0,1.0,1.0,1.0,0.0,0.0,103.9871999528259,0.8822999661788344,32.653599977493286,60.60199998319149,34.412299981340766,4.0,5.21799991838634,3.246600041165948,1.3441999908536673,0.000700005330145359
1,113,113,-2.6878389806425775,0,0,3.0,2.0,0.3141310214996338,1.0,1.0,0.26001793146133423,0.2508556544780731,0.2626168727874756,0.9425833821296692,0.6912980675697327,0.3080725371837616,1.0,1.0,1.0,0.2508556544780731,0.3141310214996338,0.2508556544780731,0.3080725371837616,1.0,0.0,0.7355488538742065,0.6917569637298584,1.0,0.6850892901420593,0.45743730664253235,0.2114810347557068,0.9090909361839294,-0.6495246887207031,0.9995822310447693,-0.028901880607008934,0.0,0.04469456151127815,0.14291323721408844,0.0,0.0,0.0,120.63543701171875,6.403889179229736,8.460238456726074,6.403889179229736,25.0,7.4655375480651855,0.020678333938121796,0.9793216660618782,0.25615556716918947,0.33840953826904296,0.0,0.0,0.0,0.0,0.0,0.12937188893556595,1.501380259776344,0.6295295904948321,-4.96812071984932,0.02,-0.0,-0.08297012556620133,-0.01514344031116859,1.30574800491333,0.15,-0.29941591065130524,0.0,0.0,-0.0,0.0,0.0,0.0,0.0,0.35,0.0,0.0,0.0,0.0,0.0,0.0,0.0,0.0,0.2634409170597792,-0.0,-4.25970458984375,0.0,-0.8499497771263123,-0.0,-0.5324630737304688,-0.5324630737304688,-0.05,0.46310945777981355,0.31426331400871277,0.2,0.0,-0.10393410517251489,-0.019855371900826372,-4.4705049729586275,0.050753137482784795,0.06344142185348098,-0.14181023708425147,0.00013469194846000082,-0.3193159284832652,-0.014918063034307866,0.0058887082150039195,0.0,0.0,0.443161731391689,-0.018000000715255735,-0.0,-0.0,0.02,0.0,0.0,0.0,0.0,0.0,0.0,0.31426331400871277,31.909593693315983,23.26086922832157,0.4206521686004555,0.0,0.25,0.3499999940395355,3.0,2.0,0.25,0.3499999940395355,0.3799999952316284,0.3499999940395355,0.3799999999999999,45.0,0.0,0.0,0.0,0.25,0.25,1.0,0.1299999999999999,0.0,0.0,0.0,0.0,0.0,0.0,0.0,0.0,0.0,0.0,70.24461364746094,90.17382049560547,70.01150512695312,89.95458984375,-0.2331085205078125,-0.21923065185546875,0.32000258564949036,-2.386865092186768,-0.7284591197967529,-0.6850892901420593,1.0,-18.021249771118164,7.1629838943481445,0.0,28.0,28.0,28.0,0.0,0.0,0.0,0.0,0.0,1.0,120.0,1.0,1.0,1.0,0.0,0.0,79.42990004085004,0.7176999934017658,8.483399986289442,60.39960007183254,27.770200045779347,4.0,5.467799957841635,3.5616999957710505,0.7533000316470861,0.000400003045797348
1,114,114,-2.2162155143517386,0,0,2.0,4.0,0.33840954303741455,1.0,1.0,0.2600143551826477,0.2561555802822113,0.277413934469223,0.7454338669776917,0.5714830160140991,0.2986215054988861,1.0,1.0,1.0,0.2561555802822113,0.33840954303741455,0.2561555802822113,0.2986215054988861,1.0,0.0,0.733634352684021,0.6873130798339844,1.0,0.6836926937103271,0.45585134625434875,-0.09636940807104111,0.6909090876579285,-0.6769534349441528,0.9996867179870605,0.025028293952345848,0.0,0.020678333938121796,0.08855263143777847,0.0,0.0,0.0,120.0859375,6.403889179229736,8.460238456726074,6.403889179229736,25.0,7.4655375480651855,0.020678333938121796,0.9793216660618782,0.25615556716918947,0.33840953826904296,0.0,0.0,0.0,0.0,0.0,0.06117016822099686,0.4959079598877571,0.6708337747245008,-3.464127417184993,0.02,-0.0,-0.08297012556620133,-0.01514344031116859,0.0,0.15,-0.0,0.0,0.0,-0.0,0.0,0.0,0.0,0.0,0.35,0.0,0.0,0.0,0.0,0.0,0.0,0.0,0.0,0.2634409170597792,-0.0,-4.39599609375,0.0,-0.9181514978408813,-0.0,-0.54949951171875,-0.54949951171875,-0.05,0.47391910902549567,0.32159867882728577,0.2,0.0,-0.07132875535131986,-0.0,-3.1509754495556903,0.24736823732202728,0.3092102966525341,-0.27722302458503,0.00038483414501083165,-0.4180975542202569,-0.010207095760315902,0.005888709004741357,0.0,0.0,0.44402152576512705,-0.09914761483669281,-0.0,-0.0,0.02,0.0,0.0,0.0,0.0,0.0,0.0,0.32159867882728577,32.00649278584868,32.4,1.0,0.0,0.0,1.0,2.0,4.0,0.0,1.0,0.25999999046325684,1.0,0.2599999999999998,46.0,0.0,0.0,0.0,0.0,0.0,1.0,0.2599999999999998,0.0,0.0,0.0,0.0,0.0,0.0,0.0,0.0,0.0,0.0,70.01164245605469,89.95480346679688,69.77811431884766,89.73602294921875,-0.23352813720703125,-0.218780517578125,0.32000046968460083,-2.388788161416161,-0.7297700047492981,-0.6836926937103271,1.0,-18.024484634399414,7.477230548858643,0.0,28.0,28.0,28.0,0.0,0.0,0.0,0.0,0.0,1.0,120.0,1.0,1.0,1.0,0.0,0.0,46.64810001850128,1.0330999502912164,8.139700046740472,25.368699920363724,19.580800086259842,4.0,7.639299961738288,3.223299980163574,1.1980000417679548,0.000500003807246685
1,115,115,0.9422969103401386,0,0,3.0,3.0,0.33840954303741455,1.0,1.0,0.2600143551826477,0.2561555802822113,0.277413934469223,0.7454338669776917,0.5714830160140991,0.2986215054988861,1.0,1.0,1.0,0.2561555802822113,0.33840954303741455,0.2561555802822113,0.2986215054988861,1.0,0.0,0.7315719127655029,0.6828143000602722,1.0,0.6823256611824036,0.4572356045246124,0.08411379903554916,0.4727272689342499,-0.6769534349441528,0.9971207976341248,0.07582933455705643,0.0,0.020678333938121796,0.08855263143777847,0.0,0.0,0.0,119.51905822753906,6.594786643981934,9.201746940612793,6.594786643981934,25.0,7.358999252319336,0.010363295674324036,0.989636704325676,0.26379146575927737,0.3680698776245117,0.0,0.0,0.0,0.0,0.0,0.0019206255674362183,1.9887569553461,2.236180569385275,-3.304561239958673,0.02,-0.0,-0.07786537314288482,-0.015802731008387957,1.6293426418304442,0.15,-0.14068385936070626,0.0,0.0,-0.0,0.0,0.0,0.0,0.0,0.35,0.0,0.0,0.0,0.0,0.0,0.0,0.0,0.0,0.25673614218831065,-0.0,-4.5350341796875,0.0,-0.9877160787582397,-0.0,-0.5668792724609375,-0.5668792724609375,1.5,0.49178746129652795,0.3307720124721527,0.2,0.0,-0.0684983702543857,-0.0,-3.171337666876548,0.24214422593861967,0.3026802824232746,-0.25223356868606217,6.766067410482742e-05,-0.27944853265216196,-0.03464239138862178,0.0017321163689175696,0.0,0.0,0.4437662770276349,-0.04502499550580978,-0.0,-0.0,0.02,0.0,0.0,0.0,0.0,0.0,0.0,0.3307720124721527,31.965906118713324,32.4,0.7326086850269979,0.0,0.25,0.699999988079071,3.0,3.0,0.25,0.699999988079071,0.25,0.699999988079071,0.25,47.0,0.0,0.0,0.0,0.25,0.25,0.0,0.0,0.0,0.0,0.0,0.0,0.0,0.0,0.0,0.0,0.0,0.0,69.77825164794922,89.73623657226562,69.54431915283203,89.51789093017578,-0.2339324951171875,-0.21834564208984375,0.3199988007545471,-2.3906438346089915,-0.7310483455657959,-0.6823256611824036,1.0,-18.0103759765625,7.798519611358643,0.0,28.0,28.0,28.0,0.0,0.0,0.0,0.0,0.0,1.0,120.0,1.0,1.0,1.0,0.0,0.0,76.208500075154,0.7850000401958823,9.179299930110574,56.28440005239099,41.59929999150336,4.0,5.608899984508753,3.5729999653995037,0.7439000764861703,0.000400003045797348
1,116,116,1.5645250507839668,0,0,2.0,3.0,0.3680698871612549,1.0,1.0,0.26466837525367737,0.2637914717197418,0.2979238033294678,0.978015661239624,0.4949192404747009,0.2943599820137024,1.0,1.0,1.0,0.2637914717197418,0.3680698871612549,0.2637914717197418,0.2943599820137024,1.0,0.0,0.7293656468391418,0.6782522201538086,0.995992124080658,0.6809815168380737,0.4566558003425598,-0.03523148223757744,0.4545454680919647,-0.589535117149353,0.9927446842193604,0.12024158239364624,0.0,0.010363295674324036,0.05208120867609978,0.0,0.0,0.0,118.9371566772461,6.825514793395996,9.968643188476562,6.825514793395996,25.0,7.372480869293213,0.0038096648640930653,0.9961903351359069,0.27302059173583987,0.3987457275390625,0.0,0.0,0.0,0.0,0.0,-0.05161878885701299,1.9887669156728716,0.7075995018158195,-1.1002225778477113,0.02,-0.0,-0.07211374779132373,-0.015717741826031674,1.72376766204834,0.15,-0.0,0.0,0.0,-0.23991745238841344,0.0,0.0,0.0,0.0,0.35,0.0,0.0,0.0,0.0,0.0,0.0,0.0,0.0,0.2524762821616605,-0.0,-4.65521240234375,0.0,-1.04780912399292,-0.0,-0.5819015502929688,-0.5819015502929688,-0.05,0.5058663273446145,0.33833983540534973,0.2,0.0,-0.03557301799569598,-0.0,-1.71163596280274,0.3950533323255658,0.49381666540695723,-0.1528480154831058,9.143534061610837e-06,-0.07633532504557863,-0.03438893824883743,0.03967954117691755,0.0,0.0,0.4427481956303004,-0.018000000715255735,-0.0,-0.0,0.02,0.0,0.0,0.0,0.0,0.0,0.0,0.33833983540534973,31.924503329470753,32.4,0.7326086850269979,0.0,0.0,0.699999988079071,2.0,3.0,0.0,0.699999988079071,0.12999999523162842,0.699999988079071,0.13,48.0,0.0,0.0,0.0,0.0,0.0,1.0,0.13,0.0,0.0,0.0,0.0,0.0,0.0,0.0,0.0,0.0,0.0,69.5444564819336,89.51810455322266,69.31011962890625,89.3001937866211,-0.23433685302734375,-0.2179107666015625,0.31999820470809937,-2.3924995396154434,-0.7323006391525269,-0.6809815168380737,1.0,-17.979421615600586,8.127840042114258,0.0,28.0,28.0,28.0,0.0,0.0,0.0,0.0,0.0,1.0,120.0,1.0,1.0,1.0,0.0,0.0,102.81059995759279,0.7050998974591494,7.749599986709654,86.57450007740408,33.756299992091954,4.0,5.154000013135374,1.8333999905735254,0.7505000103265047,0.000400003045797348
1,117,117,2.030241503846289,0,0,2.0,4.0,0.39874571561813354,1.0,1.0,0.27302059531211853,0.2730693817138672,0.3212953507900238,0.9899758100509644,0.45300620794296265,0.29489922523498535,1.0,1.0,1.0,0.27302059531211853,0.39874571561813354,0.27302059531211853,0.29489922523498535,1.0,0.0,0.7270256280899048,0.6736454367637634,0.991142988204956,0.6796652674674988,0.4560643434524536,-0.03593992069363594,0.23636363446712494,-0.45713120698928833,0.9873009920120239,0.1588609367609024,0.0,0.0038096648640930653,0.011998086236417294,0.0,0.0,0.0,118.34024047851562,6.825514793395996,9.968643188476562,6.825514793395996,25.0,7.372480869293213,0.0038096648640930653,0.9961903351359069,0.27302059173583987,0.3987457275390625,0.0,0.0,0.0,0.0,0.0,-0.11175772966817021,-0.08789046682858509,0.7432735382800991,1.466616162062945,0.02,-0.0,-0.07211374779132373,-0.015717741826031674,0.0,0.15,-0.0,0.0,0.0,-0.5851645231246948,0.0,0.0,0.0,0.0,0.35,0.0,0.0,0.0,0.0,0.0,0.0,0.0,0.0,0.2524762821616605,-0.0,-4.77532958984375,0.0,-1.1079480648040771,-0.0,-0.5969161987304688,-0.5969161987304688,-0.05,0.519369002062648,0.34737086296081543,0.2,0.0,-0.002728925128679193,-0.0,-0.1345879495063859,0.7256081737713381,0.9070102172141725,-0.01679648550396617,1.306219173903471e-05,-0.00046968486278937906,-0.002645302942218266,0.03967954107837233,0.0,0.0,0.4351055459134651,-0.04846648424863815,-0.0,-0.0,0.02,0.0,0.0,0.0,0.0,0.0,0.0,0.34737086296081543,31.837459834590558,32.4,1.0,0.0,0.0,1.0,2.0,4.0,0.0,1.0,0.009999999776482582,1.0,0.010000000000000009,49.0,0.0,0.0,0.0,0.0,0.0,1.0,0.010000000000000009,0.0,0.0,0.0,0.0,0.0,0.0,0.0,0.0,0.0,0.0,69.31025695800781,89.30040740966797,69.07553100585938,89.08291625976562,-0.2347259521484375,-0.21749114990234375,0.3199979364871979,-2.3942878065197686,-0.7335224151611328,-0.6796652674674988,1.0,-17.932815551757812,8.4629545211792,0.0,28.0,28.0,28.0,0.0,0.0,0.0,0.0,0.0,1.0,120.0,1.0,1.0,1.0,0.0,0.0,29.278700007125735,0.7195000071078539,8.684400003403425,11.423399904742837,7.84939993172884,4.0,4.48340002913028,3.1843000324442983,0.7451999699696898,0.000600004568696022
1,118,118,6.593464988877404,0,0,2.0,3.0,0.39874571561813354,1.0,1.0,0.27302059531211853,0.2730693817138672,0.3212953507900238,0.9899758100509644,0.45300620794296265,0.29489922523498535,1.0,1.0,1.0,0.27302059531211853,0.39874571561813354,0.27302059531211853,0.29489922523498535,1.0,0.0,0.7245598435401917,0.6689854860305786,0.9861686825752258,0.6783682703971863,0.454820841550827,-0.07555858790874481,0.0181818176060915,-0.45713120698928833,0.9818019866943359,0.1899074763059616,0.0,0.0038096648640930653,0.011998086236417294,0.0,0.0,0.0,117.73068237304688,7.0811591148376465,25.0,7.0811591148376465,25.0,7.477383136749268,0.0,1.0,0.2832463645935059,1.0,0.0,0.0,0.0,0.0,0.0,-0.15848040580749512,4.75928685072564,0.7395017433166504,1.2331568006426097,0.02,-0.0,-0.06623688289791221,-0.015071856848669941,4.246476364135742,0.15,-0.0,0.0,0.0,-0.0,0.0,0.0,0.0,0.0,0.35,0.0,0.0,0.0,0.0,0.0,0.0,0.0,0.0,0.25,-0.0,-4.87646484375,0.0,-1.1584804058074951,-0.0,-0.60955810546875,-0.60955810546875,-0.05,0.5335017442703247,0.3556678295135498,0.2,0.0,-0.0,-0.0,-0.0,0.5599999904632569,0.699999988079071,-0.0,0.0,-0.0,-0.0,0.0181818176060915,0.0,0.0,0.44411922633647927,-0.04502499550580978,-0.0,-0.0,0.02,0.0,0.0,0.0,0.0,0.0,0.0,0.3556678295135498,31.976584296226505,32.4,0.7326086850269979,0.0,0.0,0.699999988079071,2.0,3.0,0.0,0.699999988079071,0.0,0.699999988079071,0.0,0.0,0.0,0.0,0.0,0.0,0.0,0.0,0.0,0.0,0.0,0.0,0.0,0.0,0.0,0.0,0.0,0.0,0.0,69.07566833496094,89.0831298828125,68.84056091308594,88.86605072021484,-0.235107421875,-0.21707916259765625,0.31999820470809937,-2.396042444562224,-0.7347220182418823,-0.6783682107925415,1.0,-17.87151336669922,8.8048734664917,0.0,28.0,28.0,28.0,0.0,0.0,0.0,0.0,0.0,1.0,120.0,1.0,1.0,1.0,0.0,0.0,63.27309994958341,0.5983998998999596,9.420300018973649,46.49239999707788,21.721399971283972,4.0,3.551200032234192,2.509600017219782,0.651499954983592,0.000400003045797348
1,119,119,2.3530284400447763,0,0,2.0,3.0,1.0,1.0,1.0,0.28324636816978455,0.2839585542678833,0.3442094027996063,1.0,0.4351682960987091,0.2990953326225281,1.0,1.0,1.0,0.28324636816978455,1.0,0.28324636816978455,0.2990953326225281,1.0,0.0,0.7219904661178589,0.6642780900001526,0.9810889959335327,0.6770824193954468,0.4568083584308624,0.12076776474714279,0.0,-0.26212823390960693,0.9773311018943787,0.21171647310256958,0.0,0.0,0.0,0.0,0.0,0.0,117.11206817626953,7.0811591148376465,25.0,7.0811591148376465,25.0,7.477383136749268,0.0,1.0,0.2832463645935059,1.0,0.0,0.0,0.0,0.0,0.0,-0.19473600387573242,0.5188625910946761,0.7489488410949707,1.259953011730862,0.02,-0.0,-0.06623688289791221,-0.015071856848669941,0.0,0.15,-0.0,0.0,0.0,-0.0,0.0,0.0,0.0,0.0,0.35,0.0,0.0,0.0,0.0,0.0,0.0,0.0,0.0,0.25,-0.0,-4.94891357421875,0.0,-1.1947360038757324,-0.0,-0.6186141967773438,-0.6186141967773438,-0.05,0.542948842048645,0.3619658946990967,0.2,0.0,-0.0,-0.0,-0.0,0.5599999904632569,0.699999988079071,-0.0,0.0,-0.0,-0.0,0.0,0.0,0.0,0.45017133084125827,-0.0,-0.0,-4.696681146599984e-05,0.02,0.0,0.0,0.0,0.0,0.0,0.0,0.3619658946990967,32.41233582057059,32.4,0.7326086850269979,0.0,0.0,0.699999988079071,2.0,3.0,0.0,0.699999988079071,0.0,0.699999988079071,0.0,0.0,0.0,0.0,0.0,0.0,0.0,0.0,0.0,0.0,0.0,0.0,0.0,0.0,0.0,0.0,0.0,0.0,0.0,68.8406982421875,88.86626434326172,68.60520935058594,88.64959716796875,-0.2354888916015625,-0.21666717529296875,0.3199995160102844,-2.397797085550167,-0.7359071969985962,-0.677082359790802,1.0,-17.798160552978516,9.152894973754883,0.0,28.0,28.0,28.0,0.0,0.0,0.0,0.0,0.0,1.0,120.0,1.0,1.0,1.0,0.0,0.0,29.360099928453565,0.4425999941304326,5.293600028380752,16.250799992121756,11.318900040350854,4.0,4.286799929104745,2.1756000351160765,0.8789000567048788,0.000500003807246685
1,120,120,3.148300785843183,0,0,2.0,4.0,1.0,1.0,1.0,0.28324636816978455,0.2839585542678833,0.3442094027996063,1.0,0.4351682960987091,0.2990953326225281,1.0,1.0,1.0,0.28324636816978455,1.0,0.28324636816978455,0.2990953326225281,1.0,0.0,0.7193461060523987,0.6595363020896912,0.9759339094161987,0.6758002042770386,0.46303337812423706,0.37825652956962585,0.0,-0.26212823390960693,0.9741255044937134,0.22600769996643066,0.0,0.0,0.0,0.0,0.0,0.0,116.49449157714844,7.338017463684082,25.0,7.338017463684082,25.0,7.6610822677612305,0.0,1.0,0.2935206985473633,1.0,0.0,0.0,0.0,0.0,0.0,-0.19058215618133545,0.7957818369305626,0.7681011068820953,1.7549999982118607,0.02,-0.0,-0.060815522071728655,-0.014004091928989626,0.2789663314819336,0.15,-0.0,0.0,0.0,-0.0,0.0,0.0,0.0,0.0,0.35,0.0,0.0,0.0,0.0,0.0,0.0,0.0,0.0,0.25,-0.0,-4.94061279296875,0.0,-1.1905821561813354,-0.0,-0.6175765991210938,-0.6175765991210938,-0.05,0.5381011068820953,0.3587340712547302,0.2,0.0,-0.0,-0.0,-0.0,0.8,1.0,-0.0,0.0,-0.0,-0.0,0.0,0.0,0.0,0.4416351194493473,-0.04500000178813934,-0.0,-0.0,0.02,0.0,0.0,0.0,0.0,0.0,0.0,0.3587340712547302,31.797728600353004,32.4,0.0,0.6,0.0,1.0,2.0,4.0,0.0,1.0,0.0,1.0,0.0,0.0,0.0,0.0,0.0,0.0,0.0,0.0,0.0,0.0,0.0,0.0,0.0,0.0,0.0,0.0,0.0,0.0,0.0,68.6053466796875,88.64981079101562,68.36947631835938,88.43355560302734,-0.235870361328125,-0.21625518798828125,0.3200017809867859,-2.399551640600041,-0.7370848655700684,-0.6758001446723938,1.0,-17.716184616088867,9.50545597076416,0.0,28.0,28.0,28.0,0.0,0.0,0.0,0.0,0.0,1.0,120.0,1.0,1.0,1.0,0.0,0.0,53.56040003243834,0.7057000184431672,8.499299990944564,36.21179994661361,17.45629997458309,4.0,4.6388000482693315,2.738200011663139,0.7328999927267432,0.000600004568696022
1,121,121,2.9164934706333026,0,0,2.0,4.0,1.0,1.0,1.0,0.2935206890106201,0.29486843943595886,0.3630096912384033,1.0,0.43441319465637207,0.30644330382347107,1.0,1.0,1.0,0.2935206890106201,1.0,0.2935206890106201,0.30644330382347107,1.0,0.0,0.7166761159896851,0.6548309326171875,0.9707874059677124,0.674535870552063,0.45425325632095337,-0.5335131883621216,0.0,-0.1314784437417984,0.9718123078346252,0.23575599491596222,0.0,0.0,0.0,0.0,0.0,0.0,115.87537384033203,7.338017463684082,25.0,7.338017463684082,25.0,7.6610822677612305,0.0,1.0,0.2935206985473633,1.0,0.0,0.0,0.0,0.0,0.0,-0.1967761516571045,0.5242841463926182,0.768985475897789,1.8,0.02,-0.0,-0.060815522071728655,-0.014004091928989626,0.0,0.15,-0.0,0.0,0.0,-0.0,0.0,0.0,0.0,0.0,0.35,0.0,0.0,0.0,0.0,0.0,0.0,0.0,0.0,0.25,-0.0,-4.95294189453125,0.0,-1.1967761516571045,-0.0,-0.6191177368164062,-0.6191177368164062,-0.05,0.538985475897789,0.359323650598526,0.2,0.0,-0.0,-0.0,-0.0,0.8,1.0,-0.0,0.0,-0.0,-0.0,0.0,0.0,0.0,0.44910376039333655,-0.0,-0.0,-0.0,0.02,0.0,0.0,0.0,0.0,0.0,0.0,0.359323650598526,32.335470748320226,32.4,1.0,0.0,0.0,1.0,2.0,4.0,0.0,1.0,0.0,1.0,0.0,0.0,0.0,0.0,0.0,0.0,0.0,0.0,0.0,0.0,0.0,0.0,0.0,0.0,0.0,0.0,0.0,0.0,0.0,68.36961364746094,88.43376922607422,68.13337707519531,88.2179183959961,-0.236236572265625,-0.215850830078125,0.3199988901615143,-2.401256457586759,-0.7382420897483826,-0.674535870552063,1.0,-17.631521224975586,9.854056358337402,0.0,28.0,28.0,28.0,0.0,0.0,0.0,0.0,0.0,1.0,120.0,1.0,1.0,1.0,0.0,0.0,30.622099991887808,0.6829999620094895,6.426700041629374,14.277399983257055,11.325699975714087,4.0,4.532800056040287,3.473500022664666,1.1977000394836068,0.000500003807246685
1,122,122,3.0159369524382087,0,0,2.0,4.0,1.0,1.0,1.0,0.2935206890106201,0.29486843943595886,0.3630096912384033,1.0,0.43441319465637207,0.30644330382347107,1.0,1.0,1.0,0.2935206890106201,1.0,0.2935206890106201,0.30644330382347107,1.0,0.0,0.713981568813324,0.6501291990280151,0.9656280875205994,0.6732707619667053,0.46193528175354004,0.4667900502681732,0.0,-0.1314784437417984,0.9703047275543213,0.241885706782341,0.0,0.0,0.0,0.0,0.0,0.0,115.25010681152344,7.580898284912109,25.0,7.580898284912109,25.0,7.86509895324707,0.0,1.0,0.30323593139648436,1.0,0.0,0.0,0.0,0.0,0.0,-0.22130048274993896,0.8175113318264278,0.7796940612792969,1.620032042082423,0.02,-0.0,-0.05609900425467241,-0.012906652722532318,0.2759113311767578,0.15,-0.0,0.0,0.0,-0.0,0.0,0.0,0.0,0.0,0.35,0.0,0.0,0.0,0.0,0.0,0.0,0.0,0.0,0.25,-0.0,-5.00213623046875,0.0,-1.221300482749939,-0.0,-0.6252670288085938,-0.6252670288085938,-0.05,0.5496940612792969,0.36646270751953125,0.2,0.0,-0.0,-0.0,-0.0,0.8,1.0,-0.0,0.0,-0.0,-0.0,0.0,0.0,0.0,0.4606056576268747,-0.0,-0.0,-0.1799679579175771,0.02,0.0,0.0,0.0,0.0,0.0,0.0,0.36646270751953125,33.16360734913498,32.4,1.0,0.0,0.0,1.0,2.0,4.0,0.0,1.0,0.0,1.0,0.0,0.0,0.0,0.0,0.0,0.0,0.0,0.0,0.0,0.0,0.0,0.0,0.0,0.0,0.0,0.0,0.0,0.0,0.0,68.13351440429688,88.21813201904297,67.89690399169922,88.002685546875,-0.23661041259765625,-0.21544647216796875,0.32000261545181274,-2.402977316728756,-0.7393959760665894,-0.6732707619667053,1.0,-17.54427146911621,10.20262622833252,0.0,28.0,28.0,28.0,0.0,0.0,0.0,0.0,0.0,1.0,120.0,1.0,1.0,1.0,0.0,0.0,65.41959999594837,0.6145000224933028,7.3026999598369,51.09349999111146,26.225200039334595,4.0,3.4287000307813287,2.3660999722778797,0.5781999789178371,0.000300002284348011
1,123,123,2.58287073329133,0,0,2.0,3.0,1.0,1.0,1.0,0.3032359182834625,0.30499669909477234,0.3783615529537201,1.0,0.4407307505607605,0.3146039545536041,1.0,1.0,1.0,0.3032359182834625,1.0,0.3032359182834625,0.3146039545536041,1.0,0.0,0.711261510848999,0.64537513256073,0.9604175686836243,0.671973466873169,0.4737658202648163,0.7188685536384583,0.0,-0.0614594891667366,0.9692985415458679,0.24588681757450104,0.0,0.0,0.0,0.0,0.0,0.0,114.62745666503906,7.815155029296875,25.0,7.815155029296875,25.0,8.079597473144531,0.0,1.0,0.312606201171875,1.0,0.0,0.0,0.0,0.0,0.0,-0.21091532707214355,0.8072044755522629,0.7515816080570221,1.2149999767541886,0.02,-0.0,-0.051897781405529995,-0.011845445946438991,0.2732048034667969,0.15,-0.0,0.0,0.0,-0.0,0.0,0.0,0.0,0.0,0.35,0.0,0.0,0.0,0.0,0.0,0.0,0.0,0.0,0.25,-0.0,-4.981201171875,0.0,-1.2109153270721436,-0.0,-0.622650146484375,-0.622650146484375,-0.05,0.5455816090106964,0.3637210726737976,0.2,0.0,-0.0,-0.0,-0.0,0.5599999904632569,0.699999988079071,-0.0,0.0,-0.0,-0.0,0.0,0.0,0.0,0.447742899437435,-0.04500000178813934,-0.0,-0.0,0.02,0.0,0.0,0.0,0.0,0.0,0.0,0.3637210726737976,32.23748875949532,32.4,0.0,0.6,0.0,0.699999988079071,2.0,3.0,0.0,0.699999988079071,0.0,0.699999988079071,0.0,0.0,0.0,0.0,0.0,0.0,0.0,0.0,0.0,0.0,0.0,0.0,0.0,0.0,0.0,0.0,0.0,0.0,0.0,67.89704132080078,88.00289916992188,67.6600570678711,87.7878646850586,-0.2369842529296875,-0.21503448486328125,0.32000213861465454,-2.4047157830552486,-0.7405752539634705,-0.671973466873169,1.0,-17.45433807373047,10.557882308959961,0.0,28.0,28.0,28.0,0.0,0.0,0.0,0.0,0.0,1.0,120.0,1.0,1.0,1.0,0.0,0.0,48.07550006080419,0.5735000595450401,7.2480000089854,33.38059992529452,17.596199992112815,4.0,3.707599942572415,2.4637000169605017,0.6602000212296844,0.000400003045797348
1,124,124,2.8253448895522113,0,0,2.0,4.0,1.0,1.0,1.0,0.31260621547698975,0.3146130442619324,1.0,1.0,0.45019257068634033,0.32318389415740967,1.0,1.0,1.0,0.31260621547698975,1.0,0.31260621547698975,0.32318389415740967,1.0,0.0,0.7085434198379517,0.6406468152999878,0.9552288055419922,0.670673668384552,0.46053555607795715,-0.8039224147796631,0.0,-0.032893262803554535,0.9685264229774475,0.24891071021556854,0.0,0.0,0.0,0.0,0.0,0.0,114.0039291381836,7.815155029296875,25.0,7.815155029296875,25.0,8.079597473144531,0.0,1.0,0.312606201171875,1.0,0.0,0.0,0.0,0.0,0.0,-0.21440839767456055,0.5420439116847238,0.7762949424982071,1.701414433043841,0.02,-0.0,-0.051897781405529995,-0.011845445946438991,0.0,0.15,-0.0,0.0,0.0,-0.0,0.0,0.0,0.0,0.0,0.35,0.0,0.0,0.0,0.0,0.0,0.0,0.0,0.0,0.25,-0.0,-4.98822021484375,0.0,-1.2144083976745605,-0.0,-0.6235275268554688,-0.6235275268554688,-0.05,0.5462949424982071,0.36419662833213806,0.2,0.0,-0.0,-0.0,-0.0,0.8,1.0,-0.0,0.0,-0.0,-0.0,0.0,0.0,0.0,0.4557871390366927,-0.04500000178813934,-0.0,-0.05358556516801963,0.02,0.0,0.0,0.0,0.0,0.0,0.0,0.36419662833213806,32.816674010641876,32.4,1.0,0.0,0.0,1.0,2.0,4.0,0.0,1.0,0.0,1.0,0.0,0.0,0.0,0.0,0.0,0.0,0.0,0.0,0.0,0.0,0.0,0.0,0.0,0.0,0.0,0.0,0.0,0.0,0.0,67.66020202636719,87.78807830810547,67.42284393310547,87.5734634399414,-0.23735809326171875,-0.2146148681640625,0.31999751925468445,-2.406471954142455,-0.741752564907074,-0.670673668384552,1.0,-17.365005493164062,10.910462379455566,0.0,28.0,28.0,28.0,0.0,0.0,0.0,0.0,0.0,1.0,120.0,1.0,1.0,1.0,0.0,0.0,23.575700004585087,0.6645999383181334,6.245300057344139,10.885700001381338,7.15620000846684,4.0,3.383300034329295,1.6580999363213778,0.7065000245347619,0.000500003807246685
1,125,125,2.5866086432405013,0,0,2.0,3.0,1.0,1.0,1.0,0.31260621547698975,0.3146130442619324,1.0,1.0,0.45019257068634033,0.32318389415740967,1.0,1.0,1.0,0.31260621547698975,1.0,0.31260621547698975,0.32318389415740967,1.0,0.0,0.7058090567588806,0.6359212398529053,0.9500327706336975,0.6693676710128784,0.4688096344470978,0.5027649998664856,0.0,-0.032893262803554535,0.9681417346000671,0.2504028379917145,0.0,0.0,0.0,0.0,0.0,0.0,113.38311004638672,8.043753623962402,25.0,8.043753623962402,25.0,8.30028247833252,0.0,1.0,0.3217501449584961,1.0,0.0,0.0,0.0,0.0,0.0,-0.2035539150238037,0.8071838060088654,0.7479787755012512,1.2149999767541886,0.02,-0.0,-0.04810245335751845,-0.010844624108450456,0.2711528778076172,0.15,-0.0,0.0,0.0,-0.0,0.0,0.0,0.0,0.0,0.35,0.0,0.0,0.0,0.0,0.0,0.0,0.0,0.0,0.25,-0.0,-4.966552734375,0.0,-1.2035539150238037,-0.0,-0.620819091796875,-0.620819091796875,-0.05,0.5419787764549255,0.3613191843032837,0.2,0.0,-0.0,-0.0,-0.0,0.5599999904632569,0.699999988079071,-0.0,0.0,-0.0,-0.0,0.0,0.0,0.0,0.44497800566721707,-0.04500000178813934,-0.0,-0.0,0.02,0.0,0.0,0.0,0.0,0.0,0.0,0.3613191843032837,32.03841640803963,32.4,0.0,0.6,0.0,0.699999988079071,2.0,3.0,0.0,0.699999988079071,0.0,0.699999988079071,0.0,0.0,0.0,0.0,0.0,0.0,0.0,0.0,0.0,0.0,0.0,0.0,0.0,0.0,0.0,0.0,0.0,0.0,0.0,67.42298889160156,87.57367706298828,67.18524932861328,87.35948181152344,-0.23773956298828125,-0.21419525146484375,0.3199995458126068,-2.4082441430835932,-0.7429313063621521,-0.6693676710128784,1.0,-17.274099349975586,11.263131141662598,0.0,28.0,28.0,28.0,0.0,0.0,0.0,0.0,0.0,1.0,120.0,1.0,1.0,1.0,0.0,0.0,50.406199996359646,0.7647000020369887,6.67899998370558,34.8313000285998,15.946700004860759,4.0,4.559400025755167,2.786399913020432,0.7476999890059233,0.000500003807246685
1,126,126,2.8554155053667194,0,0,2.0,4.0,1.0,1.0,1.0,0.32175013422966003,0.32392942905426025,1.0,1.0,0.46127715706825256,0.33201131224632263,1.0,1.0,1.0,0.32175013422966003,1.0,0.32175013422966003,0.33201131224632263,1.0,0.0,0.7030770182609558,0.6312224864959717,0.9448592662811279,0.668059766292572,0.45769166946411133,-0.6755708456039429,0.0,-0.01702100597321987,0.9677953124046326,0.2517385184764862,0.0,0.0,0.0,0.0,0.0,0.0,112.76163482666016,8.043753623962402,25.0,8.043753623962402,25.0,8.30028247833252,0.0,1.0,0.3217501449584961,1.0,0.0,0.0,0.0,0.0,0.0,-0.20622825622558594,0.5454964613469515,0.7727393615245819,1.7234079387207721,0.02,-0.0,-0.04810245335751845,-0.010844624108450456,0.0,0.15,-0.0,0.0,0.0,-0.0,0.0,0.0,0.0,0.0,0.35,0.0,0.0,0.0,0.0,0.0,0.0,0.0,0.0,0.25,-0.0,-4.9718017578125,0.0,-1.206228256225586,-0.0,-0.6214752197265625,-0.6214752197265625,-0.05,0.5427393615245819,0.36182624101638794,0.2,0.0,-0.0,-0.0,-0.0,0.8,1.0,-0.0,0.0,-0.0,-0.0,0.0,0.0,0.0,0.45444353881292043,-0.04500000178813934,-0.0,-0.03159205949108854,0.02,0.0,0.0,0.0,0.0,0.0,0.0,0.36182624101638794,32.719934794530275,32.4,1.0,0.0,0.0,1.0,2.0,4.0,0.0,1.0,0.0,1.0,0.0,0.0,0.0,0.0,0.0,0.0,0.0,0.0,0.0,0.0,0.0,0.0,0.0,0.0,0.0,0.0,0.0,0.0,0.0,67.18539428710938,87.35969543457031,66.94728088378906,87.14591979980469,-0.2381134033203125,-0.213775634765625,0.3199968934059143,-2.4100003320867063,-0.7441076636314392,-0.668059766292572,1.0,-17.183847427368164,11.612997055053711,0.0,28.0,28.0,28.0,0.0,0.0,0.0,0.0,0.0,1.0,120.0,1.0,1.0,1.0,0.0,0.0,30.292199924588203,0.7044000085443258,8.10289999935776,14.274599961936474,10.943599976599216,4.0,4.09810000564903,2.472700085490942,0.6110999966040254,0.0004998873919248581
1,127,127,3.2026500109796365,0,0,2.0,4.0,1.0,1.0,1.0,0.32175013422966003,0.32392942905426025,1.0,1.0,0.46127715706825256,0.33201131224632263,1.0,1.0,1.0,0.32175013422966003,1.0,0.32175013422966003,0.33201131224632263,1.0,0.0,0.70033198595047,0.6265254616737366,0.939680278301239,0.6667432188987732,0.46742764115333557,0.5915958285331726,0.0,-0.01702100597321987,0.9676624536514282,0.25224873423576355,0.0,0.0,0.0,0.0,0.0,0.0,112.14298248291016,8.271827697753906,25.0,8.271827697753906,25.0,8.524310111999512,0.0,1.0,0.33087310791015623,1.0,0.0,0.0,0.0,0.0,0.0,-0.19488954544067383,0.809061375654205,0.7684781807661056,1.8,0.02,-0.0,-0.044593350226893466,-0.009915095857539547,0.2720703125,0.15,-0.0,0.0,0.0,-0.0,0.0,0.0,0.0,0.0,0.35,0.0,0.0,0.0,0.0,0.0,0.0,0.0,0.0,0.25,-0.0,-4.94921875,0.0,-1.1948895454406738,-0.0,-0.61865234375,-0.61865234375,-0.05,0.5384781807661057,0.35898545384407043,0.2,0.0,-0.0,-0.0,-0.0,0.8,1.0,-0.0,0.0,-0.0,-0.0,0.0,0.0,0.0,0.441499509238638,-0.0,-0.0,-0.0,0.02,0.0,0.0,0.0,0.0,0.0,0.0,0.35898545384407043,31.787964665181935,32.4,0.0,0.6,0.0,1.0,2.0,4.0,0.0,1.0,0.0,1.0,0.0,0.0,0.0,0.0,0.0,0.0,0.0,0.0,0.0,0.0,0.0,0.0,0.0,0.0,0.0,0.0,0.0,0.0,0.0,66.94742584228516,87.14613342285156,66.70893096923828,86.93277740478516,-0.238494873046875,-0.21335601806640625,0.32000091671943665,-2.4117724742253763,-0.7452875375747681,-0.6667432188987732,1.0,-17.092418670654297,11.963081359863281,0.0,28.0,28.0,28.0,0.0,0.0,0.0,0.0,0.0,1.0,120.0,1.0,1.0,1.0,0.0,0.0,57.93390003964305,0.7059000199660659,8.834199979901314,40.66860000602901,19.097200012765825,4.0,4.1606000158935785,2.7695000171661377,0.7630999898537993,0.000400003045797348
1,128,128,2.93802740631429,0,0,2.0,4.0,1.0,1.0,1.0,0.3308731019496918,0.33316585421562195,1.0,1.0,0.4732681214809418,0.3409723937511444,1.0,1.0,1.0,0.3308731019496918,1.0,0.3308731019496918,0.3409723937511444,1.0,0.0,0.6975915431976318,0.6218543648719788,0.9345248341560364,0.6654229760169983,0.45411378145217896,-0.8090018630027771,0.0,-0.00868904683738947,0.9675043821334839,0.2528541684150696,0.0,0.0,0.0,0.0,0.0,0.0,111.52392578125,8.271827697753906,25.0,8.271827697753906,25.0,8.524310111999512,0.0,1.0,0.33087310791015623,1.0,0.0,0.0,0.0,0.0,0.0,-0.19653081893920898,0.5453928625377782,0.7691653627157211,1.8,0.02,-0.0,-0.044593350226893466,-0.009915095857539547,0.0,0.15,-0.0,0.0,0.0,-0.0,0.0,0.0,0.0,0.0,0.35,0.0,0.0,0.0,0.0,0.0,0.0,0.0,0.0,0.25,-0.0,-4.95245361328125,0.0,-1.196530818939209,-0.0,-0.6190567016601562,-0.6190567016601562,-0.05,0.5391653627157211,0.3594435751438141,0.2,0.0,-0.0,-0.0,-0.0,0.8,1.0,-0.0,0.0,-0.0,-0.0,0.0,0.0,0.0,0.4499013086222112,-0.0,-0.0,-0.0,0.02,0.0,0.0,0.0,0.0,0.0,0.0,0.3594435751438141,32.39289422079921,32.4,1.0,0.0,0.0,1.0,2.0,4.0,0.0,1.0,0.0,1.0,0.0,0.0,0.0,0.0,0.0,0.0,0.0,0.0,0.0,0.0,0.0,0.0,0.0,0.0,0.0,0.0,0.0,0.0,0.0,66.70907592773438,86.93299102783203,66.47020721435547,86.72005462646484,-0.23886871337890625,-0.2129364013671875,0.3200002610683441,-2.413528707216739,-0.7464665174484253,-0.6654229760169983,1.0,-17.001909255981445,12.310469627380371,0.0,28.0,28.0,28.0,0.0,0.0,0.0,0.0,0.0,1.0,120.0,1.0,1.0,1.0,0.0,0.0,60.3475000243634,0.6682999664917588,8.662200067192316,40.36060010548681,24.342500022612512,4.0,4.77959995623678,3.683699993416667,2.147400053218007,0.000400003045797348
1,129,129,2.792750596697038,0,0,2.0,4.0,1.0,1.0,1.0,0.3308731019496918,0.33316585421562195,1.0,1.0,0.4732681214809418,0.3409723937511444,1.0,1.0,1.0,0.3308731019496918,1.0,0.3308731019496918,0.3409723937511444,1.0,0.0,0.6948413848876953,0.6171845197677612,0.9293660521507263,0.664091944694519,0.46275562047958374,0.5251124501228333,0.0,-0.00868904683738947,0.9674884676933289,0.2529152035713196,0.0,0.0,0.0,0.0,0.0,0.0,110.89934539794922,8.498560905456543,25.0,8.498560905456543,21.395475387573242,8.750247955322266,0.0,1.0,0.3399424362182617,1.0,0.0,0.0,0.0,0.0,0.0,-0.21860361099243164,0.5915592866215801,0.7797971028089523,1.6199978182589374,0.02,-0.0,-0.04175076630837711,-0.009058316559019687,0.03176170349121096,0.15,-0.0,0.0,0.0,-0.0,0.0,0.0,0.0,0.0,0.35,0.0,0.0,0.0,0.0,0.0,0.0,0.0,0.0,0.25,-0.0,-4.99664306640625,0.0,-1.2186036109924316,-0.0,-0.6245803833007812,-0.6245803833007812,-0.05,0.5497971028089523,0.3665314018726349,0.2,0.0,-0.0,-0.0,-0.0,0.8,1.0,-0.0,0.0,-0.0,-0.0,0.0,0.0,0.0,0.46060666599776595,-0.0,-0.0,-0.18000218174106264,0.02,0.0,0.0,0.0,0.0,0.0,0.0,0.3665314018726349,33.16367995183915,32.4,1.0,0.0,0.0,1.0,2.0,4.0,0.0,1.0,0.0,1.0,0.0,0.0,0.0,0.0,0.0,0.0,0.0,0.0,0.0,0.0,0.0,0.0,0.0,0.0,0.0,0.0,0.0,0.0,0.0,66.47035217285156,86.72026824951172,66.2311019897461,86.50775909423828,-0.23925018310546875,-0.2125091552734375,0.3200012445449829,-2.415318560461895,-0.7476509213447571,-0.664091944694519,1.0,-16.910614013671875,12.658125877380371,0.0,28.0,28.0,28.0,0.0,0.0,0.0,0.0,0.0,1.0,120.0,1.0,1.0,1.0,0.0,0.0,52.53510002512485,0.7871999405324459,8.483399986289442,36.74560005310923,28.549399925395846,4.0,3.5389000549912453,2.23129999358207,0.7180999964475632,0.000500003807246685
1,130,130,3.695166346409134,0,0,2.0,4.0,1.0,1.0,1.0,0.33994242548942566,0.3423137366771698,1.0,1.0,0.4855876564979553,0.3500099182128906,1.0,1.0,0.8558189868927002,0.33994242548942566,1.0,0.33994242548942566,0.3500099182128906,0.8558189868927002,0.0,0.6920731663703918,0.6124610900878906,0.9241611957550049,0.6627210974693298,0.47376686334609985,0.6690848469734192,0.0,0.000826184288598597,0.9675154089927673,0.25281205773353577,0.0,0.0,0.0,0.0,0.0,0.0,110.2777328491211,8.728926658630371,25.0,8.728926658630371,21.99464988708496,8.979668617248535,0.0,1.0,0.3491570663452148,1.0,0.0,0.0,0.0,0.0,0.0,-0.20662999153137207,1.3062527268908541,0.7755436110496521,1.8,0.02,-0.0,-0.038604847377281815,-0.008264052029807399,0.7554004669189454,0.15,-0.0,0.0,0.0,-0.0,0.0,0.0,0.0,0.0,0.35,0.0,0.0,0.0,0.0,0.0,0.0,0.0,0.0,0.25,-0.0,-4.972900390625,0.0,-1.206629991531372,-0.0,-0.621612548828125,-0.621612548828125,-0.05,0.5455436110496521,0.36369574069976807,0.2,0.0,-0.0,-0.0,-0.0,0.8,1.0,-0.0,0.0,-0.0,-0.0,0.0,0.0,0.0,0.447721159378998,-0.0,-0.0,-0.0,0.02,0.0,0.0,0.0,0.0,0.0,0.0,0.36369574069976807,32.235923475287855,32.4,0.0,0.6,0.0,1.0,2.0,4.0,0.0,1.0,0.0,1.0,0.0,0.0,0.0,0.0,0.0,0.0,0.0,0.0,0.0,0.0,0.0,0.0,0.0,0.0,0.0,0.0,0.0,0.0,0.0,66.23124694824219,86.50797271728516,65.99160766601562,86.2958984375,-0.2396392822265625,-0.21207427978515625,0.3200038969516754,-2.4171420842614473,-0.7488663196563721,-0.6627210378646851,1.0,-16.81753158569336,13.012640953063965,0.0,28.0,28.0,28.0,0.0,0.0,0.0,0.0,0.0,1.0,120.0,1.0,1.0,1.0,0.0,0.0,44.12520001642406,0.7430999539792538,5.5741999531164765,30.21620004437864,16.143199987709522,4.0,3.9325000252574682,2.832300029695034,0.7829000242054462,0.000400003045797348
1,131,131,2.8912790352171434,0,0,2.0,4.0,1.0,1.0,1.0,0.34915706515312195,0.3516014814376831,1.0,1.0,0.49831703305244446,0.35918673872947693,1.0,1.0,0.8797860145568848,0.34915706515312195,1.0,0.34915706515312195,0.35918673872947693,0.8797860145568848,0.0,0.6893114447593689,0.6077631115913391,0.91898113489151,0.6613444685935974,0.4605132043361664,-0.8053441643714905,0.0,-0.0027262892108410597,0.9674481153488159,0.25306937098503113,0.0,0.0,0.0,0.0,0.0,0.0,109.65583038330078,8.728926658630371,25.0,8.728926658630371,21.99464988708496,8.979668617248535,0.0,1.0,0.3491570663452148,1.0,0.0,0.0,0.0,0.0,0.0,-0.20786380767822266,0.5590490892499309,0.776129897236824,1.7439638564086108,0.02,-0.0,-0.038604847377281815,-0.008264052029807399,0.0,0.15,-0.0,0.0,0.0,-0.0,0.0,0.0,0.0,0.0,0.35,0.0,0.0,0.0,0.0,0.0,0.0,0.0,0.0,0.25,-0.0,-4.9752197265625,0.0,-1.2078638076782227,-0.0,-0.6219024658203125,-0.6219024658203125,-0.05,0.546129897236824,0.3640865981578827,0.2,0.0,-0.0,-0.0,-0.0,0.8,1.0,-0.0,0.0,-0.0,-0.0,0.0,0.0,0.0,0.4559179886570201,-0.0,-0.0,-0.0560361435913891,0.02,0.0,0.0,0.0,0.0,0.0,0.0,0.3640865981578827,32.82609518330545,32.4,1.0,0.0,0.0,1.0,2.0,4.0,0.0,1.0,0.0,1.0,0.0,0.0,0.0,0.0,0.0,0.0,0.0,0.0,0.0,0.0,0.0,0.0,0.0,0.0,0.0,0.0,0.0,0.0,0.0,65.99175262451172,86.29610443115234,65.75172424316406,86.08447265625,-0.24002838134765625,-0.21163177490234375,0.32000255584716797,-2.418983464942383,-0.7500823140144348,-0.6613445281982422,1.0,-16.725627899169922,13.364533424377441,0.0,28.0,28.0,28.0,0.0,0.0,0.0,0.0,0.0,1.0,120.0,1.0,1.0,1.0,0.0,0.0,24.643199983984232,0.48180005978792906,7.219999912194908,10.030800011008978,7.322799996472895,4.0,3.7486000219359994,2.37210001796484,0.7654000073671341,0.000500003807246685
1,132,132,4.216318113301222,0,0,2.0,3.0,1.0,1.0,1.0,0.34915706515312195,0.3516014814376831,1.0,1.0,0.49831703305244446,0.35918673872947693,1.0,1.0,0.8797860145568848,0.34915706515312195,1.0,0.34915706515312195,0.35918673872947693,0.8797860145568848,0.0,0.6865406036376953,0.6030670404434204,0.9137985706329346,0.659956157207489,0.4689442217350006,0.5123018026351929,0.0,-0.0027262892108410597,0.9675184488296509,0.25280049443244934,0.0,0.0,0.0,0.0,0.0,0.0,109.03707885742188,8.958515167236328,25.0,8.958515167236328,25.0,9.210373878479004,0.0,1.0,0.3583406066894531,1.0,0.0,0.0,0.0,0.0,0.0,-0.19520485401153564,2.4288547254542756,0.7476682651042938,1.2149999767541886,0.02,-0.0,-0.03550448260568216,-0.007535558297769788,1.8759529113769533,0.15,-0.0,0.0,0.0,-0.0,0.0,0.0,0.0,0.0,0.35,0.0,0.0,0.0,0.0,0.0,0.0,0.0,0.0,0.25,-0.0,-4.95001220703125,0.0,-1.1952048540115356,-0.0,-0.6187515258789062,-0.6187515258789062,-0.05,0.5416682660579681,0.36111217737197876,0.2,0.0,-0.0,-0.0,-0.0,0.5599999904632569,0.699999988079071,-0.0,0.0,-0.0,-0.0,0.0,0.0,0.0,0.4459418549807743,-0.04500000178813934,-0.0,-0.0,0.02,0.0,0.0,0.0,0.0,0.0,0.0,0.36111217737197876,32.107813558615746,32.4,0.0,0.6,0.0,0.699999988079071,2.0,3.0,0.0,0.699999988079071,0.0,0.699999988079071,0.0,0.0,0.0,0.0,0.0,0.0,0.0,0.0,0.0,0.0,0.0,0.0,0.0,0.0,0.0,0.0,0.0,0.0,0.0,65.75186920166016,86.08467864990234,65.5114517211914,85.87348937988281,-0.24041748046875,-0.21118927001953125,0.3200022876262665,-2.4208248387970825,-0.7513040900230408,-0.659956157207489,1.0,-16.63300132751465,13.71664047241211,0.0,28.0,28.0,28.0,0.0,0.0,0.0,0.0,0.0,1.0,120.0,1.0,1.0,1.0,0.0,0.0,51.48410005494952,0.6177000468596816,8.713599992915988,35.695699974894524,16.296999994665384,4.0,3.2818999607115984,2.3799999617040157,0.7548000430688262,0.000800006091594696
1,133,133,2.8943591672497435,0,0,2.0,4.0,1.0,1.0,1.0,0.35834062099456787,0.36084166169166565,1.0,1.0,0.511195182800293,0.368414968252182,1.0,1.0,1.0,0.35834062099456787,1.0,0.35834062099456787,0.368414968252182,1.0,0.0,0.683777391910553,0.5983973145484924,0.9086423516273499,0.6585620045661926,0.458683043718338,-0.6235083341598511,0.0,-0.002402471611276269,0.9674785137176514,0.25295329093933105,0.0,0.0,0.0,0.0,0.0,0.0,108.41808319091797,8.958515167236328,25.0,8.958515167236328,25.0,9.210373878479004,0.0,1.0,0.3583406066894531,1.0,0.0,0.0,0.0,0.0,0.0,-0.19621920585632324,0.5602262727872402,0.7724221903085708,1.7379299100102557,0.02,-0.0,-0.03550448260568216,-0.007535558297769788,0.0,0.15,-0.0,0.0,0.0,-0.0,0.0,0.0,0.0,0.0,0.35,0.0,0.0,0.0,0.0,0.0,0.0,0.0,0.0,0.25,-0.0,-4.95196533203125,0.0,-1.1962192058563232,-0.0,-0.6189956665039062,-0.6189956665039062,-0.05,0.5424221903085709,0.36161479353904724,0.2,0.0,-0.0,-0.0,-0.0,0.8,1.0,-0.0,0.0,-0.0,-0.0,0.0,0.0,0.0,0.4532663136906922,-0.04500000178813934,-0.0,-0.017070088201604952,0.02,0.0,0.0,0.0,0.0,0.0,0.0,0.36161479353904724,32.635174585729835,32.4,1.0,0.0,0.0,1.0,2.0,4.0,0.0,1.0,0.0,1.0,0.0,0.0,0.0,0.0,0.0,0.0,0.0,0.0,0.0,0.0,0.0,0.0,0.0,0.0,0.0,0.0,0.0,0.0,0.0,65.5115966796875,85.87369537353516,65.27079010009766,85.66295623779297,-0.24080657958984375,-0.2107391357421875,0.3199981153011322,-2.422684142885211,-0.7525264024734497,-0.6585620045661926,1.0,-16.541688919067383,14.066017150878906,0.0,28.0,28.0,28.0,0.0,0.0,0.0,0.0,0.0,1.0,120.0,1.0,1.0,1.0,0.0,0.0,30.171799939125776,0.597400008700788,7.550999987870455,14.172199997119606,10.928399977274239,4.0,4.221700015477836,2.776100067421794,0.8270000107586384,0.000400003045797348
1,134,134,3.2296000646798846,0,0,2.0,4.0,1.0,1.0,1.0,0.35834062099456787,0.36084166169166565,1.0,1.0,0.511195182800293,0.368414968252182,1.0,1.0,1.0,0.35834062099456787,1.0,0.35834062099456787,0.368414968252182,1.0,0.0,0.6810067296028137,0.5937281847000122,0.903484046459198,0.6571540832519531,0.4662167727947235,0.457778662443161,0.0,-0.002402471611276269,0.9675376415252686,0.25272688269615173,0.0,0.0,0.0,0.0,0.0,0.0,107.80215454101562,9.186291694641113,25.0,9.186291694641113,25.0,9.438607215881348,0.0,1.0,0.36745166778564453,1.0,0.0,0.0,0.0,0.0,0.0,-0.1839277744293213,0.8253988819568389,0.7681289571523666,1.8,0.02,-0.0,-0.032920883370012026,-0.006878080310016158,0.27351455688476567,0.15,-0.0,0.0,0.0,-0.0,0.0,0.0,0.0,0.0,0.35,0.0,0.0,0.0,0.0,0.0,0.0,0.0,0.0,0.25,-0.0,-4.92742919921875,0.0,-1.1839277744293213,-0.0,-0.6159286499023438,-0.6159286499023438,-0.05,0.5381289571523666,0.35875263810157776,0.2,0.0,-0.0,-0.0,-0.0,0.8,1.0,-0.0,0.0,-0.0,-0.0,0.0,0.0,0.0,0.4416832887521014,-0.0,-0.0,-0.0,0.02,0.0,0.0,0.0,0.0,0.0,0.0,0.35875263810157776,31.801196790151298,32.4,0.0,0.6,0.0,1.0,2.0,4.0,0.0,1.0,0.0,1.0,0.0,0.0,0.0,0.0,0.0,0.0,0.0,0.0,0.0,0.0,0.0,0.0,0.0,0.0,0.0,0.0,0.0,0.0,0.0,65.27093505859375,85.66316223144531,65.02973175048828,85.45287322998047,-0.24120330810546875,-0.21028900146484375,0.3200007677078247,-2.4245591691009007,-0.7537562847137451,-0.6571540832519531,1.0,-16.449874877929688,14.41578197479248,0.0,28.0,28.0,28.0,0.0,0.0,0.0,0.0,0.0,1.0,120.0,1.0,1.0,1.0,0.0,0.0,98.37310004513711,0.4860000917688012,8.957899990491569,77.71919993683696,30.52839997690171,4.0,7.67319998703897,2.560200053267181,0.929499976336956,0.000500003807246685
1,135,135,2.962702019835854,0,0,2.0,4.0,1.0,1.0,1.0,0.36745166778564453,0.37000855803489685,1.0,0.7630984783172607,0.5238874554634094,0.3775442838668823,1.0,1.0,1.0,0.36745166778564453,1.0,0.36745166778564453,0.3775442838668823,1.0,0.0,0.6782435178756714,0.5890846252441406,0.8983513116836548,0.6557397842407227,0.4543028175830841,-0.723939061164856,0.0,-0.001899040536954999,0.9675039649009705,0.2528558671474457,0.0,0.0,0.0,0.0,0.0,0.0,107.18578338623047,9.186291694641113,25.0,9.186291694641113,25.0,9.438607215881348,0.0,1.0,0.36745166778564453,1.0,0.0,0.0,0.0,0.0,0.0,-0.18564319610595703,0.561385304457412,0.7692038971185684,1.7977560143658307,0.02,-0.0,-0.032920883370012026,-0.006878080310016158,0.0,0.15,-0.0,0.0,0.0,-0.0,0.0,0.0,0.0,0.0,0.35,0.0,0.0,0.0,0.0,0.0,0.0,0.0,0.0,0.25,-0.0,-4.93096923828125,0.0,-1.185643196105957,-0.0,-0.6163711547851562,-0.6163711547851562,-0.05,0.5392038971185684,0.3594692647457123,0.2,0.0,-0.0,-0.0,-0.0,0.8,1.0,-0.0,0.0,-0.0,-0.0,0.0,0.0,0.0,0.4511842681374401,-0.0,-0.0,-0.002243985634169362,0.02,0.0,0.0,0.0,0.0,0.0,0.0,0.3594692647457123,32.48526730589569,32.4,1.0,0.0,0.0,1.0,2.0,4.0,0.0,1.0,0.0,1.0,0.0,0.0,0.0,0.0,0.0,0.0,0.0,0.0,0.0,0.0,0.0,0.0,0.0,0.0,0.0,0.0,0.0,0.0,0.0,65.02987670898438,85.45307922363281,64.78828430175781,85.24324035644531,-0.2415924072265625,-0.2098388671875,0.3199988305568695,-2.4264185245084313,-0.7549869418144226,-0.6557397246360779,1.0,-16.35934829711914,14.762925148010254,0.0,28.0,28.0,28.0,0.0,0.0,0.0,0.0,0.0,1.0,120.0,1.0,1.0,1.0,0.0,0.0,42.866399977356195,0.623999978415668,8.643000037409365,22.73820003028959,16.75539999268949,4.0,4.507999983616173,3.060000017285347,3.2507000723853707,0.000400003045797348
1,136,136,3.2346594202559884,0,0,2.0,4.0,1.0,1.0,1.0,0.36745166778564453,0.37000855803489685,1.0,0.7630984783172607,0.5238874554634094,0.3775442838668823,1.0,1.0,1.0,0.36745166778564453,1.0,0.36745166778564453,0.3775442838668823,1.0,0.0,0.6754723787307739,0.5844398736953735,0.8932148814201355,0.6543104648590088,0.4640752375125885,0.5938112139701843,0.0,-0.001899040536954999,0.9675833582878113,0.2525519132614136,0.0,0.0,0.0,0.0,0.0,0.0,106.57247161865234,9.411642074584961,25.0,9.411642074584961,25.0,9.664236068725586,0.0,1.0,0.37646568298339844,1.0,0.0,0.0,0.0,0.0,0.0,-0.17349720001220703,0.8231563258212504,0.7650002944469452,1.8,0.02,-0.0,-0.0305507442145378,-0.006284511078220858,0.27053184509277345,0.15,-0.0,0.0,0.0,-0.0,0.0,0.0,0.0,0.0,0.35,0.0,0.0,0.0,0.0,0.0,0.0,0.0,0.0,0.25,-0.0,-4.906494140625,0.0,-1.173497200012207,-0.0,-0.613311767578125,-0.613311767578125,-0.05,0.5350002944469452,0.3566668629646301,0.2,0.0,-0.0,-0.0,-0.0,0.8,1.0,-0.0,0.0,-0.0,-0.0,0.0,0.0,0.0,0.4394597360212356,-0.0,-0.0,-0.0,0.02,0.0,0.0,0.0,0.0,0.0,0.0,0.3566668629646301,31.641100993528966,32.4,0.0,0.6,0.0,1.0,2.0,4.0,0.0,1.0,0.0,1.0,0.0,0.0,0.0,0.0,0.0,0.0,0.0,0.0,0.0,0.0,0.0,0.0,0.0,0.0,0.0,0.0,0.0,0.0,0.0,64.7884292602539,85.24344635009766,64.54644012451172,85.03406524658203,-0.2419891357421875,-0.209381103515625,0.31999874114990234,-2.428311535399277,-0.756226122379303,-0.6543104648590088,1.0,-16.268260955810547,15.110662460327148,0.0,28.0,28.0,28.0,0.0,0.0,0.0,0.0,0.0,1.0,120.0,1.0,1.0,1.0,0.0,0.0,75.06920001469553,0.8145999163389206,11.507100076414645,53.8931000046432,41.876800009049475,4.0,4.504000069573522,3.5111999604851007,0.8028000593185425,0.000300002284348011
1,137,137,3.242881949560762,0,0,2.0,4.0,1.0,1.0,1.0,0.37646567821502686,0.8432620763778687,1.0,0.7854405045509338,0.5364856123924255,0.38656944036483765,1.0,1.0,1.0,0.37646567821502686,1.0,0.37646567821502686,0.38656944036483765,1.0,0.0,0.6727087497711182,0.5798202753067017,0.8881039023399353,0.6528742909431458,0.4520157277584076,-0.7327832579612732,0.0,-0.0004699660639744252,0.9675554633140564,0.2526586651802063,0.0,0.0,0.0,0.0,0.0,0.0,105.9587631225586,9.635503768920898,25.0,9.635503768920898,25.0,9.88843822479248,0.0,1.0,0.38542015075683594,1.0,0.0,0.0,0.0,0.0,0.0,-0.1750333309173584,0.8321748751569993,0.7657404053211212,1.8,0.02,-0.0,-0.028366108957777178,-0.005745443953056793,0.2687702178955078,0.15,-0.0,0.0,0.0,-0.0,0.0,0.0,0.0,0.0,0.35,0.0,0.0,0.0,0.0,0.0,0.0,0.0,0.0,0.25,-0.0,-4.90966796875,0.0,-1.1750333309173584,-0.0,-0.61370849609375,-0.61370849609375,-0.05,0.5357404053211212,0.3571602702140808,0.2,0.0,-0.0,-0.0,-0.0,0.8,1.0,-0.0,0.0,-0.0,-0.0,0.0,0.0,0.0,0.4475162101723254,-0.0,-0.0,-0.0,0.02,0.0,0.0,0.0,0.0,0.0,0.0,0.3571602702140808,32.22116713240743,32.4,1.0,0.0,0.0,1.0,2.0,4.0,0.0,1.0,0.0,1.0,0.0,0.0,0.0,0.0,0.0,0.0,0.0,0.0,0.0,0.0,0.0,0.0,0.0,0.0,0.0,0.0,0.0,0.0,0.0,64.54658508300781,85.03427124023438,64.30419921875,84.82534790039062,-0.2423858642578125,-0.20892333984375,0.3199997842311859,-2.4302045489548134,-0.7574662566184998,-0.6528743505477905,1.0,-16.178466796875,15.455841064453125,0.0,28.0,28.0,28.0,0.0,0.0,0.0,0.0,0.0,1.0,120.0,1.0,1.0,1.0,0.0,0.0,59.01850003283471,0.7198000093922019,10.581500013358891,37.14860009495169,21.19870006572455,4.0,5.889300024136901,3.3563999459147453,1.2787000741809607,0.000300002284348011
1,138,138,4.472949981354372,0,0,2.0,4.0,1.0,1.0,1.0,0.38542014360427856,0.8501045107841492,1.0,0.8076723217964172,0.5491626262664795,0.39553752541542053,1.0,1.0,1.0,0.38542014360427856,1.0,0.38542014360427856,0.39553752541542053,1.0,0.0,0.6699355840682983,0.5752018094062805,0.8829897046089172,0.6514252424240112,0.4603023827075958,0.5035296082496643,0.0,0.004294367041438818,0.9676424264907837,0.25232550501823425,0.0,0.0,0.0,0.0,0.0,0.0,105.33968353271484,9.635503768920898,25.0,9.635503768920898,25.0,9.88843822479248,0.0,1.0,0.38542015075683594,1.0,0.0,0.0,0.0,0.0,0.0,-0.1964704990386963,0.5713875403656146,2.3264169830083845,1.7516159570190697,0.02,-0.0,-0.028366108957777178,-0.005745443953056793,0.0,0.15,-0.0,0.0,0.0,-0.0,0.0,0.0,0.0,0.0,0.35,0.0,0.0,0.0,0.0,0.0,0.0,0.0,0.0,0.25,-0.0,-4.95263671875,0.0,-1.1964704990386963,-0.0,-0.61907958984375,-0.61907958984375,1.5,0.5464169830083847,0.36427798867225647,0.2,0.0,-0.0,-0.0,-0.0,0.8,1.0,-0.0,0.0,-0.0,-0.0,0.0,0.0,0.0,0.45549909327644855,-0.0,-0.0,-0.04838404298093029,0.02,0.0,0.0,0.0,0.0,0.0,0.0,0.36427798867225647,32.795934715904295,32.4,1.0,0.0,0.0,1.0,2.0,4.0,0.0,1.0,0.0,1.0,0.0,0.0,0.0,0.0,0.0,0.0,0.0,0.0,0.0,0.0,0.0,0.0,0.0,0.0,0.0,0.0,0.0,0.0,0.0,64.3043441772461,84.82555389404297,64.06155395507812,84.61709594726562,-0.24279022216796875,-0.20845794677734375,0.32000282406806946,-2.4321310993309546,-0.7587128281593323,-0.6514252424240112,1.0,-16.08792495727539,15.801334381103516,0.0,28.0,28.0,28.0,0.0,0.0,0.0,0.0,0.0,1.0,120.0,1.0,1.0,1.0,0.0,0.0,33.77890004776418,0.4325000336393714,9.613199974410236,14.908200013451278,10.516899987123907,4.0,5.365499993786216,2.633800031617284,0.7919999770820141,0.000500003807246685
1,139,139,3.246874497609691,0,0,2.0,4.0,1.0,1.0,1.0,0.38542014360427856,0.8501045107841492,1.0,0.8076723217964172,0.5491626262664795,0.39553752541542053,1.0,1.0,1.0,0.38542014360427856,1.0,0.38542014360427856,0.39553752541542053,1.0,0.0,0.6671451926231384,0.570529580116272,0.8778306841850281,0.6499311923980713,0.4685133397579193,0.4989301860332489,0.0,0.004294367041438818,0.9676989912986755,0.2521083950996399,0.0,0.0,0.0,0.0,0.0,0.0,104.72358703613281,9.863964080810547,25.0,9.863964080810547,25.0,10.117631912231445,0.0,1.0,0.3945585632324219,1.0,0.0,0.0,0.0,0.0,0.0,-0.18456053733825684,0.8393331003957553,0.7721019345521927,1.8,0.02,-0.0,-0.026298473647017803,-0.005242139464543952,0.2744457244873047,0.15,-0.0,0.0,0.0,-0.0,0.0,0.0,0.0,0.0,0.35,0.0,0.0,0.0,0.0,0.0,0.0,0.0,0.0,0.25,-0.0,-4.92877197265625,0.0,-1.1845605373382568,-0.0,-0.6160964965820312,-0.6160964965820312,-0.05,0.5421019345521927,0.3614012897014618,0.2,0.0,-0.0,-0.0,-0.0,0.8,1.0,-0.0,0.0,-0.0,-0.0,0.0,0.0,0.0,0.4464279890200123,-0.0,-0.0,-0.0,0.02,0.0,0.0,0.0,0.0,0.0,0.0,0.3614012897014618,32.14281520944088,32.4,0.0,0.6,0.0,1.0,2.0,4.0,0.0,1.0,0.0,1.0,0.0,0.0,0.0,0.0,0.0,0.0,0.0,0.0,0.0,0.0,0.0,0.0,0.0,0.0,0.0,0.0,0.0,0.0,0.0,64.06169891357422,84.61730194091797,63.81850051879883,84.4093246459961,-0.24319839477539062,-0.207977294921875,0.320000022649765,-2.43410164770726,-0.7599930167198181,-0.6499311923980713,1.0,-15.995725631713867,16.153751373291016,0.0,28.0,28.0,28.0,0.0,0.0,0.0,0.0,0.0,1.0,120.0,1.0,1.0,1.0,0.0,0.0,82.56650005932897,0.8453000336885452,8.344899979420006,60.42630004230887,23.81209994200617,4.0,8.627900038845837,3.281799959950149,0.9990000398829579,0.000400003045797348
1,140,140,2.9597620692392392,0,0,2.0,4.0,1.0,1.0,1.0,0.39455854892730713,0.858059823513031,1.0,1.0,0.5618936419487,0.404705286026001,1.0,1.0,1.0,0.39455854892730713,1.0,0.39455854892730713,0.404705286026001,1.0,0.0,0.6643604040145874,0.5658837556838989,0.872696578502655,0.6484313011169434,0.45918306708335876,-0.5669440031051636,0.0,-0.0015961951576173306,0.9676734209060669,0.2522066533565521,0.0,0.0,0.0,0.0,0.0,0.0,104.10730743408203,9.863964080810547,25.0,9.863964080810547,25.0,10.117631912231445,0.0,1.0,0.3945585632324219,1.0,0.0,0.0,0.0,0.0,0.0,-0.18526816368103027,0.5719716028799428,0.7727956879138946,1.780262942126432,0.02,-0.0,-0.026298473647017803,-0.005242139464543952,0.0,0.15,-0.0,0.0,0.0,-0.0,0.0,0.0,0.0,0.0,0.35,0.0,0.0,0.0,0.0,0.0,0.0,0.0,0.0,0.25,-0.0,-4.93023681640625,0.0,-1.1852681636810303,-0.0,-0.6162796020507812,-0.6162796020507812,-0.05,0.5427956879138947,0.36186379194259644,0.2,0.0,-0.0,-0.0,-0.0,0.8,1.0,-0.0,0.0,-0.0,-0.0,0.0,0.0,0.0,0.45351221599150454,-0.0,-0.0,-0.01973705787356799,0.02,0.0,0.0,0.0,0.0,0.0,0.0,0.36186379194259644,32.652879551388324,32.4,1.0,0.0,0.0,1.0,2.0,4.0,0.0,1.0,0.0,1.0,0.0,0.0,0.0,0.0,0.0,0.0,0.0,0.0,0.0,0.0,0.0,0.0,0.0,0.0,0.0,0.0,0.0,0.0,0.0,63.81864929199219,84.40953063964844,63.575042724609375,84.20203399658203,-0.2436065673828125,-0.20749664306640625,0.31999847292900085,-2.4360722005644586,-0.7612730860710144,-0.6484313011169434,1.0,-15.904605865478516,16.503477096557617,0.0,28.0,28.0,28.0,0.0,0.0,0.0,0.0,0.0,1.0,120.0,1.0,1.0,1.0,0.0,0.0,42.77519998140633,0.7820000173524022,10.06470003630966,22.066200035624206,18.25940003618598,4.0,5.491900024935603,3.285899991169572,1.053699990734458,0.000500003807246685
1,141,141,3.2787508322850765,0,0,2.0,4.0,1.0,1.0,1.0,0.39455854892730713,0.858059823513031,1.0,1.0,0.5618936419487,0.404705286026001,1.0,1.0,1.0,0.39455854892730713,1.0,0.39455854892730713,0.404705286026001,1.0,0.0,0.6615684032440186,0.5612390041351318,0.8675609230995178,0.6469159722328186,0.4664697051048279,0.44276419281959534,0.0,-0.0015961951576173306,0.9677367806434631,0.25196343660354614,0.0,0.0,0.0,0.0,0.0,0.0,103.49417114257812,10.12508487701416,25.0,10.12508487701416,25.0,10.345146179199219,0.0,1.0,0.40500339508056643,1.0,0.0,0.0,0.0,0.0,0.0,-0.1727585792541504,0.8630947544232903,0.7684146571159363,1.8,0.02,-0.0,-0.024120263783846754,-0.004786138860579135,0.29990234375,0.15,-0.0,0.0,0.0,-0.0,0.0,0.0,0.0,0.0,0.35,0.0,0.0,0.0,0.0,0.0,0.0,0.0,0.0,0.25,-0.0,-4.90509033203125,0.0,-1.1727585792541504,-0.0,-0.6131362915039062,-0.6131362915039062,-0.05,0.5384146571159363,0.3589431047439575,0.2,0.0,-0.0,-0.0,-0.0,0.8,1.0,-0.0,0.0,-0.0,-0.0,0.0,0.0,0.0,0.44209881331771617,-0.0,-0.0,-0.0,0.02,0.0,0.0,0.0,0.0,0.0,0.0,0.3589431047439575,31.831114558875562,32.4,0.0,0.6,0.0,1.0,2.0,4.0,0.0,1.0,0.0,1.0,0.0,0.0,0.0,0.0,0.0,0.0,0.0,0.0,0.0,0.0,0.0,0.0,0.0,0.0,0.0,0.0,0.0,0.0,0.0,63.575191497802734,84.20223999023438,63.331172943115234,83.99522399902344,-0.2440185546875,-0.2070159912109375,0.3200010657310486,-2.438050465519412,-0.7625613212585449,-0.6469159722328186,1.0,-15.813014030456543,16.853557586669922,0.0,28.0,28.0,28.0,0.0,0.0,0.0,0.0,0.0,1.0,120.0,1.0,1.0,1.0,0.0,0.0,64.01239999104291,0.8149000350385904,9.473099955357611,45.5167000181973,21.297600003890693,4.0,4.677299992181361,2.7906999457627535,0.7044000085443258,0.000400003045797348
1,142,142,2.9818435060430644,0,0,2.0,4.0,1.0,1.0,1.0,0.4050033986568451,0.8780128359794617,1.0,1.0,0.5746907591819763,0.41380584239959717,1.0,1.0,1.0,0.4050033986568451,1.0,0.4050033986568451,0.41380584239959717,1.0,0.0,0.6587836146354675,0.5566206574440002,0.862451434135437,0.6453936696052551,0.45473021268844604,-0.7133376598358154,0.0,-0.0019128617132082582,0.9677101373672485,0.2520657181739807,0.0,0.0,0.0,0.0,0.0,0.0,102.88070678710938,10.12508487701416,25.0,10.12508487701416,25.0,10.345146179199219,0.0,1.0,0.40500339508056643,1.0,0.0,0.0,0.0,0.0,0.0,-0.17396199703216553,0.5731342013965322,0.7693338054418564,1.7933374962368414,0.02,-0.0,-0.024120263783846754,-0.004786138860579135,0.0,0.15,-0.0,0.0,0.0,-0.0,0.0,0.0,0.0,0.0,0.35,0.0,0.0,0.0,0.0,0.0,0.0,0.0,0.0,0.25,-0.0,-4.90771484375,0.0,-1.1739619970321655,-0.0,-0.61346435546875,-0.61346435546875,-0.05,0.5393338054418564,0.3595558702945709,0.2,0.0,-0.0,-0.0,-0.0,0.8,1.0,-0.0,0.0,-0.0,-0.0,0.0,0.0,0.0,0.452040604040958,-0.0,-0.0,-0.006662503763158623,0.02,0.0,0.0,0.0,0.0,0.0,0.0,0.3595558702945709,32.54692349094898,32.4,1.0,0.0,0.0,1.0,2.0,4.0,0.0,1.0,0.0,1.0,0.0,0.0,0.0,0.0,0.0,0.0,0.0,0.0,0.0,0.0,0.0,0.0,0.0,0.0,0.0,0.0,0.0,0.0,0.0,63.331321716308594,83.99542999267578,63.086891174316406,83.78890228271484,-0.2444305419921875,-0.2065277099609375,0.3199999928474426,-2.440046943582003,-0.7638500928878784,-0.6453936100006104,1.0,-15.722705841064453,17.20095443725586,0.0,28.0,28.0,28.0,0.0,0.0,0.0,0.0,0.0,1.0,120.0,1.0,1.0,1.0,0.0,0.0,36.79849999025464,0.8186999475583434,7.4896999867632985,19.949099980294704,15.205199946649373,4.0,5.096500040963292,2.5662999833002687,0.8434000192210078,0.000900006853044033
1,143,143,3.32117100792354,0,0,2.0,4.0,1.0,1.0,1.0,0.4050033986568451,0.8780128359794617,1.0,1.0,0.5746907591819763,0.41380584239959717,1.0,1.0,1.0,0.4050033986568451,1.0,0.4050033986568451,0.41380584239959717,1.0,0.0,0.6559909582138062,0.5520021319389343,0.8573392033576965,0.6438549757003784,0.46495604515075684,0.6213619112968445,0.0,-0.0019128617132082582,0.9677863121032715,0.25177305936813354,0.0,0.0,0.0,0.0,0.0,0.0,102.27027130126953,10.431320190429688,25.0,10.431320190429688,25.0,10.570738792419434,0.0,1.0,0.4172528076171875,1.0,0.0,0.0,0.0,0.0,0.0,-0.16190266609191895,0.8979784740728703,0.7650951999425888,1.8,0.02,-0.0,-0.021795930612332814,-0.004373164800736936,0.3352252960205078,0.15,-0.0,0.0,0.0,-0.0,0.0,0.0,0.0,0.0,0.35,0.0,0.0,0.0,0.0,0.0,0.0,0.0,0.0,0.25,-0.0,-4.88348388671875,0.0,-1.161902666091919,-0.0,-0.6104354858398438,-0.6104354858398438,-0.05,0.5350951999425888,0.3567301332950592,0.2,0.0,-0.0,-0.0,-0.0,0.8,1.0,-0.0,0.0,-0.0,-0.0,0.0,0.0,0.0,0.4389222734654323,-0.0,-0.0,-0.0,0.02,0.0,0.0,0.0,0.0,0.0,0.0,0.3567301332950592,31.60240368951112,32.4,0.0,0.6,0.0,1.0,2.0,4.0,0.0,1.0,0.0,1.0,0.0,0.0,0.0,0.0,0.0,0.0,0.0,0.0,0.0,0.0,0.0,0.0,0.0,0.0,0.0,0.0,0.0,0.0,0.0,63.087039947509766,83.78910827636719,62.842193603515625,83.58307647705078,-0.24484634399414062,-0.20603179931640625,0.319998174905777,-2.442069297143779,-0.7651475071907043,-0.6438549757003784,1.0,-15.631877899169922,17.54884910583496,0.0,28.0,28.0,28.0,0.0,0.0,0.0,0.0,0.0,1.0,120.0,1.0,1.0,1.0,0.0,0.0,62.57860001642257,0.5380000220611691,8.49280005786568,43.9671000931412,31.24869999010116,4.0,4.543800023384392,2.8305999003350735,2.1730000153183937,0.000500003807246685
1,144,144,2.7060505347856947,0,0,2.0,3.0,1.0,1.0,1.0,0.4172528088092804,0.923872709274292,1.0,1.0,0.5873136520385742,0.4228295385837555,1.0,1.0,1.0,0.4172528088092804,1.0,0.4172528088092804,0.4228295385837555,1.0,0.0,0.6532049179077148,0.5474095940589905,0.8522522449493408,0.642309308052063,0.45146292448043823,-0.8198956847190857,0.0,2.6388308469904587e-05,0.967765748500824,0.25185200572013855,0.0,0.0,0.0,0.0,0.0,0.0,101.66032409667969,10.718486785888672,25.0,10.718486785888672,25.0,10.795416831970215,0.0,1.0,0.42873947143554686,1.0,0.0,0.0,0.0,0.0,0.0,-0.15994524955749512,0.8905281113991211,0.7404676961898804,1.2149999767541886,0.02,-0.0,-0.01982167936934256,-0.003997286443832764,0.31960449218750003,0.15,-0.0,0.0,0.0,-0.0,0.0,0.0,0.0,0.0,0.35,0.0,0.0,0.0,0.0,0.0,0.0,0.0,0.0,0.25,-0.0,-4.87957763671875,0.0,-1.1599452495574951,-0.0,-0.6099472045898438,-0.6099472045898438,-0.05,0.5344676971435547,0.3563117980957031,0.2,0.0,-0.0,-0.0,-0.0,0.5599999904632569,0.699999988079071,-0.0,0.0,-0.0,-0.0,0.0,0.0,0.0,0.44474258502479647,-0.04500000178813934,-0.0,-0.0,0.02,0.0,0.0,0.0,0.0,0.0,0.0,0.3563117980957031,32.021466121785345,32.4,0.7326086850269979,0.0,0.0,0.699999988079071,2.0,3.0,0.0,0.699999988079071,0.0,0.699999988079071,0.0,0.0,0.0,0.0,0.0,0.0,0.0,0.0,0.0,0.0,0.0,0.0,0.0,0.0,0.0,0.0,0.0,0.0,0.0,62.842342376708984,83.58328247070312,62.59708023071289,83.37774658203125,-0.24526214599609375,-0.205535888671875,0.3199976980686188,-2.444091714456616,-0.766445517539978,-0.642309308052063,1.0,-15.542250633239746,17.894136428833008,0.0,28.0,28.0,28.0,0.0,0.0,0.0,0.0,0.0,1.0,120.0,1.0,1.0,1.0,0.0,0.0,88.81359989754856,0.5989999044686556,7.95790005940944,72.50100001692772,27.993900002911687,4.0,5.14430005569011,1.8714999314397573,0.6977000739425421,0.0004998873919248581
1,145,145,2.8903056713753226,0,0,2.0,4.0,1.0,1.0,1.0,0.428739458322525,0.9743541479110718,1.0,1.0,0.5999066829681396,0.4318166673183441,1.0,1.0,1.0,0.428739458322525,1.0,0.428739458322525,0.4318166673183441,1.0,0.0,0.6504125595092773,0.54282546043396,0.8471693396568298,0.6407519578933716,0.4574495255947113,0.3637694716453552,0.0,0.0025770198553800583,0.9678218960762024,0.251636266708374,0.0,0.0,0.0,0.0,0.0,0.0,101.04557800292969,10.718486785888672,25.0,10.718486785888672,25.0,10.795416831970215,0.0,1.0,0.42873947143554686,1.0,0.0,0.0,0.0,0.0,0.0,-0.17909765243530273,0.5824129936629604,0.7741300421953201,1.6928602879523444,0.02,-0.0,-0.01982167936934256,-0.003997286443832764,0.0,0.15,-0.0,0.0,0.0,-0.0,0.0,0.0,0.0,0.0,0.35,0.0,0.0,0.0,0.0,0.0,0.0,0.0,0.0,0.25,-0.0,-4.91796875,0.0,-1.1790976524353027,-0.0,-0.61474609375,-0.61474609375,-0.05,0.5441300421953201,0.36275336146354675,0.2,0.0,-0.0,-0.0,-0.0,0.8,1.0,-0.0,0.0,-0.0,-0.0,0.0,0.0,0.0,0.4562319594761357,-0.04500000178813934,-0.0,-0.06213971025951621,0.02,0.0,0.0,0.0,0.0,0.0,0.0,0.36275336146354675,32.84870108228177,32.4,1.0,0.0,0.0,1.0,2.0,4.0,0.0,1.0,0.0,1.0,0.0,0.0,0.0,0.0,0.0,0.0,0.0,0.0,0.0,0.0,0.0,0.0,0.0,0.0,0.0,0.0,0.0,0.0,0.0,62.59722900390625,83.3779525756836,62.3515510559082,83.17291259765625,-0.24567794799804688,-0.20503997802734375,0.31999850273132324,-2.4461141128294956,-0.7677479386329651,-0.6407519578933716,1.0,-15.452276229858398,18.238901138305664,0.0,28.0,28.0,28.0,0.0,0.0,0.0,0.0,0.0,1.0,120.0,1.0,1.0,1.0,0.0,0.0,31.467200024053454,0.5976000102236867,8.131399983540177,14.773400034755468,9.123399970121682,4.0,4.769599996507168,2.261799992993474,0.9000999853014946,0.000500003807246685
1,146,146,2.7917190143326076,0,0,2.0,3.0,1.0,1.0,1.0,0.428739458322525,0.9743541479110718,1.0,1.0,0.5999066829681396,0.4318166673183441,1.0,1.0,1.0,0.428739458322525,1.0,0.428739458322525,0.4318166673183441,1.0,0.0,0.6476033329963684,0.5381934642791748,0.8420464992523193,0.6391493082046509,0.4692671597003937,0.7180858850479126,0.0,0.0025770198553800583,0.967876672744751,0.2514253258705139,0.0,0.0,0.0,0.0,0.0,0.0,100.43380737304688,11.022891998291016,25.0,11.111543655395508,25.0,11.022891998291016,0.0,1.0,0.4409156799316406,1.0,0.0,0.0,0.0,0.0,0.0,-0.16715383529663086,0.9779792466619761,0.7458936262130738,1.2149999767541886,0.02,-0.0,-0.017408261817308566,-0.0036496295720687914,0.40543556213378906,0.15,-0.0,0.0,0.0,-0.0,0.0,0.0,0.0,0.0,0.35,0.0,0.0,0.0,0.0,0.0,0.0,0.0,0.0,0.25,-0.0,-4.8941650390625,0.0,-1.1671538352966309,-0.0,-0.6117706298828125,-0.6117706298828125,-0.05,0.539893627166748,0.35992908477783203,0.2,0.0,-0.0,-0.0,-0.0,0.5599999904632569,0.699999988079071,-0.0,0.0,-0.0,-0.0,0.0,0.0,0.0,0.4436015759175644,-0.04500000178813934,-0.0,-0.0,0.02,0.0,0.0,0.0,0.0,0.0,0.0,0.35992908477783203,31.939313466064633,32.4,0.0,0.6,0.0,0.699999988079071,2.0,3.0,0.0,0.699999988079071,0.0,0.699999988079071,0.0,0.0,0.0,0.0,0.0,0.0,0.0,0.0,0.0,0.0,0.0,0.0,0.0,0.0,0.0,0.0,0.0,0.0,0.0,62.35169982910156,83.1731185913086,62.105594635009766,82.96858978271484,-0.24610519409179688,-0.20452880859375,0.31999969482421875,-2.4481960118607975,-0.7690826654434204,-0.6391493082046509,1.0,-15.360698699951172,18.58990478515625,0.0,28.0,28.0,28.0,0.0,0.0,0.0,0.0,0.0,1.0,120.0,1.0,1.0,1.0,0.0,0.0,53.61940001603216,0.5013999762013555,7.6256999745965,37.613000022247434,16.189899994060397,4.0,4.572500009089708,2.5382000021636486,0.7182999979704618,0.000500003807246685
1,147,147,2.9552255273807737,0,0,2.0,4.0,1.0,1.0,1.0,0.44446173310279846,1.0,1.0,1.0,0.6125879883766174,0.44091567397117615,1.0,1.0,1.0,0.44091567397117615,1.0,0.44446173310279846,0.44091567397117615,1.0,0.0,0.6447999477386475,0.5335875749588013,0.8369483947753906,0.6375393867492676,0.45627591013908386,-0.7893989682197571,0.0,-0.001249275985173881,0.9678547978401184,0.2515096962451935,0.0,0.0,0.0,0.0,0.0,0.0,99.82188415527344,11.022891998291016,25.0,11.111543655395508,25.0,11.022891998291016,0.0,1.0,0.4409156799316406,1.0,0.0,0.0,0.0,0.0,0.0,-0.16782879829406738,0.5802831967081652,0.7706487584114075,1.7521223705552682,0.02,-0.0,-0.017408261817308566,-0.0036496295720687914,0.0,0.15,-0.0,0.0,0.0,-0.0,0.0,0.0,0.0,0.0,0.35,0.0,0.0,0.0,0.0,0.0,0.0,0.0,0.0,0.25,-0.0,-4.8953857421875,0.0,-1.1678287982940674,-0.0,-0.6119232177734375,-0.6119232177734375,-0.05,0.5406487584114075,0.360432505607605,0.2,0.0,-0.0,-0.0,-0.0,0.8,1.0,-0.0,0.0,-0.0,-0.0,0.0,0.0,0.0,0.4513410880975426,-0.04500000178813934,-0.0,-0.00287762765659244,0.02,0.0,0.0,0.0,0.0,0.0,0.0,0.360432505607605,32.49655834302306,32.4,1.0,0.0,0.0,1.0,2.0,4.0,0.0,1.0,0.0,1.0,0.0,0.0,0.0,0.0,0.0,0.0,0.0,0.0,0.0,0.0,0.0,0.0,0.0,0.0,0.0,0.0,0.0,0.0,0.0,62.105743408203125,82.96879577636719,61.85921096801758,82.76478576660156,-0.24653244018554688,-0.204010009765625,0.3199974000453949,-2.450296255535129,-0.7704178094863892,-0.6375393867492676,1.0,-15.27025032043457,18.938283920288086,0.0,28.0,28.0,28.0,0.0,0.0,0.0,0.0,0.0,1.0,120.0,1.0,1.0,1.0,0.0,0.0,30.16110009048134,0.507200020365417,8.974800002761185,13.57890001963824,10.716100106947124,4.0,3.7985999369993806,2.591900061815977,0.6736000068485737,0.000400003045797348
1,148,148,3.363025903220508,0,0,2.0,4.0,1.0,1.0,1.0,0.44446173310279846,1.0,1.0,1.0,0.6125879883766174,0.44091567397117615,1.0,1.0,1.0,0.44091567397117615,1.0,0.44446173310279846,0.44091567397117615,1.0,0.0,0.6419891119003296,0.5289827585220337,0.8318490386009216,0.6359119415283203,0.4642365574836731,0.48371949791908264,0.0,-0.001249275985173881,0.9679104089736938,0.2512955367565155,0.0,0.0,0.0,0.0,0.0,0.0,99.21307373046875,11.248730659484863,25.0,11.44912052154541,25.0,11.248730659484863,0.0,1.0,0.44994922637939455,1.0,0.0,0.0,0.0,0.0,0.0,-0.15530014038085938,0.9320415521815754,0.7662844914197922,1.8,0.02,-0.0,-0.015573485024155958,-0.0033343915230503495,0.3603969573974609,0.15,-0.0,0.0,0.0,-0.0,0.0,0.0,0.0,0.0,0.35,0.0,0.0,0.0,0.0,0.0,0.0,0.0,0.0,0.25,-0.0,-4.8704833984375,0.0,-1.1553001403808594,-0.0,-0.6088104248046875,-0.6088104248046875,-0.05,0.5362844914197922,0.35752299427986145,0.2,0.0,-0.0,-0.0,-0.0,0.8,1.0,-0.0,0.0,-0.0,-0.0,0.0,0.0,0.0,0.44055247133132075,-0.0,-0.0,-0.0,0.02,0.0,0.0,0.0,0.0,0.0,0.0,0.35752299427986145,31.719777935855095,32.4,0.0,0.6,0.0,1.0,2.0,4.0,0.0,1.0,0.0,1.0,0.0,0.0,0.0,0.0,0.0,0.0,0.0,0.0,0.0,0.0,0.0,0.0,0.0,0.0,0.0,0.0,0.0,0.0,0.0,61.85935974121094,82.7649917602539,61.612396240234375,82.5615005493164,-0.2469635009765625,-0.2034912109375,0.31999945640563965,-2.452404115641003,-0.7717615962028503,-0.6359119415283203,1.0,-15.17933464050293,19.28706169128418,0.0,28.0,28.0,28.0,0.0,0.0,0.0,0.0,0.0,1.0,120.0,1.0,1.0,1.0,0.0,0.0,49.33760000858456,0.5739000625908375,6.187999970279634,36.30509995855391,15.791099984198809,4.0,3.744899993762374,1.791000016964972,0.6989999674260616,0.000500003807246685
1,149,149,3.011736149003949,0,0,2.0,4.0,1.0,1.0,1.0,0.45796480774879456,1.0,1.0,1.0,0.6252323985099792,0.4499492347240448,1.0,1.0,1.0,0.4499492347240448,1.0,0.45796480774879456,0.4499492347240448,1.0,0.0,0.6391853094100952,0.5244045257568359,0.8267756104469299,0.6342766880989075,0.45313969254493713,-0.6742885708808899,0.0,-0.0019355317344889045,0.9678832292556763,0.2514001131057739,0.0,0.0,0.0,0.0,0.0,0.0,98.60405731201172,11.248730659484863,25.0,11.44912052154541,25.0,11.248730659484863,0.0,1.0,0.44994922637939455,1.0,0.0,0.0,0.0,0.0,0.0,-0.1561722755432129,0.5808314744739196,0.7670769500732422,1.8,0.02,-0.0,-0.015573485024155958,-0.0033343915230503495,0.0,0.15,-0.0,0.0,0.0,-0.0,0.0,0.0,0.0,0.0,0.35,0.0,0.0,0.0,0.0,0.0,0.0,0.0,0.0,0.25,-0.0,-4.87213134765625,0.0,-1.156172275543213,-0.0,-0.6090164184570312,-0.6090164184570312,-0.05,0.5370769500732422,0.3580513000488281,0.2,0.0,-0.0,-0.0,-0.0,0.8,1.0,-0.0,0.0,-0.0,-0.0,0.0,0.0,0.0,0.4497393510211259,-0.0,-0.0,-0.0,0.02,0.0,0.0,0.0,0.0,0.0,0.0,0.3580513000488281,32.38123327352106,32.4,1.0,0.0,0.0,1.0,2.0,4.0,0.0,1.0,0.0,1.0,0.0,0.0,0.0,0.0,0.0,0.0,0.0,0.0,0.0,0.0,0.0,0.0,0.0,0.0,0.0,0.0,0.0,0.0,0.0,61.612545013427734,82.56170654296875,61.365150451660156,82.3587417602539,-0.24739456176757812,-0.20296478271484375,0.3199980854988098,-2.454530354401444,-0.7731061577796936,-0.6342767477035522,1.0,-15.089696884155273,19.63316535949707,0.0,28.0,28.0,28.0,0.0,0.0,0.0,0.0,0.0,1.0,120.0,1.0,1.0,1.0,0.0,0.0,34.2042000265792,0.6844000890851021,8.761300006881356,15.743300085887313,11.605100007727742,4.0,4.665100015699863,3.248299937695265,1.0701999999582767,0.000500003807246685
1,150,150,2.754987879420539,0,0,2.0,3.0,1.0,1.0,1.0,0.45796480774879456,1.0,1.0,1.0,0.6252323985099792,0.4499492347240448,1.0,1.0,1.0,0.4499492347240448,1.0,0.45796480774879456,0.4499492347240448,1.0,0.0,0.6363735795021057,0.5198272466659546,0.8217004537582397,0.6326237916946411,0.4625890552997589,0.574180006980896,0.0,-0.0019355317344889045,0.9679560661315918,0.2511197030544281,0.0,0.0,0.0,0.0,0.0,0.0,97.99085235595703,11.499689102172852,25.0,11.803932189941406,25.0,11.499689102172852,0.0,1.0,0.45998756408691405,1.0,0.0,0.0,0.0,0.0,0.0,-0.17286992073059082,0.9717482703838728,0.7518972146511078,1.1842123151161492,0.02,-0.0,-0.0138551189515344,-0.003015925757976101,0.38423271179199225,0.15,-0.0,0.0,0.0,-0.0,0.0,0.0,0.0,0.0,0.35,0.0,0.0,0.0,0.0,0.0,0.0,0.0,0.0,0.25,-0.0,-4.9056396484375,0.0,-1.1728699207305908,-0.0,-0.6132049560546875,-0.6132049560546875,-0.05,0.5458972156047821,0.36393147706985474,0.2,0.0,-0.0,-0.0,-0.0,0.5599999904632569,0.699999988079071,-0.0,0.0,-0.0,-0.0,0.0,0.0,0.0,0.454386603301391,-0.04500000178813934,-0.0,-0.0307876616380394,0.02,0.0,0.0,0.0,0.0,0.0,0.0,0.36393147706985474,32.71583543770016,32.4,0.7326086850269979,0.0,0.0,0.699999988079071,2.0,3.0,0.0,0.699999988079071,0.0,0.699999988079071,0.0,0.0,0.0,0.0,0.0,0.0,0.0,0.0,0.0,0.0,0.0,0.0,0.0,0.0,0.0,0.0,0.0,0.0,0.0,61.36530303955078,82.35894775390625,61.11747741699219,82.15650939941406,-0.24782562255859375,-0.2024383544921875,0.319998174905777,-2.4566565827468114,-0.7744593024253845,-0.6326237916946411,1.0,-14.999528884887695,19.979677200317383,0.0,28.0,28.0,28.0,0.0,0.0,0.0,0.0,0.0,1.0,120.0,1.0,1.0,1.0,0.0,0.0,75.95410000067204,0.4333000397309661,8.54890001937747,60.023500001989305,26.085900026373565,4.0,3.7435999838635325,2.3873000172898173,0.7702999282628298,0.000400003045797348
1,151,151,2.8676120828236367,0,0,2.0,3.0,1.0,1.0,1.0,0.4721572995185852,1.0,1.0,1.0,0.637944757938385,0.4599875509738922,1.0,1.0,1.0,0.4599875509738922,1.0,0.4721572995185852,0.4599875509738922,1.0,0.0,0.6335472464561462,0.5152065753936768,0.816590428352356,0.6309241056442261,0.46736907958984375,0.2904532551765442,0.0,0.0026613017544150352,0.968000054359436,0.2509498596191406,0.0,0.0,0.0,0.0,0.0,0.0,97.3811264038086,11.794317245483398,25.0,12.182783126831055,25.0,11.794317245483398,0.0,1.0,0.47177268981933596,1.0,0.0,0.0,0.0,0.0,0.0,-0.15895342826843262,1.000115526780012,0.7464500057697296,1.259999978542328,0.02,-0.0,-0.012231375759959497,-0.0026806400120080176,0.4209320068359375,0.15,-0.0,0.0,0.0,-0.0,0.0,0.0,0.0,0.0,0.35,0.0,0.0,0.0,0.0,0.0,0.0,0.0,0.0,0.25,-0.0,-4.8778076171875,0.0,-1.1589534282684326,-0.0,-0.6097259521484375,-0.6097259521484375,-0.05,0.5404500067234039,0.3603000044822693,0.2,0.0,-0.0,-0.0,-0.0,0.5599999904632569,0.699999988079071,-0.0,0.0,-0.0,-0.0,0.0,0.0,0.0,0.44409553571604193,-0.0,-0.0,-0.0,0.02,0.0,0.0,0.0,0.0,0.0,0.0,0.3603000044822693,31.97487857155502,32.4,0.0,0.6,0.0,0.699999988079071,2.0,3.0,0.0,0.699999988079071,0.0,0.699999988079071,0.0,0.0,0.0,0.0,0.0,0.0,0.0,0.0,0.0,0.0,0.0,0.0,0.0,0.0,0.0,0.0,0.0,0.0,0.0,61.11763000488281,82.1567153930664,60.86935806274414,81.95481872558594,-0.24827194213867188,-0.20189666748046875,0.3200019299983978,-2.458849919744408,-0.7758445739746094,-0.6309241056442261,1.0,-14.908044815063477,20.33192253112793,0.0,28.0,28.0,28.0,0.0,0.0,0.0,0.0,0.0,1.0,120.0,1.0,1.0,1.0,0.0,0.0,56.49989994708449,1.8409999320283532,10.744999977760017,33.831499982625246,18.133800011128187,4.0,5.776099977083504,3.4916000440716743,0.7737999549135566,0.000500003807246685
1,152,152,2.9528049621932415,0,0,2.0,4.0,1.0,1.0,1.0,0.48731133341789246,1.0,1.0,1.0,0.6506593227386475,0.471772700548172,1.0,1.0,1.0,0.471772700548172,1.0,0.48731133341789246,0.471772700548172,1.0,0.0,0.6307259798049927,0.5106194615364075,0.811509370803833,0.6292218565940857,0.4567839801311493,-0.6431916952133179,0.0,-7.969736179802567e-05,0.9679949879646301,0.25096943974494934,0.0,0.0,0.0,0.0,0.0,0.0,96.77111053466797,11.794317245483398,25.0,12.182783126831055,25.0,11.794317245483398,0.0,1.0,0.47177268981933596,1.0,0.0,0.0,0.0,0.0,0.0,-0.1601412296295166,0.5888269713385877,0.7714872616529465,1.7326319588312238,0.02,-0.0,-0.012231375759959497,-0.0026806400120080176,0.0,0.15,-0.0,0.0,0.0,-0.0,0.0,0.0,0.0,0.0,0.35,0.0,0.0,0.0,0.0,0.0,0.0,0.0,0.0,0.25,-0.0,-4.880126953125,0.0,-1.1601412296295166,-0.0,-0.610015869140625,-0.610015869140625,-0.05,0.5414872616529465,0.360991507768631,0.2,0.0,-0.0,-0.0,-0.0,0.8,1.0,-0.0,0.0,-0.0,-0.0,0.0,0.0,0.0,0.45373898711055527,-0.04500000178813934,-0.0,-0.02236803938063698,0.02,0.0,0.0,0.0,0.0,0.0,0.0,0.360991507768631,32.669207071959974,32.4,1.0,0.0,0.0,1.0,2.0,4.0,0.0,1.0,0.0,1.0,0.0,0.0,0.0,0.0,0.0,0.0,0.0,0.0,0.0,0.0,0.0,0.0,0.0,0.0,0.0,0.0,0.0,0.0,0.0,60.869510650634766,81.95502471923828,60.62080001831055,81.75367736816406,-0.24871063232421875,-0.20134735107421875,0.3199964463710785,-2.4610467386231445,-0.7772257328033447,-0.6292219161987305,1.0,-14.817611694335938,20.680688858032227,0.0,28.0,28.0,28.0,0.0,0.0,0.0,0.0,0.0,1.0,120.0,1.0,1.0,1.0,0.0,0.0,29.145399923436344,0.5841999081894755,9.035299997776747,12.275799992494285,9.028599946759641,4.0,4.882699926383793,1.7811000579968095,0.5556999240070581,0.000400003045797348
1,153,153,3.6176815041261956,0,0,2.0,4.0,1.0,1.0,1.0,0.48731133341789246,1.0,1.0,1.0,0.6506593227386475,0.471772700548172,1.0,1.0,1.0,0.471772700548172,1.0,0.48731133341789246,0.471772700548172,1.0,0.0,0.6278966665267944,0.5060321092605591,0.806425929069519,0.6274998188018799,0.46670296788215637,0.6027157306671143,0.0,-7.969736179802567e-05,0.9680514931678772,0.25075143575668335,0.0,0.0,0.0,0.0,0.0,0.0,96.16410827636719,12.131172180175781,25.0,12.764317512512207,25.0,12.131172180175781,0.0,1.0,0.48524688720703124,1.0,0.0,0.0,0.0,0.0,0.0,-0.14805948734283447,1.1784772255379006,0.7672637659311294,1.8,0.02,-0.0,-0.0101056826207758,-0.002342722237555776,0.5999694824218751,0.15,-0.0,0.0,0.0,-0.0,0.0,0.0,0.0,0.0,0.35,0.0,0.0,0.0,0.0,0.0,0.0,0.0,0.0,0.25,-0.0,-4.85601806640625,0.0,-1.1480594873428345,-0.0,-0.6070022583007812,-0.6070022583007812,-0.05,0.5372637659311295,0.3581758439540863,0.2,0.0,-0.0,-0.0,-0.0,0.8,1.0,-0.0,0.0,-0.0,-0.0,0.0,0.0,0.0,0.44095614797435706,-0.0,-0.0,-0.0,0.02,0.0,0.0,0.0,0.0,0.0,0.0,0.3581758439540863,31.748842654153705,32.4,0.0,0.6,0.0,1.0,2.0,4.0,0.0,1.0,0.0,1.0,0.0,0.0,0.0,0.0,0.0,0.0,0.0,0.0,0.0,0.0,0.0,0.0,0.0,0.0,0.0,0.0,0.0,0.0,0.0,60.62095260620117,81.7538833618164,60.371795654296875,81.55308532714844,-0.24915695190429688,-0.20079803466796875,0.31999850273132324,-2.4632585430967264,-0.778616726398468,-0.6274997591972351,1.0,-14.726653099060059,21.030033111572266,0.0,28.0,28.0,28.0,0.0,0.0,0.0,0.0,0.0,1.0,120.0,1.0,1.0,1.0,0.0,0.0,52.49670008197427,0.6076000863686204,8.067999966442585,35.8669999986887,16.94969995878637,4.0,4.458000068552792,2.8210999444127083,0.633200048469007,0.000400003045797348
1,154,154,3.025755379681033,0,0,2.0,4.0,1.0,1.0,1.0,0.5105726718902588,1.0,1.0,1.0,0.6633597612380981,0.4852468967437744,1.0,1.0,1.0,0.4852468967437744,1.0,0.5105726718902588,0.4852468967437744,1.0,0.0,0.6250734329223633,0.5014709830284119,0.8013675808906555,0.6257690191268921,0.4535548985004425,-0.7989274263381958,0.0,-0.0009346251608803868,0.9680370688438416,0.25080710649490356,0.0,0.0,0.0,0.0,0.0,0.0,95.55679321289062,12.131172180175781,25.0,12.764317512512207,25.0,12.131172180175781,0.0,1.0,0.48524688720703124,1.0,0.0,0.0,0.0,0.0,0.0,-0.1492607593536377,0.5866026442093072,0.7684134948253631,1.8,0.02,-0.0,-0.0101056826207758,-0.002342722237555776,0.0,0.15,-0.0,0.0,0.0,-0.0,0.0,0.0,0.0,0.0,0.35,0.0,0.0,0.0,0.0,0.0,0.0,0.0,0.0,0.25,-0.0,-4.8585205078125,0.0,-1.1492607593536377,-0.0,-0.6073150634765625,-0.6073150634765625,-0.05,0.5384134948253632,0.35894232988357544,0.2,0.0,-0.0,-0.0,-0.0,0.8,1.0,-0.0,0.0,-0.0,-0.0,0.0,0.0,0.0,0.4490510490676388,-0.0,-0.0,-0.0,0.02,0.0,0.0,0.0,0.0,0.0,0.0,0.35894232988357544,32.331675532869994,32.4,1.0,0.0,0.0,1.0,2.0,4.0,0.0,1.0,0.0,1.0,0.0,0.0,0.0,0.0,0.0,0.0,0.0,0.0,0.0,0.0,0.0,0.0,0.0,0.0,0.0,0.0,0.0,0.0,0.0,60.3719482421875,81.55329132080078,60.122344970703125,81.35304260253906,-0.249603271484375,-0.20024871826171875,0.32000210881233215,-2.465470311861523,-0.7800083756446838,-0.6257690191268921,1.0,-14.636863708496094,21.376771926879883,0.0,28.0,28.0,28.0,0.0,0.0,0.0,0.0,0.0,1.0,120.0,1.0,1.0,1.0,0.0,0.0,46.20629991404712,0.5993000231683254,7.3781999526545405,17.757199937477708,12.201600009575486,4.0,5.131899961270392,14.475700096227229,0.8256000000983477,0.000500003807246685
1,155,155,3.3439134178816508,0,0,2.0,4.0,1.0,1.0,1.0,0.5105726718902588,1.0,1.0,1.0,0.6633597612380981,0.4852468967437744,1.0,1.0,1.0,0.4852468967437744,1.0,0.5105726718902588,0.4852468967437744,1.0,0.0,0.6222425699234009,0.49690887331962585,0.7963066101074219,0.6240170001983643,0.4618810713291168,0.5059313178062439,0.0,-0.0009346251608803868,0.9680924415588379,0.2505933940410614,0.0,0.0,0.0,0.0,0.0,0.0,94.94438934326172,12.361465454101562,25.0,13.250054359436035,25.0,12.361465454101562,0.0,1.0,0.4944586181640625,1.0,0.0,0.0,0.0,0.0,0.0,-0.16961658000946045,1.0801303750007687,0.7792225736379623,1.6341770492523802,0.02,-0.0,-0.008620194811084487,-0.002136558363383127,0.48070678710937503,0.15,-0.0,0.0,0.0,-0.0,0.0,0.0,0.0,0.0,0.35,0.0,0.0,0.0,0.0,0.0,0.0,0.0,0.0,0.25,-0.0,-4.89923095703125,0.0,-1.1696165800094604,-0.0,-0.6124038696289062,-0.6124038696289062,-0.05,0.5492225736379623,0.3661483824253082,0.2,0.0,-0.0,-0.0,-0.0,0.8,1.0,-0.0,0.0,-0.0,-0.0,0.0,0.0,0.0,0.46018034106586136,-0.0,-0.0,-0.16582295074761985,0.02,0.0,0.0,0.0,0.0,0.0,0.0,0.3661483824253082,33.13298455674202,32.4,1.0,0.0,0.0,1.0,2.0,4.0,0.0,1.0,0.0,1.0,0.0,0.0,0.0,0.0,0.0,0.0,0.0,0.0,0.0,0.0,0.0,0.0,0.0,0.0,0.0,0.0,0.0,0.0,0.0,60.12249755859375,81.3532485961914,59.8724479675293,81.153564453125,-0.2500495910644531,-0.19968414306640625,0.31999772787094116,-2.4677192991931967,-0.7814107537269592,-0.624017059803009,1.0,-14.546609878540039,21.72418212890625,0.0,28.0,28.0,28.0,0.0,0.0,0.0,0.0,0.0,1.0,120.0,1.0,1.0,1.0,0.0,0.0,92.19140000641346,0.6533999694511294,20.984400063753128,59.531800099648535,19.857199979014695,4.0,7.5882000382989645,2.738200011663139,0.6530999671667814,0.000400003045797348
1,156,156,3.024027801874214,0,0,2.0,4.0,1.0,1.0,1.0,0.5300021767616272,1.0,1.0,1.0,0.6760319471359253,0.4944586157798767,1.0,1.0,1.0,0.4944586157798767,1.0,0.5300021767616272,0.4944586157798767,1.0,0.0,0.6193951964378357,0.4922927916049957,0.7912032604217529,0.622207760810852,0.4733283519744873,0.6955807209014893,0.0,0.0022045401856303215,0.9681389331817627,0.2504136264324188,0.0,0.0,0.0,0.0,0.0,0.0,94.3349380493164,12.361465454101562,25.0,13.250054359436035,25.0,12.361465454101562,0.0,1.0,0.4944586181640625,1.0,0.0,0.0,0.0,0.0,0.0,-0.15775740146636963,0.5868194742231904,0.7749657291173935,1.8,0.02,-0.0,-0.008620194811084487,-0.002136558363383127,0.0,0.15,-0.0,0.0,0.0,-0.0,0.0,0.0,0.0,0.0,0.35,0.0,0.0,0.0,0.0,0.0,0.0,0.0,0.0,0.25,-0.0,-4.8756103515625,0.0,-1.1577574014663696,-0.0,-0.6094512939453125,-0.6094512939453125,-0.05,0.5449657291173935,0.36331048607826233,0.2,0.0,-0.0,-0.0,-0.0,0.8,1.0,-0.0,0.0,-0.0,-0.0,0.0,0.0,0.0,0.447576227397658,-0.0,-0.0,-0.0,0.02,0.0,0.0,0.0,0.0,0.0,0.0,0.36331048607826233,32.225488372631375,32.4,0.0,0.6,0.0,1.0,2.0,4.0,0.0,1.0,0.0,1.0,0.0,0.0,0.0,0.0,0.0,0.0,0.0,0.0,0.0,0.0,0.0,0.0,0.0,0.0,0.0,0.0,0.0,0.0,0.0,59.87260055541992,81.15377044677734,59.62208938598633,80.95466613769531,-0.25051116943359375,-0.19910430908203125,0.3199974596500397,-2.4700352952196463,-0.7828521728515625,-0.622207760810852,1.0,-14.454818725585938,22.078638076782227,0.0,28.0,28.0,28.0,0.0,0.0,0.0,0.0,0.0,1.0,120.0,1.0,1.0,1.0,0.0,0.0,32.433300046250224,0.6121000042185187,8.023899979889393,16.646199976094067,12.45900010690093,4.0,3.7481000181287527,2.421500044874847,0.9524000342935324,0.000400003045797348
1,157,157,4.317483283486464,0,0,2.0,4.0,1.0,1.0,1.0,0.5300021767616272,1.0,1.0,1.0,0.6760319471359253,0.4944586157798767,1.0,1.0,1.0,0.4944586157798767,1.0,0.5300021767616272,0.4944586157798767,1.0,0.0,0.6165523529052734,0.48770371079444885,0.7861244678497314,0.6203899383544922,0.46036413311958313,-0.7877570986747742,0.0,0.0022045401856303215,0.9681212902069092,0.25048184394836426,0.0,0.0,0.0,0.0,0.0,0.0,93.72528076171875,12.755457878112793,25.0,14.710978507995605,25.0,12.755457878112793,0.0,1.0,0.5102183151245118,1.0,0.0,0.0,0.0,0.0,0.0,-0.15858685970306396,1.924399236783454,0.7757677096128464,1.7559031967932281,0.02,-0.0,-0.00536182609070611,-0.00182503528922853,1.3263362884521483,0.15,-0.0,0.0,0.0,-0.0,0.0,0.0,0.0,0.0,0.35,0.0,0.0,0.0,0.0,0.0,0.0,0.0,0.0,0.25,-0.0,-4.87725830078125,0.0,-1.158586859703064,-0.0,-0.6096572875976562,-0.6096572875976562,-0.05,0.5457677096128464,0.3638451397418976,0.2,0.0,-0.0,-0.0,-0.0,0.8,1.0,-0.0,0.0,-0.0,-0.0,0.0,0.0,0.0,0.4552498097112403,-0.0,-0.0,-0.044096803206771895,0.02,0.0,0.0,0.0,0.0,0.0,0.0,0.3638451397418976,32.777986299209296,32.4,1.0,0.0,0.0,1.0,2.0,4.0,0.0,1.0,0.0,1.0,0.0,0.0,0.0,0.0,0.0,0.0,0.0,0.0,0.0,0.0,0.0,0.0,0.0,0.0,0.0,0.0,0.0,0.0,0.0,59.62224197387695,80.95487213134766,59.37126922607422,80.75634765625,-0.2509727478027344,-0.19852447509765625,0.3199988901615143,-2.4723513454039185,-0.784293532371521,-0.6203899383544922,1.0,-14.364044189453125,22.4304256439209,0.0,28.0,28.0,28.0,0.0,0.0,0.0,0.0,0.0,1.0,120.0,1.0,1.0,1.0,0.0,0.0,57.26709996815771,0.740199931897223,7.0940000005066395,42.39349998533726,32.75590005796403,4.0,3.6991999950259924,2.522299997508526,0.7885999511927366,0.000400003045797348
1,158,158,4.373902935000442,0,0,2.0,4.0,1.0,1.0,1.0,0.5884391665458679,1.0,1.0,1.0,0.6888405084609985,0.5102183222770691,1.0,1.0,1.0,0.5102183222770691,1.0,0.5884391665458679,0.5102183222770691,1.0,0.0,0.6137006878852844,0.4831162095069885,0.7810440063476562,0.6185517907142639,0.46825695037841797,0.47959887981414795,0.0,0.0030245447997003794,0.9681854844093323,0.25023356080055237,0.0,0.0,0.0,0.0,0.0,0.0,93.11864471435547,13.201702117919922,25.0,16.161800384521484,25.0,13.201702117919922,0.0,1.0,0.5280680847167969,1.0,0.0,0.0,0.0,0.0,0.0,-0.14656352996826172,1.9290466161689985,0.7714198487997055,1.8,0.02,-0.0,-0.0033703800736585863,-0.001526689441696058,1.3391551971435547,0.15,-0.0,0.0,0.0,-0.0,0.0,0.0,0.0,0.0,0.35,0.0,0.0,0.0,0.0,0.0,0.0,0.0,0.0,0.25,-0.0,-4.85308837890625,0.0,-1.1465635299682617,-0.0,-0.6066360473632812,-0.6066360473632812,-0.05,0.5414198487997055,0.36094656586647034,0.2,0.0,-0.0,-0.0,-0.0,0.8,1.0,-0.0,0.0,-0.0,-0.0,0.0,0.0,0.0,0.44478848854079844,-0.0,-0.0,-0.0,0.02,0.0,0.0,0.0,0.0,0.0,0.0,0.36094656586647034,32.02477117493749,32.4,0.0,0.6,0.0,1.0,2.0,4.0,0.0,1.0,0.0,1.0,0.0,0.0,0.0,0.0,0.0,0.0,0.0,0.0,0.0,0.0,0.0,0.0,0.0,0.0,0.0,0.0,0.0,0.0,0.0,59.371421813964844,80.75655364990234,59.1199836730957,80.5586166381836,-0.2514381408691406,-0.19793701171875,0.3200003206729889,-2.474693406530825,-0.7857440710067749,-0.6185518503189087,1.0,-14.272661209106445,22.782608032226562,0.0,28.0,28.0,28.0,0.0,0.0,0.0,0.0,0.0,1.0,120.0,1.0,1.0,1.0,0.0,0.0,49.37290004454553,0.5091000348329544,5.815700045786798,36.08229989185929,20.43849998153746,4.0,3.4545999951660633,2.8276999946683645,0.6387999746948481,0.000400003045797348
1,159,159,2.4314564241830126,0,0,2.0,3.0,1.0,1.0,1.0,0.6464720368385315,1.0,1.0,1.0,0.7015900611877441,0.5280680656433105,1.0,1.0,1.0,0.5280680656433105,1.0,0.6464720368385315,0.5280680656433105,1.0,0.0,0.6108537316322327,0.4785563349723816,0.7759886980056763,0.6167052984237671,0.4574967324733734,-0.6538325548171997,0.0,-0.0004639601393137127,0.9681743383407593,0.250276654958725,0.0,0.0,0.0,0.0,0.0,0.0,92.51263427734375,13.201702117919922,25.0,16.161800384521484,25.0,13.201702117919922,0.0,1.0,0.5280680847167969,1.0,0.0,0.0,0.0,0.0,0.0,-0.14397168159484863,0.596467155382343,0.7469387489557267,1.212022201439792,0.02,-0.0,-0.0033703800736585863,-0.001526689441696058,0.0,0.15,-0.0,0.0,0.0,-0.0,0.0,0.0,0.0,0.0,0.35,0.0,0.0,0.0,0.0,0.0,0.0,0.0,0.0,0.25,-0.0,-4.84808349609375,0.0,-1.1439716815948486,-0.0,-0.6060104370117188,-0.6060104370117188,-0.05,0.5409387499094009,0.36062583327293396,0.2,0.0,-0.0,-0.0,-0.0,0.5599999904632569,0.699999988079071,-0.0,0.0,-0.0,-0.0,0.0,0.0,0.0,0.4513642248976976,-0.04500000178813934,-0.0,-0.002977775314396781,0.02,0.0,0.0,0.0,0.0,0.0,0.0,0.36062583327293396,32.498224192634225,32.4,0.7326086850269979,0.0,0.0,0.699999988079071,2.0,3.0,0.0,0.699999988079071,0.0,0.699999988079071,0.0,0.0,0.0,0.0,0.0,0.0,0.0,0.0,0.0,0.0,0.0,0.0,0.0,0.0,0.0,0.0,0.0,0.0,0.0,59.120140075683594,80.55882263183594,58.86823654174805,80.36148071289062,-0.2519035339355469,-0.1973419189453125,0.31999877095222473,-2.477054239907516,-0.7871940732002258,-0.6167052984237671,1.0,-14.182300567626953,23.132061004638672,0.0,28.0,28.0,28.0,0.0,0.0,0.0,0.0,0.0,1.0,120.0,1.0,1.0,1.0,0.0,0.0,30.860200058668852,0.7811000104993582,6.972100003622472,14.55959992017597,10.021899943239987,4.0,3.7728999741375446,4.057900048792362,0.6913000252097845,0.000400003045797348
1,160,160,4.24699858502046,0,0,2.0,4.0,1.0,1.0,1.0,0.6464720368385315,1.0,1.0,1.0,0.7015900611877441,0.5280680656433105,1.0,1.0,1.0,0.5280680656433105,1.0,0.6464720368385315,0.5280680656433105,1.0,0.0,0.6080017685890198,0.47400444746017456,0.7709386348724365,0.6148406863212585,0.4642603397369385,0.41098353266716003,0.0,-0.0004639601393137127,0.9682134389877319,0.2501254081726074,0.0,0.0,0.0,0.0,0.0,0.0,91.9101333618164,13.438910484313965,25.0,17.6053524017334,25.0,13.438910484313965,0.0,1.0,0.5375564193725586,1.0,0.0,0.0,0.0,0.0,0.0,-0.129957914352417,1.8362591005911015,0.7656974005699158,1.7549999982118607,0.02,-0.0,-0.002147333575378198,-0.0013884920205437781,1.2497249603271483,0.15,-0.0,0.0,0.0,-0.0,0.0,0.0,0.0,0.0,0.35,0.0,0.0,0.0,0.0,0.0,0.0,0.0,0.0,0.25,-0.0,-4.82000732421875,0.0,-1.129957914352417,-0.0,-0.6025009155273438,-0.6025009155273438,-0.05,0.5356974005699158,0.35713160037994385,0.2,0.0,-0.0,-0.0,-0.0,0.8,1.0,-0.0,0.0,-0.0,-0.0,0.0,0.0,0.0,0.4400699658598751,-0.04500000178813934,-0.0,-0.0,0.02,0.0,0.0,0.0,0.0,0.0,0.0,0.35713160037994385,31.685037541911008,32.4,0.0,0.6,0.0,1.0,2.0,4.0,0.0,1.0,0.0,1.0,0.0,0.0,0.0,0.0,0.0,0.0,0.0,0.0,0.0,0.0,0.0,0.0,0.0,0.0,0.0,0.0,0.0,0.0,0.0,58.86839294433594,80.36168670654297,58.616024017333984,80.1649398803711,-0.2523689270019531,-0.196746826171875,0.3199990391731262,-2.4794150846828122,-0.7886513471603394,-0.6148407459259033,1.0,-14.091819763183594,23.481151580810547,0.0,28.0,28.0,28.0,0.0,0.0,0.0,0.0,0.0,1.0,120.0,1.0,1.0,1.0,0.0,0.0,63.76809999346733,0.41640002746134996,6.750599946826696,47.423999989405274,21.955000003799796,4.0,5.022099940106273,3.267899970524013,0.8415000047534704,0.000500003807246685
1,161,161,4.600342079438538,0,0,2.0,4.0,1.0,1.0,1.0,0.7042140960693359,1.0,1.0,1.0,0.714140772819519,0.5375564098358154,1.0,1.0,1.0,0.5375564098358154,1.0,0.7042140960693359,0.5375564098358154,1.0,0.0,0.6051561236381531,0.4694848954677582,0.7659177780151367,0.6129703521728516,0.45264339447021484,-0.7058911919593811,0.0,-0.0012170467525720596,0.9681967496871948,0.2501901388168335,0.0,0.0,0.0,0.0,0.0,0.0,91.30730438232422,13.438910484313965,25.0,17.6053524017334,25.0,13.438910484313965,0.0,1.0,0.5375564193725586,1.0,0.0,0.0,0.0,0.0,0.0,-0.13122808933258057,0.5945555800574729,2.3170145887136457,1.8,0.02,-0.0,-0.002147333575378198,-0.0013884920205437781,0.0,0.15,-0.0,0.0,0.0,-0.0,0.0,0.0,0.0,0.0,0.35,0.0,0.0,0.0,0.0,0.0,0.0,0.0,0.0,0.25,-0.0,-4.8226318359375,0.0,-1.1312280893325806,-0.0,-0.6028289794921875,-0.6028289794921875,1.5,0.5370145887136459,0.3580097258090973,0.2,0.0,-0.0,-0.0,-0.0,0.8,1.0,-0.0,0.0,-0.0,-0.0,0.0,0.0,0.0,0.4480914056533949,-0.0,-0.0,-0.0,0.02,0.0,0.0,0.0,0.0,0.0,0.0,0.3580097258090973,32.26258120704443,32.4,1.0,0.0,0.0,1.0,2.0,4.0,0.0,1.0,0.0,1.0,0.0,0.0,0.0,0.0,0.0,0.0,0.0,0.0,0.0,0.0,0.0,0.0,0.0,0.0,0.0,0.0,0.0,0.0,0.0,58.616180419921875,80.1651382446289,58.363346099853516,79.96898651123047,-0.2528343200683594,-0.1961517333984375,0.3200010657310486,-2.4817758866139656,-0.7901058793067932,-0.6129703521728516,1.0,-14.002557754516602,23.826948165893555,0.0,28.0,28.0,28.0,0.0,0.0,0.0,0.0,0.0,1.0,120.0,1.0,1.0,1.0,0.0,0.0,63.46259999554604,0.6994999712333083,9.694300009869039,46.48100002668798,27.511199936270714,4.0,4.004299989901483,1.8751999596133828,0.6760000251233578,0.000400003045797348
1,162,162,4.278989173548519,0,0,2.0,4.0,1.0,1.0,1.0,0.7042140960693359,1.0,1.0,1.0,0.714140772819519,0.5375564098358154,1.0,1.0,1.0,0.5375564098358154,1.0,0.7042140960693359,0.5375564098358154,1.0,0.0,0.6023028492927551,0.46496376395225525,0.7608941793441772,0.6110754013061523,0.46089401841163635,0.5013399720191956,0.0,-0.0012170467525720596,0.9682493209838867,0.24998651444911957,0.0,0.0,0.0,0.0,0.0,0.0,90.69941711425781,13.949660301208496,25.0,19.0350341796875,25.0,13.949660301208496,0.0,1.0,0.5579864120483399,1.0,0.0,0.0,0.0,0.0,0.0,-0.15143096446990967,1.9542374094703618,0.777874316573143,1.6783084119749239,0.02,-0.0,-0.0013970965528842887,-0.0011319234503999168,1.3480453491210938,0.15,-0.0,0.0,0.0,-0.0,0.0,0.0,0.0,0.0,0.35,0.0,0.0,0.0,0.0,0.0,0.0,0.0,0.0,0.25,-0.0,-4.86309814453125,0.0,-1.1514309644699097,-0.0,-0.6078872680664062,-0.6078872680664062,-0.05,0.547874316573143,0.36524954438209534,0.2,0.0,-0.0,-0.0,-0.0,0.8,1.0,-0.0,0.0,-0.0,-0.0,0.0,0.0,0.0,0.45872108035255227,-0.0,-0.0,-0.1216915880250762,0.02,0.0,0.0,0.0,0.0,0.0,0.0,0.36524954438209534,33.027917785383764,32.4,1.0,0.0,0.0,1.0,2.0,4.0,0.0,1.0,0.0,1.0,0.0,0.0,0.0,0.0,0.0,0.0,0.0,0.0,0.0,0.0,0.0,0.0,0.0,0.0,0.0,0.0,0.0,0.0,0.0,58.363502502441406,79.96918487548828,58.110198974609375,79.77364349365234,-0.25330352783203125,-0.1955413818359375,0.3199986219406128,-2.4841816959354914,-0.7915724515914917,-0.6110754609107971,1.0,-13.912841796875,24.173534393310547,0.0,28.0,28.0,28.0,0.0,0.0,0.0,0.0,0.0,1.0,120.0,1.0,1.0,1.0,0.0,0.0,50.07060000207275,0.5524000152945518,7.124199997633696,35.808000015094876,17.11130002513528,4.0,3.109100041911006,2.759600058197975,0.6873999955132604,0.000500003807246685
1,163,163,3.047715443110784,0,0,2.0,4.0,1.0,1.0,1.0,0.761401355266571,1.0,1.0,1.0,0.7269057631492615,0.5579864382743835,1.0,1.0,1.0,0.5579864382743835,1.0,0.761401355266571,0.5579864382743835,1.0,0.0,0.5994320511817932,0.4603888690471649,0.7558284997940063,0.6091181635856628,0.4718273878097534,0.664354681968689,0.0,0.0022729083430022,0.9682966470718384,0.24980303645133972,0.0,0.0,0.0,0.0,0.0,0.0,90.09445190429688,13.949660301208496,25.0,19.0350341796875,25.0,13.949660301208496,0.0,1.0,0.5579864120483399,1.0,0.0,0.0,0.0,0.0,0.0,-0.13975584506988525,0.5938286033633549,0.7736426848173141,1.8,0.02,-0.0,-0.0013970965528842887,-0.0011319234503999168,0.0,0.15,-0.0,0.0,0.0,-0.0,0.0,0.0,0.0,0.0,0.35,0.0,0.0,0.0,0.0,0.0,0.0,0.0,0.0,0.25,-0.0,-4.8397216796875,0.0,-1.1397558450698853,-0.0,-0.6049652099609375,-0.6049652099609375,-0.05,0.5436426848173141,0.3624284565448761,0.2,0.0,-0.0,-0.0,-0.0,0.8,1.0,-0.0,0.0,-0.0,-0.0,0.0,0.0,0.0,0.44635762336663903,-0.0,-0.0,-0.0,0.02,0.0,0.0,0.0,0.0,0.0,0.0,0.3624284565448761,32.13774888239801,32.4,0.0,0.6,0.0,1.0,2.0,4.0,0.0,1.0,0.0,1.0,0.0,0.0,0.0,0.0,0.0,0.0,0.0,0.0,0.0,0.0,0.0,0.0,0.0,0.0,0.0,0.0,0.0,0.0,0.0,58.110355377197266,79.77384185791016,57.856571197509766,79.57892608642578,-0.2537841796875,-0.194915771484375,0.31999775767326355,-2.4866470960867417,-0.7930794954299927,-0.6091182231903076,1.0,-13.821491241455078,24.527175903320312,0.0,28.0,28.0,28.0,0.0,0.0,0.0,0.0,0.0,1.0,120.0,1.0,1.0,1.0,0.0,0.0,28.585800086148083,0.6560999900102615,6.490600062534213,15.70929994340986,12.510899920016527,4.0,3.17649997305125,1.870499923825264,0.6531000835821033,0.000400003045797348
1,164,164,4.284665345328435,0,0,2.0,4.0,1.0,1.0,1.0,0.761401355266571,1.0,1.0,1.0,0.7269057631492615,0.5579864382743835,1.0,1.0,1.0,0.5579864382743835,1.0,0.761401355266571,0.5579864382743835,1.0,0.0,0.5965650081634521,0.4558415114879608,0.750787079334259,0.6071515083312988,0.45911070704460144,-0.7727160453796387,0.0,0.0022729083430022,0.9682844877243042,0.2498503029346466,0.0,0.0,0.0,0.0,0.0,0.0,89.48916625976562,14.196274757385254,25.0,20.48880386352539,25.0,14.196274757385254,0.0,1.0,0.5678509902954102,1.0,0.0,0.0,0.0,0.0,0.0,-0.14098882675170898,1.8642812759812781,0.7747960793972015,1.766576816701664,0.02,-0.0,-0.0009251610418538522,-0.0010255946305035432,1.2616615295410158,0.15,-0.0,0.0,0.0,-0.0,0.0,0.0,0.0,0.0,0.35,0.0,0.0,0.0,0.0,0.0,0.0,0.0,0.0,0.25,-0.0,-4.84228515625,0.0,-1.140988826751709,-0.0,-0.60528564453125,-0.60528564453125,-0.05,0.5447960793972015,0.363197386264801,0.2,0.0,-0.0,-0.0,-0.0,0.8,1.0,-0.0,0.0,-0.0,-0.0,0.0,0.0,0.0,0.4545705021126196,-0.0,-0.0,-0.03342318329833605,0.02,0.0,0.0,0.0,0.0,0.0,0.0,0.363197386264801,32.72907615210861,32.4,1.0,0.0,0.0,1.0,2.0,4.0,0.0,1.0,0.0,1.0,0.0,0.0,0.0,0.0,0.0,0.0,0.0,0.0,0.0,0.0,0.0,0.0,0.0,0.0,0.0,0.0,0.0,0.0,0.0,57.856727600097656,79.5791244506836,57.60245895385742,79.38483428955078,-0.2542686462402344,-0.1942901611328125,0.32000190019607544,-2.4891197690771443,-0.7945861220359802,-0.6071515083312988,1.0,-13.73106861114502,24.878143310546875,0.0,28.0,28.0,28.0,0.0,0.0,0.0,0.0,0.0,1.0,120.0,1.0,1.0,1.0,0.0,0.0,56.17640004493296,0.5584000609815121,8.92509997356683,39.63689994998276,25.193700101226568,4.0,4.0713000344112515,2.3804999655112624,0.5691000260412693,0.000400003045797348
1,165,165,4.238623274582152,0,0,2.0,4.0,1.0,1.0,1.0,0.8195521831512451,1.0,1.0,1.0,0.7395889163017273,0.5678510069847107,1.0,1.0,1.0,0.5678510069847107,1.0,0.8195521831512451,0.5678510069847107,1.0,0.0,0.5936887860298157,0.45129403471946716,0.7457430362701416,0.6051602363586426,0.46755823493003845,0.5133049488067627,0.0,0.0025777341797947884,0.9683393239974976,0.24963772296905518,0.0,0.0,0.0,0.0,0.0,0.0,88.88687896728516,14.261982917785645,25.0,21.93548011779785,25.0,14.261982917785645,0.0,1.0,0.5704793167114258,1.0,0.0,0.0,0.0,0.0,0.0,-0.1289888620376587,1.777086178677802,0.770525957942009,1.8,0.02,-0.0,-0.0006355761381255374,-0.0009989898181195385,1.183624267578125,0.15,-0.0,0.0,0.0,-0.0,0.0,0.0,0.0,0.0,0.35,0.0,0.0,0.0,0.0,0.0,0.0,0.0,0.0,0.25,-0.0,-4.81829833984375,0.0,-1.1289888620376587,-0.0,-0.6022872924804688,-0.6022872924804688,-0.05,0.540525957942009,0.360350638628006,0.2,0.0,-0.0,-0.0,-0.0,0.8,1.0,-0.0,0.0,-0.0,-0.0,0.0,0.0,0.0,0.4450964770559222,-0.0,-0.0,-0.0,0.02,0.0,0.0,0.0,0.0,0.0,0.0,0.360350638628006,32.046946348026395,32.4,0.0,0.6,0.0,1.0,2.0,4.0,0.0,1.0,0.0,1.0,0.0,0.0,0.0,0.0,0.0,0.0,0.0,0.0,0.0,0.0,0.0,0.0,0.0,0.0,0.0,0.0,0.0,0.0,0.0,57.60261535644531,79.3850326538086,57.347862243652344,79.1913833618164,-0.25475311279296875,-0.1936492919921875,0.31999874114990234,-2.491630344656602,-0.7961036562919617,-0.6051602363586426,1.0,-13.640037536621094,25.229747772216797,0.0,28.0,28.0,28.0,0.0,0.0,0.0,0.0,0.0,1.0,120.0,1.0,1.0,1.0,0.0,0.0,45.84959999192506,0.5030999891459942,7.63030000962317,31.010199920274317,16.963400063104928,4.0,2.9352999990805984,3.1482999911531806,0.5760999629274011,0.000400003045797348
1,166,166,3.051553886333376,0,0,2.0,4.0,1.0,1.0,1.0,0.8774192333221436,1.0,1.0,1.0,0.7523420453071594,0.5704793334007263,1.0,1.0,1.0,0.5704793334007263,1.0,0.8774192333221436,0.5704793334007263,1.0,0.0,0.5908171534538269,0.4467741847038269,0.7407239675521851,0.6031587719917297,0.4578135311603546,-0.5921265482902527,0.0,-0.0005640469607897103,0.9683251976966858,0.24969249963760376,0.0,0.0,0.0,0.0,0.0,0.0,88.28451538085938,14.261982917785645,25.0,21.93548011779785,25.0,14.261982917785645,0.0,1.0,0.5704793167114258,1.0,0.0,0.0,0.0,0.0,0.0,-0.12930774688720703,0.6010753568901617,0.7715361672639847,1.7882501090664369,0.02,-0.0,-0.0006355761381255374,-0.0009989898181195385,0.0,0.15,-0.0,0.0,0.0,-0.0,0.0,0.0,0.0,0.0,0.35,0.0,0.0,0.0,0.0,0.0,0.0,0.0,0.0,0.25,-0.0,-4.81890869140625,0.0,-1.129307746887207,-0.0,-0.6023635864257812,-0.6023635864257812,-0.05,0.5415361672639847,0.3610241115093231,0.2,0.0,-0.0,-0.0,-0.0,0.8,1.0,-0.0,0.0,-0.0,-0.0,0.0,0.0,0.0,0.4527099228464067,-0.0,-0.0,-0.01174989093356317,0.02,0.0,0.0,0.0,0.0,0.0,0.0,0.3610241115093231,32.59511444494128,32.4,1.0,0.0,0.0,1.0,2.0,4.0,0.0,1.0,0.0,1.0,0.0,0.0,0.0,0.0,0.0,0.0,0.0,0.0,0.0,0.0,0.0,0.0,0.0,0.0,0.0,0.0,0.0,0.0,0.0,57.348018646240234,79.19158172607422,57.09278106689453,78.99857330322266,-0.2552375793457031,-0.1930084228515625,0.3199976086616516,-2.4941408911043,-0.7976211905479431,-0.6031588315963745,1.0,-13.550036430358887,25.578678131103516,0.0,28.0,28.0,28.0,0.0,0.0,0.0,0.0,0.0,1.0,120.0,1.0,1.0,1.0,0.0,0.0,25.932200020179152,0.4403000930324197,7.937500020489097,10.967700043693185,8.034399943426251,4.0,3.801100072450936,2.113599912263453,0.6429000059142709,0.000400003045797348
1,167,167,4.677829283551635,0,0,2.0,4.0,1.0,1.0,1.0,0.8774192333221436,1.0,1.0,1.0,0.7523420453071594,0.5704793334007263,1.0,1.0,1.0,0.5704793334007263,1.0,0.8774192333221436,0.5704793334007263,1.0,0.0,0.5879384279251099,0.4422546625137329,0.7357043027877808,0.601131021976471,0.4656444787979126,0.47584035992622375,0.0,-0.0005640469607897103,0.9683685898780823,0.24952416121959686,0.0,0.0,0.0,0.0,0.0,0.0,87.6851806640625,15.41887378692627,25.0,23.378955841064453,25.0,15.41887378692627,0.0,1.0,0.6167549514770507,1.0,0.0,0.0,0.0,0.0,0.0,-0.11718535423278809,2.207715153769912,0.7672994840145111,1.8,0.02,-0.0,-0.00045709211505143776,-0.0006289100482157958,1.6175369262695312,0.15,-0.0,0.0,0.0,-0.0,0.0,0.0,0.0,0.0,0.35,0.0,0.0,0.0,0.0,0.0,0.0,0.0,0.0,0.25,-0.0,-4.794677734375,0.0,-1.117185354232788,-0.0,-0.599334716796875,-0.599334716796875,-0.05,0.5372994840145111,0.3581996560096741,0.2,0.0,-0.0,-0.0,-0.0,0.8,1.0,-0.0,0.0,-0.0,-0.0,0.0,0.0,0.0,0.44126422966364776,-0.0,-0.0,-0.0,0.02,0.0,0.0,0.0,0.0,0.0,0.0,0.3581996560096741,31.771024535782637,32.4,0.0,0.6,0.0,1.0,2.0,4.0,0.0,1.0,0.0,1.0,0.0,0.0,0.0,0.0,0.0,0.0,0.0,0.0,0.0,0.0,0.0,0.0,0.0,0.0,0.0,0.0,0.0,0.0,0.0,57.09293746948242,78.99877166748047,56.83720779418945,78.80641174316406,-0.25572967529296875,-0.19235992431640625,0.3199999928474426,-2.496684874766107,-0.7991504669189453,-0.601131021976471,1.0,-13.459675788879395,25.928211212158203,0.0,28.0,28.0,28.0,0.0,0.0,0.0,0.0,0.0,1.0,120.0,1.0,1.0,1.0,0.0,0.0,78.71259993407875,0.5939999828115106,8.011199999600649,37.6767999259755,16.71819994226098,4.0,27.63319993391633,3.4804000752046704,1.2713999021798372,0.000500003807246685
1,168,168,3.0693285317019,0,0,2.0,4.0,1.0,1.0,1.0,0.9351582527160645,1.0,1.0,1.0,0.7648975253105164,0.616754949092865,1.0,1.0,1.0,0.616754949092865,1.0,0.9351582527160645,0.616754949092865,1.0,0.0,0.5850648283958435,0.4377625286579132,0.7307098507881165,0.5990921258926392,0.45387178659439087,-0.7153558135032654,0.0,-0.001502608647570014,0.96834397315979,0.24961960315704346,0.0,0.0,0.0,0.0,0.0,0.0,87.08557891845703,15.41887378692627,25.0,23.378955841064453,25.0,15.41887378692627,0.0,1.0,0.6167549514770507,1.0,0.0,0.0,0.0,0.0,0.0,-0.11824250221252441,0.5989508583269506,0.7686223495006561,1.7999978260868175,0.02,-0.0,-0.00045709211505143776,-0.0006289100482157958,0.0,0.15,-0.0,0.0,0.0,-0.0,0.0,0.0,0.0,0.0,0.35,0.0,0.0,0.0,0.0,0.0,0.0,0.0,0.0,0.25,-0.0,-4.79681396484375,0.0,-1.1182425022125244,-0.0,-0.5996017456054688,-0.5996017456054688,-0.05,0.5386223495006561,0.35908156633377075,0.2,0.0,-0.0,-0.0,-0.0,0.8,1.0,-0.0,0.0,-0.0,-0.0,0.0,0.0,0.0,0.45003686049021785,-0.0,-0.0,-2.173913182555026e-06,0.02,0.0,0.0,0.0,0.0,0.0,0.0,0.35908156633377075,32.40265395529568,32.4,1.0,0.0,0.0,1.0,2.0,4.0,0.0,1.0,0.0,1.0,0.0,0.0,0.0,0.0,0.0,0.0,0.0,0.0,0.0,0.0,0.0,0.0,0.0,0.0,0.0,0.0,0.0,0.0,0.0,56.83736801147461,78.80661010742188,56.58115005493164,78.61489868164062,-0.25621795654296875,-0.19171142578125,0.32000142335891724,-2.4992216491213055,-0.8006801009178162,-0.5990921258926392,1.0,-13.37041187286377,26.275110244750977,0.0,28.0,28.0,28.0,0.0,0.0,0.0,0.0,0.0,1.0,120.0,1.0,1.0,1.0,0.0,0.0,35.20469996146858,0.7296999683603644,9.518800070509315,17.902699997648597,12.689800001680851,4.0,4.207200021483004,2.2923999931663275,0.5186999915167689,0.000300002284348011
1,169,169,4.056221029153334,0,0,2.0,4.0,1.0,1.0,1.0,0.9351582527160645,1.0,1.0,1.0,0.7648975253105164,0.616754949092865,1.0,1.0,1.0,0.616754949092865,1.0,0.9351582527160645,0.616754949092865,1.0,0.0,0.582183301448822,0.43326911330223083,0.7257131338119507,0.5970253348350525,0.46289506554603577,0.54828941822052,0.0,-0.001502608647570014,0.9683902859687805,0.24943989515304565,0.0,0.0,0.0,0.0,0.0,0.0,86.4888916015625,15.27197265625,25.0,24.810684204101562,25.0,15.27197265625,0.0,1.0,0.61087890625,1.0,0.0,0.0,0.0,0.0,0.0,-0.10657083988189697,1.5783167511134022,0.7644751179218292,1.8,0.02,-0.0,-0.00034747745862718355,-0.0006669724169339004,1.1365686225891114,0.15,-0.14690113067626953,0.0,0.0,-0.0,0.0,0.0,0.0,0.0,0.35,0.0,0.0,0.0,0.0,0.0,0.0,0.0,0.0,0.25,-0.0,-4.77349853515625,0.0,-1.106570839881897,-0.0,-0.5966873168945312,-0.5966873168945312,-0.05,0.5344751179218292,0.3563167452812195,0.2,0.0,-0.0,-0.0,-0.0,0.8,1.0,-0.0,0.0,-0.0,-0.0,0.0,0.0,0.0,0.4396637090761215,-0.0,-0.0,-0.0,0.02,0.0,0.0,0.0,0.0,0.0,0.0,0.3563167452812195,31.655787053480747,32.4,0.0,0.6,0.0,1.0,2.0,4.0,0.0,1.0,0.0,1.0,0.0,0.0,0.0,0.0,0.0,0.0,0.0,0.0,0.0,0.0,0.0,0.0,0.0,0.0,0.0,0.0,0.0,0.0,0.0,56.5813102722168,78.61509704589844,56.32460021972656,78.4240493774414,-0.2567100524902344,-0.19104766845703125,0.3199988305568695,-2.5018037184573902,-0.8022223711013794,-0.5970252752304077,1.0,-13.280685424804688,26.622800827026367,0.0,28.0,28.0,28.0,0.0,0.0,0.0,0.0,0.0,1.0,120.0,1.0,1.0,1.0,0.0,0.0,67.3859000671655,1.0373999830335379,7.496000034734607,50.7831999566406,25.465099955908954,4.0,4.6304999850690365,2.631800016388297,0.7681000279262662,0.000400003045797348
1,170,170,3.0741959381012793,0,0,2.0,4.0,1.0,1.0,1.0,0.9924273490905762,1.0,1.0,1.0,0.7774893045425415,0.6108788847923279,1.0,1.0,1.0,0.6108788847923279,1.0,0.9924273490905762,0.6108788847923279,1.0,0.0,0.5793057680130005,0.4288029968738556,0.7207407355308533,0.5949476361274719,0.45222553610801697,-0.6483219861984253,0.0,-0.001183960004709661,0.9683761596679688,0.2494947463274002,0.0,0.0,0.0,0.0,0.0,0.0,85.89196014404297,15.27197265625,25.0,24.810684204101562,25.0,15.27197265625,0.0,1.0,0.61087890625,1.0,0.0,0.0,0.0,0.0,0.0,-0.10753726959228516,0.5961180168299549,0.7656151908636093,1.8,0.02,-0.0,-0.00034747745862718355,-0.0006669724169339004,0.0,0.15,-0.0,0.0,0.0,-0.0,0.0,0.0,0.0,0.0,0.35,0.0,0.0,0.0,0.0,0.0,0.0,0.0,0.0,0.25,-0.0,-4.77545166015625,0.0,-1.1075372695922852,-0.0,-0.5969314575195312,-0.5969314575195312,-0.05,0.5356151908636093,0.3570767939090729,0.2,0.0,-0.0,-0.0,-0.0,0.8,1.0,-0.0,0.0,-0.0,-0.0,0.0,0.0,0.0,0.447132466705516,-0.0,-0.0,-0.0,0.02,0.0,0.0,0.0,0.0,0.0,0.0,0.3570767939090729,32.19353760279715,32.4,1.0,0.0,0.0,1.0,2.0,4.0,0.0,1.0,0.0,1.0,0.0,0.0,0.0,0.0,0.0,0.0,0.0,0.0,0.0,0.0,0.0,0.0,0.0,0.0,0.0,0.0,0.0,0.0,0.0,56.32476043701172,78.42424774169922,56.06755447387695,78.2338638305664,-0.2572059631347656,-0.1903839111328125,0.320001482963562,-2.504392965743133,-0.8037644028663635,-0.5949476361274719,1.0,-13.191935539245605,26.96788787841797,0.0,28.0,28.0,28.0,0.0,0.0,0.0,0.0,0.0,1.0,120.0,1.0,1.0,1.0,0.0,0.0,29.904199996963143,0.7029999978840351,7.361799944192171,15.350100002251565,11.960499919950962,4.0,3.331800107844174,2.3719999007880688,0.7557000499218702,0.000500003807246685
1,171,171,3.658042408070678,0,0,2.0,4.0,1.0,1.0,1.0,0.9924273490905762,1.0,1.0,1.0,0.7774893045425415,0.6108788847923279,1.0,1.0,1.0,0.6108788847923279,1.0,0.9924273490905762,0.6108788847923279,1.0,0.0,0.5764195322990417,0.4243370592594147,0.7157663106918335,0.5928430557250977,0.4599076807498932,0.4667973518371582,0.0,-0.001183960004709661,0.9684267044067383,0.24929852783679962,0.0,0.0,0.0,0.0,0.0,0.0,85.29007720947266,16.4892635345459,25.0,25.0,25.0,16.4892635345459,0.0,1.0,0.6595705413818359,1.0,0.0,0.0,0.0,0.0,0.0,-0.12723779678344727,1.2434645459164664,0.7764209169149399,1.745394742022719,0.02,-0.0,-0.00033651726698731967,-0.00040986684547665494,0.6383689880371094,0.15,-0.0,0.0,0.0,-0.0,0.0,0.0,0.0,0.0,0.35,0.0,0.0,0.0,0.0,0.0,0.0,0.0,0.0,0.25,-0.0,-4.8150634765625,0.0,-1.1272377967834473,-0.0,-0.6018829345703125,-0.6018829345703125,-0.05,0.5464209169149399,0.3642806112766266,0.2,0.0,-0.0,-0.0,-0.0,0.8,1.0,-0.0,0.0,-0.0,-0.0,0.0,0.0,0.0,0.45584194199182093,-0.0,-0.0,-0.054605257977281135,0.02,0.0,0.0,0.0,0.0,0.0,0.0,0.3642806112766266,32.82061982341111,32.4,1.0,0.0,0.0,1.0,2.0,4.0,0.0,1.0,0.0,1.0,0.0,0.0,0.0,0.0,0.0,0.0,0.0,0.0,0.0,0.0,0.0,0.0,0.0,0.0,0.0,0.0,0.0,0.0,0.0,56.06771469116211,78.23406219482422,55.81001281738281,78.04434967041016,-0.2577018737792969,-0.1897125244140625,0.3200017213821411,-2.507001329684902,-0.8053179979324341,-0.5928429961204529,1.0,-13.10262680053711,27.313615798950195,0.0,28.0,28.0,28.0,0.0,0.0,0.0,0.0,0.0,1.0,120.0,1.0,1.0,1.0,0.0,0.0,101.26669995952398,0.636699958704412,7.350700092501938,83.76330009195954,33.849300001747906,4.0,5.548799992538989,3.289800020866096,0.6271000020205975,0.000500003807246685
1,172,172,3.146270541302465,0,0,2.0,4.0,1.0,1.0,1.0,1.0,1.0,1.0,1.0,0.78997802734375,0.6595705151557922,1.0,1.0,1.0,0.6595705151557922,1.0,1.0,0.6595705151557922,1.0,0.0,0.5735145807266235,0.4198184311389923,0.7107506394386292,0.5906690955162048,0.4688659906387329,0.5443422198295593,0.0,0.001868875348009169,0.9684581756591797,0.24917614459991455,0.0,0.0,0.0,0.0,0.0,0.0,84.69123840332031,16.67319107055664,25.0,25.0,25.0,16.67319107055664,0.0,1.0,0.6669276428222656,1.0,0.0,0.0,0.0,0.0,0.0,-0.11509895324707031,0.6692714044969309,0.7720980900526047,1.8,0.02,-0.0,-0.00033651726698731967,-0.0003807950581994841,0.07357101440429688,0.15,-0.0,0.0,0.0,-0.0,0.0,0.0,0.0,0.0,0.35,0.0,0.0,0.0,0.0,0.0,0.0,0.0,0.0,0.25,-0.0,-4.79071044921875,0.0,-1.1150989532470703,-0.0,-0.5988388061523438,-0.5988388061523438,-0.05,0.5420980900526047,0.36139872670173645,0.2,0.0,-0.0,-0.0,-0.0,0.8,1.0,-0.0,0.0,-0.0,-0.0,0.0,0.0,0.0,0.44641770241782086,-0.0,-0.0,-0.0,0.02,0.0,0.0,0.0,0.0,0.0,0.0,0.36139872670173645,32.1420745740831,32.4,0.0,0.6,0.0,1.0,2.0,4.0,0.0,1.0,0.0,1.0,0.0,0.0,0.0,0.0,0.0,0.0,0.0,0.0,0.0,0.0,0.0,0.0,0.0,0.0,0.0,0.0,0.0,0.0,0.0,55.81017303466797,78.04454803466797,55.55195999145508,77.85553741455078,-0.2582130432128906,-0.1890106201171875,0.3199984133243561,-2.509714771649566,-0.8069138526916504,-0.5906690955162048,1.0,-13.011576652526855,27.66633415222168,0.0,28.0,28.0,28.0,0.0,0.0,0.0,0.0,0.0,1.0,120.0,1.0,1.0,1.0,0.0,0.0,77.21200003288686,0.7766999769955873,8.343400084413588,59.7515000263229,25.90730006340891,4.0,5.18119998741895,2.139599993824959,0.9739999659359455,0.000500003807246685
1,173,173,3.0561977373451974,0,0,2.0,4.0,1.0,1.0,1.0,1.0,1.0,1.0,1.0,0.8026924729347229,0.6669276356697083,1.0,1.0,1.0,0.6669276356697083,1.0,1.0,0.6669276356697083,1.0,0.0,0.5706137418746948,0.41532835364341736,0.7057603001594543,0.5884835124015808,0.45917248725891113,-0.5890149474143982,0.0,-0.000826569739729166,0.9684388041496277,0.24925152957439423,0.0,0.0,0.0,0.0,0.0,0.0,84.09233093261719,16.67319107055664,25.0,25.0,25.0,16.67319107055664,0.0,1.0,0.6669276428222656,1.0,0.0,0.0,0.0,0.0,0.0,-0.1153411865234375,0.6032233106490004,0.7731612282991409,1.7751543849204936,0.02,-0.0,-0.00033651726698731967,-0.0003807950581994841,0.0,0.15,-0.0,0.0,0.0,-0.0,0.0,0.0,0.0,0.0,0.35,0.0,0.0,0.0,0.0,0.0,0.0,0.0,0.0,0.25,-0.0,-4.791259765625,0.0,-1.1153411865234375,-0.0,-0.598907470703125,-0.598907470703125,-0.05,0.5431612282991409,0.3621074855327606,0.2,0.0,-0.0,-0.0,-0.0,0.8,1.0,-0.0,0.0,-0.0,-0.0,0.0,0.0,0.0,0.45394062297418714,-0.0,-0.0,-0.024845615079506347,0.02,0.0,0.0,0.0,0.0,0.0,0.0,0.3621074855327606,32.683724854141474,32.4,1.0,0.0,0.0,1.0,2.0,4.0,0.0,1.0,0.0,1.0,0.0,0.0,0.0,0.0,0.0,0.0,0.0,0.0,0.0,0.0,0.0,0.0,0.0,0.0,0.0,0.0,0.0,0.0,0.0,55.552120208740234,77.8557357788086,55.29339599609375,77.66741943359375,-0.2587242126464844,-0.18831634521484375,0.3200019896030426,-2.512408974472044,-0.8085092306137085,-0.5884835720062256,1.0,-12.921527862548828,28.016334533691406,0.0,28.0,28.0,28.0,0.0,0.0,0.0,0.0,0.0,1.0,120.0,1.0,1.0,1.0,0.0,0.0,30.68249998614192,0.6525999633595347,9.033300098963082,13.625800027512014,10.026599979028106,4.0,4.0741999400779605,2.629399998113513,0.6407999899238348,0.000500003807246685
1,174,174,3.333121678430068,0,0,2.0,4.0,1.0,1.0,1.0,1.0,1.0,1.0,1.0,0.8026924729347229,0.6669276356697083,1.0,1.0,1.0,0.6669276356697083,1.0,1.0,0.6669276356697083,1.0,0.0,0.5677052736282349,0.4108387529850006,0.7007694244384766,0.5862681269645691,0.46691036224365234,0.47018253803253174,0.0,-0.000826569739729166,0.9684785008430481,0.24909721314907074,0.0,0.0,0.0,0.0,0.0,0.0,83.49651336669922,17.311269760131836,25.0,25.0,25.0,17.311269760131836,0.0,1.0,0.6924507904052735,1.0,0.0,0.0,0.0,0.0,0.0,-0.1029963493347168,0.8472234787526005,0.7688945490121841,1.8,0.02,-0.0,-0.00033651726698731967,-0.0002950160759455175,0.25523147583007816,0.15,-0.0,0.0,0.0,-0.0,0.0,0.0,0.0,0.0,0.35,0.0,0.0,0.0,0.0,0.0,0.0,0.0,0.0,0.25,-0.0,-4.76654052734375,0.0,-1.1029963493347168,-0.0,-0.5958175659179688,-0.5958175659179688,-0.05,0.5388945490121841,0.35926303267478943,0.2,0.0,-0.0,-0.0,-0.0,0.8,1.0,-0.0,0.0,-0.0,-0.0,0.0,0.0,0.0,0.4426235362654552,-0.0,-0.0,-0.0,0.02,0.0,0.0,0.0,0.0,0.0,0.0,0.35926303267478943,31.868894611112776,32.4,0.0,0.6,0.0,1.0,2.0,4.0,0.0,1.0,0.0,1.0,0.0,0.0,0.0,0.0,0.0,0.0,0.0,0.0,0.0,0.0,0.0,0.0,0.0,0.0,0.0,0.0,0.0,0.0,0.0,55.293556213378906,77.66761779785156,55.03431701660156,77.48001098632812,-0.25923919677734375,-0.1876068115234375,0.3200019896030426,-2.5151487059454283,-0.8101170659065247,-0.5862681269645691,1.0,-12.83108139038086,28.36696434020996,0.0,28.0,28.0,28.0,0.0,0.0,0.0,0.0,0.0,1.0,120.0,1.0,1.0,1.0,0.0,0.0,51.90749990288168,0.6887000054121017,7.357599912211299,35.140100051648915,15.58950007893145,4.0,4.972800030373037,2.969800028949976,0.736700021661818,0.000500003807246685
1,175,175,3.0779979005528406,0,0,2.0,4.0,1.0,1.0,1.0,1.0,1.0,1.0,1.0,0.815360426902771,0.692450761795044,1.0,1.0,1.0,0.692450761795044,1.0,1.0,0.692450761795044,1.0,0.0,0.5648018717765808,0.40637722611427307,0.6958042979240417,0.584039568901062,0.4552699327468872,-0.7073179483413696,0.0,-0.001310634077526629,0.9684564471244812,0.2491828352212906,0.0,0.0,0.0,0.0,0.0,0.0,82.90045928955078,17.311269760131836,25.0,25.0,25.0,17.311269760131836,0.0,1.0,0.6924507904052735,1.0,0.0,0.0,0.0,0.0,0.0,-0.10392510890960693,0.6018930329954648,0.770227472782135,1.7898025036848475,0.02,-0.0,-0.00033651726698731967,-0.0002950160759455175,0.0,0.15,-0.0,0.0,0.0,-0.0,0.0,0.0,0.0,0.0,0.35,0.0,0.0,0.0,0.0,0.0,0.0,0.0,0.0,0.25,-0.0,-4.7684326171875,0.0,-1.103925108909607,-0.0,-0.5960540771484375,-0.5960540771484375,-0.05,0.540227472782135,0.36015164852142334,0.2,0.0,-0.0,-0.0,-0.0,0.8,1.0,-0.0,0.0,-0.0,-0.0,0.0,0.0,0.0,0.45252456633839766,-0.0,-0.0,-0.010197496315152552,0.02,0.0,0.0,0.0,0.0,0.0,0.0,0.36015164852142334,32.581768776364626,32.4,1.0,0.0,0.0,1.0,2.0,4.0,0.0,1.0,0.0,1.0,0.0,0.0,0.0,0.0,0.0,0.0,0.0,0.0,0.0,0.0,0.0,0.0,0.0,0.0,0.0,0.0,0.0,0.0,0.0,55.03447723388672,77.48020935058594,54.77472686767578,77.29331970214844,-0.2597503662109375,-0.1868896484375,0.3199968636035919,-2.5179008351050935,-0.8117251992225647,-0.584039568901062,1.0,-12.741745948791504,28.714942932128906,0.0,28.0,28.0,28.0,0.0,0.0,0.0,0.0,0.0,1.0,120.0,1.0,1.0,1.0,0.0,0.0,29.54779996071011,0.7099999347701669,6.087600020691752,15.88870002888143,11.453400016762316,4.0,3.766499925404787,2.550699980929494,0.519599998369813,0.000300002284348011
1,176,176,3.336974092007187,0,0,2.0,4.0,1.0,1.0,1.0,1.0,1.0,1.0,1.0,0.815360426902771,0.692450761795044,1.0,1.0,1.0,0.692450761795044,1.0,1.0,0.692450761795044,1.0,0.0,0.5618898868560791,0.4019151031970978,0.6908371448516846,0.5817797780036926,0.4654538333415985,0.6188144087791443,0.0,-0.001310634077526629,0.9684997200965881,0.24901460111141205,0.0,0.0,0.0,0.0,0.0,0.0,82.30731201171875,17.944124221801758,25.0,25.0,25.0,17.944124221801758,0.0,1.0,0.7177649688720703,1.0,0.0,0.0,0.0,0.0,0.0,-0.0922994613647461,0.8431769953971179,0.7660965579748154,1.8,0.02,-0.0,-0.00033651726698731967,-0.00022903803120988736,0.25314178466796877,0.15,-0.0,0.0,0.0,-0.0,0.0,0.0,0.0,0.0,0.35,0.0,0.0,0.0,0.0,0.0,0.0,0.0,0.0,0.25,-0.0,-4.74517822265625,0.0,-1.092299461364746,-0.0,-0.5931472778320312,-0.5931472778320312,-0.05,0.5360965579748154,0.3573977053165436,0.2,0.0,-0.0,-0.0,-0.0,0.8,1.0,-0.0,0.0,-0.0,-0.0,0.0,0.0,0.0,0.44060076602734627,-0.0,-0.0,-0.0,0.02,0.0,0.0,0.0,0.0,0.0,0.0,0.3573977053165436,31.72325515396893,32.4,0.0,0.6,0.0,1.0,2.0,4.0,0.0,1.0,0.0,1.0,0.0,0.0,0.0,0.0,0.0,0.0,0.0,0.0,0.0,0.0,0.0,0.0,0.0,0.0,0.0,0.0,0.0,0.0,0.0,54.7748908996582,77.29351806640625,54.51462173461914,77.10734558105469,-0.2602691650390625,-0.1861724853515625,0.3200003504753113,-2.5206669208682495,-0.8133463859558105,-0.5817797780036926,1.0,-12.651898384094238,29.06370735168457,0.0,28.0,28.0,28.0,0.0,0.0,0.0,0.0,0.0,1.0,120.0,1.0,1.0,1.0,0.0,0.0,50.94470002222806,0.39089994970709085,5.036700051277876,38.15769997891039,18.149000010453165,4.0,4.6950000105425715,1.9141000229865313,0.7204000139608979,0.000500003807246685
1,177,177,3.092064613325094,0,0,2.0,4.0,1.0,1.0,1.0,1.0,1.0,1.0,1.0,0.8278771042823792,0.7177649736404419,1.0,1.0,1.0,0.7177649736404419,1.0,1.0,0.7177649736404419,1.0,0.0,0.5589812994003296,0.39748063683509827,0.685894250869751,0.5795071721076965,0.4531893730163574,-0.7452375292778015,0.0,-0.0006647807895205915,0.9684933423995972,0.24903948605060577,0.0,0.0,0.0,0.0,0.0,0.0,81.71389770507812,17.944124221801758,25.0,25.0,25.0,17.944124221801758,0.0,1.0,0.7177649688720703,1.0,0.0,0.0,0.0,0.0,0.0,-0.09334194660186768,0.597908190113996,0.7674983698129654,1.8,0.02,-0.0,-0.00033651726698731967,-0.00022903803120988736,0.0,0.15,-0.0,0.0,0.0,-0.0,0.0,0.0,0.0,0.0,0.35,0.0,0.0,0.0,0.0,0.0,0.0,0.0,0.0,0.25,-0.0,-4.747314453125,0.0,-1.0933419466018677,-0.0,-0.593414306640625,-0.593414306640625,-0.05,0.5374983698129654,0.35833224654197693,0.2,0.0,-0.0,-0.0,-0.0,0.8,1.0,-0.0,0.0,-0.0,-0.0,0.0,0.0,0.0,0.4484737454121932,-0.0,-0.0,-0.0,0.02,0.0,0.0,0.0,0.0,0.0,0.0,0.35833224654197693,32.29010966967791,32.4,1.0,0.0,0.0,1.0,2.0,4.0,0.0,1.0,0.0,1.0,0.0,0.0,0.0,0.0,0.0,0.0,0.0,0.0,0.0,0.0,0.0,0.0,0.0,0.0,0.0,0.0,0.0,0.0,0.0,54.51478576660156,77.1075439453125,54.253997802734375,76.92210388183594,-0.2607879638671875,-0.1854400634765625,0.3199974596500397,-2.5234717685398085,-0.8149672150611877,-0.5795071721076965,1.0,-12.562969207763672,29.40986442565918,0.0,28.0,28.0,28.0,0.0,0.0,0.0,0.0,0.0,1.0,120.0,1.0,1.0,1.0,0.0,0.0,34.092399990186095,0.6403999868780375,9.44069994147867,15.249100048094988,11.486200033687055,4.0,4.957100027240813,3.0565999913960695,0.7179999956861138,0.000500003807246685
1,178,178,2.6185227928587302,0,0,2.0,3.0,1.0,1.0,1.0,1.0,1.0,1.0,1.0,0.8278771042823792,0.7177649736404419,1.0,1.0,1.0,0.7177649736404419,1.0,1.0,0.7177649736404419,1.0,0.0,0.5560638904571533,0.39304542541503906,0.6809491515159607,0.577202320098877,0.4612872898578644,0.49206119775772095,0.0,-0.0006647807895205915,0.9685350656509399,0.24887722730636597,0.0,0.0,0.0,0.0,0.0,0.0,81.11666107177734,18.392898559570312,25.0,25.0,25.0,18.392898559570312,0.0,1.0,0.7357159423828125,1.0,0.0,0.0,0.0,0.0,0.0,-0.10860347747802734,0.784264117623481,0.7525065231323242,1.1703556295809523,0.02,-0.0,-0.00033651726698731967,-0.00019140245965727044,0.17950973510742188,0.15,-0.0,0.0,0.0,-0.0,0.0,0.0,0.0,0.0,0.35,0.0,0.0,0.0,0.0,0.0,0.0,0.0,0.0,0.25,-0.0,-4.77789306640625,0.0,-1.1086034774780273,-0.0,-0.5972366333007812,-0.5972366333007812,-0.05,0.5465065240859985,0.364337682723999,0.2,0.0,-0.0,-0.0,-0.0,0.5599999904632569,0.699999988079071,-0.0,0.0,-0.0,-0.0,0.0,0.0,0.0,0.4552823022427037,-0.04500000178813934,-0.0,-0.04464434717323637,0.02,0.0,0.0,0.0,0.0,0.0,0.0,0.364337682723999,32.78032576147467,32.4,0.7326086850269979,0.0,0.0,0.699999988079071,2.0,3.0,0.0,0.699999988079071,0.0,0.699999988079071,0.0,0.0,0.0,0.0,0.0,0.0,0.0,0.0,0.0,0.0,0.0,0.0,0.0,0.0,0.0,0.0,0.0,0.0,0.0,54.2541618347168,76.92230224609375,53.99285125732422,76.73759460449219,-0.2613105773925781,-0.1847076416015625,0.32000020146369934,-2.5262834720859058,-0.8166012167930603,-0.577202320098877,1.0,-12.473506927490234,29.75684928894043,0.0,28.0,28.0,28.0,0.0,0.0,0.0,0.0,0.0,1.0,120.0,1.0,1.0,1.0,0.0,0.0,77.63519999571145,0.43919996824115515,8.832999970763922,62.17579997610301,26.920000091195107,4.0,3.775399993173778,1.761699910275638,0.6043000612407923,0.000400003045797348
1,179,179,3.2523971694817955,0,0,2.0,4.0,1.0,1.0,1.0,1.0,1.0,1.0,1.0,0.8405832052230835,0.735715925693512,1.0,1.0,1.0,0.735715925693512,1.0,1.0,0.735715925693512,1.0,0.0,0.5531306862831116,0.38856759667396545,0.6759721636772156,0.5748278498649597,0.4682903587818146,0.42553481459617615,0.0,0.0010456040035933256,0.9685511589050293,0.24881446361541748,0.0,0.0,0.0,0.0,0.0,0.0,80.52301788330078,18.907310485839844,25.0,25.0,25.0,18.907310485839844,0.0,1.0,0.7562924194335937,1.0,0.0,0.0,0.0,0.0,0.0,-0.094185471534729,0.8005306142678671,0.7710520285367966,1.7549999982118607,0.02,-0.0,-0.00033651726698731967,-0.00015580629847719414,0.2057647705078125,0.15,-0.0,0.0,0.0,-0.0,0.0,0.0,0.0,0.0,0.35,0.0,0.0,0.0,0.0,0.0,0.0,0.0,0.0,0.25,-0.0,-4.7491455078125,0.0,-1.094185471534729,-0.0,-0.5936431884765625,-0.5936431884765625,-0.05,0.5410520285367966,0.3607013523578644,0.2,0.0,-0.0,-0.0,-0.0,0.8,1.0,-0.0,0.0,-0.0,-0.0,0.0,0.0,0.0,0.4452581673255191,-0.04500000178813934,-0.0,-0.0,0.02,0.0,0.0,0.0,0.0,0.0,0.0,0.3607013523578644,32.058588047437375,32.4,0.0,0.6,0.0,1.0,2.0,4.0,0.0,1.0,0.0,1.0,0.0,0.0,0.0,0.0,0.0,0.0,0.0,0.0,0.0,0.0,0.0,0.0,0.0,0.0,0.0,0.0,0.0,0.0,0.0,53.99301528930664,76.73779296875,53.73116683959961,76.55384826660156,-0.26184844970703125,-0.1839447021484375,0.32000041007995605,-2.5292005785901486,-0.8182743191719055,-0.5748277902603149,1.0,-12.382664680480957,30.10968017578125,0.0,28.0,28.0,28.0,0.0,0.0,0.0,0.0,0.0,1.0,120.0,1.0,1.0,1.0,0.0,0.0,49.26200001500547,0.43569994159042835,4.913700046017766,35.34059994854033,17.500299960374832,4.0,4.51879994943738,3.3213000278919935,0.6891000084578991,0.000500003807246685
1,180,180,2.4903138430806586,0,0,2.0,3.0,1.0,1.0,1.0,1.0,1.0,1.0,1.0,0.8531008362770081,0.7562924027442932,1.0,1.0,1.0,0.7562924027442932,1.0,1.0,0.7562924027442932,1.0,0.0,0.5502024292945862,0.3841249644756317,0.6710251569747925,0.5724449753761292,0.45797982811927795,-0.6265084147453308,0.0,-0.0007526051485911012,0.968535304069519,0.24887625873088837,0.0,0.0,0.0,0.0,0.0,0.0,79.93019104003906,18.907310485839844,25.0,25.0,25.0,18.907310485839844,0.0,1.0,0.7562924194335937,1.0,0.0,0.0,0.0,0.0,0.0,-0.09092164039611816,0.599726448600944,0.746585636138916,1.2149233987369163,0.02,-0.0,-0.00033651726698731967,-0.00015580629847719414,0.0,0.15,-0.0,0.0,0.0,-0.0,0.0,0.0,0.0,0.0,0.35,0.0,0.0,0.0,0.0,0.0,0.0,0.0,0.0,0.25,-0.0,-4.74261474609375,0.0,-1.0909216403961182,-0.0,-0.5928268432617188,-0.5928268432617188,-0.05,0.5405856370925903,0.36039042472839355,0.2,0.0,-0.0,-0.0,-0.0,0.5599999904632569,0.699999988079071,-0.0,0.0,-0.0,-0.0,0.0,0.0,0.0,0.4502187721664086,-0.04500000178813934,-0.0,-7.657801727217837e-05,0.02,0.0,0.0,0.0,0.0,0.0,0.0,0.36039042472839355,32.41575159598142,32.4,0.7326086850269979,0.0,0.0,0.699999988079071,2.0,3.0,0.0,0.699999988079071,0.0,0.699999988079071,0.0,0.0,0.0,0.0,0.0,0.0,0.0,0.0,0.0,0.0,0.0,0.0,0.0,0.0,0.0,0.0,0.0,0.0,0.0,53.73133087158203,76.55404663085938,53.46894836425781,76.37086486816406,-0.26238250732421875,-0.1831817626953125,0.32000023126602173,-2.532110878689953,-0.8199430704116821,-0.5724449753761292,1.0,-12.292961120605469,30.459049224853516,0.0,28.0,28.0,28.0,0.0,0.0,0.0,0.0,0.0,1.0,120.0,1.0,1.0,1.0,0.0,0.0,26.9330000737682,0.5411000456660986,7.764699985273182,10.641100001521409,7.2963000275194645,4.0,5.045700003392994,2.421699929982424,0.4923000233247876,0.000400003045797348
1,181,181,3.2658850921081872,0,0,2.0,4.0,1.0,1.0,1.0,1.0,1.0,1.0,1.0,0.8531008362770081,0.7562924027442932,1.0,1.0,1.0,0.7562924027442932,1.0,1.0,0.7562924027442932,1.0,0.0,0.5472690463066101,0.37969157099723816,0.6660849452018738,0.5700348019599915,0.4630821645259857,0.3100377917289734,0.0,-0.0007526051485911012,0.9685629606246948,0.24876846373081207,0.0,0.0,0.0,0.0,0.0,0.0,79.34093475341797,19.437049865722656,25.0,25.0,25.0,19.437049865722656,0.0,1.0,0.7774819946289062,1.0,0.0,0.0,0.0,0.0,0.0,-0.07661914825439453,0.8022311223434776,0.7652731198072433,1.7549999982118607,0.02,-0.0,-0.00033651726698731967,-0.00012605493542243893,0.21189575195312502,0.15,-0.0,0.0,0.0,-0.0,0.0,0.0,0.0,0.0,0.35,0.0,0.0,0.0,0.0,0.0,0.0,0.0,0.0,0.25,-0.0,-4.71405029296875,0.0,-1.0766191482543945,-0.0,-0.5892562866210938,-0.5892562866210938,-0.05,0.5352731198072433,0.35684874653816223,0.2,0.0,-0.0,-0.0,-0.0,0.8,1.0,-0.0,0.0,-0.0,-0.0,0.0,0.0,0.0,0.4407979425927624,-0.04500000178813934,-0.0,-0.0,0.02,0.0,0.0,0.0,0.0,0.0,0.0,0.35684874653816223,31.737451866678892,32.4,0.0,0.6,0.0,1.0,2.0,4.0,0.0,1.0,0.0,1.0,0.0,0.0,0.0,0.0,0.0,0.0,0.0,0.0,0.0,0.0,0.0,0.0,0.0,0.0,0.0,0.0,0.0,0.0,0.0,53.469112396240234,76.37106323242188,53.20619201660156,76.18865203857422,-0.2629203796386719,-0.18241119384765625,0.3200015127658844,-2.535047503834918,-0.821620523929596,-0.5700348019599915,1.0,-12.203170776367188,30.808074951171875,0.0,28.0,28.0,28.0,0.0,0.0,0.0,0.0,0.0,1.0,120.0,1.0,1.0,1.0,0.0,0.0,54.55899995286018,0.43889996595680714,6.349900038912892,41.22700006701052,20.235200063325465,4.0,4.204700002446771,1.8661998910829425,0.43430004734545946,0.000400003045797348
1,182,182,3.108074688957681,0,0,2.0,4.0,1.0,1.0,1.0,1.0,1.0,1.0,1.0,0.8656442761421204,0.7774819731712341,1.0,1.0,1.0,0.7774819731712341,1.0,1.0,0.7774819731712341,1.0,0.0,0.5443410277366638,0.37529250979423523,0.661174476146698,0.5676149725914001,0.4533921778202057,-0.5888018608093262,0.0,-0.0006263249670155346,0.9685500264167786,0.24881894886493683,0.0,0.0,0.0,0.0,0.0,0.0,78.75153350830078,19.437049865722656,25.0,25.0,25.0,19.437049865722656,0.0,1.0,0.7774819946289062,1.0,0.0,0.0,0.0,0.0,0.0,-0.07717466354370117,0.5987341464028255,0.7665152060985565,1.8,0.02,-0.0,-0.00033651726698731967,-0.00012605493542243893,0.0,0.15,-0.0,0.0,0.0,-0.0,0.0,0.0,0.0,0.0,0.35,0.0,0.0,0.0,0.0,0.0,0.0,0.0,0.0,0.25,-0.0,-4.7152099609375,0.0,-1.0771746635437012,-0.0,-0.5894012451171875,-0.5894012451171875,-0.05,0.5365152060985565,0.35767680406570435,0.2,0.0,-0.0,-0.0,-0.0,0.8,1.0,-0.0,0.0,-0.0,-0.0,0.0,0.0,0.0,0.44919671860523525,-0.0,-0.0,-0.0,0.02,0.0,0.0,0.0,0.0,0.0,0.0,0.35767680406570435,32.34216373957693,32.4,1.0,0.0,0.0,1.0,2.0,4.0,0.0,1.0,0.0,1.0,0.0,0.0,0.0,0.0,0.0,0.0,0.0,0.0,0.0,0.0,0.0,0.0,0.0,0.0,0.0,0.0,0.0,0.0,0.0,53.206356048583984,76.18885040283203,52.942901611328125,76.00721740722656,-0.2634544372558594,-0.18163299560546875,0.3199980854988098,-2.5379969634518273,-0.8232941031455994,-0.5676149725914001,1.0,-12.114569664001465,31.153749465942383,0.0,28.0,28.0,28.0,0.0,0.0,0.0,0.0,0.0,1.0,120.0,1.0,1.0,1.0,0.0,0.0,27.687900001183152,0.38579991087317467,5.036600050516427,13.735400047153234,9.289400069974363,4.0,4.64479997754097,3.188100061379373,0.6698999786749482,0.000400003045797348
1,183,183,3.0969541482514478,0,0,2.0,4.0,1.0,1.0,1.0,1.0,1.0,1.0,1.0,0.8656442761421204,0.7774819731712341,1.0,1.0,1.0,0.7774819731712341,1.0,1.0,0.7774819731712341,1.0,0.0,0.5414043068885803,0.3708938658237457,0.6562627553939819,0.5651605725288391,0.46203091740608215,0.5249235033988953,0.0,-0.0006263249670155346,0.9685900807380676,0.2486630231142044,0.0,0.0,0.0,0.0,0.0,0.0,78.15744018554688,19.597614288330078,25.0,25.0,25.0,19.597614288330078,0.0,1.0,0.7839045715332031,1.0,0.0,0.0,0.0,0.0,0.0,-0.09589147567749023,0.6706246532141432,0.7773762303590774,1.7248447403557172,0.02,-0.0,-0.00033651726698731967,-0.00011821346768731,0.06422576904296876,0.15,-0.0,0.0,0.0,-0.0,0.0,0.0,0.0,0.0,0.35,0.0,0.0,0.0,0.0,0.0,0.0,0.0,0.0,0.25,-0.0,-4.75274658203125,0.0,-1.0958914756774902,-0.0,-0.5940933227539062,-0.5940933227539062,-0.05,0.5473762303590775,0.36491748690605164,0.2,0.0,-0.0,-0.0,-0.0,0.8,1.0,-0.0,0.0,-0.0,-0.0,0.0,0.0,0.0,0.4568536149058491,-0.0,-0.0,-0.07515525964428274,0.02,0.0,0.0,0.0,0.0,0.0,0.0,0.36491748690605164,32.89346027322114,32.4,1.0,0.0,0.0,1.0,2.0,4.0,0.0,1.0,0.0,1.0,0.0,0.0,0.0,0.0,0.0,0.0,0.0,0.0,0.0,0.0,0.0,0.0,0.0,0.0,0.0,0.0,0.0,0.0,0.0,52.94306564331055,76.00740814208984,52.679073333740234,75.82655334472656,-0.2639923095703125,-0.18085479736328125,0.32000061869621277,-2.5409531467261948,-0.8249809145927429,-0.5651605725288391,1.0,-12.025446891784668,31.500144958496094,0.0,28.0,28.0,28.0,0.0,0.0,0.0,0.0,0.0,1.0,120.0,1.0,1.0,1.0,0.0,0.0,51.23680003453046,0.647100037895143,7.41990003734827,35.170599934645,15.370799927040935,4.0,4.704500082880259,2.5871999096125364,0.6774000357836485,0.000500003807246685
1,184,184,4.655044510854894,0,0,2.0,4.0,1.0,1.0,1.0,1.0,1.0,1.0,1.0,0.8782621622085571,0.7839045524597168,1.0,1.0,1.0,0.7839045524597168,1.0,1.0,0.7839045524597168,1.0,0.0,0.5384483933448792,0.3664431571960449,0.651311993598938,0.5626230835914612,0.4699065685272217,0.4785560071468353,0.0,0.001952728838659823,0.9686249494552612,0.2485271692276001,0.0,0.0,0.0,0.0,0.0,0.0,77.56629943847656,19.597614288330078,25.0,25.0,25.0,19.597614288330078,0.0,1.0,0.7839045715332031,1.0,0.0,0.0,0.0,0.0,0.0,-0.08405637741088867,0.595996567501241,2.3231043207645414,1.8,0.02,-0.0,-0.00033651726698731967,-0.00011821346768731,0.0,0.15,-0.0,0.0,0.0,-0.0,0.0,0.0,0.0,0.0,0.35,0.0,0.0,0.0,0.0,0.0,0.0,0.0,0.0,0.25,-0.0,-4.7291259765625,0.0,-1.0840563774108887,-0.0,-0.5911407470703125,-0.5911407470703125,1.5,0.5431043207645416,0.3620695471763611,0.2,0.0,-0.0,-0.0,-0.0,0.8,1.0,-0.0,0.0,-0.0,-0.0,0.0,0.0,0.0,0.4464512982359156,-0.0,-0.0,-0.0,0.02,0.0,0.0,0.0,0.0,0.0,0.0,0.3620695471763611,32.14449347298592,32.4,0.0,0.6,0.0,1.0,2.0,4.0,0.0,1.0,0.0,1.0,0.0,0.0,0.0,0.0,0.0,0.0,0.0,0.0,0.0,0.0,0.0,0.0,0.0,0.0,0.0,0.0,0.0,0.0,0.0,52.67924118041992,75.82674407958984,52.41469192504883,75.6467056274414,-0.26454925537109375,-0.1800384521484375,0.32000023126602173,-2.54404141153387,-0.8267134428024292,-0.5626230835914612,1.0,-11.934568405151367,31.853565216064453,0.0,28.0,28.0,28.0,0.0,0.0,0.0,0.0,0.0,1.0,120.0,1.0,1.0,1.0,0.0,0.0,33.0916999373585,0.677499920129776,8.894999977201223,14.63690004311502,10.760299977846444,4.0,5.058599985204637,3.1382000306621194,0.6525999633595347,0.000500003807246685
1,185,185,3.319411320397547,0,0,2.0,4.0,1.0,1.0,1.0,1.0,1.0,1.0,1.0,0.8782621622085571,0.7839045524597168,1.0,1.0,1.0,0.7839045524597168,1.0,1.0,0.7839045524597168,1.0,0.0,0.5354948043823242,0.3620219826698303,0.6463858485221863,0.5600710511207581,0.45920705795288086,-0.6501448154449463,0.0,0.001952728838659823,0.9686198830604553,0.2485467791557312,0.0,0.0,0.0,0.0,0.0,0.0,76.97510528564453,20.254268646240234,25.0,25.0,25.0,20.254268646240234,0.0,1.0,0.8101707458496094,1.0,0.0,0.0,0.0,0.0,0.0,-0.0842583179473877,0.868312815905534,0.7744738119840622,1.740883010455338,0.02,-0.0,-0.00033651726698731967,-9.090638994544059e-05,0.2626617431640625,0.15,-0.0,0.0,0.0,-0.0,0.0,0.0,0.0,0.0,0.35,0.0,0.0,0.0,0.0,0.0,0.0,0.0,0.0,0.25,-0.0,-4.72955322265625,0.0,-1.0842583179473877,-0.0,-0.5911941528320312,-0.5911941528320312,-0.05,0.5444738119840622,0.36298254132270813,0.2,0.0,-0.0,-0.0,-0.0,0.8,1.0,-0.0,0.0,-0.0,-0.0,0.0,0.0,0.0,0.4560784963984043,-0.0,-0.0,-0.05911698954466201,0.02,0.0,0.0,0.0,0.0,0.0,0.0,0.36298254132270813,32.83765174068511,32.4,1.0,0.0,0.0,1.0,2.0,4.0,0.0,1.0,0.0,1.0,0.0,0.0,0.0,0.0,0.0,0.0,0.0,0.0,0.0,0.0,0.0,0.0,0.0,0.0,0.0,0.0,0.0,0.0,0.0,52.414859771728516,75.64689636230469,52.149757385253906,75.4676742553711,-0.2651023864746094,-0.17922210693359375,0.3199997544288635,-2.547122955717467,-0.8284445405006409,-0.5600710511207581,1.0,-11.844518661499023,32.20425796508789,0.0,28.0,28.0,28.0,0.0,0.0,0.0,0.0,0.0,1.0,120.0,1.0,1.0,1.0,0.0,0.0,68.96980002056807,0.4371999530121684,8.382000029087067,51.464100019074976,25.970200076699257,4.0,4.77530003990978,3.182700020261109,0.7000999758020043,0.000400003045797348
1,186,186,3.550606829574379,0,0,2.0,4.0,1.0,1.0,1.0,1.0,1.0,1.0,1.0,0.891028881072998,0.8101707696914673,1.0,1.0,1.0,0.8101707696914673,1.0,1.0,0.8101707696914673,1.0,0.0,0.5325332880020142,0.3576006293296814,0.6414592266082764,0.5574799180030823,0.46910929679870605,0.6016998887062073,0.0,0.0016082033980637789,0.968650758266449,0.24842648208141327,0.0,0.0,0.0,0.0,0.0,0.0,76.38697052001953,21.350797653198242,25.0,25.0,25.0,21.350797653198242,0.0,1.0,0.8540319061279297,1.0,0.0,0.0,0.0,0.0,0.0,-0.0720062255859375,1.0322864300515977,0.7703266251087189,1.8,0.02,-0.0,-0.00033651726698731967,-5.8628369017166415e-05,0.43861160278320316,0.15,-0.0,0.0,0.0,-0.0,0.0,0.0,0.0,0.0,0.35,0.0,0.0,0.0,0.0,0.0,0.0,0.0,0.0,0.25,-0.0,-4.705078125,0.0,-1.0720062255859375,-0.0,-0.588134765625,-0.588134765625,-0.05,0.5403266251087189,0.36021775007247925,0.2,0.0,-0.0,-0.0,-0.0,0.8,1.0,-0.0,0.0,-0.0,-0.0,0.0,0.0,0.0,0.44406997290439904,-0.0,-0.0,-0.0,0.02,0.0,0.0,0.0,0.0,0.0,0.0,0.36021775007247925,31.973038049116727,32.4,0.0,0.6,0.0,1.0,2.0,4.0,0.0,1.0,0.0,1.0,0.0,0.0,0.0,0.0,0.0,0.0,0.0,0.0,0.0,0.0,0.0,0.0,0.0,0.0,0.0,0.0,0.0,0.0,0.0,52.149925231933594,75.46786499023438,51.8842658996582,75.28947448730469,-0.2656593322753906,-0.1783905029296875,0.3199969530105591,-2.5502506938765483,-0.8301903605461121,-0.5574799180030823,1.0,-11.754066467285156,32.555789947509766,0.0,28.0,28.0,28.0,0.0,0.0,0.0,0.0,0.0,1.0,120.0,1.0,1.0,1.0,0.0,0.0,78.99910002015531,0.635799951851368,9.525800007395446,28.707099962048233,15.101499971933663,4.0,35.94659990631044,3.0465000309050083,1.0921000503003597,0.000400003045797348
1,187,187,3.1145556989551175,0,0,2.0,4.0,1.0,1.0,1.0,1.0,1.0,1.0,1.0,0.9035120606422424,0.8540319204330444,1.0,1.0,1.0,0.8540319204330444,1.0,1.0,0.8540319204330444,1.0,0.0,0.529575765132904,0.3532077372074127,0.6365581154823303,0.5548712015151978,0.45675769448280334,-0.7505327463150024,0.0,-0.0008221850730478764,0.9686324000358582,0.24849802255630493,0.0,0.0,0.0,0.0,0.0,0.0,75.79875946044922,21.350797653198242,25.0,25.0,25.0,21.350797653198242,0.0,1.0,0.8540319061279297,1.0,0.0,0.0,0.0,0.0,0.0,-0.07228517532348633,0.6016274548918483,0.7717588800191879,1.7934545393675674,0.02,-0.0,-0.00033651726698731967,-5.8628369017166415e-05,0.0,0.15,-0.0,0.0,0.0,-0.0,0.0,0.0,0.0,0.0,0.35,0.0,0.0,0.0,0.0,0.0,0.0,0.0,0.0,0.25,-0.0,-4.7056884765625,0.0,-1.0722851753234863,-0.0,-0.5882110595703125,-0.5882110595703125,-0.05,0.5417588800191879,0.3611725866794586,0.2,0.0,-0.0,-0.0,-0.0,0.8,1.0,-0.0,0.0,-0.0,-0.0,0.0,0.0,0.0,0.4520226005278528,-0.0,-0.0,-0.006545460632432625,0.02,0.0,0.0,0.0,0.0,0.0,0.0,0.3611725866794586,32.5456272380054,32.4,1.0,0.0,0.0,1.0,2.0,4.0,0.0,1.0,0.0,1.0,0.0,0.0,0.0,0.0,0.0,0.0,0.0,0.0,0.0,0.0,0.0,0.0,0.0,0.0,0.0,0.0,0.0,0.0,0.0,51.88443374633789,75.28966522216797,51.61821365356445,75.11210632324219,-0.2662200927734375,-0.17755889892578125,0.32000046968460083,-2.553385094315401,-0.8319362998008728,-0.5548712015151978,1.0,-11.664658546447754,32.90473556518555,0.0,28.0,28.0,28.0,0.0,0.0,0.0,0.0,0.0,1.0,120.0,1.0,1.0,1.0,0.0,0.0,32.848100061528385,0.7005000952631235,6.986499996855855,18.32000003196299,8.133299998007715,4.0,4.145300015807152,1.7897000070661306,0.8676999714225531,0.000600004568696022
1,188,188,3.266872025420803,0,0,2.0,4.0,1.0,1.0,1.0,1.0,1.0,1.0,1.0,0.9035120606422424,0.8540319204330444,1.0,1.0,1.0,0.8540319204330444,1.0,1.0,0.8540319204330444,1.0,0.0,0.5266100764274597,0.3488144874572754,0.6316563487052917,0.552221953868866,0.4649375379085541,0.49703922867774963,0.0,-0.0008221850730478764,0.9686686992645264,0.24835655093193054,0.0,0.0,0.0,0.0,0.0,0.0,75.21357727050781,21.71868133544922,25.0,25.0,25.0,21.71868133544922,0.0,1.0,0.8687472534179688,1.0,0.0,0.0,0.0,0.0,0.0,-0.060178518295288086,0.7394291499163093,0.7676213937997818,1.8,0.02,-0.0,-0.00033651726698731967,-5.0605750670916745e-05,0.14715347290039063,0.15,-0.0,0.0,0.0,-0.0,0.0,0.0,0.0,0.0,0.35,0.0,0.0,0.0,0.0,0.0,0.0,0.0,0.0,0.25,-0.0,-4.68145751953125,0.0,-1.060178518295288,-0.0,-0.5851821899414062,-0.5851821899414062,-0.05,0.5376213937997818,0.35841426253318787,0.2,0.0,-0.0,-0.0,-0.0,0.8,1.0,-0.0,0.0,-0.0,-0.0,0.0,0.0,0.0,0.44266280003357683,-0.0,-0.0,-0.0,0.02,0.0,0.0,0.0,0.0,0.0,0.0,0.35841426253318787,31.87172160241753,32.4,0.0,0.6,0.0,1.0,2.0,4.0,0.0,1.0,0.0,1.0,0.0,0.0,0.0,0.0,0.0,0.0,0.0,0.0,0.0,0.0,0.0,0.0,0.0,0.0,0.0,0.0,0.0,0.0,0.0,51.61838150024414,75.11229705810547,51.35159683227539,74.93558502197266,-0.26678466796875,-0.1767120361328125,0.32000187039375305,-2.5565656650426924,-0.8336971402168274,-0.552221953868866,1.0,-11.574828147888184,33.25455856323242,0.0,28.0,28.0,28.0,0.0,0.0,0.0,0.0,0.0,1.0,120.0,1.0,1.0,1.0,0.0,0.0,88.57390005141497,0.5459999665617943,8.292500046081841,67.99909996334463,31.808100058697164,4.0,8.294899947941303,2.520599984563887,0.8780000498518348,0.000400003045797348
1,189,189,3.1280471396474705,0,0,2.0,4.0,1.0,1.0,1.0,1.0,1.0,1.0,1.0,0.9161115288734436,0.8687472343444824,1.0,1.0,1.0,0.8687472343444824,1.0,1.0,0.8687472343444824,1.0,0.0,0.5236479640007019,0.344449907541275,0.6267797946929932,0.5495548844337463,0.45531031489372253,-0.5849875211715698,0.0,-0.0007249130867421627,0.9686568975448608,0.2484024465084076,0.0,0.0,0.0,0.0,0.0,0.0,74.62835693359375,21.71868133544922,25.0,25.0,25.0,21.71868133544922,0.0,1.0,0.8687472534179688,1.0,0.0,0.0,0.0,0.0,0.0,-0.06026458740234375,0.600323112402025,0.7687957096099853,1.799192905037804,0.02,-0.0,-0.00033651726698731967,-5.0605750670916745e-05,0.0,0.15,-0.0,0.0,0.0,-0.0,0.0,0.0,0.0,0.0,0.35,0.0,0.0,0.0,0.0,0.0,0.0,0.0,0.0,0.25,-0.0,-4.6817626953125,0.0,-1.0602645874023438,-0.0,-0.5852203369140625,-0.5852203369140625,-0.05,0.5387957096099854,0.35919713973999023,0.2,0.0,-0.0,-0.0,-0.0,0.8,1.0,-0.0,0.0,-0.0,-0.0,0.0,0.0,0.0,0.4507102354196832,-0.0,-0.0,-0.0008070949621960194,0.02,0.0,0.0,0.0,0.0,0.0,0.0,0.35919713973999023,32.45113695021719,32.4,1.0,0.0,0.0,1.0,2.0,4.0,0.0,1.0,0.0,1.0,0.0,0.0,0.0,0.0,0.0,0.0,0.0,0.0,0.0,0.0,0.0,0.0,0.0,0.0,0.0,0.0,0.0,0.0,0.0,51.35176467895508,74.93577575683594,51.08441925048828,74.75991821289062,-0.2673454284667969,-0.1758575439453125,0.31999915838241577,-2.5597596238196805,-0.8354575634002686,-0.5495548844337463,1.0,-11.485986709594727,33.60178756713867,0.0,28.0,28.0,28.0,0.0,0.0,0.0,0.0,0.0,1.0,120.0,1.0,1.0,1.0,0.0,0.0,26.244299951940775,0.41889993008226156,5.552200018428266,14.307999983429909,10.981500032357872,4.0,2.778399968519807,2.3840999929234385,0.7775999838486314,0.000500003807246685
1,190,190,3.3534946758092565,0,0,2.0,4.0,1.0,1.0,1.0,1.0,1.0,1.0,1.0,0.9161115288734436,0.8687472343444824,1.0,1.0,1.0,0.8687472343444824,1.0,1.0,0.8687472343444824,1.0,0.0,0.5206767916679382,0.34008681774139404,0.6219030022621155,0.5468486547470093,0.4635876715183258,0.5029647350311279,0.0,-0.0007249130867421627,0.968698263168335,0.24824127554893494,0.0,0.0,0.0,0.0,0.0,0.0,74.04609680175781,22.2896785736084,25.0,25.0,25.0,22.2896785736084,0.0,1.0,0.8915871429443359,1.0,0.0,0.0,0.0,0.0,0.0,-0.04849278926849365,0.8173598635734246,0.7646276015043258,1.8,0.02,-0.0,-0.00033651726698731967,-4.027239812298674e-05,0.22839889526367188,0.15,-0.0,0.0,0.0,-0.0,0.0,0.0,0.0,0.0,0.35,0.0,0.0,0.0,0.0,0.0,0.0,0.0,0.0,0.25,-0.0,-4.6580810546875,0.0,-1.0484927892684937,-0.0,-0.5822601318359375,-0.5822601318359375,-0.05,0.5346276015043259,0.3564184010028839,0.2,0.0,-0.0,-0.0,-0.0,0.8,1.0,-0.0,0.0,-0.0,-0.0,0.0,0.0,0.0,0.4393377579748631,-0.0,-0.0,-0.0,0.02,0.0,0.0,0.0,0.0,0.0,0.0,0.3564184010028839,31.63231857419014,32.4,0.0,0.6,0.0,1.0,2.0,4.0,0.0,1.0,0.0,1.0,0.0,0.0,0.0,0.0,0.0,0.0,0.0,0.0,0.0,0.0,0.0,0.0,0.0,0.0,0.0,0.0,0.0,0.0,0.0,51.08458709716797,74.7601089477539,50.816673278808594,74.58512115478516,-0.267913818359375,-0.17498779296875,0.31999772787094116,-2.563006531247853,-0.8372315168380737,-0.5468486547470093,1.0,-11.396626472473145,33.94969177246094,0.0,28.0,28.0,28.0,0.0,0.0,0.0,0.0,0.0,1.0,120.0,1.0,1.0,1.0,0.0,0.0,79.13069997448474,0.6850999779999256,9.59360005799681,61.3086000084877,41.047200094908476,4.0,4.945899941958487,1.859900075942278,0.7060999050736427,0.000400003045797348
1,191,191,3.134856973712072,0,0,2.0,4.0,1.0,1.0,1.0,1.0,1.0,1.0,1.0,0.9287229180335999,0.8915871381759644,1.0,1.0,1.0,0.8915871381759644,1.0,1.0,0.8915871381759644,1.0,0.0,0.5177080035209656,0.33575305342674255,0.61705082654953,0.544125497341156,0.4518902599811554,-0.7107798457145691,0.0,-0.0002399878721917048,0.9686979651451111,0.2482423335313797,0.0,0.0,0.0,0.0,0.0,0.0,73.4637680053711,22.2896785736084,25.0,25.0,25.0,22.2896785736084,0.0,1.0,0.8915871429443359,1.0,0.0,0.0,0.0,0.0,0.0,-0.048705339431762695,0.5974890456839652,0.7660732674598694,1.8,0.02,-0.0,-0.00033651726698731967,-4.027239812298674e-05,0.0,0.15,-0.0,0.0,0.0,-0.0,0.0,0.0,0.0,0.0,0.35,0.0,0.0,0.0,0.0,0.0,0.0,0.0,0.0,0.25,-0.0,-4.65863037109375,0.0,-1.0487053394317627,-0.0,-0.5823287963867188,-0.5823287963867188,-0.05,0.5360732674598694,0.3573821783065796,0.2,0.0,-0.0,-0.0,-0.0,0.8,1.0,-0.0,0.0,-0.0,-0.0,0.0,0.0,0.0,0.44786583534907554,-0.0,-0.0,-0.0,0.02,0.0,0.0,0.0,0.0,0.0,0.0,0.3573821783065796,32.24634014513344,32.4,1.0,0.0,0.0,1.0,2.0,4.0,0.0,1.0,0.0,1.0,0.0,0.0,0.0,0.0,0.0,0.0,0.0,0.0,0.0,0.0,0.0,0.0,0.0,0.0,0.0,0.0,0.0,0.0,0.0,50.81684494018555,74.58531188964844,50.548362731933594,74.41119384765625,-0.2684822082519531,-0.1741180419921875,0.31999966502189636,-2.566253405171942,-0.8390038013458252,-0.544125497341156,1.0,-11.308114051818848,34.294944763183594,0.0,28.0,28.0,28.0,0.0,0.0,0.0,0.0,0.0,1.0,120.0,1.0,1.0,1.0,0.0,0.0,29.25699995830655,0.45579997822642326,7.658899994567037,15.291900024749339,11.433199979364872,4.0,3.3650000113993883,1.9563999958336353,0.5028999876230955,0.000300002284348011
1,192,192,3.2775348843558088,0,0,2.0,4.0,1.0,1.0,1.0,1.0,1.0,1.0,1.0,0.9287229180335999,0.8915871381759644,1.0,1.0,1.0,0.8915871381759644,1.0,1.0,0.8915871381759644,1.0,0.0,0.5147307515144348,0.3314191997051239,0.6121980547904968,0.5413594841957092,0.46066200733184814,0.5330048203468323,0.0,-0.0002399878721917048,0.9687281250953674,0.24812455475330353,0.0,0.0,0.0,0.0,0.0,0.0,72.8770523071289,22.87356185913086,25.0,25.0,25.0,22.87356185913086,0.0,1.0,0.9149424743652343,1.0,0.0,0.0,0.0,0.0,0.0,-0.06615328788757324,0.8408551312228656,0.7769646453857422,1.7058683956347744,0.02,-0.0,-0.00033651726698731967,-3.1884277182218254e-05,0.2335533142089844,0.15,-0.0,0.0,0.0,-0.0,0.0,0.0,0.0,0.0,0.35,0.0,0.0,0.0,0.0,0.0,0.0,0.0,0.0,0.25,-0.0,-4.6937255859375,0.0,-1.0661532878875732,-0.0,-0.5867156982421875,-0.5867156982421875,-0.05,0.5469646453857422,0.3646430969238281,0.2,0.0,-0.0,-0.0,-0.0,0.8,1.0,-0.0,0.0,-0.0,-0.0,0.0,0.0,0.0,0.4576702185580508,-0.0,-0.0,-0.09413160436522569,0.02,0.0,0.0,0.0,0.0,0.0,0.0,0.3646430969238281,32.95225573617965,32.4,1.0,0.0,0.0,1.0,2.0,4.0,0.0,1.0,0.0,1.0,0.0,0.0,0.0,0.0,0.0,0.0,0.0,0.0,0.0,0.0,0.0,0.0,0.0,0.0,0.0,0.0,0.0,0.0,0.0,50.54853439331055,74.41138458251953,50.27947998046875,74.23815155029297,-0.2690544128417969,-0.1732330322265625,0.31999993324279785,-2.5695467897794257,-0.8407912254333496,-0.5413594841957092,1.0,-11.219158172607422,34.64107894897461,0.0,28.0,28.0,28.0,0.0,0.0,0.0,0.0,0.0,1.0,120.0,1.0,1.0,1.0,0.0,0.0,54.5937999850139,0.4070000723004341,9.035299997776747,36.40759992413223,25.99960006773472,4.0,4.885199945420027,3.084199968725443,0.7445000810548663,0.000500003807246685
1,193,193,3.37224659744377,0,0,2.0,4.0,1.0,1.0,1.0,1.0,1.0,1.0,1.0,0.9412590265274048,0.9149425029754639,1.0,1.0,1.0,0.9149425029754639,1.0,1.0,0.9149425029754639,1.0,0.0,0.5117351412773132,0.32703378796577454,0.6073087453842163,0.5384966731071472,0.4707465171813965,0.6127739548683167,0.0,0.0011301263002678752,0.9687495231628418,0.24804113805294037,0.0,0.0,0.0,0.0,0.0,0.0,72.29344177246094,23.46702766418457,25.0,25.0,25.0,23.46702766418457,0.0,1.0,0.9386811065673828,1.0,0.0,0.0,0.0,0.0,0.0,-0.05373191833496094,0.8332940054285038,0.7726845103502273,1.8,0.02,-0.0,-0.00033651726698731967,-2.5146700320659695e-05,0.23738632202148438,0.15,-0.0,0.0,0.0,-0.0,0.0,0.0,0.0,0.0,0.35,0.0,0.0,0.0,0.0,0.0,0.0,0.0,0.0,0.25,-0.0,-4.66888427734375,0.0,-1.053731918334961,-0.0,-0.5836105346679688,-0.5836105346679688,-0.05,0.5426845103502274,0.36178967356681824,0.2,0.0,-0.0,-0.0,-0.0,0.8,1.0,-0.0,0.0,-0.0,-0.0,0.0,0.0,0.0,0.4462693473743275,-0.0,-0.0,-0.0,0.02,0.0,0.0,0.0,0.0,0.0,0.0,0.36178967356681824,32.13139301095158,32.4,0.0,0.6,0.0,1.0,2.0,4.0,0.0,1.0,0.0,1.0,0.0,0.0,0.0,0.0,0.0,0.0,0.0,0.0,0.0,0.0,0.0,0.0,0.0,0.0,0.0,0.0,0.0,0.0,0.0,50.2796516418457,74.23834228515625,50.010009765625,74.06602478027344,-0.2696418762207031,-0.1723175048828125,0.3200001120567322,-2.572946152181332,-0.8426276445388794,-0.538496732711792,1.0,-11.128565788269043,34.99428939819336,0.0,28.0,28.0,28.0,0.0,0.0,0.0,0.0,0.0,1.0,120.0,1.0,1.0,1.0,0.0,0.0,45.76110001653433,0.7051000138744712,6.800599978305399,31.148399924859405,16.339700086973608,4.0,4.30549995508045,1.976400031708181,0.7804000051692128,0.000500003807246685
1,194,194,3.1163038065717523,0,0,2.0,4.0,1.0,1.0,1.0,1.0,1.0,1.0,1.0,0.9538555145263672,0.9386811256408691,1.0,1.0,1.0,0.9386811256408691,1.0,1.0,0.9386811256408691,1.0,0.0,0.5087425708770752,0.32267847657203674,0.6024453639984131,0.5356144905090332,0.45901989936828613,-0.7125544548034668,0.0,-0.0007772616227157414,0.9687306880950928,0.24811449646949768,0.0,0.0,0.0,0.0,0.0,0.0,71.70991516113281,23.46702766418457,25.0,25.0,25.0,23.46702766418457,0.0,1.0,0.9386811065673828,1.0,0.0,0.0,0.0,0.0,0.0,-0.05337703227996826,0.6038363783313592,0.7740421551465988,1.7718023053737628,0.02,-0.0,-0.00033651726698731967,-2.5146700320659695e-05,0.0,0.15,-0.0,0.0,0.0,-0.0,0.0,0.0,0.0,0.0,0.35,0.0,0.0,0.0,0.0,0.0,0.0,0.0,0.0,0.25,-0.0,-4.668212890625,0.0,-1.0533770322799683,-0.0,-0.583526611328125,-0.583526611328125,-0.05,0.5440421551465988,0.36269477009773254,0.2,0.0,-0.0,-0.0,-0.0,0.8,1.0,-0.0,0.0,-0.0,-0.0,0.0,0.0,0.0,0.4541980422986671,-0.0,-0.0,-0.02819769462623724,0.02,0.0,0.0,0.0,0.0,0.0,0.0,0.36269477009773254,32.702259045504036,32.4,1.0,0.0,0.0,1.0,2.0,4.0,0.0,1.0,0.0,1.0,0.0,0.0,0.0,0.0,0.0,0.0,0.0,0.0,0.0,0.0,0.0,0.0,0.0,0.0,0.0,0.0,0.0,0.0,0.0,50.01018142700195,74.06621551513672,49.739952087402344,73.89482116699219,-0.2702293395996094,-0.17139434814453125,0.3199998736381531,-2.576365611684197,-0.8444626331329346,-0.5356144905090332,1.0,-11.038928985595703,35.34479904174805,0.0,28.0,28.0,28.0,0.0,0.0,0.0,0.0,0.0,1.0,120.0,1.0,1.0,1.0,0.0,0.0,26.860399986617267,0.42069994378834963,5.968500045128167,12.189099914394319,8.194599999114871,4.0,4.654299933463335,2.9214000096544623,0.6755000213161111,0.000200001522898674
1,195,195,3.447606210423691,0,0,2.0,4.0,1.0,1.0,1.0,1.0,1.0,1.0,1.0,0.9538555145263672,0.9386811256408691,1.0,1.0,1.0,0.9386811256408691,1.0,1.0,0.9386811256408691,1.0,0.0,0.5057418942451477,0.31832391023635864,0.5975826382637024,0.5326859951019287,0.46717512607574463,0.4955434203147888,0.0,-0.0007772616227157414,0.9687631130218506,0.24798791110515594,0.0,0.0,0.0,0.0,0.0,0.0,71.12944030761719,24.22909164428711,25.0,25.0,25.0,24.22909164428711,0.0,1.0,0.9691636657714844,1.0,0.0,0.0,0.0,0.0,0.0,-0.04117000102996826,0.8989323839676205,0.7698438274860382,1.8,0.02,-0.0,-0.00033651726698731967,-1.8539453741516043e-05,0.30482559204101567,0.15,-0.0,0.0,0.0,-0.0,0.0,0.0,0.0,0.0,0.35,0.0,0.0,0.0,0.0,0.0,0.0,0.0,0.0,0.25,-0.0,-4.643798828125,0.0,-1.0411700010299683,-0.0,-0.580474853515625,-0.580474853515625,-0.05,0.5398438274860382,0.35989588499069214,0.2,0.0,-0.0,-0.0,-0.0,0.8,1.0,-0.0,0.0,-0.0,-0.0,0.0,0.0,0.0,0.4444618486473337,-0.0,-0.0,-0.0,0.02,0.0,0.0,0.0,0.0,0.0,0.0,0.35989588499069214,32.001253102608025,32.4,0.0,0.6,0.0,1.0,2.0,4.0,0.0,1.0,0.0,1.0,0.0,0.0,0.0,0.0,0.0,0.0,0.0,0.0,0.0,0.0,0.0,0.0,0.0,0.0,0.0,0.0,0.0,0.0,0.0,49.7401237487793,73.89501190185547,49.469303131103516,73.72455596923828,-0.27082061767578125,-0.1704559326171875,0.31999847292900085,-2.5798317408366014,-0.846312940120697,-0.5326859951019287,1.0,-10.948905944824219,35.696144104003906,0.0,28.0,28.0,28.0,0.0,0.0,0.0,0.0,0.0,1.0,120.0,1.0,1.0,1.0,0.0,0.0,54.246700019575655,0.47309999354183674,4.967900109477341,39.88480009138584,18.098399974405766,4.0,5.0963000394403934,3.069699974730611,0.7117999484762549,0.000500003807246685
1,196,196,3.146951270958012,0,0,2.0,4.0,1.0,1.0,1.0,1.0,1.0,1.0,1.0,0.9691636562347412,0.9705350995063782,1.0,1.0,1.0,0.9691636562347412,1.0,1.0,0.9691636562347412,1.0,0.0,0.5027439594268799,0.3139992654323578,0.5927453637123108,0.5297372341156006,0.4571607708930969,-0.6085121035575867,0.0,-0.0007455586455762386,0.9687513709068298,0.24803371727466583,0.0,0.0,0.0,0.0,0.0,0.0,70.54901885986328,24.22909164428711,25.0,25.0,25.0,24.22909164428711,0.0,1.0,0.9691636657714844,1.0,0.0,0.0,0.0,0.0,0.0,-0.04090464115142822,0.6013326523397687,0.7710806387662887,1.795442621003383,0.02,-0.0,-0.00033651726698731967,-1.8539453741516043e-05,0.0,0.15,-0.0,0.0,0.0,-0.0,0.0,0.0,0.0,0.0,0.35,0.0,0.0,0.0,0.0,0.0,0.0,0.0,0.0,0.25,-0.0,-4.64337158203125,0.0,-1.0409046411514282,-0.0,-0.5804214477539062,-0.5804214477539062,-0.05,0.5410806387662888,0.3607204258441925,0.2,0.0,-0.0,-0.0,-0.0,0.8,1.0,-0.0,0.0,-0.0,-0.0,0.0,0.0,0.0,0.4516877090604976,-0.0,-0.0,-0.004557378996617105,0.02,0.0,0.0,0.0,0.0,0.0,0.0,0.3607204258441925,32.52151505235583,32.4,1.0,0.0,0.0,1.0,2.0,4.0,0.0,1.0,0.0,1.0,0.0,0.0,0.0,0.0,0.0,0.0,0.0,0.0,0.0,0.0,0.0,0.0,0.0,0.0,0.0,0.0,0.0,0.0,0.0,49.46947479248047,73.72474670410156,49.198062896728516,73.55522918701172,-0.2714118957519531,-0.16951751708984375,0.32000094652175903,-2.583297857052673,-0.8481618165969849,-0.5297372341156006,1.0,-10.859797477722168,36.04483413696289,0.0,28.0,28.0,28.0,0.0,0.0,0.0,0.0,0.0,1.0,120.0,1.0,1.0,1.0,0.0,0.0,65.613399958238,0.6858999840915203,9.124699980020523,43.97999995853752,17.981299897655845,4.0,7.970100035890937,3.1250999309122562,0.6876999977976084,0.000400003045797348
1,197,197,2.6601679583657063,0,0,2.0,3.0,1.0,1.0,1.0,1.0,1.0,1.0,1.0,0.9691636562347412,0.9705350995063782,1.0,1.0,1.0,0.9691636562347412,1.0,1.0,0.9691636562347412,1.0,0.0,0.4997367858886719,0.30967646837234497,0.5879085063934326,0.5267426371574402,0.4645930826663971,0.4516162872314453,0.0,-0.0007455586455762386,0.9687813520431519,0.24791665375232697,0.0,0.0,0.0,0.0,0.0,0.0,69.97156524658203,24.530651092529297,25.0,25.0,25.0,24.530651092529297,0.0,1.0,0.9812260437011718,1.0,0.0,0.0,0.0,0.0,0.0,-0.029055476188659668,0.7113142361510074,0.74290922164917,1.2149999767541886,0.02,-0.0,-0.00033651726698731967,-1.6432766791543344e-05,0.12062377929687501,0.15,-0.0,0.0,0.0,-0.0,0.0,0.0,0.0,0.0,0.35,0.0,0.0,0.0,0.0,0.0,0.0,0.0,0.0,0.25,-0.0,-4.61962890625,0.0,-1.0290554761886597,-0.0,-0.57745361328125,-0.57745361328125,-0.05,0.5369092226028442,0.3579394817352295,0.2,0.0,-0.0,-0.0,-0.0,0.5599999904632569,0.699999988079071,-0.0,0.0,-0.0,-0.0,0.0,0.0,0.0,0.44104340688791127,-0.04500000178813934,-0.0,-0.0,0.02,0.0,0.0,0.0,0.0,0.0,0.0,0.3579394817352295,31.755125295929613,32.4,0.0,0.6,0.0,0.699999988079071,2.0,3.0,0.0,0.699999988079071,0.0,0.699999988079071,0.0,0.0,0.0,0.0,0.0,0.0,0.0,0.0,0.0,0.0,0.0,0.0,0.0,0.0,0.0,0.0,0.0,0.0,0.0,49.19823455810547,73.555419921875,48.92622756958008,73.3868637084961,-0.2720069885253906,-0.16855621337890625,0.31999844312667847,-2.586830955762377,-0.8500247597694397,-0.5267426371574402,1.0,-10.770180702209473,36.39424514770508,0.0,28.0,28.0,28.0,0.0,0.0,0.0,0.0,0.0,1.0,120.0,1.0,1.0,1.0,0.0,0.0,54.19049994088709,0.4420999903231859,8.797000045888126,38.27730007469654,17.09579990711063,4.0,3.7544999504461884,2.347600064240396,0.5409999284893274,0.000400003045797348
1,198,198,3.114059324010228,0,0,2.0,4.0,1.0,1.0,1.0,1.0,1.0,1.0,1.0,0.985985279083252,0.9812260270118713,1.0,1.0,1.0,0.9812260270118713,1.0,1.0,0.9812260270118713,1.0,0.0,0.49673137068748474,0.3053838610649109,0.5830963850021362,0.5237279534339905,0.45364463329315186,-0.6652688980102539,0.0,-0.0003258703800383955,0.968776524066925,0.24793551862239838,0.0,0.0,0.0,0.0,0.0,0.0,69.39419555664062,24.530651092529297,25.0,25.0,25.0,24.530651092529297,0.0,1.0,0.9812260437011718,1.0,0.0,0.0,0.0,0.0,0.0,-0.028647303581237793,0.5993427554210177,0.7683638739585876,1.7549999982118607,0.02,-0.0,-0.00033651726698731967,-1.6432766791543344e-05,0.0,0.15,-0.0,0.0,0.0,-0.0,0.0,0.0,0.0,0.0,0.35,0.0,0.0,0.0,0.0,0.0,0.0,0.0,0.0,0.25,-0.0,-4.61895751953125,0.0,-1.0286473035812378,-0.0,-0.5773696899414062,-0.5773696899414062,-0.05,0.5383638739585876,0.3589092493057251,0.2,0.0,-0.0,-0.0,-0.0,0.8,1.0,-0.0,0.0,-0.0,-0.0,0.0,0.0,0.0,0.44969570545479653,-0.04500000178813934,-0.0,-0.0,0.02,0.0,0.0,0.0,0.0,0.0,0.0,0.3589092493057251,32.378090792745354,32.4,1.0,0.0,0.0,1.0,2.0,4.0,0.0,1.0,0.0,1.0,0.0,0.0,0.0,0.0,0.0,0.0,0.0,0.0,0.0,0.0,0.0,0.0,0.0,0.0,0.0,0.0,0.0,0.0,0.0,48.9264030456543,73.38705444335938,48.65380096435547,73.2194595336914,-0.2726020812988281,-0.16759490966796875,0.31999993324279785,-2.5903640707282816,-0.8518855571746826,-0.5237279534339905,1.0,-10.681361198425293,36.740989685058594,0.0,28.0,28.0,28.0,0.0,0.0,0.0,0.0,0.0,1.0,120.0,1.0,1.0,1.0,0.0,0.0,29.66459991876036,0.4553999751806259,5.9510000282898545,14.221199904568493,10.752400034107268,4.0,4.61069995071739,3.6074999952688813,0.78959995880723,0.000500003807246685
1,199,199,3.217973003794056,0,0,2.0,4.0,1.0,1.0,1.0,1.0,1.0,1.0,1.0,0.985985279083252,0.9812260270118713,1.0,1.0,1.0,0.9812260270118713,1.0,1.0,0.9812260270118713,1.0,0.0,0.49371781945228577,0.3010917007923126,0.5782849788665771,0.5206632018089294,0.46254414319992065,0.5407686829566956,0.0,-0.0003258703800383955,0.9688014388084412,0.24783819913864136,0.0,0.0,0.0,0.0,0.0,0.0,68.81266021728516,25.0,25.0,25.0,25.0,25.0,0.0,1.0,1.0,1.0,0.0,0.0,0.0,0.0,0.0,-0.045212745666503906,0.7964929982413722,0.7792928028106689,1.667399948408519,0.02,-0.0,-0.00033651726698731967,-1.3619978928745457e-05,0.18773956298828126,0.15,-0.0,0.0,0.0,-0.0,0.0,0.0,0.0,0.0,0.35,0.0,0.0,0.0,0.0,0.0,0.0,0.0,0.0,0.25,-0.0,-4.65228271484375,0.0,-1.045212745666504,-0.0,-0.5815353393554688,-0.5815353393554688,-0.05,0.549292802810669,0.3661952018737793,0.2,0.0,-0.0,-0.0,-0.0,0.8,1.0,-0.0,0.0,-0.0,-0.0,0.0,0.0,0.0,0.45910357249900696,-0.0,-0.0,-0.13260005159148106,0.02,0.0,0.0,0.0,0.0,0.0,0.0,0.3661952018737793,33.0554572199285,32.4,1.0,0.0,0.0,1.0,2.0,4.0,0.0,1.0,0.0,1.0,0.0,0.0,0.0,0.0,0.0,0.0,0.0,0.0,0.0,0.0,0.0,0.0,0.0,0.0,0.0,0.0,0.0,0.0,0.0,48.65397644042969,73.21964263916016,48.38077163696289,73.05303192138672,-0.2732048034667969,-0.1666107177734375,0.3199999928474426,-2.5939705906120674,-0.853762149810791,-0.5206632018089294,1.0,-10.5921630859375,37.08863830566406,0.0,28.0,28.0,28.0,0.0,0.0,0.0,0.0,0.0,1.0,120.0,1.0,1.0,1.0,0.0,0.0,55.851300014182925,0.6006000330671668,9.378400049172342,37.981499917805195,25.349500006996095,4.0,4.4704999309033155,2.6889999862760305,0.7000999758020043,0.000400003045797348
1,200,200,3.1601427576317636,0,0,2.0,4.0,1.0,1.0,1.0,1.0,1.0,1.0,1.0,1.0,1.0,1.0,1.0,1.0,1.0,1.0,1.0,1.0,1.0,0.0,0.4906856417655945,0.296748548746109,0.573438823223114,0.5174894332885742,0.4722208082675934,0.5879917144775391,0.0,0.000949049019254744,0.9688199162483215,0.24776600301265717,0.0,0.0,0.0,0.0,0.0,0.0,68.2342758178711,25.0,25.0,25.0,25.0,25.0,0.0,1.0,1.0,1.0,0.0,0.0,0.0,0.0,0.0,-0.032630205154418945,0.5977364233507959,0.7750365394353866,1.8,0.02,-0.0,-0.00033651726698731967,-1.3619978928745457e-05,0.0,0.15,-0.0,0.0,0.0,-0.0,0.0,0.0,0.0,0.0,0.35,0.0,0.0,0.0,0.0,0.0,0.0,0.0,0.0,0.25,-0.0,-4.6270751953125,0.0,-1.032630205154419,-0.0,-0.5783843994140625,-0.5783843994140625,-0.05,0.5450365394353867,0.36335769295692444,0.2,0.0,-0.0,-0.0,-0.0,0.8,1.0,-0.0,0.0,-0.0,-0.0,0.0,0.0,0.0,0.448086560596712,-0.0,-0.0,-0.0,0.02,0.0,0.0,0.0,0.0,0.0,0.0,0.36335769295692444,32.26223236296326,32.4,0.0,0.6,0.0,1.0,2.0,4.0,0.0,1.0,0.0,1.0,0.0,0.0,0.0,0.0,0.0,0.0,0.0,0.0,0.0,0.0,0.0,0.0,0.0,0.0,0.0,0.0,0.0,0.0,0.0,48.38094711303711,73.05321502685547,48.10712814331055,72.88761901855469,-0.2738189697265625,-0.16559600830078125,0.31999823451042175,-2.5976771530500327,-0.8556895852088928,-0.5174894332885742,1.0,-10.50133228302002,37.443389892578125,0.0,28.0,28.0,28.0,0.0,0.0,0.0,0.0,0.0,1.0,120.0,1.0,1.0,1.0,0.0,0.0,47.2291000187397,0.5021999822929502,7.061699987389147,31.359000015072525,15.560699976049364,4.0,4.638400045223534,2.9751999536529183,0.6489000516012311,0.000500003807246685
1,201,201,3.10648603079065,0,0,2.0,4.0,1.0,1.0,1.0,1.0,1.0,1.0,1.0,1.0,1.0,1.0,1.0,1.0,1.0,1.0,1.0,1.0,1.0,0.0,0.4876561760902405,0.29243624210357666,0.5686189532279968,0.5142921209335327,0.4608890414237976,-0.6885632276535034,0.0,-0.0006546230870299041,0.9688018560409546,0.24783651530742645,0.0,0.0,0.0,0.0,0.0,0.0,67.65606689453125,25.0,25.0,25.0,25.0,25.0,0.0,1.0,1.0,1.0,0.0,0.0,0.0,0.0,0.0,-0.03185868263244629,0.6059775295154376,0.7764301705360412,1.7359370133716172,0.02,-0.0,-0.00033651726698731967,-1.3619978928745457e-05,0.0,0.15,-0.0,0.0,0.0,-0.0,0.0,0.0,0.0,0.0,0.35,0.0,0.0,0.0,0.0,0.0,0.0,0.0,0.0,0.25,-0.0,-4.62567138671875,0.0,-1.0318586826324463,-0.0,-0.5782089233398438,-0.5782089233398438,-0.05,0.5464301705360413,0.36428678035736084,0.2,0.0,-0.0,-0.0,-0.0,0.8,1.0,-0.0,0.0,-0.0,-0.0,0.0,0.0,0.0,0.4563276667613536,-0.0,-0.0,-0.06406298662838289,0.02,0.0,0.0,0.0,0.0,0.0,0.0,0.36428678035736084,32.85559200681746,32.4,1.0,0.0,0.0,1.0,2.0,4.0,0.0,1.0,0.0,1.0,0.0,0.0,0.0,0.0,0.0,0.0,0.0,0.0,0.0,0.0,0.0,0.0,0.0,0.0,0.0,0.0,0.0,0.0,0.0,48.107303619384766,72.88780212402344,47.83286666870117,72.72322845458984,-0.27443695068359375,-0.16457366943359375,0.32000020146369934,-2.6014102858732753,-0.857615053653717,-0.5142921209335327,1.0,-10.41143798828125,37.79545211791992,0.0,28.0,28.0,28.0,0.0,0.0,0.0,0.0,0.0,1.0,120.0,1.0,1.0,1.0,0.0,0.0,29.81129998806864,0.753199914470315,9.583899984136224,11.27070002257824,7.8746998915448785,4.0,4.5628000516444445,2.9328999808058143,0.671899993903935,0.000300002284348011
1,202,202,3.168092344389222,0,0,2.0,4.0,1.0,1.0,1.0,1.0,1.0,1.0,1.0,1.0,1.0,1.0,1.0,1.0,1.0,1.0,1.0,1.0,1.0,0.0,0.48461824655532837,0.28812533617019653,0.563800573348999,0.5110412240028381,0.46936559677124023,0.5150691270828247,0.0,-0.0006546230870299041,0.9688271284103394,0.24773772060871124,0.0,0.0,0.0,0.0,0.0,0.0,67.08086395263672,25.0,25.0,25.0,25.0,25.0,0.0,1.0,1.0,1.0,0.0,0.0,0.0,0.0,0.0,-0.019803762435913086,0.5956292164185268,0.7722668904066086,1.8,0.02,-0.0,-0.00033651726698731967,-1.3619978928745457e-05,0.0,0.15,-0.0,0.0,0.0,-0.0,0.0,0.0,0.0,0.0,0.35,0.0,0.0,0.0,0.0,0.0,0.0,0.0,0.0,0.25,-0.0,-4.60162353515625,0.0,-1.019803762435913,-0.0,-0.5752029418945312,-0.5752029418945312,-0.05,0.5422668904066086,0.3615112602710724,0.2,0.0,-0.0,-0.0,-0.0,0.8,1.0,-0.0,0.0,-0.0,-0.0,0.0,0.0,0.0,0.4459793536644429,-0.0,-0.0,-0.0,0.02,0.0,0.0,0.0,0.0,0.0,0.0,0.3615112602710724,32.11051346383989,32.4,0.0,0.6,0.0,1.0,2.0,4.0,0.0,1.0,0.0,1.0,0.0,0.0,0.0,0.0,0.0,0.0,0.0,0.0,0.0,0.0,0.0,0.0,0.0,0.0,0.0,0.0,0.0,0.0,0.0,47.83304214477539,72.7234115600586,47.5579833984375,72.55987548828125,-0.2750587463378906,-0.16353607177734375,0.32000213861465454,-2.6051904236138976,-0.8595561981201172,-0.5110412240028381,1.0,-10.321149826049805,38.148372650146484,0.0,28.0,28.0,28.0,0.0,0.0,0.0,0.0,0.0,1.0,120.0,1.0,1.0,1.0,0.0,0.0,79.69270006287843,0.45409996528178453,7.924100034870207,65.17870002426207,26.521699968725443,4.0,4.010200034826994,1.629499951377511,0.453700078651309,0.000300002284348011
1,203,203,3.1549784592799006,0,0,2.0,4.0,1.0,1.0,1.0,1.0,1.0,1.0,1.0,1.0,1.0,1.0,1.0,1.0,1.0,1.0,1.0,1.0,1.0,0.0,0.48158174753189087,0.2838452458381653,0.5590072274208069,0.5077666640281677,0.4587216079235077,-0.6467695832252502,0.0,-0.00038822999340482056,0.9688175916671753,0.24777500331401825,0.0,0.0,0.0,0.0,0.0,0.0,66.50580596923828,25.0,25.0,25.0,25.0,25.0,0.0,1.0,1.0,1.0,0.0,0.0,0.0,0.0,0.0,-0.01926887035369873,0.6034323465264587,0.773706476688385,1.7771085064187555,0.02,-0.0,-0.00033651726698731967,-1.3619978928745457e-05,0.0,0.15,-0.0,0.0,0.0,-0.0,0.0,0.0,0.0,0.0,0.35,0.0,0.0,0.0,0.0,0.0,0.0,0.0,0.0,0.25,-0.0,-4.6004638671875,0.0,-1.0192688703536987,-0.0,-0.5750579833984375,-0.5750579833984375,-0.05,0.543706476688385,0.36247098445892334,0.2,0.0,-0.0,-0.0,-0.0,0.8,1.0,-0.0,0.0,-0.0,-0.0,0.0,0.0,0.0,0.45378248377237473,-0.0,-0.0,-0.02289149358124458,0.02,0.0,0.0,0.0,0.0,0.0,0.0,0.36247098445892334,32.67233883161098,32.4,1.0,0.0,0.0,1.0,2.0,4.0,0.0,1.0,0.0,1.0,0.0,0.0,0.0,0.0,0.0,0.0,0.0,0.0,0.0,0.0,0.0,0.0,0.0,0.0,0.0,0.0,0.0,0.0,0.0,47.55815887451172,72.56005859375,47.2824821472168,72.39757537841797,-0.2756767272949219,-0.16248321533203125,0.3199975788593292,-2.6090054875023627,-0.8614947199821472,-0.5077666640281677,1.0,-10.23165225982666,38.49863052368164,0.0,28.0,28.0,28.0,0.0,0.0,0.0,0.0,0.0,1.0,120.0,1.0,1.0,1.0,0.0,0.0,27.647699927911162,0.41560002136975527,5.473400000482798,15.797700034454465,12.65000004786998,4.0,2.965299994684756,2.531199948862195,0.4417999880388379,0.000400003045797348
1,204,204,2.5673148509626462,0,0,2.0,3.0,1.0,1.0,1.0,1.0,1.0,1.0,1.0,1.0,1.0,1.0,1.0,1.0,1.0,1.0,1.0,1.0,1.0,0.0,0.47853606939315796,0.2795667052268982,0.5542150735855103,0.5044372081756592,0.4667477011680603,0.4876956343650818,0.0,-0.00038822999340482056,0.9688422679901123,0.24767854809761047,0.0,0.0,0.0,0.0,0.0,0.0,65.93375396728516,25.0,25.0,25.0,25.0,25.0,0.0,1.0,1.0,1.0,0.0,0.0,0.0,0.0,0.0,-0.007205486297607422,0.5939326402311398,0.7455877202749253,1.2149999767541886,0.02,-0.0,-0.00033651726698731967,-1.3619978928745457e-05,0.0,0.15,-0.0,0.0,0.0,-0.0,0.0,0.0,0.0,0.0,0.35,0.0,0.0,0.0,0.0,0.0,0.0,0.0,0.0,0.25,-0.0,-4.576416015625,0.0,-1.0072054862976074,-0.0,-0.572052001953125,-0.572052001953125,-0.05,0.5395877212285995,0.35972514748573303,0.2,0.0,-0.0,-0.0,-0.0,0.5599999904632569,0.699999988079071,-0.0,0.0,-0.0,-0.0,0.0,0.0,0.0,0.44428277747705586,-0.04500000178813934,-0.0,-0.0,0.02,0.0,0.0,0.0,0.0,0.0,0.0,0.35972514748573303,31.98835997834802,32.4,0.0,0.6,0.0,0.699999988079071,2.0,3.0,0.0,0.699999988079071,0.0,0.699999988079071,0.0,0.0,0.0,0.0,0.0,0.0,0.0,0.0,0.0,0.0,0.0,0.0,0.0,0.0,0.0,0.0,0.0,0.0,0.0,47.28266143798828,72.39775848388672,47.0063591003418,72.23633575439453,-0.2763023376464844,-0.1614227294921875,0.32000043988227844,-2.6128532046459543,-0.8634483218193054,-0.5044372081756592,1.0,-10.141667366027832,38.849754333496094,0.0,28.0,28.0,28.0,0.0,0.0,0.0,0.0,0.0,1.0,120.0,1.0,1.0,1.0,0.0,0.0,48.55430009774864,0.595899997279048,5.405800067819655,35.81189992837608,16.736900084652007,4.0,4.3209000723436475,1.7719999887049198,0.6120000034570694,0.000400003045797348
1,205,205,3.1312522434603913,0,0,2.0,4.0,1.0,1.0,1.0,1.0,1.0,1.0,1.0,1.0,1.0,1.0,1.0,1.0,1.0,1.0,1.0,1.0,1.0,0.0,0.47549188137054443,0.2753189206123352,0.5494479537010193,0.5010827779769897,0.4569765627384186,-0.5937316417694092,0.0,-0.0006957245641387999,0.968832790851593,0.24771571159362793,0.0,0.0,0.0,0.0,0.0,0.0,65.36194610595703,25.0,25.0,25.0,25.0,25.0,0.0,1.0,1.0,1.0,0.0,0.0,0.0,0.0,0.0,-0.0061713457107543945,0.6022582666854558,0.7710513579845428,1.744113964501147,0.02,-0.0,-0.00033651726698731967,-1.3619978928745457e-05,0.0,0.15,-0.0,0.0,0.0,-0.0,0.0,0.0,0.0,0.0,0.35,0.0,0.0,0.0,0.0,0.0,0.0,0.0,0.0,0.25,-0.0,-4.574462890625,0.0,-1.0061713457107544,-0.0,-0.571807861328125,-0.571807861328125,-0.05,0.5410513579845428,0.36070090532302856,0.2,0.0,-0.0,-0.0,-0.0,0.8,1.0,-0.0,0.0,-0.0,-0.0,0.0,0.0,0.0,0.45260840393137186,-0.04500000178813934,-0.0,-0.010886033710713795,0.02,0.0,0.0,0.0,0.0,0.0,0.0,0.36070090532302856,32.587805083058775,32.4,1.0,0.0,0.0,1.0,2.0,4.0,0.0,1.0,0.0,1.0,0.0,0.0,0.0,0.0,0.0,0.0,0.0,0.0,0.0,0.0,0.0,0.0,0.0,0.0,0.0,0.0,0.0,0.0,0.0,47.00653839111328,72.23651885986328,46.729610443115234,72.076171875,-0.2769279479980469,-0.16034698486328125,0.32000038027763367,-2.6167420487583266,-0.8653993010520935,-0.5010827779769897,1.0,-10.05248737335205,39.19824981689453,0.0,28.0,28.0,28.0,0.0,0.0,0.0,0.0,0.0,1.0,120.0,1.0,1.0,1.0,0.0,0.0,32.478999928571284,0.7235000375658274,9.688600082881749,13.842199929058552,10.778199997730553,4.0,5.007599946111441,2.661600010469556,0.5284999497234821,0.000300002284348011
1,206,206,3.184496657778434,0,0,2.0,4.0,1.0,1.0,1.0,1.0,1.0,1.0,1.0,1.0,1.0,1.0,1.0,1.0,1.0,1.0,1.0,1.0,1.0,0.0,0.47243961691856384,0.2710724174976349,0.5446828603744507,0.49767017364501953,0.4655400812625885,0.5203516483306885,0.0,-0.0006957245641387999,0.9688584208488464,0.24761538207530975,0.0,0.0,0.0,0.0,0.0,0.0,64.79329681396484,25.0,25.0,25.0,25.0,25.0,0.0,1.0,1.0,1.0,0.0,0.0,0.0,0.0,0.0,0.0064553022384643555,0.5910749571816248,0.766966398358345,1.8,0.02,-0.0,-0.00033651726698731967,-1.3619978928745457e-05,0.0,0.15,-0.0,0.0,0.0,-0.0,0.0,0.0,0.0,0.0,0.35,0.0,0.0,0.0,0.0,0.0,0.0,0.0,0.0,0.25,-0.0,-4.5491943359375,0.0,-0.9935446977615356,-0.0,-0.5686492919921875,-0.5686492919921875,-0.05,0.536966398358345,0.35797759890556335,0.2,0.0,-0.0,-0.0,-0.0,0.8,1.0,-0.0,0.0,-0.0,-0.0,0.0,0.0,0.0,0.4414250944275409,-0.0,-0.0,-0.0,0.02,0.0,0.0,0.0,0.0,0.0,0.0,0.35797759890556335,31.782606798782947,32.4,0.0,0.6,0.0,1.0,2.0,4.0,0.0,1.0,0.0,1.0,0.0,0.0,0.0,0.0,0.0,0.0,0.0,0.0,0.0,0.0,0.0,0.0,0.0,0.0,0.0,0.0,0.0,0.0,0.0,46.72978973388672,72.07635498046875,46.452232360839844,71.91709899902344,-0.277557373046875,-0.1592559814453125,0.32000088691711426,-2.620678129138353,-0.867366373538971,-0.49767017364501953,1.0,-9.962964057922363,39.547664642333984,0.0,28.0,28.0,28.0,0.0,0.0,0.0,0.0,0.0,1.0,120.0,1.0,1.0,1.0,0.0,0.0,47.020599944517016,0.3912999527528882,4.810199956409633,35.577000002376735,26.303400052711368,4.0,3.156999940983951,2.389300032518804,0.6704999832436442,0.000500003807246685
1,207,207,4.745360606615356,0,0,2.0,4.0,1.0,1.0,1.0,1.0,1.0,1.0,1.0,1.0,1.0,1.0,1.0,1.0,1.0,1.0,1.0,1.0,1.0,0.0,0.4693904221057892,0.26685631275177,0.5399441123008728,0.4942294955253601,0.45403724908828735,-0.6989568471908569,0.0,-0.0006776159279979765,0.9688403606414795,0.2476859986782074,0.0,0.0,0.0,0.0,0.0,0.0,64.22489166259766,25.0,25.0,25.0,25.0,25.0,0.0,1.0,1.0,1.0,0.0,0.0,0.0,0.0,0.0,0.007489562034606934,0.5994473126576466,2.318423731923103,1.8,0.02,-0.0,-0.00033651726698731967,-1.3619978928745457e-05,0.0,0.15,-0.0,0.0,0.0,-0.0,0.0,0.0,0.0,0.0,0.35,0.0,0.0,0.0,0.0,0.0,0.0,0.0,0.0,0.25,-0.0,-4.5472412109375,0.0,-0.9925104379653931,-0.0,-0.5684051513671875,-0.5684051513671875,1.5,0.5384237319231033,0.3589491546154022,0.2,0.0,-0.0,-0.0,-0.0,0.8,1.0,-0.0,0.0,-0.0,-0.0,0.0,0.0,0.0,0.44979744990356263,-0.0,-0.0,-0.0,0.02,0.0,0.0,0.0,0.0,0.0,0.0,0.3589491546154022,32.38541639305651,32.4,1.0,0.0,0.0,1.0,2.0,4.0,0.0,1.0,0.0,1.0,0.0,0.0,0.0,0.0,0.0,0.0,0.0,0.0,0.0,0.0,0.0,0.0,0.0,0.0,0.0,0.0,0.0,0.0,0.0,46.45241165161133,71.91728210449219,46.174224853515625,71.7591323852539,-0.2781867980957031,-0.15814971923828125,0.3199988007545471,-2.6246556055627157,-0.8693314790725708,-0.4942294955253601,1.0,-9.874438285827637,39.89452362060547,0.0,28.0,28.0,28.0,0.0,0.0,0.0,0.0,0.0,1.0,120.0,1.0,1.0,1.0,0.0,0.0,58.90679999720305,0.6101999897509813,7.7049999963492155,39.55819993279874,23.761199903674424,4.0,5.714999977499247,4.2498999973759055,1.0232999920845032,0.000500003807246685
1,208,208,2.5189676536139483,0,0,2.0,3.0,1.0,1.0,1.0,1.0,1.0,1.0,1.0,1.0,1.0,1.0,1.0,1.0,1.0,1.0,1.0,1.0,1.0,0.0,0.4663327634334564,0.26264190673828125,0.5352074503898621,0.4907291829586029,0.46264880895614624,0.5232722163200378,0.0,0.001101984758861363,0.9688671827316284,0.24758094549179077,0.0,0.0,0.0,0.0,0.0,0.0,63.653465270996094,25.0,25.0,25.0,25.0,25.0,0.0,1.0,1.0,1.0,0.0,0.0,0.0,0.0,0.0,-0.004487395286560059,0.6063266992707921,0.7534566062688828,1.1436717433608334,0.02,-0.0,-0.00033651726698731967,-1.3619978928745457e-05,0.0,0.15,-0.0,0.0,0.0,-0.0,0.0,0.0,0.0,0.0,0.35,0.0,0.0,0.0,0.0,0.0,0.0,0.0,0.0,0.25,-0.0,-4.5714111328125,0.0,-1.00448739528656,-0.0,-0.5714263916015625,-0.5714263916015625,-0.05,0.5474566072225571,0.3649710714817047,0.2,0.0,-0.0,-0.0,-0.0,0.5599999904632569,0.699999988079071,-0.0,0.0,-0.0,-0.0,0.0,0.0,0.0,0.45667683651670815,-0.04500000178813934,-0.0,-0.07132823339335519,0.02,0.0,0.0,0.0,0.0,0.0,0.0,0.3649710714817047,32.880732229202984,32.4,0.7326086850269979,0.0,0.0,0.699999988079071,2.0,3.0,0.0,0.699999988079071,0.0,0.699999988079071,0.0,0.0,0.0,0.0,0.0,0.0,0.0,0.0,0.0,0.0,0.0,0.0,0.0,0.0,0.0,0.0,0.0,0.0,0.0,46.17440414428711,71.75931549072266,45.89558410644531,71.60227966308594,-0.2788200378417969,-0.15703582763671875,0.32000136375427246,-2.6286596733793943,-0.8713122010231018,-0.4907291829586029,1.0,-9.785526275634766,40.242286682128906,0.0,28.0,28.0,28.0,0.0,0.0,0.0,0.0,0.0,1.0,120.0,1.0,1.0,1.0,0.0,0.0,68.75370000489056,0.6187999388203025,8.092000032775104,50.816899980418384,34.320599981583655,4.0,6.393500021658838,2.0967000164091587,0.6983000785112381,0.000500003807246685
1,209,209,3.152303810920492,0,0,2.0,4.0,1.0,1.0,1.0,1.0,1.0,1.0,1.0,1.0,1.0,1.0,1.0,1.0,1.0,1.0,1.0,1.0,1.0,0.0,0.46325820684432983,0.258387953042984,0.5304455161094666,0.48711490631103516,0.46972474455833435,0.4299616515636444,0.0,0.001101984758861363,0.9688738584518433,0.24755500257015228,0.0,0.0,0.0,0.0,0.0,0.0,63.085594177246094,25.0,25.0,25.0,25.0,25.0,0.0,1.0,1.0,1.0,0.0,0.0,0.0,0.0,0.0,0.00969839096069336,0.5956138600967077,0.7719915616512298,1.7549999982118607,0.02,-0.0,-0.00033651726698731967,-1.3619978928745457e-05,0.0,0.15,-0.0,0.0,0.0,-0.0,0.0,0.0,0.0,0.0,0.35,0.0,0.0,0.0,0.0,0.0,0.0,0.0,0.0,0.25,-0.0,-4.54296875,0.0,-0.9903016090393066,-0.0,-0.56787109375,-0.56787109375,-0.05,0.5419915616512299,0.3613277077674866,0.2,0.0,-0.0,-0.0,-0.0,0.8,1.0,-0.0,0.0,-0.0,-0.0,0.0,0.0,0.0,0.44596399734262376,-0.04500000178813934,-0.0,-0.0,0.02,0.0,0.0,0.0,0.0,0.0,0.0,0.3613277077674866,32.10940780866891,32.4,0.0,0.6,0.0,1.0,2.0,4.0,0.0,1.0,0.0,1.0,0.0,0.0,0.0,0.0,0.0,0.0,0.0,0.0,0.0,0.0,0.0,0.0,0.0,0.0,0.0,0.0,0.0,0.0,0.0,45.8957633972168,71.60246276855469,45.616294860839844,71.44658660888672,-0.2794685363769531,-0.15587615966796875,0.3200000524520874,-2.6328117938422775,-0.8733379244804382,-0.48711493611335754,1.0,-9.695220947265625,40.595909118652344,0.0,28.0,28.0,28.0,0.0,0.0,0.0,0.0,0.0,1.0,120.0,1.0,1.0,1.0,0.0,0.0,98.87099999468774,0.5929000908508897,8.719399920664728,80.26369998697191,41.19600006379187,4.0,6.303900037892163,2.182499971240759,0.7524000247940421,0.0004998873919248581
1,210,210,3.186002797347149,0,0,2.0,4.0,1.0,1.0,1.0,1.0,1.0,1.0,1.0,1.0,1.0,1.0,1.0,1.0,1.0,1.0,1.0,1.0,1.0,0.0,0.4601851999759674,0.254173219203949,0.5257132649421692,0.48348259925842285,0.4587058126926422,-0.6695524454116821,0.0,3.4740012779366225e-05,0.9688733816146851,0.24755671620368958,0.0,0.0,0.0,0.0,0.0,0.0,62.51805114746094,25.0,25.0,25.0,25.0,25.0,0.0,1.0,1.0,1.0,0.0,0.0,0.0,0.0,0.0,0.011071205139160156,0.6033405960955841,0.7733854162693024,1.7782055798431025,0.02,-0.0,-0.00033651726698731967,-1.3619978928745457e-05,0.0,0.15,-0.0,0.0,0.0,-0.0,0.0,0.0,0.0,0.0,0.35,0.0,0.0,0.0,0.0,0.0,0.0,0.0,0.0,0.25,-0.0,-4.54034423828125,0.0,-0.9889287948608398,-0.0,-0.5675430297851562,-0.5675430297851562,-0.05,0.5433854162693024,0.3622569441795349,0.2,0.0,-0.0,-0.0,-0.0,0.8,1.0,-0.0,0.0,-0.0,-0.0,0.0,0.0,0.0,0.4536907333415002,-0.0,-0.0,-0.021794420156897535,0.02,0.0,0.0,0.0,0.0,0.0,0.0,0.3622569441795349,32.66573280058801,32.4,1.0,0.0,0.0,1.0,2.0,4.0,0.0,1.0,0.0,1.0,0.0,0.0,0.0,0.0,0.0,0.0,0.0,0.0,0.0,0.0,0.0,0.0,0.0,0.0,0.0,0.0,0.0,0.0,0.0,45.616477966308594,71.44676971435547,45.33636474609375,71.29205322265625,-0.28011322021484375,-0.15471649169921875,0.32000094652175903,-2.6369580897987492,-0.875353991985321,-0.48348256945610046,1.0,-9.605748176574707,40.94598388671875,0.0,28.0,28.0,28.0,0.0,0.0,0.0,0.0,0.0,1.0,120.0,1.0,1.0,1.0,0.0,0.0,46.13869998138398,0.7205000147223473,11.444400064647198,24.721699999645352,18.170200055465102,4.0,5.16329996753484,3.319400013424456,0.7207000162452459,0.000400003045797348
1,211,211,3.2064843156281113,0,0,2.0,4.0,1.0,1.0,1.0,1.0,1.0,1.0,1.0,1.0,1.0,1.0,1.0,1.0,1.0,1.0,1.0,1.0,1.0,0.0,0.457103431224823,0.2499610334634781,0.5209837555885315,0.47978660464286804,0.46665331721305847,0.4829210042953491,0.0,3.4740012779366225e-05,0.9688954949378967,0.2474701702594757,0.0,0.0,0.0,0.0,0.0,0.0,61.953643798828125,25.0,25.0,25.0,25.0,25.0,0.0,1.0,1.0,1.0,0.0,0.0,0.0,0.0,0.0,0.02362346649169922,0.5936455079260466,0.7692153412103653,1.8,0.02,-0.0,-0.00033651726698731967,-1.3619978928745457e-05,0.0,0.15,-0.0,0.0,0.0,-0.0,0.0,0.0,0.0,0.0,0.35,0.0,0.0,0.0,0.0,0.0,0.0,0.0,0.0,0.25,-0.0,-4.5152587890625,0.0,-0.9763765335083008,-0.0,-0.5644073486328125,-0.5644073486328125,-0.05,0.5392153412103653,0.35947689414024353,0.2,0.0,-0.0,-0.0,-0.0,0.8,1.0,-0.0,0.0,-0.0,-0.0,0.0,0.0,0.0,0.44399564517196266,-0.0,-0.0,-0.0,0.02,0.0,0.0,0.0,0.0,0.0,0.0,0.35947689414024353,31.96768645238131,32.4,0.0,0.6,0.0,1.0,2.0,4.0,0.0,1.0,0.0,1.0,0.0,0.0,0.0,0.0,0.0,0.0,0.0,0.0,0.0,0.0,0.0,0.0,0.0,0.0,0.0,0.0,0.0,0.0,0.0,45.3365478515625,71.292236328125,45.0557861328125,71.13870239257812,-0.28076171875,-0.153533935546875,0.31999969482421875,-2.641172766771092,-0.8773851990699768,-0.47978660464286804,1.0,-9.51586627960205,41.296913146972656,0.0,28.0,28.0,28.0,0.0,0.0,0.0,0.0,0.0,1.0,120.0,1.0,1.0,1.0,0.0,0.0,67.1714999480173,0.4685999592766166,6.916100042872131,52.8110999148339,22.344599943608046,4.0,3.340100054629147,2.528499928303063,1.06969999615103,0.000500003807246685
1,212,212,3.212851861686541,0,0,2.0,4.0,1.0,1.0,1.0,1.0,1.0,1.0,1.0,1.0,1.0,1.0,1.0,1.0,1.0,1.0,1.0,1.0,1.0,0.0,0.4540233910083771,0.24578078091144562,0.5162803530693054,0.4760606586933136,0.4566812217235565,-0.6059430241584778,0.0,-0.0007243815925903618,0.9688854813575745,0.24750947952270508,0.0,0.0,0.0,0.0,0.0,0.0,61.389671325683594,25.0,25.0,25.0,25.0,25.0,0.0,1.0,1.0,1.0,0.0,0.0,0.0,0.0,0.0,0.025386691093444824,0.6013270561955122,0.7706388789415359,1.7954992354560482,0.02,-0.0,-0.00033651726698731967,-1.3619978928745457e-05,0.0,0.15,-0.0,0.0,0.0,-0.0,0.0,0.0,0.0,0.0,0.35,0.0,0.0,0.0,0.0,0.0,0.0,0.0,0.0,0.25,-0.0,-4.51177978515625,0.0,-0.9746133089065552,-0.0,-0.5639724731445312,-0.5639724731445312,-0.05,0.540638878941536,0.3604259192943573,0.2,0.0,-0.0,-0.0,-0.0,0.8,1.0,-0.0,0.0,-0.0,-0.0,0.0,0.0,0.0,0.45167719344142826,-0.0,-0.0,-0.004500764543951772,0.02,0.0,0.0,0.0,0.0,0.0,0.0,0.3604259192943573,32.52075792778283,32.4,1.0,0.0,0.0,1.0,2.0,4.0,0.0,1.0,0.0,1.0,0.0,0.0,0.0,0.0,0.0,0.0,0.0,0.0,0.0,0.0,0.0,0.0,0.0,0.0,0.0,0.0,0.0,0.0,0.0,45.05596923828125,71.13888549804688,44.774559020996094,70.9865493774414,-0.28141021728515625,-0.15233612060546875,0.3199968636035919,-2.645429331282632,-0.8794124722480774,-0.476060688495636,1.0,-9.426837921142578,41.64519119262695,0.0,28.0,28.0,28.0,0.0,0.0,0.0,0.0,0.0,1.0,120.0,1.0,1.0,1.0,0.0,0.0,63.90900001861155,0.6603000219911337,7.001699996180832,45.45419989153743,27.047100011259317,4.0,6.636300007812679,2.7045999886468053,1.407400006428361,0.000400003045797348
1,213,213,3.2154115986776723,0,0,2.0,4.0,1.0,1.0,1.0,1.0,1.0,1.0,1.0,1.0,1.0,1.0,1.0,1.0,1.0,1.0,1.0,1.0,1.0,0.0,0.45093536376953125,0.24160295724868774,0.5115805864334106,0.47226765751838684,0.46458226442337036,0.4800967574119568,0.0,-0.0007243815925903618,0.9689136147499084,0.24739935994148254,0.0,0.0,0.0,0.0,0.0,0.0,60.828922271728516,25.0,25.0,25.0,25.0,25.0,0.0,1.0,1.0,1.0,0.0,0.0,0.0,0.0,0.0,0.038347721099853516,0.5905275267315282,0.7665363508462906,1.8,0.02,-0.0,-0.00033651726698731967,-1.3619978928745457e-05,0.0,0.15,-0.0,0.0,0.0,-0.0,0.0,0.0,0.0,0.0,0.35,0.0,0.0,0.0,0.0,0.0,0.0,0.0,0.0,0.25,-0.0,-4.485992431640625,0.0,-0.9616522789001465,-0.0,-0.5607490539550781,-0.5607490539550781,-0.05,0.5365363508462906,0.3576909005641937,0.2,0.0,-0.0,-0.0,-0.0,0.8,1.0,-0.0,0.0,-0.0,-0.0,0.0,0.0,0.0,0.4408776639774442,-0.0,-0.0,-0.0,0.02,0.0,0.0,0.0,0.0,0.0,0.0,0.3576909005641937,31.743191806375982,32.4,0.0,0.6,0.0,1.0,2.0,4.0,0.0,1.0,0.0,1.0,0.0,0.0,0.0,0.0,0.0,0.0,0.0,0.0,0.0,0.0,0.0,0.0,0.0,0.0,0.0,0.0,0.0,0.0,0.0,44.774742126464844,70.98672485351562,44.49267578125,70.83560180664062,-0.28206634521484375,-0.151123046875,0.3199993669986725,-2.649739195509919,-0.8814551830291748,-0.47226762771606445,1.0,-9.337499618530273,41.99436950683594,0.0,28.0,28.0,28.0,0.0,0.0,0.0,0.0,0.0,1.0,120.0,1.0,1.0,1.0,0.0,0.0,71.79990003351122,0.7287999615073204,9.042200050316751,52.335299900732934,36.523799994029105,4.0,6.4694000175222754,2.01339996419847,1.168800052255392,0.000400003045797348
1,214,214,2.6169809083453566,0,0,2.0,3.0,1.0,1.0,1.0,1.0,1.0,1.0,1.0,1.0,1.0,1.0,1.0,1.0,1.0,1.0,1.0,1.0,1.0,0.0,0.44785016775131226,0.23745663464069366,0.5069077014923096,0.46844157576560974,0.45347416400909424,-0.6749705672264099,0.0,-0.0005515614757314324,0.968897819519043,0.247461199760437,0.0,0.0,0.0,0.0,0.0,0.0,60.2694206237793,25.0,25.0,25.0,25.0,25.0,0.0,1.0,1.0,1.0,0.0,0.0,0.0,0.0,0.0,0.04333370923995972,0.5965389977208523,0.7421082246303559,1.2149999767541886,0.02,-0.0,-0.00033651726698731967,-1.3619978928745457e-05,0.0,0.15,-0.0,0.0,0.0,-0.0,0.0,0.0,0.0,0.0,0.35,0.0,0.0,0.0,0.0,0.0,0.0,0.0,0.0,0.25,-0.0,-4.47601318359375,0.0,-0.9566662907600403,-0.0,-0.5595016479492188,-0.5595016479492188,-0.05,0.5361082255840302,0.35740548372268677,0.2,0.0,-0.0,-0.0,-0.0,0.5599999904632569,0.699999988079071,-0.0,0.0,-0.0,-0.0,0.0,0.0,0.0,0.44688913496676835,-0.04500000178813934,-0.0,-0.0,0.02,0.0,0.0,0.0,0.0,0.0,0.0,0.35740548372268677,32.17601771760732,32.4,0.7326086850269979,0.0,0.0,0.699999988079071,2.0,3.0,0.0,0.699999988079071,0.0,0.699999988079071,0.0,0.0,0.0,0.0,0.0,0.0,0.0,0.0,0.0,0.0,0.0,0.0,0.0,0.0,0.0,0.0,0.0,0.0,0.0,44.49285888671875,70.83577728271484,44.210140228271484,70.68587493896484,-0.2827186584472656,-0.14990234375,0.32000085711479187,-2.6540643767642726,-0.88349449634552,-0.46844157576560974,1.0,-9.249161720275879,42.340980529785156,0.0,28.0,28.0,28.0,0.0,0.0,0.0,0.0,0.0,1.0,120.0,1.0,1.0,1.0,0.0,0.0,65.2049999916926,0.7399999303743243,7.936000009067357,46.79649998433888,24.690299993380904,4.0,5.1377000054344535,3.1210000161081553,1.4254000270739198,0.000500003807246685
1,215,215,3.1215299793977325,0,0,2.0,4.0,1.0,1.0,1.0,1.0,1.0,1.0,1.0,1.0,1.0,1.0,1.0,1.0,1.0,1.0,1.0,1.0,1.0,0.0,0.44475898146629333,0.2333230972290039,0.5022451877593994,0.4645601511001587,0.4596574008464813,0.3757169246673584,0.0,0.0007688415353186429,0.9689165949821472,0.24738772213459015,0.0,0.0,0.0,0.0,0.0,0.0,59.70673751831055,25.0,25.0,25.0,25.0,25.0,0.0,1.0,1.0,1.0,0.0,0.0,0.0,0.0,0.0,0.0307309627532959,0.6060795648069307,0.7758651632070541,1.6888542886304516,0.02,-0.0,-0.00033651726698731967,-1.3619978928745457e-05,0.0,0.15,-0.0,0.0,0.0,-0.0,0.0,0.0,0.0,0.0,0.35,0.0,0.0,0.0,0.0,0.0,0.0,0.0,0.0,0.25,-0.0,-4.50146484375,0.0,-0.9692690372467041,-0.0,-0.56268310546875,-0.56268310546875,-0.05,0.5458651632070541,0.36391010880470276,0.2,0.0,-0.0,-0.0,-0.0,0.8,1.0,-0.0,0.0,-0.0,-0.0,0.0,0.0,0.0,0.4564297020528467,-0.04500000178813934,-0.0,-0.0661457095814092,0.02,0.0,0.0,0.0,0.0,0.0,0.0,0.36391010880470276,32.86293854780496,32.4,1.0,0.0,0.0,1.0,2.0,4.0,0.0,1.0,0.0,1.0,0.0,0.0,0.0,0.0,0.0,0.0,0.0,0.0,0.0,0.0,0.0,0.0,0.0,0.0,0.0,0.0,0.0,0.0,0.0,44.2103271484375,70.68605041503906,43.92695236206055,70.53739166259766,-0.2833747863769531,-0.14865875244140625,0.3200010657310486,-2.6584583514422158,-0.8855416178703308,-0.4645601511001587,1.0,-9.160752296447754,42.687278747558594,0.0,28.0,28.0,28.0,0.0,0.0,0.0,0.0,0.0,1.0,120.0,1.0,1.0,1.0,0.0,0.0,29.522900003939867,0.5433999467641115,7.265700027346611,11.969299986958504,8.3381999284029,4.0,5.038900068029761,3.4254000056535006,1.2478999560698867,0.000500003807246685
1,216,216,3.229831597572118,0,0,2.0,4.0,1.0,1.0,1.0,1.0,1.0,1.0,1.0,1.0,1.0,1.0,1.0,1.0,1.0,1.0,1.0,1.0,1.0,0.0,0.4416486620903015,0.22914746403694153,0.4975561499595642,0.46054595708847046,0.4694705605506897,0.5962854623794556,0.0,0.0007688415353186429,0.9689290523529053,0.24733884632587433,0.0,0.0,0.0,0.0,0.0,0.0,59.14714813232422,25.0,25.0,25.0,25.0,25.0,0.0,1.0,1.0,1.0,0.0,0.0,0.0,0.0,0.0,0.04312103986740112,0.5950894985254107,0.771621059179306,1.8,0.02,-0.0,-0.00033651726698731967,-1.3619978928745457e-05,0.0,0.15,-0.0,0.0,0.0,-0.0,0.0,0.0,0.0,0.0,0.35,0.0,0.0,0.0,0.0,0.0,0.0,0.0,0.0,0.25,-0.0,-4.476715087890625,0.0,-0.9568789601325989,-0.0,-0.5595893859863281,-0.5595893859863281,-0.05,0.541621059179306,0.36108070611953735,0.2,0.0,-0.0,-0.0,-0.0,0.8,1.0,-0.0,0.0,-0.0,-0.0,0.0,0.0,0.0,0.4454396357713267,-0.0,-0.0,-0.0,0.02,0.0,0.0,0.0,0.0,0.0,0.0,0.36108070611953735,32.07165377553552,32.4,0.0,0.6,0.0,1.0,2.0,4.0,0.0,1.0,0.0,1.0,0.0,0.0,0.0,0.0,0.0,0.0,0.0,0.0,0.0,0.0,0.0,0.0,0.0,0.0,0.0,0.0,0.0,0.0,0.0,43.92713928222656,70.53756713867188,43.643096923828125,70.39019012451172,-0.2840423583984375,-0.14737701416015625,0.3200000822544098,-2.6629744709361955,-0.8876358270645142,-0.46054595708847046,1.0,-9.070701599121094,43.03987121582031,0.0,28.0,28.0,28.0,0.0,0.0,0.0,0.0,0.0,1.0,120.0,1.0,1.0,1.0,0.0,0.0,65.27300004381686,0.5688000237569213,9.167599957436323,46.32550000678748,22.893899935297668,4.0,4.825200070627034,3.421099972911179,0.9160999907180667,0.000500003807246685
1,217,217,3.221268437033647,0,0,2.0,4.0,1.0,1.0,1.0,1.0,1.0,1.0,1.0,1.0,1.0,1.0,1.0,1.0,1.0,1.0,1.0,1.0,1.0,0.0,0.43853846192359924,0.2250054031610489,0.49289289116859436,0.4564995765686035,0.4581664800643921,-0.6868791580200195,0.0,-7.010842818999663e-05,0.9689276814460754,0.2473442405462265,0.0,0.0,0.0,0.0,0.0,0.0,58.58807373046875,25.0,25.0,25.0,25.0,25.0,0.0,1.0,1.0,1.0,0.0,0.0,0.0,0.0,0.0,0.04522812366485596,0.6032008078507332,0.7730142432451248,1.779825262272933,0.02,-0.0,-0.00033651726698731967,-1.3619978928745457e-05,0.0,0.15,-0.0,0.0,0.0,-0.0,0.0,0.0,0.0,0.0,0.35,0.0,0.0,0.0,0.0,0.0,0.0,0.0,0.0,0.25,-0.0,-4.47259521484375,0.0,-0.954771876335144,-0.0,-0.5590744018554688,-0.5590744018554688,-0.05,0.5430142432451248,0.3620094954967499,0.2,0.0,-0.0,-0.0,-0.0,0.8,1.0,-0.0,0.0,-0.0,-0.0,0.0,0.0,0.0,0.4535509450966492,-0.0,-0.0,-0.020174737727067127,0.02,0.0,0.0,0.0,0.0,0.0,0.0,0.3620094954967499,32.655668046958745,32.4,1.0,0.0,0.0,1.0,2.0,4.0,0.0,1.0,0.0,1.0,0.0,0.0,0.0,0.0,0.0,0.0,0.0,0.0,0.0,0.0,0.0,0.0,0.0,0.0,0.0,0.0,0.0,0.0,0.0,43.64328384399414,70.39036560058594,43.35857391357422,70.2442855834961,-0.2847099304199219,-0.14608001708984375,0.3199986219406128,-2.6675329663564815,-0.8897235989570618,-0.4564995765686035,1.0,-8.981330871582031,43.38971710205078,0.0,28.0,28.0,28.0,0.0,0.0,0.0,0.0,0.0,1.0,120.0,1.0,1.0,1.0,0.0,0.0,68.37530003394932,0.7670000195503235,8.19469999987632,50.06069992668927,29.32809991762042,4.0,4.94849996175617,3.093400038778782,1.2658999767154455,0.000400003045797348
1,218,218,3.2404102620016038,0,0,2.0,4.0,1.0,1.0,1.0,1.0,1.0,1.0,1.0,1.0,1.0,1.0,1.0,1.0,1.0,1.0,1.0,1.0,1.0,0.0,0.4354195296764374,0.22086696326732635,0.4882339537143707,0.45237937569618225,0.46650955080986023,0.5069568157196045,0.0,-7.010842818999663e-05,0.9689449667930603,0.2472764402627945,0.0,0.0,0.0,0.0,0.0,0.0,58.03223419189453,25.0,25.0,25.0,25.0,25.0,0.0,1.0,1.0,1.0,0.0,0.0,0.0,0.0,0.0,0.058193206787109375,0.5933765080104767,0.7688405472040176,1.8,0.02,-0.0,-0.00033651726698731967,-1.3619978928745457e-05,0.0,0.15,-0.0,0.0,0.0,-0.0,0.0,0.0,0.0,0.0,0.35,0.0,0.0,0.0,0.0,0.0,0.0,0.0,0.0,0.25,-0.0,-4.44671630859375,0.0,-0.9418067932128906,-0.0,-0.5558395385742188,-0.5558395385742188,-0.05,0.5388405472040176,0.3592270314693451,0.2,0.0,-0.0,-0.0,-0.0,0.8,1.0,-0.0,0.0,-0.0,-0.0,0.0,0.0,0.0,0.4437266452563927,-0.0,-0.0,-0.0,0.02,0.0,0.0,0.0,0.0,0.0,0.0,0.3592270314693451,31.948318458460275,32.4,0.0,0.6,0.0,1.0,2.0,4.0,0.0,1.0,0.0,1.0,0.0,0.0,0.0,0.0,0.0,0.0,0.0,0.0,0.0,0.0,0.0,0.0,0.0,0.0,0.0,0.0,0.0,0.0,0.0,43.358760833740234,70.24446105957031,43.0733757019043,70.09970092773438,-0.2853851318359375,-0.1447601318359375,0.3200002610683441,-2.672165990150094,-0.8918256163597107,-0.45237937569618225,1.0,-8.891582489013672,43.74042510986328,0.0,28.0,28.0,28.0,0.0,0.0,0.0,0.0,0.0,1.0,120.0,1.0,1.0,1.0,0.0,0.0,62.46110005304217,0.7034000009298325,8.99200001731515,43.05529990233481,18.405099981464446,4.0,5.715799983590841,3.2245999900624156,0.735800014808774,0.000400003045797348
1,219,219,3.2493937895625646,0,0,2.0,4.0,1.0,1.0,1.0,1.0,1.0,1.0,1.0,1.0,1.0,1.0,1.0,1.0,1.0,1.0,1.0,1.0,1.0,0.0,0.4323022961616516,0.21676158905029297,0.48360195755958557,0.44822314381599426,0.45640453696250916,-0.6140187382698059,0.0,-0.0005920023540966213,0.9689372777938843,0.2473067045211792,0.0,0.0,0.0,0.0,0.0,0.0,57.477020263671875,25.0,25.0,25.0,25.0,25.0,0.0,1.0,1.0,1.0,0.0,0.0,0.0,0.0,0.0,0.060741305351257324,0.6009045810111983,0.7702668118476867,1.7974810913524226,0.02,-0.0,-0.00033651726698731967,-1.3619978928745457e-05,0.0,0.15,-0.0,0.0,0.0,-0.0,0.0,0.0,0.0,0.0,0.35,0.0,0.0,0.0,0.0,0.0,0.0,0.0,0.0,0.25,-0.0,-4.44171142578125,0.0,-0.9392586946487427,-0.0,-0.5552139282226562,-0.5552139282226562,-0.05,0.5402668118476868,0.3601778745651245,0.2,0.0,-0.0,-0.0,-0.0,0.8,1.0,-0.0,0.0,-0.0,-0.0,0.0,0.0,0.0,0.4512547182571143,-0.0,-0.0,-0.0025189086475774078,0.02,0.0,0.0,0.0,0.0,0.0,0.0,0.3601778745651245,32.49033971451223,32.4,1.0,0.0,0.0,1.0,2.0,4.0,0.0,1.0,0.0,1.0,0.0,0.0,0.0,0.0,0.0,0.0,0.0,0.0,0.0,0.0,0.0,0.0,0.0,0.0,0.0,0.0,0.0,0.0,0.0,43.07356262207031,70.0998764038086,42.787506103515625,69.9564437866211,-0.2860565185546875,-0.1434326171875,0.3200019598007202,-2.6768148295855823,-0.8939217329025269,-0.44822314381599426,1.0,-8.802712440490723,44.08848571777344,0.0,28.0,28.0,28.0,0.0,0.0,0.0,0.0,0.0,1.0,120.0,1.0,1.0,1.0,0.0,0.0,40.823600022122264,0.6898000137880445,7.371299900114536,24.16680008172989,16.115800011903048,4.0,5.260700010694563,2.4299999931827188,0.8588000200688839,0.000400003045797348
1,220,220,2.6421585074438902,0,0,2.0,3.0,1.0,1.0,1.0,1.0,1.0,1.0,1.0,1.0,1.0,1.0,1.0,1.0,1.0,1.0,1.0,1.0,1.0,0.0,0.4291771948337555,0.21265967190265656,0.47897517681121826,0.44398894906044006,0.4641477167606354,0.4705045521259308,0.0,-0.0005920023540966213,0.9689626097679138,0.24720731377601624,0.0,0.0,0.0,0.0,0.0,0.0,56.92509078979492,25.0,25.0,25.0,25.0,25.0,0.0,1.0,1.0,1.0,0.0,0.0,0.0,0.0,0.0,0.07388514280319214,0.5911340496315806,0.7421393382549286,1.2149999767541886,0.02,-0.0,-0.00033651726698731967,-1.3619978928745457e-05,0.0,0.15,-0.0,0.0,0.0,-0.0,0.0,0.0,0.0,0.0,0.35,0.0,0.0,0.0,0.0,0.0,0.0,0.0,0.0,0.25,-0.0,-4.415435791015625,0.0,-0.9261148571968079,-0.0,-0.5519294738769531,-0.5519294738769531,-0.05,0.5361393392086029,0.3574262261390686,0.2,0.0,-0.0,-0.0,-0.0,0.5599999904632569,0.699999988079071,-0.0,0.0,-0.0,-0.0,0.0,0.0,0.0,0.4414841868774966,-0.04500000178813934,-0.0,-0.0,0.02,0.0,0.0,0.0,0.0,0.0,0.0,0.3574262261390686,31.786861455179753,32.4,0.0,0.6,0.0,0.699999988079071,2.0,3.0,0.0,0.699999988079071,0.0,0.699999988079071,0.0,0.0,0.0,0.0,0.0,0.0,0.0,0.0,0.0,0.0,0.0,0.0,0.0,0.0,0.0,0.0,0.0,0.0,0.0,42.78769302368164,69.95661926269531,42.50096130371094,69.81454467773438,-0.2867317199707031,-0.1420745849609375,0.32000041007995605,-2.681554275705943,-0.8960322141647339,-0.44398894906044006,1.0,-8.713569641113281,44.43745803833008,0.0,28.0,28.0,28.0,0.0,0.0,0.0,0.0,0.0,1.0,120.0,1.0,1.0,1.0,0.0,0.0,3731.6619999473915,0.6665999535471201,8.564400020986795,3714.6071000024676,3674.088899977505,4.0,4.9273999175056815,2.213899977505207,0.6431000074371696,0.000500003807246685
1,221,221,3.2174384157964213,0,0,2.0,4.0,1.0,1.0,1.0,1.0,1.0,1.0,1.0,1.0,1.0,1.0,1.0,1.0,1.0,1.0,1.0,1.0,1.0,0.0,0.4260542690753937,0.20859076082706451,0.47437575459480286,0.4397163391113281,0.45409801602363586,-0.6106582283973694,0.0,-0.0004561346722766757,0.968957245349884,0.24722829461097717,0.0,0.0,0.0,0.0,0.0,0.0,56.37372589111328,25.0,25.0,25.0,25.0,25.0,0.0,1.0,1.0,1.0,0.0,0.0,0.0,0.0,0.0,0.07620936632156372,0.5986380558320507,0.7675909954309463,1.7549999982118607,0.02,-0.0,-0.00033651726698731967,-1.3619978928745457e-05,0.0,0.15,-0.0,0.0,0.0,-0.0,0.0,0.0,0.0,0.0,0.35,0.0,0.0,0.0,0.0,0.0,0.0,0.0,0.0,0.25,-0.0,-4.410919189453125,0.0,-0.9237906336784363,-0.0,-0.5513648986816406,-0.5513648986816406,-0.05,0.5375909954309464,0.35839399695396423,0.2,0.0,-0.0,-0.0,-0.0,0.8,1.0,-0.0,0.0,-0.0,-0.0,0.0,0.0,0.0,0.44898819307796667,-0.04500000178813934,-0.0,-0.0,0.02,0.0,0.0,0.0,0.0,0.0,0.0,0.35839399695396423,32.327149901613595,32.4,1.0,0.0,0.0,1.0,2.0,4.0,0.0,1.0,0.0,1.0,0.0,0.0,0.0,0.0,0.0,0.0,0.0,0.0,0.0,0.0,0.0,0.0,0.0,0.0,0.0,0.0,0.0,0.0,0.0,42.50115203857422,69.8147201538086,42.213748931884766,69.67401123046875,-0.2874031066894531,-0.14070892333984375,0.3199993073940277,-2.6863098241680463,-0.8981366753578186,-0.43971630930900574,1.0,-8.625360488891602,44.78382873535156,0.0,28.0,28.0,28.0,0.0,0.0,0.0,0.0,0.0,1.0,120.0,1.0,1.0,1.0,0.0,0.0,48.21150004863739,0.7642999989911914,8.481800090521574,33.233400085009634,18.547100014984608,4.0,3.238400095142424,1.8394999206066132,0.6146000232547522,0.000400003045797348
1,222,222,2.6104423708205036,0,0,2.0,3.0,1.0,1.0,1.0,1.0,1.0,1.0,1.0,1.0,1.0,1.0,1.0,1.0,1.0,1.0,1.0,1.0,1.0,0.0,0.4229225516319275,0.20452572405338287,0.4697810411453247,0.43536391854286194,0.4618164300918579,0.4690003991127014,0.0,0.000554611615370959,0.968977689743042,0.24714817106723785,0.0,0.0,0.0,0.0,0.0,0.0,55.81983184814453,25.0,25.0,25.0,25.0,25.0,0.0,1.0,1.0,1.0,0.0,0.0,0.0,0.0,0.0,0.06622070074081421,0.6051587959191946,0.7526202487945557,1.1664426253659392,0.02,-0.0,-0.00033651726698731967,-1.3619978928745457e-05,0.0,0.15,-0.0,0.0,0.0,-0.0,0.0,0.0,0.0,0.0,0.35,0.0,0.0,0.0,0.0,0.0,0.0,0.0,0.0,0.25,-0.0,-4.43115234375,0.0,-0.9337792992591858,-0.0,-0.55389404296875,-0.55389404296875,-0.05,0.54662024974823,0.3644134998321533,0.2,0.0,-0.0,-0.0,-0.0,0.5599999904632569,0.699999988079071,-0.0,0.0,-0.0,-0.0,0.0,0.0,0.0,0.45550893316511065,-0.04500000178813934,-0.0,-0.04855735138824931,0.02,0.0,0.0,0.0,0.0,0.0,0.0,0.3644134998321533,32.796643187887966,32.4,0.7326086850269979,0.0,0.0,0.699999988079071,2.0,3.0,0.0,0.699999988079071,0.0,0.699999988079071,0.0,0.0,0.0,0.0,0.0,0.0,0.0,0.0,0.0,0.0,0.0,0.0,0.0,0.0,0.0,0.0,0.0,0.0,0.0,42.21393966674805,69.67418670654297,41.92585754394531,69.53487396240234,-0.2880821228027344,-0.139312744140625,0.31999897956848145,-2.6911615043591715,-0.9002546072006226,-0.43536391854286194,1.0,-8.536765098571777,45.131099700927734,0.0,28.0,28.0,28.0,0.0,0.0,0.0,0.0,0.0,1.0,120.0,1.0,1.0,1.0,0.0,0.0,63.047299976460636,0.6355999503284693,8.896399987861514,46.87369999010116,29.60700006224215,4.0,4.283999907784164,1.859900075942278,0.4550999728962779,0.000400003045797348
1,223,223,3.222455072067603,0,0,2.0,4.0,1.0,1.0,1.0,1.0,1.0,1.0,1.0,1.0,1.0,1.0,1.0,1.0,1.0,1.0,1.0,1.0,1.0,0.0,0.4197726249694824,0.20042374730110168,0.46516525745391846,0.43086567521095276,0.46852347254753113,0.4075462520122528,0.0,0.000554611615370959,0.9689837098121643,0.2471245527267456,0.0,0.0,0.0,0.0,0.0,0.0,55.269622802734375,25.0,25.0,25.0,25.0,25.0,0.0,1.0,1.0,1.0,0.0,0.0,0.0,0.0,0.0,0.08095592260360718,0.5953347381576148,0.7711644130945206,1.7549999982118607,0.02,-0.0,-0.00033651726698731967,-1.3619978928745457e-05,0.0,0.15,-0.0,0.0,0.0,-0.0,0.0,0.0,0.0,0.0,0.35,0.0,0.0,0.0,0.0,0.0,0.0,0.0,0.0,0.25,-0.0,-4.40167236328125,0.0,-0.9190440773963928,-0.0,-0.5502090454101562,-0.5502090454101562,-0.05,0.5411644130945206,0.36077627539634705,0.2,0.0,-0.0,-0.0,-0.0,0.8,1.0,-0.0,0.0,-0.0,-0.0,0.0,0.0,0.0,0.4456848754035309,-0.04500000178813934,-0.0,-0.0,0.02,0.0,0.0,0.0,0.0,0.0,0.0,0.36077627539634705,32.08931102905422,32.4,0.0,0.6,0.0,1.0,2.0,4.0,0.0,1.0,0.0,1.0,0.0,0.0,0.0,0.0,0.0,0.0,0.0,0.0,0.0,0.0,0.0,0.0,0.0,0.0,0.0,0.0,0.0,0.0,0.0,41.926048278808594,69.53504943847656,41.63727569580078,69.39717102050781,-0.2887725830078125,-0.13787841796875,0.3200001120567322,-2.6961361078500117,-0.9024161100387573,-0.43086567521095276,1.0,-8.446666717529297,45.48419952392578,0.0,28.0,28.0,28.0,0.0,0.0,0.0,0.0,0.0,1.0,120.0,1.0,1.0,1.0,0.0,0.0,68.59109993092716,0.6194999441504478,9.117600042372942,48.69019996840507,22.175499936565757,4.0,5.498499958775938,2.841199981048703,1.7715999856591225,0.000400003045797348
1,224,224,2.668402367312406,0,0,2.0,3.0,1.0,1.0,1.0,1.0,1.0,1.0,1.0,1.0,1.0,1.0,1.0,1.0,1.0,1.0,1.0,1.0,1.0,0.0,0.4166240692138672,0.1963631957769394,0.4605801999568939,0.4263387620449066,0.45841872692108154,-0.614003598690033,0.0,-0.00016389417578466237,0.9689820408821106,0.24713122844696045,0.0,0.0,0.0,0.0,0.0,0.0,54.720943450927734,25.0,25.0,25.0,25.0,25.0,0.0,1.0,1.0,1.0,0.0,0.0,0.0,0.0,0.0,0.0871381163597107,0.6003436942956595,0.7466908234357834,1.2142297332212526,0.02,-0.0,-0.00033651726698731967,-1.3619978928745457e-05,0.0,0.15,-0.0,0.0,0.0,-0.0,0.0,0.0,0.0,0.0,0.35,0.0,0.0,0.0,0.0,0.0,0.0,0.0,0.0,0.25,-0.0,-4.389434814453125,0.0,-0.9128618836402893,-0.0,-0.5486793518066406,-0.5486793518066406,-0.05,0.5406908243894577,0.3604605495929718,0.2,0.0,-0.0,-0.0,-0.0,0.5599999904632569,0.699999988079071,-0.0,0.0,-0.0,-0.0,0.0,0.0,0.0,0.4506938315415755,-0.04500000178813934,-0.0,-0.0007702435329359972,0.02,0.0,0.0,0.0,0.0,0.0,0.0,0.3604605495929718,32.449955870993435,32.4,0.7326086850269979,0.0,0.0,0.699999988079071,2.0,3.0,0.0,0.699999988079071,0.0,0.699999988079071,0.0,0.0,0.0,0.0,0.0,0.0,0.0,0.0,0.0,0.0,0.0,0.0,0.0,0.0,0.0,0.0,0.0,0.0,0.0,41.63746643066406,69.39734649658203,41.34800720214844,69.26091766357422,-0.289459228515625,-0.1364288330078125,0.31999915838241577,-2.701148567553764,-0.9045636057853699,-0.4263387620449066,1.0,-8.357420921325684,45.833763122558594,0.0,28.0,28.0,28.0,0.0,0.0,0.0,0.0,0.0,1.0,120.0,1.0,1.0,1.0,0.0,0.0,42.685699998401105,0.5537000251933932,8.440299890935421,22.649000049568713,16.621800023131073,4.0,6.296200095675886,3.833399969153106,0.8711999980732799,0.000500003807246685
1,225,225,3.233266827794649,0,0,2.0,4.0,1.0,1.0,1.0,1.0,1.0,1.0,1.0,1.0,1.0,1.0,1.0,1.0,1.0,1.0,1.0,1.0,1.0,0.0,0.41346970200538635,0.192317396402359,0.45600786805152893,0.42174139618873596,0.46357080340385437,0.3130597472190857,0.0,-0.00016389417578466237,0.9689933657646179,0.24708683788776398,0.0,0.0,0.0,0.0,0.0,0.0,54.17607879638672,25.0,25.0,25.0,25.0,25.0,0.0,1.0,1.0,1.0,0.0,0.0,0.0,0.0,0.0,0.10236620903015137,0.5905331763950361,0.7653674441576004,1.7549999982118607,0.02,-0.0,-0.00033651726698731967,-1.3619978928745457e-05,0.0,0.15,-0.0,0.0,0.0,-0.0,0.0,0.0,0.0,0.0,0.35,0.0,0.0,0.0,0.0,0.0,0.0,0.0,0.0,0.25,-0.0,-4.358917236328125,0.0,-0.8976337909698486,-0.0,-0.5448646545410156,-0.5448646545410156,-0.05,0.5353674441576004,0.35691162943840027,0.2,0.0,-0.0,-0.0,-0.0,0.8,1.0,-0.0,0.0,-0.0,-0.0,0.0,0.0,0.0,0.4408833136409522,-0.04500000178813934,-0.0,-0.0,0.02,0.0,0.0,0.0,0.0,0.0,0.0,0.35691162943840027,31.743598582148554,32.4,0.0,0.6,0.0,1.0,2.0,4.0,0.0,1.0,0.0,1.0,0.0,0.0,0.0,0.0,0.0,0.0,0.0,0.0,0.0,0.0,0.0,0.0,0.0,0.0,0.0,0.0,0.0,0.0,0.0,41.34819793701172,69.2610855102539,41.058048248291016,69.12612915039062,-0.2901496887207031,-0.13495635986328125,0.3200001120567322,-2.706230841245685,-0.9067161679267883,-0.42174139618873596,1.0,-8.268166542053223,46.18299865722656,0.0,28.0,28.0,28.0,0.0,0.0,0.0,0.0,0.0,1.0,120.0,1.0,1.0,1.0,0.0,0.0,62.73829995188862,0.9426999604329467,8.00809997599572,45.63890001736581,19.162499927915633,4.0,4.553099977783859,2.7565000345930457,0.801699934527278,0.000500003807246685
1,226,226,3.2904511658287796,0,0,2.0,4.0,1.0,1.0,1.0,1.0,1.0,1.0,1.0,1.0,1.0,1.0,1.0,1.0,1.0,1.0,1.0,1.0,1.0,0.0,0.4103184938430786,0.1883121132850647,0.4514673352241516,0.4171113073825836,0.45347997546195984,-0.6131573915481567,0.0,-0.00036549975629895926,0.9689884781837463,0.24710597097873688,0.0,0.0,0.0,0.0,0.0,0.0,53.63200759887695,25.0,25.0,25.0,25.0,25.0,0.0,1.0,1.0,1.0,0.0,0.0,0.0,0.0,0.0,0.1056472659111023,0.5979767082072048,0.7668271917104721,1.8,0.02,-0.0,-0.00033651726698731967,-1.3619978928745457e-05,0.0,0.15,-0.0,0.0,0.0,-0.0,0.0,0.0,0.0,0.0,0.35,0.0,0.0,0.0,0.0,0.0,0.0,0.0,0.0,0.25,-0.0,-4.352569580078125,0.0,-0.8943527340888977,-0.0,-0.5440711975097656,-0.5440711975097656,-0.05,0.5368271917104721,0.35788479447364807,0.2,0.0,-0.0,-0.0,-0.0,0.8,1.0,-0.0,0.0,-0.0,-0.0,0.0,0.0,0.0,0.44832684545312085,-0.0,-0.0,-0.0,0.02,0.0,0.0,0.0,0.0,0.0,0.0,0.35788479447364807,32.2795328726247,32.4,1.0,0.0,0.0,1.0,2.0,4.0,0.0,1.0,0.0,1.0,0.0,0.0,0.0,0.0,0.0,0.0,0.0,0.0,0.0,0.0,0.0,0.0,0.0,0.0,0.0,0.0,0.0,0.0,0.0,41.05824279785156,69.12629699707031,40.76741027832031,68.9928207397461,-0.29083251953125,-0.13347625732421875,0.31999915838241577,-2.7113246435819343,-0.9088553786277771,-0.41711127758026123,1.0,-8.179975509643555,46.52884292602539,0.0,28.0,28.0,28.0,0.0,0.0,0.0,0.0,0.0,1.0,120.0,1.0,1.0,1.0,0.0,0.0,34.60570005699992,0.7006000960245728,6.992299924604595,20.09050000924617,13.854300021193922,4.0,4.36640006955713,1.843899954110384,0.5830000154674053,0.000400003045797348
1,227,227,3.21625423869015,0,0,2.0,4.0,1.0,1.0,1.0,1.0,1.0,1.0,1.0,1.0,1.0,1.0,1.0,1.0,1.0,1.0,1.0,1.0,1.0,0.0,0.4071594178676605,0.18431136012077332,0.446933388710022,0.4123910963535309,0.46113619208335876,0.46522074937820435,0.0,-0.00036549975629895926,0.9690118432044983,0.24701420962810516,0.0,0.0,0.0,0.0,0.0,0.0,53.0849723815918,25.0,25.0,25.0,25.0,25.0,0.0,1.0,1.0,1.0,0.0,0.0,0.0,0.0,0.0,0.0939488410949707,0.6068205301928519,0.7777544218301773,1.7177304455721505,0.02,-0.0,-0.00033651726698731967,-1.3619978928745457e-05,0.0,0.15,-0.0,0.0,0.0,-0.0,0.0,0.0,0.0,0.0,0.35,0.0,0.0,0.0,0.0,0.0,0.0,0.0,0.0,0.25,-0.0,-4.37628173828125,0.0,-0.9060511589050293,-0.0,-0.5470352172851562,-0.5470352172851562,-0.05,0.5477544218301773,0.36516961455345154,0.2,0.0,-0.0,-0.0,-0.0,0.8,1.0,-0.0,0.0,-0.0,-0.0,0.0,0.0,0.0,0.4571706674387679,-0.0,-0.0,-0.08226955442784958,0.02,0.0,0.0,0.0,0.0,0.0,0.0,0.36516961455345154,32.91628805559129,32.4,1.0,0.0,0.0,1.0,2.0,4.0,0.0,1.0,0.0,1.0,0.0,0.0,0.0,0.0,0.0,0.0,0.0,0.0,0.0,0.0,0.0,0.0,0.0,0.0,0.0,0.0,0.0,0.0,0.0,40.76760482788086,68.99298858642578,40.47608184814453,68.86102294921875,-0.2915229797363281,-0.13196563720703125,0.32000091671943665,-2.716515083231137,-0.9110069274902344,-0.4123910963535309,1.0,-8.09152603149414,46.87562561035156,0.0,28.0,28.0,28.0,0.0,0.0,0.0,0.0,0.0,1.0,120.0,1.0,1.0,1.0,0.0,0.0,105.88139994069934,1.102500013075769,10.172199923545122,84.12769995629787,35.8047999907285,4.0,6.376700010150671,3.292700042948127,0.7573999464511871,0.000400003045797348
1,228,228,4.848217115243822,0,0,2.0,4.0,1.0,1.0,1.0,1.0,1.0,1.0,1.0,1.0,1.0,1.0,1.0,1.0,1.0,1.0,1.0,1.0,1.0,0.0,0.403980553150177,0.18026413023471832,0.4423747658729553,0.40749189257621765,0.47023269534111023,0.5527388453483582,0.0,0.0008684418280608952,0.9690273404121399,0.24695353209972382,0.0,0.0,0.0,0.0,0.0,0.0,52.54128646850586,25.0,25.0,25.0,25.0,25.0,0.0,1.0,1.0,1.0,0.0,0.0,0.0,0.0,0.0,0.10735577344894409,0.5974045787657797,2.3234567630290983,1.8,0.02,-0.0,-0.00033651726698731967,-1.3619978928745457e-05,0.0,0.15,-0.0,0.0,0.0,-0.0,0.0,0.0,0.0,0.0,0.35,0.0,0.0,0.0,0.0,0.0,0.0,0.0,0.0,0.25,-0.0,-4.3494873046875,0.0,-0.8926442265510559,-0.0,-0.5436859130859375,-0.5436859130859375,1.5,0.5434567630290985,0.3623045086860657,0.2,0.0,-0.0,-0.0,-0.0,0.8,1.0,-0.0,0.0,-0.0,-0.0,0.0,0.0,0.0,0.4477547160116957,-0.0,-0.0,-0.0,0.02,0.0,0.0,0.0,0.0,0.0,0.0,0.3623045086860657,32.238339552842085,32.4,0.0,0.6,0.0,1.0,2.0,4.0,0.0,1.0,0.0,1.0,0.0,0.0,0.0,0.0,0.0,0.0,0.0,0.0,0.0,0.0,0.0,0.0,0.0,0.0,0.0,0.0,0.0,0.0,0.0,40.47627639770508,68.86119079589844,40.18404769897461,68.73079681396484,-0.29222869873046875,-0.13039398193359375,0.3200003206729889,-2.7218989318864995,-0.9132088422775269,-0.40749186277389526,1.0,-8.001389503479004,47.229496002197266,0.0,28.0,28.0,28.0,0.0,0.0,0.0,0.0,0.0,1.0,120.0,1.0,1.0,1.0,0.0,0.0,64.76169999223202,0.753199914470315,8.116799988783896,47.907200059853494,25.362899992614985,4.0,4.657899960875511,2.6964000426232815,0.5859000375494361,0.000400003045797348
1,229,229,3.268364300792304,0,0,2.0,4.0,1.0,1.0,1.0,1.0,1.0,1.0,1.0,1.0,1.0,1.0,1.0,1.0,1.0,1.0,1.0,1.0,1.0,0.0,0.40080204606056213,0.1762530356645584,0.43784406781196594,0.4025475084781647,0.46054771542549133,-0.5884969830513,0.0,-0.00019909277034457773,0.9690213203430176,0.24697718024253845,0.0,0.0,0.0,0.0,0.0,0.0,51.998390197753906,25.0,25.0,25.0,25.0,25.0,0.0,1.0,1.0,1.0,0.0,0.0,0.0,0.0,0.0,0.11060363054275513,0.6047646735468132,0.7748540598154068,1.7581419368873288,0.02,-0.0,-0.00033651726698731967,-1.3619978928745457e-05,0.0,0.15,-0.0,0.0,0.0,-0.0,0.0,0.0,0.0,0.0,0.35,0.0,0.0,0.0,0.0,0.0,0.0,0.0,0.0,0.25,-0.0,-4.343170166015625,0.0,-0.8893963694572449,-0.0,-0.5428962707519531,-0.5428962707519531,-0.05,0.5448540598154068,0.36323603987693787,0.2,0.0,-0.0,-0.0,-0.0,0.8,1.0,-0.0,0.0,-0.0,-0.0,0.0,0.0,0.0,0.45511481079272925,-0.0,-0.0,-0.04185806311267124,0.02,0.0,0.0,0.0,0.0,0.0,0.0,0.36323603987693787,32.76826637707651,32.4,1.0,0.0,0.0,1.0,2.0,4.0,0.0,1.0,0.0,1.0,0.0,0.0,0.0,0.0,0.0,0.0,0.0,0.0,0.0,0.0,0.0,0.0,0.0,0.0,0.0,0.0,0.0,0.0,0.0,40.184242248535156,68.73096466064453,39.89131546020508,68.6021499633789,-0.2929267883300781,-0.128814697265625,0.31999894976615906,-2.727294841539096,-0.9153990745544434,-0.4025475084781647,1.0,-7.9120025634765625,47.58060073852539,0.0,28.0,28.0,28.0,0.0,0.0,0.0,0.0,0.0,1.0,120.0,1.0,1.0,1.0,0.0,0.0,28.670000028796494,0.5766999674960971,7.896500057540834,11.83960004709661,8.231199928559363,4.0,4.365400061942637,3.276699921116233,0.6805000593885779,0.000300002284348011
1,230,230,4.859485624441802,0,0,2.0,4.0,1.0,1.0,1.0,1.0,1.0,1.0,1.0,1.0,1.0,1.0,1.0,1.0,1.0,1.0,1.0,1.0,1.0,0.0,0.39761385321617126,0.17224808037281036,0.43331992626190186,0.39750784635543823,0.4681181013584137,0.46000590920448303,0.0,-0.00019909277034457773,0.9690392017364502,0.24690699577331543,0.0,0.0,0.0,0.0,0.0,0.0,51.45883560180664,25.0,25.0,25.0,25.0,25.0,0.0,1.0,1.0,1.0,0.0,0.0,0.0,0.0,0.0,0.12396454811096191,0.5948394608590005,2.3206816154718397,1.8,0.02,-0.0,-0.00033651726698731967,-1.3619978928745457e-05,0.0,0.15,-0.0,0.0,0.0,-0.0,0.0,0.0,0.0,0.0,0.35,0.0,0.0,0.0,0.0,0.0,0.0,0.0,0.0,0.25,-0.0,-4.316436767578125,0.0,-0.8760354518890381,-0.0,-0.5395545959472656,-0.5395545959472656,1.5,0.5406816154718399,0.36045441031455994,0.2,0.0,-0.0,-0.0,-0.0,0.8,1.0,-0.0,0.0,-0.0,-0.0,0.0,0.0,0.0,0.44518959810491654,-0.0,-0.0,-0.0,0.02,0.0,0.0,0.0,0.0,0.0,0.0,0.36045441031455994,32.053651063553986,32.4,0.0,0.6,0.0,1.0,2.0,4.0,0.0,1.0,0.0,1.0,0.0,0.0,0.0,0.0,0.0,0.0,0.0,0.0,0.0,0.0,0.0,0.0,0.0,0.0,0.0,0.0,0.0,0.0,0.0,39.891510009765625,68.6023178100586,39.597877502441406,68.47511291503906,-0.29363250732421875,-0.12720489501953125,0.3200017809867859,-2.732787628343958,-0.9175988435745239,-0.3975078761577606,1.0,-7.8221516609191895,47.93254852294922,0.0,28.0,28.0,28.0,0.0,0.0,0.0,0.0,0.0,1.0,120.0,1.0,1.0,1.0,0.0,0.0,50.9157000342384,0.40580006316304207,6.91899994853884,35.93899996485561,16.508700093254447,4.0,3.833599970676005,2.620900049805641,1.1593999806791544,0.000500003807246685
1,231,231,3.3112237471422654,0,0,2.0,4.0,1.0,1.0,1.0,1.0,1.0,1.0,1.0,1.0,1.0,1.0,1.0,1.0,1.0,1.0,1.0,1.0,1.0,0.0,0.3944260776042938,0.16827885806560516,0.4288236200809479,0.3924197256565094,0.4579092860221863,-0.6203258037567139,0.0,-0.0005826833657920361,0.9690315127372742,0.24693717062473297,0.0,0.0,0.0,0.0,0.0,0.0,50.920223236083984,25.0,25.0,25.0,25.0,25.0,0.0,1.0,1.0,1.0,0.0,0.0,0.0,0.0,0.0,0.12778282165527344,0.6022667368267847,0.7721310365200043,1.789043152140203,0.02,-0.0,-0.00033651726698731967,-1.3619978928745457e-05,0.0,0.15,-0.0,0.0,0.0,-0.0,0.0,0.0,0.0,0.0,0.35,0.0,0.0,0.0,0.0,0.0,0.0,0.0,0.0,0.25,-0.0,-4.30889892578125,0.0,-0.8722171783447266,-0.0,-0.5386123657226562,-0.5386123657226562,-0.05,0.5421310365200043,0.3614206910133362,0.2,0.0,-0.0,-0.0,-0.0,0.8,1.0,-0.0,0.0,-0.0,-0.0,0.0,0.0,0.0,0.45261687407270074,-0.0,-0.0,-0.010956847859797066,0.02,0.0,0.0,0.0,0.0,0.0,0.0,0.3614206910133362,32.58841493323445,32.4,1.0,0.0,0.0,1.0,2.0,4.0,0.0,1.0,0.0,1.0,0.0,0.0,0.0,0.0,0.0,0.0,0.0,0.0,0.0,0.0,0.0,0.0,0.0,0.0,0.0,0.0,0.0,0.0,0.0,39.59807586669922,68.47528076171875,39.30374526977539,68.3497085571289,-0.2943305969238281,-0.12557220458984375,0.31999826431274414,-2.738336628407441,-0.919786274433136,-0.3924197256565094,1.0,-7.733056545257568,48.28181838989258,0.0,28.0,28.0,28.0,0.0,0.0,0.0,0.0,0.0,1.0,120.0,1.0,1.0,1.0,0.0,0.0,46.45610006991774,0.5633999826386571,9.761300054378808,23.671999922953546,11.399000068195164,4.0,8.751700050197542,2.9790999833494425,0.6890000076964498,0.000400003045797348
1,232,232,3.3221550581370667,0,0,2.0,4.0,1.0,1.0,1.0,1.0,1.0,1.0,1.0,1.0,1.0,1.0,1.0,1.0,1.0,1.0,1.0,1.0,1.0,0.0,0.3912297487258911,0.16431564092636108,0.42433518171310425,0.3872307538986206,0.4655487835407257,0.4642047584056854,0.0,-0.0005826833657920361,0.9690497517585754,0.24686561524868011,0.0,0.0,0.0,0.0,0.0,0.0,50.38511276245117,25.0,25.0,25.0,25.0,25.0,0.0,1.0,1.0,1.0,0.0,0.0,0.0,0.0,0.0,0.14182615280151367,0.5923209605132413,0.7680079448223114,1.8,0.02,-0.0,-0.00033651726698731967,-1.3619978928745457e-05,0.0,0.15,-0.0,0.0,0.0,-0.0,0.0,0.0,0.0,0.0,0.35,0.0,0.0,0.0,0.0,0.0,0.0,0.0,0.0,0.25,-0.0,-4.2808837890625,0.0,-0.8581738471984863,-0.0,-0.5351104736328125,-0.5351104736328125,-0.05,0.5380079448223114,0.35867196321487427,0.2,0.0,-0.0,-0.0,-0.0,0.8,1.0,-0.0,0.0,-0.0,-0.0,0.0,0.0,0.0,0.4426710977591574,-0.0,-0.0,-0.0,0.02,0.0,0.0,0.0,0.0,0.0,0.0,0.35867196321487427,31.87231903865933,32.4,0.0,0.6,0.0,1.0,2.0,4.0,0.0,1.0,0.0,1.0,0.0,0.0,0.0,0.0,0.0,0.0,0.0,0.0,0.0,0.0,0.0,0.0,0.0,0.0,0.0,0.0,0.0,0.0,0.0,39.3039436340332,68.3498764038086,39.0089111328125,68.22595977783203,-0.2950325012207031,-0.1239166259765625,0.31999924778938293,-2.743956068295494,-0.9219828248023987,-0.3872307538986206,1.0,-7.6436262130737305,48.63199996948242,0.0,28.0,28.0,28.0,0.0,0.0,0.0,0.0,0.0,1.0,120.0,1.0,1.0,1.0,0.0,0.0,65.03130006603897,0.38890005089342594,5.335800000466406,34.37370003666729,15.792899997904897,4.0,21.110999980010092,3.097499953582883,0.6850000936537981,0.000400003045797348
1,233,233,3.3352014207627123,0,0,2.0,4.0,1.0,1.0,1.0,1.0,1.0,1.0,1.0,1.0,1.0,1.0,1.0,1.0,1.0,1.0,1.0,1.0,1.0,0.0,0.38803547620773315,0.1603878289461136,0.41987594962120056,0.38198864459991455,0.4553188383579254,-0.6216109991073608,0.0,-0.0004648242029361427,0.9690443277359009,0.24688687920570374,0.0,0.0,0.0,0.0,0.0,0.0,49.85101318359375,25.0,25.0,25.0,25.0,25.0,0.0,1.0,1.0,1.0,0.0,0.0,0.0,0.0,0.0,0.14599543809890747,0.6001855063297971,0.7694795387983322,1.7995409375356757,0.02,-0.0,-0.00033651726698731967,-1.3619978928745457e-05,0.0,0.15,-0.0,0.0,0.0,-0.0,0.0,0.0,0.0,0.0,0.35,0.0,0.0,0.0,0.0,0.0,0.0,0.0,0.0,0.25,-0.0,-4.272796630859375,0.0,-0.8540045619010925,-0.0,-0.5340995788574219,-0.5340995788574219,-0.05,0.5394795387983322,0.3596530258655548,0.2,0.0,-0.0,-0.0,-0.0,0.8,1.0,-0.0,0.0,-0.0,-0.0,0.0,0.0,0.0,0.4505356435757131,-0.0,-0.0,-0.0004590624643243002,0.02,0.0,0.0,0.0,0.0,0.0,0.0,0.3596530258655548,32.43856633745134,32.4,1.0,0.0,0.0,1.0,2.0,4.0,0.0,1.0,0.0,1.0,0.0,0.0,0.0,0.0,0.0,0.0,0.0,0.0,0.0,0.0,0.0,0.0,0.0,0.0,0.0,0.0,0.0,0.0,0.0,39.00910949707031,68.22612762451172,38.713375091552734,68.10388946533203,-0.2957344055175781,-0.1222381591796875,0.3200015723705292,-2.749641460586078,-0.9241669774055481,-0.38198861479759216,1.0,-7.555147647857666,48.97958755493164,0.0,28.0,28.0,28.0,0.0,0.0,0.0,0.0,0.0,1.0,120.0,1.0,1.0,1.0,0.0,0.0,30.430300044827163,0.43430004734545946,7.810099981725216,14.057499938644469,11.112899985164404,4.0,4.32780000846833,2.8198999352753162,0.9536000434309244,0.000500003807246685
1,234,234,3.3356787655920903,0,0,2.0,4.0,1.0,1.0,1.0,1.0,1.0,1.0,1.0,1.0,1.0,1.0,1.0,1.0,1.0,1.0,1.0,1.0,1.0,0.0,0.3848329186439514,0.15646614134311676,0.4154251217842102,0.37664100527763367,0.46340808272361755,0.49153411388397217,0.0,-0.0004648242029361427,0.969066321849823,0.246800497174263,0.0,0.0,0.0,0.0,0.0,0.0,49.320343017578125,25.0,25.0,25.0,25.0,25.0,0.0,1.0,1.0,1.0,0.0,0.0,0.0,0.0,0.0,0.1596968173980713,0.5906111065716667,0.7653708416223526,1.8,0.02,-0.0,-0.00033651726698731967,-1.3619978928745457e-05,0.0,0.15,-0.0,0.0,0.0,-0.0,0.0,0.0,0.0,0.0,0.35,0.0,0.0,0.0,0.0,0.0,0.0,0.0,0.0,0.25,-0.0,-4.245361328125,0.0,-0.8403031826019287,-0.0,-0.530670166015625,-0.530670166015625,-0.05,0.5353708416223526,0.35691389441490173,0.2,0.0,-0.0,-0.0,-0.0,0.8,1.0,-0.0,0.0,-0.0,-0.0,0.0,0.0,0.0,0.4409612438175827,-0.0,-0.0,-0.0,0.02,0.0,0.0,0.0,0.0,0.0,0.0,0.35691389441490173,31.749209554865956,32.4,0.0,0.6,0.0,1.0,2.0,4.0,0.0,1.0,0.0,1.0,0.0,0.0,0.0,0.0,0.0,0.0,0.0,0.0,0.0,0.0,0.0,0.0,0.0,0.0,0.0,0.0,0.0,0.0,0.0,38.71357345581055,68.10404968261719,38.417137145996094,67.98352813720703,-0.2964363098144531,-0.12052154541015625,0.31999990344047546,-2.7554369835716974,-0.9263592958450317,-0.37664100527763367,1.0,-7.466378688812256,49.3281135559082,0.0,28.0,28.0,28.0,0.0,0.0,0.0,0.0,0.0,1.0,120.0,1.0,1.0,1.0,0.0,0.0,54.130000062286854,0.5148000782355666,8.312899968586862,36.948799970559776,26.939000003039837,4.0,4.475100082345307,2.9657999984920025,0.8821999654173851,0.000500003807246685
1,235,235,3.3489190860231592,0,0,2.0,4.0,1.0,1.0,1.0,1.0,1.0,1.0,1.0,1.0,1.0,1.0,1.0,1.0,1.0,1.0,1.0,1.0,1.0,0.0,0.38163140416145325,0.15258054435253143,0.41100284457206726,0.37123963236808777,0.45356014370918274,-0.5983999967575073,0.0,-0.00010010331607190892,0.9690612554550171,0.24682042002677917,0.0,0.0,0.0,0.0,0.0,0.0,48.790626525878906,25.0,25.0,25.0,25.0,25.0,0.0,1.0,1.0,1.0,0.0,0.0,0.0,0.0,0.0,0.1635892391204834,0.5985068126161769,0.766823034286499,1.8,0.02,-0.0,-0.00033651726698731967,-1.3619978928745457e-05,0.0,0.15,-0.0,0.0,0.0,-0.0,0.0,0.0,0.0,0.0,0.35,0.0,0.0,0.0,0.0,0.0,0.0,0.0,0.0,0.25,-0.0,-4.23773193359375,0.0,-0.8364107608795166,-0.0,-0.5297164916992188,-0.5297164916992188,-0.05,0.536823034286499,0.357882022857666,0.2,0.0,-0.0,-0.0,-0.0,0.8,1.0,-0.0,0.0,-0.0,-0.0,0.0,0.0,0.0,0.4488569498620929,-0.0,-0.0,-0.0,0.02,0.0,0.0,0.0,0.0,0.0,0.0,0.357882022857666,32.317700390070684,32.4,1.0,0.0,0.0,1.0,2.0,4.0,0.0,1.0,0.0,1.0,0.0,0.0,0.0,0.0,0.0,0.0,0.0,0.0,0.0,0.0,0.0,0.0,0.0,0.0,0.0,0.0,0.0,0.0,0.0,38.417335510253906,67.98368835449219,38.12020492553711,67.8648910522461,-0.2971305847167969,-0.11879730224609375,0.3199990391731262,-2.7612456766678166,-0.928537130355835,-0.37123963236808777,1.0,-7.3784332275390625,49.67402267456055,0.0,28.0,28.0,28.0,0.0,0.0,0.0,0.0,0.0,1.0,120.0,1.0,1.0,1.0,0.0,0.0,47.60890000034124,0.6669999565929174,9.18320007622242,29.32820003479719,15.33299998845905,4.0,4.639299935661256,3.0406999867409468,0.7062000222504139,0.000400003045797348
1,236,236,3.272222394728504,0,0,2.0,4.0,1.0,1.0,1.0,1.0,1.0,1.0,1.0,1.0,1.0,1.0,1.0,1.0,1.0,1.0,1.0,1.0,1.0,0.0,0.3784203827381134,0.14870195090770721,0.4065885543823242,0.36573079228401184,0.46168142557144165,0.4934816360473633,0.0,0.000640048470813781,0.9690766334533691,0.24675993621349335,0.0,0.0,0.0,0.0,0.0,0.0,48.25836944580078,25.0,25.0,25.0,25.0,25.0,0.0,1.0,1.0,1.0,0.0,0.0,0.0,0.0,0.0,0.15363472700119019,0.606987459114678,0.7777447211742401,1.7138554874383956,0.02,-0.0,-0.00033651726698731967,-1.3619978928745457e-05,0.0,0.15,-0.0,0.0,0.0,-0.0,0.0,0.0,0.0,0.0,0.35,0.0,0.0,0.0,0.0,0.0,0.0,0.0,0.0,0.25,-0.0,-4.258056640625,0.0,-0.8463652729988098,-0.0,-0.532257080078125,-0.532257080078125,-0.05,0.5477447211742401,0.3651631474494934,0.2,0.0,-0.0,-0.0,-0.0,0.8,1.0,-0.0,0.0,-0.0,-0.0,0.0,0.0,0.0,0.45733759636059407,-0.0,-0.0,-0.0861445125616045,0.02,0.0,0.0,0.0,0.0,0.0,0.0,0.3651631474494934,32.92830693796277,32.4,1.0,0.0,0.0,1.0,2.0,4.0,0.0,1.0,0.0,1.0,0.0,0.0,0.0,0.0,0.0,0.0,0.0,0.0,0.0,0.0,0.0,0.0,0.0,0.0,0.0,0.0,0.0,0.0,0.0,38.12040710449219,67.86505126953125,37.82257843017578,67.74801635742188,-0.29782867431640625,-0.117034912109375,0.319998562335968,-2.767169481675973,-0.9307206869125366,-0.36573079228401184,1.0,-7.290040016174316,50.020816802978516,0.0,28.0,28.0,28.0,0.0,0.0,0.0,0.0,0.0,1.0,120.0,1.0,1.0,1.0,0.0,0.0,29.125799890607595,0.6247999845072627,9.211499942466617,11.119200033135712,7.8174000373110175,4.0,4.331799922510982,3.0462000286206603,0.7569000590592623,0.000500003807246685
1,237,237,3.358765218020342,0,0,2.0,4.0,1.0,1.0,1.0,1.0,1.0,1.0,1.0,1.0,1.0,1.0,1.0,1.0,1.0,1.0,1.0,1.0,1.0,0.0,0.3751879930496216,0.14477939903736115,0.4021530747413635,0.36001065373420715,0.47040438652038574,0.5300403833389282,0.0,0.000640048470813781,0.9690878987312317,0.24671564996242523,0.0,0.0,0.0,0.0,0.0,0.0,47.72966766357422,25.0,25.0,25.0,25.0,25.0,0.0,1.0,1.0,1.0,0.0,0.0,0.0,0.0,0.0,0.16786396503448486,0.5974717590817434,0.7734294939041138,1.8,0.02,-0.0,-0.00033651726698731967,-1.3619978928745457e-05,0.0,0.15,-0.0,0.0,0.0,-0.0,0.0,0.0,0.0,0.0,0.35,0.0,0.0,0.0,0.0,0.0,0.0,0.0,0.0,0.25,-0.0,-4.2296142578125,0.0,-0.8321360349655151,-0.0,-0.5287017822265625,-0.5287017822265625,-0.05,0.5434294939041138,0.3622863292694092,0.2,0.0,-0.0,-0.0,-0.0,0.8,1.0,-0.0,0.0,-0.0,-0.0,0.0,0.0,0.0,0.44782189632765945,-0.0,-0.0,-0.0,0.02,0.0,0.0,0.0,0.0,0.0,0.0,0.3622863292694092,32.24317653559148,32.4,0.0,0.6,0.0,1.0,2.0,4.0,0.0,1.0,0.0,1.0,0.0,0.0,0.0,0.0,0.0,0.0,0.0,0.0,0.0,0.0,0.0,0.0,0.0,0.0,0.0,0.0,0.0,0.0,0.0,37.82278060913086,67.74817657470703,37.52423858642578,67.63297271728516,-0.2985420227050781,-0.115203857421875,0.3199988603591919,-2.773310466383994,-0.9329482316970825,-0.36001065373420715,1.0,-7.199779987335205,50.37464904785156,0.0,28.0,28.0,28.0,0.0,0.0,0.0,0.0,0.0,1.0,120.0,1.0,1.0,1.0,0.0,0.0,49.16209995280951,0.6302000256255269,8.629899937659502,32.9272000817582,14.921399997547269,4.0,3.8634000811725855,2.404100028797984,0.6665000692009926,0.000400003045797348
1,238,238,3.324658866175981,0,0,2.0,4.0,1.0,1.0,1.0,1.0,1.0,1.0,1.0,1.0,1.0,1.0,1.0,1.0,1.0,1.0,1.0,1.0,1.0,0.0,0.3719561994075775,0.14089517295360565,0.3977472186088562,0.3542329668998718,0.460616797208786,-0.5947312712669373,0.0,-0.0006099086022004485,0.9690773487091064,0.24675710499286652,0.0,0.0,0.0,0.0,0.0,0.0,47.20222854614258,25.0,25.0,25.0,25.0,25.0,0.0,1.0,1.0,1.0,0.0,0.0,0.0,0.0,0.0,0.17302918434143066,0.6051452577998114,0.7748034107685089,1.75168101326623,0.02,-0.0,-0.00033651726698731967,-1.3619978928745457e-05,0.0,0.15,-0.0,0.0,0.0,-0.0,0.0,0.0,0.0,0.0,0.35,0.0,0.0,0.0,0.0,0.0,0.0,0.0,0.0,0.25,-0.0,-4.219512939453125,0.0,-0.8269708156585693,-0.0,-0.5274391174316406,-0.5274391174316406,-0.05,0.5448034107685089,0.3632022738456726,0.2,0.0,-0.0,-0.0,-0.0,0.8,1.0,-0.0,0.0,-0.0,-0.0,0.0,0.0,0.0,0.4554953950457275,-0.0,-0.0,-0.04831898673377001,0.02,0.0,0.0,0.0,0.0,0.0,0.0,0.3632022738456726,32.79566844329238,32.4,1.0,0.0,0.0,1.0,2.0,4.0,0.0,1.0,0.0,1.0,0.0,0.0,0.0,0.0,0.0,0.0,0.0,0.0,0.0,0.0,0.0,0.0,0.0,0.0,0.0,0.0,0.0,0.0,0.0,37.52444076538086,67.63313293457031,37.22519302368164,67.519775390625,-0.29924774169921875,-0.1133575439453125,0.31999868154525757,-2.7794873483373324,-0.9351571798324585,-0.3542329668998718,1.0,-7.110301971435547,50.725711822509766,0.0,28.0,28.0,28.0,0.0,0.0,0.0,0.0,0.0,1.0,120.0,1.0,1.0,1.0,0.0,0.0,33.86830003000796,0.6767000304535031,8.326600072905421,14.757400029338896,10.831300052814186,4.0,5.510800052434206,3.804599982686341,0.7559999357908964,0.000400003045797348
1,239,239,3.372841058378033,0,0,2.0,4.0,1.0,1.0,1.0,1.0,1.0,1.0,1.0,1.0,1.0,1.0,1.0,1.0,1.0,1.0,1.0,1.0,1.0,0.0,0.3687160313129425,0.1370190978050232,0.3933519124984741,0.34833717346191406,0.4685095548629761,0.4795936644077301,0.0,-0.0006099086022004485,0.9690984487533569,0.24667419493198395,0.0,0.0,0.0,0.0,0.0,0.0,46.67851257324219,25.0,25.0,25.0,25.0,25.0,0.0,1.0,1.0,1.0,0.0,0.0,0.0,0.0,0.0,0.1879083514213562,0.5943020087526364,0.7706306982040405,1.8,0.02,-0.0,-0.00033651726698731967,-1.3619978928745457e-05,0.0,0.15,-0.0,0.0,0.0,-0.0,0.0,0.0,0.0,0.0,0.35,0.0,0.0,0.0,0.0,0.0,0.0,0.0,0.0,0.25,-0.0,-4.189727783203125,0.0,-0.8120916485786438,-0.0,-0.5237159729003906,-0.5237159729003906,-0.05,0.5406306982040405,0.36042046546936035,0.2,0.0,-0.0,-0.0,-0.0,0.8,1.0,-0.0,0.0,-0.0,-0.0,0.0,0.0,0.0,0.4446521459985524,-0.0,-0.0,-0.0,0.02,0.0,0.0,0.0,0.0,0.0,0.0,0.36042046546936035,32.01495451189577,32.4,0.0,0.6,0.0,1.0,2.0,4.0,0.0,1.0,0.0,1.0,0.0,0.0,0.0,0.0,0.0,0.0,0.0,0.0,0.0,0.0,0.0,0.0,0.0,0.0,0.0,0.0,0.0,0.0,0.0,37.22539520263672,67.51993560791016,36.925437927246094,67.4084701538086,-0.299957275390625,-0.1114654541015625,0.31999829411506653,-2.785802246458971,-0.9373693466186523,-0.34833717346191406,1.0,-7.0205278396606445,51.07764434814453,0.0,28.0,28.0,28.0,0.0,0.0,0.0,0.0,0.0,1.0,120.0,1.0,1.0,1.0,0.0,0.0,89.27540003787726,0.6235999753698707,9.377500042319298,67.04289990011603,42.65570000279695,4.0,8.617299958132207,2.863700035959482,0.7176999934017658,0.000400003045797348
1,240,240,3.3773301626385295,0,0,2.0,4.0,1.0,1.0,1.0,1.0,1.0,1.0,1.0,1.0,1.0,1.0,1.0,1.0,1.0,1.0,1.0,1.0,1.0,0.0,0.36547815799713135,0.1331806182861328,0.38898760080337524,0.34237751364707947,0.4573564827442169,-0.6777030825614929,0.0,-0.0008916861261241138,0.9690897464752197,0.24670842289924622,0.0,0.0,0.0,0.0,0.0,0.0,46.156089782714844,25.0,25.0,25.0,25.0,25.0,0.0,1.0,1.0,1.0,0.0,0.0,0.0,0.0,0.0,0.1931769847869873,0.6021573860570041,0.772056068778038,1.7899397230165,0.02,-0.0,-0.00033651726698731967,-1.3619978928745457e-05,0.0,0.15,-0.0,0.0,0.0,-0.0,0.0,0.0,0.0,0.0,0.35,0.0,0.0,0.0,0.0,0.0,0.0,0.0,0.0,0.25,-0.0,-4.17938232421875,0.0,-0.8068230152130127,-0.0,-0.5224227905273438,-0.5224227905273438,-0.05,0.542056068778038,0.361370712518692,0.2,0.0,-0.0,-0.0,-0.0,0.8,1.0,-0.0,0.0,-0.0,-0.0,0.0,0.0,0.0,0.45250752330292016,-0.0,-0.0,-0.010060276983500085,0.02,0.0,0.0,0.0,0.0,0.0,0.0,0.361370712518692,32.58054167781025,32.4,1.0,0.0,0.0,1.0,2.0,4.0,0.0,1.0,0.0,1.0,0.0,0.0,0.0,0.0,0.0,0.0,0.0,0.0,0.0,0.0,0.0,0.0,0.0,0.0,0.0,0.0,0.0,0.0,0.0,36.92564392089844,67.40863037109375,36.62498474121094,67.299072265625,-0.3006591796875,-0.10955810546875,0.31999829411506653,-2.7921535337972525,-0.9395624995231628,-0.34237754344940186,1.0,-6.931735038757324,51.42695617675781,0.0,28.0,28.0,28.0,0.0,0.0,0.0,0.0,0.0,1.0,120.0,1.0,1.0,1.0,0.0,0.0,33.977000042796135,0.6458000279963017,8.911599987186491,17.799499910324812,14.16389993391931,4.0,3.639300004579127,2.2399999434128404,0.708600040525198,0.000500003807246685
1,241,241,3.387893388764858,0,0,2.0,4.0,1.0,1.0,1.0,1.0,1.0,1.0,1.0,1.0,1.0,1.0,1.0,1.0,1.0,1.0,1.0,1.0,1.0,0.0,0.36223170161247253,0.12935057282447815,0.3846340775489807,0.33629512786865234,0.46543630957603455,0.49096107482910156,0.0,-0.0008916861261241138,0.9691101908683777,0.24662818014621735,0.0,0.0,0.0,0.0,0.0,0.0,45.6372184753418,25.0,25.0,25.0,25.0,25.0,0.0,1.0,1.0,1.0,0.0,0.0,0.0,0.0,0.0,0.2074437141418457,0.5925143282580374,0.767935346364975,1.8,0.02,-0.0,-0.00033651726698731967,-1.3619978928745457e-05,0.0,0.15,-0.0,0.0,0.0,-0.0,0.0,0.0,0.0,0.0,0.35,0.0,0.0,0.0,0.0,0.0,0.0,0.0,0.0,0.25,-0.0,-4.150970458984375,0.0,-0.7925562858581543,-0.0,-0.5188713073730469,-0.5188713073730469,-0.05,0.537935346364975,0.35862356424331665,0.2,0.0,-0.0,-0.0,-0.0,0.8,1.0,-0.0,0.0,-0.0,-0.0,0.0,0.0,0.0,0.4428644655039534,-0.0,-0.0,-0.0,0.02,0.0,0.0,0.0,0.0,0.0,0.0,0.35862356424331665,31.886241516284645,32.4,0.0,0.6,0.0,1.0,2.0,4.0,0.0,1.0,0.0,1.0,0.0,0.0,0.0,0.0,0.0,0.0,0.0,0.0,0.0,0.0,0.0,0.0,0.0,0.0,0.0,0.0,0.0,0.0,0.0,36.62519073486328,67.29923248291016,36.323829650878906,67.19161987304688,-0.301361083984375,-0.10761260986328125,0.3199984133243561,-2.7986168184604776,-0.9417566657066345,-0.33629512786865234,1.0,-6.842611789703369,51.777164459228516,0.0,28.0,28.0,28.0,0.0,0.0,0.0,0.0,0.0,1.0,120.0,1.0,1.0,1.0,0.0,0.0,59.528399957343936,0.7052000146359205,8.911299984902143,39.749399991706014,29.186400002799928,4.0,6.038099993020296,2.993099973537028,1.1051000328734517,0.0004998873919248581
1,242,242,3.4015427139763093,0,0,2.0,4.0,1.0,1.0,1.0,1.0,1.0,1.0,1.0,1.0,1.0,1.0,1.0,1.0,1.0,1.0,1.0,1.0,1.0,0.0,0.35898587107658386,0.12555862963199615,0.38031014800071716,0.33014798164367676,0.4555177390575409,-0.602691113948822,0.0,-0.00016253534704446793,0.9691033363342285,0.24665509164333344,0.0,0.0,0.0,0.0,0.0,0.0,45.119590759277344,25.0,25.0,25.0,25.0,25.0,0.0,1.0,1.0,1.0,0.0,0.0,0.0,0.0,0.0,0.212502121925354,0.6002820504409446,0.7693979996442795,1.799360541965731,0.02,-0.0,-0.00033651726698731967,-1.3619978928745457e-05,0.0,0.15,-0.0,0.0,0.0,-0.0,0.0,0.0,0.0,0.0,0.35,0.0,0.0,0.0,0.0,0.0,0.0,0.0,0.0,0.25,-0.0,-4.141021728515625,0.0,-0.787497878074646,-0.0,-0.5176277160644531,-0.5176277160644531,-0.05,0.5393979996442795,0.35959866642951965,0.2,0.0,-0.0,-0.0,-0.0,0.8,1.0,-0.0,0.0,-0.0,-0.0,0.0,0.0,0.0,0.45063218768686064,-0.0,-0.0,-0.0006394580342690434,0.02,0.0,0.0,0.0,0.0,0.0,0.0,0.35959866642951965,32.445517513453964,32.4,1.0,0.0,0.0,1.0,2.0,4.0,0.0,1.0,0.0,1.0,0.0,0.0,0.0,0.0,0.0,0.0,0.0,0.0,0.0,0.0,0.0,0.0,0.0,0.0,0.0,0.0,0.0,0.0,0.0,36.32403564453125,67.1917724609375,36.021976470947266,67.08612823486328,-0.3020591735839844,-0.10564422607421875,0.32000070810317993,-2.805143444228695,-0.9439292550086975,-0.33014798164367676,1.0,-6.754269599914551,52.12473678588867,0.0,28.0,28.0,28.0,0.0,0.0,0.0,0.0,0.0,1.0,120.0,1.0,1.0,1.0,0.0,0.0,47.21290001180023,0.60889997985214,9.83909994829446,28.46900001168251,14.618100016377866,4.0,4.480500007048249,3.177400096319616,0.5914999637752771,0.000400003045797348
1,243,243,3.4024401350411773,0,0,2.0,4.0,1.0,1.0,1.0,1.0,1.0,1.0,1.0,1.0,1.0,1.0,1.0,1.0,1.0,1.0,1.0,1.0,1.0,0.0,0.35573041439056396,0.12177569419145584,0.37599658966064453,0.32387444376945496,0.46350738406181335,0.4854826331138611,0.0,0.0006763030542060733,0.9691172242164612,0.24660055339336395,0.0,0.0,0.0,0.0,0.0,0.0,44.60548782348633,25.0,25.0,25.0,25.0,25.0,0.0,1.0,1.0,1.0,0.0,0.0,0.0,0.0,0.0,0.22661542892456055,0.5905260159167646,0.765298690199852,1.8,0.02,-0.0,-0.00033651726698731967,-1.3619978928745457e-05,0.0,0.15,-0.0,0.0,0.0,-0.0,0.0,0.0,0.0,0.0,0.35,0.0,0.0,0.0,0.0,0.0,0.0,0.0,0.0,0.25,-0.0,-4.112823486328125,0.0,-0.7733845710754395,-0.0,-0.5141029357910156,-0.5141029357910156,-0.05,0.535298690199852,0.356865793466568,0.2,0.0,-0.0,-0.0,-0.0,0.8,1.0,-0.0,0.0,-0.0,-0.0,0.0,0.0,0.0,0.4408761531626806,-0.0,-0.0,-0.0,0.02,0.0,0.0,0.0,0.0,0.0,0.0,0.356865793466568,31.743083027713002,32.4,0.0,0.6,0.0,1.0,2.0,4.0,0.0,1.0,0.0,1.0,0.0,0.0,0.0,0.0,0.0,0.0,0.0,0.0,0.0,0.0,0.0,0.0,0.0,0.0,0.0,0.0,0.0,0.0,0.0,36.02218246459961,67.0862808227539,35.71942901611328,66.9826431274414,-0.3027534484863281,-0.1036376953125,0.32000064849853516,-2.8117785812716902,-0.946100115776062,-0.32387444376945496,1.0,-6.66546630859375,52.47319793701172,0.0,28.0,28.0,28.0,0.0,0.0,0.0,0.0,0.0,1.0,120.0,1.0,1.0,1.0,0.0,0.0,22.568500018678606,0.42429997120052576,4.977100063115358,11.249299976043403,7.933100103400648,4.0,3.298399969935417,1.9168000435456634,0.6704999832436442,0.000500003807246685
1,244,244,2.8066448675886915,0,0,2.0,3.0,1.0,1.0,1.0,1.0,1.0,1.0,1.0,1.0,1.0,1.0,1.0,1.0,1.0,1.0,1.0,1.0,1.0,0.0,0.3524750769138336,0.11803147196769714,0.3717123866081238,0.3175343871116638,0.4534726142883301,-0.6097521781921387,0.0,0.0006763030542060733,0.9691077470779419,0.24663780629634857,0.0,0.0,0.0,0.0,0.0,0.0,44.09348678588867,25.0,25.0,25.0,25.0,25.0,0.0,1.0,1.0,1.0,0.0,0.0,0.0,0.0,0.0,0.23509037494659424,0.5956565486685558,0.7408979672193527,1.2149999767541886,0.02,-0.0,-0.00033651726698731967,-1.3619978928745457e-05,0.0,0.15,-0.0,0.0,0.0,-0.0,0.0,0.0,0.0,0.0,0.35,0.0,0.0,0.0,0.0,0.0,0.0,0.0,0.0,0.25,-0.0,-4.09600830078125,0.0,-0.7649096250534058,-0.0,-0.5120010375976562,-0.5120010375976562,-0.05,0.534897968173027,0.3565986454486847,0.2,0.0,-0.0,-0.0,-0.0,0.5599999904632569,0.699999988079071,-0.0,0.0,-0.0,-0.0,0.0,0.0,0.0,0.4460066859144718,-0.04500000178813934,-0.0,-0.0,0.02,0.0,0.0,0.0,0.0,0.0,0.0,0.3565986454486847,32.11248138584197,32.4,0.7326086850269979,0.0,0.0,0.699999988079071,2.0,3.0,0.0,0.699999988079071,0.0,0.699999988079071,0.0,0.0,0.0,0.0,0.0,0.0,0.0,0.0,0.0,0.0,0.0,0.0,0.0,0.0,0.0,0.0,0.0,0.0,0.0,35.71963882446289,66.98279571533203,35.41619873046875,66.88118743896484,-0.3034400939941406,-0.1016082763671875,0.32000020146369934,-2.818473696681631,-0.9482467174530029,-0.3175343871116638,1.0,-6.577371120452881,52.81901931762695,0.0,28.0,28.0,28.0,0.0,0.0,0.0,0.0,0.0,1.0,120.0,1.0,1.0,1.0,0.0,0.0,49.698299961164594,0.6590000120922923,8.939099963754416,34.61169998627156,15.438099973835051,4.0,2.973400056362152,1.791600021533668,0.6796999368816614,0.000400003045797348
1,245,245,3.3421505531042563,0,0,2.0,4.0,1.0,1.0,1.0,1.0,1.0,1.0,1.0,1.0,1.0,1.0,1.0,1.0,1.0,1.0,1.0,1.0,1.0,0.0,0.34921395778656006,0.1143064796924591,0.3674457371234894,0.31108400225639343,0.4587497413158417,0.32065829634666443,0.0,0.0005666497745551169,0.9691174626350403,0.2465994507074356,0.0,0.0,0.0,0.0,0.0,0.0,43.58018493652344,25.0,25.0,25.0,25.0,25.0,0.0,1.0,1.0,1.0,0.0,0.0,0.0,0.0,0.0,0.23013877868652344,0.6047992690279335,0.7746387231349945,1.7125737822548048,0.02,-0.0,-0.00033651726698731967,-1.3619978928745457e-05,0.0,0.15,-0.0,0.0,0.0,-0.0,0.0,0.0,0.0,0.0,0.35,0.0,0.0,0.0,0.0,0.0,0.0,0.0,0.0,0.25,-0.0,-4.106414794921875,0.0,-0.7698612213134766,-0.0,-0.5133018493652344,-0.5133018493652344,-0.05,0.5446387231349945,0.36309248208999634,0.2,0.0,-0.0,-0.0,-0.0,0.8,1.0,-0.0,0.0,-0.0,-0.0,0.0,0.0,0.0,0.4551494062738495,-0.04500000178813934,-0.0,-0.04242621595705584,0.02,0.0,0.0,0.0,0.0,0.0,0.0,0.36309248208999634,32.77075725171716,32.4,1.0,0.0,0.0,1.0,2.0,4.0,0.0,1.0,0.0,1.0,0.0,0.0,0.0,0.0,0.0,0.0,0.0,0.0,0.0,0.0,0.0,0.0,0.0,0.0,0.0,0.0,0.0,0.0,0.0,35.41640853881836,66.88134002685547,35.11228561401367,66.78179168701172,-0.3041229248046875,-0.09954833984375,0.3200009763240814,-2.825255437345261,-0.95038241147995,-0.31108400225639343,1.0,-6.489264965057373,53.1645622253418,0.0,28.0,28.0,28.0,0.0,0.0,0.0,0.0,0.0,1.0,120.0,1.0,1.0,1.0,0.0,0.0,60.992500046268106,0.6507000653073192,8.710499969311059,43.61439996864647,25.634299963712692,4.0,4.675399977713823,2.8035000432282686,0.5031999899074435,0.000400003045797348
1,246,246,3.431020909803845,0,0,2.0,4.0,1.0,1.0,1.0,1.0,1.0,1.0,1.0,1.0,1.0,1.0,1.0,1.0,1.0,1.0,1.0,1.0,1.0,0.0,0.34593454003334045,0.11054601520299911,0.36316820979118347,0.3043934404850006,0.4681536853313446,0.5714200139045715,0.0,0.0005666497745551169,0.9691354036331177,0.24652904272079468,0.0,0.0,0.0,0.0,0.0,0.0,43.070762634277344,25.0,25.0,25.0,25.0,25.0,0.0,1.0,1.0,1.0,0.0,0.0,0.0,0.0,0.0,0.24568390846252441,0.5949603530344738,0.7703766483068466,1.8,0.02,-0.0,-0.00033651726698731967,-1.3619978928745457e-05,0.0,0.15,-0.0,0.0,0.0,-0.0,0.0,0.0,0.0,0.0,0.35,0.0,0.0,0.0,0.0,0.0,0.0,0.0,0.0,0.25,-0.0,-4.07537841796875,0.0,-0.7543160915374756,-0.0,-0.5094223022460938,-0.5094223022460938,-0.05,0.5403766483068466,0.3602510988712311,0.2,0.0,-0.0,-0.0,-0.0,0.8,1.0,-0.0,0.0,-0.0,-0.0,0.0,0.0,0.0,0.4453104902803898,-0.0,-0.0,-0.0,0.02,0.0,0.0,0.0,0.0,0.0,0.0,0.3602510988712311,32.06235530018807,32.4,0.0,0.6,0.0,1.0,2.0,4.0,0.0,1.0,0.0,1.0,0.0,0.0,0.0,0.0,0.0,0.0,0.0,0.0,0.0,0.0,0.0,0.0,0.0,0.0,0.0,0.0,0.0,0.0,0.0,35.11249542236328,66.78194427490234,34.807682037353516,66.68453979492188,-0.3048133850097656,-0.09740447998046875,0.319998174905777,-2.832293910463146,-0.9525463581085205,-0.3043934404850006,1.0,-6.399651050567627,53.516422271728516,0.0,28.0,28.0,28.0,0.0,0.0,0.0,0.0,0.0,1.0,120.0,1.0,1.0,1.0,0.0,0.0,53.7727999035269,0.8969999616965652,8.435699972324073,36.80160001385957,16.72580000013113,4.0,4.690099973231554,2.4257999612018466,0.4862999776378274,0.000300002284348011
1,247,247,3.435881151152319,0,0,2.0,4.0,1.0,1.0,1.0,1.0,1.0,1.0,1.0,1.0,1.0,1.0,1.0,1.0,1.0,1.0,1.0,1.0,1.0,0.0,0.342657208442688,0.10682585835456848,0.3589230179786682,0.29762887954711914,0.45803365111351013,-0.6149322390556335,0.0,-0.00042420500540174544,0.9691309928894043,0.24654628336429596,0.0,0.0,0.0,0.0,0.0,0.0,42.562965393066406,25.0,25.0,25.0,25.0,25.0,0.0,1.0,1.0,1.0,0.0,0.0,0.0,0.0,0.0,0.25226545333862305,0.6021909696840865,0.7717562872171402,1.789668440912469,0.02,-0.0,-0.00033651726698731967,-1.3619978928745457e-05,0.0,0.15,-0.0,0.0,0.0,-0.0,0.0,0.0,0.0,0.0,0.35,0.0,0.0,0.0,0.0,0.0,0.0,0.0,0.0,0.25,-0.0,-4.0623779296875,0.0,-0.747734546661377,-0.0,-0.5077972412109375,-0.5077972412109375,-0.05,0.5417562872171402,0.36117085814476013,0.2,0.0,-0.0,-0.0,-0.0,0.8,1.0,-0.0,0.0,-0.0,-0.0,0.0,0.0,0.0,0.45254110693000255,-0.0,-0.0,-0.01033155908753105,0.02,0.0,0.0,0.0,0.0,0.0,0.0,0.36117085814476013,32.58295969896018,32.4,1.0,0.0,0.0,1.0,2.0,4.0,0.0,1.0,0.0,1.0,0.0,0.0,0.0,0.0,0.0,0.0,0.0,0.0,0.0,0.0,0.0,0.0,0.0,0.0,0.0,0.0,0.0,0.0,0.0,34.807891845703125,66.6846923828125,34.50239562988281,66.5894546508789,-0.3054962158203125,-0.09523773193359375,0.3199971318244934,-2.8393933271038816,-0.9546816349029541,-0.29762887954711914,1.0,-6.310975551605225,53.8655891418457,0.0,28.0,28.0,28.0,0.0,0.0,0.0,0.0,0.0,1.0,120.0,1.0,1.0,1.0,0.0,0.0,33.016599947586656,0.5688999081030488,6.669500027783215,16.835800022818148,12.062699999660254,4.0,4.841299960389733,3.280300064943731,0.7882999489083886,0.000400003045797348
1,248,248,2.8381178421479833,0,0,2.0,3.0,1.0,1.0,1.0,1.0,1.0,1.0,1.0,1.0,1.0,1.0,1.0,1.0,1.0,1.0,1.0,1.0,1.0,0.0,0.33937138319015503,0.10311657935380936,0.35469138622283936,0.29072198271751404,0.4654708504676819,0.4519135355949402,0.0,-0.00042420500540174544,0.9691507816314697,0.24646852910518646,0.0,0.0,0.0,0.0,0.0,0.0,42.05889129638672,25.0,25.0,25.0,25.0,25.0,0.0,1.0,1.0,1.0,0.0,0.0,0.0,0.0,0.0,0.26721471548080444,0.5923326743346824,0.7435704755783081,1.2149999767541886,0.02,-0.0,-0.00033651726698731967,-1.3619978928745457e-05,0.0,0.15,-0.0,0.0,0.0,-0.0,0.0,0.0,0.0,0.0,0.35,0.0,0.0,0.0,0.0,0.0,0.0,0.0,0.0,0.25,-0.0,-4.0325927734375,0.0,-0.7327852845191956,-0.0,-0.5040740966796875,-0.5040740966796875,-0.05,0.5375704765319824,0.3583803176879883,0.2,0.0,-0.0,-0.0,-0.0,0.5599999904632569,0.699999988079071,-0.0,0.0,-0.0,-0.0,0.0,0.0,0.0,0.4426828115805984,-0.04500000178813934,-0.0,-0.0,0.02,0.0,0.0,0.0,0.0,0.0,0.0,0.3583803176879883,31.873162433803085,32.4,0.0,0.6,0.0,0.699999988079071,2.0,3.0,0.0,0.699999988079071,0.0,0.699999988079071,0.0,0.0,0.0,0.0,0.0,0.0,0.0,0.0,0.0,0.0,0.0,0.0,0.0,0.0,0.0,0.0,0.0,0.0,0.0,34.50260925292969,66.58960723876953,34.19643020629883,66.49657440185547,-0.3061790466308594,-0.0930328369140625,0.32000112533569336,-2.8466065040946265,-0.956807553768158,-0.29072198271751404,1.0,-6.221958160400391,54.21561813354492,0.0,28.0,28.0,28.0,0.0,0.0,0.0,0.0,0.0,1.0,120.0,1.0,1.0,1.0,0.0,0.0,57.04470002092421,0.6396999815478921,8.618500083684921,38.575800019316375,28.751599951647222,4.0,4.591000033542514,3.7968000397086143,0.790799967944622,0.000400003045797348
1,249,249,3.4174735585713543,0,0,2.0,4.0,1.0,1.0,1.0,1.0,1.0,1.0,1.0,1.0,1.0,1.0,1.0,1.0,1.0,1.0,1.0,1.0,1.0,0.0,0.33608609437942505,0.09944801032543182,0.3504907488822937,0.2837393283843994,0.45533087849617004,-0.6161434650421143,0.0,-0.00016651845362503082,0.9691439867019653,0.24649526178836823,0.0,0.0,0.0,0.0,0.0,0.0,41.55641555786133,25.0,25.0,25.0,25.0,25.0,0.0,1.0,1.0,1.0,0.0,0.0,0.0,0.0,0.0,0.2737128734588623,0.5998268502251429,0.7689839559793472,1.7549498789080018,0.02,-0.0,-0.00033651726698731967,-1.3619978928745457e-05,0.0,0.15,-0.0,0.0,0.0,-0.0,0.0,0.0,0.0,0.0,0.35,0.0,0.0,0.0,0.0,0.0,0.0,0.0,0.0,0.25,-0.0,-4.019805908203125,0.0,-0.7262871265411377,-0.0,-0.5024757385253906,-0.5024757385253906,-0.05,0.5389839559793472,0.3593226373195648,0.2,0.0,-0.0,-0.0,-0.0,0.8,1.0,-0.0,0.0,-0.0,-0.0,0.0,0.0,0.0,0.450176987471059,-0.04500000178813934,-0.0,-5.0119303858956604e-05,0.02,0.0,0.0,0.0,0.0,0.0,0.0,0.3593226373195648,32.41274309791625,32.4,1.0,0.0,0.0,1.0,2.0,4.0,0.0,1.0,0.0,1.0,0.0,0.0,0.0,0.0,0.0,0.0,0.0,0.0,0.0,0.0,0.0,0.0,0.0,0.0,0.0,0.0,0.0,0.0,0.0,34.1966438293457,66.49671936035156,33.88979721069336,66.40592193603516,-0.30684661865234375,-0.09079742431640625,0.31999847292900085,-2.8538970504496866,-0.9589014053344727,-0.2837393283843994,1.0,-6.133687973022461,54.562957763671875,0.0,28.0,28.0,28.0,0.0,0.0,0.0,0.0,0.0,1.0,120.0,1.0,1.0,1.0,0.0,0.0,45.24849995505065,0.4941000370308757,6.24929997138679,32.022599945776165,15.969499945640564,4.0,3.525799955241382,2.189000020734966,0.7267999462783337,0.000400003045797348
1,250,250,3.4636757801938054,0,0,2.0,4.0,1.0,1.0,1.0,1.0,1.0,1.0,1.0,1.0,1.0,1.0,1.0,1.0,1.0,1.0,1.0,1.0,1.0,0.0,0.3327915072441101,0.09579093009233475,0.34630346298217773,0.27660977840423584,0.46303918957710266,0.4683859944343567,0.0,0.000653363938909024,0.9691581130027771,0.24643966555595398,0.0,0.0,0.0,0.0,0.0,0.0,41.057701110839844,25.0,25.0,25.0,25.0,25.0,0.0,1.0,1.0,1.0,0.0,0.0,0.0,0.0,0.0,0.2887883186340332,0.5900415729451177,0.7648458886146545,1.8,0.02,-0.0,-0.00033651726698731967,-1.3619978928745457e-05,0.0,0.15,-0.0,0.0,0.0,-0.0,0.0,0.0,0.0,0.0,0.35,0.0,0.0,0.0,0.0,0.0,0.0,0.0,0.0,0.25,-0.0,-3.989715576171875,0.0,-0.7112116813659668,-0.0,-0.4987144470214844,-0.4987144470214844,-0.05,0.5348458886146545,0.356563925743103,0.2,0.0,-0.0,-0.0,-0.0,0.8,1.0,-0.0,0.0,-0.0,-0.0,0.0,0.0,0.0,0.4403917101910338,-0.0,-0.0,-0.0,0.02,0.0,0.0,0.0,0.0,0.0,0.0,0.356563925743103,31.708203133754434,32.4,0.0,0.6,0.0,1.0,2.0,4.0,0.0,1.0,0.0,1.0,0.0,0.0,0.0,0.0,0.0,0.0,0.0,0.0,0.0,0.0,0.0,0.0,0.0,0.0,0.0,0.0,0.0,0.0,0.0,33.890010833740234,66.40606689453125,33.582496643066406,66.31755065917969,-0.3075141906738281,-0.0885162353515625,0.32000014185905457,-2.8613247598742597,-0.9609823822975159,-0.27660977840423584,1.0,-6.04496955871582,54.911155700683594,0.0,28.0,28.0,28.0,0.0,0.0,0.0,0.0,0.0,1.0,120.0,1.0,1.0,1.0,0.0,0.0,29.047099989838898,0.5007999716326594,9.659699979238212,11.837700032629073,8.343399967998266,4.0,3.6094000097364187,2.6633000234141946,0.7448999676853418,0.000400003045797348
1,251,251,3.4799537466186288,0,0,2.0,4.0,1.0,1.0,1.0,1.0,1.0,1.0,1.0,1.0,1.0,1.0,1.0,1.0,1.0,1.0,1.0,1.0,1.0,0.0,0.32949763536453247,0.09217497706413269,0.34214749932289124,0.26940128207206726,0.4529743194580078,-0.6115798354148865,0.0,0.000653363938909024,0.9691486358642578,0.246476948261261,0.0,0.0,0.0,0.0,0.0,0.0,40.560787200927734,25.0,25.0,25.0,25.0,25.0,0.0,1.0,1.0,1.0,0.0,0.0,0.0,0.0,0.0,0.29611146450042725,0.5975420550721883,0.7663002270460129,1.8,0.02,-0.0,-0.00033651726698731967,-1.3619978928745457e-05,0.0,0.15,-0.0,0.0,0.0,-0.0,0.0,0.0,0.0,0.0,0.35,0.0,0.0,0.0,0.0,0.0,0.0,0.0,0.0,0.25,-0.0,-3.975311279296875,0.0,-0.7038885354995728,-0.0,-0.4969139099121094,-0.4969139099121094,-0.05,0.5363002270460129,0.3575334846973419,0.2,0.0,-0.0,-0.0,-0.0,0.8,1.0,-0.0,0.0,-0.0,-0.0,0.0,0.0,0.0,0.4478921923181043,-0.0,-0.0,-0.0,0.02,0.0,0.0,0.0,0.0,0.0,0.0,0.3575334846973419,32.24823784690351,32.4,1.0,0.0,0.0,1.0,2.0,4.0,0.0,1.0,0.0,1.0,0.0,0.0,0.0,0.0,0.0,0.0,0.0,0.0,0.0,0.0,0.0,0.0,0.0,0.0,0.0,0.0,0.0,0.0,0.0,33.58271026611328,66.31769561767578,33.27454376220703,66.23148345947266,-0.30816650390625,-0.086212158203125,0.3199986219406128,-2.868808034614644,-0.9630279541015625,-0.26940128207206726,1.0,-5.957004070281982,55.25669860839844,0.0,28.0,28.0,28.0,0.0,0.0,0.0,0.0,0.0,1.0,120.0,1.0,1.0,1.0,0.0,0.0,87.15889998711646,0.873900018632412,6.827899953350425,71.5341999894008,29.992599971592426,4.0,4.915999947115779,2.381599973887205,0.5825000116601586,0.000400003045797348
1,252,252,2.1694552283363118,0,0,2.0,2.0,1.0,1.0,1.0,1.0,1.0,1.0,1.0,1.0,1.0,1.0,1.0,1.0,1.0,1.0,1.0,1.0,1.0,0.0,0.3261958062648773,0.08857052773237228,0.33800655603408813,0.26203790307044983,0.46068909764289856,0.46878013014793396,0.0,0.0008335036691278219,0.9691652655601501,0.24641172587871552,0.0,0.0,0.0,0.0,0.0,0.0,40.06425857543945,25.0,25.0,25.0,25.0,25.0,0.0,1.0,1.0,1.0,0.0,0.0,0.0,0.0,0.0,0.29787731170654297,0.6010382215026019,0.7211237663030624,0.5294159288241045,0.02,-0.0,-0.00033651726698731967,-1.3619978928745457e-05,0.0,0.15,-0.0,0.0,0.0,-0.0,0.0,0.0,0.0,0.0,0.35,0.0,0.0,0.0,0.0,0.0,0.0,0.0,0.0,0.25,-0.0,-3.97222900390625,0.0,-0.702122688293457,-0.0,-0.49652862548828125,-0.49652862548828125,-0.05,0.5431237667798996,0.36208251118659973,0.2,0.0,-0.0,-0.0,-0.0,0.27999999523162844,0.3499999940395355,-0.0,0.0,-0.0,-0.0,0.0,0.0,0.0,0.45138835874851796,-0.09749999642372131,-0.0,-0.0030840640233381175,0.02,0.0,0.0,0.0,0.0,0.0,0.0,0.36208251118659973,32.499961829893294,23.26086922832157,0.4206521686004555,0.0,0.0,0.3499999940395355,2.0,2.0,0.0,0.3499999940395355,0.0,0.3499999940395355,0.0,0.0,0.0,0.0,0.0,0.0,0.0,0.0,0.0,0.0,0.0,0.0,0.0,0.0,0.0,0.0,0.0,0.0,0.0,33.27476119995117,66.23162841796875,32.9659423828125,66.14777374267578,-0.3088188171386719,-0.08385467529296875,0.3200010359287262,-2.876451997468213,-0.9650576114654541,-0.26203790307044983,1.0,-5.868734836578369,55.60316467285156,0.0,28.0,28.0,28.0,0.0,0.0,0.0,0.0,0.0,1.0,120.0,1.0,1.0,1.0,0.0,0.0,28.939099982380867,0.4341000458225608,6.285900017246604,15.147600090131164,11.133600026369095,4.0,3.555599949322641,2.8072999557480216,0.674300012178719,0.000400003045797348
1,253,253,4.947340615079663,0,0,2.0,4.0,1.0,1.0,1.0,1.0,1.0,1.0,1.0,1.0,1.0,1.0,1.0,1.0,1.0,1.0,1.0,1.0,1.0,0.0,0.3228810131549835,0.08494853973388672,0.3338688313961029,0.2544368803501129,0.4642851650714874,0.21851040422916412,0.0,0.0008335036691278219,0.9691675901412964,0.24640251696109772,0.0,0.0,0.0,0.0,0.0,0.0,39.57249069213867,25.0,25.0,25.0,25.0,25.0,0.0,1.0,1.0,1.0,0.0,0.0,0.0,0.0,0.0,0.3169076442718506,0.5916318461158497,2.3163011211156843,1.7025000035762787,0.02,-0.0,-0.00033651726698731967,-1.3619978928745457e-05,0.0,0.15,-0.0,0.0,0.0,-0.0,0.0,0.0,0.0,0.0,0.35,0.0,0.0,0.0,0.0,0.0,0.0,0.0,0.0,0.25,-0.0,-3.93414306640625,0.0,-0.6830923557281494,-0.0,-0.49176788330078125,-0.49176788330078125,1.5,0.5363011211156845,0.3575340807437897,0.2,0.0,-0.0,-0.0,-0.0,0.8,1.0,-0.0,0.0,-0.0,-0.0,0.0,0.0,0.0,0.44198198336176575,-0.09749999642372131,-0.0,-0.0,0.02,0.0,0.0,0.0,0.0,0.0,0.0,0.3575340807437897,31.822702802047132,32.4,0.0,0.6,0.0,1.0,2.0,4.0,0.0,1.0,0.0,1.0,0.0,0.0,0.0,0.0,0.0,0.0,0.0,0.0,0.0,0.0,0.0,0.0,0.0,0.0,0.0,0.0,0.0,0.0,0.0,32.96615982055664,66.14791870117188,32.65669250488281,66.06649780273438,-0.3094673156738281,-0.0814208984375,0.3199990391731262,-2.8843229341292886,-0.9670894145965576,-0.2544368803501129,1.0,-5.7795586585998535,55.95409393310547,0.0,28.0,28.0,28.0,0.0,0.0,0.0,0.0,0.0,1.0,120.0,1.0,1.0,1.0,0.0,0.0,51.81189998984337,0.6095999851822853,6.832699989899993,38.40910003054887,17.451200052164495,4.0,3.092199913226068,2.1579000167548656,0.6775000365450978,0.000300002284348011
1,254,254,3.511355908480398,0,0,2.0,4.0,1.0,1.0,1.0,1.0,1.0,1.0,1.0,1.0,1.0,1.0,1.0,1.0,1.0,1.0,1.0,1.0,1.0,0.0,0.3195708096027374,0.08138338476419449,0.3297707438468933,0.24678777158260345,0.45461004972457886,-0.5878984332084656,0.0,-2.231460348411929e-05,0.9691676497459412,0.24640218913555145,0.0,0.0,0.0,0.0,0.0,0.0,39.082664489746094,25.0,25.0,25.0,25.0,25.0,0.0,1.0,1.0,1.0,0.0,0.0,0.0,0.0,0.0,0.32480520009994507,0.5987986462981624,0.7677520620822906,1.8,0.02,-0.0,-0.00033651726698731967,-1.3619978928745457e-05,0.0,0.15,-0.0,0.0,0.0,-0.0,0.0,0.0,0.0,0.0,0.35,0.0,0.0,0.0,0.0,0.0,0.0,0.0,0.0,0.25,-0.0,-3.918609619140625,0.0,-0.6751947999000549,-0.0,-0.4898262023925781,-0.4898262023925781,-0.05,0.5377520620822906,0.3585013747215271,0.2,0.0,-0.0,-0.0,-0.0,0.8,1.0,-0.0,0.0,-0.0,-0.0,0.0,0.0,0.0,0.44914878354407844,-0.0,-0.0,-0.0,0.02,0.0,0.0,0.0,0.0,0.0,0.0,0.3585013747215271,32.338712415173646,32.4,1.0,0.0,0.0,1.0,2.0,4.0,0.0,1.0,0.0,1.0,0.0,0.0,0.0,0.0,0.0,0.0,0.0,0.0,0.0,0.0,0.0,0.0,0.0,0.0,0.0,0.0,0.0,0.0,0.0,32.65690994262695,66.06664276123047,32.34680938720703,65.9876708984375,-0.3101005554199219,-0.07897186279296875,0.31999829411506653,-2.892227935869518,-0.9690695405006409,-0.24678775668144226,1.0,-5.691586971282959,56.300636291503906,0.0,28.0,28.0,28.0,0.0,0.0,0.0,0.0,0.0,1.0,120.0,1.0,1.0,1.0,0.0,0.0,33.113199984654784,1.3216000515967607,7.597799994982779,16.161800012923777,12.669499963521957,4.0,4.405100014992058,2.896099933423102,0.699399970471859,0.000700005330145359
1,255,255,3.420004454383531,0,0,2.0,4.0,1.0,1.0,1.0,1.0,1.0,1.0,1.0,1.0,1.0,1.0,1.0,1.0,1.0,1.0,1.0,1.0,1.0,0.0,0.31625238060951233,0.07783101499080658,0.3256888687610626,0.23897351324558258,0.4619815945625305,0.44792500138282776,0.0,-2.231460348411929e-05,0.9691858291625977,0.24633076786994934,0.0,0.0,0.0,0.0,0.0,0.0,38.592010498046875,25.0,25.0,25.0,25.0,25.0,0.0,1.0,1.0,1.0,0.0,0.0,0.0,0.0,0.0,0.32180964946746826,0.6078784714824704,0.7786523360013962,1.6916639974321959,0.02,-0.0,-0.00033651726698731967,-1.3619978928745457e-05,0.0,0.15,-0.0,0.0,0.0,-0.0,0.0,0.0,0.0,0.0,0.35,0.0,0.0,0.0,0.0,0.0,0.0,0.0,0.0,0.25,-0.0,-3.92523193359375,0.0,-0.6781903505325317,-0.0,-0.49065399169921875,-0.49065399169921875,-0.05,0.5486523360013962,0.3657682240009308,0.2,0.0,-0.0,-0.0,-0.0,0.8,1.0,-0.0,0.0,-0.0,-0.0,0.0,0.0,0.0,0.45822860872838644,-0.0,-0.0,-0.10833600256780411,0.02,0.0,0.0,0.0,0.0,0.0,0.0,0.3657682240009308,32.99245982844383,32.4,1.0,0.0,0.0,1.0,2.0,4.0,0.0,1.0,0.0,1.0,0.0,0.0,0.0,0.0,0.0,0.0,0.0,0.0,0.0,0.0,0.0,0.0,0.0,0.0,0.0,0.0,0.0,0.0,0.0,32.34702682495117,65.98780822753906,32.03629684448242,65.91133880615234,-0.31072998046875,-0.07646942138671875,0.3200010657310486,-2.900291653980582,-0.9710260629653931,-0.23897351324558258,1.0,-5.603260517120361,56.64808654785156,0.0,28.0,28.0,28.0,0.0,0.0,0.0,0.0,0.0,1.0,120.0,1.0,1.0,1.0,0.0,0.0,51.72230000607669,0.7404000498354435,9.10160003695637,33.70930009987205,25.345299975015223,4.0,4.339899984188378,3.081799950450659,0.7175999926403165,0.000500003807246685
1,256,256,3.5303311900421233,0,0,2.0,4.0,1.0,1.0,1.0,1.0,1.0,1.0,1.0,1.0,1.0,1.0,1.0,1.0,1.0,1.0,1.0,1.0,1.0,0.0,0.31291356682777405,0.07424087822437286,0.321600079536438,0.23084843158721924,0.47132086753845215,0.5674890875816345,0.0,0.0003204031672794372,0.969192624092102,0.24630388617515564,0.0,0.0,0.0,0.0,0.0,0.0,38.10537338256836,25.0,25.0,25.0,25.0,25.0,0.0,1.0,1.0,1.0,0.0,0.0,0.0,0.0,0.0,0.3379250764846802,0.5980660543962566,0.7743400591611862,1.8,0.02,-0.0,-0.00033651726698731967,-1.3619978928745457e-05,0.0,0.15,-0.0,0.0,0.0,-0.0,0.0,0.0,0.0,0.0,0.35,0.0,0.0,0.0,0.0,0.0,0.0,0.0,0.0,0.25,-0.0,-3.893096923828125,0.0,-0.6620749235153198,-0.0,-0.4866371154785156,-0.4866371154785156,-0.05,0.5443400591611862,0.36289337277412415,0.2,0.0,-0.0,-0.0,-0.0,0.8,1.0,-0.0,0.0,-0.0,-0.0,0.0,0.0,0.0,0.44841619164217267,-0.0,-0.0,-0.0,0.02,0.0,0.0,0.0,0.0,0.0,0.0,0.36289337277412415,32.28596579823643,32.4,0.0,0.6,0.0,1.0,2.0,4.0,0.0,1.0,0.0,1.0,0.0,0.0,0.0,0.0,0.0,0.0,0.0,0.0,0.0,0.0,0.0,0.0,0.0,0.0,0.0,0.0,0.0,0.0,0.0,32.03651809692383,65.9114761352539,31.725160598754883,65.83760833740234,-0.3113574981689453,-0.0738677978515625,0.31999990344047546,-2.9086548914932373,-0.9729897379875183,-0.23084843158721924,1.0,-5.513110160827637,57.00257110595703,0.0,28.0,28.0,28.0,0.0,0.0,0.0,0.0,0.0,1.0,120.0,1.0,1.0,1.0,0.0,0.0,45.238599996082485,0.6556999869644642,7.377099944278598,29.908900032751262,15.86639997549355,4.0,4.738599993288517,2.0277000730857253,0.4846000811085105,0.000400003045797348
1,257,257,3.4971589902484737,0,0,2.0,4.0,1.0,1.0,1.0,1.0,1.0,1.0,1.0,1.0,1.0,1.0,1.0,1.0,1.0,1.0,1.0,1.0,1.0,0.0,0.3095752000808716,0.07069568336009979,0.3175447881221771,0.22263216972351074,0.46122807264328003,-0.6132760643959045,0.0,-0.00038058997597545385,0.9691860675811768,0.24632975459098816,0.0,0.0,0.0,0.0,0.0,0.0,37.620975494384766,25.0,25.0,25.0,25.0,25.0,0.0,1.0,1.0,1.0,0.0,0.0,0.0,0.0,0.0,0.3470004200935364,0.6052881146966665,0.7757342714071274,1.7491361840511432,0.02,-0.0,-0.00033651726698731967,-1.3619978928745457e-05,0.0,0.15,-0.0,0.0,0.0,-0.0,0.0,0.0,0.0,0.0,0.35,0.0,0.0,0.0,0.0,0.0,0.0,0.0,0.0,0.25,-0.0,-3.87518310546875,0.0,-0.6529995799064636,-0.0,-0.48439788818359375,-0.48439788818359375,-0.05,0.5457342714071274,0.3638228476047516,0.2,0.0,-0.0,-0.0,-0.0,0.8,1.0,-0.0,0.0,-0.0,-0.0,0.0,0.0,0.0,0.45563825194258256,-0.0,-0.0,-0.05086381594885685,0.02,0.0,0.0,0.0,0.0,0.0,0.0,0.3638228476047516,32.80595413986594,32.4,1.0,0.0,0.0,1.0,2.0,4.0,0.0,1.0,0.0,1.0,0.0,0.0,0.0,0.0,0.0,0.0,0.0,0.0,0.0,0.0,0.0,0.0,0.0,0.0,0.0,0.0,0.0,0.0,0.0,31.72538185119629,65.8377456665039,31.413414001464844,65.7665023803711,-0.3119678497314453,-0.0712432861328125,0.3199992775917053,-2.9170753910179017,-0.9749025106430054,-0.22263218462467194,1.0,-5.423644065856934,57.35426330566406,0.0,28.0,28.0,28.0,0.0,0.0,0.0,0.0,0.0,1.0,120.0,1.0,1.0,1.0,0.0,0.0,54.38059999141842,0.3858000272884965,5.135999992489815,40.94389989040792,25.9991999482736,4.0,5.030500004068017,2.059499965980649,0.7928999839350581,0.000400003045797348
1,258,258,2.942018964788802,0,0,2.0,3.0,1.0,1.0,1.0,1.0,1.0,1.0,1.0,1.0,1.0,1.0,1.0,1.0,1.0,1.0,1.0,1.0,1.0,0.0,0.30622899532318115,0.06716509163379669,0.31350812315940857,0.21423715353012085,0.4686564803123474,0.4513787627220154,0.0,-0.00038058997597545385,0.9691992998123169,0.24627767503261566,0.0,0.0,0.0,0.0,0.0,0.0,37.14080810546875,25.0,25.0,25.0,25.0,25.0,0.0,1.0,1.0,1.0,0.0,0.0,0.0,0.0,0.0,0.3639833927154541,0.5954681365703417,0.7475674587488175,1.2149999767541886,0.02,-0.0,-0.00033651726698731967,-1.3619978928745457e-05,0.0,0.15,-0.0,0.0,0.0,-0.0,0.0,0.0,0.0,0.0,0.35,0.0,0.0,0.0,0.0,0.0,0.0,0.0,0.0,0.25,-0.0,-3.841339111328125,0.0,-0.6360166072845459,-0.0,-0.4801673889160156,-0.4801673889160156,-0.05,0.5415674597024918,0.3610449731349945,0.2,0.0,-0.0,-0.0,-0.0,0.5599999904632569,0.699999988079071,-0.0,0.0,-0.0,-0.0,0.0,0.0,0.0,0.4458182738162577,-0.04500000178813934,-0.0,-0.0,0.02,0.0,0.0,0.0,0.0,0.0,0.0,0.3610449731349945,32.098915714770555,32.4,0.0,0.6,0.0,0.699999988079071,2.0,3.0,0.0,0.699999988079071,0.0,0.699999988079071,0.0,0.0,0.0,0.0,0.0,0.0,0.0,0.0,0.0,0.0,0.0,0.0,0.0,0.0,0.0,0.0,0.0,0.0,0.0,31.413637161254883,65.76663970947266,31.10106658935547,65.69808197021484,-0.31257057189941406,-0.0685577392578125,0.3200008273124695,-2.925676516716772,-0.9767816662788391,-0.21423715353012085,1.0,-5.333841800689697,57.70682907104492,0.0,28.0,28.0,28.0,0.0,0.0,0.0,0.0,0.0,1.0,120.0,1.0,1.0,1.0,0.0,0.0,58.52139997296035,0.5802999949082732,7.265600026585162,45.598399941809475,16.97760005481541,4.0,2.9841000214219093,1.6433000564575195,0.41480001527816057,0.000400003045797348
1,259,259,3.5073596820148842,0,0,2.0,4.0,1.0,1.0,1.0,1.0,1.0,1.0,1.0,1.0,1.0,1.0,1.0,1.0,1.0,1.0,1.0,1.0,1.0,0.0,0.30288517475128174,0.0636788085103035,0.30950674414634705,0.20574286580085754,0.4585559368133545,-0.6137486100196838,0.0,-0.0003603826044127345,0.9691923260688782,0.24630506336688995,0.0,0.0,0.0,0.0,0.0,0.0,36.66305160522461,25.0,25.0,25.0,25.0,25.0,0.0,1.0,1.0,1.0,0.0,0.0,0.0,0.0,0.0,0.37376224994659424,0.602944506616257,0.773020412325859,1.737632513126174,0.02,-0.0,-0.00033651726698731967,-1.3619978928745457e-05,0.0,0.15,-0.0,0.0,0.0,-0.0,0.0,0.0,0.0,0.0,0.35,0.0,0.0,0.0,0.0,0.0,0.0,0.0,0.0,0.25,-0.0,-3.822052001953125,0.0,-0.6262377500534058,-0.0,-0.4777565002441406,-0.4777565002441406,-0.05,0.5430204123258591,0.3620136082172394,0.2,0.0,-0.0,-0.0,-0.0,0.8,1.0,-0.0,0.0,-0.0,-0.0,0.0,0.0,0.0,0.453294643862173,-0.04500000178813934,-0.0,-0.01736748508568672,0.02,0.0,0.0,0.0,0.0,0.0,0.0,0.3620136082172394,32.637214358076456,32.4,1.0,0.0,0.0,1.0,2.0,4.0,0.0,1.0,0.0,1.0,0.0,0.0,0.0,0.0,0.0,0.0,0.0,0.0,0.0,0.0,0.0,0.0,0.0,0.0,0.0,0.0,0.0,0.0,0.0,31.10129165649414,65.69821166992188,30.788137435913086,65.63237762451172,-0.3131542205810547,-0.06583404541015625,0.3199995160102844,-2.9343813049387544,-0.978606104850769,-0.20574288070201874,1.0,-5.244930267333984,58.05675506591797,0.0,28.0,28.0,28.0,0.0,0.0,0.0,0.0,0.0,1.0,120.0,1.0,1.0,1.0,0.0,0.0,40.21230002399534,0.4005000228062272,5.708400043658912,14.778499957174063,10.024899966083467,4.0,4.610199946910143,8.497000089846551,6.182899931445718,0.000600004568696022
1,260,260,3.5729982083941993,0,0,2.0,4.0,1.0,1.0,1.0,1.0,1.0,1.0,1.0,1.0,1.0,1.0,1.0,1.0,1.0,1.0,1.0,1.0,1.0,0.0,0.2995343804359436,0.06020743027329445,0.30552542209625244,0.1970619410276413,0.4662459194660187,0.46727311611175537,0.0,-0.0003603826044127345,0.9692104458808899,0.24623380601406097,0.0,0.0,0.0,0.0,0.0,0.0,36.18952178955078,25.0,25.0,25.0,25.0,25.0,0.0,1.0,1.0,1.0,0.0,0.0,0.0,0.0,0.0,0.39072656631469727,0.5933536237384377,0.7689180183410644,1.8,0.02,-0.0,-0.00033651726698731967,-1.3619978928745457e-05,0.0,0.15,-0.0,0.0,0.0,-0.0,0.0,0.0,0.0,0.0,0.35,0.0,0.0,0.0,0.0,0.0,0.0,0.0,0.0,0.25,-0.0,-3.788238525390625,0.0,-0.6092734336853027,-0.0,-0.4735298156738281,-0.4735298156738281,-0.05,0.5389180183410645,0.35927867889404297,0.2,0.0,-0.0,-0.0,-0.0,0.8,1.0,-0.0,0.0,-0.0,-0.0,0.0,0.0,0.0,0.44370376098435377,-0.0,-0.0,-0.0,0.02,0.0,0.0,0.0,0.0,0.0,0.0,0.35927867889404297,31.946670790873473,32.4,0.0,0.6,0.0,1.0,2.0,4.0,0.0,1.0,0.0,1.0,0.0,0.0,0.0,0.0,0.0,0.0,0.0,0.0,0.0,0.0,0.0,0.0,0.0,0.0,0.0,0.0,0.0,0.0,0.0,30.788362503051758,65.63250732421875,30.474637985229492,65.56945037841797,-0.3137245178222656,-0.06305694580078125,0.3199988305568695,-2.9432408980026366,-0.9803910255432129,-0.1970619261264801,1.0,-5.155763626098633,58.407615661621094,0.0,28.0,28.0,28.0,0.0,0.0,0.0,0.0,0.0,1.0,120.0,1.0,1.0,1.0,0.0,0.0,110.8152000233531,0.7033000001683831,9.485700051300228,65.28499990236014,38.31979993265122,4.0,24.032200104556978,4.291399964131415,6.967799970880151,0.000400003045797348
1,261,261,2.26746487201184,0,0,2.0,2.0,1.0,1.0,1.0,1.0,1.0,1.0,1.0,1.0,1.0,1.0,1.0,1.0,1.0,1.0,1.0,1.0,1.0,0.0,0.29618582129478455,0.056780941784381866,0.3015793561935425,0.18827861547470093,0.45638102293014526,-0.5994302034378052,0.0,-0.00031918880995362997,0.9692062735557556,0.24625033140182495,0.0,0.0,0.0,0.0,0.0,0.0,35.71953201293945,25.0,25.0,25.0,25.0,25.0,0.0,1.0,1.0,1.0,0.0,0.0,0.0,0.0,0.0,0.40492987632751465,0.5956943643185494,0.7143406385183334,0.5324999928474426,0.02,-0.0,-0.00033651726698731967,-1.3619978928745457e-05,0.0,0.15,-0.0,0.0,0.0,-0.0,0.0,0.0,0.0,0.0,0.35,0.0,0.0,0.0,0.0,0.0,0.0,0.0,0.0,0.25,-0.0,-3.759918212890625,0.0,-0.5950701236724854,-0.0,-0.4699897766113281,-0.4699897766113281,-0.05,0.5363406389951706,0.3575604259967804,0.2,0.0,-0.0,-0.0,-0.0,0.27999999523162844,0.3499999940395355,-0.0,0.0,-0.0,-0.0,0.0,0.0,0.0,0.44604450156446546,-0.09749999642372131,-0.0,-0.0,0.02,0.0,0.0,0.0,0.0,0.0,0.0,0.3575604259967804,32.115204112641514,23.26086922832157,0.4206521686004555,0.0,0.0,0.3499999940395355,2.0,2.0,0.0,0.3499999940395355,0.0,0.3499999940395355,0.0,0.0,0.0,0.0,0.0,0.0,0.0,0.0,0.0,0.0,0.0,0.0,0.0,0.0,0.0,0.0,0.0,0.0,0.0,30.474864959716797,65.569580078125,30.160587310791016,65.50933074951172,-0.31427764892578125,-0.06024932861328125,0.32000064849853516,-2.9521833926680308,-0.9821156859397888,-0.18827861547470093,1.0,-5.067433834075928,58.75586700439453,0.0,28.0,28.0,28.0,0.0,0.0,0.0,0.0,0.0,1.0,120.0,1.0,1.0,1.0,0.0,0.0,100.45799997169524,0.6078999722376466,11.7284000152722,76.04770001489669,32.46199991554022,4.0,8.066300069913268,2.7828000020235777,1.1790998978540301,0.000300002284348011
1,262,262,3.4684325096138,0,0,2.0,4.0,1.0,1.0,1.0,1.0,1.0,1.0,1.0,1.0,1.0,1.0,1.0,1.0,1.0,1.0,1.0,1.0,1.0,0.0,0.29283514618873596,0.05339199677109718,0.29766276478767395,0.17937076091766357,0.4587886333465576,0.14629629254341125,0.0,-0.00031918880995362997,0.9692133665084839,0.2462223321199417,0.0,0.0,0.0,0.0,0.0,0.0,35.25011444091797,25.0,25.0,25.0,25.0,25.0,0.0,1.0,1.0,1.0,0.0,0.0,0.0,0.0,0.0,0.40754246711730957,0.604717626687996,0.77476398229599,1.6614084335125043,0.02,-0.0,-0.00033651726698731967,-1.3619978928745457e-05,0.0,0.15,-0.0,0.0,0.0,-0.0,0.0,0.0,0.0,0.0,0.35,0.0,0.0,0.0,0.0,0.0,0.0,0.0,0.0,0.25,-0.0,-3.755340576171875,0.0,-0.5924575328826904,-0.0,-0.4694175720214844,-0.4694175720214844,-0.05,0.54476398229599,0.36317598819732666,0.2,0.0,-0.0,-0.0,-0.0,0.8,1.0,-0.0,0.0,-0.0,-0.0,0.0,0.0,0.0,0.455067763933912,-0.09749999642372131,-0.0,-0.04109157006377433,0.02,0.0,0.0,0.0,0.0,0.0,0.0,0.36317598819732666,32.76487900324166,32.4,1.0,0.0,0.0,1.0,2.0,4.0,0.0,1.0,0.0,1.0,0.0,0.0,0.0,0.0,0.0,0.0,0.0,0.0,0.0,0.0,0.0,0.0,0.0,0.0,0.0,0.0,0.0,0.0,0.0,30.160816192626953,65.50946044921875,29.846006393432617,65.45206451416016,-0.31480979919433594,-0.05739593505859375,0.31999921798706055,-2.9612540157728735,-0.9837815761566162,-0.17937076091766357,1.0,-4.979400157928467,59.102420806884766,0.0,28.0,28.0,28.0,0.0,0.0,0.0,0.0,0.0,1.0,120.0,1.0,1.0,1.0,0.0,0.0,50.098199979402125,0.42449997272342443,7.3732000309973955,36.07219993136823,27.955599944107234,4.0,3.0590000096708536,2.4253999581560493,0.7151999743655324,0.000400003045797348
1,263,263,3.6103653124812243,0,0,2.0,4.0,1.0,1.0,1.0,1.0,1.0,1.0,1.0,1.0,1.0,1.0,1.0,1.0,1.0,1.0,1.0,1.0,1.0,0.0,0.2894675135612488,0.04998165741562843,0.29375094175338745,0.1701497733592987,0.4680697023868561,0.5639538764953613,0.0,0.0005099402042105794,0.9692244529724121,0.24617871642112732,0.0,0.0,0.0,0.0,0.0,0.0,34.78498077392578,25.0,25.0,25.0,25.0,25.0,0.0,1.0,1.0,1.0,0.0,0.0,0.0,0.0,0.0,0.4247344732284546,0.5950790874007342,0.7705517518520355,1.8,0.02,-0.0,-0.00033651726698731967,-1.3619978928745457e-05,0.0,0.15,-0.0,0.0,0.0,-0.0,0.0,0.0,0.0,0.0,0.35,0.0,0.0,0.0,0.0,0.0,0.0,0.0,0.0,0.25,-0.0,-3.7210693359375,0.0,-0.5752655267715454,-0.0,-0.4651336669921875,-0.4651336669921875,-0.05,0.5405517518520355,0.3603678345680237,0.2,0.0,-0.0,-0.0,-0.0,0.8,1.0,-0.0,0.0,-0.0,-0.0,0.0,0.0,0.0,0.4454292246466503,-0.0,-0.0,-0.0,0.02,0.0,0.0,0.0,0.0,0.0,0.0,0.3603678345680237,32.07090417455882,32.4,0.0,0.6,0.0,1.0,2.0,4.0,0.0,1.0,0.0,1.0,0.0,0.0,0.0,0.0,0.0,0.0,0.0,0.0,0.0,0.0,0.0,0.0,0.0,0.0,0.0,0.0,0.0,0.0,0.0,29.846235275268555,65.45218658447266,29.530902862548828,65.39773559570312,-0.31533241271972656,-0.05445098876953125,0.3199991285800934,-2.970600818318505,-0.9854181408882141,-0.1701497733592987,1.0,-4.889867305755615,59.45438766479492,0.0,28.0,28.0,28.0,0.0,0.0,0.0,0.0,0.0,1.0,120.0,1.0,1.0,1.0,0.0,0.0,43.25710004195571,0.5839000223204494,6.195100024342537,29.412399977445602,15.648799948394299,4.0,4.416299983859062,2.1122999023646116,0.4990000743418932,0.000400003045797348
1,264,264,3.0186524866937803,0,0,2.0,3.0,1.0,1.0,1.0,1.0,1.0,1.0,1.0,1.0,1.0,1.0,1.0,1.0,1.0,1.0,1.0,1.0,1.0,0.0,0.28610163927078247,0.04661846160888672,0.2898748517036438,0.16082271933555603,0.4581557810306549,-0.6024087071418762,0.0,-0.00035082781687378883,0.9692158699035645,0.2462124079465866,0.0,0.0,0.0,0.0,0.0,0.0,34.32307434082031,25.0,25.0,25.0,25.0,25.0,0.0,1.0,1.0,1.0,0.0,0.0,0.0,0.0,0.0,0.4377552270889282,0.5999997457768022,0.7460934060811997,1.2148041077468503,0.02,-0.0,-0.00033651726698731967,-1.3619978928745457e-05,0.0,0.15,-0.0,0.0,0.0,-0.0,0.0,0.0,0.0,0.0,0.35,0.0,0.0,0.0,0.0,0.0,0.0,0.0,0.0,0.25,-0.0,-3.69525146484375,0.0,-0.5622447729110718,-0.0,-0.46190643310546875,-0.46190643310546875,-0.05,0.540093407034874,0.36006227135658264,0.2,0.0,-0.0,-0.0,-0.0,0.5599999904632569,0.699999988079071,-0.0,0.0,-0.0,-0.0,0.0,0.0,0.0,0.45034988302271817,-0.04500000178813934,-0.0,-0.00019586900733824226,0.02,0.0,0.0,0.0,0.0,0.0,0.0,0.36006227135658264,32.42519157763571,32.4,0.7326086850269979,0.0,0.0,0.699999988079071,2.0,3.0,0.0,0.699999988079071,0.0,0.699999988079071,0.0,0.0,0.0,0.0,0.0,0.0,0.0,0.0,0.0,0.0,0.0,0.0,0.0,0.0,0.0,0.0,0.0,0.0,0.0,29.5311336517334,65.39785766601562,29.215299606323242,65.34639739990234,-0.31583404541015625,-0.05146026611328125,0.31999891996383667,-2.9800774519995135,-0.9869832992553711,-0.16082271933555603,1.0,-4.801063060760498,59.80364227294922,0.0,28.0,28.0,28.0,0.0,0.0,0.0,0.0,0.0,1.0,120.0,1.0,1.0,1.0,0.0,0.0,23.87010003440082,0.3853000234812498,4.9267999129369855,11.272500036284328,7.840499980375171,4.0,3.6010000621899962,3.1287999590858817,0.5281000630930066,0.000300002284348011
1,265,265,3.5867132668475805,0,0,2.0,4.0,1.0,1.0,1.0,1.0,1.0,1.0,1.0,1.0,1.0,1.0,1.0,1.0,1.0,1.0,1.0,1.0,1.0,0.0,0.2827318012714386,0.04328276216983795,0.28602561354637146,0.1513247787952423,0.46321702003479004,0.307541161775589,0.0,-0.00035082781687378883,0.9692256450653076,0.2461739182472229,0.0,0.0,0.0,0.0,0.0,0.0,33.865909576416016,25.0,25.0,25.0,25.0,25.0,0.0,1.0,1.0,1.0,0.0,0.0,0.0,0.0,0.0,0.4567369818687439,0.5901925359944997,0.7647837507724762,1.7549999982118607,0.02,-0.0,-0.00033651726698731967,-1.3619978928745457e-05,0.0,0.15,-0.0,0.0,0.0,-0.0,0.0,0.0,0.0,0.0,0.35,0.0,0.0,0.0,0.0,0.0,0.0,0.0,0.0,0.25,-0.0,-3.657318115234375,0.0,-0.5432630181312561,-0.0,-0.4571647644042969,-0.4571647644042969,-0.05,0.5347837507724762,0.35652250051498413,0.2,0.0,-0.0,-0.0,-0.0,0.8,1.0,-0.0,0.0,-0.0,-0.0,0.0,0.0,0.0,0.44054267324041574,-0.04500000178813934,-0.0,-0.0,0.02,0.0,0.0,0.0,0.0,0.0,0.0,0.35652250051498413,31.719072473309932,32.4,0.0,0.6,0.0,1.0,2.0,4.0,0.0,1.0,0.0,1.0,0.0,0.0,0.0,0.0,0.0,0.0,0.0,0.0,0.0,0.0,0.0,0.0,0.0,0.0,0.0,0.0,0.0,0.0,0.0,29.215532302856445,65.34651947021484,28.89921760559082,65.298095703125,-0.316314697265625,-0.04842376708984375,0.3199997544288635,-2.989684704350368,-0.9884841442108154,-0.1513247787952423,1.0,-4.712283611297607,60.152587890625,0.0,28.0,28.0,28.0,0.0,0.0,0.0,0.0,0.0,1.0,120.0,1.0,1.0,1.0,0.0,0.0,83.77370005473495,0.39060006383806467,5.040999967604876,35.73889995459467,15.423799981363118,4.0,31.107999966479838,4.8723999643698335,6.579300039447844,0.000400003045797348
1,266,266,3.652065710136592,0,0,2.0,4.0,1.0,1.0,1.0,1.0,1.0,1.0,1.0,1.0,1.0,1.0,1.0,1.0,1.0,1.0,1.0,1.0,1.0,0.0,0.27936676144599915,0.040000565350055695,0.2822159230709076,0.1417374610900879,0.4531296193599701,-0.6129506230354309,0.0,-0.0001972586032934487,0.9692218899726868,0.24618874490261078,0.0,0.0,0.0,0.0,0.0,0.0,33.411590576171875,25.0,25.0,25.0,25.0,25.0,0.0,1.0,1.0,1.0,0.0,0.0,0.0,0.0,0.0,0.4682825803756714,0.5975555905792115,0.7662275391817093,1.8,0.02,-0.0,-0.00033651726698731967,-1.3619978928745457e-05,0.0,0.15,-0.0,0.0,0.0,-0.0,0.0,0.0,0.0,0.0,0.35,0.0,0.0,0.0,0.0,0.0,0.0,0.0,0.0,0.25,-0.0,-3.634552001953125,0.0,-0.5317174196243286,-0.0,-0.4543190002441406,-0.4543190002441406,-0.05,0.5362275391817093,0.3574850261211395,0.2,0.0,-0.0,-0.0,-0.0,0.8,1.0,-0.0,0.0,-0.0,-0.0,0.0,0.0,0.0,0.44790572782512755,-0.0,-0.0,-0.0,0.02,0.0,0.0,0.0,0.0,0.0,0.0,0.3574850261211395,32.24921240340918,32.4,1.0,0.0,0.0,1.0,2.0,4.0,0.0,1.0,0.0,1.0,0.0,0.0,0.0,0.0,0.0,0.0,0.0,0.0,0.0,0.0,0.0,0.0,0.0,0.0,0.0,0.0,0.0,0.0,0.0,28.899450302124023,65.2982177734375,28.58268165588379,65.25286102294922,-0.3167686462402344,-0.04535675048828125,0.3199993968009949,-2.9993735928308682,-0.9899042844772339,-0.1417374610900879,1.0,-4.624561309814453,60.49814987182617,0.0,28.0,28.0,28.0,0.0,0.0,0.0,0.0,0.0,1.0,120.0,1.0,1.0,1.0,0.0,0.0,135.72040002327412,0.724000041373074,15.125600039027631,80.685899942182,31.087899929843843,4.0,25.703500024974346,7.233800017274916,6.211099913343787,0.000400003045797348
1,267,267,3.6028781081102026,0,0,2.0,4.0,1.0,1.0,1.0,1.0,1.0,1.0,1.0,1.0,1.0,1.0,1.0,1.0,1.0,1.0,1.0,1.0,1.0,0.0,0.27599579095840454,0.0367361381649971,0.27842992544174194,0.1319403350353241,0.460703045129776,0.46019092202186584,0.0,-0.0001972586032934487,0.9692389965057373,0.2461213320493698,0.0,0.0,0.0,0.0,0.0,0.0,32.95798110961914,25.0,25.0,25.0,25.0,25.0,0.0,1.0,1.0,1.0,0.0,0.0,0.0,0.0,0.0,0.4715476632118225,0.6063665316625683,0.777145739197731,1.727818174038081,0.02,-0.0,-0.00033651726698731967,-1.3619978928745457e-05,0.0,0.15,-0.0,0.0,0.0,-0.0,0.0,0.0,0.0,0.0,0.35,0.0,0.0,0.0,0.0,0.0,0.0,0.0,0.0,0.25,-0.0,-3.628875732421875,0.0,-0.5284523367881775,-0.0,-0.4536094665527344,-0.4536094665527344,-0.05,0.547145739197731,0.3647638261318207,0.2,0.0,-0.0,-0.0,-0.0,0.8,1.0,-0.0,0.0,-0.0,-0.0,0.0,0.0,0.0,0.4567166689084843,-0.0,-0.0,-0.07218182596191906,0.02,0.0,0.0,0.0,0.0,0.0,0.0,0.3647638261318207,32.88360016141087,32.4,1.0,0.0,0.0,1.0,2.0,4.0,0.0,1.0,0.0,1.0,0.0,0.0,0.0,0.0,0.0,0.0,0.0,0.0,0.0,0.0,0.0,0.0,0.0,0.0,0.0,0.0,0.0,0.0,0.0,28.582916259765625,65.25297546386719,28.265714645385742,65.21075439453125,-0.3172016143798828,-0.0422210693359375,0.31999918818473816,-3.009265637993523,-0.9912576675415039,-0.1319403350353241,1.0,-4.53657865524292,60.84463882446289,0.0,28.0,28.0,28.0,0.0,0.0,0.0,0.0,0.0,1.0,120.0,1.0,1.0,1.0,0.0,0.0,94.75469996687025,0.46769995242357254,6.558900000527501,39.61059998255223,15.237299958243966,4.0,26.73549996688962,13.47090001218021,7.867799955420196,0.000500003807246685
1,268,268,3.0704794199112055,0,0,2.0,3.0,1.0,1.0,1.0,1.0,1.0,1.0,1.0,1.0,1.0,1.0,1.0,1.0,1.0,1.0,1.0,1.0,1.0,0.0,0.27260664105415344,0.033438969403505325,0.27464982867240906,0.12175127118825912,0.46976572275161743,0.5506837964057922,0.0,0.0005621752934530377,0.9692507982254028,0.24607497453689575,0.0,0.0,0.0,0.0,0.0,0.0,32.5089111328125,25.0,25.0,25.0,25.0,25.0,0.0,1.0,1.0,1.0,0.0,0.0,0.0,0.0,0.0,0.48974621295928955,0.5968980700615046,0.7488351601362229,1.2149999767541886,0.02,-0.0,-0.00033651726698731967,-1.3619978928745457e-05,0.0,0.15,-0.0,0.0,0.0,-0.0,0.0,0.0,0.0,0.0,0.35,0.0,0.0,0.0,0.0,0.0,0.0,0.0,0.0,0.25,-0.0,-3.592559814453125,0.0,-0.5102537870407104,-0.0,-0.4490699768066406,-0.4490699768066406,-0.05,0.5428351610898972,0.36189010739326477,0.2,0.0,-0.0,-0.0,-0.0,0.5599999904632569,0.699999988079071,-0.0,0.0,-0.0,-0.0,0.0,0.0,0.0,0.44724820730742065,-0.04500000178813934,-0.0,-0.0,0.02,0.0,0.0,0.0,0.0,0.0,0.0,0.36189010739326477,32.20187092613429,32.4,0.0,0.6,0.0,0.699999988079071,2.0,3.0,0.0,0.699999988079071,0.0,0.699999988079071,0.0,0.0,0.0,0.0,0.0,0.0,0.0,0.0,0.0,0.0,0.0,0.0,0.0,0.0,0.0,0.0,0.0,0.0,0.0,28.26595115661621,65.21086883544922,27.948331832885742,65.17190551757812,-0.31761932373046875,-0.03896331787109375,0.3200002610683441,-3.019529497975258,-0.992560625076294,-0.12175127863883972,1.0,-4.44684362411499,61.19819259643555,0.0,28.0,28.0,28.0,0.0,0.0,0.0,0.0,0.0,1.0,120.0,1.0,1.0,1.0,0.0,0.0,84.86750000156462,0.7215000223368406,14.083600020967424,41.11950006335974,11.897000018507242,4.0,19.021300016902387,4.532600054517388,5.339000024832785,0.000500003807246685
1,269,269,2.4203543458272887,0,0,2.0,2.0,1.0,1.0,1.0,1.0,1.0,1.0,1.0,1.0,1.0,1.0,1.0,1.0,1.0,1.0,1.0,1.0,1.0,0.0,0.26921990513801575,0.03019215352833271,0.27090758085250854,0.11144816130399704,0.46002674102783203,-0.5917788743972778,0.0,0.0005621752934530377,0.9692445397377014,0.2460995316505432,0.0,0.0,0.0,0.0,0.0,0.0,32.0638542175293,25.0,25.0,25.0,25.0,25.0,0.0,1.0,1.0,1.0,0.0,0.0,0.0,0.0,0.0,0.5058855414390564,0.5988366944481803,0.7181321197748184,0.5774999901652337,0.02,-0.0,-0.00033651726698731967,-1.3619978928745457e-05,0.0,0.15,-0.0,0.0,0.0,-0.0,0.0,0.0,0.0,0.0,0.35,0.0,0.0,0.0,0.0,0.0,0.0,0.0,0.0,0.25,-0.0,-3.560455322265625,0.0,-0.4941144585609436,-0.0,-0.4450569152832031,-0.4450569152832031,-0.05,0.5401321202516556,0.3600880801677704,0.2,0.0,-0.0,-0.0,-0.0,0.27999999523162844,0.3499999940395355,-0.0,0.0,-0.0,-0.0,0.0,0.0,0.0,0.44918683169409634,-0.052499999105930326,-0.0,-0.0,0.02,0.0,0.0,0.0,0.0,0.0,0.0,0.3600880801677704,32.34145188197494,23.26086922832157,0.4206521686004555,0.0,0.0,0.3499999940395355,2.0,2.0,0.0,0.3499999940395355,0.0,0.3499999940395355,0.0,0.0,0.0,0.0,0.0,0.0,0.0,0.0,0.0,0.0,0.0,0.0,0.0,0.0,0.0,0.0,0.0,0.0,0.0,27.948570251464844,65.1720199584961,27.630563735961914,65.13636016845703,-0.3180065155029297,-0.0356597900390625,0.319999635219574,-3.0299237423696774,-0.9937702417373657,-0.11144816130399704,1.0,-4.357818126678467,61.5489616394043,0.0,28.0,28.0,28.0,0.0,0.0,0.0,0.0,0.0,1.0,120.0,1.0,1.0,1.0,0.0,0.0,91.97840001434088,0.775699969381094,13.762500020675361,69.08819999080151,26.71929995995015,4.0,4.8463999992236495,2.81209999229759,0.6623000372201204,0.000400003045797348
1,270,270,3.054954235082547,0,0,2.0,3.0,1.0,1.0,1.0,1.0,1.0,1.0,1.0,1.0,1.0,1.0,1.0,1.0,1.0,1.0,1.0,1.0,1.0,0.0,0.26583239436149597,0.026987742632627487,0.267198771238327,0.10100248456001282,0.46202075481414795,0.12116402387619019,0.0,0.00016233997303061187,0.9692489504814148,0.24608221650123596,0.0,0.0,0.0,0.0,0.0,0.0,31.620929718017578,25.0,25.0,25.0,25.0,25.0,0.0,1.0,1.0,1.0,0.0,0.0,0.0,0.0,0.0,0.5147287249565125,0.6049426928068695,0.7526053178310395,1.1626774994881257,0.02,-0.0,-0.00033651726698731967,-1.3619978928745457e-05,0.0,0.15,-0.0,0.0,0.0,-0.0,0.0,0.0,0.0,0.0,0.35,0.0,0.0,0.0,0.0,0.0,0.0,0.0,0.0,0.25,-0.0,-3.54339599609375,0.0,-0.48527127504348755,-0.0,-0.44292449951171875,-0.44292449951171875,-0.05,0.5466053187847137,0.36440354585647583,0.2,0.0,-0.0,-0.0,-0.0,0.5599999904632569,0.699999988079071,-0.0,0.0,-0.0,-0.0,0.0,0.0,0.0,0.4552928300527856,-0.052499999105930326,-0.0,-0.04482247994827195,0.02,0.0,0.0,0.0,0.0,0.0,0.0,0.36440354585647583,32.78108376380056,32.4,0.7326086850269979,0.0,0.0,0.699999988079071,2.0,3.0,0.0,0.699999988079071,0.0,0.699999988079071,0.0,0.0,0.0,0.0,0.0,0.0,0.0,0.0,0.0,0.0,0.0,0.0,0.0,0.0,0.0,0.0,0.0,0.0,0.0,27.63080406188965,65.136474609375,27.312440872192383,65.10415649414062,-0.3183631896972656,-0.032318115234375,0.3199993371963501,-3.0404258593605804,-0.9948862195014954,-0.10100249201059341,1.0,-4.2690839767456055,61.897945404052734,0.0,28.0,28.0,28.0,0.0,0.0,0.0,0.0,0.0,1.0,120.0,1.0,1.0,1.0,0.0,0.0,60.042800032533705,0.6159000331535935,7.534899981692433,39.30499998386949,16.634900006465614,4.0,8.334900019690394,3.42550000641495,0.7834000280126929,0.000300002284348011
1,271,271,3.1574673407943172,0,0,2.0,3.0,1.0,1.0,1.0,1.0,1.0,1.0,1.0,1.0,1.0,1.0,1.0,1.0,1.0,1.0,1.0,1.0,1.0,0.0,0.26243290305137634,0.023776309564709663,0.26350775361061096,0.09023001790046692,0.4683012068271637,0.38162490725517273,0.0,0.0002938134712167084,0.9692560434341431,0.24605438113212585,0.0,0.0,0.0,0.0,0.0,0.0,31.18305206298828,25.0,25.0,25.0,25.0,25.0,0.0,1.0,1.0,1.0,0.0,0.0,0.0,0.0,0.0,0.5349477827548981,0.5953347825677319,0.7471847969293595,1.259999978542328,0.02,-0.0,-0.00033651726698731967,-1.3619978928745457e-05,0.0,0.15,-0.0,0.0,0.0,-0.0,0.0,0.0,0.0,0.0,0.35,0.0,0.0,0.0,0.0,0.0,0.0,0.0,0.0,0.25,-0.0,-3.503021240234375,0.0,-0.46505221724510193,-0.0,-0.4378776550292969,-0.4378776550292969,-0.05,0.5411847978830338,0.36078986525535583,0.2,0.0,-0.0,-0.0,-0.0,0.5599999904632569,0.699999988079071,-0.0,0.0,-0.0,-0.0,0.0,0.0,0.0,0.4456849198136479,-0.0,-0.0,-0.0,0.02,0.0,0.0,0.0,0.0,0.0,0.0,0.36078986525535583,32.08931422658265,32.4,0.0,0.6,0.0,0.699999988079071,2.0,3.0,0.0,0.699999988079071,0.0,0.699999988079071,0.0,0.0,0.0,0.0,0.0,0.0,0.0,0.0,0.0,0.0,0.0,0.0,0.0,0.0,0.0,0.0,0.0,0.0,0.0,27.312681198120117,65.10426330566406,26.993986129760742,65.07538604736328,-0.318695068359375,-0.02887725830078125,0.32000070810317993,-3.051228487117462,-0.9959209561347961,-0.09023001790046692,1.0,-4.17926549911499,62.25110626220703,0.0,28.0,28.0,28.0,0.0,0.0,0.0,0.0,0.0,1.0,120.0,1.0,1.0,1.0,0.0,0.0,30.987099977210164,0.7015999872237444,8.78119992557913,13.040199992246926,8.871400030329823,4.0,5.131499958224595,2.6633000234141946,0.6403999868780375,0.000600004568696022
1,272,272,3.6846148494789777,0,0,2.0,4.0,1.0,1.0,1.0,1.0,1.0,1.0,1.0,1.0,1.0,1.0,1.0,1.0,1.0,1.0,1.0,1.0,1.0,0.0,0.2590391933917999,0.02062244340777397,0.25985875725746155,0.07936020195484161,0.4584187865257263,-0.600494384765625,0.0,0.0002938134712167084,0.9692508578300476,0.24607469141483307,0.0,0.0,0.0,0.0,0.0,0.0,30.748634338378906,25.0,25.0,25.0,25.0,25.0,0.0,1.0,1.0,1.0,0.0,0.0,0.0,0.0,0.0,0.548970490694046,0.602678664172925,0.7726435172557831,1.7403221773562234,0.02,-0.0,-0.00033651726698731967,-1.3619978928745457e-05,0.0,0.15,-0.0,0.0,0.0,-0.0,0.0,0.0,0.0,0.0,0.35,0.0,0.0,0.0,0.0,0.0,0.0,0.0,0.0,0.25,-0.0,-3.475341796875,0.0,-0.451029509305954,-0.0,-0.434417724609375,-0.434417724609375,-0.05,0.5426435172557831,0.3617623448371887,0.2,0.0,-0.0,-0.0,-0.0,0.8,1.0,-0.0,0.0,-0.0,-0.0,0.0,0.0,0.0,0.45302880141884105,-0.04500000178813934,-0.0,-0.0146778208556373,0.02,0.0,0.0,0.0,0.0,0.0,0.0,0.3617623448371887,32.61807370215655,32.4,1.0,0.0,0.0,1.0,2.0,4.0,0.0,1.0,0.0,1.0,0.0,0.0,0.0,0.0,0.0,0.0,0.0,0.0,0.0,0.0,0.0,0.0,0.0,0.0,0.0,0.0,0.0,0.0,0.0,26.99422836303711,65.07549285888672,26.67523765563965,65.05009460449219,-0.31899070739746094,-0.02539825439453125,0.32000023126602173,-3.0621395978926964,-0.9968460202217102,-0.07936020195484161,1.0,-4.0904741287231445,62.600799560546875,0.0,28.0,28.0,28.0,0.0,0.0,0.0,0.0,0.0,1.0,120.0,1.0,1.0,1.0,0.0,0.0,52.70359991118312,0.6616999162361026,6.586899980902672,36.655800067819655,16.2161000771448,4.0,5.169900017790496,2.920700004324317,0.664799939841032,0.000400003045797348
1,273,273,3.140996335949674,0,0,2.0,3.0,1.0,1.0,1.0,1.0,1.0,1.0,1.0,1.0,1.0,1.0,1.0,1.0,1.0,1.0,1.0,1.0,1.0,0.0,0.25564104318618774,0.0174897201359272,0.2562386095523834,0.06825559586286545,0.4659724831581116,0.458992600440979,0.0,0.000859200838021934,0.9692666530609131,0.2460123896598816,0.0,0.0,0.0,0.0,0.0,0.0,30.319061279296875,25.0,25.0,25.0,25.0,25.0,0.0,1.0,1.0,1.0,0.0,0.0,0.0,0.0,0.0,0.5684078633785248,0.5930530508420614,0.7445354449748993,1.2149999767541886,0.02,-0.0,-0.00033651726698731967,-1.3619978928745457e-05,0.0,0.15,-0.0,0.0,0.0,-0.0,0.0,0.0,0.0,0.0,0.35,0.0,0.0,0.0,0.0,0.0,0.0,0.0,0.0,0.25,-0.0,-3.43658447265625,0.0,-0.4315921366214752,-0.0,-0.42957305908203125,-0.42957305908203125,-0.05,0.5385354459285736,0.3590236306190491,0.2,0.0,-0.0,-0.0,-0.0,0.5599999904632569,0.699999988079071,-0.0,0.0,-0.0,-0.0,0.0,0.0,0.0,0.44340318808797746,-0.04500000178813934,-0.0,-0.0,0.02,0.0,0.0,0.0,0.0,0.0,0.0,0.3590236306190491,31.92502954233438,32.4,0.0,0.6,0.0,0.699999988079071,2.0,3.0,0.0,0.699999988079071,0.0,0.699999988079071,0.0,0.0,0.0,0.0,0.0,0.0,0.0,0.0,0.0,0.0,0.0,0.0,0.0,0.0,0.0,0.0,0.0,0.0,0.0,26.67548179626465,65.05020141601562,26.35622787475586,65.02835845947266,-0.31925392150878906,-0.02184295654296875,0.3200002610683441,-3.0732803515521776,-0.9976678490638733,-0.06825559586286545,1.0,-4.001441955566406,62.95143508911133,0.0,28.0,28.0,28.0,0.0,0.0,0.0,0.0,0.0,1.0,120.0,1.0,1.0,1.0,0.0,0.0,33.34530000574887,0.6074999691918492,9.023700025863945,14.962499961256981,11.701400042511523,4.0,4.895199905149639,2.8520000632852316,0.9748999727889895,0.000500003807246685
1,274,274,3.7216621475210037,0,0,2.0,4.0,1.0,1.0,1.0,1.0,1.0,1.0,1.0,1.0,1.0,1.0,1.0,1.0,1.0,1.0,1.0,1.0,1.0,0.0,0.25224769115448,0.014408397488296032,0.2526588439941406,0.05702708289027214,0.4560718536376953,-0.6016008257865906,0.0,0.000859200838021934,0.969262957572937,0.24602700769901276,0.0,0.0,0.0,0.0,0.0,0.0,29.892946243286133,25.0,25.0,25.0,25.0,25.0,0.0,1.0,1.0,1.0,0.0,0.0,0.0,0.0,0.0,0.5775258694543026,0.6006141553911565,0.7700099009275436,1.753512221748001,0.02,-0.0,-0.00033651726698731967,-1.3619978928745457e-05,0.0,0.15,-0.0,0.0,0.0,-0.0,0.0,0.0,0.0,0.0,0.35,0.0,0.0,0.0,0.0,0.0,0.0,0.0,0.0,0.25,-0.0,-3.4089202880859375,0.0,-0.4175562262535095,-0.0049179042921878744,-0.4261150360107422,-0.4261150360107422,-0.05,0.5400099009275436,0.3600066006183624,0.2,0.0,-0.0,-0.0,-0.0,0.8,1.0,-0.0,0.0,-0.0,-0.0,0.0,0.0,0.0,0.45096429263707255,-0.04500000178813934,-0.0,-0.0014877764638596986,0.02,0.0,0.0,0.0,0.0,0.0,0.0,0.3600066006183624,32.46942906986922,32.4,1.0,0.0,0.0,1.0,2.0,4.0,0.0,1.0,0.0,1.0,0.0,0.0,0.0,0.0,0.0,0.0,0.0,0.0,0.0,0.0,0.0,0.0,0.0,0.0,0.0,0.0,0.0,0.0,0.0,26.356473922729492,65.0284652709961,26.03699493408203,65.01021575927734,-0.31947898864746094,-0.01824951171875,0.3199997842311859,-3.0845319339474755,-0.9983726739883423,-0.05702708661556244,1.0,-3.9132471084594727,63.29945755004883,0.0,28.0,28.0,28.0,0.0,0.0,0.0,0.0,0.0,1.0,120.0,1.0,1.0,1.0,0.0,0.0,84.63599998503923,0.6200000643730164,9.09430009778589,64.67430002521724,30.69000004325062,4.0,7.270599948242307,2.194399945437908,0.7362000178545713,0.000500003807246685
1,275,275,3.754378686984614,0,0,2.0,4.0,1.0,1.0,1.0,1.0,1.0,1.0,1.0,1.0,1.0,1.0,1.0,1.0,1.0,1.0,1.0,1.0,1.0,0.0,0.24884921312332153,0.0113493287935853,0.24910788238048553,0.04555989056825638,0.4638489782810211,0.4725690484046936,0.0,0.0009605514351278543,0.9692785739898682,0.24596546590328217,0.0,0.0,0.0,0.0,0.0,0.0,29.471607208251953,25.0,25.0,25.0,25.0,25.0,0.0,1.0,1.0,1.0,0.0,0.0,0.0,0.0,0.0,0.5774152626885705,0.591052877516411,0.7659105467796326,1.8,0.02,-0.0,-0.00033651726698731967,-1.3619978928745457e-05,0.0,0.15,-0.0,0.0,0.0,-0.0,0.0,0.0,0.0,0.0,0.35,0.0,0.0,0.0,0.0,0.0,0.0,0.0,0.0,0.25,-0.0,-3.3707122802734375,0.0,-0.39841189980506897,-0.02417283750636059,-0.4213390350341797,-0.4213390350341797,-0.05,0.5359105467796326,0.3572736978530884,0.2,0.0,-0.0,-0.0,-0.0,0.8,1.0,-0.0,0.0,-0.0,-0.0,0.0,0.0,0.0,0.4414030147623271,-0.0,-0.0,-0.0,0.02,0.0,0.0,0.0,0.0,0.0,0.0,0.3572736978530884,31.781017062887546,32.4,0.0,0.6,0.0,1.0,2.0,4.0,0.0,1.0,0.0,1.0,0.0,0.0,0.0,0.0,0.0,0.0,0.0,0.0,0.0,0.0,0.0,0.0,0.0,0.0,0.0,0.0,0.0,0.0,0.0,26.037242889404297,65.01031494140625,25.717575073242188,64.99573516845703,-0.3196678161621094,-0.01457977294921875,0.32000014185905457,-3.096015102899531,-0.9989616274833679,-0.04555989056825638,1.0,-3.8246636390686035,63.64839553833008,0.0,28.0,28.0,28.0,0.0,0.0,0.0,0.0,0.0,1.0,120.0,1.0,1.0,1.0,0.0,0.0,33.181299921125174,0.7003999780863523,9.217399987392128,15.163099975325167,11.316000018268824,4.0,4.43450000602752,2.9461999656632543,0.6841000868007541,0.0003998866304755211
1,276,276,5.308595951799341,0,0,2.0,4.0,1.0,1.0,1.0,1.0,1.0,1.0,1.0,1.0,1.0,1.0,1.0,1.0,1.0,1.0,1.0,1.0,1.0,0.0,0.24545498192310333,0.008342870511114597,0.2455967217683792,0.03396979346871376,0.45401453971862793,-0.5975798964500427,0.0,0.0009605514351278543,0.9692716598510742,0.24599280953407288,0.0,0.0,0.0,0.0,0.0,0.0,29.053855895996094,25.0,25.0,25.0,25.0,25.0,0.0,1.0,1.0,1.0,0.0,0.0,0.0,0.0,0.0,0.5726147139436762,0.598595342007391,2.317385895848274,1.8,0.02,-0.0,-0.00033651726698731967,-1.3619978928745457e-05,0.0,0.15,-0.0,0.0,0.0,-0.0,0.0,0.0,0.0,0.0,0.35,0.0,0.0,0.0,0.0,0.0,0.0,0.0,0.0,0.25,-0.0,-3.342010498046875,0.0,-0.3838416635990143,-0.0435436224573095,-0.4177513122558594,-0.4177513122558594,1.5,0.5373858958482742,0.3582572638988495,0.2,0.0,-0.0,-0.0,-0.0,0.8,1.0,-0.0,0.0,-0.0,-0.0,0.0,0.0,0.0,0.44894547925330697,-0.0,-0.0,-0.0,0.02,0.0,0.0,0.0,0.0,0.0,0.0,0.3582572638988495,32.324074506238105,32.4,1.0,0.0,0.0,1.0,2.0,4.0,0.0,1.0,0.0,1.0,0.0,0.0,0.0,0.0,0.0,0.0,0.0,0.0,0.0,0.0,0.0,0.0,0.0,0.0,0.0,0.0,0.0,0.0,0.0,25.717824935913086,64.99583435058594,25.39801025390625,64.9849624633789,-0.31981468200683594,-0.01087188720703125,0.31999942660331726,-3.107611406206274,-0.9994228482246399,-0.03396979346871376,1.0,-3.7367734909057617,63.99468994140625,0.0,28.0,28.0,28.0,0.0,0.0,0.0,0.0,0.0,1.0,120.0,1.0,1.0,1.0,0.0,0.0,53.717800066806376,0.45250006951391697,7.819399936124682,37.01209998689592,23.9784000441432,4.0,4.844399983994663,2.8664000565186143,0.686399987898767,0.000400003045797348
1,277,277,3.6388005143125723,0,0,2.0,4.0,1.0,1.0,1.0,1.0,1.0,1.0,1.0,1.0,1.0,1.0,1.0,1.0,1.0,1.0,1.0,1.0,1.0,0.0,0.24205614626407623,0.005359713453799486,0.24211546778678894,0.02213701233267784,0.46177250146865845,0.4714040160179138,0.0,0.0005240953178144991,0.9692842960357666,0.24594302475452423,0.0,0.0,0.0,0.0,0.0,0.0,28.638425827026367,24.734777450561523,25.0,25.0,24.734777450561523,25.0,0.0,1.0,0.989391098022461,1.0,0.0,0.0,0.0,0.0,0.0,0.5617999731464276,0.5755896761034158,0.7783078956604004,1.7031029694023287,0.02,-0.0,-0.00035206995357881356,-1.3619978928745457e-05,-0.03182670593261719,0.15,-0.0,0.0,0.0,-0.0,0.0,0.0,0.0,0.0,0.35,0.0,0.0,0.0,0.0,0.0,0.0,0.0,0.0,0.25,-0.0,-3.3234405517578125,0.0,-0.3740471601486206,-0.06415286670495184,-0.41543006896972656,-0.41543006896972656,-0.05,0.5483078956604004,0.3655385971069336,0.2,0.0,-0.0,-0.0,-0.0,0.8,1.0,-0.0,0.0,-0.0,-0.0,0.0,0.0,0.0,0.4577820719685406,-0.0,-0.0,-0.09689703059767132,0.02,0.0,0.0,0.0,0.0,0.0,0.0,0.3655385971069336,32.96030918173492,32.4,1.0,0.0,0.0,1.0,2.0,4.0,0.0,1.0,0.0,1.0,0.0,0.0,0.0,0.0,0.0,0.0,0.0,0.0,0.0,0.0,0.0,0.0,0.0,0.0,0.0,0.0,0.0,0.0,0.0,25.39826011657715,64.98506164550781,25.078338623046875,64.97798156738281,-0.31992149353027344,-0.007080078125,0.3199998438358307,-3.119465591342285,-0.9997550249099731,-0.02213701233267784,1.0,-3.648477554321289,64.3418960571289,0.0,28.0,28.0,28.0,0.0,0.0,0.0,0.0,0.0,1.0,120.0,1.0,1.0,1.0,0.0,0.0,48.065499984659255,0.5722999339923263,8.18600005004555,31.237599905580282,16.729500028304756,4.0,4.462200100533664,2.8676000656560063,0.6867999909445643,0.000400003045797348
1,278,278,3.755831327434455,0,0,2.0,4.0,1.0,1.0,1.0,1.0,1.0,1.0,1.0,1.0,1.0,1.0,0.9893910884857178,1.0,0.9893910884857178,1.0,1.0,1.0,0.9893910884857178,0.0,0.23864199221134186,0.0023492176551371813,0.23865355551242828,0.009843631647527218,0.470861554145813,0.5522870421409607,0.0,0.0003599679621402174,0.9692927598953247,0.24590951204299927,0.0,0.0,0.0,0.0,0.0,0.0,28.228246688842773,24.734777450561523,25.0,25.0,24.734777450561523,25.0,0.0,1.0,0.989391098022461,1.0,0.0,0.0,0.0,0.0,0.0,0.5639001040355878,0.5979276920620826,0.7740035313367843,1.8,0.02,-0.0,-0.00035206995357881356,-1.3619978928745457e-05,0.0,0.15,-0.0,0.0,0.0,-0.0,0.0,0.0,0.0,0.0,0.35,0.0,0.0,0.0,0.0,0.0,0.0,0.0,0.0,0.25,-0.0,-3.28143310546875,0.0,-0.3530004024505615,-0.08309949351385065,-0.41017913818359375,-0.41017913818359375,-0.05,0.5440035313367844,0.3626690208911896,0.2,0.0,-0.0,-0.0,-0.0,0.8,1.0,-0.0,0.0,-0.0,-0.0,0.0,0.0,0.0,0.4482933819945902,-0.0,-0.0,-0.0,0.02,0.0,0.0,0.0,0.0,0.0,0.0,0.3626690208911896,32.27712350361049,32.4,0.0,0.6,0.0,1.0,2.0,4.0,0.0,1.0,0.0,1.0,0.0,0.0,0.0,0.0,0.0,0.0,0.0,0.0,0.0,0.0,0.0,0.0,0.0,0.0,0.0,0.0,0.0,0.0,0.0,25.078590393066406,64.97808074951172,24.75860595703125,64.97492980957031,-0.31998443603515625,-0.00315093994140625,0.31999996304512024,-3.1317458058388055,-0.9999516010284424,-0.009843631647527218,1.0,-3.5584487915039062,64.69617462158203,0.0,28.0,28.0,28.0,0.0,0.0,0.0,0.0,0.0,1.0,120.0,1.0,1.0,1.0,0.0,0.0,29.532099957577884,0.6414999952539802,7.614300004206598,11.567299952730536,8.379500010050833,4.0,4.558200016617775,4.343300010077655,0.7743999594822526,0.000500003807246685
1,279,279,3.6197628099138197,0,0,2.0,4.0,1.0,1.0,1.0,1.0,1.0,1.0,1.0,1.0,1.0,1.0,0.9893910884857178,1.0,0.9893910884857178,1.0,1.0,1.0,0.9893910884857178,0.0,0.2352346032857895,-0.0006057739374227822,0.23523539304733276,-0.0025751818902790546,0.461101770401001,-0.5930431485176086,0.0,0.0003599679621402174,0.9692881107330322,0.24592791497707367,0.0,0.0,0.0,0.0,0.0,0.0,27.822242736816406,23.951459884643555,25.0,25.0,23.951459884643555,25.0,0.0,1.0,0.9580583953857422,1.0,0.0,0.0,0.0,0.0,0.0,0.5612172980802219,0.5110521432788366,0.7753805327415466,1.7521128358132145,0.02,-0.0,-0.0004069128359246636,-1.3619978928745457e-05,-0.09399810791015625,0.15,-0.0,0.0,0.0,-0.0,0.0,0.0,0.0,0.0,0.35,0.0,0.0,0.0,0.0,0.0,0.0,0.0,0.0,0.25,-0.0,-3.2480316162109375,0.0,-0.3360660970211029,-0.10271660489867519,-0.4060039520263672,-0.4060039520263672,-0.05,0.5453805327415466,0.36358702182769775,0.2,0.0,-0.0,-0.0,-0.0,0.8,1.0,-0.0,0.0,-0.0,-0.0,0.0,0.0,0.0,0.45547078400384633,-0.0,-0.0,-0.0478871641867854,0.02,0.0,0.0,0.0,0.0,0.0,0.0,0.36358702182769775,32.79389644827694,32.4,1.0,0.0,0.0,1.0,2.0,4.0,0.0,1.0,0.0,1.0,0.0,0.0,0.0,0.0,0.0,0.0,0.0,0.0,0.0,0.0,0.0,0.0,0.0,0.0,0.0,0.0,0.0,0.0,0.0,24.758859634399414,64.97502136230469,24.438859939575195,64.97584533691406,-0.31999969482421875,0.000823974609375,0.3200007379055023,3.139017736238591,-0.9999966621398926,0.0025751818902790546,1.0,-3.4692931175231934,65.04771423339844,0.0,28.0,28.0,28.0,0.0,0.0,0.0,0.0,0.0,1.0,120.0,1.0,1.0,1.0,0.0,0.0,61.087300069630146,0.6431000074371696,8.420299971476197,43.89510001055896,20.058699999935925,4.0,4.37680003233254,2.997900010086596,0.7057000184431672,0.000400003045797348
1,280,280,3.1413143561433574,0,0,2.0,3.0,1.0,1.0,1.0,1.0,1.0,1.0,1.0,1.0,1.0,1.0,0.9580584168434143,1.0,0.9580584168434143,1.0,1.0,1.0,0.9580584168434143,0.0,0.2318250685930252,-0.0035350164398550987,0.23185202479362488,-0.015246865339577198,0.46848422288894653,0.4485876262187958,0.0,0.0008725051884539425,0.9693043828010559,0.24586376547813416,0.0,0.0,0.0,0.0,0.0,0.0,27.421493530273438,23.951459884643555,25.0,25.0,23.951459884643555,25.0,0.0,1.0,0.9580583953857422,1.0,0.0,0.0,0.0,0.0,0.0,0.563948674667093,0.5951654403873975,0.7472002643346787,1.2149999767541886,0.02,-0.0,-0.0004069128359246636,-1.3619978928745457e-05,0.0,0.15,-0.0,0.0,0.0,-0.0,0.0,0.0,0.0,0.0,0.35,0.0,0.0,0.0,0.0,0.0,0.0,0.0,0.0,0.25,-0.0,-3.20599365234375,0.0,-0.3149986267089844,-0.12105269862392262,-0.40074920654296875,-0.40074920654296875,-0.05,0.541200265288353,0.360800176858902,0.2,0.0,-0.0,-0.0,-0.0,0.5599999904632569,0.699999988079071,-0.0,0.0,-0.0,-0.0,0.0,0.0,0.0,0.4455859732022509,-0.04500000178813934,-0.0,-0.0,0.02,0.0,0.0,0.0,0.0,0.0,0.0,0.360800176858902,32.08219007056206,32.4,0.0,0.6,0.0,0.699999988079071,2.0,3.0,0.0,0.699999988079071,0.0,0.699999988079071,0.0,0.0,0.0,0.0,0.0,0.0,0.0,0.0,0.0,0.0,0.0,0.0,0.0,0.0,0.0,0.0,0.0,0.0,0.0,24.439115524291992,64.97593688964844,24.119152069091797,64.9808120727539,-0.3199634552001953,0.00487518310546875,0.3200005888938904,3.126357145038794,-0.9998837113380432,0.015246864408254623,1.0,-3.3798928260803223,65.40013885498047,0.0,28.0,28.0,28.0,0.0,0.0,0.0,0.0,0.0,1.0,120.0,1.0,1.0,1.0,0.0,0.0,80.47960000112653,0.5836000200361013,7.791299954988062,59.52809995505959,37.78140002395958,4.0,8.393900003284216,3.3835999201983213,0.7546000415459275,0.000400003045797348
1,281,281,3.1004149577725393,0,0,2.0,3.0,1.0,1.0,1.0,1.0,1.0,1.0,1.0,1.0,1.0,1.0,0.9580584168434143,1.0,0.9580584168434143,1.0,1.0,1.0,0.9580584168434143,0.0,0.22842258214950562,-0.006408246234059334,0.2285124510526657,-0.028043312951922417,0.45831701159477234,-0.6178006529808044,0.0,0.0008725051884539425,0.9693004488945007,0.24587932229042053,0.0,0.0,0.0,0.0,0.0,0.0,27.025205612182617,23.20981788635254,25.0,25.0,23.20981788635254,25.0,0.0,1.0,0.9283927154541015,1.0,0.0,0.0,0.0,0.0,0.0,0.563075274104699,0.5110707097133226,0.7467622148990631,1.2595067590554545,0.02,-0.0,-0.0004738441467515841,-1.3619978928745457e-05,-0.08899703979492188,0.15,-0.0,0.0,0.0,-0.0,0.0,0.0,0.0,0.0,0.35,0.0,0.0,0.0,0.0,0.0,0.0,0.0,0.0,0.25,-0.0,-3.1703033447265625,0.0,-0.29699867963790894,-0.13992604625739202,-0.3962879180908203,-0.3962879180908203,-0.05,0.5407622158527374,0.36050814390182495,0.2,0.0,-0.0,-0.0,-0.0,0.5599999904632569,0.699999988079071,-0.0,0.0,-0.0,-0.0,0.0,0.0,0.0,0.45055521363392476,-0.0,-0.0,-0.0004932194868734335,0.02,0.0,0.0,0.0,0.0,0.0,0.0,0.36050814390182495,32.43997538164258,32.4,0.7326086850269979,0.0,0.0,0.699999988079071,2.0,3.0,0.0,0.699999988079071,0.0,0.699999988079071,0.0,0.0,0.0,0.0,0.0,0.0,0.0,0.0,0.0,0.0,0.0,0.0,0.0,0.0,0.0,0.0,0.0,0.0,0.0,24.119409561157227,64.98090362548828,23.799535751342773,64.98987579345703,-0.3198738098144531,0.00897216796875,0.3199996054172516,3.1135509198220745,-0.999606728553772,0.028043314814567566,1.0,-3.291300058364868,65.74989318847656,0.0,28.0,28.0,28.0,0.0,0.0,0.0,0.0,0.0,1.0,120.0,1.0,1.0,1.0,0.0,0.0,112.66900005284697,1.182100037112832,8.444299921393394,57.362699997611344,29.185099992901087,4.0,32.92549995239824,6.998399971053004,5.713000078685582,0.000400003045797348
1,282,282,2.781387734956053,0,0,1.0,4.0,1.0,1.0,1.0,1.0,1.0,1.0,1.0,1.0,1.0,1.0,0.9283927083015442,1.0,0.9283927083015442,1.0,1.0,1.0,0.9283927083015442,0.0,0.22502021491527557,-0.009244664572179317,0.225210040807724,-0.04104907810688019,0.46342822909355164,0.31057754158973694,0.0,0.0006497428985312581,0.969310462474823,0.24583975970745087,0.0,0.0,0.0,0.0,0.0,0.0,26.63442611694336,23.20981788635254,25.0,25.0,23.20981788635254,25.0,0.0,1.0,0.9283927154541015,1.0,0.0,0.0,0.0,0.0,0.0,0.5678531991908736,0.5898015454928925,0.7654671776294708,0.838265812642816,0.02,-0.0,-0.0004738441467515841,-1.3619978928745457e-05,0.0,0.15,-0.0,0.0,0.0,-0.0,0.0,0.0,0.0,0.0,0.35,0.0,0.0,0.0,0.0,0.0,0.0,0.0,0.0,0.25,-0.0,-3.1262359619140625,0.0,-0.27495312690734863,-0.15719367390177777,-0.3907794952392578,-0.3907794952392578,-0.05,0.5354671776294708,0.3569781184196472,0.2,0.0,-0.032606546083752595,-0.0,-0.0,0.6254545454545455,0.7818181818181819,-0.21818181818181814,0.0,-0.0952066115702479,-0.17454545454545453,0.0,0.0,0.0,0.4402890096185729,-0.04846648424863815,-0.0,-0.0,0.02,0.0,0.0,0.0,0.0,0.0,0.0,0.3569781184196472,31.700808692537247,32.4,0.0,0.6,-0.25,1.0,1.0,4.0,-0.25,1.0,-0.11999999731779099,1.0,-0.12,1.0,0.0,0.0,0.0,-0.25,-0.25,1.0,0.13,0.0,0.0,0.0,0.0,0.0,0.0,0.0,0.0,0.0,0.0,23.799795150756836,64.9899673461914,23.480064392089844,65.00310516357422,-0.3197307586669922,0.0131378173828125,0.320000559091568,3.100525503856497,-0.9991571307182312,0.04104907810688019,1.0,-3.202631711959839,66.09932708740234,0.0,28.0,28.0,28.0,0.0,0.0,0.0,0.0,0.0,1.0,120.0,1.0,1.0,1.0,0.0,0.0,114.68480003532022,0.611600000411272,10.636799968779087,70.08169998880476,19.768500002101064,4.0,29.42299994174391,3.157600061967969,0.7305999752134085,0.000400003045797348
1,283,283,3.857976733190655,0,0,2.0,4.0,1.0,1.0,1.0,1.0,1.0,1.0,1.0,1.0,1.0,1.0,0.9283927083015442,1.0,0.9283927083015442,1.0,1.0,1.0,0.9283927083015442,0.0,0.22162793576717377,-0.012018267065286636,0.22195355594158173,-0.054147668182849884,0.4528687000274658,-0.6416377425193787,-0.2181818187236786,0.0006497428985312581,0.969412624835968,0.2454366683959961,0.0,0.0,0.0,0.0,0.0,0.0,26.248075485229492,22.428804397583008,25.0,25.0,22.428804397583008,25.0,0.0,1.0,0.8971521759033203,1.0,0.0,0.0,0.0,0.0,0.0,0.566891033846385,0.5041645904576707,0.7667393046617508,2.0001818042248485,0.02,-0.0,-0.0005647155919576951,-1.3619978928745457e-05,-0.09372161865234374,0.15,-0.0,0.0,0.0,-0.0,0.0,0.0,0.0,0.0,0.35,0.0,0.0,0.0,0.0,0.0,0.0,0.0,0.0,0.25,-0.0,-3.0908050537109375,0.0,-0.25701361894607544,-0.17609534720753958,-0.3863506317138672,-0.3863506317138672,-0.05,0.5367393046617508,0.35782620310783386,0.2,0.0,-0.0,-0.0,-0.0,0.8,1.0,-0.0,0.0,-0.0,-0.0,0.2181818038225174,0.0,0.0,0.4484645446809009,-0.017999999597668646,-0.0,-0.0,0.02,0.0,0.0,0.0,0.0,0.0,0.0,0.35782620310783386,32.289447217024865,32.4,1.0,0.0,0.0,1.0,2.0,4.0,0.0,1.0,0.0,1.0,0.0,0.0,0.0,0.0,0.0,0.0,0.0,0.0,0.0,0.0,0.0,0.0,0.0,0.0,0.0,0.0,0.0,0.0,0.0,23.48032569885254,65.0031967163086,23.160795211791992,65.02052307128906,-0.3195304870605469,0.01732635498046875,0.31999990344047546,3.087421287518948,-0.9985329508781433,0.054147668182849884,1.0,-3.1150264739990234,66.44538879394531,0.0,28.0,28.0,28.0,0.0,0.0,0.0,0.0,0.0,1.0,120.0,1.0,1.0,1.0,0.0,0.0,65.73699996806681,0.6856999825686216,9.60079999640584,48.22200001217425,22.564199985936284,4.0,4.325799993239343,2.2772999946027994,0.5819998914375901,0.000500003807246685
1,284,284,3.6265727018233096,0,0,2.0,4.0,1.0,1.0,1.0,1.0,1.0,1.0,1.0,1.0,1.0,1.0,0.8971521854400635,1.0,0.8971521854400635,1.0,1.0,1.0,0.8971521854400635,0.0,0.21823514997959137,-0.014763768762350082,0.21873396635055542,-0.06749646365642548,0.4612778127193451,0.510970950126648,0.0,0.03098088875412941,0.9703479409217834,0.24171242117881775,0.0,0.0,0.0,0.0,0.0,0.0,25.866737365722656,21.95526885986328,25.0,25.0,21.95526885986328,25.0,0.0,1.0,0.8782107543945312,1.0,0.0,0.0,0.0,0.0,0.0,0.5650685739665278,0.5498634323840101,0.7776965755224228,1.713944119950349,0.02,-0.0,-0.0006325037405588747,-1.3619978928745457e-05,-0.056824264526367185,0.15,-0.0,0.0,0.0,-0.0,0.0,0.0,0.0,0.0,0.35,0.0,0.0,0.0,0.0,0.0,0.0,0.0,0.0,0.25,-0.0,-3.0507049560546875,0.0,-0.23635956645011902,-0.19857185958335322,-0.38133811950683594,-0.38133811950683594,-0.05,0.5476965755224228,0.36513105034828186,0.2,0.0,-0.0,-0.0,-0.0,0.8,1.0,-0.0,0.0,-0.0,-0.0,0.0,0.0,0.0,0.45733382062986494,-0.0,-0.0,-0.08605588004965109,0.02,0.0,0.0,0.0,0.0,0.0,0.0,0.36513105034828186,32.928035085350274,32.4,1.0,0.0,0.0,1.0,2.0,4.0,0.0,1.0,0.0,1.0,0.0,0.0,0.0,0.0,0.0,0.0,0.0,0.0,0.0,0.0,0.0,0.0,0.0,0.0,0.0,0.0,0.0,0.0,0.0,23.161056518554688,65.0206069946289,22.841785430908203,65.04220581054688,-0.3192710876464844,0.02159881591796875,0.32000085711479187,3.0740451736168564,-0.9977195262908936,0.06749646365642548,1.0,-3.027160167694092,66.7922592163086,0.0,28.0,28.0,28.0,0.0,0.0,0.0,0.0,0.0,1.0,120.0,1.0,1.0,1.0,0.0,0.0,45.04500003531575,0.5259000463411212,8.067799964919686,29.770900029689074,15.573900076560676,4.0,3.641100018285215,2.3479999508708715,0.6495000561699271,0.000400003045797348
1,285,285,3.766563320839888,0,0,2.0,4.0,1.0,1.0,1.0,1.0,1.0,1.0,1.0,1.0,1.0,1.0,0.8782107830047607,1.0,0.8782107830047607,1.0,1.0,1.0,0.8782107830047607,0.0,0.21484167873859406,-0.01753571815788746,0.21555614471435547,-0.08135104924440384,0.47040051221847534,0.5543297529220581,0.0,0.03422440588474274,0.9711796641349792,0.23834852874279022,0.0,0.0,0.0,0.0,0.0,0.0,25.49230194091797,21.95526885986328,25.0,25.0,21.95526885986328,25.0,0.0,1.0,0.8782107543945312,1.0,0.0,0.0,0.0,0.0,0.0,0.5758050499169258,0.597279379669491,0.7734788912534714,1.8,0.02,-0.0,-0.0006325037405588747,-1.3619978928745457e-05,0.0,0.15,-0.0,0.0,0.0,-0.0,0.0,0.0,0.0,0.0,0.35,0.0,0.0,0.0,0.0,0.0,0.0,0.0,0.0,0.25,-0.0,-2.9954833984375,0.0,-0.2087012231349945,-0.21549372694807972,-0.3744354248046875,-0.3744354248046875,-0.05,0.5434788912534714,0.3623192608356476,0.2,0.0,-0.0,-0.0,-0.0,0.8,1.0,-0.0,0.0,-0.0,-0.0,0.0,0.0,0.0,0.4479255033889786,-0.0,-0.0,-0.0,0.02,0.0,0.0,0.0,0.0,0.0,0.0,0.3623192608356476,32.25063624400646,32.4,0.0,0.6,0.0,1.0,2.0,4.0,0.0,1.0,0.0,1.0,0.0,0.0,0.0,0.0,0.0,0.0,0.0,0.0,0.0,0.0,0.0,0.0,0.0,0.0,0.0,0.0,0.0,0.0,0.0,22.84204864501953,65.04228973388672,22.523109436035156,65.06832122802734,-0.318939208984375,0.026031494140625,0.3199997842311859,3.0601541893986437,-0.9966855049133301,0.08135104924440384,1.0,-2.9389538764953613,67.14657592773438,0.0,28.0,28.0,28.0,0.0,0.0,0.0,0.0,0.0,1.0,120.0,1.0,1.0,1.0,0.0,0.0,25.991300004534423,0.5180999869480729,7.058399962261319,11.312999995425344,7.967299898155034,4.0,3.5967999137938023,2.780300099402666,0.6983999628573656,0.000400003045797348
1,286,286,3.6520427251545162,0,0,2.0,4.0,1.0,1.0,1.0,1.0,1.0,1.0,1.0,1.0,1.0,1.0,0.8782107830047607,1.0,0.8782107830047607,1.0,1.0,1.0,0.8782107830047607,0.0,0.2114684283733368,-0.020250892266631126,0.21243585646152496,-0.09532709419727325,0.4607233703136444,-0.588019847869873,0.0,0.03422440588474274,0.971676766872406,0.23631396889686584,0.0,0.0,0.0,0.0,0.0,0.0,25.123661041259766,21.24748992919922,25.0,25.0,21.24748992919922,25.0,0.0,1.0,0.8498995971679687,1.0,0.0,0.0,0.0,0.0,0.0,0.5804508165092102,0.5194682252780742,0.7749122190475464,1.7572114643196857,0.02,-0.0,-0.0007560305473021912,-1.3619978928745457e-05,-0.0849334716796875,0.15,-0.0,0.0,0.0,-0.0,0.0,0.0,0.0,0.0,0.35,0.0,0.0,0.0,0.0,0.0,0.0,0.0,0.0,0.25,-0.0,-2.949127197265625,0.0,-0.18528367578983307,-0.23426550770095678,-0.3686408996582031,-0.3686408996582031,-0.05,0.5449122190475464,0.36327481269836426,0.2,0.0,-0.0,-0.0,-0.0,0.8,1.0,-0.0,0.0,-0.0,-0.0,0.0,0.0,0.0,0.4551713474839926,-0.0,-0.0,-0.04278853568031446,0.02,0.0,0.0,0.0,0.0,0.0,0.0,0.36327481269836426,32.772337018847466,32.4,1.0,0.0,0.0,1.0,2.0,4.0,0.0,1.0,0.0,1.0,0.0,0.0,0.0,0.0,0.0,0.0,0.0,0.0,0.0,0.0,0.0,0.0,0.0,0.0,0.0,0.0,0.0,0.0,0.0,22.523374557495117,65.06840515136719,22.204832077026367,65.09890747070312,-0.31854248046875,0.0305023193359375,0.3199995160102844,3.0461278311467987,-0.9954460263252258,0.09532709419727325,1.0,-2.852837324142456,67.4985122680664,0.0,28.0,28.0,28.0,0.0,0.0,0.0,0.0,0.0,1.0,120.0,1.0,1.0,1.0,0.0,0.0,49.52799994498491,0.5186999915167689,7.501899963244796,34.65339995454997,15.857300022616982,4.0,3.8641999708488584,2.379800076596439,0.5694999126717448,0.000400003045797348
1,287,287,3.7746805400974384,0,0,2.0,4.0,1.0,1.0,1.0,1.0,1.0,1.0,1.0,1.0,1.0,1.0,0.8498995900154114,1.0,0.8498995900154114,1.0,1.0,1.0,0.8498995900154114,0.0,0.2081034779548645,-0.02293821983039379,0.20936384797096252,-0.1095615103840828,0.4681762456893921,0.45286524295806885,0.0,0.016893871128559113,0.9720143675804138,0.23492145538330078,0.0,0.0,0.0,0.0,0.0,0.0,24.76123809814453,21.24748992919922,25.0,25.0,21.24748992919922,25.0,0.0,1.0,0.8498995971679687,1.0,0.0,0.0,0.0,0.0,0.0,0.5893763591921015,0.5945468377323098,0.770757343173027,1.8,0.02,-0.0,-0.0007560305473021912,-1.3619978928745457e-05,0.0,0.15,-0.0,0.0,0.0,-0.0,0.0,0.0,0.0,0.0,0.35,0.0,0.0,0.0,0.0,0.0,0.0,0.0,0.0,0.25,-0.0,-2.899383544921875,0.0,-0.1603725254535675,-0.250251115354331,-0.3624229431152344,-0.3624229431152344,-0.05,0.540757343173027,0.3605048954486847,0.2,0.0,-0.0,-0.0,-0.0,0.8,1.0,-0.0,0.0,-0.0,-0.0,0.0,0.0,0.0,0.4453164882585407,-0.0,-0.0,-0.0,0.02,0.0,0.0,0.0,0.0,0.0,0.0,0.3605048954486847,32.06278715461493,32.4,0.0,0.6,0.0,1.0,2.0,4.0,0.0,1.0,0.0,1.0,0.0,0.0,0.0,0.0,0.0,0.0,0.0,0.0,0.0,0.0,0.0,0.0,0.0,0.0,0.0,0.0,0.0,0.0,0.0,22.20509910583496,65.09899139404297,21.887025833129883,65.13404846191406,-0.3180732727050781,0.03505706787109375,0.3199993669986725,3.031818770474461,-0.9939800500869751,0.10956151783466339,1.0,-2.7673192024230957,67.85157775878906,0.0,28.0,28.0,28.0,0.0,0.0,0.0,0.0,0.0,1.0,120.0,1.0,1.0,1.0,0.0,0.0,29.61590001359582,0.5949999904260039,7.749699987471104,15.42650000192225,11.93409995175898,4.0,2.892000018619001,2.3024999536573887,0.6210999563336372,0.000400003045797348
1,288,288,3.699284891205067,0,0,2.0,4.0,1.0,1.0,1.0,1.0,1.0,1.0,1.0,1.0,1.0,1.0,0.8498995900154114,1.0,0.8498995900154114,1.0,1.0,1.0,0.8498995900154114,0.0,0.20475365221500397,-0.025566546246409416,0.2063436508178711,-0.12390274554491043,0.4580398201942444,-0.6159287095069885,0.0,0.016893871128559113,0.9722384810447693,0.23399214446544647,0.0,0.0,0.0,0.0,0.0,0.0,24.404266357421875,20.62563705444336,25.0,25.0,20.62563705444336,25.0,0.0,1.0,0.8250254821777344,1.0,0.0,0.0,0.0,0.0,0.0,0.5932152533436844,0.5273761734762978,0.772182445526123,1.7865110188589621,0.02,-0.0,-0.0008914134012551747,-1.3619978928745457e-05,-0.07462234497070312,0.15,-0.0,0.0,0.0,-0.0,0.0,0.0,0.0,0.0,0.35,0.0,0.0,0.0,0.0,0.0,0.0,0.0,0.0,0.25,-0.0,-2.85577392578125,0.0,-0.13834132254123688,-0.2684434241150787,-0.35697174072265625,-0.35697174072265625,-0.05,0.542182445526123,0.36145496368408203,0.2,0.0,-0.0,-0.0,-0.0,0.8,1.0,-0.0,0.0,-0.0,-0.0,0.0,0.0,0.0,0.4529035518271849,-0.0,-0.0,-0.013488981141037954,0.02,0.0,0.0,0.0,0.0,0.0,0.0,0.36145496368408203,32.60905573155731,32.4,1.0,0.0,0.0,1.0,2.0,4.0,0.0,1.0,0.0,1.0,0.0,0.0,0.0,0.0,0.0,0.0,0.0,0.0,0.0,0.0,0.0,0.0,0.0,0.0,0.0,0.0,0.0,0.0,0.0,21.88729476928711,65.1341323852539,21.569761276245117,65.17378234863281,-0.3175334930419922,0.03964996337890625,0.31999942660331726,3.0173670373485897,-0.992294430732727,0.12390275299549103,1.0,-2.6831445693969727,68.20211791992188,0.0,28.0,28.0,28.0,0.0,0.0,0.0,0.0,0.0,1.0,120.0,1.0,1.0,1.0,0.0,0.0,47.22090007271618,0.48649997916072607,7.462300010956824,32.870199996978045,15.02649998292327,4.0,3.588999970816076,2.265100018121302,0.5203000036999583,0.000500003807246685
1,289,289,3.781056890175915,0,0,2.0,4.0,1.0,1.0,1.0,1.0,1.0,1.0,1.0,1.0,1.0,1.0,0.8250254988670349,1.0,0.8250254988670349,1.0,1.0,1.0,0.8250254988670349,0.0,0.20140913128852844,-0.028164926916360855,0.2033688873052597,-0.13849182426929474,0.46584364771842957,0.47419148683547974,0.0,0.009271932765841484,0.9724012017250061,0.23331494629383087,0.0,0.0,0.0,0.0,0.0,0.0,24.05296516418457,20.62563705444336,25.0,25.0,20.62563705444336,25.0,0.0,1.0,0.8250254821777344,1.0,0.0,0.0,0.0,0.0,0.0,0.6008616535530185,0.5921360616084006,0.7680591750144958,1.8,0.02,-0.0,-0.0008914134012551747,-1.3619978928745457e-05,0.0,0.15,-0.0,0.0,0.0,-0.0,0.0,0.0,0.0,0.0,0.35,0.0,0.0,0.0,0.0,0.0,0.0,0.0,0.0,0.25,-0.0,-2.8104095458984375,0.0,-0.11563178896903992,-0.2835065574779416,-0.3513011932373047,-0.3513011932373047,-0.05,0.5380591750144958,0.35870611667633057,0.2,0.0,-0.0,-0.0,-0.0,0.8,1.0,-0.0,0.0,-0.0,-0.0,0.0,0.0,0.0,0.4430410949885845,-0.0,-0.0,-0.0,0.02,0.0,0.0,0.0,0.0,0.0,0.0,0.35870611667633057,31.898958839178082,32.4,0.0,0.6,0.0,1.0,2.0,4.0,0.0,1.0,0.0,1.0,0.0,0.0,0.0,0.0,0.0,0.0,0.0,0.0,0.0,0.0,0.0,0.0,0.0,0.0,0.0,0.0,0.0,0.0,0.0,21.570032119750977,65.17386627197266,21.253116607666016,65.21818542480469,-0.31691551208496094,0.04431915283203125,0.31999942660331726,3.002648413605418,-0.9903635382652283,0.13849182426929474,1.0,-2.5990636348724365,68.55365753173828,0.0,28.0,28.0,28.0,0.0,0.0,0.0,0.0,0.0,1.0,120.0,1.0,1.0,1.0,0.0,0.0,113.82740002591163,0.4347000503912568,6.786499987356365,68.29209998250008,31.69169998727739,4.0,28.43049995135516,3.653499996289611,6.189099978655577,0.000400003045797348
1,290,290,3.716039068144808,0,0,2.0,4.0,1.0,1.0,1.0,1.0,1.0,1.0,1.0,1.0,1.0,1.0,0.8250254988670349,1.0,0.8250254988670349,1.0,1.0,1.0,0.8250254988670349,0.0,0.1980760097503662,-0.03070240095257759,0.200441375374794,-0.15317396819591522,0.4556994140148163,-0.6164035797119141,0.0,0.009271932765841484,0.9725039005279541,0.23288655281066895,0.0,0.0,0.0,0.0,0.0,0.0,23.70677947998047,19.98961067199707,25.0,25.0,19.98961067199707,25.0,0.0,1.0,0.7995844268798828,1.0,0.0,0.0,0.0,0.0,0.0,0.603925516030813,0.5232437987187067,0.7695308136940002,1.799338939701288,0.02,-0.0,-0.0010621927316013693,-1.3619978928745457e-05,-0.07632316589355469,0.15,-0.0,0.0,0.0,-0.0,0.0,0.0,0.0,0.0,0.35,0.0,0.0,0.0,0.0,0.0,0.0,0.0,0.0,0.25,-0.0,-2.7694854736328125,0.0,-0.09491991996765137,-0.3011545640015356,-0.34618568420410156,-0.34618568420410156,-0.05,0.5395308136940002,0.3596872091293335,0.2,0.0,-0.0,-0.0,-0.0,0.8,1.0,-0.0,0.0,-0.0,-0.0,0.0,0.0,0.0,0.4506427773227915,-0.0,-0.0,-0.0006610602987120111,0.02,0.0,0.0,0.0,0.0,0.0,0.0,0.3596872091293335,32.44627996724099,32.4,1.0,0.0,0.0,1.0,2.0,4.0,0.0,1.0,0.0,1.0,0.0,0.0,0.0,0.0,0.0,0.0,0.0,0.0,0.0,0.0,0.0,0.0,0.0,0.0,0.0,0.0,0.0,0.0,0.0,21.253389358520508,65.21826171875,20.937166213989258,65.26728057861328,-0.31622314453125,0.04901885986328125,0.3199998736381531,2.987803164588166,-0.9881992340087891,0.15317396819591522,1.0,-2.5157310962677,68.90254974365234,0.0,28.0,28.0,28.0,0.0,0.0,0.0,0.0,0.0,1.0,120.0,1.0,1.0,1.0,0.0,0.0,119.80869993567467,0.46659994404762983,12.680300045758486,70.11829991824925,26.5203999588266,4.0,24.109799996949732,7.534899981692433,4.855499952100217,0.000500003807246685
1,291,291,3.7412202386363513,0,0,2.0,4.0,1.0,1.0,1.0,1.0,1.0,1.0,1.0,1.0,1.0,1.0,0.7995844483375549,1.0,0.7995844483375549,1.0,1.0,1.0,0.7995844483375549,0.0,0.19474540650844574,-0.03320833668112755,0.1975564956665039,-0.1680953949689865,0.46351829171180725,0.4751051366329193,0.0,0.004436977207660675,0.9725720882415771,0.23260173201560974,0.0,0.0,0.0,0.0,0.0,0.0,23.366056442260742,19.60968589782715,25.0,25.0,19.60968589782715,25.0,0.0,1.0,0.7843874359130859,1.0,0.0,0.0,0.0,0.0,0.0,0.6116149977261254,0.5441866112639243,0.7654186296463013,1.8,0.02,-0.0,-0.0011828829060096413,-1.3619978928745457e-05,-0.045590972900390624,0.15,-0.0,0.0,0.0,-0.0,0.0,0.0,0.0,0.0,0.35,0.0,0.0,0.0,0.0,0.0,0.0,0.0,0.0,0.25,-0.0,-2.7257843017578125,0.0,-0.07307103276252747,-0.3153139695113471,-0.34072303771972656,-0.34072303771972656,-0.05,0.5354186296463013,0.3569457530975342,0.2,0.0,-0.0,-0.0,-0.0,0.8,1.0,-0.0,0.0,-0.0,-0.0,0.0,0.0,0.0,0.4409740870492533,-0.0,-0.0,-0.0,0.02,0.0,0.0,0.0,0.0,0.0,0.0,0.3569457530975342,31.750134267546233,32.4,0.0,0.6,0.0,1.0,2.0,4.0,0.0,1.0,0.0,1.0,0.0,0.0,0.0,0.0,0.0,0.0,0.0,0.0,0.0,0.0,0.0,0.0,0.0,0.0,0.0,0.0,0.0,0.0,0.0,20.937440872192383,65.2673568725586,20.621994018554688,65.3211441040039,-0.3154468536376953,0.0537872314453125,0.31999966502189636,2.972705660721951,-0.9857707619667053,0.1680953949689865,1.0,-2.432008743286133,69.25235748291016,0.0,28.0,28.0,28.0,0.0,0.0,0.0,0.0,0.0,1.0,120.0,1.0,1.0,1.0,0.0,0.0,53.39710006956011,0.4778000293299556,12.802900047972798,33.20980002172291,16.959000029601157,4.0,4.515000036917627,1.778600038960576,0.5766999674960971,0.000400003045797348
1,292,292,3.188712785055771,0,0,2.0,3.0,1.0,1.0,1.0,1.0,1.0,1.0,1.0,1.0,1.0,1.0,0.7843874096870422,1.0,0.7843874096870422,1.0,1.0,1.0,0.7843874096870422,0.0,0.19142542779445648,-0.0356520339846611,0.194717139005661,-0.1830965280532837,0.4535733461380005,-0.604293167591095,0.0,0.0017599088605493307,0.9726117253303528,0.23243583738803864,0.0,0.0,0.0,0.0,0.0,0.0,23.030818939208984,19.60968589782715,25.0,25.0,19.60968589782715,25.0,0.0,1.0,0.7843874359130859,1.0,0.0,0.0,0.0,0.0,0.0,0.617819038054904,0.5948881123353774,0.7410056579113007,1.2149999767541886,0.02,-0.0,-0.0011828829060096413,-1.3619978928745457e-05,0.0,0.15,-0.0,0.0,0.0,-0.0,0.0,0.0,0.0,0.0,0.35,0.0,0.0,0.0,0.0,0.0,0.0,0.0,0.0,0.25,-0.0,-2.6819000244140625,0.0,-0.050965726375579834,-0.33121523556951615,-0.3352375030517578,-0.3352375030517578,-0.05,0.535005658864975,0.35667043924331665,0.2,0.0,-0.0,-0.0,-0.0,0.5599999904632569,0.699999988079071,-0.0,0.0,-0.0,-0.0,0.0,0.0,0.0,0.4460846152203158,-0.04500000178813934,-0.0,-0.0,0.02,0.0,0.0,0.0,0.0,0.0,0.0,0.35667043924331665,32.11809229586274,32.4,0.7326086850269979,0.0,0.0,0.699999988079071,2.0,3.0,0.0,0.699999988079071,0.0,0.699999988079071,0.0,0.0,0.0,0.0,0.0,0.0,0.0,0.0,0.0,0.0,0.0,0.0,0.0,0.0,0.0,0.0,0.0,0.0,0.0,20.622272491455078,65.32122039794922,20.307682037353516,65.37981414794922,-0.3145904541015625,0.05859375,0.3200005888938904,2.9574486071704404,-0.9830949306488037,0.18309654295444489,1.0,-2.3487799167633057,69.5994644165039,0.0,28.0,28.0,28.0,0.0,0.0,0.0,0.0,0.0,1.0,120.0,1.0,1.0,1.0,0.0,0.0,34.218400018289685,0.39320008363574743,5.140599911101162,20.301399985328317,9.892500005662441,4.0,4.305400070734322,3.4425000194460154,0.601499923504889,0.000400003045797348
1,293,293,3.653634698354543,0,0,2.0,4.0,1.0,1.0,1.0,1.0,1.0,1.0,1.0,1.0,1.0,1.0,0.7843874096870422,1.0,0.7843874096870422,1.0,1.0,1.0,0.7843874096870422,0.0,0.18811316788196564,-0.038053449243307114,0.19192348420619965,-0.19827404618263245,0.4588298797607422,0.31940799951553345,0.0,0.0017599088605493307,0.9726395606994629,0.2323194295167923,0.0,0.0,0.0,0.0,0.0,0.0,22.70121955871582,18.93979835510254,25.0,25.0,18.93979835510254,25.0,0.0,1.0,0.7575919342041015,1.0,0.0,0.0,0.0,0.0,0.0,0.6188051100173273,0.5230339809059557,0.7747557121515274,1.7170398952797323,0.02,-0.0,-0.0014367321432010754,-1.3619978928745457e-05,-0.08038650512695313,0.15,-0.0,0.0,0.0,-0.0,0.0,0.0,0.0,0.0,0.35,0.0,0.0,0.0,0.0,0.0,0.0,0.0,0.0,0.25,-0.0,-2.6367950439453125,0.0,-0.027832865715026855,-0.35336202426764585,-0.32959938049316406,-0.32959938049316406,-0.05,0.5447557121515274,0.36317047476768494,0.2,0.0,-0.0,-0.0,-0.0,0.8,1.0,-0.0,0.0,-0.0,-0.0,0.0,0.0,0.0,0.45487083815503865,-0.04500000178813934,-0.0,-0.03796010293212831,0.02,0.0,0.0,0.0,0.0,0.0,0.0,0.36317047476768494,32.750700347162784,32.4,1.0,0.0,0.0,1.0,2.0,4.0,0.0,1.0,0.0,1.0,0.0,0.0,0.0,0.0,0.0,0.0,0.0,0.0,0.0,0.0,0.0,0.0,0.0,0.0,0.0,0.0,0.0,0.0,0.0,20.30796241760254,65.37989044189453,19.99431610107422,65.4433364868164,-0.3136463165283203,0.063446044921875,0.3199990689754486,2.9420006389383357,-0.9801466464996338,0.19827406108379364,1.0,-2.265618085861206,69.94630432128906,0.0,28.0,28.0,28.0,0.0,0.0,0.0,0.0,0.0,1.0,120.0,1.0,1.0,1.0,0.0,0.0,103.36489998735487,0.47669990453869104,6.935700075700879,66.27429998479784,25.45870002359152,4.0,20.79139999113977,7.228700094856322,1.616799971088767,0.000500003807246685
1,294,294,3.814901565326086,0,0,2.0,4.0,1.0,1.0,1.0,1.0,1.0,1.0,1.0,1.0,1.0,1.0,0.757591962814331,1.0,0.757591962814331,1.0,1.0,1.0,0.757591962814331,0.0,0.18479786813259125,-0.0404675155878067,0.18917682766914368,-0.213913694024086,0.4678671360015869,0.5491389036178589,0.0,0.00107946980278939,0.9726611971855164,0.23222868144512177,0.0,0.0,0.0,0.0,0.0,0.0,22.377750396728516,18.93979835510254,25.0,25.0,18.93979835510254,25.0,0.0,1.0,0.7575919342041015,1.0,0.0,0.0,0.0,0.0,0.0,0.6304900590998537,0.5939316375757959,0.7704798686504364,1.8,0.02,-0.0,-0.0014367321432010754,-1.3619978928745457e-05,0.0,0.15,-0.0,0.0,0.0,-0.0,0.0,0.0,0.0,0.0,0.35,0.0,0.0,0.0,0.0,0.0,0.0,0.0,0.0,0.25,-0.0,-2.5877532958984375,0.0,-0.0033178627490997314,-0.36619207815104654,-0.3234691619873047,-0.3234691619873047,-0.05,0.5404798686504364,0.36031991243362427,0.2,0.0,-0.0,-0.0,-0.0,0.8,1.0,-0.0,0.0,-0.0,-0.0,0.0,0.0,0.0,0.44538198969792575,-0.0,-0.0,-0.0,0.02,0.0,0.0,0.0,0.0,0.0,0.0,0.36031991243362427,32.06750325825065,32.4,0.0,0.6,0.0,1.0,2.0,4.0,0.0,1.0,0.0,1.0,0.0,0.0,0.0,0.0,0.0,0.0,0.0,0.0,0.0,0.0,0.0,0.0,0.0,0.0,0.0,0.0,0.0,0.0,0.0,19.994596481323242,65.44341278076172,19.682003021240234,65.5118637084961,-0.3125934600830078,0.068450927734375,0.3200003206729889,2.926017873454478,-0.9768525958061218,0.2139137089252472,1.0,-2.181148052215576,70.29951477050781,0.0,28.0,28.0,28.0,0.0,0.0,0.0,0.0,0.0,1.0,120.0,1.0,1.0,1.0,0.0,0.0,62.20990000292659,0.7593000773340464,12.284499942325056,25.887600029818714,11.117800022475421,4.0,15.62039996497333,6.39009999576956,1.2119000311940908,0.001200009137392044
1,295,295,3.1479111465823526,0,0,2.0,3.0,1.0,1.0,1.0,1.0,1.0,1.0,1.0,1.0,1.0,1.0,0.757591962814331,1.0,0.757591962814331,1.0,1.0,1.0,0.757591962814331,0.0,0.18149910867214203,-0.0428173691034317,0.18648125231266022,-0.22960683703422546,0.45810720324516296,-0.5930530428886414,0.0,0.00107946980278939,0.9726772904396057,0.23216134309768677,0.0,0.0,0.0,0.0,0.0,0.0,22.06022834777832,18.347949981689453,25.0,25.0,18.347949981689453,25.0,0.0,1.0,0.7339179992675782,1.0,0.0,0.0,0.0,0.0,0.0,0.6395495451955109,0.527430753834342,0.7459824520349503,1.2149483955175493,0.02,-0.0,-0.0017133715732031048,-1.3619978928745457e-05,-0.07102180480957031,0.15,-0.0,0.0,0.0,-0.0,0.0,0.0,0.0,0.0,0.35,0.0,0.0,0.0,0.0,0.0,0.0,0.0,0.0,0.25,-0.0,-2.5401763916015625,0.0,0.020607173442840576,-0.38105762824732964,-0.3175220489501953,-0.3175220489501953,-0.05,0.5399824529886246,0.3599883019924164,0.2,0.0,-0.0,-0.0,-0.0,0.5599999904632569,0.699999988079071,-0.0,0.0,-0.0,-0.0,0.0,0.0,0.0,0.45017955019604416,-0.04500000178813934,-0.0,-5.158123663919681e-05,0.02,0.0,0.0,0.0,0.0,0.0,0.0,0.3599883019924164,32.41292761411518,32.4,0.7326086850269979,0.0,0.0,0.699999988079071,2.0,3.0,0.0,0.699999988079071,0.0,0.699999988079071,0.0,0.0,0.0,0.0,0.0,0.0,0.0,0.0,0.0,0.0,0.0,0.0,0.0,0.0,0.0,0.0,0.0,0.0,0.0,19.68228530883789,65.51193237304688,19.370834350585938,65.58540344238281,-0.3114509582519531,0.0734710693359375,0.3199995160102844,2.909928618129893,-0.9732834100723267,0.22960683703422546,1.0,-2.097609043121338,70.65001678466797,0.0,28.0,28.0,28.0,0.0,0.0,0.0,0.0,0.0,1.0,120.0,1.0,1.0,1.0,0.0,0.0,75.54759993217885,0.7386999204754829,9.576500044204295,57.06829996779561,22.676599910482764,4.0,4.8853999469429255,2.5719000259414315,0.6668999558314681,0.000600004568696022
1,296,296,3.2607789836400967,0,0,2.0,3.0,1.0,1.0,1.0,1.0,1.0,1.0,1.0,1.0,1.0,1.0,0.7339180111885071,1.0,0.7339180111885071,1.0,1.0,1.0,0.7339180111885071,0.0,0.17821142077445984,-0.04512297362089157,0.1838352382183075,-0.245453342795372,0.4630418121814728,0.2998475432395935,0.0,0.0008939959807321429,0.9726923108100891,0.23209837079048157,0.0,0.0,0.0,0.0,0.0,0.0,21.74844741821289,18.347949981689453,25.0,25.0,18.347949981689453,25.0,0.0,1.0,0.7339179992675782,1.0,0.0,0.0,0.0,0.0,0.0,0.6515420947119613,0.5885852593609889,0.7406516510248184,1.259999978542328,0.02,-0.0,-0.0017133715732031048,-1.3619978928745457e-05,0.0,0.15,-0.0,0.0,0.0,-0.0,0.0,0.0,0.0,0.0,0.35,0.0,0.0,0.0,0.0,0.0,0.0,0.0,0.0,0.25,-0.0,-2.4942474365234375,0.0,0.04351109266281128,-0.39196899795084994,-0.3117809295654297,-0.3117809295654297,-0.05,0.5346516519784927,0.3564344346523285,0.2,0.0,-0.0,-0.0,-0.0,0.5599999904632569,0.699999988079071,-0.0,0.0,-0.0,-0.0,0.0,0.0,0.0,0.4403122509131208,-0.0,-0.0,-0.0,0.02,0.0,0.0,0.0,0.0,0.0,0.0,0.3564344346523285,31.7024820657447,32.4,0.0,0.6,0.0,0.699999988079071,2.0,3.0,0.0,0.699999988079071,0.0,0.699999988079071,0.0,0.0,0.0,0.0,0.0,0.0,0.0,0.0,0.0,0.0,0.0,0.0,0.0,0.0,0.0,0.0,0.0,0.0,0.0,19.371118545532227,65.58546447753906,19.0609073638916,65.66400909423828,-0.310211181640625,0.07854461669921875,0.32000038027763367,2.8936071003497195,-0.969408392906189,0.245453342795372,1.0,-2.014251947402954,71.0002212524414,0.0,28.0,28.0,28.0,0.0,0.0,0.0,0.0,0.0,1.0,120.0,1.0,1.0,1.0,0.0,0.0,40.44180002529174,0.7020999910309911,7.837100070901215,22.875499911606312,13.20709998253733,4.0,5.1123000448569655,3.1328999903053045,0.7469999836757779,0.000500003807246685
1,297,297,3.204463282697842,0,0,2.0,3.0,1.0,1.0,1.0,1.0,1.0,1.0,1.0,1.0,1.0,1.0,0.7339180111885071,1.0,0.7339180111885071,1.0,1.0,1.0,0.7339180111885071,0.0,0.17494042217731476,-0.04735736921429634,0.18123705685138702,-0.2613006830215454,0.45289260149002075,-0.6167061924934387,0.0,0.0008939959807321429,0.9726986885070801,0.2320716828107834,0.0,0.0,0.0,0.0,0.0,0.0,21.442331314086914,17.770227432250977,25.0,25.0,17.770227432250977,25.0,0.0,1.0,0.710809097290039,1.0,0.0,0.0,0.0,0.0,0.0,0.6603597007497684,0.523885173840316,0.7402184295654297,1.259999978542328,0.02,-0.0,-0.002041501703787999,-1.3619978928745457e-05,-0.06932670593261718,0.15,-0.0,0.0,0.0,-0.0,0.0,0.0,0.0,0.0,0.35,0.0,0.0,0.0,0.0,0.0,0.0,0.0,0.0,0.25,-0.0,-2.4489288330078125,0.0,0.06628963351249695,-0.4059299327627286,-0.30611610412597656,-0.30611610412597656,-0.05,0.534218430519104,0.35614562034606934,0.2,0.0,-0.0,-0.0,-0.0,0.5599999904632569,0.699999988079071,-0.0,0.0,-0.0,-0.0,0.0,0.0,0.0,0.4452670014556499,-0.0,-0.0,-0.0,0.02,0.0,0.0,0.0,0.0,0.0,0.0,0.35614562034606934,32.05922410480679,32.4,0.7326086850269979,0.0,0.0,0.699999988079071,2.0,3.0,0.0,0.699999988079071,0.0,0.699999988079071,0.0,0.0,0.0,0.0,0.0,0.0,0.0,0.0,0.0,0.0,0.0,0.0,0.0,0.0,0.0,0.0,0.0,0.0,0.0,19.061193466186523,65.66407012939453,18.75231170654297,65.74768829345703,-0.3088817596435547,0.0836181640625,0.31999990344047546,2.877216809575489,-0.965257465839386,0.2613006830215454,1.0,-1.9316586256027222,71.34695434570312,0.0,28.0,28.0,28.0,0.0,0.0,0.0,0.0,0.0,1.0,120.0,1.0,1.0,1.0,0.0,0.0,208.26370001304895,0.713299959897995,9.204600006341934,144.69129999633878,43.09429996646941,4.0,30.6466999463737,10.068600066006184,12.898999964818358,0.000500003807246685
1,298,298,5.300143619757948,0,0,2.0,4.0,1.0,1.0,1.0,1.0,1.0,1.0,1.0,1.0,1.0,1.0,0.7108091115951538,1.0,0.7108091115951538,1.0,1.0,1.0,0.7108091115951538,0.0,0.17167945206165314,-0.04954681545495987,0.17868609726428986,-0.2772841155529022,0.4579889178276062,0.30967190861701965,0.0,0.0002611285890452564,0.9727009534835815,0.23206216096878052,0.0,0.0,0.0,0.0,0.0,0.0,21.142444610595703,17.475929260253906,25.0,25.0,17.475929260253906,25.0,0.0,1.0,0.6990371704101562,1.0,0.0,0.0,0.0,0.0,0.0,0.6643705842518557,0.5667624708366511,2.3239596772193907,1.7250508874500516,0.02,-0.0,-0.0022345813904793128,-1.3619978928745457e-05,-0.035315780639648436,0.15,-0.0,0.0,0.0,-0.0,0.0,0.0,0.0,0.0,0.35,0.0,0.0,0.0,0.0,0.0,0.0,0.0,0.0,0.25,-0.0,-2.3990936279296875,0.0,0.09179243445396423,-0.42742185020210854,-0.29988670349121094,-0.29988670349121094,1.5,0.5439596772193909,0.36263978481292725,0.2,0.0,-0.0,-0.0,-0.0,0.8,1.0,-0.0,0.0,-0.0,-0.0,0.0,0.0,0.0,0.45432645284570755,-0.04500000178813934,-0.0,-0.02994911076180909,0.02,0.0,0.0,0.0,0.0,0.0,0.0,0.36263978481292725,32.71150460489094,32.4,1.0,0.0,0.0,1.0,2.0,4.0,0.0,1.0,0.0,1.0,0.0,0.0,0.0,0.0,0.0,0.0,0.0,0.0,0.0,0.0,0.0,0.0,0.0,0.0,0.0,0.0,0.0,0.0,0.0,18.752599716186523,65.74774169921875,18.445148468017578,65.83647155761719,-0.3074512481689453,0.0887298583984375,0.3199988305568695,2.8606288269328752,-0.9607879519462585,0.2772841155529022,1.0,-1.8489346504211426,71.693359375,0.0,28.0,28.0,28.0,0.0,0.0,0.0,0.0,0.0,1.0,120.0,1.0,1.0,1.0,0.0,0.0,113.0345999263227,0.740499934181571,11.984199983999133,86.58340002875775,29.91779998410493,4.0,9.617700008675456,3.2523999689146876,0.8055999642238021,0.000500003807246685
1,299,299,3.860399370884196,0,0,2.0,4.0,1.0,1.0,1.0,1.0,1.0,1.0,1.0,1.0,1.0,1.0,0.6990371942520142,1.0,0.6990371942520142,1.0,1.0,1.0,0.6990371942520142,0.0,0.1684167981147766,-0.051746051758527756,0.17618703842163086,-0.2936995327472687,0.4673072099685669,0.5662156939506531,0.0,-3.897699571098201e-05,0.9726981520652771,0.23207388818264008,0.0,0.0,0.0,0.0,0.0,0.0,20.848600387573242,17.475929260253906,25.0,25.0,17.475929260253906,25.0,0.0,1.0,0.6990371704101562,1.0,0.0,0.0,0.0,0.0,0.0,0.6783272063832329,0.5923725057494756,0.7696996587514877,1.8,0.02,-0.0,-0.0022345813904793128,-1.3619978928745457e-05,0.0,0.15,-0.0,0.0,0.0,-0.0,0.0,0.0,0.0,0.0,0.35,0.0,0.0,0.0,0.0,0.0,0.0,0.0,0.0,0.25,-0.0,-2.3507537841796875,0.0,0.11592364311218262,-0.43759643672894977,-0.29384422302246094,-0.29384422302246094,-0.05,0.5396996587514877,0.3597997725009918,0.2,0.0,-0.0,-0.0,-0.0,0.8,1.0,-0.0,0.0,-0.0,-0.0,0.0,0.0,0.0,0.44462070711888374,-0.0,-0.0,-0.0,0.02,0.0,0.0,0.0,0.0,0.0,0.0,0.3597997725009918,32.01269091255963,32.4,0.0,0.6,0.0,1.0,2.0,4.0,0.0,1.0,0.0,1.0,0.0,0.0,0.0,0.0,0.0,0.0,0.0,0.0,0.0,0.0,0.0,0.0,0.0,0.0,0.0,0.0,0.0,0.0,0.0,18.445438385009766,65.8365249633789,18.139551162719727,65.93051147460938,-0.30588722229003906,0.09398651123046875,0.32000070810317993,2.843489887888526,-0.9558978080749512,0.2936995327472687,1.0,-1.764577031135559,72.04605102539062,0.0,28.0,28.0,28.0,0.0,0.0,0.0,0.0,0.0,1.0,120.0,1.0,1.0,1.0,0.0,0.0,43.38259994983673,0.6677999626845121,9.578100056387484,22.304499987512827,13.544399989768863,4.0,6.2411000253632665,3.371100057847798,1.1824999237433076,0.000400003045797348
1,300,300,3.20069878948985,0,0,2.0,3.0,1.0,1.0,1.0,1.0,1.0,1.0,1.0,1.0,1.0,1.0,0.6990371942520142,1.0,0.6990371942520142,1.0,1.0,1.0,0.6990371942520142,0.0,0.16517296433448792,-0.05387859418988228,0.17373833060264587,-0.31011343002319336,0.45732414722442627,-0.6066091060638428,0.0,-3.897699571098201e-05,0.9726959466934204,0.23208306729793549,0.0,0.0,0.0,0.0,0.0,0.0,20.561113357543945,16.912675857543945,25.0,25.0,16.912675857543945,25.0,0.0,1.0,0.6765070343017578,1.0,0.0,0.0,0.0,0.0,0.0,0.6912557787078413,0.5292298842418243,0.7452131497859955,1.2149999767541886,0.02,-0.0,-0.002661345668935338,-1.3619978928745457e-05,-0.0675904083251953,0.15,-0.0,0.0,0.0,-0.0,0.0,0.0,0.0,0.0,0.35,0.0,0.0,0.0,0.0,0.0,0.0,0.0,0.0,0.25,-0.0,-2.299896240234375,0.0,0.14146730303764343,-0.45021152432980216,-0.2874870300292969,-0.2874870300292969,-0.05,0.5392131507396698,0.35947543382644653,0.2,0.0,-0.0,-0.0,-0.0,0.5599999904632569,0.699999988079071,-0.0,0.0,-0.0,-0.0,0.0,0.0,0.0,0.4494952582148837,-0.04500000178813934,-0.0,-0.0,0.02,0.0,0.0,0.0,0.0,0.0,0.0,0.35947543382644653,32.36365859147162,32.4,0.7326086850269979,0.0,0.0,0.699999988079071,2.0,3.0,0.0,0.699999988079071,0.0,0.699999988079071,0.0,0.0,0.0,0.0,0.0,0.0,0.0,0.0,0.0,0.0,0.0,0.0,0.0,0.0,0.0,0.0,0.0,0.0,0.0,18.139841079711914,65.93055725097656,17.835617065429688,66.02979278564453,-0.30422401428222656,0.09923553466796875,0.31999990344047546,2.8262827344988057,-0.9506995677947998,0.31011343002319336,1.0,-1.680912971496582,72.39598846435547,0.0,28.0,28.0,28.0,0.0,0.0,0.0,0.0,0.0,1.0,120.0,1.0,1.0,1.0,0.0,0.0,136.7194999475032,0.5009999731555581,7.490099989809096,90.81850002985448,33.87099993415177,4.0,32.69200003705919,4.307199968025088,0.8643999462947249,0.000500003807246685
1,301,301,3.743579877198302,0,0,2.0,4.0,1.0,1.0,1.0,1.0,1.0,1.0,1.0,1.0,1.0,1.0,0.6765070557594299,1.0,0.6765070557594299,1.0,1.0,1.0,0.6765070557594299,0.0,0.16194503009319305,-0.05596517026424408,0.1713426113128662,-0.326627254486084,0.4623379707336426,0.3046594560146332,0.0,0.0001539294171379879,0.9726982116699219,0.23207363486289978,0.0,0.0,0.0,0.0,0.0,0.0,20.280811309814453,16.912675857543945,25.0,25.0,16.912675857543945,25.0,0.0,1.0,0.6765070343017578,1.0,0.0,0.0,0.0,0.0,0.0,0.6997643257409738,0.6058389911438572,0.778956498503685,1.639020061809786,0.02,-0.0,-0.002661345668935338,-1.3619978928745457e-05,0.0,0.15,-0.0,0.0,0.0,-0.0,0.0,0.0,0.0,0.0,0.35,0.0,0.0,0.0,0.0,0.0,0.0,0.0,0.0,0.25,-0.0,-2.2424163818359375,0.0,0.1707846224308014,-0.47102029668982753,-0.2803020477294922,-0.2803020477294922,-0.05,0.548956498503685,0.36597099900245667,0.2,0.0,-0.0,-0.0,-0.0,0.8,1.0,-0.0,0.0,-0.0,-0.0,0.0,0.0,0.0,0.4585139567917213,-0.04500000178813934,-0.0,-0.1159799364020747,0.02,0.0,0.0,0.0,0.0,0.0,0.0,0.36597099900245667,33.01300488900393,32.4,1.0,0.0,0.0,1.0,2.0,4.0,0.0,1.0,0.0,1.0,0.0,0.0,0.0,0.0,0.0,0.0,0.0,0.0,0.0,0.0,0.0,0.0,0.0,0.0,0.0,0.0,0.0,0.0,0.0,17.835906982421875,66.02983093261719,17.533458709716797,66.13435363769531,-0.3024482727050781,0.104522705078125,0.31999993324279785,2.8088531183506618,-0.9451532363891602,0.32662728428840637,1.0,-1.597495198249817,72.74565124511719,0.0,28.0,28.0,28.0,0.0,0.0,0.0,0.0,0.0,1.0,120.0,1.0,1.0,1.0,0.0,0.0,77.29700009804219,0.9530000388622284,8.718900033272803,26.204800000414252,19.599099992774427,4.0,7.307599997147918,31.830499996431172,2.2344000171869993,0.000500003807246685
1,302,302,3.8452106124653134,0,0,2.0,4.0,1.0,1.0,1.0,1.0,1.0,1.0,1.0,1.0,1.0,1.0,0.6765070557594299,1.0,0.6765070557594299,1.0,1.0,1.0,0.6765070557594299,0.0,0.15872064232826233,-0.05806070938706398,0.16900676488876343,-0.343540757894516,0.47161436080932617,0.5636686682701111,0.0,0.0001539294171379879,0.9727092981338501,0.23202724754810333,0.0,0.0,0.0,0.0,0.0,0.0,20.00674057006836,16.403247833251953,25.0,25.0,16.403247833251953,25.0,0.0,1.0,0.6561299133300781,1.0,0.0,0.0,0.0,0.0,0.0,0.7162195821398656,0.5343356774945607,0.7746553528308868,1.8,0.02,-0.0,-0.0031227634360052894,-1.3619978928745457e-05,-0.06113136291503906,0.15,-0.0,0.0,0.0,-0.0,0.0,0.0,0.0,0.0,0.35,0.0,0.0,0.0,0.0,0.0,0.0,0.0,0.0,0.25,-0.0,-2.19256591796875,0.0,0.19562289118766785,-0.4794033090478023,-0.27407073974609375,-0.27407073974609375,-0.05,0.5446553528308868,0.36310356855392456,0.2,0.0,-0.0,-0.0,-0.0,0.8,1.0,-0.0,0.0,-0.0,-0.0,0.0,0.0,0.0,0.44860342382453383,-0.0,-0.0,-0.0,0.02,0.0,0.0,0.0,0.0,0.0,0.0,0.36310356855392456,32.299446515366434,32.4,0.0,0.6,0.0,1.0,2.0,4.0,0.0,1.0,0.0,1.0,0.0,0.0,0.0,0.0,0.0,0.0,0.0,0.0,0.0,0.0,0.0,0.0,0.0,0.0,0.0,0.0,0.0,0.0,0.0,17.533750534057617,66.13438415527344,17.233226776123047,66.24431610107422,-0.3005237579345703,0.10993194580078125,0.3199993073940277,2.7909109845921054,-0.9391378164291382,0.343540757894516,1.0,-1.5127253532409668,73.10166931152344,0.0,28.0,28.0,28.0,0.0,0.0,0.0,0.0,0.0,1.0,120.0,1.0,1.0,1.0,0.0,0.0,81.3332999823615,1.029099919833243,13.798800064250827,55.45739992521703,29.251599917188287,4.0,6.4298000652343035,3.5154999932274222,1.0668999748304486,0.000500003807246685
1,303,303,3.872921137987666,0,0,2.0,4.0,1.0,1.0,1.0,1.0,1.0,1.0,1.0,1.0,1.0,1.0,0.6561298966407776,1.0,0.6561298966407776,1.0,1.0,1.0,0.6561298966407776,0.0,0.15551824867725372,-0.06008809432387352,0.16672283411026,-0.36040711402893066,0.4614206552505493,-0.6194083094596863,0.0,0.00022535370953846723,0.9727131128311157,0.23201113939285278,0.0,0.0,0.0,0.0,0.0,0.0,19.739166259765625,16.403247833251953,25.0,25.0,16.403247833251953,25.0,0.0,1.0,0.6561299133300781,1.0,0.0,0.0,0.0,0.0,0.0,0.7295283720027026,0.6027499695646442,0.7760814386606216,1.7445613577596975,0.02,-0.0,-0.0031227634360052894,-1.3619978928745457e-05,0.0,0.15,-0.0,0.0,0.0,-0.0,0.0,0.0,0.0,0.0,0.35,0.0,0.0,0.0,0.0,0.0,0.0,0.0,0.0,0.25,-0.0,-2.140594482421875,0.0,0.22178465127944946,-0.4922562792767469,-0.2675743103027344,-0.2675743103027344,-0.05,0.5460814386606216,0.36405429244041443,0.2,0.0,-0.0,-0.0,-0.0,0.8,1.0,-0.0,0.0,-0.0,-0.0,0.0,0.0,0.0,0.45588635297957825,-0.0,-0.0,-0.055438642240302684,0.02,0.0,0.0,0.0,0.0,0.0,0.0,0.36405429244041443,32.82381741452963,32.4,1.0,0.0,0.0,1.0,2.0,4.0,0.0,1.0,0.0,1.0,0.0,0.0,0.0,0.0,0.0,0.0,0.0,0.0,0.0,0.0,0.0,0.0,0.0,0.0,0.0,0.0,0.0,0.0,0.0,17.233518600463867,66.24433898925781,16.935026168823242,66.35967254638672,-0.298492431640625,0.11533355712890625,0.3199993073940277,2.772876540658907,-0.9327951073646545,0.3604070842266083,1.0,-1.4286717176437378,73.45491027832031,0.0,28.0,28.0,28.0,0.0,0.0,0.0,0.0,0.0,1.0,120.0,1.0,1.0,1.0,0.0,0.0,95.07709997706115,0.7517000194638968,8.480099961161613,73.5207999823615,49.674600013531744,4.0,8.259300026111305,3.1478999881073833,0.8729000110179186,0.000400003045797348
1,304,304,3.8699620748779204,0,0,2.0,4.0,1.0,1.0,1.0,1.0,1.0,1.0,1.0,1.0,1.0,1.0,0.6561298966407776,1.0,0.6561298966407776,1.0,1.0,1.0,0.6561298966407776,0.0,0.15232957899570465,-0.062077902257442474,0.16449305415153503,-0.37738922238349915,0.46891167759895325,0.4551830589771271,0.0,0.00022535370953846723,0.9727155566215515,0.2320009469985962,0.0,0.0,0.0,0.0,0.0,0.0,19.477548599243164,15.899727821350098,25.0,25.0,15.899727821350098,25.0,0.0,1.0,0.635989112854004,1.0,0.0,0.0,0.0,0.0,0.0,0.7460190343305158,0.5320208139992101,0.7719222265481949,1.8,0.02,-0.0,-0.0036626913906128117,-1.3619978928745457e-05,-0.06042240142822265,0.15,-0.0,0.0,0.0,-0.0,0.0,0.0,0.0,0.0,0.35,0.0,0.0,0.0,0.0,0.0,0.0,0.0,0.0,0.25,-0.0,-2.0929412841796875,0.0,0.24552541971206665,-0.49950638538155095,-0.26161766052246094,-0.26161766052246094,-0.05,0.5419222265481949,0.36128148436546326,0.2,0.0,-0.0,-0.0,-0.0,0.8,1.0,-0.0,0.0,-0.0,-0.0,0.0,0.0,0.0,0.44611952679697425,-0.0,-0.0,-0.0,0.02,0.0,0.0,0.0,0.0,0.0,0.0,0.36128148436546326,32.120605929382144,32.4,0.0,0.6,0.0,1.0,2.0,4.0,0.0,1.0,0.0,1.0,0.0,0.0,0.0,0.0,0.0,0.0,0.0,0.0,0.0,0.0,0.0,0.0,0.0,0.0,0.0,0.0,0.0,0.0,0.0,16.935317993164062,66.35968780517578,16.638980865478516,66.48045349121094,-0.2963371276855469,0.12076568603515625,0.3200000822544098,2.7546134809231426,-0.9260547757148743,0.37738922238349915,1.0,-1.3442305326461792,73.80903625488281,0.0,28.0,28.0,28.0,0.0,0.0,0.0,0.0,0.0,1.0,120.0,1.0,1.0,1.0,0.0,0.0,85.19270003307611,0.7967000128701329,11.380500043742359,63.127400004304945,49.28560007829219,4.0,5.809099995531142,3.227700013667345,0.8129000198096037,0.000500003807246685
1,305,305,3.9098968616625034,0,0,2.0,4.0,1.0,1.0,1.0,1.0,1.0,1.0,1.0,1.0,1.0,1.0,0.6359891295433044,0.6448907256126404,0.6359891295433044,1.0,1.0,1.0,0.6359891295433044,0.0,0.14916275441646576,-0.06399962306022644,0.16231290996074677,-0.3942978084087372,0.45886579155921936,-0.610426664352417,0.0,-0.00015650878776796162,0.972710907459259,0.23202036321163177,0.0,0.0,0.0,0.0,0.0,0.0,19.222610473632812,15.70605754852295,25.0,25.0,15.70605754852295,25.0,0.0,1.0,0.628242301940918,1.0,0.0,0.0,0.0,0.0,0.0,0.7611071695747038,0.5764814399383483,0.7734053987264633,1.7789028534229876,0.02,-0.0,-0.0038957215495720966,-1.3619978928745457e-05,-0.023240432739257813,0.15,-0.0,0.0,0.0,-0.0,0.0,0.0,0.0,0.0,0.35,0.0,0.0,0.0,0.0,0.0,0.0,0.0,0.0,0.25,-0.0,-2.0395050048828125,0.0,0.27240344882011414,-0.5112962792454103,-0.25493812561035156,-0.25493812561035156,-0.05,0.5434053987264633,0.3622702658176422,0.2,0.0,-0.0,-0.0,-0.0,0.8,1.0,-0.0,0.0,-0.0,-0.0,0.0,0.0,0.0,0.45363121420610697,-0.0,-0.0,-0.021097146577012397,0.02,0.0,0.0,0.0,0.0,0.0,0.0,0.3622702658176422,32.6614474228397,32.4,1.0,0.0,0.0,1.0,2.0,4.0,0.0,1.0,0.0,1.0,0.0,0.0,0.0,0.0,0.0,0.0,0.0,0.0,0.0,0.0,0.0,0.0,0.0,0.0,0.0,0.0,0.0,0.0,0.0,16.639272689819336,66.48046875,16.345197677612305,66.60664367675781,-0.29407501220703125,0.1261749267578125,0.3200003504753113,2.7362907444411064,-0.9189826846122742,0.3942978084087372,1.0,-1.2602574825286865,74.1604232788086,0.0,28.0,28.0,28.0,0.0,0.0,0.0,0.0,0.0,1.0,120.0,1.0,1.0,1.0,0.0,0.0,58.32970002666116,0.593300093896687,6.932999938726425,41.53269995003939,23.442500038072467,4.0,4.359099897556007,3.563600010238588,1.3001000043004751,0.000500003807246685
1,306,306,3.9593555391684645,0,0,2.0,4.0,1.0,1.0,1.0,1.0,1.0,1.0,1.0,1.0,1.0,1.0,0.6282423138618469,0.6298502683639526,0.6282423138618469,1.0,1.0,1.0,0.6282423138618469,0.0,0.1460123211145401,-0.06588421016931534,0.16018842160701752,-0.4112919867038727,0.46659210324287415,0.4694804549217224,0.0,-5.8567271480569616e-05,0.9727089405059814,0.2320288121700287,0.0,0.0,0.0,0.0,0.0,0.0,18.9738712310791,15.70605754852295,25.0,25.0,15.70605754852295,25.0,0.0,1.0,0.628242301940918,1.0,0.0,0.0,0.0,0.0,0.0,0.779908630782461,0.5901469434812185,0.7692999649047851,1.8,0.02,-0.0,-0.0038957215495720966,-1.3619978928745457e-05,0.0,0.15,-0.0,0.0,0.0,-0.0,0.0,0.0,0.0,0.0,0.35,0.0,0.0,0.0,0.0,0.0,0.0,0.0,0.0,0.25,-0.0,-1.9899139404296875,0.0,0.29707637429237366,-0.5171677435099127,-0.24873924255371094,-0.24873924255371094,-0.05,0.5392999649047852,0.35953330993652344,0.2,0.0,-0.0,-0.0,-0.0,0.8,1.0,-0.0,0.0,-0.0,-0.0,0.0,0.0,0.0,0.44405628500971944,-0.0,-0.0,-0.0,0.02,0.0,0.0,0.0,0.0,0.0,0.0,0.35953330993652344,31.9720525206998,32.4,0.0,0.6,0.0,1.0,2.0,4.0,0.0,1.0,0.0,1.0,0.0,0.0,0.0,0.0,0.0,0.0,0.0,0.0,0.0,0.0,0.0,0.0,0.0,0.0,0.0,0.0,0.0,0.0,0.0,16.345489501953125,66.60665130615234,16.053808212280273,66.73826599121094,-0.29168128967285156,0.13161468505859375,0.32000061869621277,2.717718216702386,-0.9115036129951477,0.4112919569015503,1.0,-1.1759891510009766,74.51275634765625,0.0,28.0,28.0,28.0,0.0,0.0,0.0,0.0,0.0,1.0,120.0,1.0,1.0,1.0,0.0,0.0,44.03440002351999,0.7013999857008457,9.808600065298378,24.45049991365522,13.471399899572134,4.0,5.093500018119812,3.046599915251136,0.8905000286176801,0.000400003045797348
1,307,307,3.9246223525163995,0,0,2.0,4.0,1.0,1.0,1.0,1.0,1.0,1.0,1.0,1.0,1.0,1.0,0.6282423138618469,0.6298502683639526,0.6282423138618469,1.0,1.0,1.0,0.6282423138618469,0.0,0.14288820326328278,-0.06770159304141998,0.15811559557914734,-0.4281778335571289,0.45674359798431396,-0.5984330773353577,0.0,-5.8567271480569616e-05,0.9727075099945068,0.23203469812870026,0.0,0.0,0.0,0.0,0.0,0.0,18.73210334777832,15.25577449798584,25.0,25.0,15.25577449798584,25.0,0.0,1.0,0.6102309799194336,1.0,0.0,0.0,0.0,0.0,0.0,0.7973716316733923,0.5435595525943651,0.7707909154891968,1.7929002527594453,0.02,-0.0,-0.004499361308929223,-1.3619978928745457e-05,-0.054033966064453126,0.15,-0.0,0.0,0.0,-0.0,0.0,0.0,0.0,0.0,0.35,0.0,0.0,0.0,0.0,0.0,0.0,0.0,0.0,0.25,-0.0,-1.93414306640625,0.0,0.32508155703544617,-0.5277099253620539,-0.24176788330078125,-0.24176788330078125,-0.05,0.5407909154891968,0.36052727699279785,0.2,0.0,-0.0,-0.0,-0.0,0.8,1.0,-0.0,0.0,-0.0,-0.0,0.0,0.0,0.0,0.4521064999466762,-0.0,-0.0,-0.0070997472405547775,0.02,0.0,0.0,0.0,0.0,0.0,0.0,0.36052727699279785,32.55166799616069,32.4,1.0,0.0,0.0,1.0,2.0,4.0,0.0,1.0,0.0,1.0,0.0,0.0,0.0,0.0,0.0,0.0,0.0,0.0,0.0,0.0,0.0,0.0,0.0,0.0,0.0,0.0,0.0,0.0,0.0,16.054101943969727,66.73826599121094,15.76491928100586,66.87528228759766,-0.2891826629638672,0.13701629638671875,0.3200001120567322,2.6991194925815583,-0.9036945104598999,0.4281778335571289,1.0,-1.0924818515777588,74.86245727539062,0.0,28.0,28.0,28.0,0.0,0.0,0.0,0.0,0.0,1.0,120.0,1.0,1.0,1.0,0.0,0.0,144.73249996080995,0.7396000437438488,9.193699923343956,127.3632999509573,65.30819996260107,4.0,4.200699971988797,2.1054999670013785,1.0822999756783247,0.000500003807246685
1,308,308,3.991461892060929,0,0,2.0,4.0,1.0,1.0,1.0,1.0,1.0,1.0,1.0,1.0,1.0,1.0,0.6164335012435913,0.6102309823036194,0.6102309823036194,1.0,1.0,1.0,0.6102309823036194,0.0,0.13978436589241028,-0.06948242336511612,0.15610085427761078,-0.4451123774051666,0.46502381563186646,0.5031384229660034,0.0,0.000391649198718369,0.9727133512496948,0.2320101112127304,0.0,0.0,0.0,0.0,0.0,0.0,18.496444702148438,15.25577449798584,25.0,25.0,15.25577449798584,25.0,0.0,1.0,0.6102309799194336,1.0,0.0,0.0,0.0,0.0,0.0,0.8171861121083566,0.5875820728440746,0.7666937071084976,1.8,0.02,-0.0,-0.004499361308929223,-1.3619978928745457e-05,0.0,0.15,-0.0,0.0,0.0,-0.0,0.0,0.0,0.0,0.0,0.35,0.0,0.0,0.0,0.0,0.0,0.0,0.0,0.0,0.25,-0.0,-1.8852691650390625,0.0,0.34937307238578796,-0.5321869602774314,-0.2356586456298828,-0.2356586456298828,-0.05,0.5366937071084976,0.3577958047389984,0.2,0.0,-0.0,-0.0,-0.0,0.8,1.0,-0.0,0.0,-0.0,-0.0,0.0,0.0,0.0,0.4420950541319326,-0.0,-0.0,-0.0,0.02,0.0,0.0,0.0,0.0,0.0,0.0,0.3577958047389984,31.830843897499147,32.4,0.0,0.6,0.0,1.0,2.0,4.0,0.0,1.0,0.0,1.0,0.0,0.0,0.0,0.0,0.0,0.0,0.0,0.0,0.0,0.0,0.0,0.0,0.0,0.0,0.0,0.0,0.0,0.0,0.0,15.765212059020996,66.87527465820312,15.478660583496094,67.01770782470703,-0.28655147552490234,0.14243316650390625,0.3199983537197113,2.6803001049603083,-0.8954746723175049,0.44511234760284424,1.0,-1.0089126825332642,75.21316528320312,0.0,28.0,28.0,28.0,0.0,0.0,0.0,0.0,0.0,1.0,120.0,1.0,1.0,1.0,0.0,0.0,28.33549992647022,0.4170999163761735,6.244300049729645,14.911099919117987,11.777500039897859,4.0,3.880999982357025,1.734499935992062,1.117000007070601,0.000500003807246685
1,309,309,3.9681010926355413,0,0,2.0,4.0,1.0,1.0,1.0,1.0,1.0,1.0,1.0,1.0,1.0,1.0,0.6164335012435913,0.6102309823036194,0.6102309823036194,1.0,1.0,1.0,0.6102309823036194,0.0,0.13670890033245087,-0.07119623571634293,0.1541370451450348,-0.4619022011756897,0.45472633838653564,-0.6257153749465942,0.0,0.000391649198718369,0.9727174043655396,0.23199310898780823,0.0,0.0,0.0,0.0,0.0,0.0,18.267526626586914,14.844045639038086,25.0,25.0,14.844045639038086,25.0,0.0,1.0,0.5937618255615235,1.0,0.0,0.0,0.0,0.0,0.0,0.8348545016394837,0.5450765513422796,0.7681700396537781,1.8,0.02,-0.0,-0.0051364959972848,-1.3619978928745457e-05,-0.049407463073730465,0.15,-0.0,0.0,0.0,-0.0,0.0,0.0,0.0,0.0,0.35,0.0,0.0,0.0,0.0,0.0,0.0,0.0,0.0,0.25,-0.0,-1.8313446044921875,0.0,0.3764512836933136,-0.5415967820538299,-0.22891807556152344,-0.22891807556152344,-0.05,0.5381700396537781,0.35878002643585205,0.2,0.0,-0.0,-0.0,-0.0,0.8,1.0,-0.0,0.0,-0.0,-0.0,0.0,0.0,0.0,0.4496341303922236,-0.0,-0.0,-0.0,0.02,0.0,0.0,0.0,0.0,0.0,0.0,0.35878002643585205,32.3736573882401,32.4,1.0,0.0,0.0,1.0,2.0,4.0,0.0,1.0,0.0,1.0,0.0,0.0,0.0,0.0,0.0,0.0,0.0,0.0,0.0,0.0,0.0,0.0,0.0,0.0,0.0,0.0,0.0,0.0,0.0,15.47895336151123,67.0177001953125,15.195137023925781,67.16551208496094,-0.2838163375854492,0.1478118896484375,0.3200001120567322,2.6614428941747,-0.8869308233261108,0.4619022011756897,1.0,-0.9261133670806885,75.56124877929688,0.0,28.0,28.0,28.0,0.0,0.0,0.0,0.0,0.0,1.0,120.0,1.0,1.0,1.0,0.0,0.0,50.39280001074076,0.42390008457005024,5.264399922452867,37.6412000041455,17.20000000204891,4.0,4.015000071376562,2.4221999337896705,0.5909999599680305,0.000500003807246685
1,310,310,3.928114498374947,0,0,2.0,4.0,1.0,1.0,1.0,1.0,1.0,1.0,1.0,1.0,1.0,1.0,1.0,0.5937618017196655,0.5937618017196655,1.0,1.0,1.0,0.5937618017196655,0.0,0.1336536407470703,-0.07287311553955078,0.15222938358783722,-0.4787059724330902,0.4624808132648468,0.47119227051734924,0.0,0.0002600366424303502,0.9727216362953186,0.2319754958152771,0.0,0.0,0.0,0.0,0.0,0.0,18.047109603881836,14.844045639038086,25.0,25.0,14.844045639038086,25.0,0.0,1.0,0.5937618255615235,1.0,0.0,0.0,0.0,0.0,0.0,0.8510661785146566,0.6037158545599216,0.7791011589765549,1.674231306323814,0.02,-0.0,-0.0051364959972848,-1.3619978928745457e-05,0.0,0.15,-0.0,0.0,0.0,-0.0,0.0,0.0,0.0,0.0,0.35,0.0,0.0,0.0,0.0,0.0,0.0,0.0,0.0,0.25,-0.0,-1.763336181640625,0.0,0.4110192656517029,-0.5599530871370463,-0.22041702270507812,-0.22041702270507812,-0.05,0.5491011589765549,0.36606743931770325,0.2,0.0,-0.0,-0.0,-0.0,0.8,1.0,-0.0,0.0,-0.0,-0.0,0.0,0.0,0.0,0.45886597053613515,-0.0,-0.0,-0.1257686936761862,0.02,0.0,0.0,0.0,0.0,0.0,0.0,0.36606743931770325,33.03834987860173,32.4,1.0,0.0,0.0,1.0,2.0,4.0,0.0,1.0,0.0,1.0,0.0,0.0,0.0,0.0,0.0,0.0,0.0,0.0,0.0,0.0,0.0,0.0,0.0,0.0,0.0,0.0,0.0,0.0,0.0,15.195429801940918,67.16549682617188,14.914477348327637,67.31867980957031,-0.28095245361328125,0.1531829833984375,0.31999891996383667,2.642421002622115,-0.8779752850532532,0.4787059724330902,1.0,-0.8430061936378479,75.91027069091797,0.0,28.0,28.0,28.0,0.0,0.0,0.0,0.0,0.0,1.0,120.0,1.0,1.0,1.0,0.0,0.0,31.2886000610888,0.5032999906688929,8.091700030490756,16.494999988935888,12.374900048598647,4.0,3.8523999974131584,1.823500031605363,0.49190002027899027,0.000300002284348011
1,311,311,-6.163011987852475,0,0,2.0,4.0,1.0,1.0,1.0,1.0,1.0,1.0,1.0,1.0,1.0,1.0,1.0,0.5937618017196655,0.5937618017196655,1.0,1.0,1.0,0.5937618017196655,0.0,0.1306067854166031,-0.07456404715776443,0.1503925770521164,-0.4957960247993469,0.4719764292240143,0.576990008354187,0.0,0.0002600366424303502,0.9727185368537903,0.23198844492435455,0.0,0.0,0.0,0.0,0.0,0.0,17.832576751708984,14.364949226379395,25.0,25.0,14.364949226379395,14.955415725708008,0.0,1.0,0.5745979690551758,1.0,0.0,0.0,0.0,0.0,0.0,0.8720745770702402,-9.62988130321541,0.7747947382926941,1.8,0.02,-0.0,-0.00599678339809977,-0.0007570062149332004,-0.17749156951904296,0.15,-10.044584274291992,0.0,0.0,-0.0,0.0,0.0,0.0,0.0,0.35,0.0,0.0,0.0,0.0,0.0,0.0,0.0,0.0,0.25,-0.0,-1.7162628173828125,0.0,0.4343462288379669,-0.5622716517677268,-0.21453285217285156,-0.21453285217285156,-0.05,0.5447947382926941,0.3631964921951294,0.2,0.0,-0.0,-0.0,-0.0,0.8,1.0,-0.0,0.0,-0.0,-0.0,0.0,0.0,0.0,0.4489483302086592,-0.0,-0.0,-0.0,0.02,0.0,0.0,0.0,0.0,0.0,0.0,0.3631964921951294,32.32427977502346,32.4,0.0,0.6,0.0,1.0,2.0,4.0,0.0,1.0,0.0,1.0,0.0,0.0,0.0,0.0,0.0,0.0,0.0,0.0,0.0,0.0,0.0,0.0,0.0,0.0,0.0,0.0,0.0,0.0,0.0,14.914769172668457,67.31865692138672,14.636868476867676,67.47731018066406,-0.27790069580078125,0.15865325927734375,0.31999945640563965,2.622845778633733,-0.8684389591217041,0.4957960247993469,1.0,-0.7580445408821106,76.26634216308594,0.0,28.0,28.0,28.0,0.0,0.0,0.0,0.0,0.0,1.0,120.0,1.0,1.0,1.0,0.0,0.0,54.18420000933111,0.4154000198468566,5.087299970909953,40.52300006151199,31.998999998904765,4.0,4.645399982109666,2.7750000590458512,0.7044998928904533,0.000500003807246685
1,312,312,3.7958022174556434,0,0,2.0,4.0,1.0,1.0,1.0,1.0,1.0,1.0,0.5982166528701782,1.0,1.0,1.0,1.0,0.574597954750061,0.574597954750061,1.0,1.0,0.5982166528701782,0.574597954750061,0.0,0.12758959829807281,-0.07618585973978043,0.14860481023788452,-0.5126742720603943,0.46177542209625244,-0.6198525428771973,0.0,-0.00033099003485403955,0.9727140069007874,0.23200757801532745,0.0,0.0,0.0,0.0,0.0,0.0,17.62514305114746,14.263396263122559,25.0,25.0,14.263396263122559,14.747310638427734,0.0,1.0,0.5705358505249023,1.0,0.0,0.0,0.0,0.0,0.0,0.8931631448156395,0.36631849525415344,0.7761775958538055,1.7401429815320448,0.02,-0.0,-0.006197462142780382,-0.0008227180042397866,-0.02467266082763672,0.15,-0.20810508728027344,0.0,0.0,-0.0,0.0,0.0,0.0,0.0,0.35,0.0,0.0,0.0,0.0,0.0,0.0,0.0,0.0,0.25,-0.0,-1.6594696044921875,0.0,0.4628129303455353,-0.5696497855298958,-0.20743370056152344,-0.20743370056152344,-0.05,0.5461775958538055,0.36411839723587036,0.2,0.0,-0.0,-0.0,-0.0,0.8,1.0,-0.0,0.0,-0.0,-0.0,0.0,0.0,0.0,0.45611642350908377,-0.0,-0.0,-0.059857018467955284,0.02,0.0,0.0,0.0,0.0,0.0,0.0,0.36411839723587036,32.84038249265403,32.4,1.0,0.0,0.0,1.0,2.0,4.0,0.0,1.0,0.0,1.0,0.0,0.0,0.0,0.0,0.0,0.0,0.0,0.0,0.0,0.0,0.0,0.0,0.0,0.0,0.0,0.0,0.0,0.0,0.0,14.637160301208496,67.47727966308594,14.36241340637207,67.6413345336914,-0.2747468948364258,0.16405487060546875,0.3199997842311859,2.603298843170632,-0.8585832118988037,0.5126742720603943,1.0,-0.6735903024673462,76.61958312988281,0.0,28.0,28.0,28.0,0.0,0.0,0.0,0.0,0.0,1.0,120.0,1.0,1.0,1.0,0.0,0.0,71.40989997424185,0.5370998987928033,6.705300067551434,58.50409995764494,25.763200013898313,4.0,3.1611999729648232,2.010699943639338,0.4482000367715955,0.000300002284348011
1,313,313,4.097439843240987,0,0,2.0,4.0,1.0,1.0,1.0,1.0,1.0,1.0,0.5898924469947815,1.0,1.0,1.0,1.0,0.5705358386039734,0.5705358386039734,1.0,1.0,0.5898924469947815,0.5705358386039734,0.0,0.12459702044725418,-0.0777701660990715,0.14687618613243103,-0.5294947028160095,0.46914830803871155,0.4480058252811432,0.0,-7.667759928153828e-05,0.9727119207382202,0.23201628029346466,0.0,0.0,0.0,0.0,0.0,0.0,17.423751831054688,14.263396263122559,25.0,25.0,14.263396263122559,14.747310638427734,0.0,1.0,0.5705358505249023,1.0,0.0,0.0,0.0,0.0,0.0,0.9162534674375518,0.5891993739075306,0.7719870018959045,1.8,0.02,-0.0,-0.006197462142780382,-0.0008227180042397866,0.0,0.15,-0.0,0.0,0.0,-0.0,0.0,0.0,0.0,0.0,0.35,0.0,0.0,0.0,0.0,0.0,0.0,0.0,0.0,0.25,-0.0,-1.6111297607421875,0.0,0.48674193024635315,-0.5704884628088014,-0.20139122009277344,-0.20139122009277344,-0.05,0.5419870018959045,0.361324667930603,0.2,0.0,-0.0,-0.0,-0.0,0.8,1.0,-0.0,0.0,-0.0,-0.0,0.0,0.0,0.0,0.4462195540545508,-0.0,-0.0,-0.0,0.02,0.0,0.0,0.0,0.0,0.0,0.0,0.361324667930603,32.12780789192766,32.4,0.0,0.6,0.0,1.0,2.0,4.0,0.0,1.0,0.0,1.0,0.0,0.0,0.0,0.0,0.0,0.0,0.0,0.0,0.0,0.0,0.0,0.0,0.0,0.0,0.0,0.0,0.0,0.0,0.0,14.36270523071289,67.64130401611328,14.091246604919434,67.81074523925781,-0.27145862579345703,0.16944122314453125,0.32000017166137695,2.583577444753038,-0.8483132123947144,0.5294947028160095,1.0,-0.5889368057250977,76.97372436523438,0.0,28.0,28.0,28.0,0.0,0.0,0.0,0.0,0.0,1.0,120.0,1.0,1.0,1.0,0.0,0.0,25.782399927265942,0.386199913918972,6.033800076693296,11.901799938641489,7.3087000055238605,4.0,4.658200079575181,2.321199979633093,0.45089994091540575,0.000400003045797348
1,314,314,3.523102520838704,0,0,2.0,4.0,1.0,1.0,1.0,1.0,1.0,1.0,0.5898924469947815,1.0,1.0,1.0,1.0,0.5705358386039734,0.5705358386039734,1.0,1.0,0.5898924469947815,0.5705358386039734,0.0,0.12163862586021423,-0.0792873352766037,0.14519792795181274,-0.5460638403892517,0.4589686989784241,-0.6185543537139893,0.0,-7.667759928153828e-05,0.972711443901062,0.23201829195022583,0.0,0.0,0.0,0.0,0.0,0.0,17.229541778564453,13.911166191101074,25.0,25.0,13.911166191101074,14.24023151397705,0.0,1.0,0.556446647644043,1.0,0.0,0.0,0.0,0.0,0.0,0.9389746283052469,0.016269868617817224,0.773427973985672,1.774430049929968,0.02,-0.0,-0.006948582969720314,-0.0010077195120433249,-0.07269235610961913,0.15,-0.5070791244506836,0.0,0.0,-0.0,0.0,0.0,0.0,0.0,0.35,0.0,0.0,0.0,0.0,0.0,0.0,0.0,0.0,0.25,-0.0,-1.553680419921875,0.0,0.5154982209205627,-0.5765235926153158,-0.19421005249023438,-0.19421005249023438,-0.05,0.543427973985672,0.362285315990448,0.2,0.0,-0.0,-0.0,-0.0,0.8,1.0,-0.0,0.0,-0.0,-0.0,0.0,0.0,0.0,0.4539976516598836,-0.0,-0.0,-0.02556995007003209,0.02,0.0,0.0,0.0,0.0,0.0,0.0,0.362285315990448,32.68783091951162,32.4,1.0,0.0,0.0,1.0,2.0,4.0,0.0,1.0,0.0,1.0,0.0,0.0,0.0,0.0,0.0,0.0,0.0,0.0,0.0,0.0,0.0,0.0,0.0,0.0,0.0,0.0,0.0,0.0,0.0,14.091537475585938,67.81070709228516,13.823461532592773,67.9854507446289,-0.26807594299316406,0.17474365234375,0.3200000822544098,2.563922297062463,-0.8377435207366943,0.5460638403892517,1.0,-0.5050973892211914,77.32518768310547,0.0,28.0,28.0,28.0,0.0,0.0,0.0,0.0,0.0,1.0,120.0,1.0,1.0,1.0,0.0,0.0,50.83950003609061,0.3893000539392233,8.009199984371662,37.16579999309033,17.827600007876754,4.0,2.9703000327572227,1.7948000459000468,0.4705999745056033,0.000300002284348011
1,315,315,4.13745667035779,0,0,2.0,4.0,1.0,1.0,1.0,1.0,1.0,1.0,0.5696092844009399,1.0,1.0,1.0,1.0,0.5564466714859009,0.5564466714859009,1.0,1.0,0.5696092844009399,0.5564466714859009,0.0,0.11870776861906052,-0.08076845854520798,0.14357951283454895,-0.5625346899032593,0.46696901321411133,0.48613110184669495,0.0,0.0003625239187385887,0.9727158546447754,0.23199981451034546,0.0,0.0,0.0,0.0,0.0,0.0,17.041078567504883,13.911166191101074,25.0,25.0,13.911166191101074,14.24023151397705,0.0,1.0,0.556446647644043,1.0,0.0,0.0,0.0,0.0,0.0,0.96211110437755,0.586032458251282,0.7693131077289581,1.8,0.02,-0.0,-0.006948582969720314,-0.0010077195120433249,0.0,0.15,-0.0,0.0,0.0,-0.0,0.0,0.0,0.0,0.0,0.35,0.0,0.0,0.0,0.0,0.0,0.0,0.0,0.0,0.25,-0.0,-1.5077056884765625,0.0,0.5382063388824463,-0.5760952345048963,-0.1884632110595703,-0.1884632110595703,-0.05,0.5393131077289581,0.3595420718193054,0.2,0.0,-0.0,-0.0,-0.0,0.8,1.0,-0.0,0.0,-0.0,-0.0,0.0,0.0,0.0,0.4439887607330457,-0.0,-0.0,-0.0,0.02,0.0,0.0,0.0,0.0,0.0,0.0,0.3595420718193054,31.96719077277929,32.4,0.0,0.6,0.0,1.0,2.0,4.0,0.0,1.0,0.0,1.0,0.0,0.0,0.0,0.0,0.0,0.0,0.0,0.0,0.0,0.0,0.0,0.0,0.0,0.0,0.0,0.0,0.0,0.0,0.0,13.823752403259277,67.98540496826172,13.559185028076172,68.16541290283203,-0.26456737518310547,0.1800079345703125,0.3199980556964874,2.544152109910148,-0.8267737030982971,0.5625346899032593,1.0,-0.421179860830307,77.67761993408203,0.0,28.0,28.0,28.0,0.0,0.0,0.0,0.0,0.0,1.0,120.0,1.0,1.0,1.0,0.0,0.0,32.12589991744608,0.4732999950647354,6.636400008574128,15.547499991953373,10.003999923355877,4.0,5.684299976564944,2.9654999962076545,0.7956000044941902,0.000400003045797348
1,316,316,3.6145937181586945,0,0,2.0,4.0,1.0,1.0,1.0,1.0,1.0,1.0,0.5696092844009399,1.0,1.0,1.0,1.0,0.5564466714859009,0.5564466714859009,1.0,1.0,0.5696092844009399,0.5564466714859009,0.0,0.11581191420555115,-0.08218364417552948,0.14200899004936218,-0.5787214636802673,0.45667415857315063,-0.625555694103241,0.0,0.0003625239187385887,0.9727181792259216,0.2319900095462799,0.0,0.0,0.0,0.0,0.0,0.0,16.859451293945312,13.586338996887207,25.0,25.0,13.586338996887207,13.758695602416992,0.0,1.0,0.5434535598754883,1.0,0.0,0.0,0.0,0.0,0.0,0.9845061005638248,0.04321296855205537,0.7707985150814056,1.7960761339614086,0.02,-0.0,-0.007723946726551943,-0.0012217744065586482,-0.06787141799926757,0.15,-0.4815359115600586,0.0,0.0,-0.0,0.0,0.0,0.0,0.0,0.35,0.0,0.0,0.0,0.0,0.0,0.0,0.0,0.0,0.25,-0.0,-1.4530181884765625,0.0,0.5655794739723206,-0.5810733734084957,-0.1816272735595703,-0.1816272735595703,-0.05,0.5407985150814056,0.36053234338760376,0.2,0.0,-0.0,-0.0,-0.0,0.8,1.0,-0.0,0.0,-0.0,-0.0,0.0,0.0,0.0,0.45156601924449213,-0.0,-0.0,-0.00392386603859132,0.02,0.0,0.0,0.0,0.0,0.0,0.0,0.36053234338760376,32.51275338560343,32.4,1.0,0.0,0.0,1.0,2.0,4.0,0.0,1.0,0.0,1.0,0.0,0.0,0.0,0.0,0.0,0.0,0.0,0.0,0.0,0.0,0.0,0.0,0.0,0.0,0.0,0.0,0.0,0.0,0.0,13.55947494506836,68.16535949707031,13.298506736755371,68.35054779052734,-0.2609682083129883,0.18518829345703125,0.3199986219406128,2.5244393581893023,-0.815525233745575,0.5787214636802673,1.0,-0.33795496821403503,78.02739715576172,0.0,28.0,28.0,28.0,0.0,0.0,0.0,0.0,0.0,1.0,120.0,1.0,1.0,1.0,0.0,0.0,52.209299989044666,0.7204998983070254,6.809100043028593,37.68870001658797,17.030699993483722,4.0,4.4145999709144235,1.782699953764677,0.7585000712424517,0.000400003045797348
1,317,317,4.176810897344515,0,0,2.0,4.0,1.0,1.0,1.0,1.0,1.0,1.0,0.5503478050231934,1.0,1.0,1.0,1.0,0.543453574180603,0.543453574180603,1.0,1.0,0.5503478050231934,0.543453574180603,0.0,0.11294300109148026,-0.0835634246468544,0.1404954344034195,-0.5947768092155457,0.4644679129123688,0.47357866168022156,0.0,0.00014173910312820226,0.9727200269699097,0.23198211193084717,0.0,0.0,0.0,0.0,0.0,0.0,16.683134078979492,13.586338996887207,25.0,25.0,13.586338996887207,13.758695602416992,0.0,1.0,0.5434535598754883,1.0,0.0,0.0,0.0,0.0,0.0,1.007025010110101,0.5830789925982602,0.7667068946361542,1.8,0.02,-0.0,-0.007723946726551943,-0.0012217744065586482,0.0,0.15,-0.0,0.0,0.0,-0.0,0.0,0.0,0.0,0.0,0.35,0.0,0.0,0.0,0.0,0.0,0.0,0.0,0.0,0.25,-0.0,-1.4105377197265625,0.0,0.5865359306335449,-0.5795109205234439,-0.1763172149658203,-0.1763172149658203,-0.05,0.5367068946361542,0.3578045964241028,0.2,0.0,-0.0,-0.0,-0.0,0.8,1.0,-0.0,0.0,-0.0,-0.0,0.0,0.0,0.0,0.44202471373137087,-0.0,-0.0,-0.0,0.02,0.0,0.0,0.0,0.0,0.0,0.0,0.3578045964241028,31.825779388658702,32.4,0.0,0.6,0.0,1.0,2.0,4.0,0.0,1.0,0.0,1.0,0.0,0.0,0.0,0.0,0.0,0.0,0.0,0.0,0.0,0.0,0.0,0.0,0.0,0.0,0.0,0.0,0.0,0.0,0.0,13.298795700073242,68.35049438476562,13.04155158996582,68.54082489013672,-0.2572441101074219,0.19033050537109375,0.3200003504753113,2.504598021603701,-0.8038909435272217,0.5947768092155457,1.0,-0.25436386466026306,78.37810516357422,0.0,28.0,28.0,28.0,0.0,0.0,0.0,0.0,0.0,1.0,120.0,1.0,1.0,1.0,0.0,0.0,37.54229994956404,0.6822999566793442,5.668699974194169,23.524200078099966,13.270199997350574,4.0,4.880100023001432,1.9916000310331583,0.7579999510198832,0.000400003045797348
1,318,318,3.72431227663497,0,0,2.0,4.0,1.0,1.0,1.0,1.0,1.0,1.0,0.5503478050231934,1.0,1.0,1.0,1.0,0.543453574180603,0.543453574180603,1.0,1.0,0.5503478050231934,0.543453574180603,0.0,0.11010898649692535,-0.08487796783447266,0.13902612030506134,-0.610518217086792,0.4546539783477783,-0.5963315963745117,0.0,0.00014173910312820226,0.9727164506912231,0.23199710249900818,0.0,0.0,0.0,0.0,0.0,0.0,16.513608932495117,13.227180480957031,25.0,25.0,13.227180480957031,13.342928886413574,0.0,1.0,0.5290872192382813,1.0,0.0,0.0,0.0,0.0,0.0,1.0304599710159361,0.1056566061656799,0.7681956994533539,1.8,0.02,-0.0,-0.008684883966686723,-0.0014428364312227403,-0.06804502487182618,0.15,-0.41576671600341797,0.0,0.0,-0.0,0.0,0.0,0.0,0.0,0.35,0.0,0.0,0.0,0.0,0.0,0.0,0.0,0.0,0.25,-0.0,-1.356201171875,0.0,0.6136857271194458,-0.5832257561035097,-0.169525146484375,-0.169525146484375,-0.05,0.5381956994533539,0.3587971329689026,0.2,0.0,-0.0,-0.0,-0.0,0.8,1.0,-0.0,0.0,-0.0,-0.0,0.0,0.0,0.0,0.4495960674388335,-0.0,-0.0,-0.0,0.02,0.0,0.0,0.0,0.0,0.0,0.0,0.3587971329689026,32.37091685559601,32.4,1.0,0.0,0.0,1.0,2.0,4.0,0.0,1.0,0.0,1.0,0.0,0.0,0.0,0.0,0.0,0.0,0.0,0.0,0.0,0.0,0.0,0.0,0.0,0.0,0.0,0.0,0.0,0.0,0.0,13.041839599609375,68.54076385498047,12.788398742675781,68.73612976074219,-0.25344085693359375,0.19536590576171875,0.32000017166137695,2.4848779907252947,-0.7920022010803223,0.6105181574821472,1.0,-0.17123861610889435,78.72611999511719,0.0,28.0,28.0,28.0,0.0,0.0,0.0,0.0,0.0,1.0,120.0,1.0,1.0,1.0,0.0,0.0,112.4030000064522,0.8055999642238021,8.189699961803854,70.05890004802495,29.981400002725422,4.0,21.287199924699962,7.091599982231855,4.930300056003034,0.000500003807246685
1,319,319,3.9765907809022267,0,0,2.0,4.0,1.0,1.0,1.0,1.0,1.0,1.0,0.533717155456543,1.0,1.0,1.0,1.0,0.529087245464325,0.529087245464325,1.0,1.0,0.533717155456543,0.529087245464325,0.0,0.10730405896902084,-0.08615849912166595,0.13761340081691742,-0.6260908842086792,0.46244168281555176,0.4732096195220947,0.0,-0.00020028487779200077,0.9727141857147217,0.23200663924217224,0.0,0.0,0.0,0.0,0.0,0.0,16.353845596313477,13.191554069519043,25.0,25.0,13.204469680786133,13.191554069519043,0.0,1.0,0.5276621627807617,1.0,0.0,0.0,0.0,0.0,0.0,1.0569620354096592,0.43499416502862226,0.7791293221712112,1.6855052582927337,0.02,-0.0,-0.008749601748403604,-0.0015328992039018658,-0.011807785034179688,0.15,-0.15137481689453125,0.0,0.0,-0.0,0.0,0.0,0.0,0.0,0.35,0.0,0.0,0.0,0.0,0.0,0.0,0.0,0.0,0.25,-0.0,-1.278106689453125,0.0,0.6531271934509277,-0.5961651580412687,-0.15976333618164062,-0.15976333618164062,-0.05,0.5491293221712112,0.3660862147808075,0.2,0.0,-0.0,-0.0,-0.0,0.8,1.0,-0.0,0.0,-0.0,-0.0,0.0,0.0,0.0,0.45845926790963865,-0.0,-0.0,-0.1144947417072663,0.02,0.0,0.0,0.0,0.0,0.0,0.0,0.3660862147808075,33.00906728949398,32.4,1.0,0.0,0.0,1.0,2.0,4.0,0.0,1.0,0.0,1.0,0.0,0.0,0.0,0.0,0.0,0.0,0.0,0.0,0.0,0.0,0.0,0.0,0.0,0.0,0.0,0.0,0.0,0.0,0.0,12.788684844970703,68.7360610961914,12.539164543151855,68.93640899658203,-0.24952030181884766,0.200347900390625,0.31999948620796204,2.465066295908462,-0.7797499895095825,0.6260908842086792,1.0,-0.08780187368392944,79.07508087158203,0.0,28.0,28.0,28.0,0.0,0.0,0.0,0.0,0.0,1.0,120.0,1.0,1.0,1.0,0.0,0.0,41.249900008551776,0.6661999505013227,9.258100064471364,25.42310010176152,16.092700068838894,4.0,3.160600084811449,2.068599918857217,0.6348000606521964,0.000400003045797348
1,320,320,5.207211781142761,0,0,2.0,3.0,1.0,1.0,1.0,1.0,1.0,1.0,0.5276621580123901,1.0,1.0,1.0,1.0,0.5281788110733032,0.5276621580123901,1.0,1.0,0.5276621580123901,0.5281788110733032,0.0,0.10451840609312057,-0.0874568298459053,0.1362820416688919,-0.6417340636253357,0.4715580940246582,0.5539500117301941,0.0,2.7819094157166546e-06,0.9727143049240112,0.23200617730617523,0.0,0.0,0.0,0.0,0.0,0.0,16.199539184570312,13.191554069519043,25.0,25.0,13.204469680786133,13.191554069519043,0.0,1.0,0.5276621627807617,1.0,0.0,0.0,0.0,0.0,0.0,1.0826824041654617,0.5887015376027579,2.3008278626203538,1.2149999767541886,0.02,-0.0,-0.008749601748403604,-0.0015328992039018658,0.0,0.15,-0.0,0.0,0.0,-0.0,0.0,0.0,0.0,0.0,0.35,0.0,0.0,0.0,0.0,0.0,0.0,0.0,0.0,0.25,-0.0,-1.2344512939453125,0.0,0.6746104955673218,-0.59192809140186,-0.15430641174316406,-0.15430641174316406,1.5,0.544827863574028,0.3632185757160187,0.2,0.0,-0.0,-0.0,-0.0,0.5599999904632569,0.699999988079071,-0.0,0.0,-0.0,-0.0,0.0,0.0,0.0,0.44898403855506336,-0.04500000178813934,-0.0,-0.0,0.02,0.0,0.0,0.0,0.0,0.0,0.0,0.3632185757160187,32.32685077596456,32.4,0.0,0.6,0.0,0.699999988079071,2.0,3.0,0.0,0.699999988079071,0.0,0.699999988079071,0.0,0.0,0.0,0.0,0.0,0.0,0.0,0.0,0.0,0.0,0.0,0.0,0.0,0.0,0.0,0.0,0.0,0.0,0.0,12.539449691772461,68.93633270263672,12.29403305053711,69.14168548583984,-0.24541664123535156,0.205352783203125,0.3199985921382904,2.444840421553151,-0.766927182674408,0.6417340636253357,1.0,-0.0027593732811510563,79.43115234375,0.0,28.0,28.0,28.0,0.0,0.0,0.0,0.0,0.0,1.0,120.0,1.0,1.0,1.0,0.0,0.0,31.888200086541474,0.7118000648915768,10.465599945746362,12.372700031846762,8.604799979366362,4.0,4.591300035826862,3.16469999961555,0.547399977222085,0.000400003045797348
1,321,321,4.79918786898575,0,0,2.0,3.0,1.0,1.0,1.0,1.0,1.0,1.0,0.5276621580123901,1.0,1.0,1.0,1.0,0.5281788110733032,0.5276621580123901,1.0,1.0,0.5276621580123901,0.5281788110733032,0.0,0.10177399218082428,-0.08869056403636932,0.13499616086483002,-0.656985878944397,0.46181216835975647,-0.592201828956604,0.0,2.7819094157166546e-06,0.9727166295051575,0.23199641704559326,0.0,0.0,0.0,0.0,0.0,0.0,16.051618576049805,12.787752151489258,25.0,25.0,12.938127517700195,12.787752151489258,0.0,1.0,0.5115100860595703,1.0,0.0,0.0,0.0,0.0,0.0,1.1087507951495277,0.13239297254403232,2.300328390598297,1.237715710693893,0.02,-0.0,-0.009546302164482105,-0.001801611629540765,-0.056189174652099605,0.15,-0.40380191802978516,0.0,0.0,-0.0,0.0,0.0,0.0,0.0,0.35,0.0,0.0,0.0,0.0,0.0,0.0,0.0,0.0,0.25,-0.0,-1.1833648681640625,0.0,0.6999823451042175,-0.5912315499546897,-0.1479206085205078,-0.1479206085205078,1.5,0.5443283915519714,0.36288559436798096,0.2,0.0,-0.0,-0.0,-0.0,0.5599999904632569,0.699999988079071,-0.0,0.0,-0.0,-0.0,0.0,0.0,0.0,0.45373197901993995,-0.0,-0.0,-0.02228426784843494,0.02,0.0,0.0,0.0,0.0,0.0,0.0,0.36288559436798096,32.668702489435674,32.4,0.7326086850269979,0.0,0.0,0.699999988079071,2.0,3.0,0.0,0.699999988079071,0.0,0.699999988079071,0.0,0.0,0.0,0.0,0.0,0.0,0.0,0.0,0.0,0.0,0.0,0.0,0.0,0.0,0.0,0.0,0.0,0.0,0.0,12.294317245483398,69.14160919189453,12.053068161010742,69.35184478759766,-0.24124908447265625,0.210235595703125,0.32000020146369934,2.424778980508552,-0.7539028525352478,0.656985878944397,1.0,0.08143826574087143,79.78447723388672,0.0,28.0,28.0,28.0,0.0,0.0,0.0,0.0,0.0,1.0,120.0,1.0,1.0,1.0,0.0,0.0,56.910800049081445,0.49780006520450115,8.585399948060513,40.17070005647838,19.03550000861287,4.0,4.386599990539253,2.5891000404953957,0.636099954135716,0.000400003045797348
1,322,322,4.259314502291586,0,0,2.0,4.0,1.0,1.0,1.0,1.0,1.0,1.0,0.5115100741386414,1.0,1.0,1.0,1.0,0.5175250768661499,0.5115100741386414,1.0,1.0,0.5115100741386414,0.5175250768661499,0.0,0.0990658551454544,-0.08988119661808014,0.13376349210739136,-0.6719411611557007,0.46669575572013855,0.29674628376960754,0.0,0.00022765062749385834,0.9727208018302917,0.23197908699512482,0.0,0.0,0.0,0.0,0.0,0.0,15.90825366973877,12.787752151489258,25.0,25.0,12.938127517700195,12.787752151489258,0.0,1.0,0.5115100860595703,1.0,0.0,0.0,0.0,0.0,0.0,1.1328539640884931,0.5824733206575841,0.7689872193336487,1.7549999982118607,0.02,-0.0,-0.009546302164482105,-0.001801611629540765,0.0,0.15,-0.0,0.0,0.0,-0.0,0.0,0.0,0.0,0.0,0.35,0.0,0.0,0.0,0.0,0.0,0.0,0.0,0.0,0.25,-0.0,-1.1469192504882812,0.0,0.7177751660346985,-0.5849212019462053,-0.14336490631103516,-0.14336490631103516,-0.05,0.5389872193336487,0.3593248128890991,0.2,0.0,-0.0,-0.0,-0.0,0.8,1.0,-0.0,0.0,-0.0,-0.0,0.0,0.0,0.0,0.4438212344516069,-0.04500000178813934,-0.0,-0.0,0.02,0.0,0.0,0.0,0.0,0.0,0.0,0.3593248128890991,31.955128880515698,32.4,0.0,0.6,0.0,1.0,2.0,4.0,0.0,1.0,0.0,1.0,0.0,0.0,0.0,0.0,0.0,0.0,0.0,0.0,0.0,0.0,0.0,0.0,0.0,0.0,0.0,0.0,0.0,0.0,0.0,12.053350448608398,69.35176086425781,11.816356658935547,69.56678009033203,-0.23699378967285156,0.21501922607421875,0.31999894976615906,2.4047711454708076,-0.7406045794487,0.6719412207603455,1.0,0.16544806957244873,80.13750457763672,0.0,28.0,28.0,28.0,0.0,0.0,0.0,0.0,0.0,1.0,120.0,1.0,1.0,1.0,0.0,0.0,30.047699925489724,0.5154999671503901,8.458300027996302,14.634599909186363,11.304500047117472,4.0,3.9727999828755856,1.810799934901297,0.619900063611567,0.000400003045797348
1,323,323,3.9005228163122543,0,0,2.0,4.0,1.0,1.0,1.0,1.0,1.0,1.0,0.5115100741386414,1.0,1.0,1.0,1.0,0.5175250768661499,0.5115100741386414,1.0,1.0,0.5115100741386414,0.5175250768661499,0.0,0.09639977663755417,-0.09100309759378433,0.13256877660751343,-0.6864595413208008,0.456501841545105,-0.6194215416908264,0.0,0.00022765062749385834,0.9727223515510559,0.23197251558303833,0.0,0.0,0.0,0.0,0.0,0.0,15.771397590637207,12.407431602478027,25.0,25.0,12.676385879516602,12.407431602478027,0.0,1.0,0.4962972640991211,1.0,0.0,0.0,0.0,0.0,0.0,1.158211953320131,0.15414710793189515,0.7704477715492248,1.7977159835110035,0.02,-0.0,-0.010401264600356872,-0.002097633561108504,-0.054228229522705076,0.15,-0.38032054901123047,0.0,0.0,-0.0,0.0,0.0,0.0,0.0,0.35,0.0,0.0,0.0,0.0,0.0,0.0,0.0,0.0,0.25,-0.0,-1.0948486328125,0.0,0.7437087893486023,-0.5854968360284715,-0.1368560791015625,-0.1368560791015625,-0.05,0.5404477715492249,0.3602985143661499,0.2,0.0,-0.0,-0.0,-0.0,0.8,1.0,-0.0,0.0,-0.0,-0.0,0.0,0.0,0.0,0.45119478462729606,-0.0,-0.0,-0.0022840164889966633,0.02,0.0,0.0,0.0,0.0,0.0,0.0,0.3602985143661499,32.48602449316532,32.4,1.0,0.0,0.0,1.0,2.0,4.0,0.0,1.0,0.0,1.0,0.0,0.0,0.0,0.0,0.0,0.0,0.0,0.0,0.0,0.0,0.0,0.0,0.0,0.0,0.0,0.0,0.0,0.0,0.0,11.81663703918457,69.56668853759766,11.583943367004395,69.7863540649414,-0.23269367218017578,0.21966552734375,0.3199988901615143,2.384986957810637,-0.7271680235862732,0.686459481716156,1.0,0.24866434931755066,80.487060546875,0.0,28.0,28.0,28.0,0.0,0.0,0.0,0.0,0.0,1.0,120.0,1.0,1.0,1.0,0.0,0.0,56.84470001142472,0.6367000751197338,9.660299983806908,37.41669992450625,16.329100006259978,4.0,5.700899986550212,2.9310000827535987,0.462799915112555,0.000400003045797348
1,324,324,4.347325697203526,0,0,2.0,4.0,1.0,1.0,1.0,1.0,1.0,1.0,0.49629727005958557,1.0,1.0,1.0,1.0,0.5070554614067078,0.49629727005958557,1.0,1.0,0.49629727005958557,0.5070554614067078,0.0,0.09376625716686249,-0.09209391474723816,0.1314283162355423,-0.700715959072113,0.46408605575561523,0.460846871137619,0.0,2.681852856767364e-05,0.9727222323417664,0.23197296261787415,0.0,0.0,0.0,0.0,0.0,0.0,15.639058113098145,12.407431602478027,25.0,25.0,12.676385879516602,12.407431602478027,0.0,1.0,0.4962972640991211,1.0,0.0,0.0,0.0,0.0,0.0,1.1818626118705309,0.5791179312859829,0.7663451540470123,1.8,0.02,-0.0,-0.010401264600356872,-0.002097633561108504,0.0,0.15,-0.0,0.0,0.0,-0.0,0.0,0.0,0.0,0.0,0.35,0.0,0.0,0.0,0.0,0.0,0.0,0.0,0.0,0.25,-0.0,-1.0587158203125,0.0,0.7614325881004333,-0.5795699762299024,-0.1323394775390625,-0.1323394775390625,-0.05,0.5363451540470123,0.35756343603134155,0.2,0.0,-0.0,-0.0,-0.0,0.8,1.0,-0.0,0.0,-0.0,-0.0,0.0,0.0,0.0,0.4416168294474483,-0.0,-0.0,-0.0,0.02,0.0,0.0,0.0,0.0,0.0,0.0,0.35756343603134155,31.796411720216277,32.4,0.0,0.6,0.0,1.0,2.0,4.0,0.0,1.0,0.0,1.0,0.0,0.0,0.0,0.0,0.0,0.0,0.0,0.0,0.0,0.0,0.0,0.0,0.0,0.0,0.0,0.0,0.0,0.0,0.0,11.584221839904785,69.7862548828125,11.355920791625977,70.01048278808594,-0.2283010482788086,0.2242279052734375,0.31999924778938293,2.365195070973071,-0.7134403586387634,0.700715959072113,1.0,0.33227109909057617,80.8375244140625,0.0,28.0,28.0,28.0,0.0,0.0,0.0,0.0,0.0,1.0,120.0,1.0,1.0,1.0,0.0,0.0,59.15810004808009,0.3867000341415405,8.301800000481308,42.27500001434237,15.043599996715784,4.0,4.456099937669933,3.0539000872522593,0.6500999443233013,0.000400003045797348
1,325,325,3.959170783150268,0,0,2.0,4.0,1.0,1.0,1.0,1.0,1.0,1.0,0.49629727005958557,1.0,1.0,1.0,1.0,0.5070554614067078,0.49629727005958557,1.0,1.0,0.49629727005958557,0.5070554614067078,0.0,0.09117347747087479,-0.09312426298856735,0.13032548129558563,-0.7145514488220215,0.45423445105552673,-0.59862220287323,0.0,2.681852856767364e-05,0.9727176427841187,0.23199225962162018,0.0,0.0,0.0,0.0,0.0,0.0,15.513169288635254,12.037540435791016,25.0,25.0,12.424922943115234,12.037540435791016,0.0,1.0,0.4815016174316406,1.0,0.0,0.0,0.0,0.0,0.0,1.208131404463764,0.16320644800241443,0.7678329306840896,1.8,0.02,-0.0,-0.011295979317342681,-0.0024321272850564265,-0.05236902236938477,0.15,-0.3698911666870117,0.0,0.0,-0.0,0.0,0.0,0.0,0.0,0.35,0.0,0.0,0.0,0.0,0.0,0.0,0.0,0.0,0.25,-0.0,-1.007110595703125,0.0,0.7870955467224121,-0.578964142258648,-0.12588882446289062,-0.12588882446289062,-0.05,0.5378329306840897,0.35855528712272644,0.2,0.0,-0.0,-0.0,-0.0,0.8,1.0,-0.0,0.0,-0.0,-0.0,0.0,0.0,0.0,0.44919474366121004,-0.0,-0.0,-0.0,0.02,0.0,0.0,0.0,0.0,0.0,0.0,0.35855528712272644,32.34202154360712,32.4,1.0,0.0,0.0,1.0,2.0,4.0,0.0,1.0,0.0,1.0,0.0,0.0,0.0,0.0,0.0,0.0,0.0,0.0,0.0,0.0,0.0,0.0,0.0,0.0,0.0,0.0,0.0,0.0,0.0,11.356197357177734,70.01038360595703,11.132330894470215,70.2390365600586,-0.22386646270751953,0.2286529541015625,0.3199974596500397,2.345617456502504,-0.6995828747749329,0.7145514488220215,1.0,0.41538047790527344,81.18529510498047,0.0,28.0,28.0,28.0,0.0,0.0,0.0,0.0,0.0,1.0,120.0,1.0,1.0,1.0,0.0,0.0,52.5890999706462,0.660400022752583,6.311099976301193,37.31389995664358,25.08930000476539,4.0,4.831800004467368,2.7097000274807215,0.7302999729290605,0.000500003807246685
1,326,326,4.336643267111899,0,0,2.0,4.0,1.0,1.0,1.0,1.0,1.0,1.0,0.48150160908699036,1.0,1.0,1.0,1.0,0.4969969093799591,0.48150160908699036,1.0,1.0,0.48150160908699036,0.4969969093799591,0.0,0.08861558139324188,-0.09412581473588943,0.12927640974521637,-0.7280973196029663,0.4620288908481598,0.47361963987350464,0.0,-0.00019733054796233773,0.9727155566215515,0.232000932097435,0.0,0.0,0.0,0.0,0.0,0.0,15.39736557006836,12.009202003479004,25.0,25.0,12.472310066223145,12.009202003479004,0.0,1.0,0.48036808013916016,1.0,0.0,0.0,0.0,0.0,0.0,1.2402584771972518,0.6023815472177255,0.7787727671861648,1.695230475510757,0.02,-0.0,-0.01112159002109176,-0.0024598531997483256,0.036209392547607425,0.15,-0.02833843231201172,0.0,0.0,-0.0,0.0,0.0,0.0,0.0,0.35,0.0,0.0,0.0,0.0,0.0,0.0,0.0,0.0,0.25,-0.0,-0.9264297485351562,0.0,0.8276907205581665,-0.5874322433609147,-0.11580371856689453,-0.11580371856689453,-0.05,0.5487727671861649,0.36584851145744324,0.2,0.0,-0.0,-0.0,-0.0,0.8,1.0,-0.0,0.0,-0.0,-0.0,0.0,0.0,0.0,0.4580920302029699,-0.0,-0.0,-0.1047695244892431,0.02,0.0,0.0,0.0,0.0,0.0,0.0,0.36584851145744324,32.982626174613834,32.4,1.0,0.0,0.0,1.0,2.0,4.0,0.0,1.0,0.0,1.0,0.0,0.0,0.0,0.0,0.0,0.0,0.0,0.0,0.0,0.0,0.0,0.0,0.0,0.0,0.0,0.0,0.0,0.0,0.0,11.132604598999023,70.23892974853516,10.913254737854004,70.471923828125,-0.21934986114501953,0.23299407958984375,0.32000094652175903,2.3260402565905176,-0.6854737401008606,0.7280973196029663,1.0,0.4987344443798065,81.53402709960938,0.0,28.0,28.0,28.0,0.0,0.0,0.0,0.0,0.0,1.0,120.0,1.0,1.0,1.0,0.0,0.0,42.89230005815625,0.6506000645458698,7.391299935989082,29.56669998820871,16.29599998705089,4.0,3.006699960678816,1.6463000793009996,0.5931999767199159,0.000400003045797348
1,327,327,4.445505425532371,0,0,2.0,4.0,1.0,1.0,1.0,1.0,1.0,1.0,0.48036807775497437,1.0,1.0,1.0,1.0,0.4988923966884613,0.48036807775497437,1.0,1.0,0.48036807775497437,0.4988923966884613,0.0,0.086082324385643,-0.09515062719583511,0.1283113807439804,-0.7415603399276733,0.47118037939071655,0.5560804009437561,0.0,6.294795457506552e-05,0.9727166295051575,0.23199641704559326,0.0,0.0,0.0,0.0,0.0,0.0,15.286002159118652,12.009202003479004,25.0,25.0,12.472310066223145,12.009202003479004,0.0,1.0,0.48036808013916016,1.0,0.0,0.0,0.0,0.0,0.0,1.2659447155981525,0.58508394752024,0.7744767624139786,1.8,0.02,-0.0,-0.01112159002109176,-0.0024598531997483256,0.0,0.15,-0.0,0.0,0.0,-0.0,0.0,0.0,0.0,0.0,0.35,0.0,0.0,0.0,0.0,0.0,0.0,0.0,0.0,0.25,-0.0,-0.8909072875976562,0.0,0.84503573179245,-0.5790910161942975,-0.11136341094970703,-0.11136341094970703,-0.05,0.5444767624139786,0.3629845082759857,0.2,0.0,-0.0,-0.0,-0.0,0.8,1.0,-0.0,0.0,-0.0,-0.0,0.0,0.0,0.0,0.44866539074108003,-0.0,-0.0,-0.0,0.02,0.0,0.0,0.0,0.0,0.0,0.0,0.3629845082759857,32.303908133357766,32.4,0.0,0.6,0.0,1.0,2.0,4.0,0.0,1.0,0.0,1.0,0.0,0.0,0.0,0.0,0.0,0.0,0.0,0.0,0.0,0.0,0.0,0.0,0.0,0.0,0.0,0.0,0.0,0.0,0.0,10.91352653503418,70.47180938720703,10.698843002319336,70.7091064453125,-0.21468353271484375,0.23729705810546875,0.31999829411506653,2.30620411545868,-0.6708860993385315,0.7415603399276733,1.0,0.5836480855941772,81.88988494873047,0.0,28.0,28.0,28.0,0.0,0.0,0.0,0.0,0.0,1.0,120.0,1.0,1.0,1.0,0.0,0.0,28.522900072857738,0.3766000736504793,7.263299892656505,12.62920000590384,8.998299948871136,4.0,4.47139993775636,2.9775999719277024,0.7746000774204731,0.000700005330145359
1,328,328,4.070519113963641,0,0,2.0,4.0,1.0,1.0,1.0,1.0,1.0,1.0,0.48036807775497437,1.0,1.0,1.0,1.0,0.4988923966884613,0.48036807775497437,1.0,1.0,0.48036807775497437,0.4988923966884613,0.0,0.08359483629465103,-0.09611669927835464,0.12738335132598877,-0.7545468211174011,0.4614844024181366,-0.5891649723052979,0.0,6.294795457506552e-05,0.9727198481559753,0.2319830060005188,0.0,0.0,0.0,0.0,0.0,0.0,15.181001663208008,11.697063446044922,25.0,25.0,12.272281646728516,11.697063446044922,0.0,1.0,0.4678825378417969,1.0,0.0,0.0,0.0,0.0,0.0,1.2938889713992239,0.23636219945406026,0.7758935499191284,1.7443743931912288,0.02,-0.0,-0.011876813808454286,-0.002786975886251299,-0.04273172378540038,0.15,-0.31213855743408203,0.0,0.0,-0.0,0.0,0.0,0.0,0.0,0.35,0.0,0.0,0.0,0.0,0.0,0.0,0.0,0.0,0.25,-0.0,-0.8400039672851562,0.0,0.8703039288520813,-0.5764149574528574,-0.10500049591064453,-0.10500049591064453,-0.05,0.5458935499191284,0.36392903327941895,0.2,0.0,-0.0,-0.0,-0.0,0.8,1.0,-0.0,0.0,-0.0,-0.0,0.0,0.0,0.0,0.45589627036824826,-0.0,-0.0,-0.05562560680877128,0.02,0.0,0.0,0.0,0.0,0.0,0.0,0.36392903327941895,32.824531466513875,32.4,1.0,0.0,0.0,1.0,2.0,4.0,0.0,1.0,0.0,1.0,0.0,0.0,0.0,0.0,0.0,0.0,0.0,0.0,0.0,0.0,0.0,0.0,0.0,0.0,0.0,0.0,0.0,0.0,0.0,10.699112892150879,70.70899200439453,10.489113807678223,70.95044708251953,-0.20999908447265625,0.241455078125,0.3200002610683441,2.286629858760485,-0.6562461853027344,0.7545468211174011,1.0,0.6677324771881104,82.24299621582031,0.0,28.0,28.0,28.0,0.0,0.0,0.0,0.0,0.0,1.0,120.0,1.0,1.0,1.0,0.0,0.0,51.77489994093776,0.6896000122651458,8.231799933128059,35.43160005938262,16.716199927031994,4.0,4.885700065642595,1.7677999567240477,0.7254000520333648,0.000400003045797348
1,329,329,4.490819216322472,0,0,2.0,4.0,1.0,1.0,1.0,1.0,1.0,1.0,0.46788254380226135,1.0,1.0,1.0,1.0,0.4908912777900696,0.46788254380226135,1.0,1.0,0.46788254380226135,0.4908912777900696,0.0,0.08114495873451233,-0.09705594182014465,0.12650834023952484,-0.7671900391578674,0.46892186999320984,0.4519299864768982,0.0,0.00021372424089349806,0.9727240800857544,0.23196521401405334,0.0,0.0,0.0,0.0,0.0,0.0,15.07988166809082,11.697063446044922,25.0,25.0,12.272281646728516,11.697063446044922,0.0,1.0,0.4678825378417969,1.0,0.0,0.0,0.0,0.0,0.0,1.3177389808016717,0.581376698414287,0.771703537106514,1.8,0.02,-0.0,-0.011876813808454286,-0.002786975886251299,0.0,0.15,-0.0,0.0,0.0,-0.0,0.0,0.0,0.0,0.0,0.35,0.0,0.0,0.0,0.0,0.0,0.0,0.0,0.0,0.25,-0.0,-0.8089599609375,0.0,0.8853961229324341,-0.5676571421307623,-0.1011199951171875,-0.1011199951171875,-0.05,0.541703537106514,0.36113569140434265,0.2,0.0,-0.0,-0.0,-0.0,0.8,1.0,-0.0,0.0,-0.0,-0.0,0.0,0.0,0.0,0.4460404881089926,-0.0,-0.0,-0.0,0.02,0.0,0.0,0.0,0.0,0.0,0.0,0.36113569140434265,32.11491514384747,32.4,0.0,0.6,0.0,1.0,2.0,4.0,0.0,1.0,0.0,1.0,0.0,0.0,0.0,0.0,0.0,0.0,0.0,0.0,0.0,0.0,0.0,0.0,0.0,0.0,0.0,0.0,0.0,0.0,0.0,10.489380836486816,70.95032501220703,10.284126281738281,71.1958236694336,-0.20525455474853516,0.2454986572265625,0.31999847292900085,2.2671486932408933,-0.6414198279380798,0.7671900391578674,1.0,0.751985490322113,82.59703826904297,0.0,28.0,28.0,28.0,0.0,0.0,0.0,0.0,0.0,1.0,120.0,1.0,1.0,1.0,0.0,0.0,33.895600005052984,0.5976000102236867,8.34269996266812,15.929999994114041,11.029500048607588,4.0,4.309200099669397,3.6200000904500484,1.0631999466568232,0.000500003807246685
1,330,330,4.144508069289236,0,0,2.0,4.0,1.0,1.0,1.0,1.0,1.0,1.0,0.46788254380226135,1.0,1.0,1.0,1.0,0.4908912777900696,0.46788254380226135,1.0,1.0,0.46788254380226135,0.4908912777900696,0.0,0.0787392407655716,-0.09793873131275177,0.12566567957401276,-0.7793594002723694,0.4587844908237457,-0.6159864068031311,0.0,0.00021372424089349806,0.972724199295044,0.23196463286876678,0.0,0.0,0.0,0.0,0.0,0.0,14.984692573547363,11.378427505493164,25.0,25.0,12.07318115234375,11.378427505493164,0.0,1.0,0.4551371002197266,1.0,0.0,0.0,0.0,0.0,0.0,1.3444940401607632,0.22596420612564297,0.7731647598743439,1.7808850631284865,0.02,-0.0,-0.012680239037121174,-0.003165817995058054,-0.04301021575927734,0.15,-0.3186359405517578,0.0,0.0,-0.0,0.0,0.0,0.0,0.0,0.35,0.0,0.0,0.0,0.0,0.0,0.0,0.0,0.0,0.25,-0.0,-0.7615127563476562,0.0,0.9089407324790955,-0.5644466923183321,-0.09518909454345703,-0.09518909454345703,-0.05,0.5431647598743439,0.36210983991622925,0.2,0.0,-0.0,-0.0,-0.0,0.8,1.0,-0.0,0.0,-0.0,-0.0,0.0,0.0,0.0,0.45345641946885734,-0.0,-0.0,-0.019114936871513583,0.02,0.0,0.0,0.0,0.0,0.0,0.0,0.36210983991622925,32.64886220175773,32.4,1.0,0.0,0.0,1.0,2.0,4.0,0.0,1.0,0.0,1.0,0.0,0.0,0.0,0.0,0.0,0.0,0.0,0.0,0.0,0.0,0.0,0.0,0.0,0.0,0.0,0.0,0.0,0.0,0.0,10.284390449523926,71.19569396972656,10.083887100219727,71.4450912475586,-0.20050334930419922,0.24939727783203125,0.32000094652175903,2.24794217868794,-0.6265770792961121,0.7793594002723694,1.0,0.8356820344924927,82.9483413696289,0.0,28.0,28.0,28.0,0.0,0.0,0.0,0.0,0.0,1.0,120.0,1.0,1.0,1.0,0.0,0.0,72.22580001689494,0.7244000444188714,9.67639998998493,52.844799938611686,20.156399928964674,4.0,5.277499905787408,2.9193999944254756,0.7398000452667475,0.000500003807246685
1,331,331,4.534570654749584,0,0,2.0,4.0,1.0,1.0,1.0,1.0,1.0,1.0,0.45513710379600525,1.0,1.0,1.0,1.0,0.48292723298072815,0.45513710379600525,1.0,1.0,0.45513710379600525,0.48292723298072815,0.0,0.07636979967355728,-0.09879665076732635,0.12487243860960007,-0.7911806106567383,0.4664123058319092,0.4634957015514374,0.0,-5.545208477997221e-05,0.9727229475975037,0.23197001218795776,0.0,0.0,0.0,0.0,0.0,0.0,14.893024444580078,11.378427505493164,25.0,25.0,12.07318115234375,11.378427505493164,0.0,1.0,0.4551371002197266,1.0,0.0,0.0,0.0,0.0,0.0,1.3675589605687493,0.5779677461265212,0.7690439480543136,1.8,0.02,-0.0,-0.012680239037121174,-0.003165817995058054,0.0,0.15,-0.0,0.0,0.0,-0.0,0.0,0.0,0.0,0.0,0.35,0.0,0.0,0.0,0.0,0.0,0.0,0.0,0.0,0.25,-0.0,-0.7333450317382812,0.0,0.9226291179656982,-0.5550701573969491,-0.09166812896728516,-0.09166812896728516,-0.05,0.5390439480543137,0.3593626320362091,0.2,0.0,-0.0,-0.0,-0.0,0.8,1.0,-0.0,0.0,-0.0,-0.0,0.0,0.0,0.0,0.44381380315870045,-0.0,-0.0,-0.0,0.02,0.0,0.0,0.0,0.0,0.0,0.0,0.3593626320362091,31.954593827426432,32.4,0.0,0.6,0.0,1.0,2.0,4.0,0.0,1.0,0.0,1.0,0.0,0.0,0.0,0.0,0.0,0.0,0.0,0.0,0.0,0.0,0.0,0.0,0.0,0.0,0.0,0.0,0.0,0.0,0.0,10.084147453308105,71.44495391845703,9.888442993164062,71.69813537597656,-0.19570446014404297,0.25318145751953125,0.3200017213821411,2.228843783361973,-0.6115825176239014,0.7911806106567383,1.0,0.9197709560394287,83.30055236816406,0.0,28.0,28.0,28.0,0.0,0.0,0.0,0.0,0.0,1.0,120.0,1.0,1.0,1.0,0.0,0.0,27.36550010740757,0.466400058940053,4.816200002096593,15.03250002861023,11.923399986699224,4.0,2.852599951438606,3.239199984818697,0.9273000760003924,0.000500003807246685
1,332,332,4.2599918193779605,0,0,2.0,4.0,1.0,1.0,1.0,1.0,1.0,1.0,0.45513710379600525,1.0,1.0,1.0,1.0,0.48292723298072815,0.45513710379600525,1.0,1.0,0.45513710379600525,0.48292723298072815,0.0,0.07404492050409317,-0.09960059821605682,0.12410853803157806,-0.8025282025337219,0.45649421215057373,-0.602663516998291,0.0,-5.545208477997221e-05,0.972718358039856,0.23198918998241425,0.0,0.0,0.0,0.0,0.0,0.0,14.807197570800781,11.103132247924805,25.0,25.0,11.946206092834473,11.103132247924805,0.0,1.0,0.4441252899169922,1.0,0.0,0.0,0.0,0.0,0.0,1.3949115223967663,0.27756494458028913,0.7705203700065613,1.7969949823943439,0.02,-0.0,-0.013221175682271971,-0.003534350595804271,-0.03175472259521484,0.15,-0.2752952575683594,0.0,0.0,-0.0,0.0,0.0,0.0,0.0,0.35,0.0,0.0,0.0,0.0,0.0,0.0,0.0,0.0,0.25,-0.0,-0.686614990234375,0.0,0.9457616806030273,-0.5508501582062612,-0.08582687377929688,-0.08582687377929688,-0.05,0.5405203700065613,0.3603469133377075,0.2,0.0,-0.0,-0.0,-0.0,0.8,1.0,-0.0,0.0,-0.0,-0.0,0.0,0.0,0.0,0.45137045102193957,-0.0,-0.0,-0.00300501760565618,0.02,0.0,0.0,0.0,0.0,0.0,0.0,0.3603469133377075,32.498672473579646,32.4,1.0,0.0,0.0,1.0,2.0,4.0,0.0,1.0,0.0,1.0,0.0,0.0,0.0,0.0,0.0,0.0,0.0,0.0,0.0,0.0,0.0,0.0,0.0,0.0,0.0,0.0,0.0,0.0,0.0,9.888700485229492,71.697998046875,9.697783470153809,71.95480346679688,-0.1909170150756836,0.256805419921875,0.3199974000453949,2.2100797624108948,-0.5966142416000366,0.8025282025337219,1.0,1.0033100843429565,83.65007019042969,0.0,28.0,28.0,28.0,0.0,0.0,0.0,0.0,0.0,1.0,120.0,1.0,1.0,1.0,0.0,0.0,51.335499971173704,0.6414999952539802,9.450400015339255,33.93309994135052,25.79920005518943,4.0,4.425199935212731,2.1683000959455967,0.6888000061735511,0.000400003045797348
1,333,333,5.6123908966994085,0,0,2.0,3.0,1.0,1.0,1.0,1.0,1.0,1.0,0.44412529468536377,1.0,1.0,1.0,1.0,0.47784823179244995,0.44412529468536377,1.0,1.0,0.44412529468536377,0.47784823179244995,0.0,0.07175839692354202,-0.1003824844956398,0.12339331209659576,-0.81351637840271,0.46426674723625183,0.4722904860973358,0.0,-0.00014659920998383313,0.9727171659469604,0.23199419677257538,0.0,0.0,0.0,0.0,0.0,0.0,14.724711418151855,11.175165176391602,25.0,25.0,25.0,11.175165176391602,0.0,1.0,0.4470066070556641,1.0,0.0,0.0,0.0,0.0,0.0,1.4181146436970493,2.216850120442583,0.7424261558055878,1.2149999767541886,0.02,-0.0,-0.00033651726698731967,-0.003433967863488139,1.6288131713867189,0.15,-0.0,0.0,0.0,-0.0,0.0,0.0,0.0,0.0,0.35,0.0,0.0,0.0,0.0,0.0,0.0,0.0,0.0,0.25,-0.0,-0.6598892211914062,0.0,0.9586935639381409,-0.5405789202410916,-0.08248615264892578,-0.08248615264892578,-0.05,0.5364261567592621,0.35761743783950806,0.2,0.0,-0.0,-0.0,-0.0,0.5599999904632569,0.699999988079071,-0.0,0.0,-0.0,-0.0,0.0,0.0,0.0,0.4418074341863394,-0.04500000178813934,-0.0,-0.0,0.02,0.0,0.0,0.0,0.0,0.0,0.0,0.35761743783950806,31.810135261416434,32.4,0.0,0.6,0.0,0.699999988079071,2.0,3.0,0.0,0.699999988079071,0.0,0.699999988079071,0.0,0.0,0.0,0.0,0.0,0.0,0.0,0.0,0.0,0.0,0.0,0.0,0.0,0.0,0.0,0.0,0.0,0.0,0.0,9.698037147521973,71.95465850830078,9.511943817138672,72.21498107910156,-0.18609333038330078,0.26032257080078125,0.31999775767326355,2.191423756514824,-0.5815420150756836,0.8135164380073547,1.0,1.0870294570922852,84.00055694580078,0.0,28.0,28.0,28.0,0.0,0.0,0.0,0.0,0.0,1.0,120.0,1.0,1.0,1.0,0.0,0.0,73.71010002680123,0.6175000453367829,8.828200050629675,56.494400021620095,19.26229998935014,4.0,4.687399952672422,2.470599953085184,0.5680000176653266,0.000500003807246685
1,334,334,4.5837382074236075,0,0,2.0,4.0,1.0,1.0,1.0,1.0,1.0,1.0,0.44700661301612854,1.0,1.0,1.0,1.0,1.0,0.44700661301612854,1.0,1.0,0.44700661301612854,1.0,0.0,0.06951864808797836,-0.10111331939697266,0.12270592898130417,-0.8240296244621277,0.454430490732193,-0.5976885557174683,0.0,0.00015177862951532006,0.9727182984352112,0.23198942840099335,0.0,0.0,0.0,0.0,0.0,0.0,14.647815704345703,11.175165176391602,25.0,25.0,25.0,11.175165176391602,0.0,1.0,0.4470066070556641,1.0,0.0,0.0,0.0,0.0,0.0,1.4452513613029168,0.5955863702610493,0.7679004776477814,1.7549999982118607,0.02,-0.0,-0.00033651726698731967,-0.003433967863488139,0.0,0.15,-0.0,0.0,0.0,-0.0,0.0,0.0,0.0,0.0,0.35,0.0,0.0,0.0,0.0,0.0,0.0,0.0,0.0,0.25,-0.0,-0.6151657104492188,0.0,0.9808531403541565,-0.5356017790512397,-0.07689571380615234,-0.07689571380615234,-0.05,0.5379004776477814,0.35860031843185425,0.2,0.0,-0.0,-0.0,-0.0,0.8,1.0,-0.0,0.0,-0.0,-0.0,0.0,0.0,0.0,0.4493568553915248,-0.04500000178813934,-0.0,-0.0,0.02,0.0,0.0,0.0,0.0,0.0,0.0,0.35860031843185425,32.353693588189785,32.4,1.0,0.0,0.0,1.0,2.0,4.0,0.0,1.0,0.0,1.0,0.0,0.0,0.0,0.0,0.0,0.0,0.0,0.0,0.0,0.0,0.0,0.0,0.0,0.0,0.0,0.0,0.0,0.0,0.0,9.51219367980957,72.21482849121094,9.33089828491211,72.478515625,-0.18129539489746094,0.2636871337890625,0.3199983239173889,2.173110711688312,-0.5665467381477356,0.8240296244621277,1.0,1.169955849647522,84.34842681884766,0.0,28.0,28.0,28.0,0.0,0.0,0.0,0.0,0.0,1.0,120.0,1.0,1.0,1.0,0.0,0.0,37.81040001194924,0.5275999428704381,7.340000011026859,21.473499946296215,7.454200065694749,4.0,4.510800004936755,3.3754000905901194,0.5489999894052744,0.000500003807246685
1,335,335,4.252634018959006,0,0,2.0,4.0,1.0,1.0,1.0,1.0,1.0,1.0,0.44700661301612854,1.0,1.0,1.0,1.0,1.0,0.44700661301612854,1.0,1.0,0.44700661301612854,1.0,0.0,0.06731793284416199,-0.1018243134021759,0.12206513434648514,-0.8341802358627319,0.46219563484191895,0.4718388319015503,0.0,0.00015177862951532006,0.9727219939231873,0.23197390139102936,0.0,0.0,0.0,0.0,0.0,0.0,14.580719947814941,10.87024211883545,25.0,25.0,25.0,10.87024211883545,0.0,1.0,0.43480968475341797,1.0,0.0,0.0,0.0,0.0,0.0,1.4807683936679836,0.28077196281625505,0.778844113945961,1.692249548528807,0.02,-0.0,-0.00033651726698731967,-0.0038794198805016398,-0.01829538345336914,0.15,-0.30492305755615234,0.0,0.0,-0.0,0.0,0.0,0.0,0.0,0.35,0.0,0.0,0.0,0.0,0.0,0.0,0.0,0.0,0.25,-0.0,-0.5367660522460938,0.0,1.020161509513855,-0.5393931158458714,-0.06709575653076172,-0.06709575653076172,-0.05,0.548844113945961,0.365896075963974,0.2,0.0,-0.0,-0.0,-0.0,0.8,1.0,-0.0,0.0,-0.0,-0.0,0.0,0.0,0.0,0.4582063409732655,-0.0,-0.0,-0.10775045147119304,0.02,0.0,0.0,0.0,0.0,0.0,0.0,0.365896075963974,32.990856550075115,32.4,1.0,0.0,0.0,1.0,2.0,4.0,0.0,1.0,0.0,1.0,0.0,0.0,0.0,0.0,0.0,0.0,0.0,0.0,0.0,0.0,0.0,0.0,0.0,0.0,0.0,0.0,0.0,0.0,0.0,9.331143379211426,72.47836303710938,9.15466594696045,72.74530029296875,-0.17647743225097656,0.266937255859375,0.31999966502189636,2.1549487685169653,-0.551491916179657,0.8341801762580872,1.0,1.2529921531677246,84.69728088378906,0.0,28.0,28.0,28.0,0.0,0.0,0.0,0.0,0.0,1.0,120.0,1.0,1.0,1.0,0.0,0.0,59.55590005032718,0.39059994742274284,7.786600035615265,41.30399995483458,17.064100014977157,4.0,5.36189996637404,3.971799975261092,0.7011000998318195,0.000500003807246685
1,336,336,4.691172690463502,0,0,2.0,4.0,1.0,1.0,1.0,1.0,1.0,1.0,0.43480968475341797,1.0,1.0,1.0,1.0,1.0,0.43480968475341797,1.0,1.0,0.43480968475341797,1.0,0.0,0.0651431605219841,-0.10256741940975189,0.12150599807500839,-0.8441346287727356,0.471297949552536,0.5530928373336792,0.0,0.000147668004501611,0.9727258682250977,0.2319575995206833,0.0,0.0,0.0,0.0,0.0,0.0,14.516258239746094,10.87024211883545,25.0,25.0,25.0,10.87024211883545,0.0,1.0,0.43480968475341797,1.0,0.0,0.0,0.0,0.0,0.0,1.502134346407729,0.5945107090774792,0.7745276349782944,1.8,0.02,-0.0,-0.00033651726698731967,-0.0038794198805016398,0.0,0.15,-0.0,0.0,0.0,-0.0,0.0,0.0,0.0,0.0,0.35,0.0,0.0,0.0,0.0,0.0,0.0,0.0,0.0,0.25,-0.0,-0.5156936645507812,0.0,1.030266284942627,-0.5281319385348979,-0.06446170806884766,-0.06446170806884766,-0.05,0.5445276349782944,0.3630184233188629,0.2,0.0,-0.0,-0.0,-0.0,0.8,1.0,-0.0,0.0,-0.0,-0.0,0.0,0.0,0.0,0.44872664622496816,-0.0,-0.0,-0.0,0.02,0.0,0.0,0.0,0.0,0.0,0.0,0.3630184233188629,32.3083185281977,32.4,0.0,0.6,0.0,1.0,2.0,4.0,0.0,1.0,0.0,1.0,0.0,0.0,0.0,0.0,0.0,0.0,0.0,0.0,0.0,0.0,0.0,0.0,0.0,0.0,0.0,0.0,0.0,0.0,0.0,9.154906272888184,72.7451400756836,8.983345985412598,73.01526641845703,-0.17156028747558594,0.2701263427734375,0.32000184059143066,2.1366336280122997,-0.5361312627792358,0.8441346287727356,1.0,1.3377267122268677,85.05323028564453,0.0,28.0,28.0,28.0,0.0,0.0,0.0,0.0,0.0,1.0,120.0,1.0,1.0,1.0,0.0,0.0,67.39099998958409,0.6784000433981419,8.361899992451072,49.47249998804182,31.250400003045797,4.0,4.269900033250451,3.684299997985363,0.8856999920681119,0.000400003045797348
1,337,337,4.438307173855933,0,0,2.0,4.0,1.0,1.0,1.0,1.0,1.0,1.0,0.43480968475341797,1.0,1.0,1.0,1.0,1.0,0.43480968475341797,1.0,1.0,0.43480968475341797,1.0,0.0,0.06301381438970566,-0.10326042026281357,0.12096881866455078,-0.8536118865013123,0.4615474045276642,-0.5924808979034424,0.0,0.000147668004501611,0.9727254509925842,0.2319595068693161,0.0,0.0,0.0,0.0,0.0,0.0,14.456917762756348,10.651969909667969,25.0,25.0,25.0,10.651969909667969,0.0,1.0,0.42607879638671875,1.0,0.0,0.0,0.0,0.0,0.0,1.5283561763015883,0.3699748850662994,0.7759234565496445,1.7440526559384013,0.02,-0.0,-0.00033651726698731967,-0.004233353678750802,-0.013096332550048828,0.15,-0.21827220916748047,0.0,0.0,-0.0,0.0,0.0,0.0,0.0,0.35,0.0,0.0,0.0,0.0,0.0,0.0,0.0,0.0,0.25,-0.0,-0.47472381591796875,0.0,1.0505218505859375,-0.5221656742843492,-0.059340476989746094,-0.059340476989746094,-0.05,0.5459234565496445,0.3639489710330963,0.2,0.0,-0.0,-0.0,-0.0,0.8,1.0,-0.0,0.0,-0.0,-0.0,0.0,0.0,0.0,0.4559132977295668,-0.0,-0.0,-0.055947344061598785,0.02,0.0,0.0,0.0,0.0,0.0,0.0,0.3639489710330963,32.825757436528804,32.4,1.0,0.0,0.0,1.0,2.0,4.0,0.0,1.0,0.0,1.0,0.0,0.0,0.0,0.0,0.0,0.0,0.0,0.0,0.0,0.0,0.0,0.0,0.0,0.0,0.0,0.0,0.0,0.0,0.0,8.983583450317383,73.01509857177734,8.816892623901367,73.28825378417969,-0.16669082641601562,0.27315521240234375,0.3199993669986725,2.1187128045806385,-0.5209095478057861,0.8536118865013123,1.0,1.42192542552948,85.4063491821289,0.0,28.0,28.0,28.0,0.0,0.0,0.0,0.0,0.0,1.0,120.0,1.0,1.0,1.0,0.0,0.0,57.38529993686825,0.5619999719783664,5.509100039489567,44.67380000278354,22.656199987977743,4.0,3.643200034275651,2.376499935053289,0.5914999637752771,0.000500003807246685
1,338,338,4.732190295589501,0,0,2.0,4.0,1.0,1.0,1.0,1.0,1.0,1.0,0.42607879638671875,1.0,1.0,1.0,1.0,1.0,0.42607879638671875,1.0,1.0,0.42607879638671875,1.0,0.0,0.06092197448015213,-0.10393543541431427,0.12047431617975235,-0.8627185821533203,0.4689393937587738,0.4491657316684723,0.0,-0.00011471057223388925,0.9727237820625305,0.23196643590927124,0.0,0.0,0.0,0.0,0.0,0.0,14.399954795837402,10.651969909667969,25.0,25.0,25.0,10.651969909667969,0.0,1.0,0.42607879638671875,1.0,0.0,0.0,0.0,0.0,0.0,1.5489814433977869,0.5914638302524375,0.7717450219392776,1.8,0.02,-0.0,-0.00033651726698731967,-0.004233353678750802,0.0,0.15,-0.0,0.0,0.0,-0.0,0.0,0.0,0.0,0.0,0.35,0.0,0.0,0.0,0.0,0.0,0.0,0.0,0.0,0.25,-0.0,-0.4557037353515625,0.0,1.0596057176589966,-0.5106242742612096,-0.05696296691894531,-0.05696296691894531,-0.05,0.5417450219392776,0.36116334795951843,0.2,0.0,-0.0,-0.0,-0.0,0.8,1.0,-0.0,0.0,-0.0,-0.0,0.0,0.0,0.0,0.44603370119817565,-0.0,-0.0,-0.0,0.02,0.0,0.0,0.0,0.0,0.0,0.0,0.36116334795951843,32.11442648626864,32.4,0.0,0.6,0.0,1.0,2.0,4.0,0.0,1.0,0.0,1.0,0.0,0.0,0.0,0.0,0.0,0.0,0.0,0.0,0.0,0.0,0.0,0.0,0.0,0.0,0.0,0.0,0.0,0.0,0.0,8.81712532043457,73.2880859375,8.655305862426758,73.56415557861328,-0.1618194580078125,0.27606964111328125,0.31999996304512024,2.1009730818205976,-0.5056843161582947,0.8627185821533203,1.0,1.50648832321167,85.76033782958984,0.0,28.0,28.0,28.0,0.0,0.0,0.0,0.0,0.0,1.0,120.0,1.0,1.0,1.0,0.0,0.0,40.31770001165569,0.5903000710532069,7.975799962878227,23.28169997781515,11.841600062325597,4.0,4.761300049722195,2.9706000350415707,0.6935999263077974,0.000300002284348011
1,339,339,4.47104078678869,0,0,2.0,4.0,1.0,1.0,1.0,1.0,1.0,1.0,0.42607879638671875,1.0,1.0,1.0,1.0,1.0,0.42607879638671875,1.0,1.0,0.42607879638671875,1.0,0.0,0.05887584760785103,-0.10456358641386032,0.11999962478876114,-0.8713659644126892,0.458777517080307,-0.6174747943878174,0.0,-0.00011471057223388925,0.9727197289466858,0.23198337852954865,0.0,0.0,0.0,0.0,0.0,0.0,14.34800910949707,10.390589714050293,25.0,25.0,25.0,10.390589714050293,0.0,1.0,0.4156235885620117,1.0,0.0,0.0,0.0,0.0,0.0,1.5754766772904,0.3213438826171132,0.7731906878948211,1.7810295389863557,0.02,-0.0,-0.00033651726698731967,-0.004699925178099904,-0.015682811737060546,0.15,-0.2613801956176758,0.0,0.0,-0.0,0.0,0.0,0.0,0.0,0.35,0.0,0.0,0.0,0.0,0.0,0.0,0.0,0.0,0.25,-0.0,-0.41556549072265625,0.0,1.0794304609298706,-0.5039537836394705,-0.05194568634033203,-0.05194568634033203,-0.05,0.5431906878948212,0.3621271252632141,0.2,0.0,-0.0,-0.0,-0.0,0.8,1.0,-0.0,0.0,-0.0,-0.0,0.0,0.0,0.0,0.4534433324169368,-0.0,-0.0,-0.018970461013644222,0.02,0.0,0.0,0.0,0.0,0.0,0.0,0.3621271252632141,32.64791993401945,32.4,1.0,0.0,0.0,1.0,2.0,4.0,0.0,1.0,0.0,1.0,0.0,0.0,0.0,0.0,0.0,0.0,0.0,0.0,0.0,0.0,0.0,0.0,0.0,0.0,0.0,0.0,0.0,0.0,0.0,8.655533790588379,73.56398010253906,8.49853229522705,73.84281921386719,-0.15700149536132812,0.278839111328125,0.32000112533569336,2.083606565474041,-0.49063360691070557,0.8713659644126892,1.0,1.5904319286346436,86.11161041259766,0.0,28.0,28.0,28.0,0.0,0.0,0.0,0.0,0.0,1.0,120.0,1.0,1.0,1.0,0.0,0.0,68.26799991540611,0.6186999380588531,6.364000029861927,46.40819993801415,28.719200054183602,4.0,9.561600047163665,4.270300036296248,0.9931999957188964,0.0003998866304755211
1,340,340,4.826596985204302,0,0,2.0,4.0,1.0,1.0,1.0,1.0,1.0,1.0,0.41562357544898987,1.0,1.0,1.0,1.0,1.0,0.41562357544898987,1.0,1.0,0.41562357544898987,1.0,0.0,0.056868791580200195,-0.10517673194408417,0.11956674605607986,-0.879648745059967,0.46639886498451233,0.46310195326805115,0.0,-7.801223546266556e-05,0.9727194309234619,0.2319846898317337,0.0,0.0,0.0,0.0,0.0,0.0,14.298198699951172,10.522960662841797,25.0,25.0,25.0,10.522960662841797,0.0,1.0,0.4209184265136719,1.0,0.0,0.0,0.0,0.0,0.0,1.5955629617508065,0.6419602134721497,0.7690738099813461,1.8,0.02,-0.0,-0.00033651726698731967,-0.004457545193771079,0.052948379516601564,0.15,-0.0,0.0,0.0,-0.0,0.0,0.0,0.0,0.0,0.35,0.0,0.0,0.0,0.0,0.0,0.0,0.0,0.0,0.25,-0.0,-0.3984832763671875,0.0,1.0875738859176636,-0.49201092416685704,-0.04981040954589844,-0.04981040954589844,-0.05,0.5390738099813461,0.3593825399875641,0.2,0.0,-0.0,-0.0,-0.0,0.8,1.0,-0.0,0.0,-0.0,-0.0,0.0,0.0,0.0,0.4438058964163065,-0.0,-0.0,-0.0,0.02,0.0,0.0,0.0,0.0,0.0,0.0,0.3593825399875641,31.954024541974068,32.4,0.0,0.6,0.0,1.0,2.0,4.0,0.0,1.0,0.0,1.0,0.0,0.0,0.0,0.0,0.0,0.0,0.0,0.0,0.0,0.0,0.0,0.0,0.0,0.0,0.0,0.0,0.0,0.0,0.0,8.498754501342773,73.84263610839844,8.34655475616455,74.1241226196289,-0.15219974517822266,0.28148651123046875,0.319999098777771,2.06647135266397,-0.47562381625175476,0.879648745059967,1.0,1.6744993925094604,86.4638442993164,0.0,28.0,28.0,28.0,0.0,0.0,0.0,0.0,0.0,1.0,120.0,1.0,1.0,1.0,0.0,0.0,58.34089999552816,1.5535000711679459,8.434199960902333,41.300499928183854,19.844099995680153,4.0,3.916500019840896,2.4271999718621373,0.6667999550700188,0.000400003045797348
1,341,341,4.192570707403909,0,0,2.0,3.0,1.0,1.0,1.0,1.0,1.0,1.0,0.42091843485832214,1.0,1.0,1.0,1.0,1.0,0.42091843485832214,1.0,1.0,0.42091843485832214,1.0,0.0,0.05490832403302193,-0.10574588924646378,0.11915165930986404,-0.8874898552894592,0.4564860761165619,-0.6023397445678711,0.0,0.00020112736092414707,0.9727213978767395,0.23197658360004425,0.0,0.0,0.0,0.0,0.0,0.0,14.252132415771484,10.522960662841797,25.0,25.0,25.0,10.522960662841797,0.0,1.0,0.4209184265136719,1.0,0.0,0.0,0.0,0.0,0.0,1.6187430563222884,0.5941545873265857,0.7446730870008469,1.2149999767541886,0.02,-0.0,-0.00033651726698731967,-0.004457545193771079,0.0,0.15,-0.0,0.0,0.0,-0.0,0.0,0.0,0.0,0.0,0.35,0.0,0.0,0.0,0.0,0.0,0.0,0.0,0.0,0.25,-0.0,-0.3685302734375,0.0,1.1022603511810303,-0.4835172948587418,-0.0460662841796875,-0.0460662841796875,-0.05,0.5386730879545212,0.3591153919696808,0.2,0.0,-0.0,-0.0,-0.0,0.5599999904632569,0.699999988079071,-0.0,0.0,-0.0,-0.0,0.0,0.0,0.0,0.44894864978734406,-0.04500000178813934,-0.0,-0.0,0.02,0.0,0.0,0.0,0.0,0.0,0.0,0.3591153919696808,32.324302784688776,32.4,0.7326086850269979,0.0,0.0,0.699999988079071,2.0,3.0,0.0,0.699999988079071,0.0,0.699999988079071,0.0,0.0,0.0,0.0,0.0,0.0,0.0,0.0,0.0,0.0,0.0,0.0,0.0,0.0,0.0,0.0,0.0,0.0,0.0,8.346771240234375,74.12393951416016,8.19930648803711,74.4079360961914,-0.14746475219726562,0.28399658203125,0.3199998438358307,2.0497237797641294,-0.46082720160484314,0.8874898552894592,1.0,1.7577725648880005,86.81344604492188,0.0,28.0,28.0,28.0,0.0,0.0,0.0,0.0,0.0,1.0,120.0,1.0,1.0,1.0,0.0,0.0,59.534200001508,0.5283999489620328,7.575100054964423,43.07780007366091,28.63369998522103,4.0,4.949099966324866,2.6615000097081065,0.7059000199660659,0.000500003807246685
1,342,342,4.523077120679757,0,0,2.0,4.0,1.0,1.0,1.0,1.0,1.0,1.0,0.42091843485832214,1.0,1.0,1.0,1.0,1.0,0.42091843485832214,1.0,1.0,0.42091843485832214,1.0,0.0,0.052988313138484955,-0.10629215091466904,0.11876776814460754,-0.8949579000473022,0.4617757499217987,0.32142210006713867,0.0,0.00020112736092414707,0.9727246165275574,0.23196299374103546,0.0,0.0,0.0,0.0,0.0,0.0,14.214861869812012,10.344771385192871,25.0,25.0,25.0,10.344771385192871,0.0,1.0,0.4137908554077148,1.0,0.0,0.0,0.0,0.0,0.0,1.6536595170131647,0.41381719187827265,0.7784742820262909,1.6571261297620286,0.02,-0.0,-0.00033651726698731967,-0.004786856440830144,-0.010691356658935546,0.15,-0.17818927764892578,0.0,0.0,-0.0,0.0,0.0,0.0,0.0,0.35,0.0,0.0,0.0,0.0,0.0,0.0,0.0,0.0,0.25,-0.0,-0.29816436767578125,0.0,1.1374506950378418,-0.483791178024677,-0.037270545959472656,-0.037270545959472656,-0.05,0.5484742820262909,0.3656495213508606,0.2,0.0,-0.0,-0.0,-0.0,0.8,1.0,-0.0,0.0,-0.0,-0.0,0.0,0.0,0.0,0.4578211998939514,-0.04500000178813934,-0.0,-0.09787386844983213,0.02,0.0,0.0,0.0,0.0,0.0,0.0,0.3656495213508606,32.9631263923645,32.4,1.0,0.0,0.0,1.0,2.0,4.0,0.0,1.0,0.0,1.0,0.0,0.0,0.0,0.0,0.0,0.0,0.0,0.0,0.0,0.0,0.0,0.0,0.0,0.0,0.0,0.0,0.0,0.0,0.0,8.199515342712402,74.40774536132812,8.056747436523438,74.69412994384766,-0.14276790618896484,0.28638458251953125,0.3199981451034546,2.0332577431346346,-0.44615063071250916,0.8949579000473022,1.0,1.840917706489563,87.16280364990234,0.0,28.0,28.0,28.0,0.0,0.0,0.0,0.0,0.0,1.0,120.0,1.0,1.0,1.0,0.0,0.0,75.53399994503707,0.7647000020369887,6.3353999285027385,57.229200028814375,23.588899988681078,4.0,6.093999953009188,3.9477000245824456,1.1130999773740768,0.000400003045797348
1,343,343,4.249559974214739,0,0,2.0,3.0,1.0,1.0,1.0,1.0,1.0,1.0,0.41379085183143616,1.0,1.0,1.0,1.0,1.0,0.41379085183143616,1.0,1.0,0.41379085183143616,1.0,0.0,0.05109420046210289,-0.1068713515996933,0.11845718324184418,-0.9021939635276794,0.47090181708335876,0.554534375667572,0.0,8.857902867021039e-05,0.9727271199226379,0.23195236921310425,0.0,0.0,0.0,0.0,0.0,0.0,14.179022789001465,10.344771385192871,25.0,25.0,25.0,10.344771385192871,0.0,1.0,0.4137908554077148,1.0,0.0,0.0,0.0,0.0,0.0,1.6710546675424949,0.5932834230176496,0.7502219069004059,1.2149999767541886,0.02,-0.0,-0.00033651726698731967,-0.004786856440830144,0.0,0.15,-0.0,0.0,0.0,-0.0,0.0,0.0,0.0,0.0,0.35,0.0,0.0,0.0,0.0,0.0,0.0,0.0,0.0,0.25,-0.0,-0.286712646484375,0.0,1.142795205116272,-0.471740537573777,-0.035839080810546875,-0.035839080810546875,-0.05,0.5442219078540802,0.36281460523605347,0.2,0.0,-0.0,-0.0,-0.0,0.5599999904632569,0.699999988079071,-0.0,0.0,-0.0,-0.0,0.0,0.0,0.0,0.448406796725467,-0.04500000178813934,-0.0,-0.0,0.02,0.0,0.0,0.0,0.0,0.0,0.0,0.36281460523605347,32.28528936423362,32.4,0.0,0.6,0.0,0.699999988079071,2.0,3.0,0.0,0.699999988079071,0.0,0.699999988079071,0.0,0.0,0.0,0.0,0.0,0.0,0.0,0.0,0.0,0.0,0.0,0.0,0.0,0.0,0.0,0.0,0.0,0.0,0.0,8.056949615478516,74.69393920898438,7.918924331665039,74.9826431274414,-0.13802528381347656,0.28870391845703125,0.3200014531612396,2.0167594984476223,-0.4313305616378784,0.9021939039230347,1.0,1.9256452322006226,87.51850128173828,0.0,28.0,28.0,28.0,0.0,0.0,0.0,0.0,0.0,1.0,120.0,1.0,1.0,1.0,0.0,0.0,41.81979992426932,0.5651999963447452,7.385500008240342,25.17270005773753,13.85879993904382,4.0,4.715199931524694,3.262000042013824,0.6795999361202121,0.000400003045797348
1,344,344,5.5349227001400525,0,0,2.0,3.0,1.0,1.0,1.0,1.0,1.0,1.0,0.41379085183143616,1.0,1.0,1.0,1.0,1.0,0.41379085183143616,1.0,1.0,0.41379085183143616,1.0,0.0,0.04924384132027626,-0.10740801692008972,0.11815852671861649,-0.9090161919593811,0.4612184166908264,-0.5884001851081848,0.0,8.857902867021039e-05,0.9727250933647156,0.23196107149124146,0.0,0.0,0.0,0.0,0.0,0.0,14.146438598632812,10.150750160217285,24.62578010559082,25.0,25.0,10.150750160217285,0.0,1.0,0.4060300064086914,0.9850312042236328,0.0,0.0,0.0,0.0,0.0,1.692638823134439,0.2798535702816805,2.2997668701410294,1.2426634365829046,0.02,-0.0,-0.00033651726698731967,-0.005173153224190537,-0.12390724182128905,0.15,-0.19402122497558594,0.0,0.0,-0.0,0.0,0.0,0.0,0.0,0.35,0.0,0.0,0.0,0.0,0.0,0.0,0.0,0.0,0.25,-0.0,-0.26067352294921875,0.0,1.155550241470337,-0.4629114183358979,-0.032584190368652344,-0.032584190368652344,1.5,0.5437668710947037,0.3625112473964691,0.2,0.0,-0.0,-0.0,-0.0,0.5599999904632569,0.699999988079071,-0.0,0.0,-0.0,-0.0,0.0,0.0,0.0,0.45329170756973336,-0.0,-0.0,-0.017336541959423375,0.02,0.0,0.0,0.0,0.0,0.0,0.0,0.3625112473964691,32.6370029450208,32.4,0.7326086850269979,0.0,0.0,0.699999988079071,2.0,3.0,0.0,0.699999988079071,0.0,0.699999988079071,0.0,0.0,0.0,0.0,0.0,0.0,0.0,0.0,0.0,0.0,0.0,0.0,0.0,0.0,0.0,0.0,0.0,0.0,0.0,7.919121742248535,74.9824447631836,7.785758972167969,75.27333068847656,-0.1333627700805664,0.29088592529296875,0.32000038027763367,2.0006723797620984,-0.41676080226898193,0.9090162515640259,1.0,2.0098609924316406,87.87140655517578,0.0,28.0,28.0,28.0,0.0,0.0,0.0,0.0,0.0,1.0,120.0,1.0,1.0,1.0,0.0,0.0,57.88190010935068,0.5518000107258558,7.398499990813434,42.80699999071658,20.57519997470081,4.0,4.295799997635186,2.063399995677173,0.7300000870600343,0.000600004568696022
1,345,345,4.8390201837928,0,0,2.0,4.0,0.9850311875343323,1.0,1.0,1.0,1.0,1.0,0.40602999925613403,1.0,1.0,1.0,1.0,1.0,0.40602999925613403,0.9850311875343323,1.0,0.40602999925613403,1.0,0.0,0.047431960701942444,-0.10792382806539536,0.1178869903087616,-0.9154854416847229,0.4662429094314575,0.30530694127082825,0.0,-0.00015452993102371693,0.9727226495742798,0.23197109997272491,0.0,0.0,0.0,0.0,0.0,0.0,14.114447593688965,10.150750160217285,24.62578010559082,25.0,25.0,10.150750160217285,0.0,1.0,0.4060300064086914,0.9850312042236328,0.0,0.0,0.0,0.0,0.0,1.707610060545926,0.5879609121262689,0.7684492129087448,1.7549999982118607,0.02,-0.0,-0.00033651726698731967,-0.005173153224190537,0.0,0.15,-0.0,0.0,0.0,-0.0,0.0,0.0,0.0,0.0,0.35,0.0,0.0,0.0,0.0,0.0,0.0,0.0,0.0,0.25,-0.0,-0.25592803955078125,0.0,1.157508134841919,-0.449898074295993,-0.031991004943847656,-0.031991004943847656,-0.05,0.5384492129087448,0.3589661419391632,0.2,0.0,-0.0,-0.0,-0.0,0.8,1.0,-0.0,0.0,-0.0,-0.0,0.0,0.0,0.0,0.44347058261744676,-0.04500000178813934,-0.0,-0.0,0.02,0.0,0.0,0.0,0.0,0.0,0.0,0.3589661419391632,31.929881948456167,32.4,0.0,0.6,0.0,1.0,2.0,4.0,0.0,1.0,0.0,1.0,0.0,0.0,0.0,0.0,0.0,0.0,0.0,0.0,0.0,0.0,0.0,0.0,0.0,0.0,0.0,0.0,0.0,0.0,0.0,7.785948276519775,75.27313232421875,7.657196044921875,75.56608581542969,-0.1287522315979004,0.2929534912109375,0.31999826431274414,1.9848818563372261,-0.40235111117362976,0.9154855012893677,1.0,2.0941126346588135,88.22399139404297,0.0,28.0,28.0,28.0,0.0,0.0,0.0,0.0,0.0,1.0,120.0,1.0,1.0,1.0,0.0,0.0,41.980299982242286,0.7049000123515725,7.188900024630129,25.802599964663386,11.16550003644079,4.0,4.5668999664485455,2.9662000015378,0.7075999164953828,0.000500003807246685
1,346,346,4.6199551376130765,0,0,2.0,4.0,0.9850311875343323,1.0,1.0,1.0,1.0,1.0,0.40602999925613403,1.0,1.0,1.0,1.0,1.0,0.40602999925613403,0.9850311875343323,1.0,0.40602999925613403,1.0,0.0,0.04566556215286255,-0.10839379578828812,0.11762039363384247,-0.9215561151504517,0.4561411738395691,-0.6138203144073486,0.0,-0.00015452993102371693,0.9727199673652649,0.2319825142621994,0.0,0.0,0.0,0.0,0.0,0.0,14.08657169342041,10.002175331115723,24.166748046875,25.0,25.0,10.002175331115723,0.0,1.0,0.4000870132446289,0.966669921875,0.0,0.0,0.0,0.0,0.0,1.731402011788371,0.29985075216078955,0.7699305075407028,1.7987718661232133,0.02,-0.0,-0.00033651726698731967,-0.005489912636614835,-0.14662410736083983,0.15,-0.1485748291015625,0.0,0.0,-0.0,0.0,0.0,0.0,0.0,0.35,0.0,0.0,0.0,0.0,0.0,0.0,0.0,0.0,0.25,-0.0,-0.2230072021484375,0.0,1.1737433671951294,-0.4423413554067584,-0.027875900268554688,-0.027875900268554688,-0.05,0.5399305075407028,0.3599536716938019,0.2,0.0,-0.0,-0.0,-0.0,0.8,1.0,-0.0,0.0,-0.0,-0.0,0.0,0.0,0.0,0.45087611852679405,-0.0,-0.0,-0.0012281338767867979,0.02,0.0,0.0,0.0,0.0,0.0,0.0,0.3599536716938019,32.46308053392917,32.4,1.0,0.0,0.0,1.0,2.0,4.0,0.0,1.0,0.0,1.0,0.0,0.0,0.0,0.0,0.0,0.0,0.0,0.0,0.0,0.0,0.0,0.0,0.0,0.0,0.0,0.0,0.0,0.0,0.0,7.65737771987915,75.56587982177734,7.533139705657959,75.86077880859375,-0.1242380142211914,0.29489898681640625,0.3200007677078247,1.9695204414771224,-0.38824525475502014,0.9215561151504517,1.0,2.1775102615356445,88.57313537597656,0.0,28.0,28.0,28.0,0.0,0.0,0.0,0.0,0.0,1.0,120.0,1.0,1.0,1.0,0.0,0.0,89.41459993366152,0.4645999288186431,7.5783999636769295,72.25940003991127,29.616900021210313,4.0,6.506799953058362,2.0502000115811825,0.5140999564900994,0.000300002284348011
1,347,347,4.8496220724747445,0,0,2.0,4.0,0.9666699171066284,1.0,1.0,1.0,1.0,1.0,0.40008699893951416,1.0,1.0,1.0,1.0,1.0,0.40008699893951416,0.9666699171066284,1.0,0.40008699893951416,1.0,0.0,0.04393588751554489,-0.10885588079690933,0.11738809943199158,-0.9273161888122559,0.46375828981399536,0.46284598112106323,0.0,1.3270564522827044e-05,0.9727209806442261,0.23197819292545319,0.0,0.0,0.0,0.0,0.0,0.0,14.05964469909668,10.17049789428711,23.71271324157715,25.0,25.0,10.17049789428711,0.0,1.0,0.40681991577148435,0.948508529663086,0.0,0.0,0.0,0.0,0.0,1.746850586751907,0.5169372030861952,0.7658342826366424,1.8,0.02,-0.0,-0.00033651726698731967,-0.005132450969617751,-0.06888141632080078,0.15,-0.0,0.0,0.0,-0.0,0.0,0.0,0.0,0.0,0.35,0.0,0.0,0.0,0.0,0.0,0.0,0.0,0.0,0.25,-0.0,-0.21541595458984375,0.0,1.1771913766860962,-0.43034078993418917,-0.02692699432373047,-0.02692699432373047,-0.05,0.5358342826366425,0.35722285509109497,0.2,0.0,-0.0,-0.0,-0.0,0.8,1.0,-0.0,0.0,-0.0,-0.0,0.0,0.0,0.0,0.441287587643601,-0.0,-0.0,-0.0,0.02,0.0,0.0,0.0,0.0,0.0,0.0,0.35722285509109497,31.77270631033927,32.4,0.0,0.6,0.0,1.0,2.0,4.0,0.0,1.0,0.0,1.0,0.0,0.0,0.0,0.0,0.0,0.0,0.0,0.0,0.0,0.0,0.0,0.0,0.0,0.0,0.0,0.0,0.0,0.0,0.0,7.533312797546387,75.86056518554688,7.413543701171875,76.15730285644531,-0.11976909637451172,0.2967376708984375,0.31999671459198,1.9544190179897833,-0.3742789030075073,0.9273161888122559,1.0,2.2610061168670654,88.92327117919922,0.0,28.0,28.0,28.0,0.0,0.0,0.0,0.0,0.0,1.0,120.0,1.0,1.0,1.0,0.0,0.0,55.057100020349026,0.5807999987155199,5.821299972012639,42.078400030732155,22.23020000383258,4.0,3.969899960793555,2.0216000266373158,0.5452999612316489,0.000300002284348011
1,348,348,4.949669706925142,0,0,2.0,4.0,0.9485085010528564,0.9992019534111023,1.0,1.0,1.0,1.0,0.4068199098110199,1.0,1.0,1.0,1.0,1.0,0.4068199098110199,0.9485085010528564,1.0,0.4068199098110199,1.0,0.0,0.042249806225299835,-0.1092807799577713,0.11716370284557343,-0.9327186942100525,0.45389580726623535,-0.5992831587791443,0.0,0.00020452104217838496,0.972723662853241,0.23196688294410706,0.0,0.0,0.0,0.0,0.0,0.0,14.036471366882324,10.17049789428711,23.71271324157715,25.0,25.0,10.17049789428711,0.0,1.0,0.40681991577148435,0.948508529663086,0.0,0.0,0.0,0.0,0.0,1.7690233322755602,0.5933555631108858,0.7672908115386963,1.8,0.02,-0.0,-0.00033651726698731967,-0.005132450969617751,0.0,0.15,-0.0,0.0,0.0,-0.0,0.0,0.0,0.0,0.0,0.35,0.0,0.0,0.0,0.0,0.0,0.0,0.0,0.0,0.25,-0.0,-0.18538665771484375,0.0,1.192023515701294,-0.42300018342573364,-0.02317333221435547,-0.02317333221435547,-0.05,0.5372908115386963,0.35819387435913086,0.2,0.0,-0.0,-0.0,-0.0,0.8,1.0,-0.0,0.0,-0.0,-0.0,0.0,0.0,0.0,0.44882453134749084,-0.0,-0.0,-0.0,0.02,0.0,0.0,0.0,0.0,0.0,0.0,0.35819387435913086,32.31536625701934,32.4,1.0,0.0,0.0,1.0,2.0,4.0,0.0,1.0,0.0,1.0,0.0,0.0,0.0,0.0,0.0,0.0,0.0,0.0,0.0,0.0,0.0,0.0,0.0,0.0,0.0,0.0,0.0,0.0,0.0,7.4137115478515625,76.15708923339844,7.298317909240723,76.45555877685547,-0.11539363861083984,0.29846954345703125,0.319999635219574,1.9397133647761948,-0.3606049120426178,0.9327186942100525,1.0,2.3437349796295166,89.27078247070312,0.0,28.0,28.0,28.0,0.0,0.0,0.0,0.0,0.0,1.0,120.0,1.0,1.0,1.0,0.0,0.0,32.01580001041293,0.40220003575086594,6.675099954009056,16.26810000743717,7.602000026963651,4.0,4.483600030653179,3.431699937209487,0.721900025382638,0.000400003045797348
1,349,349,4.588868014366107,0,0,2.0,4.0,0.9485085010528564,0.9992019534111023,1.0,1.0,1.0,1.0,0.4068199098110199,1.0,1.0,1.0,1.0,1.0,0.4068199098110199,0.9485085010528564,1.0,0.4068199098110199,1.0,0.0,0.040598321706056595,-0.10969912260770798,0.11697059124708176,-0.9378349781036377,0.4616480767726898,0.47105899453163147,0.0,0.00020452104217838496,0.9727268815040588,0.23195339739322662,0.0,0.0,0.0,0.0,0.0,0.0,14.022205352783203,10.020411491394043,23.17002296447754,25.0,25.0,10.020411491394043,0.0,1.0,0.40081645965576174,0.9268009185791015,0.0,0.0,0.0,0.0,0.0,1.804852275489111,0.27998767897924365,0.7782249706983566,1.705803089199396,0.02,-0.0,-0.00033651726698731967,-0.005450012368371733,-0.1718122673034668,0.15,-0.1500864028930664,0.0,0.0,-0.0,0.0,0.0,0.0,0.0,0.35,0.0,0.0,0.0,0.0,0.0,0.0,0.0,0.0,0.25,-0.0,-0.11412811279296875,0.0,1.2276372909545898,-0.42278501546547886,-0.014266014099121094,-0.014266014099121094,-0.05,0.5482249706983566,0.3654833137989044,0.2,0.0,-0.0,-0.0,-0.0,0.8,1.0,-0.0,0.0,-0.0,-0.0,0.0,0.0,0.0,0.4576728788111359,-0.0,-0.0,-0.09419691080060405,0.02,0.0,0.0,0.0,0.0,0.0,0.0,0.3654833137989044,32.952447274401784,32.4,1.0,0.0,0.0,1.0,2.0,4.0,0.0,1.0,0.0,1.0,0.0,0.0,0.0,0.0,0.0,0.0,0.0,0.0,0.0,0.0,0.0,0.0,0.0,0.0,0.0,0.0,0.0,0.0,0.0,7.298480987548828,76.4553451538086,7.187416076660156,76.75545501708984,-0.11106491088867188,0.30010986328125,0.32000207901000977,1.9252473373514474,-0.34708142280578613,0.9378350377082825,1.0,2.426682710647583,89.6192398071289,0.0,28.0,28.0,28.0,0.0,0.0,0.0,0.0,0.0,1.0,120.0,1.0,1.0,1.0,0.0,0.0,68.17189999856055,0.4998000804334879,8.753599948249757,51.30900000222027,19.110199995338917,4.0,4.042399930767715,2.485399949364364,1.0400000028312206,0.000500003807246685
1,350,350,5.004084647450761,0,0,2.0,4.0,0.9268009066581726,0.9801264405250549,1.0,1.0,1.0,1.0,0.4008164703845978,1.0,1.0,1.0,1.0,1.0,0.4008164703845978,0.9268009066581726,1.0,0.4008164703845978,1.0,0.0,0.03896787017583847,-0.11016273498535156,0.11685170978307724,-0.942756712436676,0.47074925899505615,0.5530217289924622,0.0,1.9955334209953435e-05,0.9727286696434021,0.23194602131843567,0.0,0.0,0.0,0.0,0.0,0.0,14.008275985717773,10.020411491394043,23.17002296447754,25.0,25.0,10.020411491394043,0.0,1.0,0.40081645965576174,0.9268009185791015,0.0,0.0,0.0,0.0,0.0,1.8177437558485925,0.5924190335298885,0.7739218580722809,1.8,0.02,-0.0,-0.00033651726698731967,-0.005450012368371733,0.0,0.15,-0.0,0.0,0.0,-0.0,0.0,0.0,0.0,0.0,0.35,0.0,0.0,0.0,0.0,0.0,0.0,0.0,0.0,0.25,-0.0,-0.1114349365234375,0.0,1.228657841682434,-0.41091408583384154,-0.013929367065429688,-0.013929367065429688,-0.05,0.5439218580722809,0.36261457204818726,0.2,0.0,-0.0,-0.0,-0.0,0.8,1.0,-0.0,0.0,-0.0,-0.0,0.0,0.0,0.0,0.44820556316524746,-0.0,-0.0,-0.0,0.02,0.0,0.0,0.0,0.0,0.0,0.0,0.36261457204818726,32.270800547897814,32.4,0.0,0.6,0.0,1.0,2.0,4.0,0.0,1.0,0.0,1.0,0.0,0.0,0.0,0.0,0.0,0.0,0.0,0.0,0.0,0.0,0.0,0.0,0.0,0.0,0.0,0.0,0.0,0.0,0.0,7.18757438659668,76.75523376464844,7.080860137939453,77.05691528320312,-0.10671424865722656,0.3016815185546875,0.31999948620796204,1.9107915337949126,-0.33348140120506287,0.942756712436676,1.0,2.511429786682129,89.97476196289062,0.0,28.0,28.0,28.0,0.0,0.0,0.0,0.0,0.0,1.0,120.0,1.0,1.0,1.0,0.0,0.0,35.0225999718532,0.6833999650552869,6.332900025881827,21.183599950745702,12.243799981661141,4.0,3.902000025846064,2.3117000237107277,0.5735999438911676,0.000500003807246685
1,351,351,4.69936629453091,0,0,2.0,4.0,0.9268009066581726,0.9801264405250549,1.0,1.0,1.0,1.0,0.4008164703845978,1.0,1.0,1.0,1.0,1.0,0.4008164703845978,0.9268009066581726,1.0,0.4008164703845978,1.0,0.0,0.037378065288066864,-0.11058972775936127,0.11673562973737717,-0.9473519325256348,0.46101143956184387,-0.5917072296142578,0.0,1.9955334209953435e-05,0.9727258682250977,0.23195773363113403,0.0,0.0,0.0,0.0,0.0,0.0,13.997781753540039,9.878118515014648,22.714441299438477,25.0,25.0,9.878118515014648,0.0,1.0,0.39512474060058594,0.908577651977539,0.0,0.0,0.0,0.0,0.0,1.8389870217932032,0.3117929826760864,0.7753073531389236,1.7532789369226975,0.02,-0.0,-0.00033651726698731967,-0.005769209495667498,-0.14521207809448242,0.15,-0.14229297637939453,0.0,0.0,-0.0,0.0,0.0,0.0,0.0,0.35,0.0,0.0,0.0,0.0,0.0,0.0,0.0,0.0,0.25,-0.0,-0.083953857421875,0.0,1.2422161102294922,-0.4032290884362889,-0.010494232177734375,-0.010494232177734375,-0.05,0.5453073531389236,0.3635382354259491,0.2,0.0,-0.0,-0.0,-0.0,0.8,1.0,-0.0,0.0,-0.0,-0.0,0.0,0.0,0.0,0.45540376391261816,-0.0,-0.0,-0.046721063077302616,0.02,0.0,0.0,0.0,0.0,0.0,0.0,0.3635382354259491,32.78907100170851,32.4,1.0,0.0,0.0,1.0,2.0,4.0,0.0,1.0,0.0,1.0,0.0,0.0,0.0,0.0,0.0,0.0,0.0,0.0,0.0,0.0,0.0,0.0,0.0,0.0,0.0,0.0,0.0,0.0,0.0,7.081014633178711,77.05669403076172,6.97855281829834,77.35984802246094,-0.1024618148803711,0.30315399169921875,0.32000118494033813,1.8967284460085039,-0.3201941251754761,0.9473519325256348,1.0,2.595647096633911,90.32746124267578,0.0,28.0,28.0,28.0,0.0,0.0,0.0,0.0,0.0,1.0,120.0,1.0,1.0,1.0,0.0,0.0,122.29039997328073,0.8009000448510051,9.69999993685633,74.69549996312708,29.258600086905062,4.0,20.518100005574524,8.40970000717789,8.120500016957521,0.000500003807246685
1,352,352,4.4230327325209124,0,0,2.0,3.0,0.9085776805877686,0.9608737826347351,1.0,1.0,1.0,1.0,0.39512473344802856,1.0,1.0,1.0,1.0,1.0,0.39512473344802856,0.9085776805877686,1.0,0.39512473344802856,1.0,0.0,0.035821396857500076,-0.11101182550191879,0.11664818227291107,-0.9516807198524475,0.4684152901172638,0.44988754391670227,0.0,-0.0001456509780837223,0.9727239012718201,0.23196609318256378,0.0,0.0,0.0,0.0,0.0,0.0,13.987524032592773,9.878118515014648,22.714441299438477,25.0,25.0,9.878118515014648,0.0,1.0,0.39512474060058594,0.908577651977539,0.0,0.0,0.0,0.0,0.0,1.8514558706010575,0.5894305332321873,0.7471463519334793,1.2149999767541886,0.02,-0.0,-0.00033651726698731967,-0.005769209495667498,0.0,0.15,-0.0,0.0,0.0,-0.0,0.0,0.0,0.0,0.0,0.35,0.0,0.0,0.0,0.0,0.0,0.0,0.0,0.0,0.25,-0.0,-0.082061767578125,0.0,1.2428537607192993,-0.3913978901182418,-0.010257720947265625,-0.010257720947265625,-0.05,0.5411463528871536,0.3607642352581024,0.2,0.0,-0.0,-0.0,-0.0,0.5599999904632569,0.699999988079071,-0.0,0.0,-0.0,-0.0,0.0,0.0,0.0,0.4455362599948421,-0.04500000178813934,-0.0,-0.0,0.02,0.0,0.0,0.0,0.0,0.0,0.0,0.3607642352581024,32.07861071962863,32.4,0.0,0.6,0.0,0.699999988079071,2.0,3.0,0.0,0.699999988079071,0.0,0.699999988079071,0.0,0.0,0.0,0.0,0.0,0.0,0.0,0.0,0.0,0.0,0.0,0.0,0.0,0.0,0.0,0.0,0.0,0.0,0.0,6.978702545166016,77.35962677001953,6.880434036254883,77.6641616821289,-0.09826850891113281,0.304534912109375,0.3199971914291382,1.8829319460299814,-0.3070892095565796,0.9516807198524475,1.0,2.6801350116729736,90.68104553222656,0.0,28.0,28.0,28.0,0.0,0.0,0.0,0.0,0.0,1.0,120.0,1.0,1.0,1.0,0.0,0.0,123.5601999796927,0.5682000191882253,10.608899989165366,81.58120000734925,25.92799998819828,4.0,28.13420002348721,1.9474999280646443,0.6749000167474151,0.000500003807246685
1,353,353,4.740194390089419,0,0,2.0,4.0,0.9085776805877686,0.9608737826347351,1.0,1.0,1.0,1.0,0.39512473344802856,1.0,1.0,1.0,1.0,1.0,0.39512473344802856,0.9085776805877686,1.0,0.39512473344802856,1.0,0.0,0.03430571407079697,-0.11140009760856628,0.11656270176172256,-0.9557096362113953,0.45826587080955505,-0.6167190074920654,0.0,-0.0001456509780837223,0.9727221727371216,0.23197312653064728,0.0,0.0,0.0,0.0,0.0,0.0,13.980592727661133,9.762776374816895,22.247217178344727,25.0,25.0,9.762776374816895,0.0,1.0,0.3905110549926758,0.8898886871337891,0.0,0.0,0.0,0.0,0.0,1.8723935190841303,0.3341415392509459,0.7725793677568435,1.7410799639974996,0.02,-0.0,-0.00033651726698731967,-0.006041618409994308,-0.14708776473999025,0.15,-0.1153421401977539,0.0,0.0,-0.0,0.0,0.0,0.0,0.0,0.35,0.0,0.0,0.0,0.0,0.0,0.0,0.0,0.0,0.25,-0.0,-0.055450439453125,0.0,1.255968451499939,-0.3835749324158087,-0.006931304931640625,-0.006931304931640625,-0.05,0.5425793677568436,0.3617195785045624,0.2,0.0,-0.0,-0.0,-0.0,0.8,1.0,-0.0,0.0,-0.0,-0.0,0.0,0.0,0.0,0.4529495798656717,-0.04500000178813934,-0.0,-0.013920034214361025,0.02,0.0,0.0,0.0,0.0,0.0,0.0,0.3617195785045624,32.61236975032836,32.4,1.0,0.0,0.0,1.0,2.0,4.0,0.0,1.0,0.0,1.0,0.0,0.0,0.0,0.0,0.0,0.0,0.0,0.0,0.0,0.0,0.0,0.0,0.0,0.0,0.0,0.0,0.0,0.0,0.0,6.880579948425293,77.6639404296875,6.786400318145752,77.96976470947266,-0.09417963027954102,0.30582427978515625,0.3199973404407501,1.869533765133366,-0.2943112552165985,0.9557096362113953,1.0,2.7638938426971436,91.03195190429688,0.0,28.0,28.0,28.0,0.0,0.0,0.0,0.0,0.0,1.0,120.0,1.0,1.0,1.0,0.0,0.0,59.73949993494898,0.6842999719083309,9.388800011947751,41.48359992541373,23.406099993735552,4.0,4.399099969305098,2.8420999879017472,0.8995999814942479,0.000500003807246685
1,354,354,-0.1974484141912736,0,0,2.0,4.0,0.8898887038230896,0.94167160987854,1.0,1.0,1.0,1.0,0.39051106572151184,1.0,1.0,1.0,1.0,1.0,0.39051106572151184,0.8898887038230896,1.0,0.39051106572151184,1.0,0.0,0.03282337263226509,-0.1117856353521347,0.11650493741035461,-0.9594926238059998,0.4658910036087036,0.46333250403404236,0.0,8.960373816080391e-05,0.9727239608764648,0.23196560144424438,0.0,0.0,0.0,0.0,0.0,0.0,13.973644256591797,9.97862434387207,12.648679733276367,25.0,25.0,9.97862434387207,0.023159049451351166,0.9768409505486488,0.39914497375488284,0.5059471893310546,0.0,0.0,0.0,0.0,0.0,1.8312254959283305,-3.735757936898728,0.7208098070277658,0.9662742197513581,0.02,-0.0,-0.00033651726698731967,-0.005541874146303254,-0.5136608123779296,0.15,-0.0,0.0,0.0,-3.7054479122161865,0.0,0.0,0.0,0.0,0.35,0.0,0.0,0.0,0.0,0.0,0.0,0.0,0.0,0.26505338214337826,-0.0,-0.0555877685546875,0.0,1.226526248049372,-0.37214170266969027,-0.0069484710693359375,-0.0069484710693359375,-0.05,0.5278642861499276,0.3589760363101959,0.2,0.0,-0.0,-0.0,-0.0,0.4294552087783814,0.5368190109729767,-0.0,0.0,-0.0,-0.0,0.0,0.0,0.0,0.3392291791086786,-0.0,-0.0,-0.0,0.02,0.0,0.0,0.0,0.0,0.0,0.0,0.3589760363101959,31.918857685513792,32.4,0.0,0.6,0.0,1.0,2.0,4.0,0.0,1.0,0.0,1.0,0.0,0.0,0.0,0.0,0.0,0.0,0.0,0.0,0.0,0.0,0.0,0.0,0.0,0.0,0.0,0.0,0.0,0.0,0.0,6.7865447998046875,77.96954345703125,6.696390151977539,78.27658081054688,-0.09015464782714844,0.307037353515625,0.31999969482421875,1.856396703397818,-0.28173375129699707,0.9594926834106445,1.0,2.8477401733398438,91.38381958007812,0.0,28.0,28.0,28.0,0.0,0.0,0.0,0.0,0.0,1.0,120.0,1.0,1.0,1.0,0.0,0.0,120.16229995060712,0.6168999243527651,9.875499992631376,95.39100003894418,62.87669995799661,4.0,10.071000084280968,3.355999942868948,0.8059999672695994,0.000400003045797348
1,355,355,0.33262352902282544,0,0,2.0,4.0,0.5059471726417542,0.9223939776420593,1.0,1.0,1.0,1.0,0.3991449773311615,1.0,1.0,1.0,1.0,1.0,0.3991449773311615,0.5059471726417542,1.0,0.3991449773311615,1.0,0.0,0.03138060122728348,-0.11213906854391098,0.11644703894853592,-0.9630048871040344,0.4559836685657501,-0.6020069718360901,0.0,0.000182403702638112,0.9727264642715454,0.2319551706314087,0.0,0.023159049451351166,0.004021786618977785,0.0,0.0,0.0,13.969741821289062,9.97862434387207,12.648679733276367,25.0,25.0,9.97862434387207,0.023159049451351166,0.9768409505486488,0.39914497375488284,0.5059471893310546,0.0,0.0,0.0,0.0,0.0,1.8501879471715628,-3.2248565418383484,0.7222679897316305,0.9650241339579805,0.02,-0.0,-0.00033651726698731967,-0.005541874146303254,0.0,0.15,-0.0,0.0,0.0,-3.7054479122161865,0.0,0.0,0.0,0.0,0.35,0.0,0.0,0.0,0.0,0.0,0.0,0.0,0.0,0.26505338214337826,-0.0,-0.031219482421875,0.0,1.2382590182506412,-0.36491202162772723,-0.003902435302734375,-0.003902435302734375,-0.05,0.5293224688537924,0.3599676787853241,0.2,0.0,-0.0,-0.0,-0.0,0.4294552087783814,0.5368190109729767,-0.0,0.0,-0.0,-0.0,0.0,0.0,0.0,0.33646976179112886,-0.0,-0.0,-0.001250085793377543,0.02,0.0,0.0,0.0,0.0,0.0,0.0,0.3599676787853241,32.463641794212165,32.4,1.0,0.0,0.0,1.0,2.0,4.0,0.0,1.0,0.0,1.0,0.0,0.0,0.0,0.0,0.0,0.0,0.0,0.0,0.0,0.0,0.0,0.0,0.0,0.0,0.0,0.0,0.0,0.0,0.0,6.696532726287842,78.27635192871094,6.610297679901123,78.58451080322266,-0.08623504638671875,0.30815887451171875,0.3199974596500397,1.8436562657067272,-0.26948389410972595,0.9630048871040344,1.0,2.9308605194091797,91.73303985595703,0.0,28.0,28.0,28.0,0.0,0.0,0.0,0.0,0.0,1.0,120.0,1.0,1.0,1.0,0.0,0.0,168.40859991498291,0.5812000017613173,7.928699953481555,118.3543000370264,50.99789996165782,4.0,34.04880000744015,6.423400016501546,1.0293000377714634,0.0004998873919248581
1,356,356,-0.7556925291251255,0,0,2.0,4.0,0.5059471726417542,0.9223939776420593,1.0,1.0,1.0,1.0,0.3991449773311615,1.0,1.0,1.0,1.0,1.0,0.3991449773311615,0.5059471726417542,1.0,0.3991449773311615,1.0,0.0,0.029968183487653732,-0.11249110102653503,0.11641451716423035,-0.9662978649139404,0.46376630663871765,0.4729028642177582,0.0,0.000182403702638112,0.9727286696434021,0.23194585740566254,0.0,0.023159049451351166,0.004021786618977785,0.0,0.0,0.0,13.965469360351562,9.876795768737793,12.386765480041504,25.0,25.0,9.876795768737793,0.02764776162803173,0.9723522383719683,0.39507183074951174,0.49547061920166013,0.0,0.0,0.0,0.0,0.0,1.8489507443108721,-4.138350901315833,0.7090270464889773,0.8046805813908577,0.02,-0.0,-0.00033651726698731967,-0.005772262783493608,-0.08468399047851562,0.15,-0.10182857513427734,0.0,0.0,-4.423641860485077,0.0,0.0,0.0,0.0,0.35,0.0,0.0,0.0,0.0,0.0,0.0,0.0,0.0,0.2679710450582206,-0.0,-0.0341796875,0.0,1.2308965410652737,-0.35429803512636987,-0.0042724609375,-0.0042724609375,-0.05,0.523263465093828,0.3572376072406769,0.2,0.0,-0.0,-0.0,-0.0,0.35763581395149235,0.4470447674393654,-0.0,0.0,-0.0,-0.0,0.0,0.0,0.0,0.3279123048325183,-0.0,-0.0,-0.0,0.02,0.0,0.0,0.0,0.0,0.0,0.0,0.3572376072406769,31.776124280132354,32.4,0.0,0.6,0.0,1.0,2.0,4.0,0.0,1.0,0.0,1.0,0.0,0.0,0.0,0.0,0.0,0.0,0.0,0.0,0.0,0.0,0.0,0.0,0.0,0.0,0.0,0.0,0.0,0.0,0.0,6.610438823699951,78.58428192138672,6.528062343597412,78.89349365234375,-0.08237648010253906,0.30921173095703125,0.31999653577804565,1.8311572195504247,-0.25742653012275696,0.9662978649139404,1.0,3.014256715774536,92.08321380615234,0.0,28.0,28.0,28.0,0.0,0.0,0.0,0.0,0.0,1.0,120.0,1.0,1.0,1.0,0.0,0.0,113.8855000026524,0.7634999928995967,8.12060001771897,58.80150001030415,26.194400037638843,4.0,42.54890000447631,3.0245999805629253,0.5834000185132027,0.000400003045797348
1,357,357,-0.05789186928228131,0,0,2.0,3.0,0.4954706132411957,0.9033295512199402,1.0,1.0,1.0,1.0,0.3950718343257904,1.0,1.0,1.0,1.0,1.0,0.3950718343257904,0.4954706132411957,1.0,0.3950718343257904,1.0,0.0,0.02859213575720787,-0.11281197518110275,0.11637891083955765,-0.9693506360054016,0.4539446234703064,-0.5968034267425537,0.0,-0.00011391665611881763,0.9727268815040588,0.23195353150367737,0.0,0.02764776162803173,0.00480129336938262,0.0,0.0,0.0,13.962884902954102,9.876795768737793,12.386765480041504,25.0,25.0,9.876795768737793,0.02764776162803173,0.9723522383719683,0.39507183074951174,0.49547061920166013,0.0,0.0,0.0,0.0,0.0,1.863399571544075,-3.1574701816039887,0.6979023451847114,0.518276395592921,0.02,-0.0,-0.00033651726698731967,-0.005772262783493608,0.0,0.15,-0.0,0.0,0.0,-3.627386293957411,0.0,0.0,0.0,0.0,0.35,0.0,0.0,0.0,0.0,0.0,0.0,0.0,0.0,0.2679710450582206,-0.0,-0.0206756591796875,0.0,1.2373122329228083,-0.34626489975070174,-0.0025844573974609375,-0.0025844573974609375,-0.05,0.5228678386344421,0.3569675087928772,0.2,0.0,-0.0,-0.0,-0.0,0.25034506550269353,0.31293133187836686,-0.0,0.0,-0.0,-0.0,0.0,0.0,0.0,0.3260248924039032,-0.04500000178813934,-0.0,-0.0,0.02,0.0,0.0,0.0,0.0,0.0,0.0,0.3569675087928772,32.1457818261534,32.4,0.7326086850269979,0.0,0.0,0.699999988079071,2.0,3.0,0.0,0.699999988079071,0.0,0.699999988079071,0.0,0.0,0.0,0.0,0.0,0.0,0.0,0.0,0.0,0.0,0.0,0.0,0.0,0.0,0.0,0.0,0.0,0.0,0.0,6.528201580047607,78.89326477050781,6.449584484100342,79.20346069335938,-0.07861709594726562,0.3101959228515625,0.3200033903121948,1.8190131522906552,-0.24568141996860504,0.9693506956100464,1.0,3.0971453189849854,92.43070220947266,0.0,28.0,28.0,28.0,0.0,0.0,0.0,0.0,0.0,1.0,120.0,1.0,1.0,1.0,0.0,0.0,45.9055999526754,0.5989999044686556,11.361600016243756,23.967199958860874,9.285500040277839,4.0,5.351300002075732,3.834499977529049,0.7452999707311392,0.000300002284348011
1,358,358,8.957808936977152,0,0,2.0,4.0,0.4954706132411957,0.9033295512199402,1.0,1.0,1.0,1.0,0.3950718343257904,1.0,1.0,1.0,1.0,1.0,0.3950718343257904,0.4954706132411957,1.0,0.3950718343257904,1.0,0.0,0.027246976271271706,-0.11312223970890045,0.11635737121105194,-0.9721965789794922,0.45922544598579407,0.32088327407836914,0.0,-0.00011391665611881763,0.9727247953414917,0.2319621741771698,0.0,0.02764776162803173,0.00480129336938262,0.0,0.0,0.0,13.968037605285645,9.776808738708496,20.874208450317383,25.0,25.0,9.776808738708496,0.0,1.0,0.39107234954833986,0.8349683380126953,0.0,0.0,0.0,0.0,0.0,1.9591367799206523,4.492942326521261,0.7752153533697128,1.710514477165527,0.02,-0.0,-0.00033651726698731967,-0.006007802128042005,3.994000778198242,0.15,-0.09998703002929688,0.0,0.0,-0.0,0.0,0.0,0.0,0.0,0.35,0.0,0.0,0.0,0.0,0.0,0.0,0.0,0.0,0.25,-0.0,0.020610809326171875,0.0,1.3033987283706665,-0.3442619484500142,0.005152702331542969,0.005152702331542969,-0.05,0.5452153533697128,0.3634769022464752,0.2,0.0,-0.0,-0.0,-0.0,0.8,1.0,-0.0,0.0,-0.0,-0.0,0.0,0.0,0.0,0.45527289774734525,-0.04500000178813934,-0.0,-0.0444855210463338,0.02,0.0,0.0,0.0,0.0,0.0,0.0,0.3634769022464752,32.77964863780886,32.4,1.0,0.0,0.0,1.0,2.0,4.0,0.0,1.0,0.0,1.0,0.0,0.0,0.0,0.0,0.0,0.0,0.0,0.0,0.0,0.0,0.0,0.0,0.0,0.0,0.0,0.0,0.0,0.0,0.0,6.4497222900390625,79.20323181152344,6.374789237976074,79.51433563232422,-0.07493305206298828,0.31110382080078125,0.32000085711479187,1.8071560959001598,-0.23416629433631897,0.9721965789794922,1.0,3.1800851821899414,92.77790069580078,0.0,28.0,28.0,28.0,0.0,0.0,0.0,0.0,0.0,1.0,120.0,1.0,1.0,1.0,0.0,0.0,75.03009994979948,0.9717999491840601,8.561499998904765,55.8051000116393,27.816400048322976,4.0,5.93079999089241,2.7984000043943524,0.9159999899566174,0.000400003045797348
1,359,359,5.147686792478627,0,0,2.0,4.0,0.8349683284759521,0.8843185305595398,1.0,1.0,1.0,1.0,0.3910723626613617,1.0,1.0,1.0,1.0,1.0,0.3910723626613617,0.8349683284759521,1.0,0.3910723626613617,1.0,0.0,0.02591993845999241,-0.11347770690917969,0.11640031635761261,-0.9748917818069458,0.46828070282936096,0.5502316355705261,0.0,-0.00011204863403690979,0.9727239608764648,0.23196569085121155,0.0,0.0,0.0,0.0,0.0,0.0,13.972554206848145,9.776808738708496,20.874208450317383,25.0,25.0,9.776808738708496,0.0,1.0,0.39107234954833986,0.8349683380126953,0.0,0.0,0.0,0.0,0.0,1.9672949320738837,0.5894434098394054,0.7709484505653381,1.8,0.02,-0.0,-0.00033651726698731967,-0.006007802128042005,0.0,0.15,-0.0,0.0,0.0,-0.0,0.0,0.0,0.0,0.0,0.35,0.0,0.0,0.0,0.0,0.0,0.0,0.0,0.0,0.25,-0.0,0.01806640625,0.0,1.3006218671798706,-0.3333269351059868,0.0045166015625,0.0045166015625,-0.05,0.5409484505653381,0.3606323003768921,0.2,0.0,-0.0,-0.0,-0.0,0.8,1.0,-0.0,0.0,-0.0,-0.0,0.0,0.0,0.0,0.4457877292344347,-0.0,-0.0,-0.0,0.02,0.0,0.0,0.0,0.0,0.0,0.0,0.3606323003768921,32.096716504879296,32.4,0.0,0.6,0.0,1.0,2.0,4.0,0.0,1.0,0.0,1.0,0.0,0.0,0.0,0.0,0.0,0.0,0.0,0.0,0.0,0.0,0.0,0.0,0.0,0.0,0.0,0.0,0.0,0.0,0.0,6.374925136566162,79.51410675048828,6.3036675453186035,79.8260726928711,-0.0712575912475586,0.3119659423828125,0.32000061869621277,1.7953584983099846,-0.2226792871952057,0.9748917818069458,1.0,3.2645325660705566,93.13143157958984,0.0,28.0,28.0,28.0,0.0,0.0,0.0,0.0,0.0,1.0,120.0,1.0,1.0,1.0,0.0,0.0,46.846200013533235,0.6525999633595347,8.063200046308339,27.746799984015524,14.073600061237812,4.0,6.133800023235381,3.4761999268084764,0.735500012524426,0.000400003045797348
1,360,360,4.911285793818482,0,0,2.0,4.0,0.8349683284759521,0.8843185305595398,1.0,1.0,1.0,1.0,0.3910723626613617,1.0,1.0,1.0,1.0,1.0,0.3910723626613617,0.8349683284759521,1.0,0.3910723626613617,1.0,0.0,0.0246299859136343,-0.11380316317081451,0.11643794924020767,-0.9773717522621155,0.45852452516555786,-0.5928230285644531,0.0,-0.00011204863403690979,0.9727242588996887,0.23196455836296082,0.0,0.0,0.0,0.0,0.0,0.0,13.979715347290039,9.671271324157715,20.420522689819336,25.0,25.0,9.671271324157715,0.0,1.0,0.3868508529663086,0.8168209075927735,0.0,0.0,0.0,0.0,0.0,1.9850645575491437,0.3484360985068491,0.7723280894756317,1.7854570482868584,0.02,-0.0,-0.00033651726698731967,-0.006266850682673706,-0.14243797302246092,0.15,-0.10553741455078125,0.0,0.0,-0.0,0.0,0.0,0.0,0.0,0.35,0.0,0.0,0.0,0.0,0.0,0.0,0.0,0.0,0.25,-0.0,0.028644561767578125,0.0,1.31105375289917,-0.32598919535002624,0.007161140441894531,0.007161140441894531,-0.05,0.5423280894756317,0.36155205965042114,0.2,0.0,-0.0,-0.0,-0.0,0.8,1.0,-0.0,0.0,-0.0,-0.0,0.0,0.0,0.0,0.4530148540297523,-0.0,-0.0,-0.014542951713141685,0.02,0.0,0.0,0.0,0.0,0.0,0.0,0.36155205965042114,32.617069490142164,32.4,1.0,0.0,0.0,1.0,2.0,4.0,0.0,1.0,0.0,1.0,0.0,0.0,0.0,0.0,0.0,0.0,0.0,0.0,0.0,0.0,0.0,0.0,0.0,0.0,0.0,0.0,0.0,0.0,0.0,6.3038010597229,79.82584381103516,6.236111640930176,80.13860321044922,-0.06768941879272461,0.3127593994140625,0.32000046968460083,1.7839355463052957,-0.21152885258197784,0.9773717522621155,1.0,3.348202705383301,93.48222351074219,0.0,28.0,28.0,28.0,0.0,0.0,0.0,0.0,0.0,1.0,120.0,1.0,1.0,1.0,0.0,0.0,67.99560005310923,0.708900042809546,8.565500029362738,50.50469993147999,34.61799991782755,4.0,4.6165999956429005,2.4742999812588096,1.088600023649633,0.000300002284348011
1,361,361,4.516645227207465,0,0,2.0,3.0,0.8168209195137024,0.8651207089424133,1.0,1.0,1.0,1.0,0.38685086369514465,0.3963247537612915,1.0,1.0,1.0,1.0,0.38685086369514465,0.8168209195137024,1.0,0.38685086369514465,1.0,0.0,0.02336897701025009,-0.1141296997666359,0.11649762839078903,-0.9796740412712097,0.4659581482410431,0.4516952931880951,0.0,0.00015067817003000528,0.9727271795272827,0.2319522351026535,0.0,0.0,0.0,0.0,0.0,0.0,13.986051559448242,9.906346321105957,19.9688663482666,25.0,25.0,9.906346321105957,0.0,1.0,0.3962538528442383,0.798754653930664,0.0,0.0,0.0,0.0,0.0,1.9918162743527281,0.5456582221447074,0.7441707539558411,1.2149999767541886,0.02,-0.0,-0.00033651726698731967,-0.005704435021320628,-0.04146690368652342,0.15,-0.0,0.0,0.0,-0.0,0.0,0.0,0.0,0.0,0.35,0.0,0.0,0.0,0.0,0.0,0.0,0.0,0.0,0.25,-0.0,0.0253448486328125,0.0,1.3075568675994873,-0.31574059324675924,0.006336212158203125,0.006336212158203125,-0.05,0.5381707549095154,0.35878050327301025,0.2,0.0,-0.0,-0.0,-0.0,0.5599999904632569,0.699999988079071,-0.0,0.0,-0.0,-0.0,0.0,0.0,0.0,0.4431660781195388,-0.04500000178813934,-0.0,-0.0,0.02,0.0,0.0,0.0,0.0,0.0,0.0,0.35878050327301025,31.90795762460679,32.4,0.0,0.6,0.0,0.699999988079071,2.0,3.0,0.0,0.699999988079071,0.0,0.699999988079071,0.0,0.0,0.0,0.0,0.0,0.0,0.0,0.0,0.0,0.0,0.0,0.0,0.0,0.0,0.0,0.0,0.0,0.0,0.0,6.236243724822998,80.13837432861328,6.172053813934326,80.45187377929688,-0.06418991088867188,0.31349945068359375,0.3200035095214844,1.7727577362667988,-0.2005961537361145,0.9796740412712097,1.0,3.431966543197632,93.83393859863281,0.0,28.0,28.0,28.0,0.0,0.0,0.0,0.0,0.0,1.0,120.0,1.0,1.0,1.0,0.0,0.0,93.08270004112273,0.7609000895172358,8.358699968084693,73.01469997037202,32.44089998770505,4.0,6.657500052824616,3.4916000440716743,0.7557999342679977,0.000400003045797348
1,362,362,4.620124237295827,0,0,2.0,3.0,0.7987546324729919,0.8460037708282471,1.0,1.0,1.0,1.0,0.3962538540363312,0.3986218571662903,1.0,1.0,1.0,1.0,0.3962538540363312,0.7987546324729919,1.0,0.3962538540363312,1.0,0.0,0.022142834961414337,-0.11442769318819046,0.11655043065547943,-0.9817869663238525,0.4558279514312744,-0.6155484914779663,0.0,0.0001393735728925094,0.9727293848991394,0.23194287717342377,0.0,0.0,0.0,0.0,0.0,0.0,13.99365234375,9.906346321105957,19.9688663482666,25.0,25.0,9.906346321105957,0.0,1.0,0.3962538528442383,0.798754653930664,0.0,0.0,0.0,0.0,0.0,2.004333572796895,0.5920813166548082,0.743709369301796,1.259999978542328,0.02,-0.0,-0.00033651726698731967,-0.005704435021320628,0.0,0.15,-0.0,0.0,0.0,-0.0,0.0,0.0,0.0,0.0,0.35,0.0,0.0,0.0,0.0,0.0,0.0,0.0,0.0,0.25,-0.0,0.03040313720703125,0.0,1.3124555349349976,-0.3081219621381024,0.0076007843017578125,0.0076007843017578125,-0.05,0.5377093702554703,0.35847291350364685,0.2,0.0,-0.0,-0.0,-0.0,0.5599999904632569,0.699999988079071,-0.0,0.0,-0.0,-0.0,0.0,0.0,0.0,0.44812226894311613,-0.0,-0.0,-0.0,0.02,0.0,0.0,0.0,0.0,0.0,0.0,0.35847291350364685,32.264803363904356,32.4,0.7326086850269979,0.0,0.0,0.699999988079071,2.0,3.0,0.0,0.699999988079071,0.0,0.699999988079071,0.0,0.0,0.0,0.0,0.0,0.0,0.0,0.0,0.0,0.0,0.0,0.0,0.0,0.0,0.0,0.0,0.0,0.0,0.0,6.172183990478516,80.45164489746094,6.111388683319092,80.76581573486328,-0.06079530715942383,0.31417083740234375,0.3199990391731262,1.7619441188002007,-0.1899850219488144,0.9817869663238525,1.0,3.5150437355041504,94.18296813964844,0.0,28.0,28.0,28.0,0.0,0.0,0.0,0.0,0.0,1.0,120.0,1.0,1.0,1.0,0.0,0.0,65.51440001931041,0.770400045439601,8.928700000979006,40.7013000221923,18.425900023430586,4.0,7.736700004898012,5.099399946630001,2.2333000088110566,0.000500003807246685
1,363,363,4.423703054978642,0,0,2.0,3.0,0.7987546324729919,0.8460037708282471,1.0,1.0,1.0,1.0,0.3962538540363312,0.3986218571662903,1.0,1.0,1.0,1.0,0.3962538540363312,0.7987546324729919,1.0,0.3962538540363312,1.0,0.0,0.02094481699168682,-0.11471741646528244,0.11661376804113388,-0.9837381839752197,0.46092575788497925,0.3097619116306305,0.0,0.0001393735728925094,0.9727303981781006,0.23193882405757904,0.0,0.0,0.0,0.0,0.0,0.0,14.007530212402344,9.839120864868164,19.516502380371094,25.0,25.0,9.839120864868164,0.0,1.0,0.3935648345947266,0.7806600952148437,0.0,0.0,0.0,0.0,0.0,2.0323044793829013,0.3912681822911424,0.7515697169303894,1.2285606763742085,0.02,-0.0,-0.00033651726698731967,-0.005859909317904932,-0.1397427177429199,0.15,-0.06722545623779297,0.0,0.0,-0.0,0.0,0.0,0.0,0.0,0.35,0.0,0.0,0.0,0.0,0.0,0.0,0.0,0.0,0.25,-0.0,0.055511474609375,0.0,1.337483525276184,-0.30517904589328276,0.01387786865234375,0.01387786865234375,-0.05,0.5455697178840637,0.3637131452560425,0.2,0.0,-0.0,-0.0,-0.0,0.5599999904632569,0.699999988079071,-0.0,0.0,-0.0,-0.0,0.0,0.0,0.0,0.45443278285674754,-0.0,-0.0,-0.031439302168119354,0.02,0.0,0.0,0.0,0.0,0.0,0.0,0.3637131452560425,32.71916036568582,32.4,0.7326086850269979,0.0,0.0,0.699999988079071,2.0,3.0,0.0,0.699999988079071,0.0,0.699999988079071,0.0,0.0,0.0,0.0,0.0,0.0,0.0,0.0,0.0,0.0,0.0,0.0,0.0,0.0,0.0,0.0,0.0,0.0,0.0,6.111516952514648,80.76558685302734,6.054042339324951,81.08038330078125,-0.057474613189697266,0.31479644775390625,0.32000023126602173,1.7513843289931237,-0.17960844933986664,0.9837381839752197,1.0,3.5981388092041016,94.53167724609375,0.0,28.0,28.0,28.0,0.0,0.0,0.0,0.0,0.0,1.0,120.0,1.0,1.0,1.0,0.0,0.0,65.67300006281585,0.7193000055849552,8.913500001654029,48.9654999691993,25.411800015717745,4.0,3.786000073887408,2.5768999475985765,0.6626000395044684,0.000400003045797348
1,364,364,5.168699668044439,0,0,2.0,4.0,0.780660092830658,0.8268149495124817,1.0,1.0,1.0,1.0,0.39404061436653137,0.3935648202896118,1.0,1.0,1.0,1.0,0.3935648202896118,0.780660092830658,1.0,0.3935648202896118,1.0,0.0,0.01976323127746582,-0.11504421383142471,0.11672941595315933,-0.9855631589889526,0.46741658449172974,0.39440712332725525,0.0,-9.241683437721804e-05,0.972729504108429,0.23194251954555511,0.0,0.0,0.0,0.0,0.0,0.0,14.019509315490723,9.839120864868164,19.516502380371094,25.0,25.0,9.839120864868164,0.0,1.0,0.3935648345947266,0.7806600952148437,0.0,0.0,0.0,0.0,0.0,2.0348092382799603,0.5887551820571122,0.7701352494955063,1.7549999982118607,0.02,-0.0,-0.00033651726698731967,-0.005859909317904932,0.0,0.15,-0.0,0.0,0.0,-0.0,0.0,0.0,0.0,0.0,0.35,0.0,0.0,0.0,0.0,0.0,0.0,0.0,0.0,0.25,-0.0,0.047916412353515625,0.0,1.3297145366668701,-0.29490529838690993,0.011979103088378906,0.011979103088378906,-0.05,0.5401352494955063,0.3600901663303375,0.2,0.0,-0.0,-0.0,-0.0,0.8,1.0,-0.0,0.0,-0.0,-0.0,0.0,0.0,0.0,0.44495160864200445,-0.04500000178813934,-0.0,-0.0,0.02,0.0,0.0,0.0,0.0,0.0,0.0,0.3600901663303375,32.036515822224324,32.4,0.0,0.6,0.0,1.0,2.0,4.0,0.0,1.0,0.0,1.0,0.0,0.0,0.0,0.0,0.0,0.0,0.0,0.0,0.0,0.0,0.0,0.0,0.0,0.0,0.0,0.0,0.0,0.0,0.0,6.054168701171875,81.08014678955078,5.999990463256836,81.3955307006836,-0.05417823791503906,0.3153839111328125,0.32000356912612915,1.7409208640969673,-0.16930806636810303,0.9855631589889526,1.0,3.6825809478759766,94.88545227050781,0.0,28.0,28.0,28.0,0.0,0.0,0.0,0.0,0.0,1.0,120.0,1.0,1.0,1.0,0.0,0.0,42.994000017642975,0.5808999994769692,7.910100044682622,24.883899954147637,11.64379995316267,4.0,5.761599983088672,3.0918000265955925,0.7302999729290605,0.000500003807246685
1,365,365,4.755615621497136,0,0,2.0,4.0,0.780660092830658,0.8268149495124817,1.0,1.0,1.0,1.0,0.39404061436653137,0.3935648202896118,1.0,1.0,1.0,1.0,0.3935648202896118,0.780660092830658,1.0,0.3935648202896118,1.0,0.0,0.018615543842315674,-0.11533661186695099,0.11682924628257751,-0.9872238039970398,0.45766451954841614,-0.5925734043121338,0.0,-9.241683437721804e-05,0.9727258682250977,0.23195770382881165,0.0,0.0,0.0,0.0,0.0,0.0,14.033798217773438,9.755678176879883,19.06454086303711,12.641586303710938,25.0,9.755678176879883,0.0,1.0,0.3902271270751953,0.7625816345214844,0.0,0.0,0.0,0.0,0.0,2.0505020852652707,0.12163583848485995,0.7715992885828018,1.7918784091642037,0.02,-0.0,-0.010520657152251967,-0.006058796626664157,-0.3805950164794922,0.15,-0.08344268798828125,0.0,0.0,-0.0,0.0,0.0,0.0,0.0,0.35,0.0,0.0,0.0,0.0,0.0,0.0,0.0,0.0,0.25,-0.0,0.057155609130859375,0.0,1.3388155698776245,-0.2883134846123539,0.014288902282714844,0.014288902282714844,-0.05,0.5415992885828018,0.36106619238853455,0.2,0.0,-0.0,-0.0,-0.0,0.8,1.0,-0.0,0.0,-0.0,-0.0,0.0,0.0,0.0,0.4522529967315495,-0.0,-0.0,-0.00812159083579625,0.02,0.0,0.0,0.0,0.0,0.0,0.0,0.36106619238853455,32.56221576467156,32.4,1.0,0.0,0.0,1.0,2.0,4.0,0.0,1.0,0.0,1.0,0.0,0.0,0.0,0.0,0.0,0.0,0.0,0.0,0.0,0.0,0.0,0.0,0.0,0.0,0.0,0.0,0.0,0.0,0.0,6.000114440917969,81.39529418945312,5.94912576675415,81.7112045288086,-0.05098867416381836,0.31591033935546875,0.31999874114990234,1.7308186447810756,-0.1593397557735443,0.9872238039970398,1.0,3.766249179840088,95.23568725585938,0.0,28.0,28.0,28.0,0.0,0.0,0.0,0.0,0.0,1.0,120.0,1.0,1.0,1.0,0.0,0.0,101.90539993345737,0.7622999837622046,8.151500020176172,76.75690005999058,31.24259994365275,4.0,11.779700056649745,3.472800017334521,0.9390999330207705,0.000500003807246685
1,366,366,5.218447810740434,0,0,2.0,4.0,0.7625816464424133,0.8076346516609192,1.0,1.0,1.0,0.5056634545326233,0.3929689824581146,0.39022713899612427,1.0,1.0,1.0,1.0,0.39022713899612427,0.7625816464424133,0.5056634545326233,0.39022713899612427,1.0,0.0,0.017492948099970818,-0.11563263088464737,0.11694832146167755,-0.9887498617172241,0.46517449617385864,0.45633676648139954,0.0,-6.72926107654348e-05,0.9727249145507812,0.2319616824388504,0.0,0.0,0.0,0.0,0.0,0.0,14.04688549041748,9.755678176879883,19.06454086303711,12.641586303710938,25.0,9.755678176879883,0.0,1.0,0.3902271270751953,0.7625816345214844,0.0,0.0,0.0,0.0,0.0,2.0549947089094096,0.5759954568916027,0.7674576449394226,1.8,0.02,-0.0,-0.010520657152251967,-0.006058796626664157,0.0,0.15,-0.0,0.0,0.0,-0.0,0.0,0.0,0.0,0.0,0.35,0.0,0.0,0.0,0.0,0.0,0.0,0.0,0.0,0.25,-0.0,0.052349090576171875,0.0,1.3338457345962524,-0.27885102568684295,0.013087272644042969,0.013087272644042969,-0.05,0.5374576449394226,0.35830509662628174,0.2,0.0,-0.0,-0.0,-0.0,0.8,1.0,-0.0,0.0,-0.0,-0.0,0.0,0.0,0.0,0.44257491067051885,-0.0,-0.0,-0.0,0.02,0.0,0.0,0.0,0.0,0.0,0.0,0.35830509662628174,31.86539356827736,32.4,0.0,0.6,0.0,1.0,2.0,4.0,0.0,1.0,0.0,1.0,0.0,0.0,0.0,0.0,0.0,0.0,0.0,0.0,0.0,0.0,0.0,0.0,0.0,0.0,0.0,0.0,0.0,0.0,0.0,5.94924783706665,81.71096801757812,5.901382923126221,82.0273666381836,-0.04786491394042969,0.31639862060546875,0.3199986517429352,1.7209382707727912,-0.14957845211029053,0.9887498021125793,1.0,3.8500940799713135,95.58688354492188,0.0,28.0,28.0,28.0,0.0,0.0,0.0,0.0,0.0,1.0,120.0,1.0,1.0,1.0,0.0,0.0,42.91590000502765,0.6964999483898282,10.102500091306865,26.048000087030232,13.38929997291416,4.0,3.467000089585781,1.797799952328205,0.763299991376698,0.000500003807246685
1,367,367,8.484451368373623,0,0,2.0,4.0,0.7625816464424133,0.8076346516609192,1.0,1.0,1.0,0.5056634545326233,0.3929689824581146,0.39022713899612427,1.0,1.0,1.0,1.0,0.39022713899612427,0.7625816464424133,0.5056634545326233,0.39022713899612427,1.0,0.0,0.016402779147028923,-0.11590245366096497,0.11705737560987473,-0.9901337027549744,0.45521989464759827,-0.6048803925514221,0.0,-6.72926107654348e-05,0.9727257490158081,0.23195818066596985,0.0,0.0,0.0,0.0,0.0,0.0,44.651371002197266,9.70760440826416,18.61309814453125,19.686769485473633,25.0,9.70760440826416,0.0,1.0,0.3883041763305664,0.74452392578125,0.0,0.0,0.0,0.0,0.0,2.3391774892807007,2.0063539801266916,2.318929775357246,1.7999901236089864,0.02,-0.0,-0.0011571446946426476,-0.006176431709014669,1.4616827583312988,0.15,-0.048073768615722656,0.0,0.0,-0.0,0.0,0.0,0.0,0.0,0.35,0.0,0.0,0.0,0.0,0.0,0.0,0.0,0.0,0.25,-0.0,8.0,0.0,1.3391774892807007,-0.0,30.604485511779785,2.0,1.5,0.5389297753572464,0.35928651690483093,0.2,0.0,-0.0,-0.0,-0.0,0.8,1.0,-0.0,0.0,-0.0,-0.0,0.0,0.0,0.0,0.4500785668147728,-0.0,-0.0,-9.876391013665699e-06,0.02,0.0,0.0,0.0,0.0,0.0,0.0,0.35928651690483093,32.40565681066364,32.4,1.0,0.0,0.0,1.0,2.0,4.0,0.0,1.0,0.0,1.0,0.0,0.0,0.0,0.0,0.0,0.0,0.0,0.0,0.0,0.0,0.0,0.0,0.0,0.0,0.0,0.0,0.0,0.0,0.0,5.901503086090088,82.02713012695312,5.856662750244141,82.3439712524414,-0.044840335845947266,0.31684112548828125,0.3199983537197113,1.711385766637347,-0.14012597501277924,0.9901337027549744,1.0,3.9331696033477783,95.9354248046875,0.0,28.0,28.0,28.0,0.0,0.0,0.0,0.0,0.0,1.0,120.0,1.0,1.0,1.0,0.0,0.0,202.53740006592125,0.7883000653237104,8.930000010877848,123.81709995679557,56.981800007633865,4.0,48.542700009420514,8.703400031663477,11.71200000680983,0.000600004568696022
1,368,368,6.114965409722041,0,0,2.0,4.0,0.7445239424705505,0.7885671854019165,1.0,1.0,1.0,0.7874707579612732,0.391185462474823,0.3883041739463806,1.0,1.0,1.0,1.0,0.3883041739463806,0.7445239424705505,0.7874707579612732,0.3883041739463806,1.0,0.0,0.051055990159511566,-0.3685753643512726,0.3720947504043579,-0.9905416369438171,0.46293795108795166,0.46897849440574646,0.0,0.00018808235472533852,0.9727286696434021,0.2319459468126297,0.0,0.0,0.0,0.0,0.0,0.0,93.37442016601562,18.164033889770508,18.164033889770508,19.237268447875977,25.0,25.0,0.0,1.0,0.7265613555908204,0.7265613555908204,0.0,0.0,0.0,0.0,0.0,2.3296568393707275,1.2004927224776263,0.7648158478736877,1.8,0.02,-0.0,-0.0013169892478082702,-1.3619978928745457e-05,0.6113405990600587,0.15,-0.0,0.0,0.0,-0.0,0.0,0.0,0.0,0.0,0.35,0.0,0.0,0.0,0.0,0.0,0.0,0.0,0.0,0.25,-0.0,8.0,0.0,1.3296568393707275,-0.0,48.72304916381836,2.0,-0.05,0.5348158478736877,0.3565438985824585,0.2,0.0,-0.0,-0.0,-0.0,0.8,1.0,-0.0,0.0,-0.0,-0.0,0.0,0.0,0.0,0.4404827326443046,-0.0,-0.0,-0.0,0.02,0.0,0.0,0.0,0.0,0.0,0.0,0.3565438985824585,31.71475675038993,32.4,0.0,0.6,0.0,1.0,2.0,4.0,0.0,1.0,0.0,1.0,0.0,0.0,0.0,0.0,0.0,0.0,0.0,0.0,0.0,0.0,0.0,0.0,0.0,0.0,0.0,0.0,0.0,0.0,0.0,10.143099784851074,52.05590057373047,10.099191665649414,52.37287521362305,-0.043908119201660156,0.3169746398925781,0.3200013041496277,1.708442871719826,-0.137212336063385,0.9905416369438171,1.0,4.016380786895752,96.28494262695312,0.0,28.0,28.0,28.0,0.0,0.0,0.0,0.0,0.0,1.0,120.0,1.0,1.0,1.0,0.0,0.0,232.24149993620813,0.7424999494105577,14.683000044897199,155.98969999700785,56.967000011354685,4.0,37.58859995286912,11.853300034999847,11.336200055666268,0.000400003045797348
1,369,369,4.898652226153623,0,0,2.0,3.0,0.7265613675117493,0.7695181369781494,1.0,1.0,1.0,0.7694907188415527,1.0,1.0,1.0,1.0,1.0,1.0,0.7265613675117493,0.7265613675117493,0.7694907188415527,1.0,1.0,0.0,0.10569944232702255,-0.7709076404571533,0.7781201601028442,-0.990730881690979,0.45306795835494995,-0.5997396111488342,0.0,6.68613938614726e-05,0.9727301597595215,0.23193971812725067,0.0,0.0,0.0,0.0,0.0,0.0,129.15768432617188,18.164033889770508,18.164033889770508,19.237268447875977,25.0,25.0,0.0,1.0,0.7265613555908204,0.7265613555908204,0.0,0.0,0.0,0.0,0.0,2.3289947509765625,0.594247290912878,0.7404102075099945,1.2149999767541886,0.02,-0.0,-0.0013169892478082702,-1.3619978928745457e-05,0.0,0.15,-0.0,0.0,0.0,-0.0,0.0,0.0,0.0,0.0,0.35,0.0,0.0,0.0,0.0,0.0,0.0,0.0,0.0,0.25,-0.0,8.0,0.0,1.3289947509765625,-0.0,35.78326416015625,2.0,-0.05,0.5344102084636688,0.35627347230911255,0.2,0.0,-0.0,-0.0,-0.0,0.5599999904632569,0.699999988079071,-0.0,0.0,-0.0,-0.0,0.0,0.0,0.0,0.44557790013961496,-0.04500000178813934,-0.0,-0.0,0.02,0.0,0.0,0.0,0.0,0.0,0.0,0.35627347230911255,32.08160881005228,32.4,0.7326086850269979,0.0,0.0,0.699999988079071,2.0,3.0,0.0,0.699999988079071,0.0,0.699999988079071,0.0,0.0,0.0,0.0,0.0,0.0,0.0,0.0,0.0,0.0,0.0,0.0,0.0,0.0,0.0,0.0,0.0,0.0,0.0,16.782899856567383,4.122869968414307,16.739431381225586,4.439903736114502,-0.043468475341796875,0.3170337677001953,0.3199998736381531,1.7070566321544813,-0.13583949208259583,0.9907308220863342,1.0,4.098966121673584,96.63179016113281,0.0,28.0,28.0,28.0,0.0,0.0,0.0,0.0,0.0,1.0,120.0,1.0,1.0,1.0,0.0,0.0,277.05919998697937,0.7224000291898847,14.831000007689,107.70359996240586,33.80450000986457,4.0,92.30799996294081,28.31179997883737,33.14379998482764,0.000400003045797348
1,370,370,4.576358582287183,0,0,2.0,3.0,0.7265613675117493,0.7695181369781494,1.0,1.0,1.0,0.7694907188415527,1.0,1.0,1.0,1.0,1.0,1.0,0.7265613675117493,0.7265613675117493,0.7694907188415527,1.0,1.0,0.0,0.14514166116714478,-1.0,1.0,-0.99086594581604,0.45830869674682617,0.3184479773044586,0.0,6.68613938614726e-05,0.9727303385734558,0.2319389283657074,0.0,0.0,0.0,0.0,0.0,0.0,197.6782989501953,17.714887619018555,17.714887619018555,18.78887176513672,25.0,25.0,0.0,1.0,0.7085955047607422,0.7085955047607422,0.0,0.0,0.0,0.0,0.0,2.142158031463623,0.4118562078395687,0.7482640731334687,1.2540802698505225,0.02,-0.0,-0.001502180106565893,-1.3619978928745457e-05,-0.18855148315429687,0.15,-0.0,0.0,0.0,-0.0,0.0,0.0,0.0,0.0,0.35,0.0,0.0,0.0,0.0,0.0,0.0,0.0,0.0,0.25,-0.0,8.0,0.0,1.142158031463623,-0.0,68.52061462402344,2.0,-0.05,0.5422640740871429,0.36150938272476196,0.2,0.0,-0.0,-0.0,-0.0,0.5599999904632569,0.699999988079071,-0.0,0.0,-0.0,-0.0,0.0,0.0,0.0,0.45192349107936025,-0.0,-0.0,-0.005919708691805406,0.02,0.0,0.0,0.0,0.0,0.0,0.0,0.36150938272476196,32.53849135771394,32.4,0.7326086850269979,0.0,0.0,0.699999988079071,2.0,3.0,0.0,0.699999988079071,0.0,0.699999988079071,0.0,0.0,0.0,0.0,0.0,0.0,0.0,0.0,0.0,0.0,0.0,1.0,1.0,1.0,24.0,18.0,1.0,1.0,12.0,21.598600387573242,-30.99959945678711,21.349008560180664,-30.799341201782227,-0.24959182739257812,0.2002582550048828,0.31999915838241577,2.4654246526645296,-0.13583983480930328,0.9907308220863342,0.0,4.098966121673584,96.63179016113281,0.0,28.0,28.0,28.0,0.0,0.0,0.0,0.0,0.0,1.0,119.0,1.0,0.0,3.0,0.0,0.04,296.1483000544831,0.7903000805526972,27.553599909879267,200.8574000792578,67.71390000358224,4.0,46.465400024317205,8.604299975559115,11.836400022730231,0.000500003807246685
1,371,371,4.744745468112064,0,0,2.0,3.0,0.7085955142974854,0.7505146265029907,1.0,1.0,1.0,0.7515548467636108,1.0,1.0,1.0,1.0,1.0,1.0,0.7085955142974854,0.7085955142974854,0.7515548467636108,1.0,1.0,0.0,0.6804636716842651,-1.0,1.0,-0.9106977581977844,0.46483558416366577,0.3965994417667389,0.0,-0.00011460688256192952,0.9727292060852051,0.2319437712430954,0.0,0.0,0.0,0.0,0.0,0.0,197.67111206054688,17.714887619018555,17.714887619018555,18.78887176513672,25.0,25.0,0.0,1.0,0.7085955047607422,0.7085955047607422,0.0,0.0,0.0,0.0,0.0,2.1310219764709473,0.5908992280684241,0.742824285030365,1.259999978542328,0.02,-0.0,-0.001502180106565893,-1.3619978928745457e-05,0.0,0.15,-0.0,0.0,0.0,-0.0,0.0,0.0,0.0,0.0,0.35,0.0,0.0,0.0,0.0,0.0,0.0,0.0,0.0,0.25,-0.0,-0.0574951171875,0.0,1.1310219764709473,-0.0,-0.0071868896484375,-0.0071868896484375,-0.05,0.5368242859840393,0.35788285732269287,0.2,0.0,-0.0,-0.0,-0.0,0.5599999904632569,0.699999988079071,-0.0,0.0,-0.0,-0.0,0.0,0.0,0.0,0.4424150281539187,-0.0,-0.0,-0.0,0.02,0.0,0.0,0.0,0.0,0.0,0.0,0.35788285732269287,31.853882027082143,32.4,0.0,0.6,0.0,0.699999988079071,2.0,3.0,0.0,0.699999988079071,0.0,0.699999988079071,0.0,0.0,0.0,0.0,0.0,0.0,0.0,0.0,0.0,0.0,0.0,1.0,1.0,1.0,23.0,17.0,1.0,0.0,11.0,85.92120361328125,-82.69519805908203,85.92556762695312,-82.37522888183594,0.004364013671875,0.31996917724609375,0.31999894976615906,1.5571583159671192,-0.41510578989982605,0.9097731709480286,0.0,4.098966121673584,96.63179016113281,0.0,28.0,28.0,28.0,0.0,1.0,22.0,1.0,0.0,1.0,118.0,1.0,0.0,3.0,0.0,0.08,69.5725999539718,0.7285999599844217,20.852999994531274,40.035199956037104,14.200900099240243,4.0,4.52060007955879,2.7007999597117305,0.686699990183115,0.000400003045797348
1,372,372,3.852330931100923,0,0,3.0,3.0,0.7085955142974854,0.7505146265029907,1.0,1.0,1.0,0.7515548467636108,1.0,1.0,1.0,1.0,1.0,1.0,0.7085955142974854,0.7085955142974854,0.7515548467636108,1.0,1.0,0.0,0.6797980666160583,-1.0,1.0,-0.9108741283416748,0.45505544543266296,-0.5942789316177368,0.0,-0.00011460688256192952,0.9727264642715454,0.23195523023605347,0.0,0.0,0.0,0.0,0.0,0.0,197.6719207763672,17.266674041748047,17.266674041748047,18.339651107788086,25.0,25.0,0.0,1.0,0.6906669616699219,0.6906669616699219,0.0,0.0,0.0,0.0,0.0,2.1300430297851562,0.4070713539560342,0.7423595029115677,0.5528570444481645,0.02,-0.0,-0.0017176517230276162,-1.3619978928745457e-05,-0.18837055206298828,0.15,-0.0,0.0,0.0,-0.0,0.0,0.0,0.0,0.0,0.35,0.0,0.0,0.0,0.0,0.0,0.0,0.0,0.0,0.25,-0.0,0.00323486328125,0.0,1.1300430297851562,-0.0,0.0008087158203125,0.0008087158203125,-0.05,0.536359503865242,0.357573002576828,0.2,0.0,-0.033116367904365056,-0.0,-0.0,0.4378181743621827,0.5472727179527282,-0.15272727012634274,0.0,-0.06664462696422228,-0.1617455832741477,0.0,0.0,0.0,0.44717317772097886,-0.017999999597668646,-0.0,-0.0,0.02,0.0,0.0,0.0,0.0,0.0,0.0,0.357573002576828,32.19646879591048,32.4,0.7326086850269979,0.0,0.25,0.699999988079071,3.0,3.0,0.25,0.699999988079071,0.11999999731779099,0.699999988079071,0.12,1.0,0.0,0.0,0.0,0.25,0.25,1.0,0.13,0.0,0.0,1.0,1.0,1.0,22.0,16.0,1.0,0.0,10.0,85.92447662353516,-82.37544250488281,85.95012664794922,-82.05647277832031,0.0256500244140625,0.3189697265625,0.3199993968009949,1.4905537681257988,-0.4157329797744751,0.909486711025238,0.0,4.098966121673584,96.63179016113281,0.0,28.0,28.0,28.0,0.0,1.0,22.0,0.0,0.0,1.0,117.0,1.0,0.0,3.0,0.0,0.12,54.19980001170188,0.7493000011891127,4.252000013366342,39.86610006541014,18.64460005890578,4.0,5.335099995136261,2.9500999953597784,1.0166000574827194,0.000500003807246685
1,373,373,4.307884110484709,0,0,2.0,2.0,0.6906669735908508,0.7314596772193909,1.0,1.0,1.0,0.7335860729217529,1.0,1.0,1.0,1.0,1.0,1.0,0.6906669735908508,0.6906669735908508,0.7335860729217529,1.0,1.0,0.0,0.6793188452720642,-1.0,1.0,-0.9110066294670105,0.4599495530128479,0.2973843514919281,0.2181818187236786,-0.0012201271019876003,0.9726002216339111,0.23248392343521118,0.0,0.0,0.0,0.0,0.0,0.0,222.2423858642578,17.266674041748047,17.266674041748047,18.339651107788086,25.0,25.0,0.0,1.0,0.6906669616699219,0.6906669616699219,0.0,0.0,0.0,0.0,0.0,2.193119525909424,0.5989028996367955,0.7198232078552246,0.776038477083266,0.02,-0.0,-0.0017176517230276162,-1.3619978928745457e-05,0.0,0.15,-0.0,0.0,0.0,-0.0,0.0,0.0,0.0,0.0,0.35,0.0,0.0,0.0,0.0,0.0,0.0,0.0,0.0,0.25,-0.0,8.0,0.0,1.1931195259094238,-0.0,24.570465087890625,2.0,-0.05,0.5418232083320618,0.3612154722213745,0.2,0.0,-0.0,-0.0,-0.0,0.27999999523162844,0.3499999940395355,-0.0,0.0,-0.0,-0.0,0.20218196578638867,0.0,0.0,0.4506341713387519,-0.05550000071525574,-0.0,-0.0006434772590309559,0.02,0.0,0.0,0.0,0.0,0.0,0.0,0.3612154722213745,32.445660336390134,23.26086922832157,0.4206521686004555,0.0,0.0,0.3499999940395355,2.0,2.0,0.0,0.3499999940395355,0.0,0.3499999940395355,0.0,0.0,0.0,0.0,0.0,0.0,0.0,0.0,0.0,0.0,0.0,1.0,1.0,1.0,21.0,15.0,1.0,0.0,9.0,85.95015716552734,-82.05460357666016,85.9758071899414,-81.73563385009766,0.0256500244140625,0.3189697265625,0.3199993968009949,1.4905537681257988,-0.4164581596851349,0.9091549515724182,0.0,4.098966121673584,96.63179016113281,0.0,28.0,28.0,28.0,0.0,1.0,22.0,0.0,0.0,1.0,116.0,1.0,0.0,3.0,0.0,0.16,112.77820006944239,0.6729000015184283,6.160099990665913,50.486400024965405,27.714300085790455,4.0,31.473400071263313,12.495000031776726,11.445999960415065,0.000500003807246685
1,374,374,4.573954588742525,0,0,2.0,3.0,0.6906669735908508,0.7314596772193909,1.0,1.0,1.0,0.7335860729217529,1.0,1.0,1.0,1.0,1.0,1.0,0.6906669735908508,0.6906669735908508,0.7335860729217529,1.0,1.0,0.0,0.6603952646255493,-1.0,1.0,-0.9342643618583679,0.4635094404220581,0.21631209552288055,0.0,-0.0012201271019876003,0.9717093110084534,0.2361801266670227,0.0,0.0,0.0,0.0,0.0,0.0,239.84385681152344,16.828201293945312,16.828201293945312,17.884199142456055,25.0,25.0,0.0,1.0,0.6731280517578125,0.6731280517578125,0.0,0.0,0.0,0.0,0.0,2.2026487588882446,0.40277430918958834,0.7410315412282944,1.2074999794363976,0.02,-0.0,-0.0019716709846757914,-1.3619978928745457e-05,-0.18619606018066406,0.15,-0.0,0.0,0.0,-0.0,0.0,0.0,0.0,0.0,0.35,0.0,0.0,0.0,0.0,0.0,0.0,0.0,0.0,0.25,-0.0,8.0,0.0,1.2026487588882446,-0.0,17.601470947265625,2.0,-0.05,0.5350315421819687,0.3566876947879791,0.2,0.0,-0.0,-0.0,-0.0,0.5599999904632569,0.699999988079071,-0.0,0.0,-0.0,-0.0,0.0,0.0,0.0,0.44095566033385697,-0.052499999105930326,-0.0,-0.0,0.02,0.0,0.0,0.0,0.0,0.0,0.0,0.3566876947879791,31.748807544037703,32.4,0.0,0.6,0.0,0.699999988079071,2.0,3.0,0.0,0.699999988079071,0.0,0.699999988079071,0.0,0.0,0.0,0.0,0.0,0.0,0.0,0.0,0.0,0.0,0.0,1.0,1.0,1.0,20.0,14.0,1.0,0.0,8.0,83.76329803466797,-109.25599670410156,83.7889404296875,-108.93702697753906,0.02564239501953125,0.3189697265625,0.31999877095222473,1.490577530194891,-0.3608594834804535,0.9326201677322388,0.0,4.098966121673584,96.63179016113281,0.0,28.0,28.0,28.0,0.0,1.0,22.0,0.0,0.0,1.0,115.0,1.0,0.0,3.0,0.0,0.2,196.78710005246103,0.7332999957725406,13.731100014410913,120.67790003493428,42.75670007336885,4.0,41.37099999934435,8.812799933366477,11.414100066758692,0.000300002284348011
1,375,375,3.9374293678894667,0,0,3.0,3.0,0.673128068447113,0.7143118977546692,1.0,1.0,1.0,0.7153679728507996,1.0,1.0,1.0,1.0,1.0,1.0,0.673128068447113,0.673128068447113,0.7153679728507996,1.0,1.0,0.0,0.6469998955726624,-1.0,1.0,-0.9461561441421509,0.4535543918609619,-0.6049069166183472,0.0,-0.05193934217095375,0.9709052443504333,0.23946405947208405,0.0,0.0,0.0,0.0,0.0,0.0,246.92755126953125,16.39537811279297,16.39537811279297,17.437255859375,25.0,25.0,0.0,1.0,0.6558151245117188,0.6558151245117188,0.0,0.0,0.0,0.0,0.0,2.1987210512161255,0.40993461944302273,0.7405987221002579,0.5681749751300605,0.02,-0.0,-0.002261391065535244,-1.3619978928745457e-05,-0.1834801483154297,0.15,-0.0,0.0,0.0,-0.0,0.0,0.0,0.0,0.0,0.35,0.0,0.0,0.0,0.0,0.0,0.0,0.0,0.0,0.25,-0.0,8.0,0.0,1.1987210512161255,-0.0,7.0836944580078125,2.0,-0.05,0.5345987230539322,0.35639914870262146,0.2,0.0,-0.03300651161877598,-0.0,-0.0,0.4378181743621827,0.5472727179527282,-0.15272727012634274,0.0,-0.06664462696422228,-0.1465375088778409,0.0,0.0,0.0,0.44568977880291644,-0.017999999597668646,-0.0,-0.0,0.02,0.0,0.0,0.0,0.0,0.0,0.0,0.35639914870262146,32.089664073809985,32.4,0.7326086850269979,0.0,0.25,0.699999988079071,3.0,3.0,0.25,0.699999988079071,0.11999999731779099,0.699999988079071,0.12,1.0,0.0,0.0,0.0,0.25,0.25,1.0,0.13,0.0,0.0,1.0,1.0,1.0,19.0,0.0,1.0,0.0,7.0,82.24009704589844,-128.20599365234375,82.13651275634766,-127.9032211303711,-0.10358428955078125,0.30277252197265625,0.32000142335891724,1.9004332169743015,-0.32371053099632263,0.9461561441421509,1.0,4.600113391876221,98.72373962402344,0.0,28.0,28.0,28.0,0.0,1.0,22.0,0.0,0.0,1.0,114.0,1.0,1.0,1.0,0.0,0.0,153.10080000199378,0.925700063817203,13.509899959899485,125.72829995770007,65.2665999950841,4.0,9.231599979102612,2.8750000055879354,0.786700053140521,0.0004998873919248581
1,376,376,5.516368338836082,0,0,2.0,4.0,0.6558151245117188,1.0,1.0,1.0,1.0,0.6974902153015137,1.0,1.0,1.0,1.0,1.0,1.0,0.6558151245117188,0.6558151245117188,0.6974902153015137,1.0,1.0,0.0,0.6646278500556946,-1.0,1.0,-0.9464020729064941,0.45842376351356506,0.2958824038505554,0.2181818187236786,-0.03995625674724579,0.9702938199043274,0.24192965030670166,0.0,0.0,0.0,0.0,0.0,0.0,246.934326171875,16.39537811279297,16.39537811279297,17.437255859375,25.0,25.0,0.0,1.0,0.6558151245117188,0.6558151245117188,0.0,0.0,0.0,0.0,0.0,2.218078851699829,0.6022480201362606,0.7740685749053955,1.9019728920945973,0.02,-0.0,-0.002261391065535244,-1.3619978928745457e-05,0.0,0.15,-0.0,0.0,0.0,-0.0,0.0,0.0,0.0,0.0,0.35,0.0,0.0,0.0,0.0,0.0,0.0,0.0,0.0,0.25,-0.0,0.027099609375,0.0,1.218078851699829,-0.0,0.00677490234375,0.00677490234375,-0.05,0.5440685749053955,0.36271238327026367,0.2,0.0,-0.0,-0.0,-0.0,0.8,1.0,-0.0,0.0,-0.0,-0.0,0.18317187404212518,0.0,0.0,0.4545230311807245,-0.04846648424863815,-0.0,-0.03273249769888972,0.02,0.0,0.0,0.0,0.0,0.0,0.0,0.36271238327026367,32.72565824501216,32.4,1.0,0.0,0.0,1.0,2.0,4.0,0.0,1.0,0.0,1.0,0.0,0.0,0.0,0.0,0.0,0.0,0.0,0.0,0.0,0.0,0.0,1.0,1.0,1.0,18.0,0.0,1.0,0.0,6.0,84.44122314453125,-134.6230926513672,84.45368957519531,-134.30332946777344,0.0124664306640625,0.31976318359375,0.3200061023235321,1.531829611126816,-0.32299086451530457,0.9464020729064941,1.0,4.685884475708008,99.06966400146484,0.0,28.0,28.0,28.0,0.0,1.0,22.0,0.0,0.0,1.0,113.0,1.0,1.0,1.0,0.0,0.0,34.56830000504851,0.7024999940767884,6.558699999004602,18.941099988296628,7.080799899995327,4.0,4.706600098870695,2.9814000008627772,0.6387999746948481,0.000600004568696022
1,377,377,4.596432308855524,0,0,2.0,3.0,0.6558151245117188,1.0,1.0,1.0,1.0,0.6974902153015137,1.0,1.0,1.0,1.0,1.0,1.0,0.6558151245117188,0.6558151245117188,0.6974902153015137,1.0,1.0,0.0,0.6640139818191528,-1.0,1.0,-0.9465068578720093,0.467509388923645,0.5520782470703125,0.0,-0.03995625674724579,0.9690160155296326,0.24699799716472626,0.0,0.0,0.0,0.0,0.0,0.0,246.9363555908203,15.971101760864258,15.971101760864258,16.987972259521484,25.0,25.0,0.0,1.0,0.6388440704345704,0.6388440704345704,0.0,0.0,0.0,0.0,0.0,2.2044100761413574,0.41115692705201173,0.7458653289079666,1.2149999767541886,0.02,-0.0,-0.0025995509055631153,-1.3619978928745457e-05,-0.18119693756103514,0.15,-0.0,0.0,0.0,-0.0,0.0,0.0,0.0,0.0,0.35,0.0,0.0,0.0,0.0,0.0,0.0,0.0,0.0,0.25,-0.0,0.00811767578125,0.0,1.2044100761413574,-0.0,0.0020294189453125,0.0020294189453125,-0.05,0.5398653298616409,0.3599102199077606,0.2,0.0,-0.0,-0.0,-0.0,0.5599999904632569,0.699999988079071,-0.0,0.0,-0.0,-0.0,0.0,0.0,0.0,0.44496703549753874,-0.04500000178813934,-0.0,-0.0,0.02,0.0,0.0,0.0,0.0,0.0,0.0,0.3599102199077606,32.03762655582279,32.4,0.0,0.6,0.0,0.699999988079071,2.0,3.0,0.0,0.699999988079071,0.0,0.699999988079071,0.0,0.0,0.0,0.0,0.0,0.0,0.0,0.0,0.0,0.0,0.0,1.0,1.0,1.0,17.0,0.0,1.0,0.0,5.0,84.455810546875,-134.30355834960938,84.46826934814453,-133.98379516601562,0.01245880126953125,0.31976318359375,0.3200058043003082,1.5318534385360363,-0.3226836919784546,0.9465068578720093,1.0,4.774128437042236,99.42147827148438,0.0,28.0,28.0,28.0,0.0,1.0,22.0,0.0,0.0,1.0,112.0,1.0,1.0,1.0,0.0,0.0,74.4782000547275,0.6032000528648496,6.848699995316565,45.86459998972714,20.260200020857155,4.0,15.557700069621205,4.40490001346916,1.1539000552147627,0.000300002284348011
1,378,378,4.45952788662003,0,0,3.0,4.0,0.6388440728187561,1.0,1.0,1.0,1.0,0.6795188784599304,1.0,1.0,1.0,1.0,1.0,1.0,0.6388440728187561,0.6388440728187561,0.6795188784599304,1.0,1.0,0.0,0.6633803248405457,-1.0,1.0,-0.9466127157211304,0.4576803743839264,-0.5972497463226318,0.0,-0.050592273473739624,0.9679269790649414,0.2512316107749939,0.0,0.0,0.0,0.0,0.0,0.0,246.93653869628906,15.971101760864258,15.971101760864258,16.987972259521484,25.0,25.0,0.0,1.0,0.6388440704345704,0.6388440704345704,0.0,0.0,0.0,0.0,0.0,2.2035263776779175,0.5995794376666305,0.7713163602352142,0.865105711040269,0.02,-0.0,-0.0025995509055631153,-1.3619978928745457e-05,0.0,0.15,-0.0,0.0,0.0,-0.0,0.0,0.0,0.0,0.0,0.35,0.0,0.0,0.0,0.0,0.0,0.0,0.0,0.0,0.25,-0.0,0.000732421875,0.0,1.2035263776779175,-0.0,0.00018310546875,0.00018310546875,-0.05,0.5413163602352142,0.3608775734901428,0.2,0.0,-0.033488092610414535,-0.0,-0.0,0.6254545454545455,0.7818181818181819,-0.21818181818181814,0.0,-0.0952066115702479,-0.13913195800781247,0.0,0.0,0.0,0.4521926085511223,-0.04846648424863815,-0.0,-0.007692051613527172,0.02,0.0,0.0,0.0,0.0,0.0,0.0,0.3608775734901428,32.5578678156808,32.4,1.0,0.0,0.25,1.0,3.0,4.0,0.25,1.0,0.11999999731779099,1.0,0.12,1.0,0.0,0.0,0.0,0.25,0.25,1.0,0.13,0.0,0.0,1.0,1.0,1.0,16.0,0.0,1.0,0.0,4.0,84.46932983398438,-133.98301696777344,84.48178100585938,-133.6632537841797,0.012451171875,0.31976318359375,0.32000550627708435,1.5318772622215475,-0.32312968373298645,0.9463546872138977,0.0,4.774128437042236,99.42147827148438,0.0,28.0,28.0,28.0,0.0,1.0,22.0,0.0,0.0,1.0,111.0,1.0,0.0,3.0,0.0,0.04,36.32470010779798,0.7824000203981996,5.0095000769943,20.596300018951297,8.159099961631,4.0,5.884299986064434,3.132200101390481,0.8854999905452132,0.000500003807246685
1,379,379,5.335864452270401,0,0,2.0,4.0,0.6388440728187561,1.0,1.0,1.0,1.0,0.6795188784599304,1.0,1.0,1.0,1.0,1.0,1.0,0.6388440728187561,0.6388440728187561,0.6795188784599304,1.0,1.0,0.0,0.6627185940742493,-1.0,1.0,-0.9467222094535828,0.4651123881340027,0.45159831643104553,0.2181818187236786,-0.050592273473739624,0.9671199321746826,0.2543206512928009,0.0,0.0,0.0,0.0,0.0,0.0,246.93536376953125,15.54896354675293,15.54896354675293,16.54531478881836,25.0,25.0,0.0,1.0,0.6219585418701172,0.6219585418701172,0.0,0.0,0.0,0.0,0.0,2.1923948526382446,0.4098230947218685,0.7669418561458587,1.9467046487644295,0.02,-0.0,-0.0029861120786502313,-1.3619978928745457e-05,-0.1797603607177734,0.15,-0.0,0.0,0.0,-0.0,0.0,0.0,0.0,0.0,0.35,0.0,0.0,0.0,0.0,0.0,0.0,0.0,0.0,0.25,-0.0,-0.0093994140625,0.0,1.1923948526382446,-0.0,-0.0011749267578125,-0.0011749267578125,-0.05,0.5369418561458588,0.3579612374305725,0.2,0.0,-0.0,-0.0,-0.0,0.8,1.0,-0.0,0.0,-0.0,-0.0,0.16470464836209828,0.0,0.0,0.4425831874972209,-0.017999999597668646,-0.0,-0.0,0.02,0.0,0.0,0.0,0.0,0.0,0.0,0.3579612374305725,31.865989499799905,32.4,0.0,0.6,0.0,1.0,2.0,4.0,0.0,1.0,0.0,1.0,0.0,0.0,0.0,0.0,0.0,0.0,0.0,0.0,0.0,0.0,0.0,1.0,1.0,1.0,15.0,0.0,1.0,0.0,3.0,84.4816665649414,-133.6612091064453,84.4941177368164,-133.34144592285156,0.012451171875,0.31976318359375,0.32000550627708435,1.5318772622215475,-0.3235740065574646,0.9462028741836548,0.0,4.774128437042236,99.42147827148438,0.0,28.0,28.0,28.0,0.0,1.0,22.0,0.0,0.0,1.0,110.0,1.0,0.0,3.0,0.0,0.08,78.42080004047602,0.6575000006705523,5.312099936418235,60.16910006292164,22.349299979396164,4.0,7.032900000922382,4.094699979759753,1.112000085413456,0.000400003045797348
1,380,380,4.0962023445870495,0,0,3.0,3.0,0.6219585537910461,1.0,1.0,1.0,1.0,0.6618126034736633,1.0,1.0,1.0,1.0,1.0,1.0,0.6219585537910461,0.6219585537910461,0.6618126034736633,1.0,1.0,0.0,0.6620573401451111,-1.0,1.0,-0.9468309283256531,0.45522841811180115,-0.6005887985229492,0.0,-0.06834656000137329,0.9657098054885864,0.25962382555007935,0.0,0.0,0.0,0.0,0.0,0.0,246.93313598632812,15.54896354675293,15.54896354675293,16.54531478881836,25.0,25.0,0.0,1.0,0.6219585418701172,0.6219585418701172,0.0,0.0,0.0,0.0,0.0,2.1869611740112305,0.5943733617234827,0.7425101983547211,0.5523576104976161,0.02,-0.0,-0.0029861120786502313,-1.3619978928745457e-05,0.0,0.15,-0.0,0.0,0.0,-0.0,0.0,0.0,0.0,0.0,0.35,0.0,0.0,0.0,0.0,0.0,0.0,0.0,0.0,0.25,-0.0,-0.017822265625,0.0,1.1869611740112305,-0.0,-0.002227783203125,-0.002227783203125,-0.05,0.5365101993083954,0.3576734662055969,0.2,0.0,-0.03313117311658604,-0.0,-0.0,0.4378181743621827,0.5472727179527282,-0.15272727012634274,0.0,-0.06664462696422228,-0.13176372736150566,0.0,0.0,0.0,0.4473730937810616,-0.04846648424863815,-0.0,-0.0,0.02,0.0,0.0,0.0,0.0,0.0,0.0,0.3576734662055969,32.21086275223643,32.4,0.7326086850269979,0.0,0.25,0.699999988079071,3.0,3.0,0.25,0.699999988079071,0.11999999731779099,0.699999988079071,0.12,1.0,0.0,0.0,0.0,0.25,0.25,1.0,0.13,0.0,0.0,1.0,1.0,1.0,14.0,0.0,1.0,0.0,2.0,84.49404907226562,-133.3409423828125,84.50650024414062,-133.02117919921875,0.012451171875,0.31976318359375,0.32000550627708435,1.5318772622215475,-0.32401758432388306,0.9460511207580566,0.0,4.774128437042236,99.42147827148438,0.0,28.0,28.0,28.0,0.0,1.0,22.0,0.0,0.0,1.0,109.0,1.0,0.0,3.0,0.0,0.12,53.335499949753284,0.7737999549135566,4.026000038720667,23.88059999793768,10.97559998743236,4.0,15.183900017291307,4.007799900136888,5.416100029833615,0.000500003807246685
1,381,381,3.2539907785386393,0,0,3.0,4.0,0.6219585537910461,1.0,1.0,1.0,1.0,0.6618126034736633,1.0,1.0,1.0,1.0,1.0,1.0,0.6219585537910461,0.6219585537910461,0.6618126034736633,1.0,1.0,0.0,0.6613799929618835,-1.0,1.0,-0.9469417333602905,0.460155189037323,0.2993691563606262,0.2181818187236786,-0.06834656000137329,0.9643886089324951,0.2644892632961273,0.0,0.0,0.0,0.0,0.0,0.0,246.93531799316406,15.140031814575195,15.140031814575195,16.109634399414062,25.0,25.0,0.0,1.0,0.6056012725830078,0.6056012725830078,0.0,0.0,0.0,0.0,0.0,2.2039167881011963,0.4224011055656657,0.7758365529775619,-0.16816366810578467,0.02,-0.0,-0.003426547603949893,-1.3619978928745457e-05,-0.17496116638183593,0.15,-0.0,0.0,0.0,-0.0,0.0,0.0,0.0,0.0,0.35,0.0,0.0,0.0,0.0,0.0,0.0,0.0,0.0,0.25,-0.0,0.00872802734375,0.0,1.2039167881011963,-0.0,0.0021820068359375,0.0021820068359375,-0.05,0.545836552977562,0.36389103531837463,0.2,0.0,-0.06677028132929974,-0.0,-0.0,0.450909090909091,0.5636363636363637,-0.4363636363636363,0.0,-0.3808264462809916,-0.24925201970880678,0.0,0.0,0.0,0.45080243953038024,-0.04846648424863815,-0.0,-0.0010302547198668595,0.02,0.0,0.0,0.0,0.0,0.0,0.0,0.36389103531837463,32.45777564618737,32.4,1.0,0.0,0.25,1.0,3.0,4.0,0.25,1.0,0.23999999463558197,1.0,0.24,2.0,0.0,0.0,0.0,0.25,0.25,1.0,0.010000000000000009,0.0,0.0,1.0,1.0,1.0,13.0,0.0,1.0,0.0,1.0,84.50648498535156,-133.02102661132812,84.51893615722656,-132.70126342773438,0.012451171875,0.31976318359375,0.32000550627708435,1.5318772622215475,-0.3244619071483612,0.9458987712860107,0.0,4.774128437042236,99.42147827148438,0.0,28.0,28.0,28.0,0.0,1.0,22.0,0.0,0.0,1.0,108.0,1.0,0.0,3.0,0.0,0.16,144.30099993478507,0.6351999472826719,11.481800000183284,86.86350006610155,33.043400035239756,4.0,31.613299972377717,7.521699997596443,6.137400050647557,0.0005998881533741951
1,382,382,4.087058382720398,0,0,2.0,3.0,0.6056012511253357,1.0,1.0,1.0,1.0,0.6443853974342346,1.0,1.0,1.0,1.0,1.0,1.0,0.6056012511253357,0.6056012511253357,0.6443853974342346,1.0,1.0,0.0,0.6606749892234802,-1.0,1.0,-0.947058916091919,0.46368250250816345,0.21433411538600922,0.4363636374473572,-0.07128363847732544,0.962304949760437,0.27197280526161194,0.0,0.0,0.0,0.0,0.0,0.0,246.93284606933594,14.754912376403809,14.754912376403809,15.667699813842773,25.0,25.0,0.0,1.0,0.5901964950561523,0.5901964950561523,0.0,0.0,0.0,0.0,0.0,2.185289740562439,0.42202459374083884,0.7461702960729599,0.7135737523441608,0.02,-0.0,-0.003943686545418423,-1.3619978928745457e-05,-0.1685679817199707,0.15,-0.0,0.0,0.0,-0.0,0.0,0.0,0.0,0.0,0.35,0.0,0.0,0.0,0.0,0.0,0.0,0.0,0.0,0.25,-0.0,-0.019775390625,0.0,1.185289740562439,-0.0,-0.002471923828125,-0.002471923828125,-0.05,0.5401702970266342,0.3601135313510895,0.2,0.0,-0.03315472051123636,-0.0,-0.0,0.4378181743621827,0.5472727179527282,-0.15272727012634274,0.0,-0.06664462696422228,-0.11790392511541192,0.14737988699510124,0.0,0.0,0.4445498819851567,-0.04846648424863815,-0.0,-0.0,0.02,0.0,0.0,0.0,0.0,0.0,0.0,0.3601135313510895,32.233756052590905,32.4,0.0,0.6,0.0,0.699999988079071,2.0,3.0,0.0,0.699999988079071,0.11999999731779099,0.699999988079071,0.12,3.0,0.0,0.0,0.0,0.0,0.0,1.0,0.12,0.0,0.0,1.0,1.0,1.0,12.0,0.0,1.0,0.0,0.0,84.5189437866211,-132.70132446289062,84.5313949584961,-132.38156127929688,0.012451171875,0.31976318359375,0.32000550627708435,1.5318772622215475,-0.3249070346355438,0.9457459449768066,0.0,4.774128437042236,99.42147827148438,0.0,28.0,28.0,28.0,0.0,1.0,22.0,0.0,0.0,1.0,107.0,1.0,0.0,3.0,0.0,0.2,139.1624000389129,0.7744000758975744,21.36950008571148,105.4090999532491,34.75570003502071,4.0,7.564399973489344,3.1831000233069062,0.8144000312313437,0.000600004568696022
1,383,383,4.896488738395266,0,0,2.0,3.0,0.5901964902877808,1.0,1.0,1.0,1.0,0.6267079710960388,1.0,1.0,1.0,1.0,1.0,1.0,0.5901964902877808,0.5901964902877808,0.6267079710960388,1.0,1.0,0.0,0.6599556803703308,-1.0,1.0,-0.9471762776374817,0.46048223972320557,-0.19446144998073578,0.2181818187236786,-0.17985273897647858,0.9586381316184998,0.2846277952194214,0.0,0.0,0.0,0.0,0.0,0.0,246.92697143554688,14.754912376403809,14.754912376403809,15.667699813842773,25.0,25.0,0.0,1.0,0.5901964950561523,0.5901964950561523,0.0,0.0,0.0,0.0,0.0,2.1719284057617188,0.5785720137724205,0.745362548828125,1.380625770033002,0.02,-0.0,-0.003943686545418423,-1.3619978928745457e-05,0.0,0.15,-0.0,0.0,0.0,-0.0,0.0,0.0,0.0,0.0,0.35,0.0,0.0,0.0,0.0,0.0,0.0,0.0,0.0,0.25,-0.0,-0.0469970703125,0.0,1.1719284057617188,-0.0,-0.0058746337890625,-0.0058746337890625,-0.05,0.5393625497817993,0.3595750331878662,0.2,0.0,-0.0,-0.0,-0.0,0.5599999904632569,0.699999988079071,-0.0,0.0,-0.0,-0.0,0.14737989669468307,0.0,0.0,0.43252932029676766,-0.017999999597668646,-0.0,-0.008754105606340313,0.02,0.0,0.0,0.0,0.0,0.0,0.0,0.3595750331878662,32.56841407947242,32.4,0.7326086850269979,0.0,0.0,0.699999988079071,2.0,3.0,0.0,0.699999988079071,0.0,0.699999988079071,0.0,0.0,0.0,0.0,0.0,0.0,0.0,0.0,0.0,0.0,0.0,1.0,1.0,1.0,11.0,0.0,0.0,0.0,0.0,84.53141784667969,-132.38165283203125,84.54386901855469,-132.0618896484375,0.012451171875,0.31976318359375,0.32000550627708435,1.5318772622215475,-0.3253532350063324,0.9455925822257996,0.0,4.774128437042236,99.42147827148438,0.0,28.0,28.0,28.0,0.0,1.0,22.0,0.0,0.0,1.0,106.0,1.0,0.0,3.0,0.0,0.24,31.422600033693016,0.624299980700016,4.574000020511448,17.427699989639223,7.316799950785935,4.0,4.995699971914291,3.0385999707505107,0.7217000238597393,0.000400003045797348
1,384,384,3.865657466469322,0,0,2.0,2.0,0.5901964902877808,1.0,1.0,1.0,1.0,0.6267079710960388,1.0,1.0,1.0,1.0,1.0,1.0,0.5901964902877808,0.5901964902877808,0.6267079710960388,1.0,1.0,0.0,0.659196138381958,-1.0,1.0,-0.9472985863685608,0.4652630686759949,0.29050177335739136,0.0,-0.17985273897647858,0.9546079039573669,0.29786524176597595,0.0,0.0,0.0,0.0,0.0,0.0,246.9156951904297,14.39069938659668,14.39069938659668,15.238143920898438,25.0,25.0,0.0,1.0,0.5756279754638672,0.5756279754638672,0.0,0.0,0.0,0.0,0.0,2.1506567001342773,0.40472905111125523,0.7127717250585556,0.5774999901652337,0.02,-0.0,-0.004524889528193101,-1.3619978928745457e-05,-0.160810604095459,0.15,-0.0,0.0,0.0,-0.0,0.0,0.0,0.0,0.0,0.35,0.0,0.0,0.0,0.0,0.0,0.0,0.0,0.0,0.25,-0.0,-0.0902099609375,0.0,1.1506567001342773,-0.0,-0.0112762451171875,-0.0112762451171875,-0.05,0.5347717255353928,0.35651448369026184,0.2,0.0,-0.0,-0.0,-0.0,0.27999999523162844,0.3499999940395355,-0.0,0.0,-0.0,-0.0,0.0,0.0,0.0,0.4200781647138361,-0.052499999105930326,-0.0,-0.0,0.02,0.0,0.0,0.0,0.0,0.0,0.0,0.35651448369026184,31.805817782990637,32.4,0.0,0.6,0.0,0.3499999940395355,2.0,2.0,0.0,0.3499999940395355,0.0,0.3499999940395355,0.0,0.0,0.0,0.0,0.0,0.0,0.0,0.0,0.0,0.0,0.0,1.0,1.0,1.0,10.0,0.0,0.0,0.0,0.0,84.54389190673828,-132.0619659423828,84.55634307861328,-131.74220275878906,0.012451171875,0.31976318359375,0.32000550627708435,1.5318772622215475,-0.32580041885375977,0.9454385042190552,0.0,4.774128437042236,99.42147827148438,0.0,28.0,28.0,28.0,0.0,1.0,22.0,0.0,0.0,1.0,105.0,1.0,0.0,3.0,0.0,0.28,67.57780001498759,0.6182000506669283,6.308099953457713,44.57369993906468,21.343300002627075,4.0,9.34579991735518,6.007699994370341,0.6757000228390098,0.000500003807246685
1,385,385,4.062339055627765,0,0,2.0,2.0,0.5756279826164246,1.0,1.0,1.0,1.0,0.609525740146637,1.0,1.0,1.0,1.0,1.0,1.0,0.5756279826164246,0.5756279826164246,0.609525740146637,1.0,1.0,0.0,0.6584044098854065,-1.0,1.0,-0.9474236965179443,0.45436882972717285,-0.6619759798049927,0.0,-0.1167629137635231,0.9515858888626099,0.30738288164138794,0.0,0.0,0.0,0.0,0.0,0.0,246.90101623535156,14.39069938659668,14.39069938659668,15.238143920898438,25.0,25.0,0.0,1.0,0.5756279754638672,0.5756279754638672,0.0,0.0,0.0,0.0,0.0,2.13724684715271,0.5644237036408805,0.7106685155630111,0.629999989271164,0.02,-0.0,-0.004524889528193101,-1.3619978928745457e-05,0.0,0.15,-0.0,0.0,0.0,-0.0,0.0,0.0,0.0,0.0,0.35,0.0,0.0,0.0,0.0,0.0,0.0,0.0,0.0,0.25,-0.0,-0.117431640625,0.0,1.13724684715271,-0.0,-0.014678955078125,-0.014678955078125,-0.05,0.5326685160398483,0.35511234402656555,0.2,0.0,-0.0,-0.0,-0.0,0.27999999523162844,0.3499999940395355,-0.0,0.0,-0.0,-0.0,0.0,0.0,0.0,0.4189622131480023,-0.0,-0.0,-0.0,0.02,0.0,0.0,0.0,0.0,0.0,0.0,0.35511234402656555,31.933677602782844,23.26086922832157,0.4206521686004555,0.0,0.0,0.3499999940395355,2.0,2.0,0.0,0.3499999940395355,0.0,0.3499999940395355,0.0,0.0,0.0,0.0,0.0,0.0,0.0,0.0,0.0,0.0,0.0,1.0,1.0,1.0,9.0,0.0,0.0,0.0,0.0,84.55635833740234,-131.74224853515625,84.56880950927734,-131.4224853515625,0.012451171875,0.31976318359375,0.32000550627708435,1.5318772622215475,-0.3262487053871155,0.9452840089797974,0.0,4.774128437042236,99.42147827148438,0.0,28.0,28.0,28.0,0.0,1.0,22.0,0.0,0.0,1.0,104.0,1.0,0.0,3.0,0.0,0.32,41.83719994034618,0.6211999570950866,4.523999989032745,27.207700069993734,11.666500009596348,4.0,5.933600012212992,2.7982000028714538,0.7099999347701669,0.000400003045797348
1,386,386,4.493556268718493,0,0,2.0,3.0,0.5756279826164246,1.0,1.0,1.0,1.0,0.609525740146637,1.0,1.0,1.0,1.0,1.0,1.0,0.5756279826164246,0.5756279826164246,0.609525740146637,1.0,1.0,0.0,0.6575853824615479,-1.0,1.0,-0.9475516080856323,0.4561953842639923,0.11098942905664444,0.0,-0.1167629137635231,0.9496524333953857,0.3133053779602051,0.0,0.0,0.0,0.0,0.0,0.0,246.888427734375,14.016510963439941,14.016510963439941,14.829943656921387,25.0,25.0,0.0,1.0,0.5606604385375976,0.5606604385375976,0.0,0.0,0.0,0.0,0.0,2.1458646059036255,0.37487602850462265,0.745315654873848,1.2074999794363976,0.02,-0.0,-0.005159904971154394,-1.3619978928745457e-05,-0.16124055862426756,0.15,-0.0,0.0,0.0,-0.0,0.0,0.0,0.0,0.0,0.35,0.0,0.0,0.0,0.0,0.0,0.0,0.0,0.0,0.25,-0.0,-0.1007080078125,0.0,1.1458646059036255,-0.0,-0.0125885009765625,-0.0125885009765625,-0.05,0.5393156558275223,0.3595437705516815,0.2,0.0,-0.0,-0.0,-0.0,0.5599999904632569,0.699999988079071,-0.0,0.0,-0.0,-0.0,0.0,0.0,0.0,0.39129011207897335,-0.052499999105930326,-0.0,-0.0,0.02,0.0,0.0,0.0,0.0,0.0,0.0,0.3595437705516815,32.353813589550555,32.4,0.7326086850269979,0.0,0.0,0.699999988079071,2.0,3.0,0.0,0.699999988079071,0.0,0.699999988079071,0.0,0.0,0.0,0.0,0.0,0.0,0.0,0.0,0.0,0.0,0.0,1.0,1.0,1.0,8.0,0.0,0.0,0.0,0.0,84.5688247680664,-131.42251586914062,84.5812759399414,-131.10275268554688,0.012451171875,0.31976318359375,0.32000550627708435,1.5318772622215475,-0.32669797539711,0.9451287984848022,0.0,4.774128437042236,99.42147827148438,0.0,28.0,28.0,28.0,0.0,1.0,22.0,0.0,0.0,1.0,103.0,1.0,0.0,3.0,0.0,0.36,60.72780000977218,0.6129000103101134,4.268700024113059,48.34219999611378,22.925299941562116,4.0,3.8290999364107847,2.980499994009733,0.6518999580293894,0.000400003045797348
1,387,387,5.1418457563610245,0,0,2.0,4.0,0.5606604218482971,1.0,1.0,1.0,1.0,0.593197762966156,1.0,1.0,1.0,1.0,1.0,1.0,0.5606604218482971,0.5606604218482971,0.593197762966156,1.0,1.0,0.0,0.656735360622406,-1.0,1.0,-0.9476854205131531,0.46219733357429504,0.36470139026641846,0.0,-0.05448059365153313,0.9483388662338257,0.31725913286209106,0.0,0.0,0.0,0.0,0.0,0.0,246.88021850585938,14.016510963439941,14.016510963439941,14.829943656921387,25.0,25.0,0.0,1.0,0.5606604385375976,0.5606604385375976,0.0,0.0,0.0,0.0,0.0,2.1632615327835083,0.5273769442187396,0.7790138083696365,1.6521934709891404,0.02,-0.0,-0.005159904971154394,-1.3619978928745457e-05,0.0,0.15,-0.0,0.0,0.0,-0.0,0.0,0.0,0.0,0.0,0.35,0.0,0.0,0.0,0.0,0.0,0.0,0.0,0.0,0.25,-0.0,-0.065673828125,0.0,1.1632615327835083,-0.0,-0.008209228515625,-0.008209228515625,-0.05,0.5490138083696365,0.3660092055797577,0.2,0.0,-0.0,-0.0,-0.0,0.8,1.0,-0.0,0.0,-0.0,-0.0,0.0,0.0,0.0,0.3825504691688228,-0.04500000178813934,-0.0,-0.1028065272227203,0.02,0.0,0.0,0.0,0.0,0.0,0.0,0.3660092055797577,32.9771422252804,32.4,1.0,0.0,0.0,1.0,2.0,4.0,0.0,1.0,0.0,1.0,0.0,0.0,0.0,0.0,0.0,0.0,0.0,0.0,0.0,0.0,0.0,1.0,1.0,1.0,7.0,0.0,0.0,0.0,0.0,84.58129119873047,-131.10279846191406,84.59374237060547,-130.7830352783203,0.012451171875,0.31976318359375,0.32000550627708435,1.5318772622215475,-0.3271482586860657,0.9449729919433594,0.0,4.774128437042236,99.42147827148438,0.0,28.0,28.0,28.0,0.0,1.0,22.0,0.0,0.0,1.0,102.0,1.0,0.0,3.0,0.0,0.4,64.40100003965199,0.5323999794200063,4.53240005299449,50.27100001461804,32.159200054593384,4.0,4.7685999888926744,3.5629000049084425,0.6999000906944275,0.000500003807246685
1,388,388,3.4191010170837894,0,0,3.0,3.0,0.5606604218482971,1.0,1.0,1.0,1.0,0.593197762966156,1.0,1.0,1.0,1.0,1.0,1.0,0.5606604218482971,0.5606604218482971,0.593197762966156,1.0,1.0,0.0,0.6558565497398376,-1.0,1.0,-0.9478256106376648,0.4711020290851593,0.5410838723182678,0.0,-0.05448059365153313,0.947452962398529,0.3198952078819275,0.0,0.0,0.0,0.0,0.0,0.0,246.86952209472656,13.624335289001465,13.624335289001465,14.421791076660156,25.0,25.0,0.005776483099907637,0.9942235169000924,0.5449734115600586,0.5449734115600586,0.0,0.0,0.0,0.0,0.0,2.1409473545623796,0.013048605614045923,0.7415190341028465,0.503586022804517,0.02,-0.0,-0.0058873883298181775,-1.3619978928745457e-05,-0.1666310119628906,0.15,-0.0,0.0,0.0,-0.3940947795705553,0.0,0.0,0.0,0.0,0.35,0.0,0.0,0.0,0.0,0.0,0.0,0.0,0.0,0.25375471401494,-0.0,-0.0855712890625,0.0,1.1467238376622872,-0.0,-0.0106964111328125,-0.0106964111328125,-0.05,0.5419886960182396,0.36310866475105286,0.2,0.0,-0.03331658021679946,-0.0,-0.0,0.3872371886614714,0.48404648582683923,-0.1350827402307458,2.1021686554219486e-05,-0.06402422458807551,-0.0868286440860889,0.0,0.0,0.0,0.4296754054562387,-0.04846648424863815,-0.0,-0.0,0.02,0.0,0.0,0.0,0.0,0.0,0.0,0.36310866475105286,32.3911196552217,32.4,0.0,0.6,0.25,0.699999988079071,3.0,3.0,0.25,0.699999988079071,0.11999999731779099,0.699999988079071,0.12,1.0,0.0,0.0,0.0,0.25,0.25,1.0,0.13,0.0,0.0,1.0,1.0,1.0,6.0,0.0,0.0,0.0,0.0,84.59376525878906,-130.7831268310547,84.60621643066406,-130.46336364746094,0.012451171875,0.31976318359375,0.32000550627708435,1.5318772622215475,-0.32759952545166016,0.9448166489601135,0.0,4.774128437042236,99.42147827148438,0.0,28.0,28.0,28.0,0.0,1.0,22.0,0.0,0.0,1.0,101.0,1.0,0.0,3.0,0.0,0.44,52.30400001164526,0.7140000816434622,4.563999944366515,39.12149998359382,25.84949997253716,4.0,3.9385000709444284,3.1576999463140965,0.7749999640509486,0.000500003807246685
1,389,389,2.9770419122845224,0,0,3.0,2.0,0.5449734330177307,1.0,1.0,1.0,1.0,0.5768716335296631,1.0,1.0,1.0,1.0,1.0,1.0,0.5449734330177307,0.5449734330177307,0.5768716335296631,1.0,1.0,0.0,0.6549822688102722,-1.0,1.0,-0.9479637742042542,0.4627302885055542,-0.5087001323699951,0.2181818187236786,-0.029852934181690216,0.9466136693954468,0.3223702311515808,0.0,0.005776483099907637,0.005589079111814499,0.0,0.0,0.0,246.85704040527344,13.241849899291992,13.241849899291992,14.013096809387207,25.0,25.0,0.013186786323785782,0.9868132136762142,0.5296739959716796,0.5296739959716796,0.0,0.0,0.0,0.0,0.0,2.1180033940701604,0.36681996782528026,0.7062363657523937,-0.2340178153633122,0.02,-0.0,-0.006722078499089409,-1.3619978928745457e-05,-0.16378892898559572,0.15,-0.0,0.0,0.0,-0.051481213506238285,0.0,0.0,0.0,0.0,0.35,0.0,0.0,0.0,0.0,0.0,0.0,0.0,0.0,0.2585714111104608,-0.0,-0.099853515625,0.0,1.1311901803939461,-0.0,-0.012481689453125,-0.012481689453125,-0.05,0.5356209664447918,0.36112844944000244,0.2,0.0,-0.0655222406511988,-0.0,-0.0,0.1161958870064829,0.1452448587581036,-0.11244763258691888,5.4775769135167065e-05,-0.12731577800894994,-0.13472768493471052,0.0,0.0,0.0,0.43882580879513244,-0.05550000071525574,-0.0,-0.0,0.02,0.0,0.0,0.0,0.0,0.0,0.0,0.36112844944000244,31.85108920544386,23.26086922832157,0.4206521686004555,0.0,0.25,0.3499999940395355,3.0,2.0,0.25,0.3499999940395355,0.23999999463558197,0.3499999940395355,0.24,2.0,0.0,0.0,0.0,0.25,0.25,1.0,0.010000000000000009,0.0,0.0,1.0,1.0,1.0,5.0,0.0,0.0,0.0,0.0,84.60624694824219,-130.4635009765625,84.61869812011719,-130.14373779296875,0.012451171875,0.31976318359375,0.32000550627708435,1.5318772622215475,-0.3280518054962158,0.9446597099304199,0.0,4.774128437042236,99.42147827148438,0.0,28.0,28.0,28.0,0.0,1.0,22.0,0.0,0.0,1.0,100.0,1.0,0.0,3.0,0.0,0.48,53.462999989278615,0.694400048814714,4.231299972161651,39.390699937939644,20.146200084127486,4.0,5.088499980047345,3.2773000421002507,0.735200010240078,0.000500003807246685
1,390,390,4.547669293228684,0,0,2.0,3.0,0.5296739935874939,1.0,1.0,1.0,0.622260570526123,0.5605238676071167,1.0,1.0,1.0,1.0,1.0,1.0,0.5296739935874939,0.5296739935874939,0.5605238676071167,1.0,1.0,0.0,0.654109537601471,-1.0,1.0,-0.948100745677948,0.4550155699253082,-0.4687764346599579,0.4363636374473572,-0.10892028361558914,0.9446213841438293,0.32816216349601746,0.0,0.013186786323785782,0.01465845387428999,0.0,0.0,0.0,246.84634399414062,13.241849899291992,13.241849899291992,14.013096809387207,25.0,25.0,0.013186786323785782,0.9868132136762142,0.5296739959716796,0.5296739959716796,0.0,0.0,0.0,0.0,0.0,2.124994696572553,-0.330025235668221,2.2819489662676395,0.45075086605671294,0.02,-0.0,-0.006722078499089409,-1.3619978928745457e-05,0.0,0.15,-0.0,0.0,0.0,-0.8996553023065998,0.0,0.0,0.0,0.0,0.35,0.0,0.0,0.0,0.0,0.0,0.0,0.0,0.0,0.2585714111104608,-0.0,-0.0855712890625,0.0,1.1381814828963388,-0.0,-0.0106964111328125,-0.0106964111328125,1.5,0.5407181676524361,0.3645651042461395,0.2,0.0,-0.03364185759274875,-0.0,-0.0,0.3223498800825009,0.4029373501031261,-0.11244763258691888,0.00010955153827033413,-0.06073962075614662,-0.06736384246735526,0.08420479200057489,0.0,0.0,0.426365765116397,-0.05550000071525574,-0.0,-0.02915775354933386,0.02,0.0,0.0,0.0,0.0,0.0,0.0,0.3645651042461395,32.70736154850573,32.4,0.7326086850269979,0.0,0.0,0.699999988079071,2.0,3.0,0.0,0.699999988079071,0.11999999731779099,0.699999988079071,0.12,3.0,0.0,0.0,0.0,0.0,0.0,1.0,0.12,0.0,0.0,1.0,1.0,1.0,4.0,0.0,0.0,0.0,0.0,84.61873626708984,-130.1439208984375,84.63118743896484,-129.82415771484375,0.012451171875,0.31976318359375,0.32000550627708435,1.5318772622215475,-0.32850509881973267,0.9445021748542786,0.0,4.774128437042236,99.42147827148438,0.0,28.0,28.0,28.0,0.0,1.0,22.0,0.0,0.0,1.0,99.0,1.0,0.0,3.0,0.0,0.52,34.8975999513641,0.6808999460190535,4.673700081184506,20.36879991646856,8.500199997797608,4.0,4.90709999576211,3.4774000523611903,0.7519999053329229,0.000300002284348011
1,391,391,1.7097901104924995,0,0,2.0,3.0,0.5296739935874939,1.0,1.0,1.0,0.622260570526123,0.5605238676071167,1.0,1.0,1.0,1.0,1.0,1.0,0.5296739935874939,0.5296739935874939,0.5605238676071167,1.0,1.0,0.0,0.6532138586044312,-1.0,1.0,-0.9482420682907104,0.46724802255630493,0.743291974067688,0.2181818187236786,-0.10892028361558914,0.9405449628829956,0.33966919779777527,0.0,0.013186786323785782,0.01465845387428999,0.0,0.0,0.0,246.83010864257812,12.894571304321289,12.894571304321289,13.597824096679688,25.0,25.0,0.017736338078975677,0.9822636619210243,0.5157828521728516,0.5157828521728516,0.0,0.0,0.0,0.0,0.0,2.09353013131099,-1.9865304536767319,0.7188370240370672,0.8639534088211743,0.02,-0.0,-0.007695076081603399,-1.3619978928745457e-05,-0.15401630401611327,0.15,-0.0,0.0,0.0,-2.3270075356639808,0.0,0.0,0.0,0.0,0.35,0.0,0.0,0.0,0.0,0.0,0.0,0.0,0.0,0.2615286197513342,-0.0,-0.1298828125,0.0,1.1112664693899656,-0.0,-0.0162353515625,-0.0162353515625,-0.05,0.5327017233009005,0.36057040095329285,0.2,0.0,-0.0,-0.0,-0.0,0.3613530073616673,0.4516912592020841,-0.0,0.0,-0.0,-0.0,0.06890914185509159,0.0,0.0,0.3522020820638943,-0.017999999597668646,-0.0,-0.0,0.02,0.0,0.0,0.0,0.0,0.0,0.0,0.36057040095329285,32.24041142586619,32.4,0.0,0.6,0.0,0.699999988079071,2.0,3.0,0.0,0.699999988079071,0.0,0.699999988079071,0.0,0.0,0.0,0.0,0.0,0.0,0.0,0.0,0.0,0.0,0.0,1.0,1.0,1.0,3.0,0.0,0.0,0.0,0.0,84.63123321533203,-129.8243865966797,84.64368438720703,-129.50462341308594,0.012451171875,0.31976318359375,0.32000550627708435,1.5318772622215475,-0.3289594054222107,0.9443441033363342,0.0,4.774128437042236,99.42147827148438,0.0,28.0,28.0,28.0,0.0,1.0,22.0,0.0,0.0,1.0,98.0,1.0,0.0,3.0,0.0,0.56,59.65559999458492,0.6198000628501177,3.449399955570698,48.30409993883222,21.514999913051724,4.0,4.051600000821054,2.4890999775379896,0.701199984177947,0.000500003807246685
1,392,392,2.5489952764487773,0,0,3.0,1.0,0.5157828330993652,1.0,1.0,1.0,0.5975204706192017,0.543912947177887,1.0,1.0,1.0,1.0,1.0,1.0,0.5157828330993652,0.5157828330993652,0.543912947177887,1.0,1.0,0.0,0.6522979736328125,-1.0,1.0,-0.9483841061592102,0.4605773091316223,-0.4053386449813843,0.0,-0.16454575955867767,0.9359332919120789,0.35217732191085815,0.0,0.017736338078975677,0.022671736776828766,0.0,0.0,0.0,246.80789184570312,12.894571304321289,12.894571304321289,13.597824096679688,25.0,25.0,0.017736338078975677,0.9822636619210243,0.5157828521728516,0.5157828521728516,0.0,0.0,0.0,0.0,0.0,2.070109852608673,-0.024140608228480596,0.6776700716251589,-0.1946440395565739,0.02,-0.0,-0.007695076081603399,-1.3619978928745457e-05,0.0,0.15,-0.0,0.0,0.0,-0.5902653312683106,0.0,0.0,0.0,0.0,0.35,0.0,0.0,0.0,0.0,0.0,0.0,0.0,0.0,0.2615286197513342,-0.0,-0.177734375,0.0,1.0878461906876487,-0.0,-0.022216796875,-0.022216796875,-0.05,0.5276700716251589,0.3571646213531494,0.2,0.0,-0.032985039833869245,-0.0,-0.0,0.0,0.0,0.0,0.0,0.0,-0.055127317112192854,0.0,0.0,0.0,0.42383341910036215,-0.10653168261051178,-0.0,-0.0,0.02,0.0,0.0,0.0,0.0,0.0,0.0,0.3571646213531494,32.06878872737288,0.0,0.0,0.0,0.25,0.0,3.0,1.0,0.25,0.0,0.11999999731779099,0.0,0.12,1.0,0.0,0.0,0.0,0.25,0.25,1.0,0.13,0.0,0.0,1.0,1.0,1.0,2.0,0.0,0.0,0.0,0.0,84.64373016357422,-129.50489807128906,84.65618133544922,-129.1851348876953,0.012451171875,0.31976318359375,0.32000550627708435,1.5318772622215475,-0.3294146656990051,0.9441853165626526,0.0,4.774128437042236,99.42147827148438,0.0,28.0,28.0,28.0,0.0,1.0,22.0,0.0,0.0,1.0,97.0,1.0,0.0,3.0,0.0,0.6,33.877499983645976,0.7600999670103192,4.073600051924586,19.96160007547587,11.48250000551343,4.0,5.2263999823480844,3.0924000311642885,0.727499951608479,0.000400003045797348
1,393,393,2.7319909310500234,0,0,3.0,3.0,0.5157828330993652,1.0,1.0,1.0,0.5975204706192017,0.543912947177887,1.0,1.0,1.0,1.0,1.0,1.0,0.5157828330993652,0.5157828330993652,0.543912947177887,1.0,1.0,0.0,0.6513494253158569,-1.0,1.0,-0.9485286474227905,0.4581255614757538,-0.14897803962230682,0.2181818187236786,-0.16454575955867767,0.9324008226394653,0.3614259362220764,0.0,0.017736338078975677,0.022671736776828766,0.0,0.0,0.0,246.7846221923828,12.555070877075195,12.555070877075195,13.205440521240234,25.0,25.0,0.015722675248980522,0.9842773247510195,0.5022028350830078,0.5022028350830078,0.0,0.0,0.0,0.0,0.0,2.0704238410118716,0.36858210363414573,0.720474747131288,-0.4474897607272822,0.02,-0.0,-0.008746825159349842,-1.3619978928745457e-05,-0.1489361572265625,0.15,-0.0,0.0,0.0,-0.08251259898692312,0.0,0.0,0.0,0.0,0.35,0.0,0.0,0.0,0.0,0.0,0.0,0.0,0.0,0.26021973891183736,-0.0,-0.1861572265625,0.0,1.086146516260852,-0.0,-0.0232696533203125,-0.0232696533203125,-0.05,0.5320841440639342,0.359527587890625,0.2,0.0,-0.0682609395440902,-0.0,-0.0,0.2163833991069029,0.27047924888362856,-0.20940328945829303,0.00015573758304829468,-0.25236549221654064,-0.10901106761361518,0.0,0.0,0.0,0.4587913049859099,-0.10653168261051178,-0.0,-0.18893567485781115,0.02,0.0,0.0,0.0,0.0,0.0,0.0,0.359527587890625,33.18240116726607,32.4,0.7326086850269979,0.0,0.25,0.699999988079071,3.0,3.0,0.25,0.699999988079071,0.23999999463558197,0.699999988079071,0.24,2.0,0.0,0.0,0.0,0.25,0.25,1.0,0.010000000000000009,0.0,0.0,1.0,1.0,1.0,1.0,0.0,0.0,0.0,0.0,84.65623474121094,-129.1854248046875,84.66868591308594,-128.86566162109375,0.012451171875,0.31976318359375,0.32000550627708435,1.5318772622215475,-0.3298709988594055,0.9440260529518127,0.0,4.774128437042236,99.42147827148438,0.0,28.0,28.0,28.0,0.0,1.0,22.0,0.0,0.0,1.0,96.0,1.0,0.0,3.0,0.0,0.64,86.58050000667572,0.5413000471889973,4.664300009608269,73.15189996734262,47.192699974402785,4.0,4.211600054986775,3.379400004632771,0.6004999158903956,0.000400003045797348
1,394,394,2.4764391443367435,0,0,4.0,3.0,0.5022028088569641,1.0,1.0,1.0,0.5756368041038513,0.528217613697052,1.0,1.0,1.0,1.0,1.0,1.0,0.5022028088569641,0.5022028088569641,0.528217613697052,1.0,1.0,0.0,0.6503580212593079,-1.0,1.0,-0.948679506778717,0.47403430938720703,0.9666774868965149,0.4363636374473572,-0.12858128547668457,0.9283750057220459,0.3716447949409485,0.0,0.015722675248980522,0.025589389726519585,0.0,0.0,0.0,246.7549591064453,12.555070877075195,12.555070877075195,13.205440521240234,25.0,25.0,0.015722675248980522,0.9842773247510195,0.5022028350830078,0.5022028350830078,0.0,0.0,0.0,0.0,0.0,2.045489097368407,0.5934955449905147,0.7135468769145,-0.8960923749366779,0.02,-0.0,-0.008746825159349842,-1.3619978928745457e-05,0.0,0.15,-0.0,0.0,0.0,-0.0,0.0,0.0,0.0,0.0,0.35,0.0,0.0,0.0,0.0,0.0,0.0,0.0,0.0,0.26021973891183736,-0.0,-0.2373046875,0.0,1.0612117726173875,-0.0,-0.0296630859375,-0.0296630859375,-0.05,0.5251562738471462,0.35484644770622253,0.2,0.0,-0.10050994285780195,-0.010929752066115716,-0.0,0.13262208332358558,0.16577760415448198,-0.3141049341874397,0.00015573758304829468,-0.578384783228073,-0.16351660142042282,0.0,0.0,0.0,0.45225599012879325,-0.018000002950429916,-0.0,-0.009201783287510732,0.02,0.0,0.0,0.0,0.0,0.0,0.0,0.35484644770622253,32.57266666688025,32.4,0.0,0.6,0.5,0.699999988079071,4.0,3.0,0.5,0.699999988079071,0.36000001430511475,0.699999988079071,0.3600000000000001,3.0,0.0,0.0,0.0,0.5,0.5,1.0,0.1399999999999999,0.0,0.0,1.0,1.0,1.0,0.0,0.0,0.0,0.0,0.0,84.66873931884766,-128.86595153808594,84.68119049072266,-128.5461883544922,0.012451171875,0.31976318359375,0.32000550627708435,1.5318772622215475,-0.3303283452987671,0.9438660144805908,0.0,4.774128437042236,99.42147827148438,0.0,28.0,28.0,28.0,0.0,1.0,22.0,0.0,0.0,1.0,95.0,1.0,0.0,3.0,0.0,0.68,35.018499940633774,0.5130999488756061,4.465000005438924,20.42830002028495,11.36359991505742,4.0,5.5074000265449286,3.2381999772042036,0.8316000457853079,0.0003998866304755211
1,395,395,2.9663897911886212,0,0,3.0,2.0,0.5022028088569641,1.0,1.0,1.0,0.5756368041038513,0.528217613697052,1.0,1.0,1.0,1.0,1.0,1.0,0.5022028088569641,0.5022028088569641,0.528217613697052,1.0,1.0,0.0,0.649346649646759,-1.0,1.0,-0.9488306641578674,0.465323805809021,-0.5292834043502808,0.6545454263687134,-0.12858128547668457,0.9222540259361267,0.38658440113067627,0.0,0.015722675248980522,0.025589389726519585,0.0,0.0,0.0,246.98492431640625,12.270126342773438,12.270126342773438,12.82874870300293,25.0,25.0,0.01465037651360035,0.9853496234863997,0.4908050537109375,0.4908050537109375,0.0,0.0,0.0,0.0,0.0,2.000822471898015,0.4450114622679309,0.6794960135063075,-0.1789401564836325,0.02,-0.0,-0.009894531504085056,-1.3619978928745457e-05,-0.1306863784790039,0.15,-0.0,0.0,0.0,-0.0,0.0,0.0,0.0,0.0,0.35,0.0,0.0,0.0,0.0,0.0,0.0,0.0,0.0,0.25952274473384024,-0.0,0.9063845321999224,0.0,1.0154728484116153,-0.0,0.2299652099609375,0.2299652099609375,-0.05,0.5097002246910439,0.3440849781036377,0.2,0.0,-0.06732687497272023,-0.0,-0.0,0.1079770299014374,0.13497128737679676,-0.1124760728139973,6.760956142554562e-05,-0.13772038362719233,-0.10977989705919837,0.06037895287047717,0.0,0.0,0.43560599222994867,-0.055031807720661165,-0.0,-0.0,0.02,0.0,0.0,0.0,0.0,0.0,0.0,0.3440849781036377,31.419208320602774,32.4,0.0,0.6,0.25,0.3499999940395355,3.0,2.0,0.25,0.3499999940395355,0.25,0.3499999940395355,0.25,4.0,0.0,0.0,0.0,0.25,0.25,0.0,0.0,0.0,0.0,1.0,1.0,1.0,0.0,0.0,0.0,0.0,0.0,84.68124389648438,-128.54647827148438,84.69369506835938,-128.22671508789062,0.012451171875,0.31976318359375,0.32000550627708435,1.5318772622215475,-0.33078673481941223,0.9437054991722107,0.0,4.774128437042236,99.42147827148438,0.0,28.0,28.0,28.0,0.0,1.0,22.0,0.0,0.0,1.0,94.0,1.0,0.0,3.0,0.0,0.72,129.5657999580726,0.5524000152945518,4.038300015963614,51.61849991418421,31.758299912326038,4.0,32.00569993350655,22.453300072811544,18.853100016713142,0.0003998866304755211
1,396,396,3.028129797582109,0,0,3.0,2.0,0.490805059671402,1.0,1.0,1.0,0.5529047250747681,0.5131499767303467,1.0,1.0,1.0,1.0,1.0,1.0,0.490805059671402,0.490805059671402,0.5131499767303467,1.0,1.0,0.0,0.6482295393943787,-1.0,1.0,-0.9491087198257446,0.44884583353996277,-1.0,0.4545454680919647,-0.25694677233695984,0.9132253527641296,0.40745484828948975,0.0,0.01465037651360035,0.030651316046714783,0.0,0.0,0.0,298.8265686035156,12.063372611999512,12.063372611999512,12.482439994812012,25.0,25.0,0.012567013502120972,0.987432986497879,0.4825349044799805,0.4825349044799805,0.0,0.0,0.0,0.0,0.0,2.0336784831018306,0.4760944994771535,0.6775507076802233,-0.17919389267709823,0.02,-0.0,-0.011084666906004988,-1.3619978928745457e-05,-0.1035831642150879,0.15,-0.0,0.0,0.0,-0.0,0.0,0.0,0.0,0.0,0.35,0.0,0.0,0.0,0.0,0.0,0.0,0.0,0.0,0.2581685587763786,-0.0,7.899463891983032,0.0,1.0462454966039516,-0.0,51.841644287109375,2.0,-0.05,0.5065882355983998,0.341372013092041,0.2,0.0,-0.06809178342260419,-0.0,-0.0,0.11434075680994624,0.1429259460124328,-0.11910495501036067,4.9747895086982984e-05,-0.13869238887372362,-0.11062121608787576,0.0,0.0,0.0,0.4407759505771751,-0.0,-0.0,-0.0,0.02,0.0,0.0,0.0,0.0,0.0,0.0,0.341372013092041,31.776165597215293,23.26086922832157,0.4206521686004555,0.0,0.25,0.3499999940395355,3.0,2.0,0.25,0.3499999940395355,0.25,0.3499999940395355,0.25,5.0,0.0,0.0,0.0,0.25,0.25,0.0,0.0,0.0,0.0,1.0,1.0,1.0,0.0,0.0,0.0,0.0,0.0,84.68250274658203,-128.51699829101562,84.69495391845703,-128.19723510742188,0.012451171875,0.31976318359375,0.32000550627708435,1.5318772622215475,-0.3308295011520386,0.9436905384063721,0.0,4.774128437042236,99.42147827148438,0.0,28.0,28.0,28.0,0.0,1.0,22.0,0.0,0.0,1.0,93.0,1.0,0.0,3.0,0.0,0.76,337.3534999554977,0.6966000655665994,25.503500015474856,261.6514000110328,116.53819994535297,4.0,45.89700000360608,2.7208999963477254,0.8376000914722681,0.0005998881533741951
1,397,397,3.1038674150345664,0,0,3.0,2.0,0.48253491520881653,1.0,1.0,1.0,0.5292154550552368,0.4992975890636444,1.0,1.0,1.0,1.0,1.0,1.0,0.48253491520881653,0.48253491520881653,0.4992975890636444,1.0,1.0,0.0,0.6293995976448059,-1.0,1.0,-0.9675320386886597,0.45394521951675415,0.3098587393760681,0.4545454680919647,-0.3332231342792511,0.9023517966270447,0.4310002028942108,0.0,0.012567013502120972,0.032878365367650986,0.0,0.0,0.0,285.64306640625,12.063372611999512,12.063372611999512,12.482439994812012,25.0,25.0,0.012567013502120972,0.987432986497879,0.4825349044799805,0.4825349044799805,0.0,0.0,0.0,0.0,0.0,2.0088061097537135,0.5717903245284781,0.6812359244734634,-0.17796494372108868,0.02,-0.0,-0.011084666906004988,-1.3619978928745457e-05,0.0,0.15,-0.0,0.0,0.0,-0.0,0.0,0.0,0.0,0.0,0.35,0.0,0.0,0.0,0.0,0.0,0.0,0.0,0.0,0.2581685587763786,-0.0,-16.0,0.0,1.0213731232558345,-0.0,-13.183502197265625,-2.0,-0.05,0.5102734523916399,0.3438553512096405,0.2,0.0,-0.06686283446659468,-0.0,-0.0,0.11434075680994624,0.1429259460124328,-0.11910495501036067,4.9747895086982984e-05,-0.13869238887372362,-0.11062121608787576,0.0,0.0,0.0,0.4328886114134119,-0.0,-0.0,-0.0,0.02,0.0,0.0,0.0,0.0,0.0,0.0,0.3438553512096405,31.20265608441085,23.26086922832157,0.4206521686004555,0.0,0.25,0.3499999940395355,3.0,2.0,0.25,0.3499999940395355,0.25,0.3499999940395355,0.25,6.0,0.0,0.0,0.0,0.25,0.25,0.0,0.0,0.0,0.0,1.0,1.0,1.0,0.0,0.0,0.0,0.0,0.0,82.56430053710938,-182.9149932861328,82.56459045410156,-169.0,0.0002899169921875,13.914993286132812,13.914993286132812,1.5707754919302004,-0.26562511920928955,0.9640763998031616,0.0,4.774128437042236,99.42147827148438,0.0,28.0,28.0,28.0,0.0,1.0,22.0,0.0,0.0,1.0,92.0,1.0,0.0,3.0,0.0,0.8,59.676700038835406,0.7881000638008118,3.8844000082463026,46.731899958103895,26.915599941276014,4.0,4.260199959389865,3.168800030834973,0.7915999740362167,0.000500003807246685
1,398,398,1.925132668715427,0,0,4.0,4.0,0.48253491520881653,1.0,1.0,1.0,0.5292154550552368,0.4992975890636444,1.0,1.0,1.0,1.0,1.0,1.0,0.48253491520881653,0.48253491520881653,0.4992975890636444,1.0,1.0,0.0,0.6281481981277466,-1.0,1.0,-0.9645532965660095,0.44575223326683044,-0.4978381097316742,0.4545454680919647,-0.3332231342792511,0.8904277682304382,0.4551245868206024,0.0,0.012567013502120972,0.032878365367650986,0.0,0.0,0.0,285.5934753417969,11.975343704223633,11.975343704223633,12.158119201660156,25.0,25.0,0.008097504265606403,0.9919024957343936,0.4790137481689453,0.4790137481689453,0.0,0.0,0.0,0.0,0.0,2.006011331376602,0.5174245344277834,0.7357303207697072,-1.3540335178586655,0.02,-0.0,-0.01233095915801533,-1.3619978928745457e-05,-0.06532716751098633,0.15,-0.0,0.0,0.0,-0.0,0.0,0.0,0.0,0.0,0.35,0.0,0.0,0.0,0.0,0.0,0.0,0.0,0.0,0.2552633777726442,-0.0,-0.396728515625,0.0,1.0141088356422086,-0.0,-0.049591064453125,-0.049591064453125,-0.05,0.5186863275946775,0.3481874167919159,0.2,0.0,-0.1016387534082362,-0.015061983471074398,-0.0,0.21941670493646093,0.2742708811705762,-0.5637790335172957,5.90126177983625e-05,-0.8888554968329004,-0.1792972345173013,0.0,0.0,0.0,0.44509628107571375,-0.09914761483669281,-0.0,-0.0,0.02,0.0,0.0,0.0,0.0,0.0,0.0,0.3481874167919159,32.04825557917356,32.4,1.0,0.0,0.5,1.0,4.0,4.0,0.5,1.0,0.3700000047683716,1.0,0.3700000000000001,7.0,0.0,0.0,0.0,0.5,0.5,1.0,0.1299999999999999,0.0,0.0,1.0,1.0,1.0,0.0,0.0,0.0,0.0,0.0,82.56449890136719,-168.9994659423828,82.57868194580078,-168.67977905273438,0.01418304443359375,0.3196868896484375,0.32000136375427246,1.5264599786382902,-0.278353750705719,0.9604785442352295,0.0,4.774128437042236,99.42147827148438,0.0,28.0,28.0,28.0,0.0,1.0,22.0,0.0,0.0,1.0,91.0,1.0,0.0,3.0,0.0,0.84,72.96819996554404,0.7302999729290605,4.51610004529357,56.977399974130094,26.829699985682964,4.0,5.716599989682436,4.134700051508844,0.8485999424010515,0.000400003045797348
1,399,399,2.9393045168118155,0,0,3.0,2.0,0.47901374101638794,1.0,1.0,1.0,0.5075437426567078,0.4863247573375702,1.0,1.0,1.0,1.0,1.0,1.0,0.47901374101638794,0.47901374101638794,0.4863247573375702,1.0,1.0,0.0,0.6269269585609436,-1.0,1.0,-0.9646810293197632,0.4578322172164917,0.7340273261070251,0.6727272868156433,-0.3561486303806305,0.8771973848342896,0.4801298975944519,0.0,0.008097504265606403,0.03130478784441948,0.0,0.0,0.0,285.5387268066406,11.975343704223633,11.975343704223633,12.158119201660156,25.0,25.0,0.008097504265606403,0.9919024957343936,0.4790137481689453,0.4790137481689453,0.0,0.0,0.0,0.0,0.0,1.9842835249036832,0.5969666957321164,0.6945021713772984,-0.3564478752012826,0.02,-0.0,-0.01233095915801533,-1.3619978928745457e-05,0.0,0.15,-0.0,0.0,0.0,-0.0,0.0,0.0,0.0,0.0,0.35,0.0,0.0,0.0,0.0,0.0,0.0,0.0,0.0,0.2552633777726442,-0.0,-0.43798828125,0.0,0.9923810291692897,-0.0,-0.05474853515625,-0.05474853515625,-0.05,0.5210367741656513,0.34976524114608765,0.2,0.0,-0.07093137258629183,-0.0,-0.0,0.12799307569989313,0.15999134462486642,-0.133326120520722,2.0654415877684265e-05,-0.1407891968512662,-0.12114678007925761,0.07268807274114658,0.0,0.0,0.4593112748690604,-0.09914761483669281,-0.0,-0.151799937808836,0.02,0.0,0.0,0.0,0.0,0.0,0.0,0.34976524114608765,33.101307206936184,23.26086922832157,0.4206521686004555,0.0,0.25,0.3499999940395355,3.0,2.0,0.25,0.3499999940395355,0.25,0.3499999940395355,0.25,8.0,0.0,0.0,0.0,0.25,0.25,0.0,0.0,0.0,0.0,1.0,1.0,1.0,0.0,0.0,0.0,0.0,0.0,82.5787124633789,-168.6792755126953,82.5928955078125,-168.35958862304688,0.01418304443359375,0.3196868896484375,0.32000136375427246,1.5264599786382902,-0.278707355260849,0.9603760242462158,0.0,4.774128437042236,99.42147827148438,0.0,28.0,28.0,28.0,0.0,1.0,22.0,0.0,0.0,1.0,90.0,1.0,0.0,3.0,0.0,0.88,40.568500058725476,0.7706000469624996,3.6409000167623162,26.43159998115152,13.063499936833978,4.0,5.296499934047461,3.6869000177830458,0.7076000329107046,0.000500003807246685
1,400,400,3.5074414142061228,0,0,2.0,3.0,0.47901374101638794,1.0,1.0,1.0,0.5075437426567078,0.4863247573375702,1.0,1.0,1.0,1.0,1.0,1.0,0.47901374101638794,0.47901374101638794,0.4863247573375702,1.0,1.0,0.0,0.6256276965141296,-1.0,1.0,-0.9648162126541138,0.47287580370903015,0.9141073226928711,0.4545454680919647,-0.3561486303806305,0.8612003326416016,0.5082657337188721,0.0,0.008097504265606403,0.03130478784441948,0.0,0.0,0.0,301.9095153808594,11.86327838897705,11.923115730285645,11.86327838897705,25.0,25.0,0.003971696365624666,0.9960283036343753,0.47453113555908205,0.47692462921142575,0.0,0.0,0.0,0.0,0.0,1.9632824045588197,0.2718600380016074,0.717422622669641,0.5348763489760544,0.02,-0.0,-0.013587025041138463,-1.3619978928745457e-05,-0.05104928970336914,0.15,-0.0,0.0,0.0,-0.250121548139861,0.0,0.0,0.0,0.0,0.35,0.0,0.0,0.0,0.0,0.0,0.0,0.0,0.0,0.25258160263765606,-0.0,7.968226429075003,0.0,0.9672541009244445,-0.0,16.37078857421875,2.0,-0.05,0.5158709234770608,0.3450789153575897,0.2,0.0,-0.03510715053468411,-0.0,-0.04221676902250321,0.3936675211069757,0.49208440138371967,-0.15231183852353228,9.937854203810543e-06,-0.07625589140182035,-0.06828994054815893,0.07879607937710985,0.0,0.0,0.43663152086490475,-0.05550000071525574,-0.0,-0.0,0.02,0.0,0.0,0.0,0.0,0.0,0.0,0.3450789153575897,31.506417146511378,32.4,0.0,0.6,0.0,0.699999988079071,2.0,3.0,0.0,0.699999988079071,0.12999999523162842,0.699999988079071,0.13,9.0,0.0,0.0,0.0,0.0,0.0,1.0,0.13,0.0,0.0,1.0,1.0,1.0,0.0,0.0,0.0,0.0,0.0,82.59292602539062,-168.3594512939453,82.60710906982422,-168.03976440429688,0.01418304443359375,0.3196868896484375,0.32000136375427246,1.5264599786382902,-0.27906134724617004,0.960273265838623,0.0,4.774128437042236,99.42147827148438,0.0,28.0,28.0,28.0,0.0,1.0,22.0,0.0,0.0,1.0,89.0,1.0,0.0,3.0,0.0,0.92,156.76230005919933,0.5567000480368733,4.651100025512278,88.6225999565795,31.824099947698414,4.0,34.767900011502206,14.290999970398843,13.819499989040196,0.000400003045797348
1,401,401,2.6241491792217304,0,0,3.0,0.0,0.4769246280193329,1.0,1.0,1.0,0.4878357946872711,0.4745311439037323,1.0,1.0,1.0,1.0,1.0,1.0,0.4745311439037323,0.4769246280193329,0.4745311439037323,1.0,1.0,0.0,0.6179050207138062,-1.0,1.0,-0.9693715572357178,0.4500916600227356,-1.0,0.23636363446712494,-0.3985757529735565,0.8449226021766663,0.5348885655403137,0.0,0.003971696365624666,0.018444547429680824,0.0,0.0,0.0,309.927978515625,11.86327838897705,11.923115730285645,11.86327838897705,25.0,25.0,0.003971696365624666,0.9960283036343753,0.47453113555908205,0.47692462921142575,0.0,0.0,0.0,0.0,0.0,1.9199277392005518,0.5661378034397156,0.6560980059898742,-0.5380143694084112,0.02,-0.0,-0.013587025041138463,-1.3619978928745457e-05,0.0,0.15,-0.0,0.0,0.0,-0.0,0.0,0.0,0.0,0.0,0.35,0.0,0.0,0.0,0.0,0.0,0.0,0.0,0.0,0.25258160263765606,-0.0,7.968226429075003,0.0,0.9238994355661766,-0.0,8.018463134765625,2.0,-0.05,0.5060980059898742,0.33854156732559204,0.2,0.0,-0.06631078172195704,-0.0,-0.15947901854875937,0.0,0.0,0.0,0.0,0.0,-0.13132680874645947,0.0,0.0,0.0,0.4297384484597828,-0.18089776039123534,-0.0,-0.0,0.02,0.0,0.0,0.0,0.0,0.0,0.0,0.33854156732559204,30.945031470246615,0.0,0.0,0.45652173913043476,0.25,-0.5,3.0,0.0,0.25,-0.5,0.25,-0.5,0.25,10.0,0.0,0.0,0.0,0.25,0.25,0.0,0.0,0.0,0.0,1.0,1.0,1.0,0.0,0.0,0.0,0.0,0.0,81.84429931640625,-185.23399353027344,81.8445816040039,-169.0,0.00028228759765625,16.233993530273438,16.233993530273438,1.5707789381220394,-0.26133957505226135,0.9652469158172607,0.0,4.774128437042236,99.42147827148438,0.0,28.0,28.0,28.0,0.0,1.0,22.0,0.0,0.0,1.0,88.0,1.0,0.0,3.0,0.0,0.96,183.4564000600949,0.681100063957274,22.188599919900298,148.4078000066802,88.40090001467615,4.0,8.364000008441508,3.0576999997720122,0.7120000664144754,0.000400003045797348
1,402,402,4.292800412739312,0,0,3.0,0.0,0.4769246280193329,1.0,1.0,1.0,0.4878357946872711,0.4745311439037323,1.0,1.0,1.0,1.0,1.0,1.0,0.4745311439037323,0.4769246280193329,0.4745311439037323,1.0,1.0,0.0,0.6163685917854309,-1.0,1.0,-0.971105694770813,0.4420718848705292,-0.4873139560222626,0.4545454680919647,-0.3985757529735565,0.8304335474967957,0.5571176409721375,0.0,0.003971696365624666,0.018444547429680824,0.0,0.0,0.0,286.64306640625,11.613826751708984,11.988001823425293,11.613826751708984,25.0,25.0,0.0019316378748044372,0.9980683621251956,0.4645530700683594,0.4795200729370117,0.0,0.0,0.0,0.0,0.0,1.8590524878797883,0.6577322242240303,2.1968673196225272,-0.44085161898703384,0.02,-0.0,-0.014750504484530639,-1.3619978928745457e-05,0.09983798980712891,0.15,-0.0,0.0,0.0,-0.0,0.0,0.0,0.0,0.0,0.35,0.0,0.0,0.0,0.0,0.0,0.0,0.0,0.0,0.25125556461862286,-0.0,-16.0,0.0,0.8609841257545927,-0.0,-23.284912109375,-2.0,1.5,0.49686731962252706,0.33178964257240295,0.2,0.0,-0.0652129760354225,-0.0,-0.23622284963935886,0.0,0.0,0.0,0.0,0.0,-0.1394157933122525,0.0,0.0,0.0,0.4226583588803608,-0.0,-0.0,-0.0,0.02,0.0,0.0,0.0,0.0,0.0,0.0,0.33178964257240295,30.43272214986384,0.0,0.0,0.45652173913043476,0.25,-0.5,3.0,0.0,0.25,-0.5,0.25,-0.5,0.25,11.0,0.0,0.0,0.0,0.25,0.25,0.0,0.0,0.0,0.0,1.0,1.0,1.0,0.0,0.0,0.0,0.0,0.0,81.84410858154297,-193.26026916503906,81.84428405761719,-169.0,0.00017547607421875,24.260269165039062,24.260269165039062,1.5707890937313265,-0.254643052816391,0.9670351147651672,0.0,4.774128437042236,99.42147827148438,0.0,28.0,28.0,28.0,0.0,1.0,22.0,0.0,0.0,1.0,87.0,1.0,0.0,3.0,0.0,1.0,72.18829996418208,0.6212999578565359,4.122899961657822,54.218500037677586,32.60069992393255,4.0,9.182400070130825,3.0735000036656857,0.9244000539183617,0.000500003807246685
1,403,403,6.363807288009543,0,0,3.0,2.0,0.4795200824737549,1.0,1.0,0.6175471544265747,0.4726916253566742,0.4645530581474304,1.0,1.0,1.0,1.0,1.0,1.0,0.4645530581474304,0.4795200824737549,0.4645530581474304,1.0,1.0,0.0,0.6148022413253784,-1.0,1.0,-0.9663102030754089,0.4347531795501709,-0.44471293687820435,0.4545454680919647,-0.3150974214076996,0.8159809708595276,0.5780787467956543,0.0,0.0019316378748044372,0.010231210850179195,0.0,0.0,0.0,286.5467834472656,11.398637771606445,14.20166301727295,11.398637771606445,25.0,25.0,0.0,1.0,0.45594551086425783,0.568066520690918,0.0,0.0,0.0,0.0,0.0,1.8335669040679932,4.5303994693343155,0.673789438009262,-0.6939485234020277,0.02,-0.0,-0.015834911170911403,-1.3619978928745457e-05,3.9741773223876953,0.15,-0.0,0.0,0.0,-0.0,0.0,0.0,0.0,0.0,0.35,0.0,0.0,0.0,0.0,0.0,0.0,0.0,0.0,0.25,-0.0,-0.770263671875,0.0,0.8335669040679932,-0.0,-0.096282958984375,-0.096282958984375,-0.05,0.49578943848609924,0.33052629232406616,0.2,0.0,-0.06511957636456936,-0.0,-0.3157312793433666,0.15272727012634277,0.19090908765792844,-0.15909090638160706,0.0,-0.14462809671055185,-0.22551501880992544,0.0,0.0,0.0,0.42207067809646076,-0.1275000035762787,-0.0,-0.0,0.02,0.0,0.0,0.0,0.0,0.0,0.0,0.33052629232406616,30.389135636799036,23.26086922832157,0.4206521686004555,0.0,0.25,0.3499999940395355,3.0,2.0,0.25,0.3499999940395355,0.25,0.3499999940395355,0.25,12.0,0.0,0.0,0.0,0.25,0.25,0.0,0.0,0.0,0.0,1.0,1.0,1.0,0.0,0.0,0.0,0.0,0.0,81.84428405761719,-169.000244140625,81.86076354980469,-168.6806640625,0.0164794921875,0.319580078125,0.3200047016143799,1.5192758789481007,-0.27597302198410034,0.9611653089523315,0.0,4.774128437042236,99.42147827148438,0.0,28.0,28.0,28.0,0.0,1.0,22.0,0.0,0.0,1.0,86.0,1.0,0.0,3.0,0.0,1.04,56.93660001270473,0.7036000024527311,4.164700047113001,38.968199980445206,17.71559996996075,4.0,8.06140003260225,4.181799944490194,0.8096999954432249,0.000500003807246685
1,404,404,2.4488240778337507,0,0,3.0,2.0,0.5680665373802185,1.0,1.0,0.5835168361663818,0.46052324771881104,0.45594552159309387,1.0,1.0,1.0,1.0,1.0,1.0,0.45594552159309387,0.5680665373802185,0.45594552159309387,1.0,1.0,0.0,0.6133203506469727,-1.0,1.0,-0.9664523005485535,0.4341305196285248,-0.03783551603555679,0.4545454680919647,-0.33563750982284546,0.8004260659217834,0.5994315147399902,0.0,0.0,0.0,0.0,0.0,0.0,311.4555969238281,11.398637771606445,14.20166301727295,11.398637771606445,25.0,25.0,0.0,1.0,0.45594551086425783,0.568066520690918,0.0,0.0,0.0,0.0,0.0,1.8407792448997498,0.560834664958889,0.6776170396804809,-0.6504068717053693,0.02,-0.0,-0.015834911170911403,-1.3619978928745457e-05,0.0,0.15,-0.0,0.0,0.0,-0.0,0.0,0.0,0.0,0.0,0.35,0.0,0.0,0.0,0.0,0.0,0.0,0.0,0.0,0.25,-0.0,8.0,0.0,0.8407792448997498,-0.0,24.9088134765625,2.0,-0.05,0.4996170401573181,0.3330780267715454,0.2,0.0,-0.06583134699737919,-0.0,-0.3989778605901769,0.15272727012634277,0.19090908765792844,-0.15909090638160706,0.0,-0.14462809671055185,-0.22551501880992544,0.0,0.0,0.0,0.4266831961087291,-0.0,-0.0,-0.0,0.02,0.0,0.0,0.0,0.0,0.0,0.0,0.3330780267715454,30.721295265443626,23.26086922832157,0.4206521686004555,0.0,0.25,0.3499999940395355,3.0,2.0,0.25,0.3499999940395355,0.25,0.3499999940395355,0.25,13.0,0.0,0.0,0.0,0.25,0.25,0.0,0.0,0.0,0.0,1.0,1.0,1.0,0.0,0.0,0.0,0.0,0.0,81.86087799072266,-168.68064880371094,81.87735748291016,-168.36106872558594,0.0164794921875,0.319580078125,0.3200047016143799,1.5192758789481007,-0.2763318717479706,0.9610622525215149,0.0,4.774128437042236,99.42147827148438,0.0,28.0,28.0,28.0,0.0,1.0,22.0,0.0,0.0,1.0,85.0,1.0,0.0,3.0,0.0,1.08,94.84379994682968,0.8879000088199973,3.7007000064477324,72.59030011482537,27.4273999966681,4.0,13.22189997881651,3.5396000603213906,0.8591999066993594,0.000500003807246685
1,405,405,-2.3114207197877965,0,0,2.0,2.0,0.5680665373802185,1.0,1.0,0.5835168361663818,0.46052324771881104,0.45594552159309387,1.0,1.0,1.0,1.0,1.0,1.0,0.45594552159309387,0.5680665373802185,0.45594552159309387,1.0,1.0,0.0,0.6005419492721558,-1.0,1.0,-0.9728631377220154,0.43887564539909363,0.288332998752594,0.4545454680919647,-0.33563750982284546,0.7838642001152039,0.6209322810173035,0.0,0.0,0.0,0.0,0.0,0.0,286.9215393066406,11.213547706604004,25.0,11.213547706604004,25.0,15.682345390319824,0.0,1.0,0.4485419082641602,1.0,0.0,0.0,0.0,0.0,0.0,1.7991441488265991,-4.896435300966844,0.6814678424596786,0.08440258989276941,0.02,-0.0,-0.016831931948142212,-0.0005660031239365104,3.8577891921997067,0.15,-9.317654609680176,0.0,0.0,-0.0,0.0,0.0,0.0,0.0,0.35,0.0,0.0,0.0,0.0,0.0,0.0,0.0,0.0,0.25,-0.0,-16.0,0.0,0.7991441488265991,-0.0,-24.5340576171875,-2.0,-0.05,0.5034678429365158,0.33564522862434387,0.2,0.0,-0.034564719110075914,-0.0,-0.2513797753460067,0.2138181781768799,0.26727272272109986,-0.08272727131843567,0.0,-0.03910743735053322,-0.1890909090909091,0.21818180192600597,0.0,0.0,0.4308280515857041,-0.018000000715255735,-0.0,-0.0,0.02,0.0,0.0,0.0,0.0,0.0,0.0,0.33564522862434387,31.01961971417069,23.26086922832157,0.4206521686004555,0.0,0.0,0.3499999940395355,2.0,2.0,0.0,0.3499999940395355,0.12999999523162842,0.3499999940395355,0.13,14.0,0.0,0.0,0.0,0.0,0.0,1.0,0.13,0.0,0.0,1.0,1.0,1.0,0.0,0.0,0.0,0.0,0.0,80.53019714355469,-194.48622131347656,80.53040313720703,-169.0,0.00020599365234375,25.486221313476562,25.486221313476562,1.5707882442455399,-0.24959662556648254,0.9683498740196228,0.0,4.774128437042236,99.42147827148438,0.0,28.0,28.0,28.0,0.0,1.0,22.0,0.0,0.0,1.0,84.0,1.0,0.0,3.0,0.0,1.12,59.534199885092676,0.6396999815478921,4.637099918909371,42.035400052554905,19.327000016346574,4.0,8.122700033709407,3.348900005221367,0.7034000009298325,0.000600004568696022
1,406,406,4.461806847213511,0,0,2.0,3.0,1.0,1.0,1.0,0.553493320941925,0.45036667585372925,0.44854190945625305,1.0,1.0,0.6272938251495361,1.0,1.0,1.0,0.44854190945625305,1.0,0.44854190945625305,0.6272938251495361,1.0,0.0,0.5987845063209534,-1.0,1.0,-0.968134343624115,0.44313743710517883,0.2589621841907501,0.23636363446712494,-0.3367716073989868,0.7668651938438416,0.6418082118034363,0.0,0.0,0.0,0.0,0.0,0.0,313.5963439941406,11.213547706604004,25.0,11.213547706604004,25.0,15.682345390319824,0.0,1.0,0.4485419082641602,1.0,0.0,0.0,0.0,0.0,0.0,1.8119773864746094,0.5662944610806858,0.7168840605020523,1.3466509391561634,0.02,-0.0,-0.016831931948142212,-0.0005660031239365104,0.0,0.15,-0.0,0.0,0.0,-0.0,0.0,0.0,0.0,0.0,0.35,0.0,0.0,0.0,0.0,0.0,0.0,0.0,0.0,0.25,-0.0,8.0,0.0,0.8119773864746094,-0.0,26.6748046875,2.0,-0.05,0.5108840614557266,0.34058937430381775,0.2,0.0,-0.002676501644828492,-0.0,-0.022709710925817507,0.549818172454834,0.6872727155685425,-0.012727272510528574,0.0,-0.0004628099094737666,-0.014545454545454556,0.21818180138414556,0.0,0.0,0.43369239615276456,-0.05550000071525574,-0.0,-0.0,0.02,0.0,0.0,0.0,0.0,0.0,0.0,0.34058937430381775,31.22585252299905,32.4,0.7326086850269979,0.0,0.0,0.699999988079071,2.0,3.0,0.0,0.699999988079071,0.009999999776482582,0.699999988079071,0.010000000000000009,15.0,0.0,0.0,0.0,0.0,0.0,1.0,0.010000000000000009,0.0,0.0,1.0,1.0,1.0,0.0,0.0,0.0,0.0,0.0,80.53038787841797,-169.00022888183594,80.5510482788086,-168.68089294433594,0.020660400390625,0.3193359375,0.32000356912612915,1.5061883617823202,-0.27161818742752075,0.9624051451683044,0.0,4.774128437042236,99.42147827148438,0.0,28.0,28.0,28.0,0.0,1.0,22.0,0.0,0.0,1.0,83.0,1.0,0.0,3.0,0.0,1.16,102.65470005106181,0.763299991376698,3.6442000418901443,48.7241999944672,26.456300052814186,4.0,41.27180005889386,5.7119999546557665,2.48780008405447,0.000500003807246685
1,407,407,2.958055702972271,0,0,2.0,2.0,1.0,1.0,1.0,0.553493320941925,0.45036667585372925,0.44854190945625305,1.0,1.0,0.6272938251495361,1.0,1.0,1.0,0.44854190945625305,1.0,0.44854190945625305,0.6272938251495361,1.0,0.0,0.5820111632347107,-1.0,1.0,-0.9748845100402832,0.44608360528945923,0.17902153730392456,0.0181818176060915,-0.3367716073989868,0.7518861889839172,0.6592929363250732,0.0,0.0,0.0,0.0,0.0,0.0,286.8683776855469,11.085662841796875,25.0,11.085662841796875,25.0,15.04578685760498,0.0,1.0,0.443426513671875,1.0,0.0,0.0,0.0,0.0,0.0,1.7748764753341675,-0.12867955401255884,0.6961984002590179,0.5956603813916445,0.02,-0.0,-0.017557633637892596,-0.0007301302994386983,-0.05353969573974609,0.15,-0.6365585327148438,0.0,0.0,-0.0,0.0,0.0,0.0,0.0,0.35,0.0,0.0,0.0,0.0,0.0,0.0,0.0,0.0,0.25,-0.0,-16.0,0.0,0.7748764753341675,-0.0,-26.72796630859375,-2.0,-0.05,0.5181984007358551,0.34546560049057007,0.2,0.0,-0.0,-0.0,-0.0,0.27999999523162844,0.3499999940395355,-0.0,0.0,-0.0,-0.0,0.0181818176060915,0.0,0.0,0.4297064383793623,-0.05252142548561096,-0.0,-0.0,0.02,0.0,0.0,0.0,0.0,0.0,0.0,0.34546560049057007,30.938863563314083,23.26086922832157,0.4206521686004555,0.0,0.0,0.3499999940395355,2.0,2.0,0.0,0.3499999940395355,0.0,0.3499999940395355,0.0,0.0,0.0,0.0,0.0,0.0,0.0,0.0,0.0,0.0,0.0,1.0,1.0,1.0,0.0,0.0,0.0,0.0,0.0,78.73899841308594,-196.68299865722656,78.7392349243164,-169.0,0.00023651123046875,27.682998657226562,27.682998657226562,1.570787783239956,-0.24234671890735626,0.9701897501945496,0.0,4.774128437042236,99.42147827148438,0.0,28.0,28.0,28.0,0.0,1.0,22.0,0.0,0.0,1.0,82.0,1.0,0.0,3.0,0.0,1.2,56.09829991590232,0.6737998919561505,4.6276000794023275,42.02549997717142,27.69859996624291,4.0,4.8510999185964465,3.0450000194832683,0.8365999674424529,0.000500003807246685
1,408,408,4.329092312248468,0,0,2.0,3.0,1.0,1.0,1.0,0.5308082103729248,0.4434265196323395,1.0,1.0,1.0,0.6018314957618713,1.0,1.0,1.0,0.4434265196323395,1.0,0.4434265196323395,0.6018314957618713,1.0,0.0,0.5800923109054565,-1.0,1.0,-0.9701117277145386,0.44198375940322876,-0.24912236630916595,0.0,-0.2160891443490982,0.7409677505493164,0.6715405583381653,0.0,0.0,0.0,0.0,0.0,0.0,315.6556701660156,11.085662841796875,25.0,11.085662841796875,25.0,15.04578685760498,0.0,1.0,0.443426513671875,1.0,0.0,0.0,0.0,0.0,0.0,1.8033279180526733,0.5668662954289918,0.7313981193304062,1.2074999794363976,0.02,-0.0,-0.017557633637892596,-0.0007301302994386983,0.0,0.15,-0.0,0.0,0.0,-0.0,0.0,0.0,0.0,0.0,0.35,0.0,0.0,0.0,0.0,0.0,0.0,0.0,0.0,0.25,-0.0,8.0,0.0,0.8033279180526733,-0.0,28.78729248046875,2.0,-0.05,0.5253981202840805,0.35026541352272034,0.2,0.0,-0.0,-0.0,-0.0,0.5599999904632569,0.699999988079071,-0.0,0.0,-0.0,-0.0,0.0,0.0,0.0,0.43515405936632306,-0.052499999105930326,-0.0,-0.0,0.02,0.0,0.0,0.0,0.0,0.0,0.0,0.35026541352272034,31.331092274375262,32.4,0.7326086850269979,0.0,0.0,0.699999988079071,2.0,3.0,0.0,0.699999988079071,0.0,0.699999988079071,0.0,0.0,0.0,0.0,0.0,0.0,0.0,0.0,0.0,0.0,0.0,1.0,1.0,1.0,0.0,0.0,0.0,0.0,0.0,78.73921966552734,-168.9998321533203,78.76556396484375,-168.68092346191406,0.02634429931640625,0.31890869140625,0.3199949562549591,1.4883758146916737,-0.26565471291542053,0.9640682339668274,0.0,4.774128437042236,99.42147827148438,0.0,28.0,28.0,28.0,0.0,1.0,22.0,0.0,0.0,1.0,81.0,1.0,0.0,3.0,0.0,1.24,98.03720004856586,0.7637999951839447,13.114900095388293,74.01159999426454,28.700600028969347,4.0,6.147900014184415,3.1987999100238085,0.7564000552520156,0.000500003807246685
1,409,409,3.9750160168443966,0,0,2.0,3.0,1.0,1.0,1.0,0.5308082103729248,0.4434265196323395,1.0,1.0,1.0,0.6018314957618713,1.0,1.0,1.0,0.4434265196323395,1.0,0.4434265196323395,0.6018314957618713,1.0,0.0,0.5574728846549988,-1.0,1.0,-0.9772849678993225,0.4475870430469513,0.34047630429267883,0.0,-0.2160891443490982,0.7337396740913391,0.6794306635856628,0.0,0.0,0.0,0.0,0.0,0.0,316.4807434082031,10.98597240447998,25.0,10.98597240447998,25.0,14.655068397521973,0.0,1.0,0.43943889617919923,1.0,0.0,0.0,0.0,0.0,0.0,1.8070904612541199,0.1487735043798734,0.7391520726680756,1.259999978542328,0.02,-0.0,-0.018145193385835277,-0.0008536407131173068,-0.03540596008300781,0.15,-0.3907184600830078,0.0,0.0,-0.0,0.0,0.0,0.0,0.0,0.35,0.0,0.0,0.0,0.0,0.0,0.0,0.0,0.0,0.25,-0.0,3.30029296875,0.0,0.8070904612541199,-0.0,0.8250732421875,0.8250732421875,-0.05,0.5331520736217499,0.35543471574783325,0.2,0.0,-0.0,-0.0,-0.0,0.5599999904632569,0.699999988079071,-0.0,0.0,-0.0,-0.0,0.0,0.0,0.0,0.4438967586448416,-0.0,-0.0,-0.0,0.02,0.0,0.0,0.0,0.0,0.0,0.0,0.35543471574783325,31.960566622428594,32.4,0.7326086850269979,0.0,0.0,0.699999988079071,2.0,3.0,0.0,0.699999988079071,0.0,0.699999988079071,0.0,0.0,0.0,0.0,0.0,0.0,0.0,0.0,0.0,0.0,0.0,1.0,1.0,1.0,0.0,0.0,0.0,0.0,0.0,76.26277923583984,-198.9339141845703,76.2630615234375,-169.0,0.00028228759765625,29.933914184570312,29.933914184570312,1.5707868964344187,-0.23301343619823456,0.9724735617637634,0.0,4.774128437042236,99.42147827148438,0.0,28.0,28.0,28.0,0.0,1.0,22.0,0.0,0.0,1.0,80.0,1.0,0.0,3.0,0.0,1.28,64.84829995315522,1.3366000493988395,3.581099910661578,49.06059999484569,26.604200014844537,4.0,7.245099986903369,2.851800061762333,0.7363999029621482,0.000400003045797348
1,410,410,4.6109164788291706,0,0,2.0,4.0,1.0,1.0,1.0,0.5164788365364075,0.43943890929222107,1.0,1.0,1.0,0.5862027406692505,1.0,1.0,1.0,0.43943890929222107,1.0,0.43943890929222107,0.5862027406692505,1.0,0.0,0.5554407835006714,-1.0,1.0,-0.9775709509849548,0.4565795361995697,0.5464187264442444,0.0,-0.10437296330928802,0.7288342118263245,0.6846902370452881,0.0,0.0,0.0,0.0,0.0,0.0,287.4163818359375,10.925968170166016,25.0,10.925968170166016,25.0,14.373540878295898,0.0,1.0,0.43703872680664063,1.0,0.0,0.0,0.0,0.0,0.0,1.7902120351791382,0.2763209745190601,0.7725393134355545,1.751844155695418,0.02,-0.0,-0.018508377443328262,-0.0009553916893594233,-0.024092159271240234,0.15,-0.2815275192260742,0.0,0.0,-0.0,0.0,0.0,0.0,0.0,0.35,0.0,0.0,0.0,0.0,0.0,0.0,0.0,0.0,0.25,-0.0,-16.0,0.0,0.7902120351791382,-0.0,-29.064361572265625,-2.0,-0.05,0.5425393134355545,0.361692875623703,0.2,0.0,-0.0,-0.0,-0.0,0.8,1.0,-0.0,0.0,-0.0,-0.0,0.0,0.0,0.0,0.4514044221490623,-0.04500000178813934,-0.0,-0.0031558425164425856,0.02,0.0,0.0,0.0,0.0,0.0,0.0,0.361692875623703,32.50111839473248,32.4,1.0,0.0,0.0,1.0,2.0,4.0,0.0,1.0,0.0,1.0,0.0,0.0,0.0,0.0,0.0,0.0,0.0,0.0,0.0,0.0,0.0,1.0,1.0,1.0,0.0,0.0,0.0,0.0,0.0,76.26248168945312,-199.5718536376953,76.26275634765625,-169.0,0.000274658203125,30.571853637695312,30.571853637695312,1.5707873427725814,-0.2325422614812851,0.9725862741470337,0.0,4.774128437042236,99.42147827148438,0.0,28.0,28.0,28.0,0.0,1.0,22.0,0.0,0.0,1.0,79.0,1.0,0.0,3.0,0.0,1.32,48.41479996684939,0.7348000071942806,3.7083999486640096,36.77959996275604,18.133100005798042,4.0,3.6952999653294683,2.7396000223234296,0.7145999697968364,0.000400003045797348
1,411,411,4.943172419550412,0,0,2.0,4.0,1.0,1.0,1.0,0.5057268738746643,0.43703871965408325,1.0,1.0,1.0,0.5749416351318359,1.0,1.0,1.0,0.43703871965408325,1.0,0.43703871965408325,0.5749416351318359,1.0,0.0,0.5533663630485535,-1.0,1.0,-0.9729448556900024,0.4643017053604126,0.46922898292541504,0.0,-0.05082513764500618,0.7255599498748779,0.6881589293479919,0.0,0.0,0.0,0.0,0.0,0.0,287.4569396972656,10.925968170166016,25.0,10.925968170166016,25.0,14.373540878295898,0.0,1.0,0.43703872680664063,1.0,0.0,0.0,0.0,0.0,0.0,1.783094882965088,0.5719759379649099,0.7681015986204147,1.8,0.02,-0.0,-0.018508377443328262,-0.0009553916893594233,0.0,0.15,-0.0,0.0,0.0,-0.0,0.0,0.0,0.0,0.0,0.35,0.0,0.0,0.0,0.0,0.0,0.0,0.0,0.0,0.25,-0.0,0.1622314453125,0.0,0.7830948829650879,-0.0,0.040557861328125,0.040557861328125,-0.05,0.5381015986204147,0.3587343990802765,0.2,0.0,-0.0,-0.0,-0.0,0.8,1.0,-0.0,0.0,-0.0,-0.0,0.0,0.0,0.0,0.4414397070975975,-0.0,-0.0,-0.0,0.02,0.0,0.0,0.0,0.0,0.0,0.0,0.3587343990802765,31.78365891102702,32.4,0.0,0.6,0.0,1.0,2.0,4.0,0.0,1.0,0.0,1.0,0.0,0.0,0.0,0.0,0.0,0.0,0.0,0.0,0.0,0.0,0.0,1.0,1.0,1.0,0.0,0.0,0.0,0.0,0.0,76.26268768310547,-169.5675811767578,76.28180694580078,-169.0,0.0191192626953125,0.5675811767578125,0.5679031014442444,1.5371235479604421,-0.2568512558937073,0.9664508700370789,0.0,4.774128437042236,99.42147827148438,0.0,28.0,28.0,28.0,0.0,1.0,22.0,0.0,0.0,1.0,78.0,1.0,0.0,3.0,0.0,1.36,30.197600019164383,0.6669000722467899,4.583599977195263,16.53929997701198,7.757500046864152,4.0,4.842399968765676,2.9007999692112207,0.6280000088736415,0.000400003045797348
1,412,412,4.698825643843885,0,0,2.0,4.0,1.0,1.0,1.0,0.5057268738746643,0.43703871965408325,1.0,1.0,1.0,0.5749416351318359,1.0,1.0,1.0,0.43703871965408325,1.0,0.43703871965408325,0.5749416351318359,1.0,0.0,0.5514115691184998,-1.0,1.0,-0.9731459617614746,0.45405226945877075,-0.6227946877479553,0.0,-0.05082513764500618,0.7231427431106567,0.6906986236572266,0.0,0.0,0.0,0.0,0.0,0.0,287.4842529296875,10.908074378967285,25.0,10.908074378967285,25.0,14.138778686523438,0.0,1.0,0.4363229751586914,1.0,0.0,0.0,0.0,0.0,0.0,1.7818557620048523,0.3282987161343061,0.7686711657047272,1.8,0.02,-0.0,-0.018618095749638082,-0.001049455019150757,-0.016232986450195313,0.15,-0.23476219177246094,0.0,0.0,-0.0,0.0,0.0,0.0,0.0,0.35,0.0,0.0,0.0,0.0,0.0,0.0,0.0,0.0,0.25,-0.0,0.1092529296875,0.0,0.7818557620048523,-0.0,0.027313232421875,0.027313232421875,-0.05,0.5386711657047272,0.3591141104698181,0.2,0.0,-0.0,-0.0,-0.0,0.8,1.0,-0.0,0.0,-0.0,-0.0,0.0,0.0,0.0,0.4489614451257512,-0.0,-0.0,-0.0,0.02,0.0,0.0,0.0,0.0,0.0,0.0,0.3591141104698181,32.325224049054086,32.4,1.0,0.0,0.0,1.0,2.0,4.0,0.0,1.0,0.0,1.0,0.0,0.0,0.0,0.0,0.0,0.0,0.0,0.0,0.0,0.0,0.0,1.0,1.0,1.0,0.0,0.0,0.0,0.0,0.0,76.27558135986328,-169.40513610839844,76.30233001708984,-169.0,0.0267486572265625,0.4051361083984375,0.4060181677341461,1.5048681301871785,-0.25703951716423035,0.9664008617401123,0.0,4.774128437042236,99.42147827148438,0.0,28.0,28.0,28.0,0.0,1.0,22.0,0.0,0.0,1.0,77.0,1.0,0.0,3.0,0.0,1.4,67.68620002549142,0.6862999871373177,2.904199995100498,41.97260004002601,19.09630000591278,4.0,17.42080005351454,3.869200008921325,0.7574999472126365,0.000300002284348011
1,413,413,4.921690182554648,0,0,2.0,4.0,1.0,1.0,1.0,0.49639052152633667,0.43632298707962036,1.0,1.0,1.0,0.5655511617660522,1.0,1.0,1.0,0.43632298707962036,1.0,0.43632298707962036,0.5655511617660522,1.0,0.0,0.549513578414917,-1.0,1.0,-0.9733381867408752,0.46178892254829407,0.47010862827301025,0.0,-0.020057370886206627,0.7218771576881409,0.6920212507247925,0.0,0.0,0.0,0.0,0.0,0.0,287.3782653808594,10.908074378967285,25.0,10.908074378967285,25.0,14.138778686523438,0.0,1.0,0.4363229751586914,1.0,0.0,0.0,0.0,0.0,0.0,1.796901524066925,0.5865051063978188,0.7792462664842605,1.7390372856056437,0.02,-0.0,-0.018618095749638082,-0.001049455019150757,0.0,0.15,-0.0,0.0,0.0,-0.0,0.0,0.0,0.0,0.0,0.35,0.0,0.0,0.0,0.0,0.0,0.0,0.0,0.0,0.25,-0.0,-0.847900390625,0.0,0.796901524066925,-0.0,-0.105987548828125,-0.105987548828125,-0.05,0.5492462664842606,0.3661641776561737,0.2,0.0,-0.0,-0.0,-0.0,0.8,1.0,-0.0,0.0,-0.0,-0.0,0.0,0.0,0.0,0.45617265716660765,-0.0,-0.0,-0.0609627143943563,0.02,0.0,0.0,0.0,0.0,0.0,0.0,0.3661641776561737,32.84443131599575,32.4,1.0,0.0,0.0,1.0,2.0,4.0,0.0,1.0,0.0,1.0,0.0,0.0,0.0,0.0,0.0,0.0,0.0,0.0,0.0,0.0,0.0,1.0,1.0,1.0,0.0,0.0,0.0,0.0,0.0,76.29621124267578,-169.22763061523438,76.33019256591797,-168.90943908691406,0.0339813232421875,0.3181915283203125,0.32000091671943665,1.4644043926861279,-0.25726741552352905,0.9663402438163757,0.0,4.774128437042236,99.42147827148438,0.0,28.0,28.0,28.0,0.0,1.0,22.0,0.0,0.0,1.0,76.0,1.0,0.0,3.0,0.0,1.44,59.600999928079545,0.6614999147132039,4.0210000006482005,45.5476000206545,29.700799961574376,4.0,5.65830001141876,2.9501999961212277,0.7219999097287655,0.000500003807246685
1,414,414,4.152679430452276,0,0,2.0,3.0,1.0,1.0,1.0,0.49639052152633667,0.43632298707962036,1.0,1.0,1.0,0.5655511617660522,1.0,1.0,1.0,0.43632298707962036,1.0,0.43632298707962036,0.5655511617660522,1.0,0.0,0.5476852655410767,-1.0,1.0,-0.9734979271888733,0.46920615434646606,0.4507007598876953,0.0,-0.020057370886206627,0.7210860848426819,0.6928454637527466,0.0,0.0,0.0,0.0,0.0,0.0,287.2728576660156,10.937370300292969,25.0,10.937370300292969,25.0,13.927271842956543,0.0,1.0,0.43749481201171875,1.0,0.0,0.0,0.0,0.0,0.0,1.790988802909851,0.3756970276507622,0.7509936231374741,1.2149999767541886,0.02,-0.0,-0.018438804267076243,-0.0011421057840649263,0.010746326446533205,0.15,-0.21150684356689453,0.0,0.0,-0.0,0.0,0.0,0.0,0.0,0.35,0.0,0.0,0.0,0.0,0.0,0.0,0.0,0.0,0.25,-0.0,-0.84326171875,0.0,0.7909888029098511,-0.0,-0.10540771484375,-0.10540771484375,-0.05,0.5449936240911484,0.36332908272743225,0.2,0.0,-0.0,-0.0,-0.0,0.5599999904632569,0.699999988079071,-0.0,0.0,-0.0,-0.0,0.0,0.0,0.0,0.4460384548222647,-0.04500000178813934,-0.0,-0.0,0.02,0.0,0.0,0.0,0.0,0.0,0.0,0.36332908272743225,32.11476874720305,32.4,0.0,0.6,0.0,0.699999988079071,2.0,3.0,0.0,0.699999988079071,0.0,0.699999988079071,0.0,0.0,0.0,0.0,0.0,0.0,0.0,0.0,0.0,0.0,0.0,1.0,1.0,1.0,0.0,0.0,0.0,0.0,0.0,76.33032989501953,-168.9061737060547,76.36431121826172,-168.58798217773438,0.0339813232421875,0.3181915283203125,0.32000091671943665,1.4644043926861279,-0.25766992568969727,0.9662330150604248,0.0,4.774128437042236,99.42147827148438,0.0,28.0,28.0,28.0,0.0,1.0,22.0,0.0,0.0,1.0,75.0,1.0,0.0,3.0,0.0,1.48,55.063100066035986,0.7989000296220183,3.60319996252656,42.0793000375852,19.71110003069043,4.0,4.668500041589141,3.110299934633076,0.7686000317335129,0.000400003045797348
1,415,415,4.896842939530823,0,0,2.0,4.0,1.0,1.0,1.0,0.4877556264400482,0.43749481439590454,1.0,1.0,1.0,0.5570908784866333,1.0,1.0,1.0,0.43749481439590454,1.0,0.43749481439590454,0.5570908784866333,1.0,0.0,0.5458706617355347,-1.0,1.0,-0.9736559987068176,0.4587824046611786,-0.6333876252174377,0.0,-0.01505399402230978,0.7203207015991211,0.693641185760498,0.0,0.0,0.0,0.0,0.0,0.0,287.1675109863281,10.937370300292969,25.0,10.937370300292969,25.0,13.927271842956543,0.0,1.0,0.43749481201171875,1.0,0.0,0.0,0.0,0.0,0.0,1.7892337441444397,0.5845803754740467,0.7757348972558975,1.7272939226564397,0.02,-0.0,-0.018438804267076243,-0.0011421057840649263,0.0,0.15,-0.0,0.0,0.0,-0.0,0.0,0.0,0.0,0.0,0.35,0.0,0.0,0.0,0.0,0.0,0.0,0.0,0.0,0.25,-0.0,-0.8427734375,0.0,0.7892337441444397,-0.0,-0.1053466796875,-0.1053466796875,-0.05,0.5457348972558975,0.363823264837265,0.2,0.0,-0.0,-0.0,-0.0,0.8,1.0,-0.0,0.0,-0.0,-0.0,0.0,0.0,0.0,0.4541612855251879,-0.04500000178813934,-0.0,-0.027706075555421147,0.02,0.0,0.0,0.0,0.0,0.0,0.0,0.363823264837265,32.69961255781353,32.4,1.0,0.0,0.0,1.0,2.0,4.0,0.0,1.0,0.0,1.0,0.0,0.0,0.0,0.0,0.0,0.0,0.0,0.0,0.0,0.0,0.0,1.0,1.0,1.0,0.0,0.0,0.0,0.0,0.0,76.3642578125,-168.58692932128906,76.39823913574219,-168.26873779296875,0.0339813232421875,0.3181915283203125,0.32000091671943665,1.4644043926861279,-0.25807055830955505,0.966126024723053,0.0,4.774128437042236,99.42147827148438,0.0,28.0,28.0,28.0,0.0,1.0,22.0,0.0,0.0,1.0,74.0,1.0,0.0,3.0,0.0,1.52,39.6582999965176,0.7836999138817191,4.369899979792535,24.44790001027286,13.127399957738817,4.0,5.346399964764714,3.9793000323697925,0.687299994751811,0.000500003807246685
1,416,416,4.812860346772781,0,0,2.0,4.0,1.0,1.0,1.0,0.4877556264400482,0.43749481439590454,1.0,1.0,1.0,0.5570908784866333,1.0,1.0,1.0,0.43749481439590454,1.0,0.43749481439590454,0.5570908784866333,1.0,0.0,0.5440465807914734,-1.0,1.0,-0.9738146662712097,0.46713733673095703,0.507676899433136,0.0,-0.01505399402230978,0.7200795412063599,0.6938915252685547,0.0,0.0,0.0,0.0,0.0,0.0,287.0613708496094,11.024009704589844,25.0,11.024009704589844,25.0,13.732505798339844,0.0,1.0,0.44096038818359373,1.0,0.0,0.0,0.0,0.0,0.0,1.7851030826568604,0.436312202551475,0.7714450615644455,1.8,0.02,-0.0,-0.017918700926262642,-0.0012346408959907026,0.05762556076049806,0.15,-0.19476604461669922,0.0,0.0,-0.0,0.0,0.0,0.0,0.0,0.35,0.0,0.0,0.0,0.0,0.0,0.0,0.0,0.0,0.25,-0.0,-0.84912109375,0.0,0.7851030826568604,-0.0,-0.10614013671875,-0.10614013671875,-0.05,0.5414450615644455,0.360963374376297,0.2,0.0,-0.0,-0.0,-0.0,0.8,1.0,-0.0,0.0,-0.0,-0.0,0.0,0.0,0.0,0.4426060282299295,-0.0,-0.0,-0.0,0.02,0.0,0.0,0.0,0.0,0.0,0.0,0.360963374376297,31.86763403255492,32.4,0.0,0.6,0.0,1.0,2.0,4.0,0.0,1.0,0.0,1.0,0.0,0.0,0.0,0.0,0.0,0.0,0.0,0.0,0.0,0.0,0.0,1.0,1.0,1.0,0.0,0.0,0.0,0.0,0.0,76.39818572998047,-168.26829528808594,76.43216705322266,-167.95010375976562,0.0339813232421875,0.3181915283203125,0.32000091671943665,1.4644043926861279,-0.2584715485572815,0.9660188555717468,0.0,4.774128437042236,99.42147827148438,0.0,28.0,28.0,28.0,0.0,1.0,22.0,0.0,0.0,1.0,73.0,1.0,0.0,3.0,0.0,1.56,62.63480009511113,0.6547999801114202,4.315700032748282,44.47189997881651,27.88100007455796,4.0,9.419000009074807,3.010899992659688,0.723700039088726,0.000900006853044033
1,417,417,4.231009512328821,0,0,2.0,3.0,1.0,1.0,1.0,0.4796704351902008,0.4409603774547577,1.0,1.0,1.0,0.5493002533912659,1.0,1.0,1.0,0.4409603774547577,1.0,0.4409603774547577,0.5493002533912659,1.0,0.0,0.542241632938385,-1.0,1.0,-0.9739709496498108,0.45525190234184265,-0.7222035527229309,0.0,-0.005867995321750641,0.7197273969650269,0.6942567825317383,0.0,0.0,0.0,0.0,0.0,0.0,286.9546813964844,11.13120174407959,25.0,11.13120174407959,25.0,13.543231010437012,0.0,1.0,0.4452480697631836,1.0,0.0,0.0,0.0,0.0,0.0,1.7833226323127747,0.465968318962771,0.7467185842990876,1.2149999767541886,0.02,-0.0,-0.01729566263050488,-0.0013317449442423583,0.07439714431762696,0.15,-0.18927478790283203,0.0,0.0,-0.0,0.0,0.0,0.0,0.0,0.35,0.0,0.0,0.0,0.0,0.0,0.0,0.0,0.0,0.25,-0.0,-0.853515625,0.0,0.7833226323127747,-0.0,-0.106689453125,-0.106689453125,-0.05,0.5407185852527618,0.36047905683517456,0.2,0.0,-0.0,-0.0,-0.0,0.5599999904632569,0.699999988079071,-0.0,0.0,-0.0,-0.0,0.0,0.0,0.0,0.4494733701227233,-0.04500000178813934,-0.0,-0.0,0.02,0.0,0.0,0.0,0.0,0.0,0.0,0.36047905683517456,32.36208264883608,32.4,0.7326086850269979,0.0,0.0,0.699999988079071,2.0,3.0,0.0,0.699999988079071,0.0,0.699999988079071,0.0,0.0,0.0,0.0,0.0,0.0,0.0,0.0,0.0,0.0,0.0,1.0,1.0,1.0,0.0,0.0,0.0,0.0,0.0,76.4321517944336,-167.949951171875,76.46613311767578,-167.6317596435547,0.0339813232421875,0.3181915283203125,0.32000091671943665,1.4644043926861279,-0.2588731646537781,0.965911328792572,0.0,4.774128437042236,99.42147827148438,0.0,28.0,28.0,28.0,0.0,1.0,22.0,0.0,0.0,1.0,72.0,1.0,0.0,3.0,0.0,1.6,56.602600030601025,0.659500015899539,4.911100026220083,38.46979991067201,17.030400107614696,4.0,9.065099991858006,2.6564999716356397,0.8028000593185425,0.000300002284348011
1,418,418,5.913230379248057,0,0,2.0,3.0,1.0,1.0,1.0,0.47180816531181335,0.4452480673789978,1.0,1.0,1.0,0.541729211807251,1.0,1.0,1.0,0.4452480673789978,1.0,0.4452480673789978,0.541729211807251,1.0,0.0,0.5404368042945862,-1.0,1.0,-0.9741267561912537,0.46231546998023987,0.4292088747024536,0.0,0.0014627183554694057,0.7196985483169556,0.6942867040634155,0.0,0.0,0.0,0.0,0.0,0.0,286.8511657714844,11.13120174407959,25.0,11.13120174407959,25.0,13.543231010437012,0.0,1.0,0.4452480697631836,1.0,0.0,0.0,0.0,0.0,0.0,1.7966781854629517,0.5872460804034951,2.3045027124881745,1.2048034008934367,0.02,-0.0,-0.01729566263050488,-0.0013317449442423583,0.0,0.15,-0.0,0.0,0.0,-0.0,0.0,0.0,0.0,0.0,0.35,0.0,0.0,0.0,0.0,0.0,0.0,0.0,0.0,0.25,-0.0,-0.828125,0.0,0.7966781854629517,-0.0,-0.103515625,-0.103515625,1.5,0.5485027134418488,0.36566847562789917,0.2,0.0,-0.0,-0.0,-0.0,0.5599999904632569,0.699999988079071,-0.0,0.0,-0.0,-0.0,0.0,0.0,0.0,0.45587348797824234,-0.0,-0.0,-0.055196577648891285,0.02,0.0,0.0,0.0,0.0,0.0,0.0,0.36566847562789917,32.82289113443345,32.4,0.7326086850269979,0.0,0.0,0.699999988079071,2.0,3.0,0.0,0.699999988079071,0.0,0.699999988079071,0.0,0.0,0.0,0.0,0.0,0.0,0.0,0.0,0.0,0.0,0.0,1.0,1.0,1.0,0.0,0.0,0.0,0.0,0.0,76.46613311767578,-167.631591796875,76.50011444091797,-167.3134002685547,0.0339813232421875,0.3181915283203125,0.32000091671943665,1.4644043926861279,-0.2592757046222687,0.9658032655715942,0.0,4.774128437042236,99.42147827148438,0.0,28.0,28.0,28.0,0.0,1.0,22.0,0.0,0.0,1.0,71.0,1.0,0.0,3.0,0.0,1.64,65.59069990180433,0.7299999706447124,4.332899930886924,48.89720003120601,30.546800000593066,4.0,7.732299971394241,3.335000015795231,0.5229000234976411,0.000500003807246685
1,419,419,4.224570804764758,0,0,2.0,3.0,1.0,1.0,1.0,0.47180816531181335,0.4452480673789978,1.0,1.0,1.0,0.541729211807251,1.0,1.0,1.0,0.4452480673789978,1.0,0.4452480673789978,0.541729211807251,1.0,0.0,0.5386041402816772,-1.0,1.0,-0.9742854833602905,0.4688984453678131,0.40000736713409424,0.0,0.0014627183554694057,0.7197813391685486,0.694200873374939,0.0,0.0,0.0,0.0,0.0,0.0,286.72906494140625,11.166394233703613,25.0,11.166394233703613,25.0,13.353541374206543,0.0,1.0,0.44665576934814455,1.0,0.0,0.0,0.0,0.0,0.0,1.7919865250587463,0.40345982008172104,0.7491244810819626,1.259999978542328,0.02,-0.0,-0.017095917844679086,-0.0014367245791862785,0.016772613525390626,0.15,-0.18968963623046875,0.0,0.0,-0.0,0.0,0.0,0.0,0.0,0.35,0.0,0.0,0.0,0.0,0.0,0.0,0.0,0.0,0.25,-0.0,-0.976806640625,0.0,0.7919865250587463,-0.0,-0.122100830078125,-0.122100830078125,-0.05,0.5431244820356369,0.36208298802375793,0.2,0.0,-0.0,-0.0,-0.0,0.5599999904632569,0.699999988079071,-0.0,0.0,-0.0,-0.0,0.0,0.0,0.0,0.44490948521066453,-0.0,-0.0,-0.0,0.02,0.0,0.0,0.0,0.0,0.0,0.0,0.36208298802375793,32.03348293516785,32.4,0.0,0.6,0.0,0.699999988079071,2.0,3.0,0.0,0.699999988079071,0.0,0.699999988079071,0.0,0.0,0.0,0.0,0.0,0.0,0.0,0.0,0.0,0.0,0.0,1.0,1.0,1.0,0.0,0.0,0.0,0.0,0.0,76.5001220703125,-167.3131103515625,76.42290496826172,-167.0025634765625,-0.07721710205078125,0.310546875,0.32000288367271423,1.814502854014199,-0.2596791982650757,0.9656949043273926,0.0,4.774128437042236,99.42147827148438,0.0,28.0,28.0,28.0,0.0,0.0,0.0,0.0,0.0,1.0,120.0,1.0,0.0,3.0,0.0,1.68,67.98409996554255,0.865599955432117,8.220800082199275,45.903900056146085,19.670399953611195,4.0,8.9876001002267,3.3701000502333045,0.5914999637752771,0.000500003807246685
1,420,420,4.398960003051963,0,0,2.0,3.0,1.0,1.0,1.0,0.4638620615005493,0.4466557800769806,1.0,1.0,1.0,0.5341416597366333,1.0,1.0,1.0,0.4466557800769806,1.0,0.4466557800769806,0.5341416597366333,1.0,0.0,0.5358676910400391,-1.0,1.0,-0.9745275378227234,0.45762118697166443,-0.6852501630783081,0.0,-0.0029660577420145273,0.7196282148361206,0.6943596005439758,0.0,0.0,0.0,0.0,0.0,0.0,286.60638427734375,11.166394233703613,25.0,11.166394233703613,25.0,13.353541374206543,0.0,1.0,0.44665576934814455,1.0,0.0,0.0,0.0,0.0,0.0,1.7893276810646057,0.5822254914839371,0.7483264791965485,1.2590803513068722,0.02,-0.0,-0.017095917844679086,-0.0014367245791862785,0.0,0.15,-0.0,0.0,0.0,-0.0,0.0,0.0,0.0,0.0,0.35,0.0,0.0,0.0,0.0,0.0,0.0,0.0,0.0,0.25,-0.0,-0.9814453125,0.0,0.7893276810646057,-0.0,-0.1226806640625,-0.1226806640625,-0.05,0.5423264801502228,0.3615509867668152,0.2,0.0,-0.0,-0.0,-0.0,0.5599999904632569,0.699999988079071,-0.0,0.0,-0.0,-0.0,0.0,0.0,0.0,0.45075813390780245,-0.0,-0.0,-0.0009196272354556741,0.02,0.0,0.0,0.0,0.0,0.0,0.0,0.3615509867668152,32.454585641361774,32.4,0.7326086850269979,0.0,0.0,0.699999988079071,2.0,3.0,0.0,0.699999988079071,0.0,0.699999988079071,0.0,0.0,0.0,0.0,0.0,0.0,0.0,0.0,0.0,0.0,0.0,1.0,1.0,1.0,0.0,0.0,0.0,0.0,0.0,76.42276763916016,-167.00259399414062,76.33966064453125,-166.69357299804688,-0.08310699462890625,0.30902099609375,0.32000115513801575,1.833516571178654,-0.2596999704837799,0.9656893014907837,0.0,4.774128437042236,99.42147827148438,0.0,28.0,28.0,28.0,0.0,0.0,0.0,0.0,0.0,1.0,120.0,1.0,0.0,3.0,0.0,1.72,48.51959994994104,0.6729000015184283,7.334399968385696,25.534800020977855,12.544600060209632,4.0,10.877100052312016,3.3005999866873026,0.7558999350294471,0.000500003807246685
1,421,421,4.373599634423956,0,0,2.0,3.0,1.0,1.0,1.0,0.4638620615005493,0.4466557800769806,1.0,1.0,1.0,0.5341416597366333,1.0,1.0,1.0,0.4466557800769806,1.0,0.4466557800769806,0.5341416597366333,1.0,0.0,0.5330806374549866,-1.0,1.0,-0.9747733473777771,0.46363693475723267,0.3655405342578888,0.0,-0.0029660577420145273,0.7197975516319275,0.6941840052604675,0.0,0.0,0.0,0.0,0.0,0.0,286.4822998046875,11.404099464416504,25.0,11.404099464416504,25.0,13.169334411621094,0.0,1.0,0.45616397857666013,1.0,0.0,0.0,0.0,0.0,0.0,1.7834168672561646,0.5672646709830612,0.7429181176424027,1.259999978542328,0.02,-0.0,-0.015806414970523878,-0.0015465841270394791,0.17911176681518556,0.15,-0.18420696258544922,0.0,0.0,-0.0,0.0,0.0,0.0,0.0,0.35,0.0,0.0,0.0,0.0,0.0,0.0,0.0,0.0,0.25,-0.0,-0.99267578125,0.0,0.7834168672561646,-0.0,-0.12408447265625,-0.12408447265625,-0.05,0.536918118596077,0.35794541239738464,0.2,0.0,-0.0,-0.0,-0.0,0.5599999904632569,0.699999988079071,-0.0,0.0,-0.0,-0.0,0.0,0.0,0.0,0.4397128658508882,-0.0,-0.0,-0.0,0.02,0.0,0.0,0.0,0.0,0.0,0.0,0.35794541239738464,31.65932634126395,32.4,0.0,0.6,0.0,0.699999988079071,2.0,3.0,0.0,0.699999988079071,0.0,0.699999988079071,0.0,0.0,0.0,0.0,0.0,0.0,0.0,0.0,0.0,0.0,0.0,1.0,1.0,1.0,0.0,0.0,0.0,0.0,0.0,76.33958435058594,-166.6935577392578,76.25647735595703,-166.38453674316406,-0.08310699462890625,0.30902099609375,0.32000115513801575,1.833516571178654,-0.2596997022628784,0.965689480304718,0.0,4.774128437042236,99.42147827148438,0.0,28.0,28.0,28.0,0.0,0.0,0.0,0.0,0.0,1.0,120.0,1.0,0.0,3.0,0.0,1.76,62.810600036755204,0.7065000245347619,7.72220001090318,44.9249999364838,20.082200062461197,4.0,5.446700030006468,3.2888000132516026,0.6864999886602163,0.000500003807246685
1,422,422,4.383545107117027,0,0,2.0,3.0,1.0,1.0,1.0,0.4561639726161957,0.4648406505584717,1.0,1.0,1.0,0.5267733931541443,1.0,1.0,1.0,0.4561639726161957,1.0,0.4561639726161957,0.5267733931541443,1.0,0.0,0.5303159356117249,-1.0,1.0,-0.9750158190727234,0.4522760808467865,-0.6903292536735535,0.0,-0.0017699471209198236,0.7197283506393433,0.6942557692527771,0.0,0.0,0.0,0.0,0.0,0.0,286.35797119140625,11.404099464416504,25.0,11.404099464416504,25.0,13.169334411621094,0.0,1.0,0.45616397857666013,1.0,0.0,0.0,0.0,0.0,0.0,1.7822566628456116,0.5790162240174711,0.7422722417116165,1.259999978542328,0.02,-0.0,-0.015806414970523878,-0.0015465841270394791,0.0,0.15,-0.0,0.0,0.0,-0.0,0.0,0.0,0.0,0.0,0.35,0.0,0.0,0.0,0.0,0.0,0.0,0.0,0.0,0.25,-0.0,-0.99462890625,0.0,0.7822566628456116,-0.0,-0.12432861328125,-0.12432861328125,-0.05,0.5362722426652908,0.3575148284435272,0.2,0.0,-0.0,-0.0,-0.0,0.5599999904632569,0.699999988079071,-0.0,0.0,-0.0,-0.0,0.0,0.0,0.0,0.44636922311503446,-0.0,-0.0,-0.0,0.02,0.0,0.0,0.0,0.0,0.0,0.0,0.3575148284435272,32.138584064282476,32.4,0.7326086850269979,0.0,0.0,0.699999988079071,2.0,3.0,0.0,0.699999988079071,0.0,0.699999988079071,0.0,0.0,0.0,0.0,0.0,0.0,0.0,0.0,0.0,0.0,0.0,1.0,1.0,1.0,0.0,0.0,0.0,0.0,0.0,76.25643920898438,-166.384521484375,76.17333221435547,-166.07550048828125,-0.08310699462890625,0.30902099609375,0.32000115513801575,1.833516571178654,-0.25969961285591125,0.965689480304718,0.0,4.774128437042236,99.42147827148438,0.0,28.0,28.0,28.0,0.0,0.0,0.0,0.0,0.0,1.0,120.0,1.0,0.0,3.0,0.0,1.8,33.440399914979935,0.6719999946653843,4.659299971535802,20.512999966740608,10.788300074636936,4.0,4.4426999520510435,2.432500012218952,0.6846999749541283,0.000500003807246685
1,423,423,4.899621447645732,0,0,2.0,4.0,1.0,1.0,1.0,0.4561639726161957,0.4648406505584717,1.0,1.0,1.0,0.5267733931541443,1.0,1.0,1.0,0.4561639726161957,1.0,0.4561639726161957,0.5267733931541443,1.0,0.0,0.5275513529777527,-1.0,1.0,-0.975257158279419,0.4591226279735565,0.41602233052253723,0.0,-0.0017699471209198236,0.7198657393455505,0.6941133141517639,0.0,0.0,0.0,0.0,0.0,0.0,286.23779296875,11.633906364440918,25.0,11.633906364440918,25.0,12.989477157592773,0.0,1.0,0.46535625457763674,1.0,0.0,0.0,0.0,0.0,0.0,1.7984881401062012,0.5812861406951592,0.7758863973617554,1.7239607694826167,0.02,-0.0,-0.014653228442079213,-0.001661949999790986,0.17305408477783202,0.15,-0.1798572540283203,0.0,0.0,-0.0,0.0,0.0,0.0,0.0,0.35,0.0,0.0,0.0,0.0,0.0,0.0,0.0,0.0,0.25,-0.0,-0.96142578125,0.0,0.7984881401062012,-0.0,-0.12017822265625,-0.12017822265625,-0.05,0.5458863973617554,0.3639242649078369,0.2,0.0,-0.0,-0.0,-0.0,0.8,1.0,-0.0,0.0,-0.0,-0.0,0.0,0.0,0.0,0.4544044883875176,-0.04500000178813934,-0.0,-0.031039228729244007,0.02,0.0,0.0,0.0,0.0,0.0,0.0,0.3639242649078369,32.71712316390127,32.4,1.0,0.0,0.0,1.0,2.0,4.0,0.0,1.0,0.0,1.0,0.0,0.0,0.0,0.0,0.0,0.0,0.0,0.0,0.0,0.0,0.0,1.0,1.0,1.0,0.0,0.0,0.0,0.0,0.0,76.17333984375,-166.07553100585938,76.0902328491211,-165.76651000976562,-0.08310699462890625,0.30902099609375,0.32000115513801575,1.833516571178654,-0.25969958305358887,0.965689480304718,0.0,4.774128437042236,99.42147827148438,0.0,28.0,28.0,28.0,0.0,0.0,0.0,0.0,0.0,1.0,120.0,1.0,0.0,3.0,0.0,1.84,80.77160001266748,0.6352000636979938,7.623199955560267,64.06700005754828,26.336600072681904,4.0,5.727200070396066,1.9758000271394849,0.7047998951748013,0.000300002284348011
1,424,424,3.999919594225555,0,0,1.0,4.0,1.0,1.0,1.0,0.4653562605381012,0.5118604898452759,1.0,1.0,1.0,0.5195791125297546,1.0,1.0,1.0,0.4653562605381012,1.0,0.4653562605381012,0.5195791125297546,1.0,0.0,0.5247514843940735,-1.0,1.0,-0.975501537322998,0.46738746762275696,0.5022040605545044,0.0,0.003210116643458605,0.7200294733047485,0.693943440914154,0.0,0.0,0.0,0.0,0.0,0.0,286.11700439453125,11.826284408569336,25.0,11.826284408569336,25.0,12.807851791381836,0.0,1.0,0.47305137634277344,1.0,0.0,0.0,0.0,0.0,0.0,1.7957772612571716,0.544494941753371,0.77153473675251,0.8681126544625023,0.02,-0.0,-0.013753520681279,-0.0017871850032578568,0.14300491333007814,0.15,-0.1816253662109375,0.0,0.0,-0.0,0.0,0.0,0.0,0.0,0.35,0.0,0.0,0.0,0.0,0.0,0.0,0.0,0.0,0.25,-0.0,-0.96630859375,0.0,0.7957772612571716,-0.0,-0.12078857421875,-0.12078857421875,-0.05,0.5415347367525101,0.3610231578350067,0.2,0.0,-0.03322618891503555,-0.0,-0.0,0.6254545454545455,0.7818181818181819,-0.21818181818181814,0.0,-0.0952066115702479,-0.17454545454545453,0.0,0.0,0.0,0.4486561003187672,-0.017999999597668646,-0.0,-0.0,0.02,0.0,0.0,0.0,0.0,0.0,0.0,0.3610231578350067,32.303239222951234,32.4,0.0,0.6,-0.25,1.0,1.0,4.0,-0.25,1.0,-0.11999999731779099,1.0,-0.12,1.0,0.0,0.0,0.0,-0.25,-0.25,1.0,0.13,0.0,0.0,1.0,1.0,1.0,0.0,0.0,0.0,0.0,0.0,76.09027099609375,-165.7666015625,76.00716400146484,-165.45758056640625,-0.08310699462890625,0.30902099609375,0.32000115513801575,1.833516571178654,-0.25969961285591125,0.9656894207000732,0.0,4.774128437042236,99.42147827148438,0.0,28.0,28.0,28.0,0.0,0.0,0.0,0.0,0.0,1.0,120.0,1.0,0.0,3.0,0.0,1.88,57.5793000170961,0.5869000451639295,7.110400008969009,39.176100050099194,18.540399963967502,4.0,6.965800072066486,2.9681000160053372,0.7252000505104661,0.000600004568696022
1,425,425,5.170433332528729,0,0,2.0,4.0,1.0,1.0,1.0,0.47305136919021606,0.560745894908905,1.0,1.0,1.0,0.5123140811920166,1.0,1.0,1.0,0.47305136919021606,1.0,0.47305136919021606,0.5123140811920166,1.0,0.0,0.5219728946685791,-1.0,1.0,-0.9757428169250488,0.46147483587265015,-0.3592742681503296,-0.2181818187236786,0.015610972419381142,0.7203121781349182,0.6936500668525696,0.0,0.0,0.0,0.0,0.0,0.0,285.9969787597656,11.826284408569336,25.0,11.826284408569336,25.0,12.807851791381836,0.0,1.0,0.47305137634277344,1.0,0.0,0.0,0.0,0.0,0.0,1.7985524535179138,0.586562555806747,0.7722144532203674,1.9931038699837007,0.02,-0.0,-0.013753520681279,-0.0017871850032578568,0.0,0.15,-0.0,0.0,0.0,-0.0,0.0,0.0,0.0,0.0,0.35,0.0,0.0,0.0,0.0,0.0,0.0,0.0,0.0,0.25,-0.0,-0.960205078125,0.0,0.7985524535179138,-0.0,-0.120025634765625,-0.120025634765625,-0.05,0.5422144532203674,0.3614763021469116,0.2,0.0,-0.0,-0.0,-0.0,0.8,1.0,-0.0,0.0,-0.0,-0.0,0.2181818038225174,0.0,0.0,0.4521032614912838,-0.017999999597668646,-0.0,-0.007077934241147714,0.02,0.0,0.0,0.0,0.0,0.0,0.0,0.3614763021469116,32.55143482737243,32.4,1.0,0.0,0.0,1.0,2.0,4.0,0.0,1.0,0.0,1.0,0.0,0.0,0.0,0.0,0.0,0.0,0.0,0.0,0.0,0.0,0.0,1.0,1.0,1.0,0.0,0.0,0.0,0.0,0.0,76.00724029541016,-165.45773315429688,75.92413330078125,-165.14871215820312,-0.08310699462890625,0.30902099609375,0.32000115513801575,1.833516571178654,-0.2596997022628784,0.9656893610954285,0.0,4.774128437042236,99.42147827148438,0.0,28.0,28.0,28.0,0.0,0.0,0.0,0.0,0.0,1.0,120.0,1.0,0.0,3.0,0.0,1.92,32.56710001733154,0.5722999339923263,6.836900021880865,17.076599993743002,7.398699992336333,4.0,3.889500047080219,3.3782999962568283,0.7792999967932701,0.000500003807246685
1,426,426,4.32302341107268,0,0,2.0,3.0,1.0,1.0,1.0,0.47305136919021606,0.560745894908905,1.0,1.0,1.0,0.5123140811920166,1.0,1.0,1.0,0.47305136919021606,1.0,0.47305136919021606,0.5123140811920166,1.0,0.0,0.519192636013031,-1.0,1.0,-0.9759833216667175,0.4650205075740814,0.2154475748538971,0.0,0.015610972419381142,0.723118782043457,0.6907236576080322,0.0,0.0,0.0,0.0,0.0,0.0,285.8774108886719,11.96200180053711,25.0,11.96200180053711,25.0,12.67607307434082,0.0,1.0,0.47848007202148435,1.0,0.0,0.0,0.0,0.0,0.0,1.800119400024414,0.5439436996354546,0.7439603346586228,1.2149999767541886,0.02,-0.0,-0.013152629608795846,-0.0018839172353725705,0.10066719055175781,0.15,-0.13177871704101562,0.0,0.0,-0.0,0.0,0.0,0.0,0.0,0.35,0.0,0.0,0.0,0.0,0.0,0.0,0.0,0.0,0.25,-0.0,-0.95654296875,0.0,0.8001194000244141,-0.0,-0.11956787109375,-0.11956787109375,-0.05,0.5379603356122971,0.35864022374153137,0.2,0.0,-0.0,-0.0,-0.0,0.5599999904632569,0.699999988079071,-0.0,0.0,-0.0,-0.0,0.0,0.0,0.0,0.4400917729688809,-0.04500000178813934,-0.0,-0.0,0.02,0.0,0.0,0.0,0.0,0.0,0.0,0.35864022374153137,31.686607653759424,32.4,0.0,0.6,0.0,0.699999988079071,2.0,3.0,0.0,0.699999988079071,0.0,0.699999988079071,0.0,0.0,0.0,0.0,0.0,0.0,0.0,0.0,0.0,0.0,0.0,1.0,1.0,1.0,0.0,0.0,0.0,0.0,0.0,75.92423248291016,-165.14891052246094,75.84112548828125,-164.8398895263672,-0.08310699462890625,0.30902099609375,0.32000115513801575,1.833516571178654,-0.25969991087913513,0.9656894207000732,0.0,4.774128437042236,99.42147827148438,0.0,28.0,28.0,28.0,0.0,0.0,0.0,0.0,0.0,1.0,120.0,1.0,0.0,3.0,0.0,1.96,61.370400013402104,0.6172000430524349,6.306899944320321,45.54169997572899,20.1674000127241,4.0,5.132399965077639,2.98700004350394,0.7417999440804124,0.000500003807246685
1,427,427,4.932825636680281,0,0,2.0,4.0,1.0,1.0,1.0,0.4784800708293915,0.6020126938819885,1.0,1.0,1.0,0.5070429444313049,1.0,1.0,1.0,0.4784800708293915,1.0,0.4784800708293915,0.5070429444313049,1.0,0.0,0.5164408087730408,-1.0,1.0,-0.9762201905250549,0.4526658356189728,-0.7507180571556091,0.0,0.038611337542533875,0.7254434823989868,0.6882817149162292,0.0,0.0,0.0,0.0,0.0,0.0,285.7588806152344,11.96200180053711,25.0,11.96200180053711,25.0,12.67607307434082,0.0,1.0,0.47848007202148435,1.0,0.0,0.0,0.0,0.0,0.0,1.8040752410888672,0.5851690111354749,0.7686489927768707,1.7549323916790687,0.02,-0.0,-0.013152629608795846,-0.0018839172353725705,0.0,0.15,-0.0,0.0,0.0,-0.0,0.0,0.0,0.0,0.0,0.35,0.0,0.0,0.0,0.0,0.0,0.0,0.0,0.0,0.25,-0.0,-0.9482421875,0.0,0.8040752410888672,-0.0,-0.1185302734375,-0.1185302734375,-0.05,0.5386489927768707,0.3590993285179138,0.2,0.0,-0.0,-0.0,-0.0,0.8,1.0,-0.0,0.0,-0.0,-0.0,0.0,0.0,0.0,0.45020555797964334,-0.04500000178813934,-0.0,-6.760653279208606e-05,0.02,0.0,0.0,0.0,0.0,0.0,0.0,0.3590993285179138,32.41480017453432,32.4,1.0,0.0,0.0,1.0,2.0,4.0,0.0,1.0,0.0,1.0,0.0,0.0,0.0,0.0,0.0,0.0,0.0,0.0,0.0,0.0,0.0,1.0,1.0,1.0,0.0,0.0,0.0,0.0,0.0,75.84124755859375,-164.8401336669922,75.75814056396484,-164.53111267089844,-0.08310699462890625,0.30902099609375,0.32000115513801575,1.833516571178654,-0.25970005989074707,0.9656892418861389,0.0,4.774128437042236,99.42147827148438,0.0,28.0,28.0,28.0,0.0,0.0,0.0,0.0,0.0,1.0,120.0,1.0,0.0,3.0,0.0,2.0,40.73090001475066,0.6310999160632491,7.329800049774349,22.225199965760112,11.73709996510297,4.0,6.155700073577464,3.5841999342665076,0.7720000576227903,0.000400003045797348
1,428,428,4.98300413468665,0,0,2.0,4.0,1.0,1.0,1.0,0.4784800708293915,0.6020126938819885,1.0,1.0,1.0,0.5070429444313049,1.0,1.0,1.0,0.4784800708293915,1.0,0.4784800708293915,0.5070429444313049,1.0,0.0,0.5136894583702087,-1.0,1.0,-0.9764561653137207,0.46306857466697693,0.6321115493774414,0.0,0.038611337542533875,0.7271049618721008,0.6865262985229492,0.0,0.0,0.0,0.0,0.0,0.0,285.6399230957031,12.20620059967041,25.0,12.20620059967041,25.0,12.51391887664795,0.0,1.0,0.4882480239868164,1.0,0.0,0.0,0.0,0.0,0.0,1.8022116422653198,0.596430608423413,0.7643618839979172,1.8,0.02,-0.0,-0.012137579741279598,-0.002010161212336018,0.1856297874450684,0.15,-0.1621541976928711,0.0,0.0,-0.0,0.0,0.0,0.0,0.0,0.35,0.0,0.0,0.0,0.0,0.0,0.0,0.0,0.0,0.25,-0.0,-0.95166015625,0.0,0.8022116422653198,-0.0,-0.11895751953125,-0.11895751953125,-0.05,0.5343618839979172,0.35624125599861145,0.2,0.0,-0.0,-0.0,-0.0,0.8,1.0,-0.0,0.0,-0.0,-0.0,0.0,0.0,0.0,0.43710275962483136,-0.0,-0.0,-0.0,0.02,0.0,0.0,0.0,0.0,0.0,0.0,0.35624125599861145,31.471398692987858,32.4,0.0,0.6,0.0,1.0,2.0,4.0,0.0,1.0,0.0,1.0,0.0,0.0,0.0,0.0,0.0,0.0,0.0,0.0,0.0,0.0,0.0,1.0,1.0,1.0,0.0,0.0,0.0,0.0,0.0,75.7582778930664,-164.53138732910156,75.6751708984375,-164.2223663330078,-0.08310699462890625,0.30902099609375,0.32000115513801575,1.833516571178654,-0.2597002387046814,0.9656892418861389,0.0,4.774128437042236,99.42147827148438,0.0,28.0,28.0,28.0,0.0,0.0,0.0,0.0,0.0,1.0,120.0,1.0,0.0,3.0,0.0,2.04,80.08179999887943,0.6853999802842736,7.1980999782681465,44.30890001822263,20.809500012546778,4.0,24.03440000489354,3.1296999659389257,0.6933000404387712,0.000500003807246685
1,429,429,4.972547486362034,0,0,2.0,4.0,1.0,1.0,1.0,0.4882480204105377,0.6455755829811096,1.0,1.0,1.0,0.5005567669868469,1.0,1.0,1.0,0.4882480204105377,1.0,0.4882480204105377,0.5005567669868469,1.0,0.0,0.5109605193138123,-1.0,1.0,-0.9766889810562134,0.44959139823913574,-0.8189249038696289,0.0,0.017226839438080788,0.7280280590057373,0.6855473518371582,0.0,0.0,0.0,0.0,0.0,0.0,285.5217590332031,12.20620059967041,25.0,12.20620059967041,25.0,12.51391887664795,0.0,1.0,0.4882480239868164,1.0,0.0,0.0,0.0,0.0,0.0,1.8053712844848633,0.5820307999225198,0.7651454019546509,1.8,0.02,-0.0,-0.012137579741279598,-0.002010161212336018,0.0,0.15,-0.0,0.0,0.0,-0.0,0.0,0.0,0.0,0.0,0.35,0.0,0.0,0.0,0.0,0.0,0.0,0.0,0.0,0.25,-0.0,-0.9453125,0.0,0.8053712844848633,-0.0,-0.1181640625,-0.1181640625,-0.05,0.5351454019546509,0.3567636013031006,0.2,0.0,-0.0,-0.0,-0.0,0.8,1.0,-0.0,0.0,-0.0,-0.0,0.0,0.0,0.0,0.4461785408761354,-0.0,-0.0,-0.0,0.02,0.0,0.0,0.0,0.0,0.0,0.0,0.3567636013031006,32.12485494308174,32.4,1.0,0.0,0.0,1.0,2.0,4.0,0.0,1.0,0.0,1.0,0.0,0.0,0.0,0.0,0.0,0.0,0.0,0.0,0.0,0.0,0.0,1.0,1.0,1.0,0.0,0.0,0.0,0.0,0.0,75.6753158569336,-164.22265625,75.59220886230469,-163.91363525390625,-0.08310699462890625,0.30902099609375,0.32000115513801575,1.833516571178654,-0.2597005069255829,0.9656893014907837,0.0,4.774128437042236,99.42147827148438,0.0,28.0,28.0,28.0,0.0,0.0,0.0,0.0,0.0,1.0,120.0,1.0,0.0,3.0,0.0,2.08,41.45580006297678,0.7070000283420086,7.521499996073544,23.42440001666546,11.824699933640659,4.0,5.78999996650964,3.174200071953237,0.7943999953567982,0.000500003807246685
1,430,430,5.41534480238502,0,0,2.0,4.0,1.0,1.0,1.0,0.4882480204105377,0.6455755829811096,1.0,1.0,1.0,0.5005567669868469,1.0,1.0,1.0,0.4882480204105377,1.0,0.4882480204105377,0.5005567669868469,1.0,0.0,0.5082298517227173,-1.0,1.0,-0.9769210815429688,0.4589264988899231,0.5672363042831421,0.0,0.017226839438080788,0.7288327813148499,0.6846917867660522,0.0,0.0,0.0,0.0,0.0,0.0,285.4084167480469,12.658525466918945,25.0,12.658525466918945,25.0,12.74750804901123,0.0,1.0,0.5063410186767578,1.0,0.0,0.0,0.0,0.0,0.0,1.8246586322784424,1.0488077424669577,0.7758026230335235,1.7460758046060962,0.02,-0.0,-0.010462368212058403,-0.0018308480138252642,0.4552955627441407,0.15,-0.0,0.0,0.0,-0.0,0.0,0.0,0.0,0.0,0.35,0.0,0.0,0.0,0.0,0.0,0.0,0.0,0.0,0.25,-0.0,-0.90673828125,0.0,0.8246586322784424,-0.0,-0.11334228515625,-0.11334228515625,-0.05,0.5458026230335236,0.3638684153556824,0.2,0.0,-0.0,-0.0,-0.0,0.8,1.0,-0.0,0.0,-0.0,-0.0,0.0,0.0,0.0,0.4558053959487007,-0.0,-0.0,-0.05392419539390373,0.02,0.0,0.0,0.0,0.0,0.0,0.0,0.3638684153556824,32.81798850830645,32.4,1.0,0.0,0.0,1.0,2.0,4.0,0.0,1.0,0.0,1.0,0.0,0.0,0.0,0.0,0.0,0.0,0.0,0.0,0.0,0.0,0.0,1.0,1.0,1.0,0.0,0.0,0.0,0.0,0.0,75.59235382080078,-163.91390991210938,75.50924682617188,-163.60488891601562,-0.08310699462890625,0.30902099609375,0.32000115513801575,1.833516571178654,-0.259700745344162,0.9656892418861389,0.0,4.774128437042236,99.42147827148438,0.0,28.0,28.0,28.0,0.0,0.0,0.0,0.0,0.0,1.0,120.0,1.0,0.0,3.0,0.0,2.12,57.29330005124211,0.6531000835821033,6.8422999465838075,40.32519995234907,27.198099996894598,4.0,5.410699988715351,3.2742000184953213,0.758000067435205,0.000400003045797348
1,431,431,5.279003895101466,0,0,2.0,4.0,1.0,1.0,1.0,0.5063410401344299,0.6907415986061096,1.0,1.0,1.0,0.5099003314971924,1.0,1.0,1.0,0.5063410401344299,1.0,0.5063410401344299,0.5099003314971924,1.0,0.0,0.5054620504379272,-1.0,1.0,-0.9771563410758972,0.468828409910202,0.6016784310340881,0.0,0.011742286384105682,0.729444682598114,0.6840397715568542,0.0,0.0,0.0,0.0,0.0,0.0,285.294677734375,12.872364044189453,25.0,12.872364044189453,25.0,13.026944160461426,0.0,1.0,0.5148945617675781,1.0,0.0,0.0,0.0,0.0,0.0,1.823140561580658,0.8642855026101258,0.7715778309106827,1.8,0.02,-0.0,-0.00975414954137137,-0.001637228397210984,0.2828453063964844,0.15,-0.0,0.0,0.0,-0.0,0.0,0.0,0.0,0.0,0.35,0.0,0.0,0.0,0.0,0.0,0.0,0.0,0.0,0.25,-0.0,-0.909912109375,0.0,0.823140561580658,-0.0,-0.113739013671875,-0.113739013671875,-0.05,0.5415778309106827,0.36105188727378845,0.2,0.0,-0.0,-0.0,-0.0,0.8,1.0,-0.0,0.0,-0.0,-0.0,0.0,0.0,0.0,0.4428315741522238,-0.0,-0.0,-0.0,0.02,0.0,0.0,0.0,0.0,0.0,0.0,0.36105188727378845,31.883873338960115,32.4,0.0,0.6,0.0,1.0,2.0,4.0,0.0,1.0,0.0,1.0,0.0,0.0,0.0,0.0,0.0,0.0,0.0,0.0,0.0,0.0,0.0,1.0,1.0,1.0,0.0,0.0,0.0,0.0,0.0,75.50938415527344,-163.6051483154297,75.42627716064453,-163.29612731933594,-0.08310699462890625,0.30902099609375,0.32000115513801575,1.833516571178654,-0.2597009539604187,0.9656890630722046,0.0,4.774128437042236,99.42147827148438,0.0,28.0,28.0,28.0,0.0,0.0,0.0,0.0,0.0,1.0,120.0,1.0,0.0,3.0,0.0,2.16,58.174400008283556,0.6259999936446548,7.779500097967684,36.2829000223428,17.006899928674102,4.0,9.5799999544397,3.1654000049456954,0.700299977324903,0.000500003807246685
1,432,432,4.393508480743954,0,0,2.0,3.0,1.0,1.0,1.0,0.5148945450782776,0.7375394701957703,1.0,1.0,1.0,0.5210777521133423,1.0,1.0,1.0,0.5148945450782776,1.0,0.5148945450782776,0.5210777521133423,1.0,0.0,0.5027168989181519,-1.0,1.0,-0.9773884415626526,0.45548391342163086,-0.8108638525009155,0.0,0.0035858142655342817,0.7296707034111023,0.6837987303733826,0.0,0.0,0.0,0.0,0.0,0.0,285.1811828613281,12.872364044189453,25.0,12.872364044189453,25.0,13.026944160461426,0.0,1.0,0.5148945617675781,1.0,0.0,0.0,0.0,0.0,0.0,1.8229368925094604,0.5886739860096512,0.7469044613838196,1.2149931408410226,0.02,-0.0,-0.00975414954137137,-0.001637228397210984,0.0,0.15,-0.0,0.0,0.0,-0.0,0.0,0.0,0.0,0.0,0.35,0.0,0.0,0.0,0.0,0.0,0.0,0.0,0.0,0.25,-0.0,-0.907958984375,0.0,0.8229368925094604,-0.0,-0.113494873046875,-0.113494873046875,-0.05,0.5409044623374939,0.3606029748916626,0.2,0.0,-0.0,-0.0,-0.0,0.5599999904632569,0.699999988079071,-0.0,0.0,-0.0,-0.0,0.0,0.0,0.0,0.4500653639482335,-0.04500000178813934,-0.0,-6.835913165862825e-06,0.02,0.0,0.0,0.0,0.0,0.0,0.0,0.3606029748916626,32.404706204272806,32.4,0.7326086850269979,0.0,0.0,0.699999988079071,2.0,3.0,0.0,0.699999988079071,0.0,0.699999988079071,0.0,0.0,0.0,0.0,0.0,0.0,0.0,0.0,0.0,0.0,0.0,1.0,1.0,1.0,0.0,0.0,0.0,0.0,0.0,75.42640686035156,-163.29637145996094,75.34329986572266,-162.9873504638672,-0.08310699462890625,0.30902099609375,0.32000115513801575,1.833516571178654,-0.2597011625766754,0.9656890034675598,0.0,4.774128437042236,99.42147827148438,0.0,28.0,28.0,28.0,0.0,0.0,0.0,0.0,0.0,1.0,120.0,1.0,0.0,3.0,0.0,2.2,42.64180001337081,0.6057999562472105,7.04520009458065,24.28380004130304,14.500599936582148,4.0,7.230799994431436,2.8339000418782234,0.6073999684303999,0.000500003807246685
1,433,433,4.758339304303323,0,0,2.0,3.0,1.0,1.0,1.0,0.5148945450782776,0.7375394701957703,1.0,1.0,1.0,0.5210777521133423,1.0,1.0,1.0,0.5148945450782776,1.0,0.5148945450782776,0.5210777521133423,1.0,0.0,0.4999738335609436,-1.0,1.0,-0.9776193499565125,0.46292436122894287,0.4521118700504303,0.0,0.0035858142655342817,0.7300353646278381,0.6834093928337097,0.0,0.0,0.0,0.0,0.0,0.0,292.3266296386719,13.204696655273438,25.0,13.204696655273438,25.0,13.222833633422852,0.0,1.0,0.5281878662109375,1.0,0.0,0.0,0.0,0.0,0.0,1.814804196357727,0.9219877993814103,0.7415473300218582,1.259999978542328,0.02,-0.0,-0.008748952524312171,-0.0015138393220623348,0.3442218780517578,0.15,-0.0,0.0,0.0,-0.0,0.0,0.0,0.0,0.0,0.35,0.0,0.0,0.0,0.0,0.0,0.0,0.0,0.0,0.25,-0.0,8.0,0.0,0.814804196357727,-0.0,7.14544677734375,2.0,-0.05,0.5355473309755325,0.35703155398368835,0.2,0.0,-0.0,-0.0,-0.0,0.5599999904632569,0.699999988079071,-0.0,0.0,-0.0,-0.0,0.0,0.0,0.0,0.438028713176027,-0.0,-0.0,-0.0,0.02,0.0,0.0,0.0,0.0,0.0,0.0,0.35703155398368835,31.53806734867394,32.4,0.0,0.6,0.0,0.699999988079071,2.0,3.0,0.0,0.699999988079071,0.0,0.699999988079071,0.0,0.0,0.0,0.0,0.0,0.0,0.0,0.0,0.0,0.0,0.0,1.0,1.0,1.0,0.0,0.0,0.0,0.0,0.0,75.3434829711914,-162.98785400390625,75.2603759765625,-162.6788330078125,-0.08310699462890625,0.30902099609375,0.32000115513801575,1.833516571178654,-0.25970131158828735,0.9656890034675598,0.0,4.774128437042236,99.42147827148438,0.0,28.0,28.0,28.0,0.0,0.0,0.0,0.0,0.0,1.0,120.0,1.0,0.0,3.0,0.0,2.24,119.53260004520416,0.6258001085370779,4.943399922922254,43.0406000232324,18.919100053608418,4.0,49.144099932163954,9.257900062948465,12.482999940402806,0.000300002284348011
1,434,434,4.948500341273417,0,0,2.0,4.0,1.0,1.0,1.0,0.5281878709793091,0.7844371199607849,1.0,1.0,1.0,0.5289133191108704,1.0,1.0,1.0,0.5281878709793091,1.0,0.5281878709793091,0.5289133191108704,1.0,0.0,0.5129852294921875,-1.0,1.0,-0.9775765538215637,0.4505438208580017,-0.752290666103363,0.0,0.0012718825601041317,0.7301228642463684,0.6833159327507019,0.0,0.0,0.0,0.0,0.0,0.0,303.1127014160156,13.204696655273438,25.0,13.204696655273438,25.0,13.222833633422852,0.0,1.0,0.5281878662109375,1.0,0.0,0.0,0.0,0.0,0.0,1.820854902267456,0.5864995748768946,0.7661458659172058,1.7549999982118607,0.02,-0.0,-0.008748952524312171,-0.0015138393220623348,0.0,0.15,-0.0,0.0,0.0,-0.0,0.0,0.0,0.0,0.0,0.35,0.0,0.0,0.0,0.0,0.0,0.0,0.0,0.0,0.25,-0.0,8.0,0.0,0.820854902267456,-0.0,10.78607177734375,2.0,-0.05,0.5361458659172058,0.3574305772781372,0.2,0.0,-0.0,-0.0,-0.0,0.8,1.0,-0.0,0.0,-0.0,-0.0,0.0,0.0,0.0,0.4467623667232692,-0.04500000178813934,-0.0,-0.0,0.02,0.0,0.0,0.0,0.0,0.0,0.0,0.3574305772781372,32.16689040407538,32.4,1.0,0.0,0.0,1.0,2.0,4.0,0.0,1.0,0.0,1.0,0.0,0.0,0.0,0.0,0.0,0.0,0.0,0.0,0.0,0.0,0.0,1.0,1.0,1.0,0.0,0.0,0.0,0.0,0.0,77.14859771728516,-169.6999969482422,77.11087036132812,-169.0,-0.03772735595703125,0.6999969482421875,0.701012909412384,1.6246406874170858,-0.2597014009952545,0.965688943862915,0.0,4.774128437042236,99.42147827148438,0.0,28.0,28.0,28.0,0.0,0.0,0.0,0.0,0.0,1.0,120.0,1.0,0.0,3.0,0.0,2.28,165.3140999842435,0.5297999596223235,24.00660002604127,70.58990001678467,27.73709991015494,4.0,48.520199954509735,9.994300082325935,11.622499907389283,0.000500003807246685
1,435,435,6.734102364809917,0,0,2.0,4.0,1.0,1.0,1.0,0.5281878709793091,0.7844371199607849,1.0,1.0,1.0,0.5289133191108704,1.0,1.0,1.0,0.5281878709793091,1.0,0.5281878709793091,0.5289133191108704,1.0,0.0,0.5157378911972046,-1.0,1.0,-0.9789340496063232,0.45952701568603516,0.5458533763885498,0.0,0.0012718825601041317,0.7303420901298523,0.6830815672874451,0.0,0.0,0.0,0.0,0.0,0.0,292.1728820800781,13.324996948242188,25.0,13.406532287597656,25.0,13.324996948242188,0.0,1.0,0.5329998779296875,1.0,0.0,0.0,0.0,0.0,0.0,1.828630805015564,0.7976197824114287,2.326736791729927,1.7611149856529984,0.02,-0.0,-0.008190647483935245,-0.0014532227776271934,0.20233383178710937,0.15,-0.0,0.0,0.0,-0.0,0.0,0.0,0.0,0.0,0.35,0.0,0.0,0.0,0.0,0.0,0.0,0.0,0.0,0.25,-0.0,-16.0,0.0,0.828630805015564,-0.0,-10.9398193359375,-2.0,1.5,0.5467367917299271,0.36449119448661804,0.2,0.0,-0.0,-0.0,-0.0,0.8,1.0,-0.0,0.0,-0.0,-0.0,0.0,0.0,0.0,0.4549298208858818,-0.0,-0.0,-0.038885014347001694,0.02,0.0,0.0,0.0,0.0,0.0,0.0,0.36449119448661804,32.754947103783486,32.4,1.0,0.0,0.0,1.0,2.0,4.0,0.0,1.0,0.0,1.0,0.0,0.0,0.0,0.0,0.0,0.0,0.0,0.0,0.0,0.0,0.0,1.0,1.0,1.0,0.0,0.0,0.0,0.0,0.0,77.72350311279297,-180.39500427246094,77.72123718261719,-169.0,-0.00226593017578125,11.395004272460938,11.395004272460938,1.5709951797325052,-0.25227218866348267,0.9676562547683716,0.0,4.774128437042236,99.42147827148438,0.0,28.0,28.0,28.0,0.0,0.0,0.0,0.0,0.0,1.0,120.0,1.0,0.0,3.0,0.0,2.32,64.26480005029589,0.6639000494033098,15.105200000107288,39.93520000949502,19.855599966831505,4.0,5.452200071886182,2.308199997060001,0.7612999761477113,0.000500003807246685
1,436,436,5.001653621750819,0,0,2.0,4.0,1.0,1.0,1.0,0.5362613201141357,0.8313437700271606,1.0,1.0,1.0,0.5329998731613159,1.0,1.0,1.0,0.5329998731613159,1.0,0.5362613201141357,0.5329998731613159,1.0,0.0,0.5136404633522034,-1.0,1.0,-0.9774946570396423,0.46792781352996826,0.5104658603668213,0.0,0.0030110254883766174,0.7305123805999756,0.6828994750976562,0.0,0.0,0.0,0.0,0.0,0.0,292.0589294433594,13.324996948242188,25.0,13.406532287597656,25.0,13.324996948242188,0.0,1.0,0.5329998779296875,1.0,0.0,0.0,0.0,0.0,0.0,1.8249524235725403,0.5842420827922696,0.7724591153860092,1.8,0.02,-0.0,-0.008190647483935245,-0.0014532227776271934,0.0,0.15,-0.0,0.0,0.0,-0.0,0.0,0.0,0.0,0.0,0.35,0.0,0.0,0.0,0.0,0.0,0.0,0.0,0.0,0.25,-0.0,-0.91162109375,0.0,0.8249524235725403,-0.0,-0.11395263671875,-0.11395263671875,-0.05,0.5424591153860092,0.3616394102573395,0.2,0.0,-0.0,-0.0,-0.0,0.8,1.0,-0.0,0.0,-0.0,-0.0,0.0,0.0,0.0,0.4438859530538321,-0.0,-0.0,-0.0,0.02,0.0,0.0,0.0,0.0,0.0,0.0,0.3616394102573395,31.95978861987591,32.4,0.0,0.6,0.0,1.0,2.0,4.0,0.0,1.0,0.0,1.0,0.0,0.0,0.0,0.0,0.0,0.0,0.0,0.0,0.0,0.0,0.0,1.0,1.0,1.0,0.0,0.0,0.0,0.0,0.0,77.72126007080078,-168.99935913085938,77.63733673095703,-168.69056701660156,-0.08392333984375,0.3087921142578125,0.3199932873249054,1.8361659315225953,-0.26225215196609497,0.9649994373321533,0.0,4.774128437042236,99.42147827148438,0.0,28.0,28.0,28.0,0.0,0.0,0.0,0.0,0.0,1.0,120.0,1.0,0.0,3.0,0.0,2.36,40.758299990557134,0.6047999486327171,7.296100025996566,23.698800010606647,12.012499966658652,4.0,5.027200095355511,3.3253999426960945,0.7656000088900328,0.000500003807246685
1,437,437,4.22790876519702,0,0,2.0,2.0,1.0,1.0,1.0,0.5362613201141357,0.8313437700271606,1.0,1.0,1.0,0.5329998731613159,1.0,1.0,1.0,0.5329998731613159,1.0,0.5362613201141357,0.5329998731613159,1.0,0.0,0.5108773112297058,-1.0,1.0,-0.9777213335037231,0.4565684199333191,-0.6902417540550232,0.0,0.0030110254883766174,0.7304795384407043,0.682934582233429,0.0,0.0,0.0,0.0,0.0,0.0,291.94464111328125,13.584632873535156,25.0,13.959256172180176,25.0,13.584632873535156,0.0,1.0,0.5433853149414063,1.0,0.0,0.0,0.0,0.0,0.0,1.8221536874771118,1.1354896230699827,0.7177654618024826,0.5324999928474426,0.02,-0.0,-0.0068407609156234134,-0.0013098718725843923,0.5460334777832032,0.15,-0.0,0.0,0.0,-0.0,0.0,0.0,0.0,0.0,0.35,0.0,0.0,0.0,0.0,0.0,0.0,0.0,0.0,0.25,-0.0,-0.914306640625,0.0,0.8221536874771118,-0.0,-0.114288330078125,-0.114288330078125,-0.05,0.5397654622793198,0.3598436415195465,0.2,0.0,-0.0,-0.0,-0.0,0.27999999523162844,0.3499999940395355,-0.0,0.0,-0.0,-0.0,0.0,0.0,0.0,0.4476067780749873,-0.09749999642372131,-0.0,-0.0,0.02,0.0,0.0,0.0,0.0,0.0,0.0,0.3598436415195465,32.22768802139908,23.26086922832157,0.4206521686004555,0.0,0.0,0.3499999940395355,2.0,2.0,0.0,0.3499999940395355,0.0,0.3499999940395355,0.0,0.0,0.0,0.0,0.0,0.0,0.0,0.0,0.0,0.0,0.0,1.0,1.0,1.0,0.0,0.0,0.0,0.0,0.0,77.6368408203125,-168.69015502929688,77.55291748046875,-168.38136291503906,-0.08392333984375,0.3087921142578125,0.3199932873249054,1.8361659315225953,-0.2622508108615875,0.9649997353553772,0.0,4.774128437042236,99.42147827148438,0.0,28.0,28.0,28.0,0.0,0.0,0.0,0.0,0.0,1.0,120.0,1.0,0.0,3.0,0.0,2.4,57.46670009102672,0.49860007129609585,7.052099914290011,40.90620006900281,26.373000000603497,4.0,4.677599994465709,3.586400067433715,0.7179999956861138,0.000500003807246685
1,438,438,5.318644267143015,0,0,2.0,4.0,1.0,1.0,1.0,0.5583702325820923,0.8793160319328308,1.0,1.0,1.0,0.5433853268623352,1.0,1.0,1.0,0.5433853268623352,1.0,0.5583702325820923,0.5433853268623352,1.0,0.0,0.5081262588500977,-1.0,1.0,-0.977945864200592,0.46039554476737976,0.23255155980587006,0.0,0.0007717123371548951,0.7305918335914612,0.6828144192695618,0.0,0.0,0.0,0.0,0.0,0.0,291.8343811035156,14.088147163391113,25.0,14.256587028503418,25.0,14.088147163391113,0.0,1.0,0.5635258865356445,1.0,0.0,0.0,0.0,0.0,0.0,1.8375742435455322,1.0379826501389444,0.7780787009000778,1.6450086725584612,0.02,-0.0,-0.006211162438740701,-0.001070925908463304,0.4392704010009766,0.15,-0.0,0.0,0.0,-0.0,0.0,0.0,0.0,0.0,0.35,0.0,0.0,0.0,0.0,0.0,0.0,0.0,0.0,0.25,-0.0,-0.882080078125,0.0,0.8375742435455322,-0.0,-0.110260009765625,-0.110260009765625,-0.05,0.5480787009000778,0.3653858006000519,0.2,0.0,-0.0,-0.0,-0.0,0.8,1.0,-0.0,0.0,-0.0,-0.0,0.0,0.0,0.0,0.4559943374851718,-0.09749999642372131,-0.0,-0.05749133101781761,0.02,0.0,0.0,0.0,0.0,0.0,0.0,0.3653858006000519,32.83159229893237,32.4,1.0,0.0,0.0,1.0,2.0,4.0,0.0,1.0,0.0,1.0,0.0,0.0,0.0,0.0,0.0,0.0,0.0,0.0,0.0,0.0,0.0,1.0,1.0,1.0,0.0,0.0,0.0,0.0,0.0,77.5526351928711,-168.38125610351562,77.46871185302734,-168.0724639892578,-0.08392333984375,0.3087921142578125,0.3199932873249054,1.8361659315225953,-0.2622499465942383,0.9649999141693115,0.0,4.774128437042236,99.42147827148438,0.0,28.0,28.0,28.0,0.0,0.0,0.0,0.0,0.0,1.0,120.0,1.0,0.0,3.0,0.0,2.44,75.4742999561131,0.6894000107422471,8.175799972377717,58.78299998585135,27.60949998628348,4.0,4.036700003780425,3.07859992608428,0.6726999999955297,0.000500003807246685
1,439,439,4.406815051539376,0,0,2.0,3.0,1.0,1.0,1.0,0.5702635049819946,1.0,1.0,1.0,1.0,0.563525915145874,1.0,1.0,1.0,0.563525915145874,1.0,0.5702635049819946,0.563525915145874,1.0,0.0,0.5053480267524719,-1.0,1.0,-0.9781723618507385,0.4690227508544922,0.5242224335670471,0.0,0.004054517950862646,0.7308295965194702,0.6825599670410156,0.0,0.0,0.0,0.0,0.0,0.0,291.7234191894531,14.088147163391113,25.0,14.256587028503418,25.0,14.088147163391113,0.0,1.0,0.5635258865356445,1.0,0.0,0.0,0.0,0.0,0.0,1.8342026472091675,0.5877775187329799,0.7498349088430405,1.2149999767541886,0.02,-0.0,-0.006211162438740701,-0.001070925908463304,0.0,0.15,-0.0,0.0,0.0,-0.0,0.0,0.0,0.0,0.0,0.35,0.0,0.0,0.0,0.0,0.0,0.0,0.0,0.0,0.25,-0.0,-0.8876953125,0.0,0.8342026472091675,-0.0,-0.1109619140625,-0.1109619140625,-0.05,0.5438349097967148,0.3625566065311432,0.2,0.0,-0.0,-0.0,-0.0,0.5599999904632569,0.699999988079071,-0.0,0.0,-0.0,-0.0,0.0,0.0,0.0,0.44505960708018394,-0.04500000178813934,-0.0,-0.0,0.02,0.0,0.0,0.0,0.0,0.0,0.0,0.3625566065311432,32.04429170977324,32.4,0.0,0.6,0.0,0.699999988079071,2.0,3.0,0.0,0.699999988079071,0.0,0.699999988079071,0.0,0.0,0.0,0.0,0.0,0.0,0.0,0.0,0.0,0.0,0.0,1.0,1.0,1.0,0.0,0.0,0.0,0.0,0.0,77.46863555908203,-168.072509765625,77.38471221923828,-167.7637176513672,-0.08392333984375,0.3087921142578125,0.3199932873249054,1.8361659315225953,-0.262249618768692,0.9650000333786011,0.0,4.774128437042236,99.42147827148438,0.0,28.0,28.0,28.0,0.0,0.0,0.0,0.0,0.0,1.0,120.0,1.0,0.0,3.0,0.0,2.48,30.270999995991588,0.893399934284389,5.16479997895658,16.57019997946918,7.558599929325283,4.0,4.0960999904200435,2.7762000681832433,0.7347000064328313,0.000500003807246685
1,440,440,4.784628876804821,0,0,2.0,3.0,1.0,1.0,1.0,0.5702635049819946,1.0,1.0,1.0,1.0,0.563525915145874,1.0,1.0,1.0,0.563525915145874,1.0,0.5702635049819946,0.563525915145874,1.0,0.0,0.5025900602340698,-1.0,1.0,-0.9783959984779358,0.4577755928039551,-0.6834206581115723,0.0,0.004054517950862646,0.7307773232460022,0.6826159358024597,0.0,0.0,0.0,0.0,0.0,0.0,291.6119384765625,14.47707748413086,25.0,14.481709480285645,25.0,14.47707748413086,0.0,1.0,0.5790830993652344,1.0,0.0,0.0,0.0,0.0,0.0,1.8318665027618408,0.9311409897669362,0.7490990000963211,1.2525223841797233,0.02,-0.0,-0.005774294449625963,-0.000916632620459639,0.3356700897216797,0.15,-0.0,0.0,0.0,-0.0,0.0,0.0,0.0,0.0,0.35,0.0,0.0,0.0,0.0,0.0,0.0,0.0,0.0,0.25,-0.0,-0.891845703125,0.0,0.8318665027618408,-0.0,-0.111480712890625,-0.111480712890625,-0.05,0.5430990010499954,0.36206600069999695,0.2,0.0,-0.0,-0.0,-0.0,0.5599999904632569,0.699999988079071,-0.0,0.0,-0.0,-0.0,0.0,0.0,0.0,0.45216182711534203,-0.0,-0.0,-0.00747759436260456,0.02,0.0,0.0,0.0,0.0,0.0,0.0,0.36206600069999695,32.555651552304624,32.4,0.7326086850269979,0.0,0.0,0.699999988079071,2.0,3.0,0.0,0.699999988079071,0.0,0.699999988079071,0.0,0.0,0.0,0.0,0.0,0.0,0.0,0.0,0.0,0.0,0.0,1.0,1.0,1.0,0.0,0.0,0.0,0.0,0.0,77.38472747802734,-167.7638397216797,77.3008041381836,-167.45504760742188,-0.08392333984375,0.3087921142578125,0.3199932873249054,1.8361659315225953,-0.26224955916404724,0.9650000333786011,0.0,4.774128437042236,99.42147827148438,0.0,28.0,28.0,28.0,0.0,0.0,0.0,0.0,0.0,1.0,120.0,1.0,0.0,3.0,0.0,2.52,60.502800042741,0.7278000703081489,6.118899909779429,43.88960008509457,20.536200026981533,4.0,6.5379999577999115,2.575300051830709,0.6108999950811267,0.000500003807246685
1,441,441,4.950336619339431,0,0,2.0,4.0,1.0,1.0,1.0,0.5792683959007263,1.0,1.0,1.0,1.0,0.5790830850601196,1.0,1.0,1.0,0.5790830850601196,1.0,0.5792683959007263,0.5790830850601196,1.0,0.0,0.4998306334018707,-1.0,1.0,-0.9786186218261719,0.46508073806762695,0.44388875365257263,0.0,0.0023644070606678724,0.7309131622314453,0.682470440864563,0.0,0.0,0.0,0.0,0.0,0.0,291.4986877441406,14.47707748413086,25.0,14.481709480285645,25.0,14.47707748413086,0.0,1.0,0.5790830993652344,1.0,0.0,0.0,0.0,0.0,0.0,1.8247809410095215,0.5827831438402787,0.767772536277771,1.7549999982118607,0.02,-0.0,-0.005774294449625963,-0.000916632620459639,0.0,0.15,-0.0,0.0,0.0,-0.0,0.0,0.0,0.0,0.0,0.35,0.0,0.0,0.0,0.0,0.0,0.0,0.0,0.0,0.25,-0.0,-0.906005859375,0.0,0.8247809410095215,-0.0,-0.113250732421875,-0.113250732421875,-0.05,0.537772536277771,0.35851502418518066,0.2,0.0,-0.0,-0.0,-0.0,0.8,1.0,-0.0,0.0,-0.0,-0.0,0.0,0.0,0.0,0.4394740709103644,-0.04500000178813934,-0.0,-0.0,0.02,0.0,0.0,0.0,0.0,0.0,0.0,0.35851502418518066,31.642133105546236,32.4,0.0,0.6,0.0,1.0,2.0,4.0,0.0,1.0,0.0,1.0,0.0,0.0,0.0,0.0,0.0,0.0,0.0,0.0,0.0,0.0,0.0,1.0,1.0,1.0,0.0,0.0,0.0,0.0,0.0,77.30086517333984,-167.4552001953125,77.2169418334961,-167.1464080810547,-0.08392333984375,0.3087921142578125,0.3199932873249054,1.8361659315225953,-0.262249618768692,0.9650000929832458,0.0,4.774128437042236,99.42147827148438,0.0,28.0,28.0,28.0,0.0,0.0,0.0,0.0,0.0,1.0,120.0,1.0,0.0,3.0,0.0,2.56,46.17700004018843,0.7666000165045261,7.308000000193715,29.410399962216616,14.558700029738247,4.0,5.386900040321052,2.5168999563902617,0.7375000277534127,0.000400003045797348
1,442,442,5.519609471467614,0,0,2.0,4.0,1.0,1.0,1.0,0.5792683959007263,1.0,1.0,1.0,1.0,0.5790830850601196,1.0,1.0,1.0,0.5790830850601196,1.0,0.5792683959007263,0.5790830850601196,1.0,0.0,0.4970912039279938,-1.0,1.0,-0.9788382649421692,0.4520304799079895,-0.7929847836494446,0.0,0.0023644070606678724,0.7308984994888306,0.6824861764907837,0.0,0.0,0.0,0.0,0.0,0.0,314.0379333496094,14.4447603225708,25.0,15.169431686401367,25.0,14.4447603225708,0.0,1.0,0.5777904129028321,1.0,0.0,0.0,0.0,0.0,0.0,1.8213087916374207,1.1096498989139798,0.768650780916214,1.8,0.02,-0.0,-0.004625825654684331,-0.0009285587237412609,0.5482387351989747,0.15,-0.032317161560058594,0.0,0.0,-0.0,0.0,0.0,0.0,0.0,0.35,0.0,0.0,0.0,0.0,0.0,0.0,0.0,0.0,0.25,-0.0,8.0,0.0,0.8213087916374207,-0.0,22.53924560546875,2.0,-0.05,0.538650780916214,0.3591005206108093,0.2,0.0,-0.0,-0.0,-0.0,0.8,1.0,-0.0,0.0,-0.0,-0.0,0.0,0.0,0.0,0.4492827096534893,-0.0,-0.0,-0.0,0.02,0.0,0.0,0.0,0.0,0.0,0.0,0.3591005206108093,32.34835509505123,32.4,1.0,0.0,0.0,1.0,2.0,4.0,0.0,1.0,0.0,1.0,0.0,0.0,0.0,0.0,0.0,0.0,0.0,0.0,0.0,0.0,0.0,1.0,1.0,1.0,0.0,0.0,0.0,0.0,0.0,77.2170181274414,-167.1465606689453,77.13309478759766,-166.8377685546875,-0.08392333984375,0.3087921142578125,0.3199932873249054,1.8361659315225953,-0.2622497081756592,0.9650000929832458,0.0,4.774128437042236,99.42147827148438,0.0,28.0,28.0,28.0,0.0,0.0,0.0,0.0,0.0,1.0,120.0,1.0,0.0,3.0,0.0,2.6,202.08190008997917,0.8667000802233815,21.65209990926087,111.7878999793902,44.567400007508695,4.0,42.59770002681762,11.601199978031218,13.532200013287365,0.000400003045797348
1,443,443,4.39412187342544,0,0,2.0,3.0,1.0,1.0,1.0,0.6067772507667542,1.0,1.0,1.0,1.0,0.5777904391288757,1.0,1.0,1.0,0.5777904391288757,1.0,0.6067772507667542,0.5777904391288757,1.0,0.0,0.5439402461051941,-1.0,1.0,-0.9781606793403625,0.46211937069892883,0.6130399107933044,0.0,0.0027666627429425716,0.7310450077056885,0.6823292374610901,0.0,0.0,0.0,0.0,0.0,0.0,323.2007751464844,14.4447603225708,25.0,15.169431686401367,25.0,14.4447603225708,0.0,1.0,0.5777904129028321,1.0,0.0,0.0,0.0,0.0,0.0,1.8440390229225159,0.5992989178759159,0.7534712243080139,1.1773127083189945,0.02,-0.0,-0.004625825654684331,-0.0009285587237412609,0.0,0.15,-0.0,0.0,0.0,-0.0,0.0,0.0,0.0,0.0,0.35,0.0,0.0,0.0,0.0,0.0,0.0,0.0,0.0,0.25,-0.0,8.0,0.0,0.8440390229225159,-0.0,9.162841796875,2.0,-0.05,0.5474712252616882,0.3649808168411255,0.2,0.0,-0.0,-0.0,-0.0,0.5599999904632569,0.699999988079071,-0.0,0.0,-0.0,-0.0,0.0,0.0,0.0,0.4548533022543415,-0.04500000178813934,-0.0,-0.03768726843519417,0.02,0.0,0.0,0.0,0.0,0.0,0.0,0.3649808168411255,32.74943776231259,32.4,0.7326086850269979,0.0,0.0,0.699999988079071,2.0,3.0,0.0,0.699999988079071,0.0,0.699999988079071,0.0,0.0,0.0,0.0,0.0,0.0,0.0,0.0,0.0,0.0,0.0,1.0,1.0,1.0,0.0,0.0,0.0,0.0,0.0,83.08439636230469,-188.73399353027344,83.08303833007812,-169.0,-0.0013580322265625,19.733993530273438,19.733993530273438,1.5708651436895698,-0.2622520625591278,0.9649994373321533,0.0,4.774128437042236,99.42147827148438,0.0,28.0,28.0,28.0,0.0,0.0,0.0,0.0,0.0,1.0,120.0,1.0,0.0,3.0,0.0,2.64,177.8675999958068,0.6267999997362494,14.24580009188503,121.53859995305538,37.26400004234165,4.0,37.96940005850047,2.8057999443262815,0.6379000842571259,0.0004998873919248581
1,444,444,4.951122519818561,0,0,2.0,3.0,1.0,1.0,1.0,0.6067772507667542,1.0,1.0,1.0,1.0,0.5777904391288757,1.0,1.0,1.0,0.5777904391288757,1.0,0.6067772507667542,0.5777904391288757,1.0,0.0,0.5418664216995239,-1.0,1.0,-0.9795527458190918,0.46784910559654236,0.3481620252132416,0.0,0.0027666627429425716,0.7311350703239441,0.6822327375411987,0.0,0.0,0.0,0.0,0.0,0.0,295.1719970703125,15.077109336853027,25.0,15.501526832580566,25.0,15.077109336853027,0.0,1.0,0.6030843734741211,1.0,0.0,0.0,0.0,0.0,0.0,1.815763235092163,1.1072761927521402,0.7480831134319306,1.259999978542328,0.02,-0.0,-0.00415871149738464,-0.0007210395707282232,0.51861572265625,0.15,-0.0,0.0,0.0,-0.0,0.0,0.0,0.0,0.0,0.35,0.0,0.0,0.0,0.0,0.0,0.0,0.0,0.0,0.25,-0.0,-16.0,0.0,0.8157632350921631,-0.0,-28.028778076171875,-2.0,-0.05,0.5420831143856049,0.3613887429237366,0.2,0.0,-0.0,-0.0,-0.0,0.5599999904632569,0.699999988079071,-0.0,0.0,-0.0,-0.0,0.0,0.0,0.0,0.443540221164003,-0.0,-0.0,-0.0,0.02,0.0,0.0,0.0,0.0,0.0,0.0,0.3613887429237366,31.934895923808217,32.4,0.0,0.6,0.0,0.699999988079071,2.0,3.0,0.0,0.699999988079071,0.0,0.699999988079071,0.0,0.0,0.0,0.0,0.0,0.0,0.0,0.0,0.0,0.0,0.0,1.0,1.0,1.0,0.0,0.0,0.0,0.0,0.0,83.08480072021484,-197.8800048828125,83.08390045166016,-169.0,-0.0009002685546875,28.8800048828125,28.8800048828125,1.570827499522063,-0.2547166645526886,0.9670156836509705,0.0,4.774128437042236,99.42147827148438,0.0,28.0,28.0,28.0,0.0,0.0,0.0,0.0,0.0,1.0,120.0,1.0,0.0,3.0,0.0,2.68,132.41159997414798,0.6623000372201204,10.705299908295274,108.34679997060448,47.71760001312941,4.0,8.809999912045896,2.95740005094558,0.880399951711297,0.000400003045797348
1,445,445,5.61917332762322,0,0,2.0,4.0,1.0,1.0,1.0,0.6200610995292664,1.0,1.0,1.0,1.0,0.60308438539505,1.0,1.0,1.0,0.60308438539505,1.0,0.6200610995292664,0.60308438539505,1.0,0.0,0.5398061275482178,-1.0,1.0,-0.975622832775116,0.4562127888202667,-0.7070675492286682,0.0,-6.306113937171176e-05,0.7310965061187744,0.6822740435600281,0.0,0.0,0.0,0.0,0.0,0.0,295.0567932128906,15.375727653503418,25.0,16.191455841064453,25.0,15.375727653503418,0.0,1.0,0.6150291061401367,1.0,0.0,0.0,0.0,0.0,0.0,1.8180060386657715,1.2707154386842168,0.7729143756628036,1.7375374746104288,0.02,-0.0,-0.0033388825513059575,-0.000639858265861792,0.6713905334472656,0.15,-0.0,0.0,0.0,-0.0,0.0,0.0,0.0,0.0,0.35,0.0,0.0,0.0,0.0,0.0,0.0,0.0,0.0,0.25,-0.0,-0.921630859375,0.0,0.8180060386657715,-0.0,-0.115203857421875,-0.115203857421875,-0.05,0.5429143756628036,0.36194291710853577,0.2,0.0,-0.0,-0.0,-0.0,0.8,1.0,-0.0,0.0,-0.0,-0.0,0.0,0.0,0.0,0.4533036460541189,-0.04500000178813934,-0.0,-0.01746252360143193,0.02,0.0,0.0,0.0,0.0,0.0,0.0,0.36194291710853577,32.63786251589656,32.4,1.0,0.0,0.0,1.0,2.0,4.0,0.0,1.0,0.0,1.0,0.0,0.0,0.0,0.0,0.0,0.0,0.0,0.0,0.0,0.0,0.0,1.0,1.0,1.0,0.0,0.0,0.0,0.0,0.0,83.0838851928711,-168.99990844726562,82.9942626953125,-168.69271850585938,-0.08962249755859375,0.30718994140625,0.3199966549873352,1.8546667299529365,-0.28006651997566223,0.9599806070327759,0.0,4.774128437042236,99.42147827148438,0.0,28.0,28.0,28.0,0.0,0.0,0.0,0.0,0.0,1.0,120.0,1.0,0.0,3.0,0.0,2.72,87.33750006649643,0.6000000284984708,9.579500067047775,54.874900029972196,25.959799997508526,4.0,17.24290009588003,4.044999950565398,0.9486000053584576,0.000500003807246685
1,446,446,4.988716883610702,0,0,2.0,4.0,1.0,1.0,1.0,0.6476582288742065,1.0,1.0,1.0,1.0,0.6150290966033936,1.0,1.0,1.0,0.6150290966033936,1.0,0.6476582288742065,0.6150290966033936,1.0,0.0,0.5369992852210999,-1.0,1.0,-0.9758597016334534,0.46625518798828125,0.6102140545845032,0.0,0.0032380162738263607,0.7312906980514526,0.6820659041404724,0.0,0.0,0.0,0.0,0.0,0.0,294.94061279296875,15.375727653503418,25.0,16.191455841064453,25.0,15.375727653503418,0.0,1.0,0.6150291061401367,1.0,0.0,0.0,0.0,0.0,0.0,1.813392460346222,0.5867181670179135,0.7686062562465668,1.8,0.02,-0.0,-0.0033388825513059575,-0.000639858265861792,0.0,0.15,-0.0,0.0,0.0,-0.0,0.0,0.0,0.0,0.0,0.35,0.0,0.0,0.0,0.0,0.0,0.0,0.0,0.0,0.25,-0.0,-0.929443359375,0.0,0.8133924603462219,-0.0,-0.116180419921875,-0.116180419921875,-0.05,0.5386062562465668,0.3590708374977112,0.2,0.0,-0.0,-0.0,-0.0,0.8,1.0,-0.0,0.0,-0.0,-0.0,0.0,0.0,0.0,0.44069690783508125,-0.0,-0.0,-0.0,0.02,0.0,0.0,0.0,0.0,0.0,0.0,0.3590708374977112,31.730177364125847,32.4,0.0,0.6,0.0,1.0,2.0,4.0,0.0,1.0,0.0,1.0,0.0,0.0,0.0,0.0,0.0,0.0,0.0,0.0,0.0,0.0,0.0,1.0,1.0,1.0,0.0,0.0,0.0,0.0,0.0,82.99382019042969,-168.692626953125,82.9041976928711,-168.38543701171875,-0.08962249755859375,0.30718994140625,0.3199966549873352,1.8546667299529365,-0.2800651490688324,0.9599810242652893,0.0,4.774128437042236,99.42147827148438,0.0,28.0,28.0,28.0,0.0,0.0,0.0,0.0,0.0,1.0,120.0,1.0,0.0,3.0,0.0,2.76,79.65570001397282,0.7637999951839447,7.313900045119226,61.02260004263371,21.066099987365305,4.0,6.577200023457408,3.036100068129599,0.8955999510362744,0.000500003807246685
1,447,447,5.7607158906090445,0,0,2.0,4.0,1.0,1.0,1.0,0.6476582288742065,1.0,1.0,1.0,1.0,0.6150290966033936,1.0,1.0,1.0,0.6150290966033936,1.0,0.6476582288742065,0.6150290966033936,1.0,0.0,0.5342114567756653,-1.0,1.0,-0.9760937094688416,0.4532882571220398,-0.787921130657196,0.0,0.0032380162738263607,0.7312434911727905,0.6821165084838867,0.0,0.0,0.0,0.0,0.0,0.0,294.82452392578125,15.903437614440918,25.0,16.880107879638672,25.0,15.903437614440918,0.0,1.0,0.6361375045776367,1.0,0.0,0.0,0.0,0.0,0.0,1.8131624460220337,1.3583456582653712,0.76920778632164,1.8,0.02,-0.0,-0.0026885580448534857,-0.0005180971162847855,0.762005615234375,0.15,-0.0,0.0,0.0,-0.0,0.0,0.0,0.0,0.0,0.35,0.0,0.0,0.0,0.0,0.0,0.0,0.0,0.0,0.25,-0.0,-0.9287109375,0.0,0.8131624460220337,-0.0,-0.1160888671875,-0.1160888671875,-0.05,0.53920778632164,0.35947185754776,0.2,0.0,-0.0,-0.0,-0.0,0.8,1.0,-0.0,0.0,-0.0,-0.0,0.0,0.0,0.0,0.4495466981921345,-0.0,-0.0,-0.0,0.02,0.0,0.0,0.0,0.0,0.0,0.0,0.35947185754776,32.367362269833684,32.4,1.0,0.0,0.0,1.0,2.0,4.0,0.0,1.0,0.0,1.0,0.0,0.0,0.0,0.0,0.0,0.0,0.0,0.0,0.0,0.0,0.0,1.0,1.0,1.0,0.0,0.0,0.0,0.0,0.0,82.9039535522461,-168.3854522705078,82.8143310546875,-168.07826232910156,-0.08962249755859375,0.30718994140625,0.3199966549873352,1.8546667299529365,-0.28006431460380554,0.9599812626838684,0.0,4.774128437042236,99.42147827148438,0.0,28.0,28.0,28.0,0.0,0.0,0.0,0.0,0.0,1.0,120.0,1.0,0.0,3.0,0.0,2.8,185.0986999925226,0.5879000527784228,6.652900017797947,62.49579996801913,27.72390004247427,4.0,38.64809998776764,38.37389999534935,38.292699959129095,0.000500003807246685
1,448,448,5.924603718757286,0,0,2.0,3.0,1.0,1.0,1.0,0.675204336643219,1.0,1.0,1.0,1.0,0.6361374855041504,1.0,1.0,1.0,0.6361374855041504,1.0,0.675204336643219,0.6361374855041504,1.0,0.0,0.53141850233078,-1.0,1.0,-0.9763271808624268,0.4623908996582031,0.5531119108200073,0.0,0.0023160474374890327,0.7313530445098877,0.6819990873336792,0.0,0.0,0.0,0.0,0.0,0.0,326.161865234375,15.903437614440918,25.0,16.880107879638672,25.0,15.903437614440918,0.0,1.0,0.6361375045776367,1.0,0.0,0.0,0.0,0.0,0.0,1.819514513015747,0.6014914093523663,2.3039127159118653,1.1796850804773076,0.02,-0.0,-0.0026885580448534857,-0.0005180971162847855,0.0,0.15,-0.0,0.0,0.0,-0.0,0.0,0.0,0.0,0.0,0.35,0.0,0.0,0.0,0.0,0.0,0.0,0.0,0.0,0.25,-0.0,8.0,0.0,0.8195145130157471,-0.0,31.33734130859375,2.0,1.5,0.5479127168655396,0.36527514457702637,0.2,0.0,-0.0,-0.0,-0.0,0.5599999904632569,0.699999988079071,-0.0,0.0,-0.0,-0.0,0.0,0.0,0.0,0.4546980645135046,-0.04500000178813934,-0.0,-0.03531489627688105,0.02,0.0,0.0,0.0,0.0,0.0,0.0,0.36527514457702637,32.73826064497233,32.4,0.7326086850269979,0.0,0.0,0.699999988079071,2.0,3.0,0.0,0.699999988079071,0.0,0.699999988079071,0.0,0.0,0.0,0.0,0.0,0.0,0.0,0.0,0.0,0.0,0.0,1.0,1.0,1.0,0.0,0.0,0.0,0.0,0.0,82.81427764892578,-168.07835388183594,82.72465515136719,-167.7711639404297,-0.08962249755859375,0.30718994140625,0.3199966549873352,1.8546667299529365,-0.28006404638290405,0.9599813222885132,0.0,4.774128437042236,99.42147827148438,0.0,28.0,28.0,28.0,0.0,0.0,0.0,0.0,0.0,1.0,120.0,1.0,0.0,3.0,0.0,2.84,128.96560004446656,0.6469000363722444,32.54639997612685,83.79349997267127,37.366700009442866,4.0,8.371000061742961,2.7501999866217375,0.8088999893516302,0.000500003807246685
1,449,449,4.949821316267167,0,0,2.0,3.0,1.0,1.0,1.0,0.675204336643219,1.0,1.0,1.0,1.0,0.6361374855041504,1.0,1.0,1.0,0.6361374855041504,1.0,0.675204336643219,0.6361374855041504,1.0,0.0,0.6023273468017578,-1.0,1.0,-0.975136399269104,0.4676894247531891,0.3219603896141052,0.0,0.0023160474374890327,0.731412947177887,0.6819348335266113,0.0,0.0,0.0,0.0,0.0,0.0,297.8553466796875,15.887979507446289,25.0,17.578824996948242,25.0,15.887979507446289,0.0,1.0,0.6355191802978516,1.0,0.0,0.0,0.0,0.0,0.0,1.787311315536499,1.1340389719258896,0.7484710502624512,1.259999978542328,0.02,-0.0,-0.00216491108248287,-0.0005213105610641254,0.5580462074279785,0.15,-0.015458106994628906,0.0,0.0,-0.0,0.0,0.0,0.0,0.0,0.35,0.0,0.0,0.0,0.0,0.0,0.0,0.0,0.0,0.25,-0.0,-16.0,0.0,0.787311315536499,-0.0,-28.3065185546875,-2.0,-0.05,0.5424710512161255,0.361647367477417,0.2,0.0,-0.0,-0.0,-0.0,0.5599999904632569,0.699999988079071,-0.0,0.0,-0.0,-0.0,0.0,0.0,0.0,0.44413709313608707,-0.0,-0.0,-0.0,0.02,0.0,0.0,0.0,0.0,0.0,0.0,0.361647367477417,31.977870705798267,32.4,0.0,0.6,0.0,0.699999988079071,2.0,3.0,0.0,0.699999988079071,0.0,0.699999988079071,0.0,0.0,0.0,0.0,0.0,0.0,0.0,0.0,0.0,0.0,0.0,1.0,1.0,1.0,0.0,0.0,0.0,0.0,0.0,91.57282257080078,-198.0186767578125,91.57183074951172,-169.0,-0.0009918212890625,29.0186767578125,29.0186767578125,1.5708305055184644,-0.28013476729393005,0.9599606394767761,0.0,4.774128437042236,99.42147827148438,0.0,28.0,28.0,28.0,0.0,0.0,0.0,0.0,0.0,1.0,120.0,1.0,0.0,3.0,0.0,2.88,98.31589995883405,0.6514000706374645,10.692700045183301,73.34160001482815,31.376400031149387,4.0,10.257799993269145,2.6216000551357865,0.7048000115901232,0.0002998858690261841
1,450,450,4.919722466002788,0,0,2.0,4.0,1.0,1.0,1.0,0.7031530141830444,1.0,1.0,1.0,1.0,0.6355192065238953,1.0,1.0,1.0,0.6355192065238953,1.0,0.7031530141830444,0.6355192065238953,1.0,0.0,0.6002837419509888,-1.0,1.0,-0.9703155159950256,0.45682671666145325,-0.660060703754425,0.0,-0.0011915476061403751,0.7313628196716309,0.6819885969161987,0.0,0.0,0.0,0.0,0.0,0.0,297.57904052734375,15.887979507446289,25.0,17.578824996948242,25.0,15.887979507446289,0.0,1.0,0.6355191802978516,1.0,0.0,0.0,0.0,0.0,0.0,1.7892118692398071,0.6007040955431663,0.7731973040103912,1.7366091972094235,0.02,-0.0,-0.00216491108248287,-0.0005213105610641254,0.0,0.15,-0.0,0.0,0.0,-0.0,0.0,0.0,0.0,0.0,0.35,0.0,0.0,0.0,0.0,0.0,0.0,0.0,0.0,0.25,-0.0,-2.21044921875,0.0,0.7892118692398071,-0.0,-0.27630615234375,-0.27630615234375,-0.05,0.5431973040103912,0.3621315360069275,0.2,0.0,-0.0,-0.0,-0.0,0.8,1.0,-0.0,0.0,-0.0,-0.0,0.0,0.0,0.0,0.4533903171867133,-0.04500000178813934,-0.0,-0.01839080100243724,0.02,0.0,0.0,0.0,0.0,0.0,0.0,0.3621315360069275,32.644102837443356,32.4,1.0,0.0,0.0,1.0,2.0,4.0,0.0,1.0,0.0,1.0,0.0,0.0,0.0,0.0,0.0,0.0,0.0,0.0,0.0,0.0,0.0,1.0,1.0,1.0,0.0,0.0,0.0,0.0,0.0,91.57437896728516,-168.71568298339844,91.47582244873047,-168.41123962402344,-0.0985565185546875,0.304443359375,0.31999868154525757,1.8838763679316375,-0.30798086524009705,0.9513925909996033,0.0,4.774128437042236,99.42147827148438,0.0,28.0,28.0,28.0,0.0,0.0,0.0,0.0,0.0,1.0,120.0,1.0,0.0,3.0,0.0,2.92,43.149299919605255,0.6144000217318535,8.580700028687716,24.764699977822602,12.40260002668947,4.0,5.02099993173033,3.173900069668889,0.9525999194011092,0.000600004568696022
1,451,451,5.834305273809593,0,0,2.0,4.0,1.0,1.0,1.0,0.7031530141830444,1.0,1.0,1.0,1.0,0.6355192065238953,1.0,1.0,1.0,0.6355192065238953,1.0,0.7031530141830444,0.6355192065238953,1.0,0.0,0.5972039699554443,-1.0,1.0,-0.9705685377120972,0.46634432673454285,0.5783265233039856,0.0,-0.0011915476061403751,0.731544554233551,0.6817936301231384,0.0,0.0,0.0,0.0,0.0,0.0,297.4128112792969,16.680221557617188,25.0,18.26969337463379,25.0,16.680221557617188,0.0,1.0,0.6672088623046875,1.0,0.0,0.0,0.0,0.0,0.0,1.7875734567642212,1.4578339599754033,0.7688978570699692,1.8,0.02,-0.0,-0.0017542069629092074,-0.0003797256926446178,0.8695915222167969,0.15,-0.0,0.0,0.0,-0.0,0.0,0.0,0.0,0.0,0.35,0.0,0.0,0.0,0.0,0.0,0.0,0.0,0.0,0.25,-0.0,-1.329833984375,0.0,0.7875734567642212,-0.0,-0.166229248046875,-0.166229248046875,-0.05,0.5388978570699692,0.3592652380466461,0.2,0.0,-0.0,-0.0,-0.0,0.8,1.0,-0.0,0.0,-0.0,-0.0,0.0,0.0,0.0,0.44037637041416017,-0.0,-0.0,-0.0,0.02,0.0,0.0,0.0,0.0,0.0,0.0,0.3592652380466461,31.707098669819533,32.4,0.0,0.6,0.0,1.0,2.0,4.0,0.0,1.0,0.0,1.0,0.0,0.0,0.0,0.0,0.0,0.0,0.0,0.0,0.0,0.0,0.0,1.0,1.0,1.0,0.0,0.0,0.0,0.0,0.0,91.45201110839844,-168.2582550048828,91.35343170166016,-167.9538116455078,-0.09857940673828125,0.304443359375,0.32000571489334106,1.8839443955224722,-0.3080635368824005,0.9513657689094543,0.0,4.774128437042236,99.42147827148438,0.0,28.0,28.0,28.0,0.0,0.0,0.0,0.0,0.0,1.0,120.0,1.0,0.0,3.0,0.0,2.96,64.97539998963475,0.6778000388294458,7.9197000013664365,46.40980006661266,31.283299904316664,4.0,5.248699919320643,3.783400054089725,0.8995999814942479,0.000400003045797348
1,452,452,5.163604561806776,0,0,2.0,4.0,1.0,1.0,1.0,0.7307877540588379,1.0,1.0,1.0,1.0,0.6672088503837585,1.0,1.0,1.0,0.6672088503837585,1.0,0.7307877540588379,0.6672088503837585,1.0,0.0,0.5942946076393127,-1.0,1.0,-0.9708258509635925,0.4529585540294647,-0.8133716583251953,0.0,8.911575423553586e-05,0.7314927577972412,0.6818491816520691,0.0,0.0,0.0,0.0,0.0,0.0,297.2764892578125,16.33821678161621,25.0,18.956430435180664,25.0,16.33821678161621,0.0,1.0,0.6535286712646484,1.0,0.0,0.0,0.0,0.0,0.0,1.788820505142212,0.7850576763386463,0.7697318005561828,1.799994579769735,0.02,-0.0,-0.0014297191502769858,-0.0004353938575034672,0.5288693618774415,0.15,-0.34200477600097656,0.0,0.0,-0.0,0.0,0.0,0.0,0.0,0.35,0.0,0.0,0.0,0.0,0.0,0.0,0.0,0.0,0.25,-0.0,-1.090576171875,0.0,0.7888205051422119,-0.0,-0.136322021484375,-0.136322021484375,-0.05,0.5397318005561829,0.3598212003707886,0.2,0.0,-0.0,-0.0,-0.0,0.8,1.0,-0.0,0.0,-0.0,-0.0,0.0,0.0,0.0,0.4500582034699619,-0.0,-0.0,-5.420230264965853e-06,0.02,0.0,0.0,0.0,0.0,0.0,0.0,0.3598212003707886,32.404190649837254,32.4,1.0,0.0,0.0,1.0,2.0,4.0,0.0,1.0,0.0,1.0,0.0,0.0,0.0,0.0,0.0,0.0,0.0,0.0,0.0,0.0,0.0,1.0,1.0,1.0,0.0,0.0,0.0,0.0,0.0,91.34741973876953,-167.91018676757812,91.24883270263672,-167.6057586669922,-0.0985870361328125,0.3044281005859375,0.3199935555458069,1.8839817827765561,-0.3080897033214569,0.9513573050498962,0.0,4.774128437042236,99.42147827148438,0.0,28.0,28.0,28.0,0.0,0.0,0.0,0.0,0.0,1.0,120.0,1.0,0.0,3.0,0.0,3.0,59.47610002476722,0.6770000327378511,6.174799986183643,44.16829999536276,21.725700004026294,4.0,4.759500036016107,2.97949998639524,0.673700007610023,0.000400003045797348
1,453,453,4.347669082285892,0,0,2.0,3.0,1.0,1.0,1.0,0.7582572102546692,1.0,1.0,1.0,1.0,0.6535286903381348,1.0,1.0,1.0,0.6535286903381348,1.0,0.7582572102546692,0.6535286903381348,1.0,0.0,0.5914652347564697,-1.0,1.0,-0.9710801839828491,0.4629170000553131,0.6051145792007446,0.0,0.0032694197725504637,0.7316663861274719,0.681662917137146,0.0,0.0,0.0,0.0,0.0,0.0,297.1417236328125,16.33821678161621,25.0,18.956430435180664,25.0,16.33821678161621,0.0,1.0,0.6535286712646484,1.0,0.0,0.0,0.0,0.0,0.0,1.7838795185089111,0.5873284453172792,0.741461141705513,1.2149999767541886,0.02,-0.0,-0.0014297191502769858,-0.0004353938575034672,0.0,0.15,-0.0,0.0,0.0,-0.0,0.0,0.0,0.0,0.0,0.35,0.0,0.0,0.0,0.0,0.0,0.0,0.0,0.0,0.25,-0.0,-1.078125,0.0,0.7838795185089111,-0.0,-0.134765625,-0.134765625,-0.05,0.5354611426591873,0.3569740951061249,0.2,0.0,-0.0,-0.0,-0.0,0.5599999904632569,0.699999988079071,-0.0,0.0,-0.0,-0.0,0.0,0.0,0.0,0.43919355832505974,-0.04500000178813934,-0.0,-0.0,0.02,0.0,0.0,0.0,0.0,0.0,0.0,0.3569740951061249,31.621936199404303,32.4,0.0,0.6,0.0,0.699999988079071,2.0,3.0,0.0,0.699999988079071,0.0,0.699999988079071,0.0,0.0,0.0,0.0,0.0,0.0,0.0,0.0,0.0,0.0,0.0,1.0,1.0,1.0,0.0,0.0,0.0,0.0,0.0,91.2530746459961,-167.59010314941406,91.15447998046875,-167.28567504882812,-0.09859466552734375,0.3044281005859375,0.3199959099292755,1.8840044586396718,-0.30811968445777893,0.9513475298881531,0.0,4.774128437042236,99.42147827148438,0.0,28.0,28.0,28.0,0.0,0.0,0.0,0.0,0.0,1.0,120.0,1.0,0.0,3.0,0.0,3.04,47.32659994624555,0.7226999150589108,8.246400044299662,28.56110001448542,11.19479991029948,4.0,5.676700035110116,3.243000013753772,0.8265000069513917,0.000500003807246685
1,454,454,5.769465793010456,0,0,2.0,4.0,1.0,1.0,1.0,0.7582572102546692,1.0,1.0,1.0,1.0,0.6535286903381348,1.0,1.0,1.0,0.6535286903381348,1.0,0.7582572102546692,0.6535286903381348,1.0,0.0,0.58866286277771,-1.0,1.0,-0.9713312387466431,0.45174193382263184,-0.6790403127670288,0.0,0.0032694197725504637,0.7316267490386963,0.6817054152488708,0.0,0.0,0.0,0.0,0.0,0.0,297.0106506347656,17.090091705322266,25.0,19.64114761352539,25.0,17.090091705322266,0.0,1.0,0.6836036682128906,1.0,0.0,0.0,0.0,0.0,0.0,1.7841843962669373,1.443857387539608,0.7664240109920502,1.7549999982118607,0.02,-0.0,-0.001172297899963961,-0.00032230589256422094,0.8485237121582032,0.15,-0.0,0.0,0.0,-0.0,0.0,0.0,0.0,0.0,0.35,0.0,0.0,0.0,0.0,0.0,0.0,0.0,0.0,0.25,-0.0,-1.048583984375,0.0,0.7841843962669373,-0.0,-0.131072998046875,-0.131072998046875,-0.05,0.5364240109920502,0.35761600732803345,0.2,0.0,-0.0,-0.0,-0.0,0.8,1.0,-0.0,0.0,-0.0,-0.0,0.0,0.0,0.0,0.446828279173933,-0.04500000178813934,-0.0,-0.0,0.02,0.0,0.0,0.0,0.0,0.0,0.0,0.35761600732803345,32.17163610052317,32.4,1.0,0.0,0.0,1.0,2.0,4.0,0.0,1.0,0.0,1.0,0.0,0.0,0.0,0.0,0.0,0.0,0.0,0.0,0.0,0.0,0.0,1.0,1.0,1.0,0.0,0.0,0.0,0.0,0.0,91.16001892089844,-167.2725830078125,91.06140899658203,-166.96815490722656,-0.09860992431640625,0.3044281005859375,0.3200005888938904,1.8840498203485536,-0.3081513047218323,0.9513373970985413,0.0,4.774128437042236,99.42147827148438,0.0,28.0,28.0,28.0,0.0,0.0,0.0,0.0,0.0,1.0,120.0,1.0,0.0,3.0,0.0,3.08,105.96459999214858,0.6266999989748001,8.496799971908331,72.58749997708946,27.707100030966103,4.0,16.788700013421476,6.442499929107726,0.9824000298976898,0.000400003045797348
1,455,455,4.366139905663455,0,0,2.0,3.0,1.0,1.0,1.0,0.7856459021568298,1.0,1.0,1.0,1.0,0.6836036443710327,1.0,1.0,1.0,0.6836036443710327,1.0,0.7856459021568298,0.6836036443710327,1.0,0.0,0.5858424305915833,-1.0,1.0,-0.971583902835846,0.45959481596946716,0.47717005014419556,0.0,0.0022192317992448807,0.7317334413528442,0.6815909147262573,0.0,0.0,0.0,0.0,0.0,0.0,296.89105224609375,17.090091705322266,25.0,19.64114761352539,25.0,17.090091705322266,0.0,1.0,0.6836036682128906,1.0,0.0,0.0,0.0,0.0,0.0,1.7986778616905212,0.6021198773781336,0.7512453484535218,1.194096818141279,0.02,-0.0,-0.001172297899963961,-0.00032230589256422094,0.0,0.15,-0.0,0.0,0.0,-0.0,0.0,0.0,0.0,0.0,0.35,0.0,0.0,0.0,0.0,0.0,0.0,0.0,0.0,0.25,-0.0,-0.956787109375,0.0,0.7986778616905212,-0.0,-0.119598388671875,-0.119598388671875,-0.05,0.545245349407196,0.36349689960479736,0.2,0.0,-0.0,-0.0,-0.0,0.5599999904632569,0.699999988079071,-0.0,0.0,-0.0,-0.0,0.0,0.0,0.0,0.4536144811706618,-0.04500000178813934,-0.0,-0.020903158612909513,0.02,0.0,0.0,0.0,0.0,0.0,0.0,0.36349689960479736,32.66024264428765,32.4,0.7326086850269979,0.0,0.0,0.699999988079071,2.0,3.0,0.0,0.699999988079071,0.0,0.699999988079071,0.0,0.0,0.0,0.0,0.0,0.0,0.0,0.0,0.0,0.0,0.0,1.0,1.0,1.0,0.0,0.0,0.0,0.0,0.0,91.06575775146484,-166.9590301513672,90.9671401977539,-166.65460205078125,-0.0986175537109375,0.3044281005859375,0.320002943277359,1.8840725145770307,-0.30817490816116333,0.9513296484947205,0.0,4.774128437042236,99.42147827148438,0.0,28.0,28.0,28.0,0.0,0.0,0.0,0.0,0.0,1.0,120.0,1.0,0.0,3.0,0.0,3.12,39.722800021991134,0.788999954238534,5.966300028376281,24.353799992240965,10.48689999151975,4.0,5.211899988353252,2.6203999295830727,0.7454000879079103,0.000500003807246685
1,456,456,5.7195869582905345,0,0,2.0,4.0,1.0,1.0,1.0,0.7856459021568298,1.0,1.0,1.0,1.0,0.6836036443710327,1.0,1.0,1.0,0.6836036443710327,1.0,0.7856459021568298,0.6836036443710327,1.0,0.0,0.5829527378082275,-1.0,1.0,-0.9718445539474487,0.46657490730285645,0.4241376221179962,0.0,0.0022192317992448807,0.7317924499511719,0.6815275549888611,0.0,0.0,0.0,0.0,0.0,0.0,296.7701110839844,17.68093490600586,25.0,20.33399200439453,25.0,17.68093490600586,0.0,1.0,0.7072373962402344,1.0,0.0,0.0,0.0,0.0,0.0,1.7932366728782654,1.381549419762093,0.7698008674383163,1.7549999982118607,0.02,-0.0,-0.0009652455631492425,-0.0002544651244997654,0.79061279296875,0.15,-0.0,0.0,0.0,-0.0,0.0,0.0,0.0,0.0,0.35,0.0,0.0,0.0,0.0,0.0,0.0,0.0,0.0,0.25,-0.0,-0.967529296875,0.0,0.7932366728782654,-0.0,-0.120941162109375,-0.120941162109375,-0.05,0.5398008674383163,0.35986724495887756,0.2,0.0,-0.0,-0.0,-0.0,0.8,1.0,-0.0,0.0,-0.0,-0.0,0.0,0.0,0.0,0.4421563374809921,-0.04500000178813934,-0.0,-0.0,0.02,0.0,0.0,0.0,0.0,0.0,0.0,0.35986724495887756,31.835256298631432,32.4,0.0,0.6,0.0,1.0,2.0,4.0,0.0,1.0,0.0,1.0,0.0,0.0,0.0,0.0,0.0,0.0,0.0,0.0,0.0,0.0,0.0,1.0,1.0,1.0,0.0,0.0,0.0,0.0,0.0,90.9671401977539,-166.65460205078125,90.86852264404297,-166.3501739501953,-0.0986175537109375,0.3044281005859375,0.320002943277359,1.8840725145770307,-0.30817490816116333,0.9513297080993652,0.0,4.774128437042236,99.42147827148438,0.0,28.0,28.0,28.0,0.0,0.0,0.0,0.0,0.0,1.0,120.0,1.0,0.0,3.0,0.0,3.16,64.6285000257194,0.681400066241622,8.348500006832182,43.367300066165626,20.05200006533414,4.0,7.4226000579074025,3.601799951866269,1.1754999868571758,0.000400003045797348
1,457,457,4.985463993784197,0,0,2.0,4.0,1.0,1.0,1.0,0.8133596777915955,1.0,1.0,1.0,1.0,0.7072374224662781,1.0,1.0,1.0,0.7072374224662781,1.0,0.8133596777915955,0.7072374224662781,1.0,0.0,0.580085813999176,-1.0,1.0,-0.9721017479896545,0.4547893702983856,-0.7161339521408081,0.0,-0.0012318769004195929,0.7317454814910889,0.6815779805183411,0.0,0.0,0.0,0.0,0.0,0.0,296.6499328613281,17.68093490600586,25.0,20.33399200439453,25.0,17.68093490600586,0.0,1.0,0.7072373962402344,1.0,0.0,0.0,0.0,0.0,0.0,1.7961037158966064,0.5994910036646681,0.7706774580478668,1.7991918161750566,0.02,-0.0,-0.0009652455631492425,-0.0002544651244997654,0.0,0.15,-0.0,0.0,0.0,-0.0,0.0,0.0,0.0,0.0,0.35,0.0,0.0,0.0,0.0,0.0,0.0,0.0,0.0,0.25,-0.0,-0.96142578125,0.0,0.7961037158966064,-0.0,-0.12017822265625,-0.12017822265625,-0.05,0.5406774580478668,0.3604516386985779,0.2,0.0,-0.0,-0.0,-0.0,0.8,1.0,-0.0,0.0,-0.0,-0.0,0.0,0.0,0.0,0.4507107143523172,-0.0,-0.0,-0.0008081838249433477,0.02,0.0,0.0,0.0,0.0,0.0,0.0,0.3604516386985779,32.45117143336684,32.4,1.0,0.0,0.0,1.0,2.0,4.0,0.0,1.0,0.0,1.0,0.0,0.0,0.0,0.0,0.0,0.0,0.0,0.0,0.0,0.0,0.0,1.0,1.0,1.0,0.0,0.0,0.0,0.0,0.0,90.86851501464844,-166.35015869140625,90.7698974609375,-166.0457305908203,-0.0986175537109375,0.3044281005859375,0.320002943277359,1.8840725145770307,-0.30817487835884094,0.9513297080993652,0.0,4.774128437042236,99.42147827148438,0.0,28.0,28.0,28.0,0.0,0.0,0.0,0.0,0.0,1.0,120.0,1.0,0.0,3.0,0.0,3.2,58.832200011238456,0.5982998991385102,8.00970010459423,40.147599996998906,17.233500024303794,4.0,7.015899987891316,2.334600081667304,0.6894000107422471,0.000400003045797348
1,458,458,5.792507107859727,0,0,2.0,4.0,1.0,1.0,1.0,0.8133596777915955,1.0,1.0,1.0,1.0,0.7072374224662781,1.0,1.0,1.0,0.7072374224662781,1.0,0.8133596777915955,0.7072374224662781,1.0,0.0,0.5772161483764648,-1.0,1.0,-0.9723582863807678,0.4635881781578064,0.5346485376358032,0.0,-0.0012318769004195929,0.7319414019584656,0.6813675761222839,0.0,0.0,0.0,0.0,0.0,0.0,296.529541015625,18.3671932220459,25.0,21.02140998840332,25.0,18.3671932220459,0.0,1.0,0.734687728881836,1.0,0.0,0.0,0.0,0.0,0.0,1.7940428256988525,1.4120802360831468,0.7663840460777283,1.8,0.02,-0.0,-0.0008020367702854333,-0.00019338063810952672,0.824437713623047,0.15,-0.0,0.0,0.0,-0.0,0.0,0.0,0.0,0.0,0.35,0.0,0.0,0.0,0.0,0.0,0.0,0.0,0.0,0.25,-0.0,-0.963134765625,0.0,0.7940428256988525,-0.0,-0.120391845703125,-0.120391845703125,-0.05,0.5363840460777283,0.35758936405181885,0.2,0.0,-0.0,-0.0,-0.0,0.8,1.0,-0.0,0.0,-0.0,-0.0,0.0,0.0,0.0,0.4386379398684949,-0.0,-0.0,-0.0,0.02,0.0,0.0,0.0,0.0,0.0,0.0,0.35758936405181885,31.58193167053163,32.4,0.0,0.6,0.0,1.0,2.0,4.0,0.0,1.0,0.0,1.0,0.0,0.0,0.0,0.0,0.0,0.0,0.0,0.0,0.0,0.0,0.0,1.0,1.0,1.0,0.0,0.0,0.0,0.0,0.0,90.7698974609375,-166.04574584960938,90.67127990722656,-165.74131774902344,-0.0986175537109375,0.3044281005859375,0.320002943277359,1.8840725145770307,-0.30817487835884094,0.95132976770401,0.0,4.774128437042236,99.42147827148438,0.0,28.0,28.0,28.0,0.0,0.0,0.0,0.0,0.0,1.0,120.0,1.0,0.0,3.0,0.0,3.24,90.71580006275326,0.6227000849321485,6.83009997010231,71.80619996506721,27.407499961555004,4.0,7.336599985137582,2.775500062853098,1.2957999715581536,0.000900006853044033
1,459,459,5.581650360740379,0,0,2.0,4.0,1.0,1.0,1.0,0.8408563733100891,1.0,1.0,1.0,1.0,0.7346877455711365,1.0,1.0,1.0,0.7346877455711365,1.0,0.8408563733100891,0.7346877455711365,1.0,0.0,0.5743690729141235,-1.0,1.0,-0.9726116061210632,0.4511704444885254,-0.7545484304428101,0.0,-2.127964580722619e-05,0.7318904995918274,0.6814222931861877,0.0,0.0,0.0,0.0,0.0,0.0,296.40911865234375,18.51051902770996,25.0,21.703561782836914,25.0,18.51051902770996,0.0,1.0,0.7404207611083984,1.0,0.0,0.0,0.0,0.0,0.0,1.7943907976150513,1.200074877656654,0.7671846854686737,1.8,0.02,-0.0,-0.0006731357266405775,-0.0001826058751387644,0.6030517578125,0.15,-0.0,0.0,0.0,-0.0,0.0,0.0,0.0,0.0,0.35,0.0,0.0,0.0,0.0,0.0,0.0,0.0,0.0,0.25,-0.0,-0.96337890625,0.0,0.7943907976150513,-0.0,-0.12042236328125,-0.12042236328125,-0.05,0.5371846854686737,0.35812312364578247,0.2,0.0,-0.0,-0.0,-0.0,0.8,1.0,-0.0,0.0,-0.0,-0.0,0.0,0.0,0.0,0.4478788614459336,-0.0,-0.0,-0.0,0.02,0.0,0.0,0.0,0.0,0.0,0.0,0.35812312364578247,32.24727802410722,32.4,1.0,0.0,0.0,1.0,2.0,4.0,0.0,1.0,0.0,1.0,0.0,0.0,0.0,0.0,0.0,0.0,0.0,0.0,0.0,0.0,0.0,1.0,1.0,1.0,0.0,0.0,0.0,0.0,0.0,90.67138671875,-165.7416229248047,90.57276916503906,-165.43719482421875,-0.0986175537109375,0.3044281005859375,0.320002943277359,1.8840725145770307,-0.3081749379634857,0.95132976770401,0.0,4.774128437042236,99.42147827148438,0.0,28.0,28.0,28.0,0.0,0.0,0.0,0.0,0.0,1.0,120.0,1.0,0.0,3.0,0.0,3.28,59.718200005590916,0.8327999385073781,7.806300069205463,38.13169989734888,17.195999971590936,4.0,8.731900015845895,3.2282000174745917,0.941899954341352,0.000600004568696022
1,460,460,4.374283113948437,0,0,2.0,3.0,1.0,1.0,1.0,0.8681424856185913,1.0,1.0,1.0,1.0,0.7404207587242126,1.0,1.0,1.0,0.7404207587242126,1.0,0.8681424856185913,0.7404207587242126,1.0,0.0,0.5715144872665405,-1.0,1.0,-0.97286456823349,0.4606753885746002,0.5775576233863831,0.0,0.0033502138685435057,0.7320530414581299,0.6812476515769958,0.0,0.0,0.0,0.0,0.0,0.0,296.292236328125,18.51051902770996,25.0,21.703561782836914,25.0,18.51051902770996,0.0,1.0,0.7404207611083984,1.0,0.0,0.0,0.0,0.0,0.0,1.8081223368644714,0.6030027435548908,0.751978709101677,1.191179324427398,0.02,-0.0,-0.0006731357266405775,-0.0001826058751387644,0.0,0.15,-0.0,0.0,0.0,-0.0,0.0,0.0,0.0,0.0,0.35,0.0,0.0,0.0,0.0,0.0,0.0,0.0,0.0,0.25,-0.0,-0.93505859375,0.0,0.8081223368644714,-0.0,-0.11688232421875,-0.11688232421875,-0.05,0.5459787100553513,0.3639858067035675,0.2,0.0,-0.0,-0.0,-0.0,0.5599999904632569,0.699999988079071,-0.0,0.0,-0.0,-0.0,0.0,0.0,0.0,0.4538584851566702,-0.04500000178813934,-0.0,-0.02382065232679053,0.02,0.0,0.0,0.0,0.0,0.0,0.0,0.3639858067035675,32.677810931280256,32.4,0.7326086850269979,0.0,0.0,0.699999988079071,2.0,3.0,0.0,0.699999988079071,0.0,0.699999988079071,0.0,0.0,0.0,0.0,0.0,0.0,0.0,0.0,0.0,0.0,0.0,1.0,1.0,1.0,0.0,0.0,0.0,0.0,0.0,90.57282257080078,-165.4373016357422,90.47420501708984,-165.13287353515625,-0.0986175537109375,0.3044281005859375,0.320002943277359,1.8840725145770307,-0.3081749677658081,0.9513296484947205,0.0,4.774128437042236,99.42147827148438,0.0,28.0,28.0,28.0,0.0,0.0,0.0,0.0,0.0,1.0,120.0,1.0,0.0,3.0,0.0,3.32,38.62389991991222,0.7294999668374658,6.908099981956184,21.43740002065897,10.382100008428097,4.0,5.196699989028275,3.4147000405937433,0.8903000270947814,0.000400003045797348
1,461,461,5.763840637612034,0,0,2.0,4.0,1.0,1.0,1.0,0.8681424856185913,1.0,1.0,1.0,1.0,0.7404207587242126,1.0,1.0,1.0,0.7404207587242126,1.0,0.8681424856185913,0.7404207587242126,1.0,0.0,0.5686261653900146,-1.0,1.0,-0.9731204509735107,0.4668258726596832,0.373726487159729,0.0,0.0033502138685435057,0.7320955991744995,0.6812018752098083,0.0,0.0,0.0,0.0,0.0,0.0,296.17364501953125,19.18568229675293,25.0,22.39861488342285,25.0,19.18568229675293,0.0,1.0,0.7674272918701172,1.0,0.0,0.0,0.0,0.0,0.0,1.8007587790489197,1.417512718844106,0.7705691415071487,1.7549999982118607,0.02,-0.0,-0.0005687253478705825,-0.0001393884771998009,0.8261077880859375,0.15,-0.0,0.0,0.0,-0.0,0.0,0.0,0.0,0.0,0.35,0.0,0.0,0.0,0.0,0.0,0.0,0.0,0.0,0.25,-0.0,-0.94873046875,0.0,0.8007587790489197,-0.0,-0.11859130859375,-0.11859130859375,-0.05,0.5405691415071487,0.3603794276714325,0.2,0.0,-0.0,-0.0,-0.0,0.8,1.0,-0.0,0.0,-0.0,-0.0,0.0,0.0,0.0,0.4421130445832387,-0.04500000178813934,-0.0,-0.0,0.02,0.0,0.0,0.0,0.0,0.0,0.0,0.3603794276714325,31.832139209993187,32.4,0.0,0.6,0.0,1.0,2.0,4.0,0.0,1.0,0.0,1.0,0.0,0.0,0.0,0.0,0.0,0.0,0.0,0.0,0.0,0.0,0.0,1.0,1.0,1.0,0.0,0.0,0.0,0.0,0.0,90.47431945800781,-165.13308715820312,90.37570190429688,-164.8286590576172,-0.0986175537109375,0.3044281005859375,0.320002943277359,1.8840725145770307,-0.30817511677742004,0.9513296484947205,0.0,4.774128437042236,99.42147827148438,0.0,28.0,28.0,28.0,0.0,0.0,0.0,0.0,0.0,1.0,120.0,1.0,0.0,3.0,0.0,3.36,61.08230003155768,0.5775999743491411,7.0281000807881355,43.97530003916472,15.704000019468367,4.0,5.591999972239137,3.137800027616322,0.7330999942496419,0.000500003807246685
1,462,462,4.991504124867024,0,0,2.0,4.0,1.0,1.0,1.0,0.8959445953369141,1.0,1.0,1.0,1.0,0.7674272656440735,1.0,1.0,1.0,0.7674272656440735,1.0,0.8959445953369141,0.7674272656440735,1.0,0.0,0.5657573342323303,-1.0,1.0,-0.9733731150627136,0.4547448456287384,-0.7340900301933289,0.0,-0.000451346073532477,0.7320767641067505,0.681222140789032,0.0,0.0,0.0,0.0,0.0,0.0,296.0556335449219,19.18568229675293,25.0,22.39861488342285,25.0,19.18568229675293,0.0,1.0,0.7674272918701172,1.0,0.0,0.0,0.0,0.0,0.0,1.8029481172561646,0.6008088766502861,0.7714291471242904,1.796317983836284,0.02,-0.0,-0.0005687253478705825,-0.0001393884771998009,0.0,0.15,-0.0,0.0,0.0,-0.0,0.0,0.0,0.0,0.0,0.35,0.0,0.0,0.0,0.0,0.0,0.0,0.0,0.0,0.25,-0.0,-0.944091796875,0.0,0.8029481172561646,-0.0,-0.118011474609375,-0.118011474609375,-0.05,0.5414291471242905,0.360952764749527,0.2,0.0,-0.0,-0.0,-0.0,0.8,1.0,-0.0,0.0,-0.0,-0.0,0.0,0.0,0.0,0.4515169904753566,-0.0,-0.0,-0.00368201616371604,0.02,0.0,0.0,0.0,0.0,0.0,0.0,0.360952764749527,32.50922331422567,32.4,1.0,0.0,0.0,1.0,2.0,4.0,0.0,1.0,0.0,1.0,0.0,0.0,0.0,0.0,0.0,0.0,0.0,0.0,0.0,0.0,0.0,1.0,1.0,1.0,0.0,0.0,0.0,0.0,0.0,90.3758544921875,-164.8289337158203,90.27723693847656,-164.52450561523438,-0.0986175537109375,0.3044281005859375,0.320002943277359,1.8840725145770307,-0.30817529559135437,0.9513295888900757,0.0,4.774128437042236,99.42147827148438,0.0,28.0,28.0,28.0,0.0,0.0,0.0,0.0,0.0,1.0,120.0,1.0,0.0,3.0,0.0,3.4,45.312699978239834,0.660700025036931,7.686500088311732,26.75909991376102,13.639100012369454,4.0,6.655499921180308,2.784400014206767,0.7218000246211886,0.000400003045797348
1,463,463,5.186897397359068,0,0,2.0,3.0,1.0,1.0,1.0,0.8959445953369141,1.0,1.0,1.0,1.0,0.7674272656440735,1.0,1.0,1.0,0.7674272656440735,1.0,0.8959445953369141,0.7674272656440735,1.0,0.0,0.5628847479820251,-1.0,1.0,-0.973625123500824,0.4644174873828888,0.5877466201782227,0.0,-0.000451346073532477,0.732189416885376,0.6811010837554932,0.0,0.0,0.0,0.0,0.0,0.0,295.9369812011719,19.855581283569336,25.0,23.087696075439453,25.0,19.855581283569336,0.0,1.0,0.7942232513427734,1.0,0.0,0.0,0.0,0.0,0.0,1.799834966659546,1.4089378062087847,0.7431246477365494,1.2149999767541886,0.02,-0.0,-0.00048654035975455,-0.0001066236388764556,0.8192245483398438,0.15,-0.0,0.0,0.0,-0.0,0.0,0.0,0.0,0.0,0.35,0.0,0.0,0.0,0.0,0.0,0.0,0.0,0.0,0.25,-0.0,-0.94921875,0.0,0.7998349666595459,-0.0,-0.11865234375,-0.11865234375,-0.05,0.5371246486902237,0.3580830991268158,0.2,0.0,-0.0,-0.0,-0.0,0.5599999904632569,0.699999988079071,-0.0,0.0,-0.0,-0.0,0.0,0.0,0.0,0.44030642186757185,-0.04500000178813934,-0.0,-0.0,0.02,0.0,0.0,0.0,0.0,0.0,0.0,0.3580830991268158,31.70206237446517,32.4,0.0,0.6,0.0,0.699999988079071,2.0,3.0,0.0,0.699999988079071,0.0,0.699999988079071,0.0,0.0,0.0,0.0,0.0,0.0,0.0,0.0,0.0,0.0,0.0,1.0,1.0,1.0,0.0,0.0,0.0,0.0,0.0,90.27742767333984,-164.52484130859375,90.1788101196289,-164.2204132080078,-0.0986175537109375,0.3044281005859375,0.320002943277359,1.8840725145770307,-0.30817556381225586,0.9513294696807861,0.0,4.774128437042236,99.42147827148438,0.0,28.0,28.0,28.0,0.0,0.0,0.0,0.0,0.0,1.0,120.0,1.0,0.0,3.0,0.0,3.44,93.74180005397648,0.5532000213861465,7.409699959680438,71.73550000879914,27.532199979759753,4.0,10.098200058564544,3.0346999410539865,0.8672000840306282,0.000400003045797348
1,464,464,4.943591273591088,0,0,2.0,4.0,1.0,1.0,1.0,0.9235078692436218,1.0,1.0,1.0,1.0,0.7942232489585876,1.0,1.0,1.0,0.7942232489585876,1.0,0.9235078692436218,0.7942232489585876,1.0,0.0,0.5600324273109436,-1.0,1.0,-0.9738741517066956,0.4528866112232208,-0.7006605267524719,0.0,-0.0009306991123594344,0.7321493625640869,0.681144118309021,0.0,0.0,0.0,0.0,0.0,0.0,295.8191223144531,19.855581283569336,25.0,23.087696075439453,25.0,19.855581283569336,0.0,1.0,0.7942232513427734,1.0,0.0,0.0,0.0,0.0,0.0,1.802960216999054,0.5975445248337266,0.7680865335464477,1.7549999982118607,0.02,-0.0,-0.00048654035975455,-0.0001066236388764556,0.0,0.15,-0.0,0.0,0.0,-0.0,0.0,0.0,0.0,0.0,0.35,0.0,0.0,0.0,0.0,0.0,0.0,0.0,0.0,0.25,-0.0,-0.94287109375,0.0,0.802960216999054,-0.0,-0.11785888671875,-0.11785888671875,-0.05,0.5380865335464478,0.35872435569763184,0.2,0.0,-0.0,-0.0,-0.0,0.8,1.0,-0.0,0.0,-0.0,-0.0,0.0,0.0,0.0,0.4481376888323576,-0.04500000178813934,-0.0,-0.0,0.02,0.0,0.0,0.0,0.0,0.0,0.0,0.35872435569763184,32.265913595929746,32.4,1.0,0.0,0.0,1.0,2.0,4.0,0.0,1.0,0.0,1.0,0.0,0.0,0.0,0.0,0.0,0.0,0.0,0.0,0.0,0.0,0.0,1.0,1.0,1.0,0.0,0.0,0.0,0.0,0.0,90.17902374267578,-164.22079467773438,90.08040618896484,-163.91636657714844,-0.0986175537109375,0.3044281005859375,0.320002943277359,1.8840725145770307,-0.30817586183547974,0.9513294100761414,0.0,4.774128437042236,99.42147827148438,0.0,28.0,28.0,28.0,0.0,0.0,0.0,0.0,0.0,1.0,120.0,1.0,0.0,3.0,0.0,3.48,39.16169994045049,0.7062000222504139,7.211599964648485,21.752499975264072,12.642799993045628,4.0,6.4613999566063285,2.4832000490278006,0.5116999382153153,0.000700005330145359
1,465,465,4.9779312915197895,0,0,2.0,3.0,1.0,1.0,1.0,0.9235078692436218,1.0,1.0,1.0,1.0,0.7942232489585876,1.0,1.0,1.0,0.7942232489585876,1.0,0.9235078692436218,0.7942232489585876,1.0,0.0,0.5571771264076233,-1.0,1.0,-0.9741224646568298,0.4609416127204895,0.4894541800022125,0.0,-0.0009306991123594344,0.7323346138000488,0.6809449791908264,0.0,0.0,0.0,0.0,0.0,0.0,295.7052307128906,19.99949073791504,25.0,23.770959854125977,25.0,19.99949073791504,0.0,1.0,0.7999796295166015,1.0,0.0,0.0,0.0,0.0,0.0,1.818776249885559,1.208476724765942,0.7529164093732834,1.1777619074950056,0.02,-0.0,-0.0004217126290119592,-0.0001006592910666092,0.6041748046875001,0.15,-0.0,0.0,0.0,-0.0,0.0,0.0,0.0,0.0,0.35,0.0,0.0,0.0,0.0,0.0,0.0,0.0,0.0,0.25,-0.0,-0.9111328125,0.0,0.8187762498855591,-0.0,-0.1138916015625,-0.1138916015625,-0.05,0.5469164103269577,0.3646109402179718,0.2,0.0,-0.0,-0.0,-0.0,0.5599999904632569,0.699999988079071,-0.0,0.0,-0.0,-0.0,0.0,0.0,0.0,0.4548242919985206,-0.04500000178813934,-0.0,-0.03723806925918299,0.02,0.0,0.0,0.0,0.0,0.0,0.0,0.3646109402179718,32.74734902389348,32.4,0.7326086850269979,0.0,0.0,0.699999988079071,2.0,3.0,0.0,0.699999988079071,0.0,0.699999988079071,0.0,0.0,0.0,0.0,0.0,0.0,0.0,0.0,0.0,0.0,0.0,1.0,1.0,1.0,0.0,0.0,0.0,0.0,0.0,90.08061981201172,-163.916748046875,89.98200225830078,-163.61231994628906,-0.0986175537109375,0.3044281005859375,0.320002943277359,1.8840725145770307,-0.3081761598587036,0.9513293504714966,0.0,4.774128437042236,99.42147827148438,0.0,28.0,28.0,28.0,0.0,0.0,0.0,0.0,0.0,1.0,120.0,1.0,0.0,3.0,0.0,3.52,61.425199965015054,0.5399000365287066,6.62709993775934,41.91779997199774,27.331999968737364,4.0,8.162699989043176,3.3180000027641654,0.8215999696403742,0.000400003045797348
1,466,466,5.249306487199644,0,0,2.0,3.0,1.0,1.0,1.0,0.9508383870124817,1.0,1.0,1.0,1.0,0.7999796271324158,1.0,1.0,1.0,0.7999796271324158,1.0,0.9508383870124817,0.7999796271324158,1.0,0.0,0.5542906522750854,-1.0,1.0,-0.974373459815979,0.4678192734718323,0.41791269183158875,0.0,0.0025515886954963207,0.7324212789535522,0.6808516979217529,0.0,0.0,0.0,0.0,0.0,0.0,295.58935546875,20.656856536865234,25.0,24.464250564575195,25.0,20.656856536865234,0.0,1.0,0.8262742614746094,1.0,0.0,0.0,0.0,0.0,0.0,1.8111146688461304,1.4107131621807616,0.7474786776304245,1.259999978542328,0.02,-0.0,-0.00036941557880771725,-7.738516835338041e-05,0.8175788879394532,0.15,-0.0,0.0,0.0,-0.0,0.0,0.0,0.0,0.0,0.35,0.0,0.0,0.0,0.0,0.0,0.0,0.0,0.0,0.25,-0.0,-0.927001953125,0.0,0.8111146688461304,-0.0,-0.115875244140625,-0.115875244140625,-0.05,0.5414786785840988,0.36098578572273254,0.2,0.0,-0.0,-0.0,-0.0,0.5599999904632569,0.699999988079071,-0.0,0.0,-0.0,-0.0,0.0,0.0,0.0,0.4435810749884695,-0.0,-0.0,-0.0,0.02,0.0,0.0,0.0,0.0,0.0,0.0,0.36098578572273254,31.937837399169805,32.4,0.0,0.6,0.0,0.699999988079071,2.0,3.0,0.0,0.699999988079071,0.0,0.699999988079071,0.0,0.0,0.0,0.0,0.0,0.0,0.0,0.0,0.0,0.0,0.0,1.0,1.0,1.0,0.0,0.0,0.0,0.0,0.0,89.9822006225586,-163.6126708984375,89.88358306884766,-163.30824279785156,-0.0986175537109375,0.3044281005859375,0.320002943277359,1.8840725145770307,-0.3081764578819275,0.951329231262207,0.0,4.774128437042236,99.42147827148438,0.0,28.0,28.0,28.0,0.0,0.0,0.0,0.0,0.0,1.0,120.0,1.0,0.0,3.0,0.0,3.56,61.669800081290305,0.6802000571042299,6.686099921353161,43.30630006734282,20.802599960006773,4.0,6.518200039863586,3.5309999948367476,0.9036000119522214,0.000500003807246685
1,467,467,4.954991975666977,0,0,2.0,4.0,1.0,1.0,1.0,0.9785700440406799,1.0,1.0,1.0,1.0,0.8262742757797241,1.0,1.0,1.0,0.8262742757797241,1.0,0.9785700440406799,0.8262742757797241,1.0,0.0,0.5514229536056519,-1.0,1.0,-0.9746212363243103,0.4562548100948334,-0.7027010917663574,0.0,-0.00010351302626077086,0.7324003577232361,0.680874228477478,0.0,0.0,0.0,0.0,0.0,0.0,295.47369384765625,20.656856536865234,25.0,24.464250564575195,25.0,20.656856536865234,0.0,1.0,0.8262742614746094,1.0,0.0,0.0,0.0,0.0,0.0,1.8118407130241394,0.6014506503294955,0.7724611270427704,1.7492394852705722,0.02,-0.0,-0.00036941557880771725,-7.738516835338041e-05,0.0,0.15,-0.0,0.0,0.0,-0.0,0.0,0.0,0.0,0.0,0.35,0.0,0.0,0.0,0.0,0.0,0.0,0.0,0.0,0.25,-0.0,-0.92529296875,0.0,0.8118407130241394,-0.0,-0.11566162109375,-0.11566162109375,-0.05,0.5424611270427704,0.3616407513618469,0.2,0.0,-0.0,-0.0,-0.0,0.8,1.0,-0.0,0.0,-0.0,-0.0,0.0,0.0,0.0,0.45189745107665663,-0.04500000178813934,-0.0,-0.0057605129412884514,0.02,0.0,0.0,0.0,0.0,0.0,0.0,0.3616407513618469,32.536616477519274,32.4,1.0,0.0,0.0,1.0,2.0,4.0,0.0,1.0,0.0,1.0,0.0,0.0,0.0,0.0,0.0,0.0,0.0,0.0,0.0,0.0,0.0,1.0,1.0,1.0,0.0,0.0,0.0,0.0,0.0,89.88375091552734,-163.30853271484375,89.7851333618164,-163.0041046142578,-0.0986175537109375,0.3044281005859375,0.320002943277359,1.8840725145770307,-0.3081766366958618,0.9513290524482727,0.0,4.774128437042236,99.42147827148438,0.0,28.0,28.0,28.0,0.0,0.0,0.0,0.0,0.0,1.0,120.0,1.0,0.0,3.0,0.0,3.6,41.74010001588613,0.5415000487118959,7.840699981898069,20.90849995147437,9.193799924105406,4.0,8.138100034557283,3.366700024344027,0.9082999313250184,0.000400003045797348
1,468,468,7.226406179440242,0,0,2.0,4.0,1.0,1.0,1.0,0.9785700440406799,1.0,1.0,1.0,1.0,0.8262742757797241,1.0,1.0,1.0,0.8262742757797241,1.0,0.9785700440406799,0.8262742757797241,1.0,0.0,0.5485475063323975,-1.0,1.0,-0.9748687148094177,0.4648088216781616,0.5197734832763672,0.0,-0.00010351302626077086,0.7324947714805603,0.6807726621627808,0.0,0.0,0.0,0.0,0.0,0.0,295.35675048828125,21.311241149902344,25.0,25.0,25.0,21.311241149902344,0.0,1.0,0.8524496459960937,1.0,0.0,0.0,0.0,0.0,0.0,1.8071197271347046,1.2810889200093571,2.3181975322961805,1.8,0.02,-0.0,-0.00033651726698731967,-5.95634001309652e-05,0.6903533935546875,0.15,-0.0,0.0,0.0,-0.0,0.0,0.0,0.0,0.0,0.35,0.0,0.0,0.0,0.0,0.0,0.0,0.0,0.0,0.25,-0.0,-0.935546875,0.0,0.8071197271347046,-0.0,-0.116943359375,-0.116943359375,1.5,0.5381975322961807,0.3587983548641205,0.2,0.0,-0.0,-0.0,-0.0,0.8,1.0,-0.0,0.0,-0.0,-0.0,0.0,0.0,0.0,0.441131607121788,-0.0,-0.0,-0.0,0.02,0.0,0.0,0.0,0.0,0.0,0.0,0.3587983548641205,31.761475712768735,32.4,0.0,0.6,0.0,1.0,2.0,4.0,0.0,1.0,0.0,1.0,0.0,0.0,0.0,0.0,0.0,0.0,0.0,0.0,0.0,0.0,0.0,1.0,1.0,1.0,0.0,0.0,0.0,0.0,0.0,89.7852783203125,-163.0043487548828,89.68666076660156,-162.69992065429688,-0.0986175537109375,0.3044281005859375,0.320002943277359,1.8840725145770307,-0.3081768751144409,0.9513290524482727,0.0,4.774128437042236,99.42147827148438,0.0,28.0,28.0,28.0,0.0,0.0,0.0,0.0,0.0,1.0,120.0,1.0,0.0,3.0,0.0,3.64,97.95450000092387,0.7351000094786286,8.674899931065738,55.90000003576279,25.36359999794513,4.0,28.58899999409914,3.351900028064847,0.6572999991476536,0.000400003045797348
1,469,469,4.382926329082844,0,0,2.0,3.0,1.0,1.0,1.0,1.0,1.0,1.0,1.0,1.0,0.8524496555328369,1.0,1.0,1.0,0.8524496555328369,1.0,1.0,0.8524496555328369,1.0,0.0,0.5456886291503906,-1.0,1.0,-0.9751133322715759,0.4537353813648224,-0.6728652715682983,0.0,-0.0006722945254296064,0.7324712872505188,0.6807979345321655,0.0,0.0,0.0,0.0,0.0,0.0,295.239990234375,21.311241149902344,25.0,25.0,25.0,21.311241149902344,0.0,1.0,0.8524496459960937,1.0,0.0,0.0,0.0,0.0,0.0,1.8075727224349976,0.5967110922998164,0.7436425375938416,1.2149999767541886,0.02,-0.0,-0.00033651726698731967,-5.95634001309652e-05,0.0,0.15,-0.0,0.0,0.0,-0.0,0.0,0.0,0.0,0.0,0.35,0.0,0.0,0.0,0.0,0.0,0.0,0.0,0.0,0.25,-0.0,-0.93408203125,0.0,0.8075727224349976,-0.0,-0.11676025390625,-0.11676025390625,-0.05,0.5376425385475159,0.35842835903167725,0.2,0.0,-0.0,-0.0,-0.0,0.5599999904632569,0.699999988079071,-0.0,0.0,-0.0,-0.0,0.0,0.0,0.0,0.44710717296693475,-0.04500000178813934,-0.0,-0.0,0.02,0.0,0.0,0.0,0.0,0.0,0.0,0.35842835903167725,32.1917164536193,32.4,0.7326086850269979,0.0,0.0,0.699999988079071,2.0,3.0,0.0,0.699999988079071,0.0,0.699999988079071,0.0,0.0,0.0,0.0,0.0,0.0,0.0,0.0,0.0,0.0,0.0,1.0,1.0,1.0,0.0,0.0,0.0,0.0,0.0,89.68678283691406,-162.7001190185547,89.58816528320312,-162.39569091796875,-0.0986175537109375,0.3044281005859375,0.320002943277359,1.8840725145770307,-0.30817708373069763,0.9513289332389832,0.0,4.774128437042236,99.42147827148438,0.0,28.0,28.0,28.0,0.0,0.0,0.0,0.0,0.0,1.0,120.0,1.0,0.0,3.0,0.0,3.68,44.146900065243244,0.8035000646486878,6.770999985747039,24.88090004771948,13.831300078891218,4.0,7.10719998460263,3.420300083234906,1.1332000140100718,0.000300002284348011
1,470,470,4.698719082712672,0,0,2.0,3.0,1.0,1.0,1.0,1.0,1.0,1.0,1.0,1.0,0.8524496555328369,1.0,1.0,1.0,0.8524496555328369,1.0,1.0,0.8524496555328369,1.0,0.0,0.5428317785263062,-1.0,1.0,-0.9753568172454834,0.45988166332244873,0.3734728693962097,0.0,-0.0006722945254296064,0.7325603365898132,0.6807020902633667,0.0,0.0,0.0,0.0,0.0,0.0,295.1268310546875,21.96135711669922,25.0,25.0,25.0,21.96135711669922,0.0,1.0,0.8784542846679687,1.0,0.0,0.0,0.0,0.0,0.0,1.8220640420913696,0.8630001350899562,0.7514631885290146,1.242191717002332,0.02,-0.0,-0.00033651726698731967,-4.5924323798732126e-05,0.26004638671875,0.15,-0.0,0.0,0.0,-0.0,0.0,0.0,0.0,0.0,0.35,0.0,0.0,0.0,0.0,0.0,0.0,0.0,0.0,0.25,-0.0,-0.9052734375,0.0,0.8220640420913696,-0.0,-0.1131591796875,-0.1131591796875,-0.05,0.5454631894826889,0.3636421263217926,0.2,0.0,-0.0,-0.0,-0.0,0.5599999904632569,0.699999988079071,-0.0,0.0,-0.0,-0.0,0.0,0.0,0.0,0.4533361899619922,-0.0,-0.0,-0.017808261539995884,0.02,0.0,0.0,0.0,0.0,0.0,0.0,0.3636421263217926,32.64020567726344,32.4,0.7326086850269979,0.0,0.0,0.699999988079071,2.0,3.0,0.0,0.699999988079071,0.0,0.699999988079071,0.0,0.0,0.0,0.0,0.0,0.0,0.0,0.0,0.0,0.0,0.0,1.0,1.0,1.0,0.0,0.0,0.0,0.0,0.0,89.58827209472656,-162.39585876464844,89.48965454101562,-162.0914306640625,-0.0986175537109375,0.3044281005859375,0.320002943277359,1.8840725145770307,-0.30817726254463196,0.9513289332389832,0.0,4.774128437042236,99.42147827148438,0.0,28.0,28.0,28.0,0.0,0.0,0.0,0.0,0.0,1.0,120.0,1.0,0.0,3.0,0.0,3.72,73.10749997850507,0.6444000173360109,8.099600090645254,50.255500013008714,20.322600030340254,4.0,7.286899955943227,3.9615000132471323,2.812199993059039,0.000400003045797348
1,471,471,4.435110646270901,0,0,2.0,3.0,1.0,1.0,1.0,1.0,1.0,1.0,1.0,1.0,0.8784542679786682,1.0,1.0,1.0,0.8784542679786682,1.0,1.0,0.8784542679786682,1.0,0.0,0.5399477481842041,-1.0,1.0,-0.9756022691726685,0.46628865599632263,0.38931354880332947,0.0,0.0022687839809805155,0.7326712608337402,0.6805827021598816,0.0,0.0,0.0,0.0,0.0,0.0,295.01263427734375,21.96135711669922,25.0,25.0,25.0,21.96135711669922,0.0,1.0,0.8784542846679687,1.0,0.0,0.0,0.0,0.0,0.0,1.8175384402275085,0.591491517209202,0.7460807102918625,1.259999978542328,0.02,-0.0,-0.00033651726698731967,-4.5924323798732126e-05,0.0,0.15,-0.0,0.0,0.0,-0.0,0.0,0.0,0.0,0.0,0.35,0.0,0.0,0.0,0.0,0.0,0.0,0.0,0.0,0.25,-0.0,-0.91357421875,0.0,0.8175384402275085,-0.0,-0.11419677734375,-0.11419677734375,-0.05,0.5400807112455368,0.36005380749702454,0.2,0.0,-0.0,-0.0,-0.0,0.5599999904632569,0.699999988079071,-0.0,0.0,-0.0,-0.0,0.0,0.0,0.0,0.44187395879998803,-0.0,-0.0,-0.0,0.02,0.0,0.0,0.0,0.0,0.0,0.0,0.36005380749702454,31.81492503359914,32.4,0.0,0.6,0.0,0.699999988079071,2.0,3.0,0.0,0.699999988079071,0.0,0.699999988079071,0.0,0.0,0.0,0.0,0.0,0.0,0.0,0.0,0.0,0.0,0.0,1.0,1.0,1.0,0.0,0.0,0.0,0.0,0.0,89.48975372314453,-162.0915985107422,89.3911361694336,-161.78717041015625,-0.0986175537109375,0.3044281005859375,0.320002943277359,1.8840725145770307,-0.3081774413585663,0.9513289332389832,0.0,4.774128437042236,99.42147827148438,0.0,28.0,28.0,28.0,0.0,0.0,0.0,0.0,0.0,1.0,120.0,1.0,0.0,3.0,0.0,3.76,43.56940009165555,0.8027000585570931,9.075099951587617,26.426900061778724,12.901299982331693,4.0,3.7672000471502542,2.755699912086129,0.7012001005932689,0.000600004568696022
1,472,472,5.0299362912828816,0,0,2.0,4.0,1.0,1.0,1.0,1.0,1.0,1.0,1.0,1.0,0.8784542679786682,1.0,1.0,1.0,0.8784542679786682,1.0,1.0,0.8784542679786682,1.0,0.0,0.5370883941650391,-1.0,1.0,-0.9758442640304565,0.45449891686439514,-0.7163894772529602,0.0,0.0022687839809805155,0.7326332330703735,0.6806236505508423,0.0,0.0,0.0,0.0,0.0,0.0,294.8987121582031,22.128934860229492,25.0,25.0,25.0,22.128934860229492,0.0,1.0,0.8851573944091797,1.0,0.0,0.0,0.0,0.0,0.0,1.8185112476348877,0.6678792091120039,0.7709569442272186,1.7525888903087719,0.02,-0.0,-0.00033651726698731967,-4.2946871683877e-05,0.06703109741210937,0.15,-0.0,0.0,0.0,-0.0,0.0,0.0,0.0,0.0,0.35,0.0,0.0,0.0,0.0,0.0,0.0,0.0,0.0,0.25,-0.0,-0.911376953125,0.0,0.8185112476348877,-0.0,-0.113922119140625,-0.113922119140625,-0.05,0.5409569442272186,0.36063796281814575,0.2,0.0,-0.0,-0.0,-0.0,0.8,1.0,-0.0,0.0,-0.0,-0.0,0.0,0.0,0.0,0.4512275758385658,-0.04500000178813934,-0.0,-0.002411107903088877,0.02,0.0,0.0,0.0,0.0,0.0,0.0,0.36063796281814575,32.48838546037674,32.4,1.0,0.0,0.0,1.0,2.0,4.0,0.0,1.0,0.0,1.0,0.0,0.0,0.0,0.0,0.0,0.0,0.0,0.0,0.0,0.0,0.0,1.0,1.0,1.0,0.0,0.0,0.0,0.0,0.0,89.3912353515625,-161.78733825683594,89.29261779785156,-161.48291015625,-0.0986175537109375,0.3044281005859375,0.320002943277359,1.8840725145770307,-0.30817756056785583,0.9513288140296936,0.0,4.774128437042236,99.42147827148438,0.0,28.0,28.0,28.0,0.0,0.0,0.0,0.0,0.0,1.0,120.0,1.0,0.0,3.0,0.0,3.8,63.27809998765588,0.5788999842479825,6.64370006415993,44.21850002836436,27.807199978269637,4.0,7.591200061142445,3.4034999553114176,0.8065999718382955,0.000400003045797348
1,473,473,5.243943065761064,0,0,2.0,4.0,1.0,1.0,1.0,1.0,1.0,1.0,1.0,1.0,0.8851574063301086,1.0,1.0,1.0,0.8851574063301086,1.0,1.0,0.8851574063301086,1.0,0.0,0.5342226624488831,-1.0,1.0,-0.9760858416557312,0.4641197919845581,0.5846010446548462,0.0,0.0021410291083157063,0.7327779531478882,0.6804678440093994,0.0,0.0,0.0,0.0,0.0,0.0,294.7834167480469,22.76606559753418,25.0,25.0,25.0,22.76606559753418,0.0,1.0,0.9106426239013672,1.0,0.0,0.0,0.0,0.0,0.0,1.81305730342865,0.8442288461909044,0.76665691614151,1.8,0.02,-0.0,-0.00033651726698731967,-3.3285155427066885e-05,0.254852294921875,0.15,-0.0,0.0,0.0,-0.0,0.0,0.0,0.0,0.0,0.35,0.0,0.0,0.0,0.0,0.0,0.0,0.0,0.0,0.25,-0.0,-0.92236328125,0.0,0.8130573034286499,-0.0,-0.11529541015625,-0.11529541015625,-0.05,0.53665691614151,0.35777127742767334,0.2,0.0,-0.0,-0.0,-0.0,0.8,1.0,-0.0,0.0,-0.0,-0.0,0.0,0.0,0.0,0.4397463536914439,-0.0,-0.0,-0.0,0.02,0.0,0.0,0.0,0.0,0.0,0.0,0.35777127742767334,31.661737465783958,32.4,0.0,0.6,0.0,1.0,2.0,4.0,0.0,1.0,0.0,1.0,0.0,0.0,0.0,0.0,0.0,0.0,0.0,0.0,0.0,0.0,0.0,1.0,1.0,1.0,0.0,0.0,0.0,0.0,0.0,89.292724609375,-161.48309326171875,89.19410705566406,-161.1786651611328,-0.0986175537109375,0.3044281005859375,0.320002943277359,1.8840725145770307,-0.3081777095794678,0.9513288140296936,0.0,4.774128437042236,99.42147827148438,0.0,28.0,28.0,28.0,0.0,0.0,0.0,0.0,0.0,1.0,120.0,1.0,0.0,3.0,0.0,3.84,81.56530000269413,0.5042999982833862,7.240399951115251,60.65430003218353,42.794000008143485,4.0,8.900700020603836,3.459000028669834,0.7608999731019139,0.000500003807246685
1,474,474,4.384266084448841,0,0,2.0,3.0,1.0,1.0,1.0,1.0,1.0,1.0,1.0,1.0,0.9106426239013672,1.0,1.0,1.0,0.9106426239013672,1.0,1.0,0.9106426239013672,1.0,0.0,0.5313727855682373,-1.0,1.0,-0.9763246178627014,0.4523105323314667,-0.7175763845443726,0.0,-0.00035313187981955707,0.7327534556388855,0.6804941892623901,0.0,0.0,0.0,0.0,0.0,0.0,294.6679992675781,22.76606559753418,25.0,25.0,25.0,22.76606559753418,0.0,1.0,0.9106426239013672,1.0,0.0,0.0,0.0,0.0,0.0,1.812097430229187,0.5949826240701946,0.7421860533952713,1.2149999767541886,0.02,-0.0,-0.00033651726698731967,-3.3285155427066885e-05,0.0,0.15,-0.0,0.0,0.0,-0.0,0.0,0.0,0.0,0.0,0.35,0.0,0.0,0.0,0.0,0.0,0.0,0.0,0.0,0.25,-0.0,-0.92333984375,0.0,0.812097430229187,-0.0,-0.11541748046875,-0.11541748046875,-0.05,0.5361860543489456,0.35745736956596375,0.2,0.0,-0.0,-0.0,-0.0,0.5599999904632569,0.699999988079071,-0.0,0.0,-0.0,-0.0,0.0,0.0,0.0,0.4453524264926091,-0.04500000178813934,-0.0,-0.0,0.02,0.0,0.0,0.0,0.0,0.0,0.0,0.35745736956596375,32.06537470746785,32.4,0.7326086850269979,0.0,0.0,0.699999988079071,2.0,3.0,0.0,0.699999988079071,0.0,0.699999988079071,0.0,0.0,0.0,0.0,0.0,0.0,0.0,0.0,0.0,0.0,0.0,1.0,1.0,1.0,0.0,0.0,0.0,0.0,0.0,89.19422149658203,-161.17886352539062,89.0956039428711,-160.8744354248047,-0.0986175537109375,0.3044281005859375,0.320002943277359,1.8840725145770307,-0.3081778585910797,0.951328694820404,0.0,4.774128437042236,99.42147827148438,0.0,28.0,28.0,28.0,0.0,0.0,0.0,0.0,0.0,1.0,120.0,1.0,0.0,3.0,0.0,3.88,35.96839995589107,0.6443999009206891,7.552499999292195,18.6225000070408,7.950700004585087,4.0,5.439299973659217,3.0110999941825867,0.6591000128537416,0.000400003045797348
1,475,475,4.702473149330111,0,0,2.0,3.0,1.0,1.0,1.0,1.0,1.0,1.0,1.0,1.0,0.9106426239013672,1.0,1.0,1.0,0.9106426239013672,1.0,1.0,0.9106426239013672,1.0,0.0,0.5285218358039856,-1.0,1.0,-0.9765624403953552,0.4580767750740051,0.3503795564174652,0.0,-0.00035313187981955707,0.7328113317489624,0.6804319024085999,0.0,0.0,0.0,0.0,0.0,0.0,294.55596923828125,23.402267456054688,25.0,25.0,25.0,23.402267456054688,0.0,1.0,0.9360906982421875,1.0,0.0,0.0,0.0,0.0,0.0,1.8255865573883057,0.8565773381352253,0.7499833244085312,1.250325929398049,0.02,-0.0,-0.00033651726698731967,-2.5806612852985824e-05,0.25448074340820315,0.15,-0.0,0.0,0.0,-0.0,0.0,0.0,0.0,0.0,0.35,0.0,0.0,0.0,0.0,0.0,0.0,0.0,0.0,0.25,-0.0,-0.896240234375,0.0,0.8255865573883057,-0.0,-0.112030029296875,-0.112030029296875,-0.05,0.5439833253622055,0.36265555024147034,0.2,0.0,-0.0,-0.0,-0.0,0.5599999904632569,0.699999988079071,-0.0,0.0,-0.0,-0.0,0.0,0.0,0.0,0.45245891860686244,-0.0,-0.0,-0.009674049144278805,0.02,0.0,0.0,0.0,0.0,0.0,0.0,0.36265555024147034,32.57704213969409,32.4,0.7326086850269979,0.0,0.0,0.699999988079071,2.0,3.0,0.0,0.699999988079071,0.0,0.699999988079071,0.0,0.0,0.0,0.0,0.0,0.0,0.0,0.0,0.0,0.0,0.0,1.0,1.0,1.0,0.0,0.0,0.0,0.0,0.0,89.0957260131836,-160.87464904785156,88.99710845947266,-160.57022094726562,-0.0986175537109375,0.3044281005859375,0.320002943277359,1.8840725145770307,-0.30817803740501404,0.951328694820404,0.0,4.774128437042236,99.42147827148438,0.0,28.0,28.0,28.0,0.0,0.0,0.0,0.0,0.0,1.0,120.0,1.0,0.0,3.0,0.0,3.92,57.968599954620004,0.6787999300286174,5.840800004079938,42.14290005620569,18.013700027950108,4.0,5.048600025475025,3.171399934217334,1.0400000028312206,0.000400003045797348
1,476,476,4.436257962646318,0,0,2.0,3.0,1.0,1.0,1.0,1.0,1.0,1.0,1.0,1.0,0.9360907077789307,1.0,1.0,1.0,0.9360907077789307,1.0,1.0,0.9360907077789307,1.0,0.0,0.5256421566009521,-1.0,1.0,-0.9768023490905762,0.4653863310813904,0.444155752658844,0.0,0.0010218335082754493,0.7328774333000183,0.6803606748580933,0.0,0.0,0.0,0.0,0.0,0.0,294.4425964355469,23.402267456054688,25.0,25.0,25.0,23.402267456054688,0.0,1.0,0.9360906982421875,1.0,0.0,0.0,0.0,0.0,0.0,1.8199810981750488,0.591713143648935,0.7445637422800064,1.259999978542328,0.02,-0.0,-0.00033651726698731967,-2.5806612852985824e-05,0.0,0.15,-0.0,0.0,0.0,-0.0,0.0,0.0,0.0,0.0,0.35,0.0,0.0,0.0,0.0,0.0,0.0,0.0,0.0,0.25,-0.0,-0.906982421875,0.0,0.8199810981750488,-0.0,-0.113372802734375,-0.113372802734375,-0.05,0.5385637432336807,0.3590424954891205,0.2,0.0,-0.0,-0.0,-0.0,0.5599999904632569,0.699999988079071,-0.0,0.0,-0.0,-0.0,0.0,0.0,0.0,0.44207546752877536,-0.0,-0.0,-0.0,0.02,0.0,0.0,0.0,0.0,0.0,0.0,0.3590424954891205,31.829433662071825,32.4,0.0,0.6,0.0,0.699999988079071,2.0,3.0,0.0,0.699999988079071,0.0,0.699999988079071,0.0,0.0,0.0,0.0,0.0,0.0,0.0,0.0,0.0,0.0,0.0,1.0,1.0,1.0,0.0,0.0,0.0,0.0,0.0,88.99723815917969,-160.57044982910156,88.89862060546875,-160.26602172851562,-0.0986175537109375,0.3044281005859375,0.320002943277359,1.8840725145770307,-0.30817821621894836,0.9513286352157593,0.0,4.774128437042236,99.42147827148438,0.0,28.0,28.0,28.0,0.0,0.0,0.0,0.0,0.0,1.0,120.0,1.0,0.0,3.0,0.0,3.96,40.33469990827143,0.5035999929532409,6.401199963875115,24.538800003938377,12.027899967506528,4.0,5.449100048281252,2.696199924685061,0.7012999849393964,0.000600004568696022
