episode,episode_step,global_step,reward,terminated,truncated,model_steering,model_drive,obs_lidar_00,obs_lidar_01,obs_lidar_02,obs_lidar_03,obs_lidar_04,obs_lidar_05,obs_lidar_06,obs_lidar_07,obs_lidar_08,obs_lidar_09,obs_lidar_10,obs_lidar_11,obs_lidar_min,obs_front_lidar_min,obs_left_lidar_min,obs_back_lidar_min,obs_right_lidar_min,obs_vision_visible,obs_pursuer_dx,obs_pursuer_dy,obs_pursuer_distance,obs_pursuer_sin_bearing,obs_ego_speed,obs_ego_acceleration,obs_ego_steering,obs_ego_yaw_rate,obs_ego_heading_sin,obs_ego_heading_cos,obs_ego_touch,obs_avoidance_front_risk,obs_avoidance_danger_delta,obs_avoidance_turn_direction,obs_avoidance_heading_progress,obs_avoidance_heading_remaining,distance_to_pursuer,obstacle_distance,front_obstacle_distance,left_obstacle_distance,right_obstacle_distance,back_obstacle_distance,front_corridor_risk,obstacle_risk_escape_scale,min_lidar,front_lidar,pursuer_visible,front_pursuer_visible,left_pursuer_visible,right_pursuer_visible,back_pursuer_visible,pursuer_reward_total,obstacle_reward_total,movement_reward_total,stability_reward_total,survival_reward_total,front_obstacle_penalty,side_obstacle_penalty,back_obstacle_penalty,obstacle_clearance_delta_reward,obstacle_collision_free_reward,back_approach_penalty,front_blocked_speed_penalty,front_blocked_drive_penalty,front_blocked_straight_penalty,front_blocked_brake_reward,obstacle_action_reward,obstacle_action_penalty,obstacle_target_steering,obstacle_target_drive,obstacle_steering_error,obstacle_drive_error,obstacle_turn_commitment_reward,obstacle_turn_switch_penalty,obstacle_turn_progress_reward,obstacle_wrong_heading_penalty,obstacle_insufficient_turn_penalty,obstacle_heading_progress,obstacle_heading_goal,obstacle_safety_intervention_penalty,moving_away_reward,visual_moving_away_reward,radial_escape_reward,tangential_orbit_penalty,raw_distance_delta,distance_delta,exploration_reward,movement_reward,rewarded_moved_distance,still_penalty,obstacle_stall_penalty,fast_turn_penalty,tight_turn_penalty,long_curve_penalty,straight_drive_reward,clear_path_straight_reward,unnecessary_turn_penalty,avoidance_turn_reward,over_avoidance_turn_penalty,clear_front_turn_penalty,straighten_reward,turn_towards_obstacle_penalty,turn_towards_visible_pursuer_penalty,path_prediction_reward,action_smoothness_penalty,tilt_penalty,overspeed_penalty,survival_reward,captured,obstacle_collision,rollover,touch_contact,raw_touch_sensor_contact,touch_collision_plausible,moved_distance,speed_kmh,target_speed,throttle,brake,policy_steering,policy_drive,policy_steering_index,policy_drive_index,quantized_steering,quantized_drive,applied_steering,applied_drive,current_steering,steering_direction_streak,obstacle_turn_direction,obstacle_safety_active,obstacle_safety_action_delta,evader_steering_target,evader_steering_command_target,evader_steering_stabilization_active,evader_steering_stabilization_delta,evader_steering_commit_direction,evader_steering_commit_steps_left,pursuer_avoidance_active,pursuer_avoidance_obstacle_count,pursuer_avoidance_side,pursuer_avoidance_commit_steps_left,pursuer_return_to_chase_steps_left,pursuer_contact_active,pursuer_contact_source,pursuer_contact_memory_steps_left,pursuer_x,pursuer_y,pursuer_next_x,pursuer_next_y,pursuer_move_x,pursuer_move_y,pursuer_move_distance,pursuer_heading,pursuer_guidance_x,pursuer_guidance_y,pursuer_knows_exact_position,pursuer_target_x,pursuer_target_y,pursuer_lidar_avoidance_active,pursuer_lidar_front_distance,pursuer_lidar_left_distance,pursuer_lidar_right_distance,pursuer_lidar_danger_count,pursuer_planner_active,pursuer_planner_path_length,pursuer_planner_replan,pursuer_planner_stuck_recovery,pursuer_count,pursuer_direct_chase_hold_steps_left,pursuer_behavior_limited,pursuer_line_of_sight,pursuer_info_mode,pursuer_hint_refresh,pursuer_hint_age_seconds,timing_total_ms,timing_control_ms,timing_pursuer_ms,timing_webots_ms,timing_webots_max_step_ms,timing_webots_steps,timing_observation_ms,timing_reward_ms,timing_finish_ms,timing_display_ms
1,1,1,-9.066484272913456,0,0,1.0,4.0,1.0,0.7710287570953369,0.18353228271007538,1.0,1.0,1.0,0.8865848779678345,1.0,1.0,0.14232349395751953,0.1399233341217041,0.15078134834766388,0.1399233341217041,0.18353228271007538,1.0,0.8865848779678345,0.1399233341217041,1.0,0.011580303311347961,0.8056653738021851,0.8057486414909363,0.9998967051506042,-7.675859592382039e-07,-4.6641507651656866e-05,0.0,-0.020573485642671585,0.004126009531319141,-0.9999914765357971,0.0,0.16412070393562317,-0.3159632384777069,-1.0,-0.0,1.0,96.68840026855469,3.5003767013549805,4.581317901611328,25.0,3.5003767013549805,22.22189712524414,0.16459494829177856,0.8354050517082214,0.14001506805419922,0.18325271606445312,1.0,1.0,0.0,0.0,0.0,-0.48971774076946345,-5.420973666893143,-3.0474313259538937,-0.10836153929695605,0.0,-0.6592994928359985,-0.21812314568828906,-4.1379223355307914e-05,0.02264828681945801,0.15,-0.0,0.0,0.0,-4.16,0.0,0.3617838341904797,-0.2535145436220347,-0.2576082319021225,0.0,0.25019678527658634,0.0,0.0,-0.0,0.00034560573387703566,-0.0,-0.1647728322672802,0.001297282433079694,0.35698671638965607,-0.0,-0.011474609375,0.003671213606139645,0.006611045624396905,-0.0,-0.001434326171875,-0.001434326171875,-0.05,0.002568674046106209,0.0019910018891096115,-3.0,-0.5,-0.0003793513756053788,-0.0,-0.0,0.0,0.0,-0.0,0.043093950098211105,-0.0,-0.0,0.0,0.0,0.0,0.0,-0.15107613801956177,-0.0,-0.0,0.0,0.0,0.0,0.0,0.0,0.0,0.0,0.0019910018891096115,0.3688138373941183,32.4,1.0,0.0,-0.25,1.0,1.0,4.0,-0.25,1.0,-0.11999999731779099,1.0,-0.12,1.0,-1.0,0.0,0.0,-0.25,-0.25,1.0,0.13,-1.0,8.0,0.0,0.0,0.0,0.0,0.0,0.0,0.0,0.0,0.0,0.0,0.0,0.0,0.0,0.0,0.0,0.0,0.0,0.0,0.0,0.0,0.0,0.0,28.0,28.0,28.0,0.0,0.0,0.0,0.0,0.0,1.0,0.0,1.0,0.0,0.0,0.0,0.04,100.8731999900192,0.6898000137880445,0.0011998927220702171,90.44010005891323,54.91949990391731,4.0,4.799700109288096,3.674200037494302,1.2107000220566988,0.00100000761449337
1,2,2,-3.309596046483897,0,0,1.0,4.0,1.0,0.7714704275131226,0.1832527220249176,1.0,1.0,1.0,0.8888759016990662,1.0,1.0,0.1423451453447342,0.14001506567001343,0.1510479599237442,0.14001506567001343,0.1832527220249176,1.0,0.8888759016990662,0.14001506567001343,1.0,0.011560317128896713,0.8056536912918091,0.8057366609573364,0.9998970627784729,0.00526876887306571,0.3201509118080139,-0.2181818187236786,-0.014802406542003155,0.005423277150839567,-0.9999852776527405,0.0,0.16459494829177856,-0.3164404034614563,-1.0,0.0036339794751256704,0.996366024017334,96.68553924560547,3.5003767013549805,4.581317901611328,25.0,3.5003767013549805,22.22189712524414,0.16459494829177856,0.8354050517082214,0.14001506805419922,0.18325271606445312,1.0,1.0,0.0,0.0,0.0,-0.49810453475352195,-1.277058468426246,-1.495351293319968,-0.039081749984161224,0.0,-0.6592994928359985,-0.21812314568828906,-4.1379223355307914e-05,0.0,0.15,-0.0,0.0,0.0,-0.3200000000000011,0.0,0.4670576622862762,-0.03243950462086192,-0.2576082319021225,0.0,0.03201496709476821,0.0,0.0,-0.0,0.0004280696867712767,-0.0,-0.1646406780307876,0.0015825592285696466,0.35698671638965607,-0.0,-0.02288818359375,0.0,0.0018954652464780591,-0.0,-0.00286102294921875,-0.00286102294921875,1.5,0.00464870668003195,0.0036032535135746002,-3.0,-0.5,-0.0009974249566708294,-0.0,-0.0,0.0,0.0,-0.0,0.04937848448753357,-0.06946280991735532,-0.0,0.0,0.0,0.0,0.0,-0.017999999597668646,-0.0,-0.0,0.0,0.0,0.0,0.0,0.0,0.0,0.0,0.0036032535135746002,0.4848593539372087,32.4,1.0,0.0,-0.25,1.0,1.0,4.0,-0.25,1.0,-0.23999999463558197,1.0,-0.24,2.0,-1.0,0.0,0.0,-0.25,-0.25,1.0,0.010000000000000009,-1.0,8.0,0.0,0.0,0.0,0.0,0.0,0.0,0.0,0.0,0.0,0.0,0.0,0.0,0.0,0.0,0.0,0.0,0.0,0.0,0.0,0.0,0.0,0.0,28.0,28.0,28.0,0.0,0.0,0.0,0.0,0.0,1.0,0.0,1.0,0.0,0.0,0.0,0.08,41.6321000084281,0.7554999319836497,0.001200009137392044,33.077900065109134,20.423800102435052,4.0,4.565199953503907,2.4571999674662948,0.7247000467032194,0.001700012944638729
1,3,3,-4.007709099332599,0,0,1.0,4.0,1.0,0.7714704275131226,0.1832527220249176,1.0,1.0,1.0,0.8888759016990662,1.0,1.0,0.1423451453447342,0.14001506567001343,0.1510479599237442,0.14001506567001343,0.1832527220249176,1.0,0.8888759016990662,0.14001506567001343,1.0,0.011571617797017097,0.8056297302246094,0.8057128190994263,0.9998968839645386,0.006926562171429396,0.10073395818471909,-0.4363636374473572,-0.014802406542003155,0.00570854963734746,-0.9999837279319763,0.0,0.16459494829177856,-0.3164404034614563,-1.0,0.004433103837072849,0.9955669045448303,96.68450927734375,3.5011074542999268,4.5789947509765625,25.0,3.5011074542999268,22.235448837280273,0.1647682636976242,0.8352317363023758,0.14004429817199707,0.1831597900390625,1.0,1.0,0.0,0.0,0.0,-0.4993756383261516,-0.4303890340175461,-3.0403784211099696,-0.03756600587893157,0.0,-0.6604408621788025,-0.21807006176189717,-4.115552647054064e-05,0.005308341979980469,0.15,-0.0,0.0,0.0,-0.0,0.0,0.476496838894603,-0.01414970680558994,-0.25766889229416845,0.0,0.013943440534851727,0.0,0.48323479451631246,-0.0,0.00043596008071599156,-0.0,-0.16495169028306494,0.001537018816940794,0.3570993714034557,-0.0,-0.00823974609375,0.0,0.0006243616738484097,-0.0,-0.00102996826171875,-0.00102996826171875,-0.05,0.009621578890030244,0.007459048181772232,-3.0,-0.5,-0.0018187982331429207,-0.0,-0.0,0.0,0.0,-0.0,0.04943047910928726,-0.08367768595041321,-0.0,0.0,0.0,0.0,0.01178850706666708,-0.0015000008046627043,-0.0,-0.0,0.0,0.0,0.0,0.0,0.0,0.0,0.0,0.007459048181772232,0.8487725088000297,32.4,1.0,0.0,-0.25,1.0,1.0,4.0,-0.25,1.0,-0.25,1.0,-0.25,3.0,-1.0,0.0,0.0,-0.25,-0.25,0.0,0.0,-1.0,8.0,0.0,0.0,0.0,0.0,0.0,0.0,0.0,0.0,0.0,0.0,0.0,0.0,0.0,0.0,0.0,0.0,0.0,0.0,0.0,0.0,0.0,0.0,28.0,28.0,28.0,0.0,0.0,0.0,0.0,0.0,1.0,0.0,1.0,0.0,0.0,0.0,0.12,101.46310005802661,0.7072000298649073,0.000600004568696022,90.87079996243119,41.44160007126629,4.0,5.551300011575222,3.5155999939888716,0.7754999678581953,0.000400003045797348
1,4,4,-4.002700311767337,0,0,1.0,4.0,1.0,0.768851101398468,0.18315978348255157,1.0,1.0,1.0,0.8894179463386536,1.0,1.0,0.14235281944274902,0.14004430174827576,0.1511378437280655,0.14004430174827576,0.18315978348255157,1.0,0.8894179463386536,0.14004430174827576,1.0,0.01162953581660986,0.8056203126907349,0.8057042360305786,0.9998958110809326,0.012125321663916111,0.3158968389034271,-0.4545454680919647,-0.001965139526873827,0.005663009826093912,-0.9999839663505554,0.0,0.1647682636976242,-0.3166012465953827,-1.0,0.004304176662117243,0.9956958293914795,96.68344116210938,3.499713182449341,4.579535961151123,25.0,3.499713182449341,22.23625373840332,0.16468806564807892,0.8353119343519211,0.13998852729797362,0.18318143844604493,1.0,1.0,0.0,0.0,0.0,-0.4998814722723096,-0.43032555884306317,-3.0356979237494746,-0.03679535690248957,0.0,-0.6599735617637634,-0.2181713567489633,-4.114227815158209e-05,0.0012370681762695311,0.15,-0.0,0.0,0.0,-0.0,0.0,0.47618851597528533,-0.01408806534017749,-0.2576408229768276,0.0,0.013892405412413836,0.0,0.48289711851822703,-0.0,0.00030963377881719994,-0.0,-0.16504361594347708,0.0010493370079975863,0.3570472426712513,-0.0,-0.008544921875,0.0,0.00011852772769038993,-0.0,-0.001068115234375,-0.001068115234375,-0.05,0.014302076250525375,0.011086685582995415,-3.0,-0.5,-0.002524090646500034,-0.0,-0.0,0.0,0.0,-0.0,0.04940641969442367,-0.08367768595041321,-0.0,0.0,0.0,0.0,0.016359846782870592,-0.0,-0.0,-0.0,0.0,0.0,0.0,0.0,0.0,0.0,0.0,0.011086685582995415,1.1779089683666826,32.4,1.0,0.0,-0.25,1.0,1.0,4.0,-0.25,1.0,-0.25,1.0,-0.25,4.0,-1.0,0.0,0.0,-0.25,-0.25,0.0,0.0,-1.0,8.0,0.0,0.0,0.0,0.0,0.0,0.0,0.0,0.0,0.0,0.0,0.0,0.0,0.0,0.0,0.0,0.0,0.0,0.0,0.0,0.0,0.0,0.0,28.0,28.0,28.0,0.0,0.0,0.0,0.0,0.0,1.0,0.0,1.0,0.0,0.0,0.0,0.16,73.2354000210762,0.6631999276578426,0.000500003807246685,62.94249999336898,30.890800058841705,4.0,5.236499942839146,3.5731999669224024,0.7761000888422132,0.000400003045797348
1,5,5,-3.9964931127082353,0,0,1.0,4.0,1.0,0.7704393267631531,0.18318143486976624,1.0,1.0,1.0,0.8894501328468323,1.0,1.0,0.14231008291244507,0.13998852670192719,0.15104076266288757,0.13998852670192719,0.18318143486976624,1.0,0.8894501328468323,0.13998852670192719,1.0,0.011718347668647766,0.8056100606918335,0.8056953549385071,0.9998942017555237,0.01682727038860321,0.2857087254524231,-0.4545454680919647,0.007997280918061733,0.005175335332751274,-0.9999865889549255,0.0,0.16468806564807892,-0.31653764843940735,-1.0,0.0029389304108917713,0.9970610737800598,96.68248748779297,3.499713182449341,4.579535961151123,25.0,3.499713182449341,22.23625373840332,0.16468806564807892,0.8353119343519211,0.13998852729797362,0.18318143844604493,1.0,1.0,0.0,0.0,0.0,-0.49980223688643105,-0.42803606228107116,-3.0312152423917413,-0.03743957114899145,0.0,-0.6599735617637634,-0.2181713567489633,-4.114227815158209e-05,0.0,0.15,-0.0,0.0,0.0,-0.0,0.0,0.47618851597528533,-0.01408806534017749,-0.2576408229768276,0.0,0.013892405412413836,0.0,0.48289711851822703,-0.0,5.849556828502358e-05,-0.0,-0.16544137570349182,0.00019137203484254073,0.3570472426712513,-0.0,-0.00762939453125,0.0,0.0001977631135689599,-0.0,-0.00095367431640625,-0.00095367431640625,-0.05,0.018784757608258876,0.014561571180820465,-3.0,-0.5,-0.0031683048930019136,-0.0,-0.0,0.0,0.0,-0.0,0.04940641969442367,-0.08367768595041321,-0.0,0.0,0.0,0.0,0.020535309491679074,-0.0,-0.0,-0.0,0.0,0.0,0.0,0.0,0.0,0.0,0.0,0.014561571180820465,1.4785422834008932,32.4,1.0,0.0,-0.25,1.0,1.0,4.0,-0.25,1.0,-0.25,1.0,-0.25,5.0,-1.0,0.0,0.0,-0.25,-0.25,0.0,0.0,-1.0,8.0,0.0,0.0,0.0,0.0,0.0,0.0,0.0,0.0,0.0,0.0,0.0,0.0,0.0,0.0,0.0,0.0,0.0,0.0,0.0,0.0,0.0,0.0,28.0,28.0,28.0,0.0,0.0,0.0,0.0,0.0,1.0,0.0,1.0,0.0,0.0,0.0,0.2,21.456100046634674,0.745300087146461,0.000500003807246685,11.160499998368323,7.35169998370111,4.0,4.802100011147559,3.7942000199109316,0.9248999413102865,0.000400003045797348
1,6,6,-4.0258442986881,0,0,1.0,4.0,1.0,0.7704393267631531,0.18318143486976624,1.0,1.0,1.0,0.8894501328468323,1.0,1.0,0.14231008291244507,0.13998852670192719,0.15104076266288757,0.13998852670192719,0.18318143486976624,1.0,0.8894501328468323,0.13998852670192719,1.0,0.01183959562331438,0.8056004047393799,0.8056873679161072,0.999891996383667,0.021122032776474953,0.260966420173645,-0.4545454680919647,0.007997280918061733,0.0043173800222575665,-0.999990701675415,0.0,0.16468806564807892,-0.31653764843940735,-1.0,0.0005359851638786495,0.9994640350341797,96.68195343017578,3.4977102279663086,4.583221435546875,25.0,3.4977102279663086,22.210222244262695,0.16438661515712738,0.8356133848428726,0.13990840911865235,0.183328857421875,1.0,1.0,0.0,0.0,0.0,-0.5156076926832468,-0.4452871655138565,-3.02681699565705,-0.03813244483394695,0.0,-0.6580131649971008,-0.2183169554423759,-4.157291427008628e-05,0.005568704605102539,0.15,-0.026031494140625,0.0,0.0,-0.0,0.0,0.47502927559456487,-0.013857013167066447,-0.25753531530499457,0.0,0.013700573281808312,0.0,0.48162785329316793,-0.0,0.0,-0.0006685689460896986,-0.16502423311648207,-0.001007522608619471,0.3568512998521328,-0.0,-0.0042724609375,-0.01611328125,0.0005055885667531925,-0.0,-0.0005340576171875,-0.0005340576171875,-0.05,0.023183004342950172,0.0179656520485878,-3.0,-0.5,-0.0037707434306719473,-0.0,-0.0,0.0,0.0,-0.0,0.04931598454713821,-0.08367768595041321,-0.0,0.0,0.0,0.0,0.02444000371731818,-0.0,-0.0,-0.0,0.0,0.0,0.0,0.0,0.0,0.0,0.0,0.0179656520485878,1.7596802676469088,32.4,1.0,0.0,-0.25,1.0,1.0,4.0,-0.25,1.0,-0.25,1.0,-0.25,6.0,-1.0,0.0,0.0,-0.25,-0.25,0.0,0.0,-1.0,8.0,0.0,0.0,0.0,0.0,0.0,0.0,0.0,0.0,0.0,0.0,0.0,0.0,0.0,0.0,0.0,0.0,0.0,0.0,0.0,0.0,0.0,0.0,28.0,28.0,28.0,0.0,0.0,0.0,0.0,0.0,1.0,0.0,1.0,0.0,0.0,0.0,0.24,67.0125000178814,0.7071000291034579,0.000600004568696022,57.5675000436604,30.05449997726828,4.0,4.708899999968708,3.1518000178039074,0.7916999747976661,0.000400003045797348
1,7,7,-3.982171080371875,0,0,1.0,4.0,1.0,0.7725301384925842,0.18332885205745697,1.0,1.0,1.0,0.888408899307251,1.0,1.0,0.14226984977722168,0.13990840315818787,0.15084537863731384,0.13990840315818787,0.18332885205745697,1.0,0.888408899307251,0.13990840315818787,1.0,0.011991280131042004,0.8055936694145203,0.8056829571723938,0.9998892545700073,0.025138288736343384,0.24404339492321014,-0.4545454680919647,0.01548795122653246,0.0031184935942292213,-0.9999951124191284,0.0,0.16438661515712738,-0.316263347864151,-1.0,-0.0028233681805431843,1.0,96.68192291259766,3.4977102279663086,4.583221435546875,25.0,3.4977102279663086,22.210222244262695,0.16438661515712738,0.8356133848428726,0.13990840911865235,0.183328857421875,1.0,1.0,0.0,0.0,0.0,-0.49901822598100753,-0.4220194063456209,-3.02241134954767,-0.03872209849757688,0.0,-0.6580131649971008,-0.2183169554423759,-4.157291427008628e-05,0.0,0.15,-0.0,0.0,0.0,-0.0,0.0,0.47502927559456487,-0.013857013167066447,-0.25753531530499457,0.0,0.013700573281808312,0.0,0.48162785329316793,-0.0,0.0,-0.001685428614681685,-0.16502423311648207,-0.0025215381351126886,0.3568512998521328,-0.0,-0.000244140625,0.0,0.0009817740189924443,-0.0,-3.0517578125e-05,-3.0517578125e-05,-0.05,0.027588650452329933,0.021379804238677025,-3.0,-0.5,-0.00436039709430188,-0.0,-0.0,0.0,0.0,-0.0,0.04931598454713821,-0.08367768595041321,-0.0,0.0,0.0,0.0,0.028261833018623297,-0.0,-0.0,-0.0,0.0,0.0,0.0,0.0,0.0,0.0,0.0,0.021379804238677025,2.0348519773408773,32.4,1.0,0.0,-0.25,1.0,1.0,4.0,-0.25,1.0,-0.25,1.0,-0.25,7.0,-1.0,0.0,0.0,-0.25,-0.25,0.0,0.0,-1.0,8.0,0.0,0.0,0.0,0.0,0.0,0.0,0.0,0.0,0.0,0.0,0.0,0.0,0.0,0.0,0.0,0.0,0.0,0.0,0.0,0.0,0.0,0.0,28.0,28.0,28.0,0.0,0.0,0.0,0.0,0.0,1.0,0.0,1.0,0.0,0.0,0.0,0.28,38.51880005095154,0.5922000855207443,0.000600004568696022,29.979899991303682,24.926000041887164,4.0,4.305899958126247,2.7881000423803926,0.8087999885901809,0.000400003045797348
1,8,8,-4.079343576411339,0,0,1.0,4.0,1.0,0.7725301384925842,0.18332885205745697,1.0,1.0,1.0,0.888408899307251,1.0,1.0,0.14226984977722168,0.13990840315818787,0.15084537863731384,0.13990840315818787,0.18332885205745697,1.0,0.888408899307251,0.13990840315818787,1.0,0.012171666137874126,0.8055907487869263,0.8056827187538147,0.9998858571052551,0.029069313779473305,0.23886433243751526,-0.4545454680919647,0.01548795122653246,0.0016044824151322246,-0.9999986886978149,0.0,0.16438661515712738,-0.316263347864151,-1.0,-0.007066075224429369,1.0,96.68248748779297,3.4956793785095215,4.590538024902344,25.0,3.4956793785095215,22.08836555480957,0.16391459107398987,0.8360854089260101,0.13982717514038087,0.18362152099609375,1.0,1.0,0.0,0.0,0.0,-0.4886256099026181,-0.5333250132466621,-3.017912848028511,-0.03948010523354781,0.0,-0.654504656791687,-0.2184646811589874,-4.364948709058492e-05,0.0070780754089355465,0.15,-0.121856689453125,0.0,0.0,-0.0,0.0,0.4732131091273116,-0.01349727611845072,-0.25737010687589645,0.0,0.013400194319811733,0.0,0.47964038346943105,-0.0,0.0,-0.0029137646738356944,-0.16423287860372032,-0.004340700125389919,0.3565444841980934,-0.0,0.0018881323321693344,0.009797875885851681,0.001576514211530218,-0.0,0.0005645751953125,0.0005645751953125,-0.05,0.032087151971488904,0.024854322895407677,-3.0,-0.5,-0.004976796605331558,-0.0,-0.0,0.0,0.0,-0.0,0.04917437732219696,-0.08367768595041321,-0.0,0.0,0.0,0.0,0.0322570150345564,-0.0,-0.0,-0.0,0.0,0.0,0.0,0.0,0.0,0.0,0.0,0.024854322895407677,2.3225050824880604,32.4,1.0,0.0,-0.25,1.0,1.0,4.0,-0.25,1.0,-0.25,1.0,-0.25,8.0,-1.0,0.0,0.0,-0.25,-0.25,0.0,0.0,-1.0,8.0,0.0,0.0,0.0,0.0,0.0,0.0,0.0,0.0,0.0,0.0,0.0,0.0,0.0,0.0,0.0,0.0,0.0,0.0,0.0,0.0,0.0,0.0,28.0,28.0,28.0,0.0,0.0,0.0,0.0,0.0,1.0,0.0,1.0,0.0,0.0,0.0,0.32,55.99979998078197,0.7122999522835016,0.000700005330145359,46.06640001293272,23.769799969159067,4.0,5.037799943238497,3.424700000323355,0.7179999956861138,0.000500003807246685
1,9,9,-3.9717069737833186,0,0,1.0,4.0,1.0,0.7679653763771057,0.18362152576446533,1.0,1.0,1.0,0.8835346102714539,1.0,1.0,0.14226451516151428,0.1398271769285202,0.1505991369485855,0.1398271769285202,0.18362152576446533,1.0,0.8835346102714539,0.1398271769285202,1.0,0.012379704043269157,0.8055922985076904,0.8056873679161072,0.9998819231987,0.03317864239215851,0.24969887733459473,-0.4545454680919647,0.022213926538825035,-0.00021467884653247893,-1.0,0.0,0.16391459107398987,-0.31577590107917786,-1.0,-0.012174357660114765,1.0,96.68372344970703,3.4956793785095215,4.590538024902344,25.0,3.4956793785095215,22.08836555480957,0.16391459107398987,0.8360854089260101,0.13982717514038087,0.18362152099609375,1.0,1.0,0.0,0.0,0.0,-0.49777562464907954,-0.4156484753305474,-3.0133420561934128,-0.04494081761027913,0.0,-0.654504656791687,-0.2184646811589874,-4.364948709058492e-05,0.0,0.15,-0.0,0.0,0.0,-0.0,0.0,0.4732131091273116,-0.01349727611845072,-0.25737010687589645,0.0,0.013400194319811733,0.0,0.47964038346943105,-0.0,0.0,-0.00437973041230522,-0.16423287860372032,-0.006471522958390953,0.3565444841980934,-0.0,0.004133478889343678,0.0,0.002224375350920439,-0.0,0.0012359619140625,0.0012359619140625,-0.05,0.03665794380658712,0.028394803404808044,-3.0,-0.5,-0.0056500824309353315,-0.0,-0.004787426551127547,0.0,0.0,-0.0,0.04917437732219696,-0.08367768595041321,-0.0,0.0,0.0,0.0,0.03662090464495123,-0.0,-0.0,-0.0,0.0,0.0,0.0,0.0,0.0,0.0,0.0,0.028394803404808044,2.6367051344364882,32.4,1.0,0.0,-0.25,1.0,1.0,4.0,-0.25,1.0,-0.25,1.0,-0.25,9.0,-1.0,0.0,0.0,-0.25,-0.25,0.0,0.0,-1.0,8.0,0.0,0.0,0.0,0.0,0.0,0.0,0.0,0.0,0.0,0.0,0.0,0.0,0.0,0.0,0.0,0.0,0.0,0.0,0.0,0.0,0.0,0.0,28.0,28.0,28.0,0.0,0.0,0.0,0.0,0.0,1.0,0.0,1.0,0.0,0.0,0.0,0.36,26.816600002348423,0.6336999358609319,0.000500003807246685,18.438900006003678,14.69760003965348,4.0,4.176400019787252,2.8195999329909682,0.7226000307127833,0.000400003045797348
1,10,10,-4.141475821080443,0,0,1.0,4.0,1.0,0.7679653763771057,0.18362152576446533,1.0,1.0,1.0,0.8835346102714539,1.0,1.0,0.14226451516151428,0.1398271769285202,0.1505991369485855,0.1398271769285202,0.18362152576446533,1.0,0.8835346102714539,0.1398271769285202,1.0,0.012614650651812553,0.8055989742279053,0.8056976795196533,0.9998774528503418,0.03766721487045288,0.2727431058883667,-0.4545454680919647,0.022213926538825035,-0.0023454995825886726,-0.9999972581863403,0.0,0.16391459107398987,-0.31577590107917786,-1.0,-0.018150674179196358,1.0,96.68547821044922,3.494173049926758,4.601705074310303,25.0,3.494173049926758,21.916168212890625,0.16319821774959564,0.8368017822504044,0.1397669219970703,0.1840682029724121,1.0,1.0,0.0,0.0,0.0,-0.5088408851230785,-0.5720034779548766,-3.0086928871113754,-0.05193857089111292,0.0,-0.6494059562683105,-0.21857431739497174,-4.676197948052289e-05,0.01182149887084961,0.15,-0.1721973419189453,0.0,0.0,-0.0,0.0,0.47045450000803646,-0.012956106926916566,-0.2571193762123585,0.0,0.012944320386106316,0.0,0.47662407473513957,-0.0,0.0,-0.006065364345313142,-0.16303361689047,-0.008928055486040943,0.3560788415372372,-0.0,0.005873547665942169,-0.01171875,0.0028778648769215848,-0.0,0.0017547607421875,0.0017547607421875,-0.05,0.041307112888624486,0.031973373144865036,-3.0,-0.5,-0.006383712469706578,-0.0,-0.010836637795871833,0.0,0.0,-0.0,0.048959465324878694,-0.08367768595041321,-0.0,0.0,0.0,0.0,0.0413759141555056,-0.0,-0.0,-0.0,0.0,0.0,0.0,0.0,0.0,0.0,0.0,0.031973373144865036,2.9790658191964035,32.4,1.0,0.0,-0.25,1.0,1.0,4.0,-0.25,1.0,-0.25,1.0,-0.25,10.0,-1.0,0.0,0.0,-0.25,-0.25,0.0,0.0,-1.0,8.0,0.0,0.0,0.0,0.0,0.0,0.0,0.0,0.0,0.0,0.0,0.0,0.0,0.0,0.0,0.0,0.0,0.0,0.0,0.0,0.0,0.0,0.0,28.0,28.0,28.0,0.0,0.0,0.0,0.0,0.0,1.0,0.0,1.0,0.0,0.0,0.0,0.4,41.6554999537766,0.43869996443390846,0.000500003807246685,33.51059998385608,23.421999998390675,4.0,3.48169996868819,3.603899967856705,0.5937999812886119,0.000300002284348011
1,11,11,-4.500994528351063,0,0,1.0,4.0,1.0,0.7665235996246338,0.1840682029724121,1.0,1.0,1.0,0.8766467571258545,1.0,1.0,0.14230851829051971,0.13976691663265228,0.15032173693180084,0.13976691663265228,0.1840682029724121,1.0,0.8766467571258545,0.13976691663265228,1.0,0.012876867316663265,0.805609405040741,0.8057123422622681,0.9998722672462463,0.042558081448078156,0.2971881031990051,-0.4545454680919647,0.029122743755578995,-0.004802015610039234,-0.9999884963035583,0.0,0.16319821774959564,-0.31505849957466125,-1.0,-0.025073254480957985,1.0,96.6874008178711,3.493129014968872,4.616845607757568,25.0,3.493129014968872,21.702394485473633,0.13761593401432037,0.8623840659856796,0.1397251605987549,0.18467382431030274,1.0,1.0,0.0,0.0,0.0,-0.4900526378868097,-0.7516992689694357,-3.002911077002851,-0.2563315444919667,0.0,-0.64263516664505,-0.21865033847576917,-5.093651021492655e-05,0.01732935905456543,0.15,-0.2137737274169922,0.0,0.0,-0.0,0.0,0.36890919584977,-0.0,-0.25,0.0,0.0,0.0,0.36890919584977,-0.0,0.0,-0.00652481611464507,-0.12158795839281686,-0.01172093440040658,0.33945035710930827,-0.0,0.0066321040230832295,0.006316289545793552,0.0036310725673967606,-0.0,0.001922607421875,0.001922607421875,-0.05,0.047088922997148945,0.03555116057395935,-3.0,-0.5,-0.007155142534071845,-0.0,-0.019350270608444135,0.0,0.0,-0.0,0.0170443307651704,-0.24687046211462116,-0.0,0.0,0.0,0.0,0.04637592383194714,-0.0,-0.0,-0.0,0.0,0.0,0.0,0.0,0.0,0.0,0.0,0.03555116057395935,3.3390665159001944,32.4,1.0,0.0,-0.25,1.0,1.0,4.0,-0.25,1.0,-0.25,1.0,-0.25,11.0,-1.0,0.0,0.0,-0.25,-0.25,0.0,0.0,-1.0,8.0,0.0,0.0,0.0,0.0,0.0,0.0,0.0,0.0,0.0,0.0,0.0,0.0,0.0,0.0,0.0,0.0,0.0,0.0,0.0,0.0,0.0,0.0,28.0,28.0,28.0,0.0,0.0,0.0,0.0,0.0,1.0,0.0,1.0,0.0,0.0,0.0,0.44,53.723899996839464,0.5630999803543091,0.000500003807246685,46.26870003994554,24.49109998997301,4.0,3.6164000630378723,2.5738999247550964,0.6619000341743231,0.000400003045797348
1,12,12,-4.312367146582528,0,0,1.0,4.0,1.0,0.764920711517334,0.18467383086681366,1.0,1.0,1.0,0.8680957555770874,1.0,1.0,0.14240041375160217,0.13972516357898712,0.15000689029693604,0.13972516357898712,0.18467383086681366,1.0,0.8680957555770874,0.13972516357898712,1.0,0.013167890720069408,0.8056207299232483,0.8057283163070679,0.9998664259910583,0.047700949013233185,0.31250059604644775,-0.4545454680919647,0.03656516596674919,-0.007594840135425329,-0.9999711513519287,0.0,0.13761593401432037,-0.29111847281455994,-1.0,-0.03452915698289871,1.0,96.68920135498047,3.493129014968872,4.616845607757568,25.0,3.493129014968872,21.702394485473633,0.13761593401432037,0.8623840659856796,0.1397251605987549,0.18467382431030274,1.0,1.0,0.0,0.0,0.0,-0.4957633071353981,-0.5520248402126618,-2.998201381399937,-0.26637761783453107,0.0,-0.64263516664505,-0.21865033847576917,-5.093651021492655e-05,0.0,0.15,-0.0,0.0,0.0,-0.0,0.0,0.36890919584977,-0.0,-0.25,0.0,0.0,0.0,0.36890919584977,-0.0,0.0,-0.008355125711995344,-0.12158795839281686,-0.014871102071002862,0.33945035710930827,-0.0,0.006211018053363659,0.0,0.0042366928646018695,-0.0,0.001800537109375,0.001800537109375,-0.05,0.05179861860006301,0.039106883108615875,-3.0,-0.5,-0.007935885332790868,-0.0,-0.028615601152289425,0.0,0.0,-0.0,0.0170443307651704,-0.24687046211462116,-0.0,0.0,0.0,0.0,0.05143629382364452,-0.0,-0.0,-0.0,0.0,0.0,0.0,0.0,0.0,0.0,0.0,0.039106883108615875,3.7034131553024054,32.4,1.0,0.0,-0.25,1.0,1.0,4.0,-0.25,1.0,-0.25,1.0,-0.25,12.0,-1.0,0.0,0.0,-0.25,-0.25,0.0,0.0,-1.0,8.0,0.0,0.0,0.0,0.0,0.0,0.0,0.0,0.0,0.0,0.0,0.0,0.0,0.0,0.0,0.0,0.0,0.0,0.0,0.0,0.0,0.0,0.0,28.0,28.0,28.0,0.0,0.0,0.0,0.0,0.0,1.0,0.0,1.0,0.0,0.0,0.0,0.48,19.738300004974008,0.6991999689489603,0.000600004568696022,11.509899981319904,7.202900014817715,4.0,4.028799943625927,2.696200041100383,0.7776999846100807,0.000500003807246685
1,13,13,-4.071479904438128,0,0,1.0,4.0,1.0,0.764920711517334,0.18467383086681366,1.0,1.0,1.0,0.8680957555770874,1.0,1.0,0.14240041375160217,0.13972516357898712,0.15000689029693604,0.13972516357898712,0.18467383086681366,1.0,0.8680957555770874,0.13972516357898712,1.0,0.013489349745213985,0.8056304454803467,0.8057433366775513,0.9998598694801331,0.05290590226650238,0.31627312302589417,-0.4545454680919647,0.03656516596674919,-0.010744874365627766,-0.9999422430992126,0.0,0.13761593401432037,-0.29111847281455994,-1.0,-0.04380935803055763,1.0,96.69081115722656,3.492464065551758,4.6360554695129395,25.0,3.492464065551758,22.223447799682617,0.13676272332668304,0.863237276673317,0.1396985626220703,0.1854422187805176,1.0,1.0,0.0,0.0,0.0,-0.49944502505752336,-0.2996331991100955,-2.9934674635481007,-0.2789342167224087,0.0,-0.634103000164032,-0.21869877035357602,-4.135356503209529e-05,0.24676125526428222,0.15,-0.0,0.0,0.0,-0.0,0.0,0.3653167297965602,-0.0,-0.25,0.0,0.0,0.0,0.3653167297965602,-0.0,0.0,-0.010328816902035624,-0.12025197560793764,-0.018369269601016282,0.33889577016234396,-0.0,0.00555856522760223,-0.00439453125,0.004949506192476624,-0.0,0.00160980224609375,0.00160980224609375,-0.05,0.05653253645189931,0.04264586791396141,-3.0,-0.5,-0.008701097547874919,-0.0,-0.03929619183623073,0.0,0.0,-0.0,0.016833638242557767,-0.2477705655808608,-0.0,0.0,0.0,0.0,0.05639600262511522,-0.0,-0.0,-0.0,0.0,0.0,0.0,0.0,0.0,0.0,0.0,0.04264586791396141,4.060512189008295,32.4,1.0,0.0,-0.25,1.0,1.0,4.0,-0.25,1.0,-0.25,1.0,-0.25,13.0,-1.0,0.0,0.0,-0.25,-0.25,0.0,0.0,-1.0,8.0,0.0,0.0,0.0,0.0,0.0,0.0,0.0,0.0,0.0,0.0,0.0,0.0,0.0,0.0,0.0,0.0,0.0,0.0,0.0,0.0,0.0,0.0,28.0,28.0,28.0,0.0,0.0,0.0,0.0,0.0,1.0,0.0,1.0,0.0,0.0,0.0,0.52,62.24749993998557,0.5576999392360449,0.000600004568696022,54.223400074988604,27.888000011444092,4.0,4.55890002194792,2.0941999973729253,0.7726999465376139,0.000400003045797348
1,14,14,-4.318373666341235,0,0,1.0,4.0,1.0,0.7632665038108826,0.1854422241449356,1.0,1.0,1.0,0.8889378905296326,1.0,1.0,0.14253899455070496,0.1396985650062561,0.14964769780635834,0.1396985650062561,0.1854422241449356,1.0,0.8889378905296326,0.1396985650062561,1.0,0.013842386193573475,0.8056378960609436,0.8057567477226257,0.9998524188995361,0.058007318526506424,0.3099817931652069,-0.4545454680919647,0.04427074268460274,-0.014242766425013542,-0.9998985528945923,0.0,0.13676272332668304,-0.2900830805301666,-1.0,-0.054203301668167114,1.0,96.69232940673828,3.492464065551758,4.6360554695129395,25.0,3.492464065551758,22.223447799682617,0.13676272332668304,0.863237276673317,0.1396985626220703,0.1854422187805176,1.0,1.0,0.0,0.0,0.0,-0.49415628894828345,-0.5439005352952587,-2.9888176243095326,-0.29149921778815996,0.0,-0.634103000164032,-0.21869877035357602,-4.135356503209529e-05,0.0,0.15,-0.0,0.0,0.0,-0.0,0.0,0.3653167297965602,-0.0,-0.25,0.0,0.0,0.0,0.3653167297965602,-0.0,0.0,-0.012586109833076757,-0.12025197560793764,-0.022194226629056034,0.33889577016234396,-0.0,0.005242438295226748,0.0,0.005843711051716549,-0.0,0.00151824951171875,0.00151824951171875,-0.05,0.06118237569046761,0.04615351930260658,-3.0,-0.5,-0.009434141686585332,-0.0,-0.051128148763271576,0.0,0.0,-0.0,0.016833638242557767,-0.2477705655808608,-0.0,0.0,0.0,0.0,0.06114721463527531,-0.0,-0.0,-0.0,0.0,0.0,0.0,0.0,0.0,0.0,0.0,0.04615351930260658,4.402599453739822,32.4,1.0,0.0,-0.25,1.0,1.0,4.0,-0.25,1.0,-0.25,1.0,-0.25,14.0,-1.0,0.0,0.0,-0.25,-0.25,0.0,0.0,-1.0,8.0,0.0,0.0,0.0,0.0,0.0,0.0,0.0,0.0,0.0,0.0,0.0,0.0,0.0,0.0,0.0,0.0,0.0,0.0,0.0,0.0,0.0,0.0,28.0,28.0,28.0,0.0,0.0,0.0,0.0,0.0,1.0,0.0,1.0,0.0,0.0,0.0,0.56,30.497599975205958,0.7292999653145671,0.000700005330145359,21.719299955293536,16.08979993034154,4.0,4.54710004851222,2.794099971652031,0.6779000395908952,0.000300002284348011
1,15,15,-4.189462933031134,0,0,1.0,4.0,1.0,0.7632665038108826,0.1854422241449356,1.0,1.0,1.0,0.8889378905296326,1.0,1.0,0.14253899455070496,0.1396985650062561,0.14964769780635834,0.1396985650062561,0.1854422241449356,1.0,0.8889378905296326,0.1396985650062561,1.0,0.014227078296244144,0.8056437969207764,0.8057693839073181,0.9998441338539124,0.06289427727460861,0.2969507575035095,-0.4545454680919647,0.04427074268460274,-0.018067222088575363,-0.999836802482605,0.0,0.13676272332668304,-0.2900830805301666,-1.0,-0.06548982858657837,1.0,96.69393920898438,3.4922003746032715,4.659215927124023,25.0,3.4922003746032715,22.45085334777832,0.1357365846633911,0.8642634153366089,0.13968801498413086,0.18636863708496093,1.0,1.0,0.0,0.0,0.0,-0.49744502132906,-0.4012437675142201,-2.9841578004240024,-0.30661634376385166,0.0,-0.6238484382629395,-0.21871797937040718,-3.775796378081287e-05,0.13725149154663085,0.15,-0.0,0.0,0.0,-0.0,0.0,0.3609961459511205,-0.0,-0.25,0.0,0.0,0.0,0.3609961459511205,-0.0,0.0,-0.014901729628309431,-0.11864917547709454,-0.026327653080182388,0.3382287800312042,-0.0,0.005565172748902114,-0.00439453125,0.006949509920940011,-0.0,0.00160980224609375,0.00160980224609375,-0.05,0.06584219957599785,0.049619730561971664,-3.0,-0.5,-0.010131561731227808,-0.0,-0.06421148966594373,0.0,0.0,-0.0,0.016581978374473748,-0.24885527074115388,-0.0,0.0,0.0,0.0,0.0656675297394395,-0.0,-0.0,-0.0,0.0,0.0,0.0,0.0,0.0,0.0,0.0,0.049619730561971664,4.7280621412396435,32.4,1.0,0.0,-0.25,1.0,1.0,4.0,-0.25,1.0,-0.25,1.0,-0.25,15.0,-1.0,0.0,0.0,-0.25,-0.25,0.0,0.0,-1.0,8.0,0.0,0.0,0.0,0.0,0.0,0.0,0.0,0.0,0.0,0.0,0.0,0.0,0.0,0.0,0.0,0.0,0.0,0.0,0.0,0.0,0.0,0.0,28.0,28.0,28.0,0.0,0.0,0.0,0.0,0.0,1.0,0.0,1.0,0.0,0.0,0.0,0.6,56.199299986474216,0.42799999937415123,0.000400003045797348,48.97400003392249,25.13560000807047,4.0,4.122600075788796,1.9581998931244016,0.6774000357836485,0.000300002284348011
1,16,16,-4.329445491405617,0,0,1.0,4.0,1.0,0.7614993453025818,0.1863686442375183,1.0,1.0,1.0,0.8980341553688049,1.0,1.0,0.14272378385066986,0.13968801498413086,0.14924898743629456,0.13968801498413086,0.1863686442375183,1.0,0.8980341553688049,0.13968801498413086,1.0,0.014642579481005669,0.8056497573852539,0.8057828545570374,0.9998348951339722,0.06754374504089355,0.28251969814300537,-0.4545454680919647,0.051168836653232574,-0.022199807688593864,-0.9997535347938538,0.0,0.1357365846633911,-0.28883787989616394,-1.0,-0.07783977687358856,1.0,96.69584655761719,3.4922003746032715,4.659215927124023,25.0,3.4922003746032715,22.45085334777832,0.1357365846633911,0.8642634153366089,0.13968801498413086,0.18636863708496093,1.0,1.0,0.0,0.0,0.0,-0.4917338086465015,-0.5368064182108753,-2.9796128100067323,-0.3212924545415081,0.0,-0.6238484382629395,-0.21871797937040718,-3.775796378081287e-05,0.0,0.15,-0.0,0.0,0.0,-0.0,0.0,0.3609961459511205,-0.0,-0.25,0.0,0.0,0.0,0.3609961459511205,-0.0,0.0,-0.017539850941074277,-0.11864917547709454,-0.03075331642382142,0.3382287800312042,-0.0,0.006593806574528571,0.0,0.008266191353498487,-0.0,0.0019073486328125,0.0019073486328125,-0.05,0.07038718999326761,0.05304490774869919,-3.0,-0.5,-0.010799150179193489,-0.0,-0.07822001199563454,0.0,0.0,-0.0,0.016581978374473748,-0.24885527074115388,-0.0,0.0,0.0,0.0,0.06999449190218002,-0.0,-0.0,-0.0,0.0,0.0,0.0,0.0,0.0,0.0,0.0,0.05304490774869919,5.039603416956961,32.4,1.0,0.0,-0.25,1.0,1.0,4.0,-0.25,1.0,-0.25,1.0,-0.25,16.0,-1.0,0.0,0.0,-0.25,-0.25,0.0,0.0,-1.0,8.0,0.0,0.0,0.0,0.0,0.0,0.0,0.0,0.0,0.0,0.0,0.0,0.0,0.0,0.0,0.0,0.0,0.0,0.0,0.0,0.0,0.0,0.0,28.0,28.0,28.0,0.0,0.0,0.0,0.0,0.0,1.0,0.0,1.0,0.0,0.0,0.0,0.64,31.859599985182285,0.9228000417351723,0.001100008375942707,19.285599933937192,15.08709997870028,4.0,4.781600087881088,6.004399969242513,0.8226999780163169,0.000400003045797348
1,17,17,-4.401543464353435,0,0,1.0,4.0,1.0,0.7614993453025818,0.1863686442375183,1.0,1.0,1.0,0.8980341553688049,1.0,1.0,0.14272378385066986,0.13968801498413086,0.14924898743629456,0.13968801498413086,0.1863686442375183,1.0,0.8980341553688049,0.13968801498413086,1.0,0.015087608247995377,0.8056574463844299,0.8057987093925476,0.9998247027397156,0.07199433445930481,0.2704351246356964,-0.4545454680919647,0.051168836653232574,-0.026624148711562157,-0.9996455311775208,0.0,0.1357365846633911,-0.28883787989616394,-1.0,-0.09092459827661514,1.0,96.69825744628906,3.4926681518554688,4.686410427093506,25.0,3.4926681518554688,22.619049072265625,0.11198560148477554,0.8880143985152245,0.13970672607421875,0.18745641708374022,1.0,1.0,0.0,0.0,0.0,-0.49432880746967417,-0.5605494715626923,-2.973400335834442,-0.3732648494866263,0.0,-0.6118612885475159,-0.218683904497773,-3.5301241197807745e-05,0.12204151153564455,0.15,-0.0,0.0,0.0,-0.0,0.0,0.2609920062516865,-0.0,-0.25,0.0,0.0,0.0,0.2609920062516865,-0.0,0.0,-0.015433992805977258,-0.08275873320743925,-0.035460013783722454,0.3227906409651041,-0.0,0.008563615415368986,-0.00439453125,0.010065723780325851,-0.0,0.002410888671875,0.002410888671875,-0.05,0.07659966416555827,0.05643871799111366,-3.0,-0.5,-0.011447726096292691,-0.0,-0.09847994692131708,0.0,0.0,-0.0,0.011286697445916264,-0.2746238739149328,-0.0,0.0,0.0,0.0,0.07419822469819337,-0.0,-0.0,-0.0,0.0,0.0,0.0,0.0,0.0,0.0,0.0,0.05643871799111366,5.342272178269923,32.4,1.0,0.0,-0.25,1.0,1.0,4.0,-0.25,1.0,-0.25,1.0,-0.25,17.0,-1.0,0.0,0.0,-0.25,-0.25,0.0,0.0,-1.0,8.0,0.0,0.0,0.0,0.0,0.0,0.0,0.0,0.0,0.0,0.0,0.0,0.0,0.0,0.0,0.0,0.0,0.0,0.0,0.0,0.0,0.0,0.0,28.0,28.0,28.0,0.0,0.0,0.0,0.0,0.0,1.0,0.0,1.0,0.0,0.0,0.0,0.68,60.415899963118136,0.7831000257283449,0.000600004568696022,51.2271000770852,41.124400100670755,4.0,4.338799975812435,3.3109000651165843,0.726599944755435,0.000300002284348011
1,18,18,-9.245995293485224,0,0,1.0,4.0,1.0,0.7595232129096985,0.187456414103508,1.0,1.0,1.0,0.9047619700431824,1.0,1.0,0.14296580851078033,0.13970673084259033,0.1488310843706131,0.13970673084259033,0.187456414103508,1.0,0.9047619700431824,0.13970673084259033,1.0,0.015560921281576157,0.8056685328483582,0.8058187961578369,0.9998135566711426,0.0763181746006012,0.2627333104610443,-0.4545454680919647,0.05748068541288376,-0.03132886439561844,-0.9995091557502747,0.0,0.11198560148477554,-0.2640171945095062,-1.0,-0.10985452681779861,1.0,96.70128631591797,3.4935929775238037,4.717784881591797,25.0,3.4935929775238037,17.957094192504883,0.11100033670663834,0.8889996632933617,0.13974371910095215,0.18871139526367187,1.0,1.0,0.0,0.0,0.0,-0.49253385989877024,-5.392186238165822,-2.968741794977321,-0.3925334004433111,0.0,-0.5981175303459167,-0.21861655192046245,-0.00022785286156937058,-0.05651123046874999,0.15,-4.661954879760742,0.0,0.0,-0.0,0.0,0.2568435229753193,-0.0,-0.25,0.0,0.0,0.0,0.2568435229753193,-0.0,0.0,-0.017482915856541423,-0.0813199120774714,-0.040442311011335684,0.32215021885931494,-0.0,0.010770656321028582,-0.00439453125,0.011860671351229743,-0.0,0.00302886962890625,0.00302886962890625,-0.05,0.08125820502267918,0.059815771877765656,-3.0,-0.5,-0.0120894566155704,-0.0,-0.11581265702240312,0.0,0.0,-0.0,0.011088967274088372,-0.27572025407942596,-0.0,0.0,0.0,0.0,0.07835758917499334,-0.0,-0.0,-0.0,0.0,0.0,0.0,0.0,0.0,0.0,0.0,0.059815771877765656,5.64174642059952,32.4,1.0,0.0,-0.25,1.0,1.0,4.0,-0.25,1.0,-0.25,1.0,-0.25,18.0,-1.0,0.0,0.0,-0.25,-0.25,0.0,0.0,-1.0,7.0,0.0,0.0,0.0,0.0,0.0,0.0,0.0,0.0,0.0,0.0,0.0,0.0,0.0,0.0,0.0,0.0,0.0,0.0,0.0,0.0,0.0,0.0,28.0,28.0,28.0,0.0,0.0,0.0,0.0,0.0,1.0,0.0,1.0,0.0,0.0,0.0,0.72,53.26379998587072,0.6285998970270157,0.000700005330145359,43.5859999852255,24.933100095950067,4.0,4.816300002858043,3.49649996496737,0.6905000191181898,0.000300002284348011
1,19,19,-4.533825737731039,0,0,1.0,4.0,1.0,0.7573533654212952,0.18871138989925385,1.0,1.0,1.0,0.7182837724685669,1.0,1.0,0.14328232407569885,0.13974371552467346,0.14841757714748383,0.13974371552467346,0.18871138989925385,1.0,0.7182837724685669,0.13974371552467346,1.0,0.01606159843504429,0.805683970451355,0.8058440685272217,0.9998013377189636,0.08059637993574142,0.2599602937698364,-0.4545454680919647,0.0636330172419548,-0.03630830720067024,-0.9993406534194946,0.0,0.11100033670663834,-0.2625838816165924,-1.0,-0.1255386769771576,1.0,96.70503234863281,3.4935929775238037,4.717784881591797,25.0,3.4935929775238037,17.957094192504883,0.11100033670663834,0.8889996632933617,0.13974371910095215,0.18871139526367187,1.0,1.0,0.0,0.0,0.0,-0.4861536852782426,-0.6719522563565873,-2.9641580043503613,-0.41156179174584784,0.0,-0.5981175303459167,-0.21861655192046245,-0.00022785286156937058,0.0,0.15,-0.0,0.0,0.0,-0.0,0.0,0.2568435229753193,-0.0,-0.25,0.0,0.0,0.0,0.2568435229753193,-0.0,0.0,-0.01989861588822362,-0.0813199120774714,-0.045699851346741725,0.32215021885931494,-0.0,0.013320887288728045,0.0,0.013846314721757402,-0.0,0.00374603271484375,0.00374603271484375,-0.05,0.08584199564963853,0.06318999081850052,-3.0,-0.5,-0.012734922063004759,-0.0,-0.13419558287750552,0.0,0.0,-0.0,0.011088967274088372,-0.27572025407942596,-0.0,0.0,0.0,0.0,0.08254116078641772,-0.0,-0.0,-0.0,0.0,0.0,0.0,0.0,0.0,0.0,0.0,0.06318999081850052,5.942963629402221,32.4,1.0,0.0,-0.25,1.0,1.0,4.0,-0.25,1.0,-0.25,1.0,-0.25,19.0,-1.0,0.0,0.0,-0.25,-0.25,0.0,0.0,-1.0,6.0,0.0,0.0,0.0,0.0,0.0,0.0,0.0,0.0,0.0,0.0,0.0,0.0,0.0,0.0,0.0,0.0,0.0,0.0,0.0,0.0,0.0,0.0,28.0,28.0,28.0,0.0,0.0,0.0,0.0,0.0,1.0,0.0,1.0,0.0,0.0,0.0,0.76,17.71859999280423,0.5056000081822276,0.000400003045797348,9.55630000680685,6.602299981750548,4.0,4.659799975343049,2.5068999966606498,0.4656000528484583,0.000200001522898674
1,20,20,-4.1428702871806,0,0,1.0,3.0,1.0,0.7573533654212952,0.18871138989925385,1.0,1.0,1.0,0.7182837724685669,1.0,1.0,0.14328232407569885,0.13974371552467346,0.14841757714748383,0.13974371552467346,0.18871138989925385,1.0,0.7182837724685669,0.13974371552467346,1.0,0.016589147970080376,0.8057044744491577,0.8058752417564392,0.9997881054878235,0.08489947766065598,0.26147326827049255,-0.4545454680919647,0.0636330172419548,-0.041561856865882874,-0.9991359114646912,0.0,0.11100033670663834,-0.2625838816165924,-1.0,-0.14185883104801178,1.0,96.70944213867188,3.495814561843872,4.753880023956299,25.0,3.495814561843872,19.04806137084961,0.0896792858839035,0.9103207141160965,0.13983258247375488,0.19015520095825195,1.0,1.0,0.0,0.0,0.0,-0.4883319158777468,-0.2736753923583376,-2.958595406693308,-0.4222675722512077,0.0,-0.5840960144996643,-0.21845484470118534,-0.0001472767110347985,0.5103544235229492,0.15,-0.0,0.0,0.0,-0.0,0.0,0.16707067740590947,-0.0,-0.25,0.0,0.0,0.0,0.16707067740590947,-0.0,0.0,-0.015236522059675545,-0.03581210971150831,-0.05121450330602275,0.3082915358245373,-0.0,0.016057292869845696,-0.00439453125,0.016062615372253147,-0.0,0.0044097900390625,0.0044097900390625,-0.05,0.09140459330669234,0.0659647136926651,-3.0,-0.5,-0.013203092351742088,-0.0,-0.15914456400647478,0.0,0.0,-0.0,0.005066695733202228,-0.2099866098380537,-0.0,0.0,0.0,0.0,0.0855755969899625,-0.04500000178813934,-0.0,-0.0,0.0,0.0,0.0,0.0,0.0,0.0,0.0,0.0659647136926651,6.1614430974796415,32.4,0.7326086850269979,0.0,-0.25,0.699999988079071,1.0,3.0,-0.25,0.699999988079071,-0.25,0.699999988079071,-0.25,20.0,-1.0,0.0,0.0,-0.25,-0.25,0.0,0.0,-1.0,5.0,0.0,0.0,0.0,0.0,0.0,0.0,0.0,0.0,0.0,0.0,0.0,0.0,0.0,0.0,0.0,0.0,0.0,0.0,0.0,0.0,0.0,0.0,28.0,28.0,28.0,0.0,0.0,0.0,0.0,0.0,1.0,0.0,1.0,0.0,0.0,0.0,0.8,59.04350010678172,0.5223000189289451,0.000500003807246685,51.06540000997484,41.482499917037785,4.0,4.705399973317981,2.004800015129149,0.6981000769883394,0.000400003045797348
1,21,21,-4.765322861137427,0,0,1.0,4.0,1.0,0.7461738586425781,0.19015520811080933,1.0,1.0,1.0,0.7619224786758423,1.0,1.0,0.1436927169561386,0.13983258605003357,0.14802980422973633,0.13983258605003357,0.19015520811080933,1.0,0.7619224786758423,0.13983258605003357,1.0,0.017138471826910973,0.8057297468185425,0.8059120178222656,0.9997738599777222,0.08802061527967453,0.18965230882167816,-0.4545454680919647,0.0692543014883995,-0.04707108065485954,-0.9988915324211121,0.0,0.0896792858839035,-0.23718513548374176,-1.0,-0.16612361371517181,1.0,96.71468353271484,3.495814561843872,4.753880023956299,25.0,3.495814561843872,19.04806137084961,0.0896792858839035,0.9103207141160965,0.13983258247375488,0.19015520095825195,1.0,1.0,0.0,0.0,0.0,-0.48130892980553297,-0.7968779401409686,-2.954398509094984,-0.5327374820959418,0.0,-0.5840960144996643,-0.21845484470118534,-0.0001472767110347985,0.0,0.15,-0.0,0.0,0.0,-0.0,0.0,0.16707067740590947,-0.0,-0.25,0.0,0.0,0.0,0.16707067740590947,-0.0,0.0,-0.017063575464397584,-0.05116015760197845,-0.056935066392195276,0.3082915358245373,-0.0,0.019085398272636667,0.0,0.018691070194467058,-0.0,0.00524139404296875,0.00524139404296875,-0.05,0.09560149090501599,0.06899352371692657,-3.0,-0.5,-0.013870684158456112,-0.0,-0.1811240567284652,0.0,0.0,-0.0,0.007238136884982205,-0.29998087630586345,-0.0,0.0,0.0,0.0,0.08990257402547301,-0.04500000178813934,-0.0,-0.0,0.0,0.0,0.0,0.0,0.0,0.0,0.0,0.06899352371692657,6.472985940612853,32.4,1.0,0.0,-0.25,1.0,1.0,4.0,-0.25,1.0,-0.25,1.0,-0.25,21.0,-1.0,0.0,0.0,-0.25,-0.25,0.0,0.0,-1.0,4.0,0.0,0.0,0.0,0.0,0.0,0.0,0.0,0.0,0.0,0.0,0.0,0.0,0.0,0.0,0.0,0.0,0.0,0.0,0.0,0.0,0.0,0.0,28.0,28.0,28.0,0.0,0.0,0.0,0.0,0.0,1.0,0.0,1.0,0.0,0.0,0.0,0.84,13.327499967999756,0.48889999743551016,0.000500003807246685,4.366299952380359,1.3485000235959888,4.0,4.709600005298853,3.0279000056907535,0.7074999157339334,0.000400003045797348
1,22,22,-3.8466373258454616,0,0,1.0,4.0,1.0,0.7461738586425781,0.19015520811080933,1.0,1.0,1.0,0.7619224786758423,1.0,1.0,0.1436927169561386,0.13983258605003357,0.14802980422973633,0.13983258605003357,0.19015520811080933,1.0,0.7619224786758423,0.13983258605003357,1.0,0.017711792141199112,0.8057610988616943,0.805955708026886,0.9997584819793701,0.09247122704982758,0.27043649554252625,-0.4545454680919647,0.0692543014883995,-0.052784502506256104,-0.9986059069633484,0.0,0.0896792858839035,-0.23718513548374176,-1.0,-0.1846792995929718,1.0,96.7206802368164,3.499915361404419,4.794554233551025,25.0,3.499915361404419,22.549243927001953,0.08878517895936966,0.9112148210406303,0.13999661445617675,0.191782169342041,1.0,1.0,0.0,0.0,0.0,-0.4831483022494573,0.09959195270693381,-2.9495931716636665,-0.5134878046392718,0.0,-0.5692088007926941,-0.2181566653644901,-3.6300814638013915e-05,0.8846290588378907,0.15,-0.0,0.0,0.0,-0.0,0.0,0.16330601667103015,-0.0,-0.25,0.0,0.0,0.0,0.16330601667103015,-0.0,0.0,-0.018616756811883357,-0.049936166909844024,-0.06295973459579177,0.3077103663235903,-0.0,0.02185714261895555,-0.00439453125,0.02124622900054267,-0.0,0.0059967041015625,0.0059967041015625,-0.05,0.1004068283363335,0.07240186631679535,-3.0,-0.5,-0.014550002564782543,-0.0,-0.2050117283589395,0.0,0.0,-0.0,0.007094527202562567,-0.30102060091811234,-0.0,0.0,0.0,0.0,0.09430555122053245,-0.0,-0.0,-0.0,0.0,0.0,0.0,0.0,0.0,0.0,0.0,0.07240186631679535,6.79000119689852,32.4,1.0,0.0,-0.25,1.0,1.0,4.0,-0.25,1.0,-0.25,1.0,-0.25,22.0,-1.0,0.0,0.0,-0.25,-0.25,0.0,0.0,-1.0,3.0,0.0,0.0,0.0,0.0,0.0,0.0,0.0,0.0,0.0,0.0,0.0,0.0,0.0,0.0,0.0,0.0,0.0,0.0,0.0,0.0,0.0,0.0,28.0,28.0,28.0,0.0,0.0,0.0,0.0,0.0,1.0,0.0,1.0,0.0,0.0,0.0,0.88,68.88739997521043,0.7767999777570367,0.000600004568696022,62.094599939882755,24.47019994724542,4.0,3.1259000534191728,1.9883000059053302,0.8705999935045838,0.000300002284348011
1,23,23,-4.742607506473449,0,0,1.0,4.0,1.0,0.7432739734649658,0.1917821764945984,1.0,1.0,1.0,0.9019697308540344,1.0,1.0,0.14420703053474426,0.13999661803245544,0.14768731594085693,0.13999661803245544,0.1917821764945984,1.0,0.9019697308540344,0.13999661803245544,1.0,0.018312688916921616,0.8057975769042969,0.8060056567192078,0.9997418522834778,0.09700001776218414,0.2751868665218353,-0.4545454680919647,0.07479185611009598,-0.058799777179956436,-0.99826979637146,0.0,0.08878517895936966,-0.2356194406747818,-1.0,-0.20460712909698486,1.0,96.7274398803711,3.499915361404419,4.794554233551025,25.0,3.499915361404419,22.549243927001953,0.08878517895936966,0.9112148210406303,0.13999661445617675,0.191782169342041,1.0,1.0,0.0,0.0,0.0,-0.4758997336448286,-0.7825815444392384,-2.9448734189847756,-0.5392528094046072,0.0,-0.5692088007926941,-0.2181566653644901,-3.6300814638013915e-05,0.0,0.15,-0.0,0.0,0.0,-0.0,0.0,0.16330601667103015,-0.0,-0.25,0.0,0.0,0.0,0.16330601667103015,-0.0,0.0,-0.020639276545616612,-0.049936166909844024,-0.06927765311316961,0.3077103663235903,-0.0,0.024637949567932083,0.0,0.024100266355171387,-0.0,0.0067596435546875,0.0067596435546875,-0.05,0.10512658101522418,0.07580520957708359,-3.0,-0.5,-0.015240913489487553,-0.0,-0.23008582219956986,0.0,0.0,-0.0,0.007094527202562567,-0.30102060091811234,-0.0,0.0,0.0,0.0,0.0987836326459841,-0.0,-0.0,-0.0,0.0,0.0,0.0,0.0,0.0,0.0,0.0,0.07580520957708359,7.112426295094192,32.4,1.0,0.0,-0.25,1.0,1.0,4.0,-0.25,1.0,-0.25,1.0,-0.25,23.0,-1.0,0.0,0.0,-0.25,-0.25,0.0,0.0,-1.0,2.0,0.0,0.0,0.0,0.0,0.0,0.0,0.0,0.0,0.0,0.0,0.0,0.0,0.0,0.0,0.0,0.0,0.0,0.0,0.0,0.0,0.0,0.0,28.0,28.0,28.0,0.0,0.0,0.0,0.0,0.0,1.0,0.0,1.0,0.0,0.0,0.0,0.92,13.28700000885874,0.6794000510126352,0.000500003807246685,5.672900006175041,2.0694000413641334,4.0,4.262699978426099,1.966700074262917,0.6800999399274588,0.000400003045797348
1,24,24,-4.667793200651221,0,0,1.0,4.0,1.0,0.7432739734649658,0.1917821764945984,1.0,1.0,1.0,0.9019697308540344,1.0,1.0,0.14420703053474426,0.13999661803245544,0.14768731594085693,0.13999661803245544,0.1917821764945984,1.0,0.9019697308540344,0.13999661803245544,1.0,0.018941538408398628,0.805839478969574,0.8060619831085205,0.9997238516807556,0.1016060933470726,0.27988290786743164,-0.4545454680919647,0.07479185611009598,-0.06510554999113083,-0.99787837266922,0.0,0.08878517895936966,-0.2356194406747818,-1.0,-0.22513915598392487,1.0,96.73502349853516,3.5059220790863037,4.841022491455078,25.0,3.5059220790863037,22.848052978515625,0.07031039893627167,0.9296896010637283,0.14023688316345215,0.19364089965820314,1.0,1.0,0.0,0.0,0.0,-0.46179112626167174,-0.6662897861734859,-2.9383010795493014,-0.6014112086667616,0.0,-0.5522940754890442,-0.2177206370875663,-3.22112755054682e-05,0.21726551055908205,0.15,-0.0,0.0,0.0,-0.0,0.0,0.08551746920535439,-0.0,-0.25,0.0,0.0,0.0,0.08551746920535439,-0.0,0.0,-0.01241182355891796,-0.02537955976213181,-0.07588699718930617,0.29570175930857656,-0.0,0.028201643782267638,0.010440850011946168,0.027768023726382096,-0.0,0.0075836181640625,0.0075836181640625,-0.05,0.1116989204506988,0.07919919490814209,-3.0,-0.5,-0.015929718478981936,-0.0,-0.2670238671785114,0.0,0.0,-0.0,0.004449196978719905,-0.3229068199879881,-0.0,0.0,0.0,0.0,0.10324807202988903,-0.0,-0.0,-0.0,0.0,0.0,0.0,0.0,0.0,0.0,0.0,0.07919919490814209,7.433868623524904,32.4,1.0,0.0,-0.25,1.0,1.0,4.0,-0.25,1.0,-0.25,1.0,-0.25,24.0,-1.0,0.0,0.0,-0.25,-0.25,0.0,0.0,-1.0,1.0,0.0,0.0,0.0,0.0,0.0,0.0,0.0,0.0,0.0,0.0,0.0,0.0,0.0,0.0,0.0,0.0,0.0,0.0,0.0,0.0,0.0,0.0,28.0,28.0,28.0,0.0,0.0,0.0,0.0,0.0,1.0,0.0,1.0,0.0,0.0,0.0,0.96,56.32169998716563,0.5102999275550246,0.000500003807246685,47.222500084899366,38.08630001731217,4.0,4.463499994017184,3.235700074583292,0.8680999744683504,0.000300002284348011
1,25,25,-4.765568062346329,0,0,1.0,4.0,1.0,0.740251898765564,0.19364090263843536,1.0,1.0,1.0,0.913922131061554,1.0,1.0,0.14485019445419312,0.14023688435554504,0.1473982185125351,0.14023688435554504,0.19364090263843536,1.0,0.913922131061554,0.14023688435554504,1.0,0.01959860883653164,0.8058869242668152,0.8061252236366272,0.9997044205665588,0.10619812458753586,0.2790297865867615,-0.4545454680919647,0.08117419481277466,-0.07169940322637558,-0.9974262714385986,0.0,0.07031039893627167,-0.20983202755451202,-1.0,-0.25663357973098755,0.0,96.74345397949219,3.5136804580688477,4.893665790557861,25.0,3.5136804580688477,22.968088150024414,0.06950467079877853,0.9304953292012215,0.1405472183227539,0.19574663162231445,1.0,1.0,0.0,0.0,0.0,-0.4931613968454662,-0.7064369385920481,-2.9334500256486233,-0.6325197012601914,0.0,-0.5332126617431641,-0.2171587460278271,-3.070122308275047e-05,0.1595073699951172,0.15,-0.0,0.0,0.0,-0.0,0.0,0.08212492967906751,-0.0,-0.25,0.0,0.0,0.0,0.08212492967906751,-0.0,0.0,-0.013121519279757552,-0.024340476314091978,-0.08278545101794178,0.29517803601920606,-0.0,0.031378092613749686,-0.0244140625,0.03125266565453377,-0.0,0.00843048095703125,0.00843048095703125,-0.05,0.11654997435137644,0.082578644156456,-3.0,-0.5,-0.01661195563761783,-0.0,-0.29637674933635433,0.0,0.0,-0.0,0.004347809336561919,-0.3238788056227812,-0.0,0.0,0.0,0.0,0.10766993664262303,-0.0,-0.0,-0.0,0.0,0.0,0.0,0.0,0.0,0.0,0.0,0.082578644156456,7.752245964221656,32.4,1.0,0.0,-0.25,1.0,1.0,4.0,-0.25,1.0,-0.25,1.0,-0.25,25.0,-1.0,0.0,0.0,-0.25,-0.25,0.0,0.0,-1.0,0.0,0.0,0.0,0.0,0.0,0.0,0.0,0.0,0.0,0.0,0.0,0.0,0.0,0.0,0.0,0.0,0.0,0.0,0.0,0.0,0.0,0.0,0.0,28.0,28.0,28.0,0.0,0.0,0.0,0.0,0.0,1.0,0.0,1.0,0.0,0.0,0.0,1.0,52.46959999203682,1.092999940738082,0.000500003807246685,44.272399973124266,25.613000034354627,4.0,4.0484999772161245,2.3473999463021755,0.6657000631093979,0.000400003045797348
1,26,26,-4.919867114841206,0,0,1.0,4.0,1.0,0.725192129611969,0.19574663043022156,1.0,1.0,1.0,0.9187235236167908,1.0,1.0,0.14564186334609985,0.14054721593856812,0.14718104898929596,0.14054721593856812,0.19574663043022156,1.0,0.9187235236167908,0.14054721593856812,1.0,0.02028396911919117,0.8059402704238892,0.8061954379081726,0.9996834397315979,0.110746368765831,0.27636921405792236,-0.4545454680919647,0.08769136667251587,-0.07857833802700043,-0.9969079494476318,0.0,0.06950467079877853,-0.2081342339515686,-1.0,-0.28045937418937683,0.0,96.75283813476562,3.5136804580688477,4.893665790557861,25.0,3.5136804580688477,22.968088150024414,0.06950467079877853,0.9304953292012215,0.1405472183227539,0.19574663162231445,1.0,1.0,0.0,0.0,0.0,-0.46499095914284205,-0.8628196183483204,-2.928704340490283,-0.66335219685976,0.0,-0.5332126617431641,-0.2171587460278271,-3.070122308275047e-05,0.0,0.15,-0.0,0.0,0.0,-0.0,0.0,0.08212492967906751,-0.0,-0.25,0.0,0.0,0.0,0.08212492967906751,-0.0,0.0,-0.014362633852172116,-0.024340476314091978,-0.08996939793986881,0.29517803601920606,-0.0,0.03492765060173042,0.0,0.03500904085715795,-0.0,0.0093841552734375,0.0093841552734375,-0.05,0.12129565950971713,0.08594108372926712,-3.0,-0.5,-0.017285566993110943,-0.0,-0.32653563358042975,0.0,0.0,-0.0,0.004347809336561919,-0.3238788056227812,-0.0,0.0,0.0,0.0,0.11203574145388258,-0.0,-0.0,-0.0,0.0,0.0,0.0,0.0,0.0,0.0,0.0,0.08594108372926712,8.06659793011844,32.4,1.0,0.0,-0.25,1.0,1.0,4.0,-0.25,1.0,-0.25,1.0,-0.25,26.0,-1.0,0.0,0.0,-0.25,-0.25,0.0,0.0,-1.0,0.0,0.0,0.0,0.0,0.0,0.0,0.0,0.0,0.0,0.0,0.0,0.0,0.0,0.0,0.0,0.0,0.0,0.0,0.0,0.0,0.0,0.0,0.0,28.0,28.0,28.0,0.0,0.0,0.0,0.0,0.0,1.0,0.0,1.0,0.0,0.0,0.0,1.04,19.904799992218614,0.623999978415668,0.000700005330145359,10.882599977776408,7.401400012895465,4.0,4.535500076599419,3.175299963913858,0.6591000128537416,0.000400003045797348
1,27,27,-50.074532446721726,0,0,1.0,4.0,1.0,0.725192129611969,0.19574663043022156,1.0,1.0,1.0,0.9187235236167908,1.0,1.0,0.14564186334609985,0.14054721593856812,0.14718104898929596,0.14054721593856812,0.19574663043022156,1.0,0.9187235236167908,0.14054721593856812,1.0,0.02099744789302349,0.8060001730918884,0.8062736392021179,0.999660849571228,0.11523711681365967,0.27287498116493225,-0.4545454680919647,0.08769136667251587,-0.08573798090219498,-0.9963177442550659,0.0,0.06950467079877853,-0.2081342339515686,-1.0,-0.30479705333709717,0.0,96.76324462890625,3.5245983600616455,4.953077793121338,25.0,3.5245983600616455,4.994009971618652,0.05397869274020195,0.946021307259798,0.14098393440246582,0.19812311172485353,1.0,1.0,0.0,0.0,0.0,-0.4646705989315346,-45.95944149827805,-2.9222155962593073,-0.7282047532528301,0.0,-0.5126076936721802,-0.21637048762758107,-0.040697981067976195,0.007558326721191416,0.15,-44.98902806522301,0.0,0.0,-0.0,0.0,0.01675239048506083,-0.0,-0.25,0.0,0.0,0.0,0.01675239048506083,-0.0,0.0,-0.0033083600786081306,-0.004838335169923746,-0.0974351650583494,0.28508615028113127,-0.0,0.039379060763621965,-0.00439453125,0.03972393231846541,-0.0,0.010406494140625,0.010406494140625,-0.05,0.12778440374069258,0.08928622305393219,-3.0,-0.5,-0.017950639604218305,-0.0,-0.3699826990991008,0.0,0.0,-0.0,0.0026223293429470176,-0.34289374389245797,-0.0,0.0,0.0,0.0,0.11634631686990957,-0.0,-0.0,-0.0,0.0,0.0,0.0,0.0,0.0,0.0,0.0,0.08928622305393219,8.37696514863521,32.4,1.0,0.0,-0.25,1.0,1.0,4.0,-0.25,1.0,-0.25,1.0,-0.25,27.0,-1.0,0.0,0.0,-0.25,-0.25,0.0,0.0,-1.0,0.0,0.0,0.0,0.0,0.0,0.0,0.0,0.0,0.0,0.0,0.0,0.0,0.0,0.0,0.0,0.0,0.0,0.0,0.0,0.0,0.0,0.0,0.0,28.0,28.0,28.0,0.0,0.0,0.0,0.0,0.0,1.0,0.0,1.0,0.0,0.0,0.0,1.08,58.12219996005297,0.7232999196276069,0.000600004568696022,48.805000027641654,23.976600030437112,4.0,4.681899910792708,3.224399988539517,0.6495000561699271,0.000400003045797348
1,28,28,-5.049669356706188,0,0,1.0,3.0,1.0,0.7260010242462158,0.19812311232089996,1.0,1.0,1.0,0.19976039230823517,0.9957402944564819,1.0,0.14660492539405823,0.1409839391708374,0.14705799520015717,0.1409839391708374,0.19812311232089996,1.0,0.19976039230823517,0.1409839391708374,1.0,0.021738721057772636,0.8060673475265503,0.8063603639602661,0.9996365308761597,0.11967092752456665,0.2694159746170044,-0.4545454680919647,0.09378712624311447,-0.0931738018989563,-0.9956498742103577,0.0,0.05397869274020195,-0.18211673200130463,-1.0,-0.34177446365356445,0.0,96.77467346191406,3.5245983600616455,4.953077793121338,25.0,3.5245983600616455,4.994009971618652,0.05397869274020195,0.946021307259798,0.14098393440246582,0.19812311172485353,1.0,1.0,0.0,0.0,0.0,-0.45632908255083254,-0.9737517467526089,-2.918317134606778,-0.7012713927959686,0.0,-0.5126076936721802,-0.21637048762758107,-0.040697981067976195,0.0,0.15,-0.0,0.0,0.0,-0.0,0.0,0.01675239048506083,-0.0,-0.25,0.0,0.0,0.0,0.01675239048506083,-0.0,0.0,-0.003588264072690052,-0.0033868345612691727,-0.10515852608582611,0.28508615028113127,-0.0,0.043247678170018844,0.0,0.04367091744916744,-0.0,0.0114288330078125,0.0114288330078125,-0.05,0.1316828653932217,0.09201017767190933,-3.0,-0.5,-0.018421001543423958,-0.0,-0.399660403336099,0.0,0.0,-0.0,0.0018356305088023106,-0.2400256166371086,-0.0,0.0,0.0,0.0,0.11939473327896613,-0.04500000178813934,-0.0,-0.0,0.0,0.0,0.0,0.0,0.0,0.0,0.0,0.09201017767190933,8.596467386931181,32.4,0.7326086850269979,0.0,-0.25,0.699999988079071,1.0,3.0,-0.25,0.699999988079071,-0.25,0.699999988079071,-0.25,28.0,-1.0,0.0,0.0,-0.25,-0.25,0.0,0.0,0.0,0.0,0.0,0.0,0.0,0.0,0.0,0.0,0.0,0.0,0.0,0.0,0.0,0.0,0.0,0.0,0.0,0.0,0.0,0.0,0.0,0.0,0.0,0.0,28.0,28.0,28.0,0.0,0.0,0.0,0.0,0.0,1.0,0.0,1.0,0.0,0.0,0.0,1.12,29.51779996510595,0.4437000025063753,0.000500003807246685,20.270599983632565,16.766799963079393,4.0,4.738599993288517,3.52459994610399,0.5041999975219369,0.000300002284348011
1,29,29,-5.062703380494306,0,0,1.0,4.0,1.0,0.7260010242462158,0.19812311232089996,1.0,1.0,1.0,0.19976039230823517,0.9957402944564819,1.0,0.14660492539405823,0.1409839391708374,0.14705799520015717,0.1409839391708374,0.19812311232089996,1.0,0.19976039230823517,0.1409839391708374,1.0,0.022502390667796135,0.8061416149139404,0.8064556121826172,0.9996106624603271,0.12280667573213577,0.1905401349067688,-0.4545454680919647,0.09378712624311447,-0.10086070746183395,-0.9949005842208862,0.0,0.05397869274020195,-0.18211673200130463,-1.0,-0.3688657879829407,0.0,96.7873764038086,3.538236379623413,5.019562244415283,25.0,3.538236379623413,4.955780506134033,0.041136596351861954,0.958863403648138,0.14152945518493654,0.20078248977661134,1.0,1.0,0.0,0.0,0.0,-0.4595941650410396,-0.9302650269098836,-2.898349726690326,-0.7744944618530569,0.0,-0.4923396110534668,-0.2153898615399177,-0.041325108622719285,0.14158555030822753,0.15,-0.096418907518796,0.0,0.0,-0.0,0.0,0.0,0.0,0.0,0.35,0.0,0.0,0.0,0.0,0.0,0.0,0.0,0.0,0.2767387876287103,-0.0,0.048721544405339046,-0.0087890625,0.049194897458960385,-0.0,0.01270294189453125,0.01270294189453125,-0.05,0.1374688274726529,0.09496649354696274,-3.0,-0.5,-0.01907335349975952,-0.0,-0.44638119561950745,0.07735334092920476,0.09669167616150595,-0.08057639680125496,0.0015229976034744199,-0.3590315288385808,-0.0,0.0,0.0,0.0,0.12362291151678874,-0.04500000178813934,-0.0,-0.0,0.0,0.0,0.0,0.0,0.0,0.0,0.0,0.09496649354696274,8.900898299887777,32.4,1.0,0.0,-0.25,1.0,1.0,4.0,-0.25,1.0,-0.25,1.0,-0.25,29.0,0.0,0.0,0.0,-0.25,-0.25,0.0,0.0,0.0,0.0,0.0,0.0,0.0,0.0,0.0,0.0,0.0,0.0,0.0,0.0,0.0,0.0,0.0,0.0,0.0,0.0,0.0,0.0,0.0,0.0,0.0,0.0,28.0,28.0,28.0,0.0,0.0,0.0,0.0,0.0,1.0,0.0,1.0,0.0,0.0,0.0,1.16,70.54730004165322,0.6366000743582845,0.000600004568696022,61.36180006433278,51.410999963991344,4.0,4.65830008033663,3.170599928125739,0.6926000351086259,0.000500003807246685
1,30,30,-5.077908497284695,0,0,1.0,4.0,1.0,0.7222497463226318,0.20078249275684357,1.0,1.0,1.0,0.19823122024536133,0.9914232492446899,1.0,0.14776109158992767,0.14152945578098297,0.14705361425876617,0.14152945578098297,0.20078249275684357,1.0,0.19823122024536133,0.14152945578098297,1.0,0.02328995242714882,0.8062251806259155,0.8065614700317383,0.9995830059051514,0.12715569138526917,0.26426294445991516,-0.4545454680919647,0.09843578189611435,-0.10874020308256149,-0.9940702319145203,0.0,0.041136596351861954,-0.15590502321720123,0.0,0.0,0.0,96.80140686035156,3.538236379623413,5.019562244415283,25.0,3.538236379623413,4.955780506134033,0.041136596351861954,0.958863403648138,0.14152945518493654,0.20078248977661134,1.0,1.0,0.0,0.0,0.0,-0.44579018419656896,-0.9712124042319499,-2.8935426484294333,-0.7673632604267429,0.0,-0.4923396110534668,-0.2153898615399177,-0.041325108622719285,0.0,0.15,-0.0,0.0,0.0,-0.0,0.0,0.0,0.0,0.0,0.35,0.0,0.0,0.0,0.0,0.0,0.0,0.0,0.0,0.2767387876287103,-0.0,0.053813165262113216,0.0,0.05420981580343105,-0.0,0.01403045654296875,0.01403045654296875,-0.05,0.14227590573354562,0.09828732907772064,-3.0,-0.5,-0.019724370689503848,-0.0,-0.4835989787915884,0.07735334092920476,0.09669167616150595,-0.08057639680125496,0.0015229976034744199,-0.3590315288385808,-0.0,0.0,0.0,0.0,0.12784217698415387,-0.0,-0.0,-0.0,0.0,0.0,0.0,0.0,0.0,0.0,0.0,0.09828732907772064,9.204706321768462,32.4,1.0,0.0,-0.25,1.0,1.0,4.0,-0.25,1.0,-0.25,1.0,-0.25,30.0,0.0,0.0,0.0,-0.25,-0.25,0.0,0.0,0.0,0.0,0.0,0.0,0.0,0.0,0.0,0.0,0.0,0.0,0.0,0.0,0.0,0.0,0.0,0.0,0.0,0.0,0.0,0.0,0.0,0.0,0.0,0.0,28.0,28.0,28.0,0.0,0.0,0.0,0.0,0.0,1.0,0.0,1.0,0.0,0.0,0.0,1.2,26.171899982728064,0.4927999107167125,0.000400003045797348,18.30670004710555,14.63540003169328,4.0,4.104800056666136,2.535399980843067,0.6925000343471766,0.000500003807246685
1,31,31,-1.2918841297429275,0,0,1.0,4.0,1.0,0.7222497463226318,0.20078249275684357,1.0,1.0,1.0,0.19823122024536133,0.9914232492446899,1.0,0.14776109158992767,0.14152945578098297,0.14705361425876617,0.14152945578098297,0.20078249275684357,1.0,0.19823122024536133,0.14152945578098297,1.0,0.02410423383116722,0.8063182234764099,0.8066784143447876,0.9995534420013428,0.13149580359458923,0.2637222409248352,-0.4545454680919647,0.09843578189611435,-0.11690330505371094,-0.9931433200836182,0.0,0.041136596351861954,-0.15590502321720123,0.0,0.0,0.0,96.81686401367188,3.555459499359131,5.093804836273193,25.0,3.555459499359131,4.919097423553467,0.040597233921289444,0.9594027660787106,0.14221837997436523,0.20375219345092774,1.0,1.0,0.0,0.0,0.0,-0.44471515931992234,-0.3769009610336308,0.3121799336739972,-0.8024479430633715,0.02,-0.4697738289833069,-0.21415780575244975,-0.041935952136531555,0.16006269454956054,0.15,-0.0931915843978004,0.0,0.0,-0.0,0.0,0.0,0.0,0.0,0.35,0.0,0.0,0.0,0.0,0.0,0.0,0.0,0.0,0.2763882020488381,-0.0,0.05931854260484215,-0.00439453125,0.05967937193007769,-0.0,0.0154571533203125,0.0154571533203125,-0.05,0.1471355079480603,0.10159618407487869,0.2,0.0,-0.02038061503211834,-0.0,-0.522989663792628,0.08206050395965576,0.10257562994956969,-0.08547969162464142,0.001483321861853905,-0.35971742838506315,-0.0,0.0,0.0,0.0,0.13209551568689723,-0.0,-0.0,-0.0,0.02,0.0,0.0,0.0,0.0,0.0,0.0,0.10159618407487869,9.510953681655227,32.4,1.0,0.0,-0.25,1.0,1.0,4.0,-0.25,1.0,-0.25,1.0,-0.25,31.0,0.0,0.0,0.0,-0.25,-0.25,0.0,0.0,0.0,0.0,0.0,0.0,0.0,0.0,0.0,0.0,0.0,0.0,0.0,0.0,0.0,0.0,0.0,0.0,0.0,0.0,0.0,0.0,0.0,0.0,0.0,0.0,28.0,28.0,28.0,0.0,0.0,0.0,0.0,0.0,1.0,0.0,1.0,0.0,0.0,0.0,1.24,47.2766999155283,0.6319999229162931,0.000700005330145359,39.48000003583729,27.74020005017519,4.0,4.108099965378642,2.3249000078067183,0.7012999849393964,0.000400003045797348
1,32,32,-1.161389653204743,0,0,1.0,4.0,1.0,0.7115938663482666,0.20375218987464905,1.0,1.0,1.0,0.19676390290260315,0.9872548580169678,1.0,0.14913886785507202,0.14221838116645813,0.14719262719154358,0.14221838116645813,0.20375218987464905,1.0,0.19676390290260315,0.14221838116645813,1.0,0.024944869801402092,0.8064214587211609,0.8068072199821472,0.9995219111442566,0.1358707696199417,0.26583972573280334,-0.4545454680919647,0.1047728955745697,-0.12533512711524963,-0.9921144843101501,0.0,0.040597233921289444,-0.1542837768793106,0.0,0.0,0.0,96.83385467529297,3.577011823654175,5.176920413970947,25.0,3.577011823654175,4.884286403656006,0.030364351347088814,0.9696356486529112,0.143080472946167,0.2070768165588379,1.0,1.0,0.0,0.0,0.0,-0.4338335209112416,-0.32093640922364314,0.3347014650916338,-0.7613211881614921,0.02,-0.44446614384651184,-0.21262599066487417,-0.042523969840605316,0.1813843536376953,0.15,-0.08904160389602112,0.0,0.0,-0.0,0.0,0.0,0.0,0.0,0.35,0.0,0.0,0.0,0.0,0.0,0.0,0.0,0.0,0.26973682837560775,-0.0,0.06589900480804545,0.0,0.06616647908875839,-0.0,0.01699066162109375,0.01699066162109375,-0.05,0.15328442724697589,0.10489697754383087,0.2,0.0,-0.0210349455599274,-0.0,-0.5753284274882446,0.17136566097086126,0.21420707621357657,-0.17850589684464716,0.0008297944494565088,-0.3728544499025673,-0.0,0.0,0.0,0.0,0.136336945386674,-0.0,-0.0,-0.0,0.02,0.0,0.0,0.0,0.0,0.0,0.0,0.10489697754383087,9.816307927966118,32.4,1.0,0.0,-0.25,1.0,1.0,4.0,-0.25,1.0,-0.25,1.0,-0.25,32.0,0.0,0.0,0.0,-0.25,-0.25,0.0,0.0,0.0,0.0,0.0,0.0,0.0,0.0,0.0,0.0,0.0,0.0,0.0,0.0,0.0,0.0,0.0,0.0,0.0,0.0,0.0,0.0,0.0,0.0,0.0,0.0,28.0,28.0,28.0,0.0,0.0,0.0,0.0,0.0,1.0,0.0,1.0,0.0,0.0,0.0,1.28,54.55959995742887,0.4552999744191766,0.000600004568696022,46.00969993043691,42.20460006035864,4.0,3.845800063572824,3.2594999065622687,0.949900015257299,0.000400003045797348
1,33,33,-1.2817088876258405,0,0,1.0,4.0,1.0,0.7074857950210571,0.2070768177509308,1.0,1.0,1.0,0.19537144899368286,0.9832122325897217,1.0,0.1507737785577774,0.143080472946167,0.14749622344970703,0.143080472946167,0.2070768177509308,1.0,0.19537144899368286,0.143080472946167,1.0,0.02581162005662918,0.8065358996391296,0.8069487810134888,0.9994882941246033,0.14023296535015106,0.26506444811820984,-0.4545454680919647,0.11110258102416992,-0.13403227925300598,-0.9909769892692566,0.0,0.030364351347088814,-0.12815342843532562,0.0,0.0,0.0,96.85246276855469,3.577011823654175,5.176920413970947,25.0,3.577011823654175,4.884286403656006,0.030364351347088814,0.9696356486529112,0.143080472946167,0.2070768165588379,1.0,1.0,0.0,0.0,0.0,-0.427628896383475,-0.40904799324428337,0.3395138267189914,-0.8045458247170734,0.02,-0.44446614384651184,-0.21262599066487417,-0.042523969840605316,0.0,0.15,-0.0,0.0,0.0,-0.0,0.0,0.0,0.0,0.0,0.35,0.0,0.0,0.0,0.0,0.0,0.0,0.0,0.0,0.26973682837560775,-0.0,0.0721722823200821,0.0,0.07237110361652498,-0.0,0.01860809326171875,0.01860809326171875,-0.05,0.15809678887433348,0.10819021612405777,0.2,0.0,-0.021687782385173653,-0.0,-0.6179002272185796,0.17136566097086126,0.21420707621357657,-0.17850589684464716,0.0008297944494565088,-0.3728544499025673,-0.0,0.0,0.0,0.0,0.14056811110770795,-0.0,-0.0,-0.0,0.02,0.0,0.0,0.0,0.0,0.0,0.0,0.10819021612405777,10.120965113081038,32.4,1.0,0.0,-0.25,1.0,1.0,4.0,-0.25,1.0,-0.25,1.0,-0.25,33.0,0.0,0.0,0.0,-0.25,-0.25,0.0,0.0,0.0,0.0,0.0,0.0,0.0,0.0,0.0,0.0,0.0,0.0,0.0,0.0,0.0,0.0,0.0,0.0,0.0,0.0,0.0,0.0,0.0,0.0,0.0,0.0,28.0,28.0,28.0,0.0,0.0,0.0,0.0,0.0,1.0,0.0,1.0,0.0,0.0,0.0,1.32,23.069299990311265,0.7360000163316727,0.000900006853044033,14.501199941150844,9.698099922388792,4.0,4.4111000606790185,2.663700026459992,0.7238999241963029,0.000200001522898674
1,34,34,-1.1035010844600217,0,0,1.0,3.0,1.0,0.7074857950210571,0.2070768177509308,1.0,1.0,1.0,0.19537144899368286,0.9832122325897217,1.0,0.1507737785577774,0.143080472946167,0.14749622344970703,0.143080472946167,0.2070768177509308,1.0,0.19537144899368286,0.143080472946167,1.0,0.02670428715646267,0.8066619634628296,0.8071038722991943,0.9994524717330933,0.14458522200584412,0.26445937156677246,-0.4545454680919647,0.11110258102416992,-0.14299282431602478,-0.9897237420082092,0.0,0.030364351347088814,-0.12815342843532562,0.0,0.0,0.0,96.87261962890625,3.602588415145874,5.269677639007568,25.0,3.602588415145874,4.851973533630371,0.022297801449894905,0.9777021985501051,0.14410353660583497,0.21078710556030272,1.0,1.0,0.0,0.0,0.0,-0.4167592824479193,-0.2528812899906444,0.34418074959753975,-0.7980412616189977,0.02,-0.41342106461524963,-0.21082237510538346,-0.04307716581332858,0.20403695106506348,0.15,-0.08317375504816482,0.0,0.0,-0.0,0.0,0.0,0.0,0.0,0.35,0.0,0.0,0.0,0.0,0.0,0.0,0.0,0.0,0.2644935709424317,-0.0,0.0788296267263604,0.0042965428647221415,0.07894417468735852,-0.0,0.0201568603515625,0.0201568603515625,-0.05,0.16315428774979956,0.11087087541818619,0.2,0.0,-0.022151811068505053,-0.0,-0.6673318017194373,0.16923524644221927,0.21154405805277407,-0.17628671504397841,0.0003132309228500383,-0.2683634674167809,-0.0,0.0,0.0,0.0,0.14357611952641863,-0.04500000178813934,-0.0,-0.0,0.02,0.0,0.0,0.0,0.0,0.0,0.0,0.11087087541818619,10.337511831969024,32.4,0.7326086850269979,0.0,-0.25,0.699999988079071,1.0,3.0,-0.25,0.699999988079071,-0.25,0.699999988079071,-0.25,34.0,0.0,0.0,0.0,-0.25,-0.25,0.0,0.0,0.0,0.0,0.0,0.0,0.0,0.0,0.0,0.0,0.0,0.0,0.0,0.0,0.0,0.0,0.0,0.0,0.0,0.0,0.0,0.0,0.0,0.0,0.0,0.0,28.0,28.0,28.0,0.0,0.0,0.0,0.0,0.0,1.0,0.0,1.0,0.0,0.0,0.0,1.36,59.477899922057986,0.8641999447718263,0.000500003807246685,52.17629997059703,26.627999963238835,4.0,3.8029999705031514,1.970799989067018,0.6198999471962452,0.000300002284348011
1,35,35,-1.2737346096537019,0,0,1.0,4.0,1.0,0.7031065225601196,0.2107871025800705,1.0,1.0,1.0,0.1940789371728897,0.9793714880943298,1.0,0.15269440412521362,0.144103541970253,0.14798632264137268,0.144103541970253,0.2107871025800705,1.0,0.1940789371728897,0.144103541970253,1.0,0.027617787942290306,0.8067992329597473,0.8072718381881714,0.9994146227836609,0.14767874777317047,0.18797458708286285,-0.4545454680919647,0.11662597209215164,-0.15219363570213318,-0.9883506894111633,0.0,0.022297801449894905,-0.10205347090959549,0.0,0.0,0.0,96.8945541381836,3.602588415145874,5.269677639007568,25.0,3.602588415145874,4.851973533630371,0.022297801449894905,0.9777021985501051,0.14410353660583497,0.21078710556030272,1.0,1.0,0.0,0.0,0.0,-0.41405597242171077,-0.36953435757564285,0.3617735982015965,-0.8719178778579448,0.02,-0.41342106461524963,-0.21082237510538346,-0.04307716581332858,0.0,0.15,-0.0,0.0,0.0,-0.0,0.0,0.0,0.0,0.0,0.35,0.0,0.0,0.0,0.0,0.0,0.0,0.0,0.0,0.2644935709424317,-0.0,0.08578167177830665,0.0,0.08594402757828923,-0.0,0.02193450927734375,0.02193450927734375,-0.05,0.16745008052142832,0.11379006505012512,0.2,0.0,-0.022801389236109595,-0.0,-0.7133198466547013,0.24176464189182628,0.30220580236478284,-0.25183816863731906,0.00044747275454904177,-0.38337638855283374,-0.0,0.0,0.0,0.0,0.14778624795831882,-0.04500000178813934,-0.0,-0.0,0.02,0.0,0.0,0.0,0.0,0.0,0.0,0.11379006505012512,10.640648310184478,32.4,1.0,0.0,-0.25,1.0,1.0,4.0,-0.25,1.0,-0.25,1.0,-0.25,35.0,0.0,0.0,0.0,-0.25,-0.25,0.0,0.0,0.0,0.0,0.0,0.0,0.0,0.0,0.0,0.0,0.0,0.0,0.0,0.0,0.0,0.0,0.0,0.0,0.0,0.0,0.0,0.0,0.0,0.0,0.0,0.0,28.0,28.0,28.0,0.0,0.0,0.0,0.0,0.0,1.0,0.0,1.0,0.0,0.0,0.0,1.4,42.1258999267593,0.6029999349266291,0.000700005330145359,33.8196000084281,28.48059998359531,4.0,4.011500044725835,3.014999907463789,0.6435000104829669,0.000400003045797348
1,36,36,-1.011404120396935,0,0,1.0,4.0,1.0,0.7031065225601196,0.2107871025800705,1.0,1.0,1.0,0.1940789371728897,0.9793714880943298,1.0,0.15269440412521362,0.144103541970253,0.14798632264137268,0.144103541970253,0.2107871025800705,1.0,0.1940789371728897,0.144103541970253,1.0,0.028553824871778488,0.8069496154785156,0.8074546456336975,0.9993745684623718,0.1520092636346817,0.2631393074989319,-0.4545454680919647,0.11662597209215164,-0.16157737374305725,-0.9868600368499756,0.0,0.022297801449894905,-0.10205347090959549,0.0,0.0,0.0,96.91834259033203,3.633493661880493,5.372122764587402,25.0,3.633493661880493,4.823169231414795,0.01608176901936531,0.9839182309806347,0.14533974647521972,0.2148849105834961,1.0,1.0,0.0,0.0,0.0,-0.4062537893277574,-0.17500149531336062,0.37748378485075995,-0.8276326206065769,0.02,-0.3780862092971802,-0.2086634089474502,-0.04357635915526033,0.22788619041442873,0.15,-0.07455749898861086,0.0,0.0,-0.0,0.0,0.0,0.0,0.0,0.35,0.0,0.0,0.0,0.0,0.0,0.0,0.0,0.0,0.26045314986258744,-0.0,0.09362356702263241,0.0,0.09374621067224259,-0.0,0.0237884521484375,0.0237884521484375,-0.05,0.17321461528174442,0.11707679182291031,0.2,0.0,-0.02345082096228642,-0.0,-0.770513317002013,0.29601365219463,0.3700170652432875,-0.30834755436940625,0.00023276096531299608,-0.3915844066761017,-0.0,0.0,0.0,0.0,0.15199579066071223,-0.0,-0.0,-0.0,0.02,0.0,0.0,0.0,0.0,0.0,0.0,0.11707679182291031,10.943716449066997,32.4,1.0,0.0,-0.25,1.0,1.0,4.0,-0.25,1.0,-0.25,1.0,-0.25,36.0,0.0,0.0,0.0,-0.25,-0.25,0.0,0.0,0.0,0.0,0.0,0.0,0.0,0.0,0.0,0.0,0.0,0.0,0.0,0.0,0.0,0.0,0.0,0.0,0.0,0.0,0.0,0.0,0.0,0.0,0.0,0.0,28.0,28.0,28.0,0.0,0.0,0.0,0.0,0.0,1.0,0.0,1.0,0.0,0.0,0.0,1.44,43.389400001615286,0.5954999942332506,0.000700005330145359,36.19150002487004,25.212599895894527,4.0,3.5188000183552504,2.5062999920919538,0.5453999619930983,0.000300002284348011
1,37,37,-1.1983421164788195,0,0,1.0,4.0,1.0,0.6928036212921143,0.2148849070072174,1.0,1.0,1.0,0.19292676448822021,0.9758737683296204,1.0,0.15492095053195953,0.1453397423028946,0.1486847847700119,0.1453397423028946,0.2148849070072174,1.0,0.19292676448822021,0.1453397423028946,1.0,0.02951543778181076,0.8071133494377136,0.8076528310775757,0.9993320107460022,0.15633881092071533,0.263079971075058,-0.4545454680919647,0.12187261879444122,-0.17123393714427948,-0.9852303862571716,0.0,0.01608176901936531,-0.07609391957521439,0.0,0.0,0.0,96.94406127929688,3.633493661880493,5.372122764587402,25.0,3.633493661880493,4.823169231414795,0.01608176901936531,0.9839182309806347,0.14533974647521972,0.2148849105834961,1.0,1.0,0.0,0.0,0.0,-0.3985246149894914,-0.3240925148888505,0.38232932015416965,-0.8780543067546474,0.02,-0.3780862092971802,-0.2086634089474502,-0.04357635915526033,0.0,0.15,-0.0,0.0,0.0,-0.0,0.0,0.0,0.0,0.0,0.35,0.0,0.0,0.0,0.0,0.0,0.0,0.0,0.0,0.26045314986258744,-0.0,0.10122034779772093,0.0,0.10147538501050862,-0.0,0.02571868896484375,0.02571868896484375,-0.05,0.17806015058515415,0.12035191804170609,0.2,0.0,-0.02410464190079697,-0.0,-0.8202811822115729,0.29601365219463,0.3700170652432875,-0.30834755436940625,0.00023276096531299608,-0.3915844066761017,-0.0,0.0,0.0,0.0,0.1562334625110402,-0.0,-0.0,-0.0,0.02,0.0,0.0,0.0,0.0,0.0,0.0,0.12035191804170609,11.248832887038589,32.4,1.0,0.0,-0.25,1.0,1.0,4.0,-0.25,1.0,-0.25,1.0,-0.25,37.0,0.0,0.0,0.0,-0.25,-0.25,0.0,0.0,0.0,0.0,0.0,0.0,0.0,0.0,0.0,0.0,0.0,0.0,0.0,0.0,0.0,0.0,0.0,0.0,0.0,0.0,0.0,0.0,0.0,0.0,0.0,0.0,28.0,28.0,28.0,0.0,0.0,0.0,0.0,0.0,1.0,0.0,1.0,0.0,0.0,0.0,1.48,28.378300019539893,0.5891999462619424,0.000700005330145359,20.977800013497472,16.4504999993369,4.0,3.7846999475732446,2.4413999635726213,0.5474000936374068,0.000300002284348011
1,38,38,-0.9594778181934693,0,0,1.0,4.0,1.0,0.6928036212921143,0.2148849070072174,1.0,1.0,1.0,0.19292676448822021,0.9758737683296204,1.0,0.15492095053195953,0.1453397423028946,0.1486847847700119,0.1453397423028946,0.2148849070072174,1.0,0.19292676448822021,0.1453397423028946,1.0,0.030502326786518097,0.8072911500930786,0.807867169380188,0.999286949634552,0.16069760918617249,0.2648580074310303,-0.4545454680919647,0.12187261879444122,-0.18114712834358215,-0.983456015586853,0.0,0.01608176901936531,-0.07609391957521439,0.0,0.0,0.0,96.97184753417969,3.6693055629730225,5.485990047454834,25.0,3.6693055629730225,4.797945976257324,0.011391748674213886,0.9886082513257861,0.1467722225189209,0.21943960189819336,1.0,1.0,0.0,0.0,0.0,-0.3898700933557244,-0.08991487579493071,0.3954049905927306,-0.8950978396355448,0.02,-0.3394164443016052,-0.20618933596918018,-0.04401823958978051,0.2548706912994385,0.15,-0.06560636799190434,0.0,0.0,-0.0,0.0,0.0,0.0,0.0,0.35,0.0,0.0,0.0,0.0,0.0,0.0,0.0,0.0,0.25740463663823904,-0.0,0.1098788834023594,0.0,0.11012990664427558,-0.0,0.0277862548828125,0.0277862548828125,-0.05,0.1836317884714728,0.12361818552017212,0.2,0.0,-0.024754368256378386,-0.0,-0.8797668943704081,0.33694473884322423,0.4211809235540303,-0.3509841029616919,0.00011679474407080846,-0.39783493118839186,-0.0,0.0,0.0,0.0,0.16044482075810104,-0.0,-0.0,-0.0,0.02,0.0,0.0,0.0,0.0,0.0,0.0,0.12361818552017212,11.552038519643247,32.4,1.0,0.0,-0.25,1.0,1.0,4.0,-0.25,1.0,-0.25,1.0,-0.25,38.0,0.0,0.0,0.0,-0.25,-0.25,0.0,0.0,0.0,0.0,0.0,0.0,0.0,0.0,0.0,0.0,0.0,0.0,0.0,0.0,0.0,0.0,0.0,0.0,0.0,0.0,0.0,0.0,0.0,0.0,0.0,0.0,28.0,28.0,28.0,0.0,0.0,0.0,0.0,0.0,1.0,0.0,1.0,0.0,0.0,0.0,1.52,43.27370005194098,0.501300091855228,0.000500003807246685,36.275000078603625,26.753699989058077,4.0,3.5616999957710505,2.3241000017151237,0.584100023843348,0.000400003045797348
1,39,39,2.913603037877818,0,0,1.0,4.0,1.0,0.6878525018692017,0.21943959593772888,1.0,1.0,1.0,0.19191783666610718,0.972637414932251,1.0,0.15750497579574585,0.14677222073078156,0.14961616694927216,0.14677222073078156,0.21943959593772888,1.0,0.19191783666610718,0.14677222073078156,1.0,0.031514205038547516,0.807483971118927,0.8080987334251404,0.9992392659187317,0.1650291234254837,0.2631993293762207,-0.4545454680919647,0.12789206206798553,-0.19131137430667877,-0.9815294146537781,0.0,0.011391748674213886,-0.05036293342709541,0.0,0.0,0.0,97.00180053710938,3.7114651203155518,16.95081901550293,25.0,3.7114651203155518,4.777024269104004,0.0,1.0,0.14845860481262207,0.6780327606201172,1.0,1.0,0.0,0.0,0.0,-0.3798845335841179,4.044838617026338,0.42035979360342024,-1.1917108391678228,0.02,-0.0,-0.20331433229072313,-0.04438815999134275,4.032472343444824,0.15,-0.054636784355352574,0.0,0.0,-0.0,0.0,0.0,0.0,0.0,0.35,0.0,0.0,0.0,0.0,0.0,0.0,0.0,0.0,0.25,-0.0,0.11981201171875,0.0,0.12011546641588211,-0.0,0.0299530029296875,0.0299530029296875,-0.05,0.19035979360342026,0.12690652906894684,0.2,0.0,-0.02541171346234956,-0.0,-0.9548643846458623,0.43636363636363634,0.5454545454545454,-0.45454545454545453,0.0,-0.4132231404958677,-0.3254843278364702,0.0,0.0,0.0,0.16470555021893235,-0.0,-0.0,-0.0,0.02,0.0,0.0,0.0,0.0,0.0,0.0,0.12690652906894684,11.858799615763129,32.4,1.0,0.0,-0.25,1.0,1.0,4.0,-0.25,1.0,-0.25,1.0,-0.25,39.0,0.0,0.0,0.0,-0.25,-0.25,0.0,0.0,0.0,0.0,0.0,0.0,0.0,0.0,0.0,0.0,0.0,0.0,0.0,0.0,0.0,0.0,0.0,0.0,0.0,0.0,0.0,0.0,0.0,0.0,0.0,0.0,28.0,28.0,28.0,0.0,0.0,0.0,0.0,0.0,1.0,0.0,1.0,0.0,0.0,0.0,1.56,61.79019995033741,0.5388999124988914,0.000600004568696022,53.147300030104816,48.72349998913705,4.0,4.217800102196634,3.1048000091686845,0.7385000353679061,0.000300002284348011
1,40,40,0.6403191980963008,0,0,2.0,4.0,1.0,0.6780327558517456,1.0,1.0,1.0,1.0,0.1910809725522995,0.9697428345680237,1.0,0.16048499941825867,0.1484586000442505,0.15080539882183075,0.1484586000442505,0.6780327558517456,1.0,0.1910809725522995,0.1484586000442505,1.0,0.03255097195506096,0.8076926469802856,0.8083483576774597,0.9991888999938965,0.16941142082214355,0.2662856876850128,-0.4545454680919647,0.13424600660800934,-0.20172341167926788,-0.9794425368309021,0.0,0.0,0.0,0.0,0.0,0.0,97.03385925292969,3.7114651203155518,16.95081901550293,25.0,3.7114651203155518,4.777024269104004,0.0,1.0,0.14845860481262207,0.6780327606201172,1.0,1.0,0.0,0.0,0.0,-0.37136852741241455,0.07143197614951866,0.42566904753446577,0.49458670182473086,0.02,-0.0,-0.20331433229072313,-0.04438815999134275,0.0,0.15,-0.0,0.0,0.0,-0.0,0.0,0.0,0.0,0.0,0.35,0.0,0.0,0.0,0.0,0.0,0.0,0.0,0.0,0.25,-0.0,0.12823486328125,0.0,0.12863147258758545,-0.0,0.0320587158203125,0.0320587158203125,-0.05,0.1956690475344658,0.13044603168964386,0.2,0.0,-0.013569416781596838,-0.0,-0.5263288933467865,0.610909090909091,0.7636363636363637,-0.23636363636363636,0.0,-0.11173553719008264,-0.1692518504749645,0.1952905821515988,0.0,0.0,0.16913446843158453,-0.018000000715255735,-0.0,-0.0,0.02,0.0,0.0,0.0,0.0,0.0,0.0,0.13044603168964386,12.177681727074086,32.4,1.0,0.0,0.0,1.0,2.0,4.0,0.0,1.0,-0.12999999523162842,1.0,-0.13,40.0,0.0,0.0,0.0,0.0,0.0,1.0,0.13,0.0,0.0,0.0,0.0,0.0,0.0,0.0,0.0,0.0,0.0,0.0,0.0,0.0,0.0,0.0,0.0,0.0,0.0,0.0,0.0,0.0,0.0,0.0,0.0,28.0,28.0,28.0,0.0,0.0,0.0,0.0,0.0,1.0,0.0,1.0,0.0,0.0,0.0,1.6,23.721700068563223,0.592100084759295,0.000700005330145359,14.086499926634133,7.925499929115176,4.0,5.492899916134775,2.5625000707805157,0.9435999672859907,0.000400003045797348
1,41,41,1.4131321672133592,0,0,2.0,3.0,1.0,0.6780327558517456,1.0,1.0,1.0,1.0,0.1910809725522995,0.9697428345680237,1.0,0.16048499941825867,0.1484586000442505,0.15080539882183075,0.1484586000442505,0.6780327558517456,1.0,0.1910809725522995,0.1484586000442505,1.0,0.033614762127399445,0.807916522026062,0.808615505695343,0.9991355538368225,0.1739668846130371,0.27680739760398865,-0.23636363446712494,0.13424600660800934,-0.21228675544261932,-0.9772074222564697,0.0,0.0,0.0,0.0,0.0,0.0,97.0682373046875,3.758668899536133,16.80870246887207,25.0,3.758668899536133,4.763775825500488,0.0,1.0,0.1503467559814453,0.6723480987548828,1.0,1.0,0.0,0.0,0.0,-0.36214591562747955,0.03670799673468263,0.4072358819842339,1.3113342041219223,0.02,-0.0,-0.20014292730115155,-0.04462401399278882,-0.005666847229003905,0.15,-0.03468591033561097,0.0,0.0,-0.0,0.0,0.0,0.0,0.0,0.35,0.0,0.0,0.0,0.0,0.0,0.0,0.0,0.0,0.25,-0.0,0.13751220703125,0.0,0.13785408437252045,-0.0,0.0343780517578125,0.0343780517578125,-0.05,0.20123588293790817,0.13415725529193878,0.2,0.0,-0.0010604223499468405,-0.0,-0.042416893997873614,0.549818172454834,0.6872727155685425,-0.012727272510528574,0.0,-0.0004628099094737666,-0.012812658136541203,0.19218985725154786,0.0,0.0,0.17182769559323788,-0.04846648424863815,-0.0,-0.0,0.02,0.0,0.0,0.0,0.0,0.0,0.0,0.13415725529193878,12.371594082713127,32.4,0.7326086850269979,0.0,0.0,0.699999988079071,2.0,3.0,0.0,0.699999988079071,-0.009999999776482582,0.699999988079071,-0.010000000000000009,41.0,0.0,0.0,0.0,0.0,0.0,1.0,0.010000000000000009,0.0,0.0,0.0,0.0,0.0,0.0,0.0,0.0,0.0,0.0,0.0,0.0,0.0,0.0,0.0,0.0,0.0,0.0,0.0,0.0,0.0,0.0,0.0,0.0,28.0,28.0,28.0,0.0,0.0,0.0,0.0,0.0,1.0,0.0,1.0,0.0,0.0,0.0,1.64,74.26069991197437,0.5909999599680305,0.000600004568696022,57.290100026875734,26.551000075414777,4.0,12.842900003306568,2.9105000430718064,0.5841999081894755,0.000300002284348011
1,42,42,1.9587068926709503,0,0,2.0,4.0,1.0,0.6723480820655823,1.0,1.0,1.0,1.0,0.1905510276556015,0.9744728803634644,1.0,0.16377511620521545,0.1503467559814453,0.15225857496261597,0.1503467559814453,0.6723480820655823,1.0,0.1905510276556015,0.1503467559814453,1.0,0.03470664098858833,0.8081570267677307,0.8089019656181335,0.9990791082382202,0.17673705518245697,0.16832669079303741,-0.0181818176060915,0.11463666707277298,-0.22148078680038452,-0.9751647114753723,0.0,0.0,0.0,0.0,0.0,0.0,97.1053237915039,3.758668899536133,16.80870246887207,25.0,3.758668899536133,4.763775825500488,0.0,1.0,0.1503467559814453,0.6723480987548828,1.0,1.0,0.0,0.0,0.0,-0.35122524201869965,0.08135232246959914,0.4375889855623245,1.7709908266577263,0.02,-0.0,-0.20014292730115155,-0.04462401399278882,0.0,0.15,-0.0,0.0,0.0,-0.0,0.0,0.0,0.0,0.0,0.35,0.0,0.0,0.0,0.0,0.0,0.0,0.0,0.0,0.25,-0.0,0.148345947265625,0.0,0.14877475798130035,-0.0,0.03708648681640625,0.03708648681640625,-0.05,0.20758898556232452,0.13839265704154968,0.2,0.0,-0.0,-0.0,-0.0,0.8,1.0,-0.0,0.0,-0.0,-0.0,0.016015822163535986,0.0,0.0,0.1761192637635395,-0.04502499550580978,-0.0,-0.0,0.02,0.0,0.0,0.0,0.0,0.0,0.0,0.13839265704154968,12.680586990974845,32.4,1.0,0.0,0.0,1.0,2.0,4.0,0.0,1.0,0.0,1.0,0.0,0.0,0.0,0.0,0.0,0.0,0.0,0.0,0.0,0.0,0.0,0.0,0.0,0.0,0.0,0.0,0.0,0.0,0.0,0.0,0.0,0.0,0.0,0.0,0.0,0.0,0.0,0.0,0.0,0.0,0.0,0.0,0.0,28.0,28.0,28.0,0.0,0.0,0.0,0.0,0.0,1.0,0.0,1.0,0.0,0.0,0.0,1.68,27.333799982443452,0.5288999527692795,0.000600004568696022,18.721400061622262,16.20130008086562,4.0,4.112599999643862,3.342200070619583,0.6021999288350344,0.000400003045797348
1,43,43,1.0857002178216004,0,0,1.0,4.0,1.0,0.6723480820655823,1.0,1.0,1.0,1.0,0.1905510276556015,0.9744728803634644,1.0,0.16377511620521545,0.1503467559814453,0.15225857496261597,0.1503467559814453,0.6723480820655823,1.0,0.1905510276556015,0.1503467559814453,1.0,0.03583020716905594,0.8084173798561096,0.809211015701294,0.9990192651748657,0.18115124106407166,0.26822301745414734,0.0,0.11463666707277298,-0.2279938906431198,-0.9736625552177429,0.0,0.0,0.0,0.0,0.0,0.0,97.14482879638672,3.8047878742218018,16.54328727722168,25.0,3.8047878742218018,4.7728095054626465,0.0,1.0,0.15219151496887207,0.6617314910888672,1.0,1.0,0.0,0.0,0.0,-0.34153592586517334,0.04976035106295049,0.44407293528318403,0.9134028573406393,0.02,-0.0,-0.1970922276773818,-0.04446305734967068,-0.03911590576171874,0.15,-0.0,0.0,0.0,-0.0,0.0,0.0,0.0,0.0,0.35,0.0,0.0,0.0,0.0,0.0,0.0,0.0,0.0,0.25,-0.0,0.15802001953125,0.0,0.15846407413482666,-0.0,0.0395050048828125,0.0395050048828125,-0.05,0.21407293528318405,0.14271529018878937,0.2,0.0,-0.013362244470847502,-0.0,-0.0,0.6254545454545455,0.7818181818181819,-0.21818181818181814,0.0,-0.0952066115702479,-0.14911919611150568,0.0,0.0,0.0,0.18043154185172172,-0.017999999597668646,-0.0,-0.0,0.02,0.0,0.0,0.0,0.0,0.0,0.0,0.14271529018878937,12.991071013323962,32.4,1.0,0.0,-0.25,1.0,1.0,4.0,-0.25,1.0,-0.11999999731779099,1.0,-0.12,1.0,0.0,0.0,0.0,-0.25,-0.25,1.0,0.13,0.0,0.0,0.0,0.0,0.0,0.0,0.0,0.0,0.0,0.0,0.0,0.0,0.0,0.0,0.0,0.0,0.0,0.0,0.0,0.0,0.0,0.0,0.0,0.0,28.0,28.0,28.0,0.0,0.0,0.0,0.0,0.0,1.0,0.0,1.0,0.0,0.0,0.0,1.72,41.21629998553544,0.5268999375402927,0.000600004568696022,34.29350000806153,25.057699996978045,4.0,3.5500000230968,2.228399971500039,0.5867000436410308,0.000300002284348011
1,44,44,2.1966269756096826,0,0,2.0,4.0,1.0,0.661731481552124,1.0,1.0,1.0,1.0,0.1909123808145523,0.9693158864974976,1.0,0.16658838093280792,0.15219151973724365,0.1538497507572174,0.15219151973724365,0.661731481552124,1.0,0.1909123808145523,0.15219151973724365,1.0,0.03698672354221344,0.8086948990821838,0.8095402121543884,0.9989557266235352,0.18558673560619354,0.2695173919200897,-0.2181818187236786,0.057250261306762695,-0.23240235447883606,-0.9726197123527527,0.0,0.0,0.0,0.0,0.0,0.0,97.18583679199219,3.8047878742218018,16.54328727722168,25.0,3.8047878742218018,4.7728095054626465,0.0,1.0,0.15219151496887207,0.6617314910888672,1.0,1.0,0.0,0.0,0.0,-0.33558671176433563,0.09380887893793433,0.4500058251619339,1.9683989832741502,0.02,-0.0,-0.1970922276773818,-0.04446305734967068,0.0,0.15,-0.0,0.0,0.0,-0.0,0.0,0.0,0.0,0.0,0.35,0.0,0.0,0.0,0.0,0.0,0.0,0.0,0.0,0.25,-0.0,0.164031982421875,0.0,0.16441328823566437,-0.0,0.04100799560546875,0.04100799560546875,-0.05,0.2200058251619339,0.14667055010795593,0.2,0.0,-0.0,-0.0,-0.0,0.8,1.0,-0.0,0.0,-0.0,-0.0,0.1863989828718189,0.0,0.0,0.1853641639649868,-0.017999999597668646,-0.0,-0.0,0.02,0.0,0.0,0.0,0.0,0.0,0.0,0.14667055010795593,13.34621980547905,32.4,1.0,0.0,0.0,1.0,2.0,4.0,0.0,1.0,0.0,1.0,0.0,0.0,0.0,0.0,0.0,0.0,0.0,0.0,0.0,0.0,0.0,0.0,0.0,0.0,0.0,0.0,0.0,0.0,0.0,0.0,0.0,0.0,0.0,0.0,0.0,0.0,0.0,0.0,0.0,0.0,0.0,0.0,0.0,28.0,28.0,28.0,0.0,0.0,0.0,0.0,0.0,1.0,0.0,1.0,0.0,0.0,0.0,1.76,11.555699980817735,0.7130000740289688,0.000800006091594696,4.0426000487059355,1.3045999221503735,4.0,3.7403000751510262,2.501299954019487,0.5311999702826142,0.000200001522898674
1,45,45,2.0342920761889496,0,0,2.0,4.0,1.0,0.661731481552124,1.0,1.0,1.0,1.0,0.1909123808145523,0.9693158864974976,1.0,0.16658838093280792,0.15219151973724365,0.1538497507572174,0.15219151973724365,0.661731481552124,1.0,0.1909123808145523,0.15219151973724365,1.0,0.038174886256456375,0.8089817762374878,0.8098819851875305,0.9988884925842285,0.1906602829694748,0.3082888722419739,0.0,0.057250261306762695,-0.23687979578971863,-0.9715389609336853,0.0,0.0,0.0,0.0,0.0,0.0,97.22881317138672,3.8495914936065674,16.342811584472656,25.0,3.8495914936065674,4.792646408081055,0.0,1.0,0.1539836597442627,0.6537124633789062,1.0,1.0,0.0,0.0,0.0,-0.32766392827033997,0.08559810485306181,0.45635789960622786,1.8,0.02,-0.0,-0.1941731109144182,-0.04411164962605431,-0.016365051269531247,0.15,-0.0,0.0,0.0,-0.0,0.0,0.0,0.0,0.0,0.35,0.0,0.0,0.0,0.0,0.0,0.0,0.0,0.0,0.25,-0.0,0.171905517578125,0.0,0.17233607172966003,-0.0,0.04297637939453125,0.04297637939453125,-0.05,0.22635789960622787,0.15090526640415192,0.2,0.0,-0.0,-0.0,-0.0,0.8,1.0,-0.0,0.0,-0.0,-0.0,0.0,0.0,0.0,0.19024791666306556,-0.0,-0.0,-0.0,0.02,0.0,0.0,0.0,0.0,0.0,0.0,0.15090526640415192,13.69784999974072,32.4,1.0,0.0,0.0,1.0,2.0,4.0,0.0,1.0,0.0,1.0,0.0,0.0,0.0,0.0,0.0,0.0,0.0,0.0,0.0,0.0,0.0,0.0,0.0,0.0,0.0,0.0,0.0,0.0,0.0,0.0,0.0,0.0,0.0,0.0,0.0,0.0,0.0,0.0,0.0,0.0,0.0,0.0,0.0,28.0,28.0,28.0,0.0,0.0,0.0,0.0,0.0,1.0,0.0,1.0,0.0,0.0,0.0,1.8,61.259099980816245,0.4211999475955963,0.000600004568696022,53.81630000192672,39.325600024312735,4.0,3.7544999504461884,2.6579999830573797,0.5817000055685639,0.000200001522898674
1,46,46,1.4475473575328808,0,0,2.0,3.0,1.0,0.6537124514579773,1.0,1.0,1.0,1.0,0.1917058527469635,0.973386287689209,1.0,0.1691547930240631,0.15398365259170532,0.15549886226654053,0.15398365259170532,0.6537124514579773,1.0,0.1917058527469635,0.15398365259170532,1.0,0.03939612954854965,0.8092817068099976,0.8102400898933411,0.9988172054290771,0.1956835687160492,0.30523455142974854,0.0,0.05235099792480469,-0.24026907980442047,-0.9707063436508179,0.0,0.0,0.0,0.0,0.0,0.0,97.27355194091797,3.894455909729004,16.123498916625977,25.0,3.894455909729004,4.822446346282959,0.0,1.0,0.15577823638916016,0.6449399566650391,1.0,1.0,0.0,0.0,0.0,-0.3161839097738266,0.09105861708869724,0.43767267346382144,1.2149999767541886,0.02,-0.0,-0.19129339259009265,-0.043588961258000214,-0.01798229217529297,0.15,-0.0,0.0,0.0,-0.0,0.0,0.0,0.0,0.0,0.35,0.0,0.0,0.0,0.0,0.0,0.0,0.0,0.0,0.25,-0.0,0.178955078125,0.00439453125,0.1794215589761734,-0.0,0.04473876953125,0.04473876953125,-0.05,0.23167267441749573,0.15444844961166382,0.2,0.0,-0.0,-0.0,-0.0,0.5599999904632569,0.699999988079071,-0.0,0.0,-0.0,-0.0,0.0,0.0,0.0,0.19392326311208308,-0.04500000178813934,-0.0,-0.0,0.02,0.0,0.0,0.0,0.0,0.0,0.0,0.15444844961166382,13.962474944069982,32.4,0.7326086850269979,0.0,0.0,0.699999988079071,2.0,3.0,0.0,0.699999988079071,0.0,0.699999988079071,0.0,0.0,0.0,0.0,0.0,0.0,0.0,0.0,0.0,0.0,0.0,0.0,0.0,0.0,0.0,0.0,0.0,0.0,0.0,0.0,0.0,0.0,0.0,0.0,0.0,0.0,0.0,0.0,0.0,0.0,0.0,0.0,0.0,28.0,28.0,28.0,0.0,0.0,0.0,0.0,0.0,1.0,0.0,1.0,0.0,0.0,0.0,1.84,55.86059996858239,0.5281999474391341,0.000600004568696022,47.22579999361187,26.96530008688569,4.0,4.810999962501228,2.543600043281913,0.712099950760603,0.000500003807246685
1,47,47,2.043188033391475,0,0,2.0,4.0,1.0,0.6449399590492249,0.7104266285896301,1.0,1.0,1.0,0.19289785623550415,0.995816171169281,1.0,0.17149947583675385,0.15577822923660278,0.1572115272283554,0.15577822923660278,0.6449399590492249,1.0,0.19289785623550415,0.15577822923660278,1.0,0.04064490273594856,0.8095933198928833,0.8106129169464111,0.9987421631813049,0.19946393370628357,0.22970914840698242,0.0,0.02396535687148571,-0.2424798160791397,-0.9701564311981201,0.0,0.0,0.0,0.0,0.0,0.0,97.32006072998047,3.894455909729004,16.123498916625977,25.0,3.894455909729004,4.822446346282959,0.0,1.0,0.15577823638916016,0.6449399566650391,1.0,1.0,0.0,0.0,0.0,-0.31351570785045624,0.11428541927480637,0.46741832375526426,1.7549999982118607,0.02,-0.0,-0.19129339259009265,-0.043588961258000214,0.0,0.15,-0.0,0.0,0.0,-0.0,0.0,0.0,0.0,0.0,0.35,0.0,0.0,0.0,0.0,0.0,0.0,0.0,0.0,0.25,-0.0,0.18603515625,0.0,0.18648429214954376,-0.0,0.0465087890625,0.0465087890625,-0.05,0.23741832375526428,0.15827888250350952,0.2,0.0,-0.0,-0.0,-0.0,0.8,1.0,-0.0,0.0,-0.0,-0.0,0.0,0.0,0.0,0.19916777312289924,-0.04500000178813934,-0.0,-0.0,0.02,0.0,0.0,0.0,0.0,0.0,0.0,0.15827888250350952,14.340079664848746,32.4,1.0,0.0,0.0,1.0,2.0,4.0,0.0,1.0,0.0,1.0,0.0,0.0,0.0,0.0,0.0,0.0,0.0,0.0,0.0,0.0,0.0,0.0,0.0,0.0,0.0,0.0,0.0,0.0,0.0,0.0,0.0,0.0,0.0,0.0,0.0,0.0,0.0,0.0,0.0,0.0,0.0,0.0,0.0,28.0,28.0,28.0,0.0,0.0,0.0,0.0,0.0,1.0,0.0,1.0,0.0,0.0,0.0,1.88,23.691199952736497,0.632300041615963,0.000700005330145359,14.068899909034371,7.238000049255788,4.0,5.077200010418892,3.2244999893009663,0.6580000044777989,0.0004998873919248581
1,48,48,2.075368831154685,0,0,2.0,4.0,1.0,0.6449399590492249,0.7104266285896301,1.0,1.0,1.0,0.19289785623550415,0.995816171169281,1.0,0.17149947583675385,0.15577822923660278,0.1572115272283554,0.15577822923660278,0.6449399590492249,1.0,0.19289785623550415,0.15577822923660278,1.0,0.04192374646663666,0.8099161982536316,0.8110005259513855,0.9986630082130432,0.20485828816890717,0.32778188586235046,0.0,0.02396535687148571,-0.24390307068824768,-0.9697996377944946,0.0,0.0,0.0,0.0,0.0,0.0,97.3682861328125,3.939709424972534,15.834976196289062,25.0,3.939709424972534,4.860479354858398,0.0,1.0,0.15758837699890138,0.6333990478515625,1.0,1.0,0.0,0.0,0.0,-0.30662764608860016,0.0880509307950545,0.4739455464482307,1.8,0.02,-0.0,-0.18843200013739078,-0.04293085218940882,-0.03514080047607421,0.15,-0.0,0.0,0.0,-0.0,0.0,0.0,0.0,0.0,0.35,0.0,0.0,0.0,0.0,0.0,0.0,0.0,0.0,0.25,-0.0,0.192901611328125,0.0,0.19337235391139984,-0.0,0.04822540283203125,0.04822540283203125,-0.05,0.24394554644823074,0.1626303642988205,0.2,0.0,-0.0,-0.0,-0.0,0.8,1.0,-0.0,0.0,-0.0,-0.0,0.0,0.0,0.0,0.2045545835979283,-0.0,-0.0,-0.0,0.02,0.0,0.0,0.0,0.0,0.0,0.0,0.1626303642988205,14.727930019050836,32.4,1.0,0.0,0.0,1.0,2.0,4.0,0.0,1.0,0.0,1.0,0.0,0.0,0.0,0.0,0.0,0.0,0.0,0.0,0.0,0.0,0.0,0.0,0.0,0.0,0.0,0.0,0.0,0.0,0.0,0.0,0.0,0.0,0.0,0.0,0.0,0.0,0.0,0.0,0.0,0.0,0.0,0.0,0.0,28.0,28.0,28.0,0.0,0.0,0.0,0.0,0.0,1.0,0.0,1.0,0.0,0.0,0.0,1.92,71.60890009254217,0.5234000273048878,0.000500003807246685,53.17780002951622,25.55170003324747,4.0,14.117899932898581,3.0963000608608127,0.6554999854415655,0.000400003045797348
1,49,49,2.1295292234716747,0,0,2.0,4.0,1.0,0.6356073021888733,0.6333990693092346,1.0,1.0,1.0,0.19441917538642883,1.0,1.0,0.17367255687713623,0.15758837759494781,0.15899042785167694,0.15758837759494781,0.6333990693092346,1.0,0.19441917538642883,0.15758837759494781,1.0,0.04323733597993851,0.8102495670318604,0.8114023804664612,0.998579204082489,0.21039900183677673,0.33667564392089844,0.0,0.011588147841393948,-0.24485614895820618,-0.9695594310760498,0.0,0.0,0.0,0.0,0.0,0.0,97.41820526123047,3.939709424972534,15.834976196289062,25.0,3.939709424972534,4.860479354858398,0.0,1.0,0.15758837699890138,0.6333990478515625,1.0,1.0,0.0,0.0,0.0,-0.2997872829437256,0.12874228271821472,0.4805742236971855,1.8,0.02,-0.0,-0.18843200013739078,-0.04293085218940882,0.0,0.15,-0.0,0.0,0.0,-0.0,0.0,0.0,0.0,0.0,0.35,0.0,0.0,0.0,0.0,0.0,0.0,0.0,0.0,0.25,-0.0,0.199676513671875,0.0,0.20021271705627441,-0.0,0.04991912841796875,0.04991912841796875,-0.05,0.2505742236971855,0.16704948246479034,0.2,0.0,-0.0,-0.0,-0.0,0.8,1.0,-0.0,0.0,-0.0,-0.0,0.0,0.0,0.0,0.21010513504501432,-0.0,-0.0,-0.0,0.02,0.0,0.0,0.0,0.0,0.0,0.0,0.16704948246479034,15.12756972324103,32.4,1.0,0.0,0.0,1.0,2.0,4.0,0.0,1.0,0.0,1.0,0.0,0.0,0.0,0.0,0.0,0.0,0.0,0.0,0.0,0.0,0.0,0.0,0.0,0.0,0.0,0.0,0.0,0.0,0.0,0.0,0.0,0.0,0.0,0.0,0.0,0.0,0.0,0.0,0.0,0.0,0.0,0.0,0.0,28.0,28.0,28.0,0.0,0.0,0.0,0.0,0.0,1.0,0.0,1.0,0.0,0.0,0.0,1.96,27.746399980969727,0.4246999742463231,0.000500003807246685,18.632999970577657,15.702200005762279,4.0,4.795199958607554,3.1279000686481595,0.7441999623551965,0.000300002284348011
1,50,50,2.131241664760878,0,0,2.0,4.0,1.0,0.6356073021888733,0.6333990693092346,1.0,1.0,1.0,0.19441917538642883,1.0,1.0,0.17367255687713623,0.15758837759494781,0.15899042785167694,0.15758837759494781,0.6333990693092346,1.0,0.19441917538642883,0.15758837759494781,1.0,0.04458632692694664,0.8105930685997009,0.8118183612823486,0.9984906911849976,0.21610814332962036,0.34690946340560913,0.0,0.011588147841393948,-0.2454749494791031,-0.9694029092788696,0.0,0.0,0.0,0.0,0.0,0.0,97.4698257446289,3.986178159713745,15.583409309387207,25.0,3.986178159713745,4.903573989868164,0.0,1.0,0.1594471263885498,0.6233363723754883,1.0,1.0,0.0,0.0,0.0,-0.29303237795829773,0.11695538210230098,0.4873186606168747,1.8,0.02,-0.0,-0.1855383428034476,-0.04219715824923224,-0.02105722427368163,0.15,-0.0,0.0,0.0,-0.0,0.0,0.0,0.0,0.0,0.35,0.0,0.0,0.0,0.0,0.0,0.0,0.0,0.0,0.25,-0.0,0.20648193359375,0.0,0.20696762204170227,-0.0,0.0516204833984375,0.0516204833984375,-0.05,0.2573186606168747,0.17154577374458313,0.2,0.0,-0.0,-0.0,-0.0,0.8,1.0,-0.0,0.0,-0.0,-0.0,0.0,0.0,0.0,0.21574810742866246,-0.0,-0.0,-0.0,0.02,0.0,0.0,0.0,0.0,0.0,0.0,0.17154577374458313,15.533863734863697,32.4,1.0,0.0,0.0,1.0,2.0,4.0,0.0,1.0,0.0,1.0,0.0,0.0,0.0,0.0,0.0,0.0,0.0,0.0,0.0,0.0,0.0,0.0,0.0,0.0,0.0,0.0,0.0,0.0,0.0,0.0,0.0,0.0,0.0,0.0,0.0,0.0,0.0,0.0,0.0,0.0,0.0,0.0,0.0,28.0,28.0,28.0,0.0,0.0,0.0,0.0,0.0,1.0,0.0,1.0,0.0,0.0,0.0,2.0,59.2465999070555,0.6643999367952347,0.000700005330145359,47.02429997269064,37.098299944773316,4.0,6.84950000140816,3.9570999797433615,0.7211000192910433,0.000300002284348011
1,51,51,1.2995579569294897,0,0,1.0,4.0,1.0,0.6255488991737366,0.6233363747596741,1.0,1.0,1.0,0.19614295661449432,1.0,1.0,0.1758083701133728,0.15944713354110718,0.16084256768226624,0.15944713354110718,0.6233363747596741,1.0,0.19614295661449432,0.15944713354110718,1.0,0.045971501618623734,0.810946524143219,0.8122485280036926,0.9983970522880554,0.22191233932971954,0.3526857793331146,0.0,0.005344676785171032,-0.24586401879787445,-0.9693043231964111,0.0,0.0,0.0,0.0,0.0,0.0,97.5233154296875,3.986178159713745,15.583409309387207,25.0,3.986178159713745,4.903573989868164,0.0,1.0,0.1594471263885498,0.6233363723754883,1.0,1.0,0.0,0.0,0.0,-0.28544820845127106,0.1437058806187861,0.4941802653670311,0.9271200193949436,0.02,-0.0,-0.1855383428034476,-0.04219715824923224,0.0,0.15,-0.0,0.0,0.0,-0.0,0.0,0.0,0.0,0.0,0.35,0.0,0.0,0.0,0.0,0.0,0.0,0.0,0.0,0.25,-0.0,0.213958740234375,0.0,0.21455179154872894,-0.0,0.05348968505859375,0.05348968505859375,-0.05,0.2641802653670311,0.17612017691135406,0.2,0.0,-0.016399316036926848,-0.0,-0.0,0.6254545454545455,0.7818181818181819,-0.21818181818181814,0.0,-0.0952066115702479,-0.13236496249112215,0.0,0.0,0.0,0.22144138167146596,-0.017999999597668646,-0.0,-0.0,0.02,0.0,0.0,0.0,0.0,0.0,0.0,0.17612017691135406,15.943779480345547,32.4,1.0,0.0,-0.25,1.0,1.0,4.0,-0.25,1.0,-0.11999999731779099,1.0,-0.12,1.0,0.0,0.0,0.0,-0.25,-0.25,1.0,0.13,0.0,0.0,0.0,0.0,0.0,0.0,0.0,0.0,0.0,0.0,0.0,0.0,0.0,0.0,0.0,0.0,0.0,0.0,0.0,0.0,0.0,0.0,0.0,0.0,28.0,28.0,28.0,0.0,0.0,0.0,0.0,0.0,1.0,0.0,1.0,0.0,0.0,0.0,2.04,28.454399900510907,0.7260999409481883,0.000600004568696022,19.583299988880754,15.681699966080487,4.0,4.788799909874797,2.480100025422871,0.8500999538227916,0.000400003045797348
1,52,52,0.2591984778219906,0,0,1.0,4.0,1.0,0.6255488991737366,0.6233363747596741,1.0,1.0,1.0,0.19614295661449432,1.0,1.0,0.1758083701133728,0.15944713354110718,0.16084256768226624,0.15944713354110718,0.6233363747596741,1.0,0.19614295661449432,0.15944713354110718,1.0,0.04739312827587128,0.8113111853599548,0.8126943111419678,0.998298168182373,0.22776827216148376,0.3558296263217926,-0.2181818187236786,0.005344676785171032,-0.24628420174121857,-0.9691976308822632,0.0,0.0,0.0,0.0,0.0,0.0,97.57855224609375,4.0345025062561035,15.318679809570312,25.0,4.0345025062561035,4.948760509490967,0.0,1.0,0.16138010025024413,0.6127471923828125,1.0,1.0,0.0,0.0,0.0,-0.28284887969493866,0.13097056163292564,0.5009314972162247,-0.109854701332221,0.02,-0.0,-0.18257630058073945,-0.0414413125461178,-0.02268476486206054,0.15,-0.0,0.0,0.0,-0.0,0.0,0.0,0.0,0.0,0.35,0.0,0.0,0.0,0.0,0.0,0.0,0.0,0.0,0.25,-0.0,0.220947265625,-0.00439453125,0.22154565155506134,-0.0,0.05523681640625,0.05523681640625,-0.05,0.27093149721622467,0.18062099814414978,0.2,0.0,-0.03372161482856103,-0.0,-0.0,0.450909090909091,0.5636363636363637,-0.4363636363636363,0.0,-0.3808264462809916,-0.25548845880681814,0.0,0.0,0.0,0.22767293962184343,-0.017999999597668646,-0.0,-0.0,0.02,0.0,0.0,0.0,0.0,0.0,0.0,0.18062099814414978,16.392451652772724,32.4,1.0,0.0,-0.25,1.0,1.0,4.0,-0.25,1.0,-0.23999999463558197,1.0,-0.24,2.0,0.0,0.0,0.0,-0.25,-0.25,1.0,0.010000000000000009,0.0,0.0,0.0,0.0,0.0,0.0,0.0,0.0,0.0,0.0,0.0,0.0,0.0,0.0,0.0,0.0,0.0,0.0,0.0,0.0,0.0,0.0,0.0,0.0,28.0,28.0,28.0,0.0,0.0,0.0,0.0,0.0,1.0,0.0,1.0,0.0,0.0,0.0,2.08,57.909199967980385,0.7206998998299241,0.000700005330145359,49.85180008225143,40.64480005763471,4.0,3.949599922634661,2.3028000723570585,1.0500999633222818,0.000400003045797348
1,53,53,0.218264387174601,0,0,1.0,4.0,1.0,0.6149604320526123,0.6127471923828125,1.0,1.0,1.0,0.19795042276382446,1.0,1.0,0.17801980674266815,0.1613800972700119,0.16277122497558594,0.1613800972700119,0.6127471923828125,1.0,0.19795042276382446,0.1613800972700119,1.0,0.048850931227207184,0.8116858601570129,0.8131545782089233,0.9981938004493713,0.23417788743972778,0.3894723653793335,-0.4363636374473572,0.018059823662042618,-0.24884000420570374,-0.968544602394104,0.0,0.0,0.0,0.0,0.0,0.0,97.63567352294922,4.093061923980713,15.070388793945312,25.0,4.093061923980713,4.978869438171387,0.0,1.0,0.1637224769592285,0.6028155517578125,1.0,1.0,0.0,0.0,0.0,-0.2752140015363693,0.14690501640279313,0.5069997492432594,-0.1804263769350822,0.02,-0.0,-0.17905025680874534,-0.040945204588979815,-0.015596199035644518,0.15,-0.0,0.0,0.0,-0.0,0.0,0.0,0.0,0.0,0.35,0.0,0.0,0.0,0.0,0.0,0.0,0.0,0.0,0.25,-0.0,0.228485107421875,-0.00439453125,0.22918052971363068,-0.0,0.05712127685546875,0.05712127685546875,-0.05,0.27699974924325943,0.1846664994955063,0.2,0.0,-0.035870915854722255,-0.0,-0.0,0.43636363636363634,0.5454545454545454,-0.45454545454545453,0.0,-0.4132231404958677,-0.2571050470525568,0.0,0.0,0.0,0.23249667683616282,-0.0015000008046627043,-0.0,-0.0,0.02,0.0,0.0,0.0,0.0,0.0,0.0,0.1846664994955063,16.73976073220372,32.4,1.0,0.0,-0.25,1.0,1.0,4.0,-0.25,1.0,-0.25,1.0,-0.25,3.0,0.0,0.0,0.0,-0.25,-0.25,0.0,0.0,0.0,0.0,0.0,0.0,0.0,0.0,0.0,0.0,0.0,0.0,0.0,0.0,0.0,0.0,0.0,0.0,0.0,0.0,0.0,0.0,0.0,0.0,0.0,0.0,28.0,28.0,28.0,0.0,0.0,0.0,0.0,0.0,1.0,0.0,1.0,0.0,0.0,0.0,2.12,51.32780002895743,0.6717001087963581,0.0006998889148235321,43.655000044964254,24.76940001361072,4.0,3.9068999467417598,2.420000033453107,0.6337999366223812,0.000300002284348011
1,54,54,0.2626238232685103,0,0,1.0,4.0,1.0,0.6049392819404602,0.602815568447113,1.0,1.0,1.0,0.1991547793149948,1.0,1.0,0.18134576082229614,0.1637224704027176,0.16493846476078033,0.1637224704027176,0.602815568447113,1.0,0.1991547793149948,0.1637224704027176,1.0,0.050340618938207626,0.8120718002319336,0.8136306405067444,0.9980841279029846,0.23913943767547607,0.3014835715293884,-0.4545454680919647,0.09988391399383545,-0.25520059466362,-0.9668881297111511,0.0,0.0,0.0,0.0,0.0,0.0,97.69561004638672,4.093061923980713,15.070388793945312,25.0,4.093061923980713,4.978869438171387,0.0,1.0,0.1637224769592285,0.6028155517578125,1.0,1.0,0.0,0.0,0.0,-0.2596224546432495,0.16943216132659933,0.5128098386526108,-0.1799957220674503,0.02,-0.0,-0.17905025680874534,-0.040945204588979815,0.0,0.15,-0.0,0.0,0.0,-0.0,0.0,0.0,0.0,0.0,0.35,0.0,0.0,0.0,0.0,0.0,0.0,0.0,0.0,0.25,-0.0,0.23974609375,0.0,0.2403775453567505,-0.0,0.0599365234375,0.0599365234375,-0.05,0.2828098386526108,0.18853989243507385,0.2,0.0,-0.036940261791752915,-0.0,-0.0,0.43636363636363634,0.5454545454545454,-0.45454545454545453,0.0,-0.4132231404958677,-0.2571050470525568,0.0,0.0,0.0,0.2394276227243245,-0.0,-0.0,-0.0,0.02,0.0,0.0,0.0,0.0,0.0,0.0,0.18853989243507385,17.23878883615136,32.4,1.0,0.0,-0.25,1.0,1.0,4.0,-0.25,1.0,-0.25,1.0,-0.25,4.0,0.0,0.0,0.0,-0.25,-0.25,0.0,0.0,0.0,0.0,0.0,0.0,0.0,0.0,0.0,0.0,0.0,0.0,0.0,0.0,0.0,0.0,0.0,0.0,0.0,0.0,0.0,0.0,0.0,0.0,0.0,0.0,28.0,28.0,28.0,0.0,0.0,0.0,0.0,0.0,1.0,0.0,1.0,0.0,0.0,0.0,2.16,49.76170009467751,0.6328000454232097,0.000500003807246685,41.22539993841201,16.905800090171397,4.0,4.864000016823411,2.479200018569827,0.521700014360249,0.000300002284348011
1,55,55,0.3004382353148547,0,0,1.0,4.0,1.0,0.6049392819404602,0.602815568447113,1.0,1.0,1.0,0.1991547793149948,1.0,1.0,0.18134576082229614,0.1637224704027176,0.16493846476078033,0.1637224704027176,0.602815568447113,1.0,0.1991547793149948,0.1637224704027176,1.0,0.051858726888895035,0.8124767541885376,0.8141300678253174,0.9979692101478577,0.2462684065103531,0.43318411707878113,-0.4545454680919647,0.09988391399383545,-0.26462864875793457,-0.9643504023551941,0.0,0.0,0.0,0.0,0.0,0.0,97.75911712646484,4.168163299560547,14.829706192016602,25.0,4.168163299560547,4.996243000030518,0.0,1.0,0.16672653198242188,0.593188247680664,1.0,1.0,0.0,0.0,0.0,-0.24088439345359802,0.17474212699470715,0.5187156158685684,-0.17213511409482282,0.02,-0.0,-0.17462774912697407,-0.04066164539889614,-0.005174255371093742,0.15,-0.0,0.0,0.0,-0.0,0.0,0.0,0.0,0.0,0.35,0.0,0.0,0.0,0.0,0.0,0.0,0.0,0.0,0.25,-0.0,0.2540283203125,0.00439453125,0.254721075296402,-0.0,0.063507080078125,0.063507080078125,-0.05,0.2887156158685684,0.19247707724571228,0.2,0.0,-0.03783174843471497,-0.0,-0.0,0.43636363636363634,0.5454545454545454,-0.45454545454545453,0.0,-0.4132231404958677,-0.24835295243696734,0.0,0.0,0.0,0.2452057768916711,-0.0,-0.0,-0.0,0.02,0.0,0.0,0.0,0.0,0.0,0.0,0.19247707724571228,17.654815936200322,32.4,1.0,0.0,-0.25,1.0,1.0,4.0,-0.25,1.0,-0.25,1.0,-0.25,5.0,0.0,0.0,0.0,-0.25,-0.25,0.0,0.0,0.0,0.0,0.0,0.0,0.0,0.0,0.0,0.0,0.0,0.0,0.0,0.0,0.0,0.0,0.0,0.0,0.0,0.0,0.0,0.0,0.0,0.0,0.0,0.0,28.0,28.0,28.0,0.0,0.0,0.0,0.0,0.0,1.0,0.0,1.0,0.0,0.0,0.0,2.2,63.34610003978014,0.5590000655502081,0.001100008375942707,53.996099974028766,40.83459998946637,4.0,4.775999928824604,3.2820000778883696,0.6950999377295375,0.000400003045797348
1,56,56,1.5111849752394888,0,0,2.0,4.0,1.0,0.5959216952323914,0.5931882262229919,1.0,1.0,1.0,0.19984972476959229,1.0,1.0,1.0,0.16672652959823608,0.16762304306030273,0.16672652959823608,0.5931882262229919,1.0,0.19984972476959229,0.16672652959823608,1.0,0.05340390279889107,0.8129070401191711,0.8146592974662781,0.9978490471839905,0.25221166014671326,0.3611346483230591,-0.4545454680919647,0.1522568017244339,-0.27609503269195557,-0.9611303210258484,0.0,0.0,0.0,0.0,0.0,0.0,97.8266372680664,4.168163299560547,14.829706192016602,25.0,4.168163299560547,4.996243000030518,0.0,1.0,0.16672653198242188,0.593188247680664,1.0,1.0,0.0,0.0,0.0,-0.2292235791683197,0.18733884114207375,0.5250232103466987,1.008046502919036,0.02,-0.0,-0.17462774912697407,-0.04066164539889614,0.0,0.15,-0.0,0.0,0.0,-0.0,0.0,0.0,0.0,0.0,0.35,0.0,0.0,0.0,0.0,0.0,0.0,0.0,0.0,0.25,-0.0,0.27008056640625,0.0,0.2707764208316803,-0.0,0.0675201416015625,0.0675201416015625,-0.05,0.29502321034669876,0.1966821402311325,0.2,0.0,-0.020268002450159618,-0.0,-0.0,0.610909090909091,0.7636363636363637,-0.23636363636363636,0.0,-0.11173553719008264,-0.129143535267223,0.14901176035993827,0.0,0.0,0.25262823566794396,-0.018000000715255735,-0.0,-0.0,0.02,0.0,0.0,0.0,0.0,0.0,0.0,0.1966821402311325,18.189232968091964,32.4,1.0,0.0,0.0,1.0,2.0,4.0,0.0,1.0,-0.12999999523162842,1.0,-0.13,6.0,0.0,0.0,0.0,0.0,0.0,1.0,0.13,0.0,0.0,0.0,0.0,0.0,0.0,0.0,0.0,0.0,0.0,0.0,0.0,0.0,0.0,0.0,0.0,0.0,0.0,0.0,0.0,0.0,0.0,0.0,0.0,28.0,28.0,28.0,0.0,0.0,0.0,0.0,0.0,1.0,0.0,1.0,0.0,0.0,0.0,2.24,30.503899906761944,0.6940999301150441,0.000700005330145359,20.273100002668798,16.299600014463067,4.0,4.895900026895106,3.9265999803319573,0.6837999681010842,0.000300002284348011
1,57,57,2.4128429390141437,0,0,2.0,4.0,1.0,0.5959216952323914,0.5931882262229919,1.0,1.0,1.0,0.19984972476959229,1.0,1.0,1.0,0.16672652959823608,0.16762304306030273,0.16672652959823608,0.5931882262229919,1.0,0.19984972476959229,0.16672652959823608,1.0,0.05497732385993004,0.8133660554885864,0.8152219653129578,0.9977234601974487,0.25984618067741394,0.46390366554260254,-0.23636363446712494,0.1522568017244339,-0.2888229489326477,-0.9573825597763062,0.0,0.0,0.0,0.0,0.0,0.0,97.89896392822266,4.260034084320068,14.561697006225586,25.0,4.260034084320068,5.018158435821533,0.0,1.0,0.17040136337280273,0.5824678802490234,1.0,1.0,0.0,0.0,0.0,-0.20557460188865662,0.2032665203318484,0.5327125000953674,1.8624385204755844,0.02,-0.0,-0.16936614811882553,-0.040306756110662735,0.0018600463867187583,0.15,-0.0,0.0,0.0,-0.0,0.0,0.0,0.0,0.0,0.35,0.0,0.0,0.0,0.0,0.0,0.0,0.0,0.0,0.25,-0.0,0.289306640625,0.00439453125,0.2900308668613434,-0.0,0.07232666015625,0.07232666015625,-0.05,0.30271250009536743,0.20180833339691162,0.2,0.0,-0.0016112327338776433,-0.0,-0.0,0.7854545454545455,0.9818181818181818,-0.018181818181818195,0.0,-0.0006611570247933893,-0.009544286554509951,0.14316428729552533,0.0,0.0,0.2610793781746179,-0.017999999597668646,-0.0,-0.0,0.02,0.0,0.0,0.0,0.0,0.0,0.0,0.20180833339691162,18.79771522857249,32.4,1.0,0.0,0.0,1.0,2.0,4.0,0.0,1.0,-0.009999999776482582,1.0,-0.010000000000000009,7.0,0.0,0.0,0.0,0.0,0.0,1.0,0.010000000000000009,0.0,0.0,0.0,0.0,0.0,0.0,0.0,0.0,0.0,0.0,0.0,0.0,0.0,0.0,0.0,0.0,0.0,0.0,0.0,0.0,0.0,0.0,0.0,0.0,28.0,28.0,28.0,0.0,0.0,0.0,0.0,0.0,1.0,0.0,1.0,0.0,0.0,0.0,2.28,57.02249996829778,0.6333000492304564,0.000700005330145359,49.16540009435266,39.87770003732294,4.0,4.547700053080916,1.9891000119969249,0.6621999200433493,0.000400003045797348
1,58,58,2.387412345852603,0,0,2.0,4.0,1.0,0.5875063538551331,0.5824678540229797,1.0,1.0,1.0,0.20072633028030396,1.0,1.0,1.0,0.17040136456489563,0.17094215750694275,0.17040136456489563,0.5824678540229797,1.0,0.20072633028030396,0.17040136456489563,1.0,0.05658489465713501,0.8138599991798401,0.8158246874809265,0.9975917339324951,0.26853880286216736,0.528196394443512,-0.0181818176060915,0.1541518121957779,-0.30020585656166077,-0.953874409198761,0.0,0.0,0.0,0.0,0.0,0.0,97.9761734008789,4.260034084320068,14.561697006225586,25.0,4.260034084320068,5.018158435821533,0.0,1.0,0.17040136337280273,0.5824678802490234,1.0,1.0,0.0,0.0,0.0,-0.19039180874824524,0.20615388845489543,0.5412199082970619,1.8104303578488907,0.02,-0.0,-0.16936614811882553,-0.040306756110662735,0.0,0.15,-0.0,0.0,0.0,-0.0,0.0,0.0,0.0,0.0,0.35,0.0,0.0,0.0,0.0,0.0,0.0,0.0,0.0,0.25,-0.0,0.308837890625,0.0,0.30960819125175476,-0.0,0.07720947265625,0.07720947265625,-0.05,0.3112199082970619,0.20747993886470795,0.2,0.0,-0.0,-0.0,-0.0,0.8,1.0,-0.0,0.0,-0.0,-0.0,0.011930357815363024,0.0,0.0,0.2658267926843837,-0.0014999999664723873,-0.0,-0.0,0.02,0.0,0.0,0.0,0.0,0.0,0.0,0.20747993886470795,19.139529073275625,32.4,1.0,0.0,0.0,1.0,2.0,4.0,0.0,1.0,0.0,1.0,0.0,0.0,0.0,0.0,0.0,0.0,0.0,0.0,0.0,0.0,0.0,0.0,0.0,0.0,0.0,0.0,0.0,0.0,0.0,0.0,0.0,0.0,0.0,0.0,0.0,0.0,0.0,0.0,0.0,0.0,0.0,0.0,0.0,28.0,28.0,28.0,0.0,0.0,0.0,0.0,0.0,1.0,0.0,1.0,0.0,0.0,0.0,2.32,13.93429993186146,0.47580001410096884,0.000500003807246685,3.901899908669293,1.3811999233439565,4.0,4.984400002285838,3.6672999849542975,0.8851001039147377,0.000300002284348011
1,59,59,2.422751896993137,0,0,2.0,4.0,1.0,0.5875063538551331,0.5824678540229797,1.0,1.0,1.0,0.20072633028030396,1.0,1.0,1.0,0.17040136456489563,0.17094215750694275,0.17040136456489563,0.5824678540229797,1.0,0.20072633028030396,0.17040136456489563,1.0,0.058230992406606674,0.8143889904022217,0.8164681196212769,0.9974534511566162,0.27342185378074646,0.2967134118080139,0.0,0.1541518121957779,-0.30830511450767517,-0.9512875080108643,0.0,0.0,0.0,0.0,0.0,0.0,98.05744934082031,4.356597423553467,14.291604042053223,25.0,4.356597423553467,5.068369388580322,0.0,1.0,0.17426389694213867,0.5716641616821289,1.0,1.0,0.0,0.0,0.0,-0.17850622534751892,0.23169473351619277,0.5495633888244629,1.8,0.02,-0.0,-0.16400675983330265,-0.03950529522391868,0.016307163238525407,0.15,-0.0,0.0,0.0,-0.0,0.0,0.0,0.0,0.0,0.35,0.0,0.0,0.0,0.0,0.0,0.0,0.0,0.0,0.25,-0.0,0.325103759765625,-0.00439453125,0.3258883059024811,-0.0,0.08127593994140625,0.08127593994140625,-0.05,0.3195633888244629,0.2130422592163086,0.2,0.0,-0.0,-0.0,-0.0,0.8,1.0,-0.0,0.0,-0.0,-0.0,0.0,0.0,0.0,0.2688996253348887,-0.0,-0.0,-0.0,0.02,0.0,0.0,0.0,0.0,0.0,0.0,0.2130422592163086,19.36077302411199,32.4,1.0,0.0,0.0,1.0,2.0,4.0,0.0,1.0,0.0,1.0,0.0,0.0,0.0,0.0,0.0,0.0,0.0,0.0,0.0,0.0,0.0,0.0,0.0,0.0,0.0,0.0,0.0,0.0,0.0,0.0,0.0,0.0,0.0,0.0,0.0,0.0,0.0,0.0,0.0,0.0,0.0,0.0,0.0,28.0,28.0,28.0,0.0,0.0,0.0,0.0,0.0,1.0,0.0,1.0,0.0,0.0,0.0,2.36,60.990099911578,0.4814999410882592,0.000500003807246685,51.23980005737394,42.137700016610324,4.0,4.954200005158782,3.311899956315756,0.977099989540875,0.000400003045797348
1,60,60,2.4561426714518357,0,0,2.0,4.0,1.0,0.577934741973877,0.5716641545295715,1.0,1.0,1.0,0.20273476839065552,1.0,1.0,1.0,0.17426389455795288,0.17463338375091553,0.17426389455795288,0.5716641545295715,1.0,0.20273476839065552,0.17426389455795288,1.0,0.05991676077246666,0.8149458169937134,0.8171454071998596,0.9973081350326538,0.2765824794769287,0.19205203652381897,0.0,0.0809221863746643,-0.3136611580848694,-0.9495349526405334,0.0,0.0,0.0,0.0,0.0,0.0,98.14222717285156,4.453771591186523,13.998557090759277,25.0,4.453771591186523,5.142586708068848,4.346142668509856e-05,0.9999565385733149,0.17815086364746094,0.5599422836303711,1.0,1.0,0.0,0.0,0.0,-0.16011362331596063,0.240181156566132,0.5576397495623281,1.7984353886393365,0.02,-0.0,-0.15878483247734204,-0.038349741660520596,0.01951217651367189,0.15,-0.0,0.0,0.0,-0.006953828269615769,0.0,0.0,0.0,0.0,0.35,0.0,0.0,0.0,0.0,0.0,0.0,0.0,0.0,0.2500282499273453,-0.0,0.3390965898628746,0.0,0.33988637668403937,-0.0,0.08477783203125,0.08477783203125,-0.05,0.32770928784502423,0.2184809297323227,0.2,0.0,-0.0,-0.0,-0.0,0.7993046171730385,0.999130771466298,-0.0,0.0,-0.0,-0.0,0.0,0.0,0.0,0.2747573824599385,-0.0,-0.0,-0.0,0.02,0.0,0.0,0.0,0.0,0.0,0.0,0.2184809297323227,19.782531537115574,32.4,1.0,0.0,0.0,1.0,2.0,4.0,0.0,1.0,0.0,1.0,0.0,0.0,0.0,0.0,0.0,0.0,0.0,0.0,0.0,0.0,0.0,0.0,0.0,0.0,0.0,0.0,0.0,0.0,0.0,0.0,0.0,0.0,0.0,0.0,0.0,0.0,0.0,0.0,0.0,0.0,0.0,0.0,0.0,28.0,28.0,28.0,0.0,0.0,0.0,0.0,0.0,1.0,0.0,1.0,0.0,0.0,0.0,2.4,74.01779992505908,0.5234999116510153,0.000500003807246685,63.84550000075251,45.74420000426471,4.0,4.887099959887564,3.4655999625101686,1.2543000048026443,0.000300002284348011
1,61,61,1.8493221276246536,0,0,2.0,3.0,1.0,0.5666311383247375,0.5599423050880432,1.0,1.0,1.0,0.205703467130661,1.0,1.0,1.0,0.17815086245536804,0.1784355342388153,0.17815086245536804,0.5599423050880432,1.0,0.205703467130661,0.17815086245536804,1.0,0.061642687767744064,0.815525472164154,0.8178519010543823,0.9971555471420288,0.2826075851917267,0.36610981822013855,0.0,0.040078841149806976,-0.3172614276409149,-0.9483380913734436,0.0,4.346142668509856e-05,-4.294372502045007e-06,0.0,0.0,0.0,98.39513397216797,4.453771591186523,13.998557090759277,25.0,4.453771591186523,5.142586708068848,4.346142668509856e-05,0.9999565385733149,0.17815086364746094,0.5599422836303711,1.0,1.0,0.0,0.0,0.0,-0.15119295405196964,0.22627450992367565,0.5403358229325719,1.2139047488203758,0.02,-0.0,-0.15878483247734204,-0.038349741660520596,0.0,0.15,-0.0,0.0,0.0,-0.005702139131347275,0.0,0.0,0.0,0.0,0.35,0.0,0.0,0.0,0.0,0.0,0.0,0.0,0.0,0.2500282499273453,-0.0,1.0115832305043584,0.0,0.34880704594803036,-0.0,0.25290679931640625,0.25290679931640625,-0.05,0.33438450068330455,0.22293123602867126,0.2,0.0,-0.0,-0.0,-0.0,0.5595132224926734,0.6993915281158417,-0.0,0.0,-0.0,-0.0,0.0,0.0,0.0,0.27911122319288556,-0.04500000178813934,-0.0,-0.0,0.02,0.0,0.0,0.0,0.0,0.0,0.0,0.22293123602867126,20.09600806988776,32.4,0.7326086850269979,0.0,0.0,0.699999988079071,2.0,3.0,0.0,0.699999988079071,0.0,0.699999988079071,0.0,0.0,0.0,0.0,0.0,0.0,0.0,0.0,0.0,0.0,0.0,0.0,0.0,0.0,0.0,0.0,0.0,0.0,0.0,1.386915683746338,96.66480255126953,1.1263477802276611,96.85055541992188,-0.26056790351867676,0.18575286865234375,0.319999635219574,2.5222765805760985,-0.01434620376676321,-0.9998970627784729,0.0,0.0,0.0,0.0,28.0,28.0,28.0,0.0,1.0,27.0,1.0,0.0,1.0,0.0,1.0,0.0,0.0,0.0,2.44,51.26990005373955,0.798800028860569,26.337499963119626,15.290400013327599,10.43179992120713,4.0,4.543100018054247,3.405399969778955,0.8647000649943948,0.000600004568696022
1,62,62,0.46224419610808376,0,0,1.0,4.0,1.0,0.5666311383247375,0.5599423050880432,1.0,1.0,1.0,0.205703467130661,1.0,1.0,1.0,0.17815086245536804,0.1784355342388153,0.17815086245536804,0.5599423050880432,1.0,0.205703467130661,0.17815086245536804,1.0,0.06123048812150955,0.8176700472831726,0.8199594616889954,0.9972079396247864,0.2870858311653137,0.2721150517463684,0.0,0.040078841149806976,-0.3197140395641327,-0.9475140571594238,0.0,4.346142668509856e-05,-4.294372502045007e-06,0.0,0.0,0.0,98.54632568359375,4.552161693572998,13.682519912719727,25.0,4.552161693572998,5.228911876678467,0.010944148525595665,0.9890558514744043,0.18208646774291992,0.547300796508789,1.0,1.0,0.0,0.0,0.0,-0.15947614236457563,-0.6424330467682097,0.5508530646176567,0.6933003206232123,0.02,-0.0,-0.1536671130404296,-0.037048124289074634,0.01843099594116212,0.15,-0.0,0.0,0.0,-0.9105531573295593,0.0,0.0,0.0,0.0,0.35,0.0,0.0,0.0,0.0,0.0,0.0,0.0,0.0,0.2571136965416372,-0.0,0.598148187520394,-0.01318359375,0.35370745138542437,-0.0,0.15119171142578125,0.15119171142578125,-0.05,0.33836370225860973,0.22769393026828766,0.2,0.0,-0.021506516578674317,-0.0,-0.0,0.4885531966252761,0.6106914957815951,-0.1704255337064916,0.00010779694825526799,-0.088177915084268,-0.07747571911384206,0.0,0.0,0.0,0.2904043519496918,-0.04846648424863815,-0.0,-0.0,0.02,0.0,0.0,0.0,0.0,0.0,0.0,0.22769393026828766,20.909113340377807,32.4,1.0,0.0,-0.25,1.0,1.0,4.0,-0.25,1.0,-0.11999999731779099,1.0,-0.12,1.0,0.0,0.0,0.0,-0.25,-0.25,1.0,0.13,0.0,0.0,0.0,0.0,0.0,0.0,0.0,0.0,0.0,0.0,1.1263456344604492,96.85050964355469,0.8178795576095581,96.9356460571289,-0.3084660768508911,0.08513641357421875,0.31999924778938293,2.8722976575636325,-0.011628947220742702,-0.9999323487281799,0.0,0.0,0.0,0.0,28.0,28.0,28.0,0.0,1.0,27.0,0.0,0.0,1.0,0.0,1.0,0.0,0.0,0.0,2.48,94.62320001330227,0.7263000588864088,16.80720003787428,67.08350009284914,36.38990002218634,4.0,5.513499956578016,3.6404000129550695,0.8095999946817756,0.000400003045797348
1,63,63,0.4262654567605946,0,0,3.0,4.0,1.0,0.554237425327301,0.5473008155822754,1.0,1.0,1.0,0.20915646851062775,1.0,1.0,1.0,0.18208646774291992,0.18232814967632294,0.18208646774291992,0.5473008155822754,1.0,0.20915646851062775,0.18208646774291992,1.0,0.06045445427298546,0.8189912438392639,0.8212193846702576,0.9972866773605347,0.29870161414146423,0.7058205604553223,-0.2181818187236786,0.025610532611608505,-0.3216775059700012,-0.9468492865562439,0.0,0.010944148525595665,-0.0038787294179201126,0.0,0.0,0.0,98.58818054199219,4.552161693572998,13.682519912719727,25.0,4.552161693572998,5.228911876678467,0.010944148525595665,0.9890558514744043,0.18208646774291992,0.547300796508789,1.0,1.0,0.0,0.0,0.0,-0.1379243548371924,-1.4995540741456437,0.5588885897439224,1.4848552959995083,0.02,-0.0,-0.1536671130404296,-0.037048124289074634,0.0,0.15,-0.0,0.0,0.0,-1.7510637640953064,0.0,0.0,0.0,0.0,0.35,0.0,0.0,0.0,0.0,0.0,0.0,0.0,0.0,0.2571136965416372,-0.0,0.1655871704464289,0.0,0.3620756451628076,-0.0,0.0418548583984375,0.0418548583984375,-0.05,0.3463992273848755,0.2331012487411499,0.2,0.0,-0.0,-0.0,-0.0,0.6248936235904694,0.7811170294880867,-0.0,0.0,-0.0,-0.0,0.09684464251862096,0.0,0.0,0.2922249272791669,-0.017999999597668646,-0.0,-0.0,0.02,0.0,0.0,0.0,0.0,0.0,0.0,0.2331012487411499,21.040194764100015,32.4,1.0,0.0,0.25,1.0,3.0,4.0,0.25,1.0,0.0,1.0,0.0,0.0,0.0,0.0,0.0,0.25,0.25,1.0,0.25,0.0,0.0,0.0,0.0,0.0,0.0,0.0,0.0,0.0,0.0,0.817801296710968,96.935302734375,0.4988448917865753,96.90947723388672,-0.3189564049243927,-0.02582550048828125,0.32000023126602173,-3.0608001547224064,-0.00843626819550991,-0.9999644160270691,0.0,0.0,0.0,0.0,28.0,28.0,28.0,0.0,1.0,27.0,0.0,0.0,1.0,0.0,1.0,0.0,0.0,0.0,2.52,63.73599998187274,1.0438000317662954,25.58719995431602,25.74109996203333,20.73329989798367,4.0,7.533599971793592,3.0861999839544296,0.7021001074463129,0.000600004568696022
1,64,64,-1.9868669926966205,0,0,2.0,4.0,1.0,0.554237425327301,0.5473008155822754,1.0,1.0,1.0,0.20915646851062775,1.0,1.0,1.0,0.18208646774291992,0.18232814967632294,0.18208646774291992,0.5473008155822754,1.0,0.20915646851062775,0.18208646774291992,1.0,0.05963464453816414,0.81940096616745,0.8215681910514832,0.9973621368408203,0.3005742132663727,0.11378595978021622,0.0,0.025610532611608505,-0.3250046968460083,-0.9457123875617981,0.0,0.010944148525595665,-0.0038787294179201126,0.0,0.0,0.0,98.5444564819336,4.656031608581543,13.357738494873047,25.0,4.656031608581543,5.314256191253662,0.022947438061237335,0.9770525619387627,0.18624126434326171,0.5343095397949219,1.0,1.0,0.0,0.0,0.0,-0.13695329815932422,-3.3880933138482803,0.5442873895155285,0.973892229795456,0.02,-0.0,-0.14844342783386497,-0.03580472966237987,0.01979923248291017,0.15,-0.0,0.0,0.0,-3.6715900897979736,0.0,0.0,0.0,0.0,0.35,0.0,0.0,0.0,0.0,0.0,0.0,0.0,0.0,0.2649158347398043,-0.0,-0.34979248046875,-0.0048828125,0.3679295143406758,-0.0,-0.04372406005859375,-0.04372406005859375,-0.05,0.35100329041350814,0.23865728080272675,0.2,0.0,-0.0,-0.0,-0.0,0.4328409910202027,0.5410512387752533,-0.0,0.0,-0.0,-0.0,0.0,0.0,0.0,0.29794570096302786,-0.0,-0.0,-0.0,0.02,0.0,0.0,0.0,0.0,0.0,0.0,0.23865728080272675,21.452090469338003,32.4,1.0,0.0,0.0,1.0,2.0,4.0,0.0,1.0,0.0,1.0,0.0,0.0,0.0,0.0,0.0,0.0,0.0,0.0,0.0,0.0,0.0,0.0,0.0,0.0,0.0,0.0,0.0,0.0,0.0,0.49896347522735596,96.90875244140625,0.20071274042129517,96.79279327392578,-0.2982507348060608,-0.11595916748046875,0.3200000524520874,-2.770780680413017,-0.0051487283781170845,-0.9999867081642151,0.0,0.0,0.0,0.0,28.0,28.0,28.0,0.0,1.0,26.0,0.0,0.0,1.0,0.0,1.0,0.0,0.0,0.0,2.56,136.09819998964667,0.7728999480605125,26.2984000146389,100.84710002411157,70.500300033018,4.0,4.815099993720651,2.641799976117909,0.6930000381544232,0.000400003045797348
1,65,65,-0.7142154915309302,0,0,1.0,4.0,1.0,0.5416361093521118,0.5343095660209656,1.0,1.0,1.0,0.21257025003433228,0.34104111790657043,1.0,1.0,0.1862412691116333,0.18643221259117126,0.1862412691116333,0.5343095660209656,1.0,0.21257025003433228,0.1862412691116333,1.0,0.05903066694736481,0.8190793991088867,0.8212038278579712,0.9974130392074585,0.306458443403244,0.3575483560562134,0.0,0.03983742371201515,-0.3278360962867737,-0.9447346329689026,0.0,0.022947438061237335,-0.0098681366071105,0.0,0.0,0.0,98.50404357910156,4.656031608581543,13.357738494873047,25.0,4.656031608581543,5.314256191253662,0.022947438061237335,0.9770525619387627,0.18624126434326171,0.5343095397949219,1.0,1.0,0.0,0.0,0.0,-0.12168423092200853,-1.6368344632523666,0.5525553963374029,0.47174780630604185,0.02,-0.0,-0.14844342783386497,-0.03580472966237987,0.0,0.15,-0.0,0.0,0.0,-1.9092268466949462,0.0,0.0,0.0,0.0,0.35,0.0,0.0,0.0,0.0,0.0,0.0,0.0,0.0,0.2649158347398043,-0.0,-0.32330322265625,0.0,0.37831576907799147,-0.0,-0.04041290283203125,-0.04041290283203125,-0.05,0.35927129723538265,0.2442789375782013,0.2,0.0,-0.022708922346098084,-0.0,-0.0,0.3384029566157948,0.4230036957697435,-0.11804754300550979,0.00047392642221689155,-0.08077887832157277,-0.050597429230864105,0.0,0.0,0.0,0.3066405409388244,-0.017999999597668646,-0.0,-0.0,0.02,0.0,0.0,0.0,0.0,0.0,0.0,0.2442789375782013,22.07811894759536,32.4,1.0,0.0,-0.25,1.0,1.0,4.0,-0.25,1.0,-0.11999999731779099,1.0,-0.12,1.0,0.0,0.0,0.0,-0.25,-0.25,1.0,0.13,0.0,0.0,0.0,0.0,0.0,0.0,0.0,0.0,0.0,0.0,0.20098163187503815,96.79203033447266,-0.09728403389453888,96.67610931396484,-0.298265665769577,-0.1159210205078125,0.32000014185905457,-2.7709086748647214,-0.002076423028483987,-0.9999978542327881,0.0,0.0,0.0,0.0,28.0,28.0,28.0,0.0,1.0,26.0,0.0,0.0,1.0,0.0,1.0,0.0,0.0,0.0,2.6,55.46209996100515,0.47400000039488077,17.31859997380525,28.259200043976307,22.544999956153333,4.0,5.475600017234683,3.1281999545171857,0.7648000027984381,0.000400003045797348
1,66,66,-4.606718048782413,0,0,2.0,4.0,1.0,0.5416361093521118,0.5343095660209656,1.0,1.0,1.0,0.21257025003433228,0.34104111790657043,1.0,1.0,0.1862412691116333,0.18643221259117126,0.1862412691116333,0.5343095660209656,1.0,0.21257025003433228,0.1862412691116333,1.0,0.058468423783779144,0.8187820315361023,0.8208670020103455,0.9974600672721863,0.31540170311927795,0.5434275269508362,-0.2181818187236786,0.03983742371201515,-0.3299427926540375,-0.9440009593963623,0.0,0.022947438061237335,-0.0098681366071105,0.0,0.0,0.0,98.4662094116211,4.790070056915283,13.015183448791504,25.0,4.790070056915283,5.406498432159424,0.03665422648191452,0.9633457735180855,0.19160280227661133,0.5206073379516601,1.0,1.0,0.0,0.0,0.0,-0.1187691013146932,-5.5340414736578944,0.5344382072585582,0.4916543189316175,0.02,-0.0,-0.14196438782618542,-0.03450772119643534,0.041361141204833994,0.15,-0.0,0.0,0.0,-5.864676237106323,0.0,0.0,0.0,0.0,0.35,0.0,0.0,0.0,0.0,0.0,0.0,0.0,0.0,0.2738252472132444,-0.0,-0.30267333984375,0.0,0.3812308986853068,-0.0,-0.03783416748046875,-0.03783416748046875,-0.05,0.3630849696296214,0.24984070658683777,0.2,0.0,-0.0,-0.0,-0.0,0.2135323762893677,0.2669154703617096,-0.0,0.0,-0.0,-0.0,0.029206471878208743,0.0,0.0,0.31574573126621547,-0.017999999597668646,-0.0,-0.0,0.02,0.0,0.0,0.0,0.0,0.0,0.0,0.24984070658683777,22.733692651167512,32.4,1.0,0.0,0.0,1.0,2.0,4.0,0.0,1.0,0.0,1.0,0.0,0.0,0.0,0.0,0.0,0.0,0.0,0.0,0.0,0.0,0.0,0.0,0.0,0.0,0.0,0.0,0.0,0.0,0.0,-0.09709380567073822,96.67576599121094,-0.3953682780265808,96.55986785888672,-0.2982744574546814,-0.11589813232421875,0.3200000524520874,-2.770985299338293,0.0010043235961347818,-0.999999463558197,0.0,0.0,0.0,0.0,28.0,28.0,28.0,0.0,1.0,26.0,0.0,0.0,1.0,0.0,1.0,0.0,0.0,0.0,2.64,98.19559997413307,0.8138000266626477,24.93529999628663,62.68410000484437,52.0089000929147,4.0,5.17390004824847,3.827400039881468,0.7246999302878976,0.000500003807246685
1,67,67,-7.200443663681979,0,0,2.0,4.0,1.0,0.5281471014022827,0.5206073522567749,1.0,1.0,1.0,0.2162599414587021,0.34510329365730286,1.0,1.0,1.0,0.19160279631614685,0.19160279631614685,0.5206073522567749,1.0,0.2162599414587021,0.19160279631614685,1.0,0.05794959515333176,0.8185028433799744,0.8205517530441284,0.9975031018257141,0.32476702332496643,0.5690743923187256,0.0,0.038714226335287094,-0.3334503173828125,-0.9427676796913147,0.0,0.03665422648191452,-0.01749725453555584,0.0,0.0,0.0,98.43151092529297,4.974582672119141,12.66222858428955,25.0,4.974582672119141,5.498160362243652,0.05243472754955292,0.9475652724504471,0.19898330688476562,0.506489143371582,1.0,1.0,0.0,0.0,0.0,-0.11420303495237638,-7.622547087940359,0.5163064592107569,0.0,0.02,-0.0,-0.1335061057184034,-0.0332654170314451,0.0783884048461914,0.15,-0.0,0.0,0.0,-8.0,0.0,0.005591718774092818,-0.009785507854662432,0.25,0.0,0.45454545454545453,0.0,0.0,-0.0,0.0,-0.0,-0.002953062383874785,0.0,0.2840825729072094,-0.0,-0.277587890625,0.0,0.3857969650476236,-0.0,-0.034698486328125,-0.034698486328125,-0.05,0.3663064592107569,0.2555961012840271,0.2,0.0,-0.0,-0.0,-0.0,0.0,0.0,-0.0,-0.0,-0.0,-0.0,0.0,0.0,0.0,0.32298288142774256,-0.0,-0.0,-0.0,0.02,0.0,0.0,0.0,0.0,0.0,0.0,0.2555961012840271,23.254767462797464,32.4,1.0,0.0,0.0,1.0,2.0,4.0,0.0,1.0,0.0,1.0,0.0,0.0,1.0,0.0,0.0,0.0,0.0,0.0,0.0,0.0,0.0,0.0,0.0,0.0,0.0,0.0,0.0,0.0,0.0,-0.3951849043369293,96.55978393554688,-0.6934623718261719,96.44389343261719,-0.29827746748924255,-0.1158905029296875,0.3200000822544098,-2.7710109395618985,0.004092610441148281,-0.9999915957450867,0.0,0.0,0.0,0.0,28.0,28.0,28.0,0.0,1.0,26.0,0.0,0.0,1.0,0.0,1.0,0.0,0.0,0.0,2.68,125.12659991625696,0.8493999484926462,20.845500053837895,92.59429993107915,39.59389997180551,4.0,5.949100013822317,3.829800058156252,0.8904000278562307,0.000400003045797348
1,68,68,-7.252676932785274,0,0,2.0,4.0,1.0,0.5143818855285645,0.5064891576766968,1.0,1.0,1.0,0.21992641687393188,0.34839579463005066,1.0,1.0,1.0,0.1989833116531372,0.1989833116531372,0.5064891576766968,1.0,0.21992641687393188,0.1989833116531372,1.0,0.057473938912153244,0.818246603012085,0.820262610912323,0.9975422620773315,0.3322109580039978,0.4523218870162964,0.0,0.030845772475004196,-0.33635205030441284,-0.9417363405227661,0.0,0.05243472754955292,-0.03012968599796295,0.0,0.0,0.0,98.40010070800781,4.974582672119141,12.66222858428955,25.0,4.974582672119141,5.498160362243652,0.05243472754955292,0.9475652724504471,0.19898330688476562,0.506489143371582,1.0,1.0,0.0,0.0,0.0,-0.10262831015758245,-7.694801708631243,0.5247530860035511,0.0,0.02,-0.0,-0.1335061057184034,-0.0332654170314451,0.0,0.15,-0.0,0.0,0.0,-8.0,0.0,0.005591718774092818,-0.009785507854662432,0.25,0.0,0.45454545454545453,0.0,0.0,-0.0,5.0072179668144434e-05,-0.0,-0.002933830532276772,0.001850090913610991,0.2840825729072094,-0.0,-0.25128173828125,0.0,0.39737168984241755,-0.0,-0.03141021728515625,-0.03141021728515625,-0.05,0.37475308600355106,0.2614898681640625,0.2,0.0,-0.0,-0.0,-0.0,0.0,0.0,-0.0,-0.0,-0.0,-0.0,0.0,0.0,0.0,0.329047361551784,-0.0,-0.0,-0.0,0.02,0.0,0.0,0.0,0.0,0.0,0.0,0.2614898681640625,23.69141003172845,32.4,1.0,0.0,0.0,1.0,2.0,4.0,0.0,1.0,0.0,1.0,0.0,0.0,1.0,0.0,0.0,0.0,0.0,0.0,0.0,0.0,0.0,0.0,0.0,0.0,0.0,0.0,0.0,0.0,0.0,-0.6932740211486816,96.44392395019531,-0.9915530681610107,96.32804107666016,-0.2982790470123291,-0.11588287353515625,0.3199988007545471,-2.7710349317870735,0.0071881781332194805,-0.9999741315841675,0.0,0.0,0.0,0.0,28.0,28.0,28.0,0.0,1.0,26.0,0.0,0.0,1.0,0.0,1.0,0.0,0.0,0.0,2.72,47.564900014549494,0.5157999694347382,20.231100032106042,16.117099905386567,11.962300050072372,4.0,6.077600060962141,3.7479999009519815,0.8362000808119774,0.000400003045797348
1,69,69,-1.1176120624174588,0,0,3.0,3.0,1.0,0.5143818855285645,0.5064891576766968,1.0,1.0,1.0,0.21992641687393188,0.34839579463005066,1.0,1.0,1.0,0.1989833116531372,0.1989833116531372,0.5064891576766968,1.0,0.21992641687393188,0.1989833116531372,1.0,0.05704212188720703,0.81801438331604,0.8200008273124695,0.9975775480270386,0.338448703289032,0.3790300190448761,0.0,0.030845772475004196,-0.3380937874317169,-0.9411123991012573,0.0,0.05243472754955292,-0.03012968599796295,1.0,0.006512511055916548,0.0,98.37115478515625,5.169923782348633,12.289712905883789,25.0,5.169923782348633,5.604061126708984,0.06980422884225845,0.9301957711577415,0.20679695129394532,0.49158851623535155,1.0,1.0,0.0,0.0,0.0,-0.10616734903799951,-2.993933317699761,2.0758820248260874,-0.11339342050578588,0.02,-0.0,-0.12510061073150006,-0.03188571245294786,0.08687849044799804,0.15,-0.0,0.0,0.0,-3.4111999702453613,0.0,0.06367675493778795,-0.04138989070956216,0.25,0.0,0.23636363636363636,0.0,0.0,-0.0,0.000563381680170657,-0.0,-0.017152614544816668,0.0026608326425607842,0.295372748747468,-0.0,-0.2315673828125,-0.0048828125,0.3987154634620005,-0.0,-0.0289459228515625,-0.0289459228515625,1.5,0.37588202482608724,0.26639413833618164,0.2,0.0,-0.024893262350870027,-0.0,-0.0,0.0,0.0,-0.0,-0.0015348785386038258,-0.03849879536767389,-0.0,0.0,-0.004459018874913454,0.0,0.3361358727933839,-0.04846648424863815,-0.0,-0.0,0.02,0.0,0.0,0.0,0.0,0.0,0.0,0.26639413833618164,24.20178284112364,32.4,0.7326086850269979,0.0,0.25,0.699999988079071,3.0,3.0,0.25,0.699999988079071,0.11999999731779099,0.699999988079071,0.12,1.0,1.0,0.0,0.0,0.25,0.25,1.0,0.13,0.0,0.0,0.0,0.0,0.0,0.0,0.0,0.0,0.0,0.0,-0.9913570880889893,96.32813262939453,-1.2896345853805542,96.21224212646484,-0.29827749729156494,-0.1158905029296875,0.3200001120567322,-2.771010967341144,0.010290914215147495,-0.9999470114707947,0.0,0.0,0.0,0.0,28.0,28.0,28.0,0.0,1.0,26.0,0.0,0.0,1.0,0.0,1.0,0.0,0.0,0.0,2.76,91.83070005383343,0.6221000803634524,20.187799935229123,58.116800035350025,28.953999979421496,4.0,5.269600078463554,5.424899980425835,2.167099970392883,0.000500003807246685
1,70,70,-7.309393657117784,0,0,2.0,4.0,1.0,0.49948975443840027,0.4915885031223297,1.0,1.0,1.0,0.22416244447231293,0.354003369808197,1.0,1.0,1.0,0.20679694414138794,0.20679694414138794,0.4915885031223297,1.0,0.22416244447231293,0.20679694414138794,1.0,0.05664742738008499,0.817799985408783,0.8197596073150635,0.997609555721283,0.3457397520542145,0.4430319666862488,0.2181818187236786,0.008507697843015194,-0.33885666728019714,-0.9408380389213562,0.0,0.06980422884225845,-0.04204097390174866,1.0,0.009008388966321945,0.0,98.34510803222656,5.169923782348633,12.289712905883789,25.0,5.169923782348633,5.604061126708984,0.06980422884225845,0.9301957711577415,0.20679695129394532,0.49158851623535155,1.0,1.0,0.0,0.0,0.0,-0.09098409690835796,-7.723480833617472,0.5335377576566841,-0.04846648424863815,0.02,-0.0,-0.12510061073150006,-0.03188571245294786,0.0,0.15,-0.0,0.0,0.0,-8.0,0.0,0.04548339638413424,-0.07959594367223492,0.25,0.0,0.45454545454545453,0.0,0.0,-0.0,0.0001204312649138682,-0.0,-0.024678866004558844,0.0005687927956241624,0.295372748747468,-0.0,-0.2083740234375,0.0,0.40901590309164204,-0.0,-0.0260467529296875,-0.0260467529296875,-0.05,0.38353775765668413,0.2718198895454407,0.2,0.0,-0.0,-0.0,-0.0,0.0,0.0,-0.0,-0.0,-0.0,-0.0,0.0,0.0,0.0,0.3421764715947211,-0.04846648424863815,-0.0,-0.0,0.02,0.0,0.0,0.0,0.0,0.0,0.0,0.2718198895454407,24.63670595481992,32.4,1.0,0.0,0.0,1.0,2.0,4.0,0.0,1.0,0.0,1.0,0.0,0.0,1.0,0.0,0.0,0.0,0.0,0.0,0.0,0.0,0.0,0.0,0.0,0.0,0.0,0.0,0.0,0.0,0.0,-1.2894333600997925,96.21235656738281,-1.5877108573913574,96.09646606445312,-0.29827749729156494,-0.1158905029296875,0.3200001120567322,-2.771010967341144,0.013400747440755367,-0.9999101758003235,0.0,0.0,0.0,0.0,28.0,28.0,28.0,0.0,1.0,26.0,0.0,0.0,1.0,0.0,1.0,0.0,0.0,0.0,2.8,54.685199982486665,0.6429000059142709,21.024599904194474,23.800000082701445,20.873900037258863,4.0,4.099100013263524,4.224699921905994,0.8645000634714961,0.000400003045797348
1,71,71,-5.759440144706426,0,0,2.0,3.0,1.0,0.49948975443840027,0.4915885031223297,1.0,1.0,1.0,0.22416244447231293,0.354003369808197,1.0,1.0,1.0,0.20679694414138794,0.20679694414138794,0.4915885031223297,1.0,0.22416244447231293,0.20679694414138794,1.0,0.05629317834973335,0.8176069259643555,0.8195425868034363,0.9976381659507751,0.3519529402256012,0.37753742933273315,0.0,0.008507697843015194,-0.3368876576423645,-0.9415448307991028,0.0,0.06980422884225845,-0.04204097390174866,1.0,0.0019256779924035072,0.0,98.32081604003906,5.4750590324401855,11.895590782165527,25.0,5.4750590324401855,5.730859756469727,0.09111367166042328,0.9088863283395767,0.21900236129760742,0.4758236312866211,1.0,1.0,0.0,0.0,0.0,-0.09437023461083793,-6.173239949076825,0.5331700407693766,-0.04500000178813934,0.02,-0.0,-0.11301838889630104,-0.030308814326258864,0.17659101486206058,0.15,-0.0,0.0,0.0,-6.559999942779541,0.0,0.09442374352633096,-0.16524155117107917,0.25,0.0,0.45454545454545453,0.0,0.0,-0.0,0.0,-0.0006336985873698542,-0.03719143375367311,-0.0015092871023418832,0.30922388657927513,-0.0,-0.1943359375,0.0,0.40562976538916207,-0.0,-0.0242919921875,-0.0242919921875,-0.05,0.3831700407693766,0.27689096331596375,0.2,0.0,-0.0,-0.0,-0.0,0.0,0.0,-0.0,-0.0,-0.0,-0.0,0.0,0.0,0.0,0.31213912204900657,-0.04500000178813934,-0.0,-0.0,0.02,0.0,0.0,0.0,0.0,0.0,0.0,0.27689096331596375,25.04307263184339,32.4,0.7326086850269979,0.0,0.0,0.699999988079071,2.0,3.0,0.0,0.699999988079071,0.0,0.699999988079071,0.0,0.0,1.0,0.0,0.0,0.0,0.0,0.0,0.0,0.0,0.0,0.0,0.0,0.0,0.0,0.0,0.0,0.0,0.0,-1.5875070095062256,96.09659576416016,-1.8857835531234741,95.98070526123047,-0.29827654361724854,-0.1158905029296875,0.31999921798706055,-2.7710098717428004,0.016517654061317444,-0.9998635649681091,0.0,0.0,0.0,0.0,28.0,28.0,28.0,0.0,1.0,26.0,0.0,0.0,1.0,0.0,1.0,0.0,0.0,0.0,2.84,104.85660005360842,0.46980008482933044,21.563399932347238,72.87609996274114,43.88800007291138,4.0,5.309500033035874,3.9004000136628747,0.7016999879851937,0.000400003045797348
1,72,72,-2.7339643464987944,0,0,3.0,3.0,1.0,0.48317673802375793,0.47582364082336426,1.0,1.0,1.0,0.22923439741134644,0.3634169101715088,1.0,1.0,1.0,0.219002366065979,0.219002366065979,0.47582364082336426,1.0,0.22923439741134644,0.219002366065979,1.0,0.0559796467423439,0.817425549030304,0.8193401098251343,0.9976632595062256,0.35775819420814514,0.352748841047287,0.0,-0.027434051036834717,-0.33493033051490784,-0.9422429203987122,0.0,0.09111367166042328,-0.06165241077542305,1.0,-0.004880887921899557,1.0,98.29780578613281,5.4750590324401855,11.895590782165527,25.0,5.4750590324401855,5.730859756469727,0.09111367166042328,0.9088863283395767,0.21900236129760742,0.4758236312866211,1.0,1.0,0.0,0.0,0.0,-0.0900909341090026,-3.125472437920889,0.5393733584048361,-0.07777433287373843,0.02,-0.0,-0.11301838889630104,-0.030308814326258864,0.0,0.15,-0.0,0.0,0.0,-3.4111999702453613,0.0,0.13219324093686335,-0.08592560660896117,0.25,0.0,0.23636363636363636,0.0,0.0,-0.0,0.0,-0.001402253370781198,-0.03719143375367311,-0.003339762734077656,0.30922388657927513,-0.0,-0.18408203125,0.0,0.4099090658909974,-0.0,-0.02301025390625,-0.02301025390625,-0.05,0.3893733584048361,0.28137367963790894,0.2,0.0,-0.02572370796667252,-0.0,-0.0,0.0,0.0,-0.0,-0.002615035821950882,-0.03143558948744638,-0.0,0.0,-0.005288552362471818,0.0,0.27666934070605587,-0.017999999597668646,-0.0,-0.0,0.02,0.0,0.0,0.0,0.0,0.0,0.0,0.28137367963790894,25.00916052315384,32.4,0.7326086850269979,0.0,0.25,0.699999988079071,3.0,3.0,0.25,0.699999988079071,0.11999999731779099,0.699999988079071,0.12,1.0,1.0,0.0,0.0,0.25,0.25,1.0,0.13,0.0,0.0,0.0,0.0,0.0,0.0,0.0,0.0,0.0,0.0,-1.8855787515640259,95.9808349609375,-2.1838531494140625,95.86493682861328,-0.2982743978500366,-0.11589813232421875,0.3199999928474426,-2.770985243780353,0.019641578197479248,-0.9998071193695068,0.0,0.0,0.0,0.0,28.0,28.0,28.0,0.0,1.0,26.0,0.0,0.0,1.0,0.0,1.0,0.0,0.0,0.0,2.88,46.84510000515729,0.8674999698996544,16.191500006243587,21.669100038707256,18.642100039869547,4.0,4.787900019437075,2.5526999961584806,0.7475999882444739,0.000500003807246685
1,73,73,0.45204130615310456,0,0,3.0,3.0,1.0,0.48317673802375793,0.47582364082336426,1.0,1.0,1.0,0.22923439741134644,0.3634169101715088,1.0,1.0,1.0,0.219002366065979,0.219002366065979,0.47582364082336426,1.0,0.22923439741134644,0.219002366065979,1.0,0.055702947080135345,0.8172522187232971,0.8191483616828918,0.9976852536201477,0.35727372765541077,-0.0294375941157341,0.2181818187236786,-0.027434051036834717,-0.3332050144672394,-0.9428544044494629,0.0,0.09111367166042328,-0.06165241077542305,1.0,-0.010800467804074287,1.0,98.27571105957031,5.770846843719482,11.489143371582031,25.0,5.770846843719482,5.862070083618164,0.11396250128746033,0.8860374987125397,0.23083387374877928,0.45956573486328123,1.0,1.0,0.0,0.0,0.0,-0.10228437591356787,0.24329562552466188,0.5370041707271705,-0.24597411418516005,0.02,-0.0,-0.10242275011935319,-0.028759105818221997,0.1671801567077637,0.15,-0.0,0.0,0.0,-0.26239999771118255,0.0,0.2644191440783049,-0.010282966714156308,0.25,0.0,0.018181818181818195,0.0,0.0,-0.0,0.0,-0.005173907030968883,-0.05996038771940385,-0.008301219563891848,0.32407562583684923,-0.0,-0.1767578125,-0.0048828125,0.40259843658643213,-0.0,-0.0220947265625,-0.0220947265625,-0.05,0.3870041707271706,0.28567564487457275,0.2,0.0,-0.05150803178595645,-0.0,-0.0,0.0,0.0,-0.0,-0.0040910472157336146,-0.17237503558580133,-0.0,0.0,-0.012529951371252537,0.0,0.1432253912231326,-0.017999999597668646,-0.0,-0.0,0.02,0.0,0.0,0.0,0.0,0.0,0.0,0.28567564487457275,25.03862656261772,32.4,0.7326086850269979,0.0,0.25,0.699999988079071,3.0,3.0,0.25,0.699999988079071,0.23999999463558197,0.699999988079071,0.24,2.0,1.0,0.0,0.0,0.25,0.25,1.0,0.010000000000000009,0.0,0.0,0.0,0.0,0.0,0.0,0.0,0.0,0.0,0.0,-2.1836483478546143,95.86507415771484,-2.481921672821045,95.74917602539062,-0.29827332496643066,-0.11589813232421875,0.31999897956848145,-2.7709840092866127,0.022772444412112236,-0.999740719795227,0.0,0.0,0.0,0.0,28.0,28.0,28.0,0.0,1.0,26.0,0.0,0.0,1.0,0.0,1.0,0.0,0.0,0.0,2.92,77.52469996921718,0.6775000365450978,15.10919991414994,54.05070004053414,44.555700034834445,4.0,4.1316000279039145,2.754500019364059,0.7733999518677592,0.000300002284348011
1,74,74,0.9085506566872912,0,0,3.0,3.0,1.0,0.46638035774230957,0.4595657289028168,1.0,1.0,1.0,0.2344828099012375,0.37338343262672424,1.0,1.0,1.0,0.23083387315273285,0.23083387315273285,0.4595657289028168,1.0,0.2344828099012375,0.23083387315273285,1.0,0.055462468415498734,0.8170840740203857,0.8189642429351807,0.9977042078971863,0.3576946556568146,0.02557815983891487,0.4363636374473572,-0.03835225850343704,-0.32852301001548767,-0.9444959759712219,0.0,0.11396250128746033,-0.08626837283372879,1.0,-0.025615070015192032,1.0,98.25299835205078,6.013239860534668,11.047061920166016,25.0,6.0356621742248535,6.013239860534668,0.14279262721538544,0.8572073727846146,0.24052959442138672,0.4418824768066406,1.0,1.0,0.0,0.0,0.0,-0.11284630636114645,0.705321526864024,0.530624160360369,-0.23454872417595538,0.02,-0.0,-0.09378347550047554,-0.02707163580333517,0.13969573974609378,0.15,-0.0,0.0,0.0,-0.0,0.0,0.39070579880162287,-0.0,0.25,0.0,0.0,0.0,0.39070579880162287,-0.0,0.0,-0.016135766346368964,-0.09083049491023065,-0.01887724252957712,0.3428152076900005,-0.0,-0.18170166015625,0.0,0.38715369363885355,-0.0,-0.02271270751953125,-0.02271270751953125,-0.05,0.380624160360369,0.28880247473716736,0.2,0.0,-0.05761489910110831,-0.0,-0.0,0.0,0.0,-0.0,-0.006422766222548631,-0.16901105804763572,-0.0,0.0,-0.014505491009913385,0.0,-0.12345894691499171,-0.0015000008046627043,-0.0,-0.0,0.02,0.0,0.0,0.0,0.0,0.0,0.0,0.28880247473716736,26.886952913850546,32.4,0.7326086850269979,0.0,0.25,0.699999988079071,3.0,3.0,0.25,0.699999988079071,0.25,0.699999988079071,0.25,3.0,1.0,0.0,0.0,0.25,0.25,0.0,0.0,0.0,0.0,0.0,0.0,0.0,0.0,0.0,0.0,0.0,0.0,-2.4817166328430176,95.74931335449219,-2.7799878120422363,95.63340759277344,-0.29827117919921875,-0.11590576171875,0.3199997544288635,-2.770959381323823,0.02591019496321678,-0.9996642470359802,0.0,0.0,0.0,0.0,28.0,28.0,28.0,0.0,1.0,26.0,0.0,0.0,1.0,0.0,1.0,0.0,0.0,0.0,2.96,82.28049997705966,0.6359000690281391,22.715199971571565,52.06739995628595,27.72789995651692,4.0,3.9495000382885337,2.206500037573278,0.6616999162361026,0.000400003045797348
1,75,75,0.7290150486533664,0,0,3.0,3.0,1.0,0.44726669788360596,0.44188249111175537,1.0,1.0,1.0,0.2405295968055725,0.39012086391448975,1.0,1.0,1.0,0.241426482796669,0.2405295968055725,0.44188249111175537,1.0,0.2405295968055725,0.241426482796669,1.0,0.055252160876989365,0.8169086575508118,0.8187749981880188,0.9977205395698547,0.3840993344783783,1.0,0.4545454680919647,-0.16199465095996857,-0.318515807390213,-0.9479175806045532,0.0,0.14279262721538544,-0.10852384567260742,1.0,-0.05506535992026329,1.0,98.1532974243164,6.013239860534668,11.047061920166016,25.0,6.0356621742248535,6.013239860534668,0.14279262721538544,0.8572073727846146,0.24052959442138672,0.4418824768066406,1.0,1.0,0.0,0.0,0.0,-0.12027334011448376,0.5276905507566024,0.5353634414776784,-0.23376560346643077,0.02,-0.0,-0.09378347550047554,-0.02707163580333517,0.0,0.15,-0.0,0.0,0.0,-0.0,0.0,0.39070579880162287,-0.0,0.25,0.0,0.0,0.0,0.39070579880162287,-0.0,0.0,-0.02940529407978898,-0.09083049491023065,-0.03440127082173739,0.3428152076900005,-0.0,-0.797607421875,0.0,0.37972665988551624,-0.0,-0.099700927734375,-0.099700927734375,-0.05,0.3853634414776785,0.29239845275878906,0.2,0.0,-0.0583317791962464,-0.0,-0.0,0.0,0.0,-0.0,-0.006422766222548631,-0.16901105804763572,-0.0,0.0,-0.014505491009913385,0.0,-0.14812465554289955,-0.0,-0.0,-0.0,0.02,0.0,0.0,0.0,0.0,0.0,0.0,0.29239845275878906,27.22149695824832,32.4,0.7326086850269979,0.0,0.25,0.699999988079071,3.0,3.0,0.25,0.699999988079071,0.25,0.699999988079071,0.25,4.0,1.0,0.0,0.0,0.25,0.25,0.0,0.0,1.0,8.0,0.0,0.0,0.0,0.0,0.0,0.0,0.0,0.0,-2.779782295227051,95.633544921875,-3.0346243381500244,95.44001007080078,-0.25484204292297363,-0.19353485107421875,0.3200003206729889,-2.4920832054912156,0.02905474789440632,-0.9995777606964111,0.0,0.0,0.0,0.0,28.0,28.0,28.0,0.0,1.0,25.0,0.0,0.0,1.0,0.0,1.0,0.0,0.0,0.0,3.0,75.4163000965491,0.6423000013455749,21.567000076174736,43.33419993054122,31.782599980942905,4.0,5.189300049096346,3.963500028476119,0.6861999863758683,0.000400003045797348
1,76,76,1.075273885765677,0,0,3.0,2.0,1.0,0.44726669788360596,0.44188249111175537,1.0,1.0,1.0,0.2405295968055725,0.39012086391448975,1.0,1.0,1.0,0.241426482796669,0.2405295968055725,0.44188249111175537,1.0,0.2405295968055725,0.241426482796669,1.0,0.05544451251626015,0.816062867641449,0.8179441690444946,0.9976999163627625,0.3888785243034363,0.2904028296470642,0.4545454680919647,-0.16199465095996857,-0.3037625253200531,-0.9527477622032166,0.0,0.14279262721538544,-0.10852384567260742,1.0,-0.1003493145108223,1.0,98.04966735839844,6.186661243438721,10.554469108581543,25.0,6.345566749572754,6.186661243438721,0.17963439226150513,0.8203656077384949,0.24746644973754883,0.42217876434326174,1.0,1.0,0.0,0.0,0.0,-0.15926099802199722,0.8394137036794421,0.5249282174284479,-0.14980703732021572,0.02,-0.0,-0.08459561009223725,-0.02525736956962079,0.16951436996459962,0.15,-0.0,0.0,0.0,-0.0,0.0,0.5330545991377862,-0.02682628391237869,0.2628720372915268,0.0,0.02340370416641237,0.0,0.5458290200484427,-0.0,0.0,-0.0591515413498953,-0.06687776404837967,-0.05299476040724559,0.36676235496997833,-0.0,-0.82904052734375,-0.009765625,0.3505046269780028,-0.0,-0.10363006591796875,-0.10363006591796875,-0.05,0.37492821742844784,0.29499465227127075,0.2,0.0,-0.05858904319727527,-0.0,-0.0,0.0,0.0,-0.0,-0.009430805433123357,-0.02928718958388675,-0.0,0.0,-0.0163259714609012,0.0,-0.27994974503797343,-0.052499999105930326,-0.0,-0.0,0.02,0.0,0.0,0.0,0.0,0.0,0.0,0.29499465227127075,27.341553492061795,23.26086922832157,0.4206521686004555,0.0,0.25,0.3499999940395355,3.0,2.0,0.25,0.3499999940395355,0.25,0.3499999940395355,0.25,5.0,1.0,0.0,0.0,0.25,0.25,0.0,0.0,1.0,8.0,0.0,0.0,0.0,0.0,0.0,0.0,0.0,0.0,-3.0341994762420654,95.43990325927734,-3.289050817489624,95.24638366699219,-0.2548513412475586,-0.19351959228515625,0.31999850273132324,-2.492138805634683,0.03177567571401596,-0.9994950294494629,0.0,0.0,0.0,0.0,28.0,28.0,28.0,0.0,1.0,25.0,0.0,0.0,1.0,0.0,1.0,0.0,0.0,0.0,3.04,86.20979997795075,0.6578000029549003,22.737100021913648,53.54909994639456,26.438500033691525,4.0,4.730099928565323,3.8441000506281853,0.6547999801114202,0.000300002284348011
1,77,77,0.916219368641712,0,0,3.0,2.0,1.0,0.4257059097290039,0.4221787750720978,1.0,1.0,1.0,0.24746644496917725,0.41638869047164917,1.0,1.0,1.0,0.2538226842880249,0.24746644496917725,0.4221787750720978,1.0,0.24746644496917725,0.2538226842880249,1.0,0.05567007139325142,0.8151818513870239,0.817080557346344,0.9976762533187866,0.39059361815452576,0.10421574115753174,0.4545454680919647,-0.23701252043247223,-0.28599610924720764,-0.9582307934761047,0.0,0.17963439226150513,-0.13369527459144592,1.0,-0.1444934606552124,1.0,97.87152099609375,6.186661243438721,10.554469108581543,25.0,6.345566749572754,6.186661243438721,0.17963439226150513,0.8203656077384949,0.24746644973754883,0.42217876434326174,1.0,1.0,0.0,0.0,0.0,-0.16409213807081535,0.6308144051356556,0.527295993017506,-0.09779889144063414,0.02,-0.0,-0.08459561009223725,-0.02525736956962079,0.0,0.15,-0.0,0.0,0.0,-0.0,0.0,0.5330545991377862,-0.02682628391237869,0.2628720372915268,0.0,0.02340370416641237,0.0,0.5458290200484427,-0.0,0.0,-0.08242820231531457,-0.06687776404837967,-0.07384867296459374,0.36676235496997833,-0.0,-1.4251708984375,0.0,0.33590786192918465,-0.0,-0.1781463623046875,-0.1781463623046875,-0.05,0.37729599301750594,0.296857625246048,0.2,0.0,-0.05908089642362403,-0.0,-0.0,0.0,0.0,-0.0,-0.009430805433123357,-0.02928718958388675,-0.0,0.0,-0.0163259714609012,0.0,-0.2957580126517412,-0.0,-0.0,-0.0,0.02,0.0,0.0,0.0,0.0,0.0,0.0,0.296857625246048,27.571084997691216,23.26086922832157,0.4206521686004555,0.0,0.25,0.3499999940395355,3.0,2.0,0.25,0.3499999940395355,0.25,0.3499999940395355,0.25,6.0,1.0,0.0,0.0,0.25,0.25,0.0,0.0,1.0,8.0,0.0,0.0,0.0,0.0,0.0,0.0,0.0,0.0,-3.2887487411499023,95.24635314941406,-3.4618000984191895,94.97718048095703,-0.1730513572692871,-0.26917266845703125,0.32000109553337097,-2.1421647776764425,0.03450830280780792,-0.9994043707847595,0.0,0.0,0.0,0.0,28.0,28.0,28.0,0.0,1.0,26.0,1.0,0.0,1.0,0.0,1.0,0.0,0.0,0.0,3.08,50.05279998295009,0.4520000657066703,21.537299966439605,20.57069994043559,17.279500025324523,4.0,4.167800070717931,2.583299996331334,0.7041000062599778,0.000400003045797348
1,78,78,0.8815815538647334,0,0,3.0,3.0,1.0,0.4257059097290039,0.4221787750720978,1.0,1.0,1.0,0.24746644496917725,0.41638869047164917,1.0,1.0,1.0,0.2538226842880249,0.24746644496917725,0.4221787750720978,1.0,0.24746644496917725,0.2538226842880249,1.0,0.05660797655582428,0.8136290907859802,0.8155959844589233,0.9975884556770325,0.3938726484775543,0.1992460936307907,0.4545454680919647,-0.23701252043247223,-0.26595252752304077,-0.9639861583709717,0.0,0.17963439226150513,-0.13369527459144592,1.0,-0.20135292410850525,1.0,97.66786193847656,6.366427898406982,10.04067611694336,25.0,6.6549811363220215,6.366427898406982,0.2216549515724182,0.7783450484275818,0.2546571159362793,0.40162704467773436,1.0,1.0,0.0,0.0,0.0,-0.21521155115705248,0.7558002738113885,0.5155340918899515,-0.19454126067955396,0.02,-0.0,-0.0763219299334079,-0.02350495653500116,0.1653002738952637,0.15,-0.0,0.0,0.0,-0.0,0.0,0.6865156857505714,-0.07610821066939291,0.2775792330503464,0.0,0.05014406009153886,0.0,0.7227576908312346,-0.0,0.0,-0.13258876798974173,-0.18747593515007155,-0.09639009897110729,0.39407571852207185,-0.0,-1.6292724609375,-0.02001953125,0.3048079800929475,-0.0,-0.2036590576171875,-0.2036590576171875,-0.05,0.36553409188995145,0.3002604842185974,0.2,0.0,-0.06019311288709619,-0.0,-0.0,0.0,0.0,-0.0,-0.02327376951875397,-0.0585743791677735,-0.0,0.0,-0.017547631869092584,0.0,-0.45522594451897347,-0.052499999105930326,-0.0,-0.0,0.02,0.0,0.0,0.0,0.0,0.0,0.0,0.3002604842185974,28.090119347311557,32.4,0.7326086850269979,0.0,0.25,0.699999988079071,3.0,3.0,0.25,0.699999988079071,0.25,0.699999988079071,0.25,7.0,1.0,0.0,0.0,0.25,0.25,0.0,0.0,1.0,8.0,0.0,0.0,0.0,0.0,0.0,0.0,0.0,0.0,-3.461282968521118,94.97724151611328,-3.590087652206421,94.68431091308594,-0.12880468368530273,-0.29293060302734375,0.3199984133243561,-1.9850606986624195,0.036419112235307693,-0.9993366003036499,0.0,0.0,0.0,0.0,28.0,28.0,28.0,0.0,1.0,26.0,0.0,0.0,1.0,0.0,1.0,0.0,0.0,0.0,3.12,84.54489998985082,0.6622000364586711,19.642699975520372,55.00549997668713,27.06729993224144,4.0,4.995399969629943,3.533800016157329,0.6729000015184283,0.000400003045797348
1,79,79,0.8596737342096374,0,0,3.0,2.0,1.0,0.403229296207428,0.4016270339488983,1.0,1.0,1.0,0.254657119512558,0.45017388463020325,1.0,1.0,1.0,0.2661992311477661,0.254657119512558,0.4016270339488983,1.0,0.254657119512558,0.2661992311477661,1.0,0.0579565055668354,0.8118326663970947,0.8138988614082336,0.9974614381790161,0.40128740668296814,0.4505506455898285,0.4545454680919647,-0.2783896028995514,-0.24415718019008636,-0.9697356820106506,0.0,0.2216549515724182,-0.15342679619789124,1.0,-0.2445979118347168,1.0,97.45922088623047,6.366427898406982,10.04067611694336,25.0,6.6549811363220215,6.366427898406982,0.2216549515724182,0.7783450484275818,0.2546571159362793,0.40162704467773436,1.0,1.0,0.0,0.0,0.0,-0.21054046468293564,0.6835444516763497,0.5192304412766892,-0.15256069406046574,0.02,-0.0,-0.0763219299334079,-0.02350495653500116,0.0,0.15,-0.0,0.0,0.0,-0.0,0.0,0.6865156857505714,-0.07610821066939291,0.2775792330503464,0.0,0.05014406009153886,0.0,0.7227576908312346,-0.0,0.0,-0.16492828339697962,-0.09373796757503577,-0.11990045462221709,0.39407571852207185,-0.0,-1.66912841796875,0.0,0.28945953531706436,-0.0,-0.20864105224609375,-0.20864105224609375,-0.05,0.3692304412766892,0.3032967746257782,0.2,0.0,-0.059136620611271694,-0.0,-0.0,0.0,0.0,-0.0,-0.011636884759376985,-0.02928718958388675,-0.0,0.0,-0.017547631869092584,0.0,-0.4235799449265464,-0.052499999105930326,-0.0,-0.0,0.02,0.0,0.0,0.0,0.0,0.0,0.0,0.3032967746257782,27.597089618593458,23.26086922832157,0.4206521686004555,0.0,0.25,0.3499999940395355,3.0,2.0,0.25,0.3499999940395355,0.25,0.3499999940395355,0.25,8.0,1.0,0.0,0.0,0.25,0.25,0.0,0.0,1.0,8.0,0.0,0.0,0.0,0.0,0.0,0.0,0.0,0.0,-3.5895612239837646,94.68423461914062,-3.7183997631073,94.39131927490234,-0.12883853912353516,-0.29291534423828125,0.3199980854988098,-1.9851767392780277,0.03788365051150322,-0.99928218126297,0.0,0.0,0.0,0.0,28.0,28.0,28.0,0.0,1.0,26.0,0.0,0.0,1.0,0.0,1.0,0.0,0.0,0.0,3.16,111.93909996654838,0.7255000527948141,15.871400013566017,79.25470010377467,43.94979996141046,4.0,8.566100033931434,5.654999986290932,1.8202000064775348,0.000300002284348011
1,80,80,0.5425012781440033,0,0,2.0,4.0,1.0,0.403229296207428,0.4016270339488983,1.0,1.0,1.0,0.254657119512558,0.45017388463020325,1.0,1.0,1.0,0.2661992311477661,0.254657119512558,0.4016270339488983,1.0,0.254657119512558,0.2661992311477661,1.0,0.0593411847949028,0.809989333152771,0.8121601939201355,0.9973270893096924,0.39424413442611694,-0.42797720432281494,0.4545454680919647,-0.2783896028995514,-0.22129297256469727,-0.9752073884010315,0.0,0.2216549515724182,-0.15342679619789124,1.0,-0.3042573928833008,1.0,97.24542999267578,6.615360736846924,9.502013206481934,25.0,6.912358283996582,6.615360736846924,0.2668348252773285,0.7331651747226715,0.264614429473877,0.38008052825927735,1.0,1.0,0.0,0.0,0.0,-0.2581186533866342,0.595347117672444,0.506904024061465,-0.3216312102032715,0.02,-0.0,-0.07006093753746827,-0.021277244747033266,0.1438759803771973,0.15,-0.0,0.0,0.0,-0.0,0.0,0.8409585930371408,-0.15126330444259342,0.29339218884706497,0.0,0.0788948888128454,0.0,0.9129887380098043,-0.0,0.0,-0.23336332648722388,-0.3584229240412434,-0.1443113561718805,0.42344263643026353,-0.0,-1.7103271484375,-0.01611328125,0.2579946278633658,-0.0,-0.2137908935546875,-0.2137908935546875,-0.05,0.35690402406146493,0.3077327609062195,0.2,0.0,-0.06080840750427118,-0.0,-0.03961989653326655,0.0,0.0,-0.0,-0.04002522379159927,-0.08367768595041321,-0.0,0.0,-0.0187624953687191,0.0,-0.5993259611274171,-0.09749999642372131,-0.0,-0.0,0.02,0.0,0.0,0.0,0.0,0.0,0.0,0.3077327609062195,28.377256835326552,32.4,1.0,0.0,0.0,1.0,2.0,4.0,0.0,1.0,0.25,1.0,0.25,9.0,1.0,0.0,0.0,0.0,0.25,1.0,0.25,1.0,7.0,0.0,0.0,0.0,0.0,0.0,0.0,0.0,0.0,-3.718116521835327,94.39140319824219,-3.846971035003662,94.09849548339844,-0.12885451316833496,-0.29290771484375,0.31999751925468445,-1.9852320393763452,0.039359889924526215,-0.9992250800132751,0.0,0.0,0.0,0.0,28.0,28.0,28.0,0.0,1.0,26.0,0.0,0.0,1.0,0.0,1.0,0.0,0.0,0.0,3.2,166.07080004177988,0.8220999734476209,39.43250002339482,107.50959999859333,89.0020999358967,4.0,9.552499977871776,7.275900105014443,1.4334999723359942,0.000400003045797348
1,81,81,0.758470496012633,0,0,3.0,2.0,1.0,0.3805137574672699,0.38008052110671997,1.0,1.0,1.0,0.26461443305015564,0.49087074398994446,1.0,1.0,1.0,0.2764943242073059,0.26461443305015564,0.38008052110671997,1.0,0.26461443305015564,0.2764943242073059,1.0,0.06077413633465767,0.8080965280532837,0.8103786110877991,0.9971839189529419,0.40538936853408813,0.6772285103797913,0.4545454680919647,-0.2995392978191376,-0.19742371141910553,-0.9803182482719421,0.0,0.2668348252773285,-0.16912740468978882,1.0,-0.34080496430397034,1.0,97.02591705322266,6.928253173828125,8.943846702575684,25.0,7.131143093109131,6.928253173828125,0.31629806756973267,0.6837019324302673,0.277130126953125,0.35775386810302734,1.0,1.0,0.0,0.0,0.0,-0.2745711093977672,0.7979414314444266,0.49123564033306577,-0.2761354663670922,0.02,-0.0,-0.06514521160425571,-0.01877415528434157,0.13273487091064454,0.15,-0.0,0.0,0.0,-0.0,0.0,0.9975004255111076,-0.2598846512537842,0.3107043236494064,0.0,0.11037149754437531,0.0,1.1212550213462429,-0.0,0.0,-0.3133192776926585,-0.16352759445493803,-0.16974586518241708,0.45559374392032626,-0.0,-1.756103515625,0.0,0.2254288906022328,-0.0,-0.219512939453125,-0.219512939453125,-0.05,0.34123564033306575,0.3111419975757599,0.2,0.0,-0.062226762325050575,-0.0,-0.0705158697698151,0.0,0.0,-0.0,-0.016605648264618456,-0.02928718958388675,-0.0,0.0,-0.018422063440084457,0.0,-0.764475932593506,-0.09749999642372131,-0.0,-0.0,0.02,0.0,0.0,0.0,0.0,0.0,0.0,0.3111419975757599,29.039155751690267,23.26086922832157,0.4206521686004555,0.0,0.25,0.3499999940395355,3.0,2.0,0.25,0.3499999940395355,0.25,0.3499999940395355,0.25,10.0,1.0,0.0,0.0,0.25,0.25,0.0,0.0,1.0,8.0,0.0,0.0,0.0,0.0,0.0,0.0,0.0,0.0,-3.8468198776245117,94.0986557006836,-3.975680112838745,93.80574798583984,-0.1288602352142334,-0.29290771484375,0.3199998140335083,-1.985248401030586,0.04084659367799759,-0.999165415763855,0.0,0.0,0.0,0.0,28.0,28.0,28.0,0.0,1.0,26.0,0.0,0.0,1.0,0.0,1.0,0.0,0.0,0.0,3.24,169.1309999441728,0.628999900072813,27.998300036415458,125.91359997168183,50.19209999591112,4.0,9.383499971590936,4.1652999352663755,0.9959000162780285,0.000400003045797348
1,82,82,0.7792920243011918,0,0,3.0,1.0,1.0,0.3577538728713989,0.35826197266578674,1.0,1.0,1.0,0.277130126953125,1.0,1.0,1.0,1.0,0.28524571657180786,0.277130126953125,0.3577538728713989,1.0,0.277130126953125,0.28524571657180786,1.0,0.06224675104022026,0.8061497211456299,0.8085492849349976,0.9970322251319885,0.4148450791835785,0.574565052986145,0.4545454680919647,-0.3226717710494995,-0.17242863774299622,-0.9850220084190369,0.0,0.31629806756973267,-0.16705211997032166,1.0,-0.3725816309452057,1.0,96.79898834228516,6.928253173828125,8.943846702575684,25.0,7.131143093109131,6.928253173828125,0.31629806756973267,0.6837019324302673,0.277130126953125,0.35775386810302734,1.0,1.0,0.0,0.0,0.0,-0.2943255089384085,0.7822305683976939,0.4917873271048699,-0.22040036226296356,0.02,-0.0,-0.06514521160425571,-0.01877415528434157,0.0,0.15,-0.0,0.0,0.0,-0.0,0.0,0.9975004255111076,-0.2598846512537842,0.3107043236494064,0.0,0.11037149754437531,0.0,1.1212550213462429,-0.0,0.0,-0.3607407085381835,-0.0,-0.1954372042737762,0.45559374392032626,-0.0,-1.8154296875,0.0,0.20567449106159152,-0.0,-0.2269287109375,-0.2269287109375,-0.05,0.34178732710486986,0.3116450309753418,0.2,0.0,-0.06218964721541851,-0.0,-0.10571071594161473,0.0,0.0,0.0,0.0,0.0,-0.0,0.0,-0.018422063440084457,0.0,-0.7635580883390072,-0.052499999105930326,-0.0,-0.0,0.02,0.0,0.0,0.0,0.0,0.0,0.0,0.3116450309753418,29.021835367195308,0.0,0.0,0.0,0.25,0.0,3.0,1.0,0.25,0.0,0.25,0.0,0.25,11.0,1.0,0.0,0.0,0.25,0.25,0.0,0.0,1.0,8.0,0.0,0.0,0.0,0.0,0.0,0.0,0.0,0.0,-3.975586175918579,93.80595397949219,-4.1044464111328125,93.51304626464844,-0.1288602352142334,-0.29290771484375,0.3199998140335083,-1.985248401030586,0.04234294965863228,-0.9991031289100647,0.0,0.0,0.0,0.0,28.0,28.0,28.0,0.0,1.0,26.0,0.0,0.0,1.0,0.0,1.0,0.0,0.0,0.0,3.28,56.25509994570166,0.8163999300450087,23.32370006479323,20.40200005285442,13.872999930754304,4.0,6.599399959668517,4.180700052529573,0.8838999783620238,0.000500003807246685
1,83,83,0.3644363191284592,0,0,3.0,3.0,1.0,0.3577538728713989,0.35826197266578674,1.0,1.0,1.0,0.277130126953125,1.0,1.0,1.0,1.0,0.28524571657180786,0.277130126953125,0.3577538728713989,1.0,0.277130126953125,0.28524571657180786,1.0,0.06373541057109833,0.804136335849762,0.8066582083702087,0.996873676776886,0.41459766030311584,-0.015035055577754974,0.4545454680919647,-0.3226717710494995,-0.14706797897815704,-0.9891263842582703,0.0,0.31629806756973267,-0.16705211997032166,1.0,-0.4289725422859192,1.0,96.5644302368164,7.155223369598389,8.375470161437988,25.0,7.4969964027404785,7.155223369598389,0.36551764607429504,0.634482353925705,0.28620893478393555,0.3350188064575195,1.0,1.0,0.0,0.0,0.0,-0.32295912492151757,0.5711318355772049,0.4748798911559413,-0.3786162826831695,0.02,-0.0,-0.05768531487647277,-0.017144769245317014,0.21295776367187502,0.15,-0.0,0.0,0.0,-0.0,0.0,1.1402567968902158,-0.3953009655032613,0.3279311761260033,0.0,0.14169304750182418,0.0,1.3284953518917688,-0.0,0.0,-0.4521272298917348,-0.4098180874552585,-0.221253936820569,0.4875864699482918,-0.0,-1.87646484375,0.00495689339004457,0.17208398168843786,-0.0,-0.23455810546875,-0.23455810546875,-0.05,0.3248798911559413,0.3142078220844269,0.2,0.0,-0.06299987834673375,-0.0,-0.12296594446167648,0.0,0.0,-0.0,-0.04208499140468035,-0.04556547025821827,-0.0,0.0,-0.019248608965426683,0.0,-0.9092531009391835,-0.10499999821186065,-0.0,-0.0,0.02,0.0,0.0,0.0,0.0,0.0,0.0,0.3142078220844269,29.39994322847575,32.4,0.7326086850269979,0.0,0.25,0.699999988079071,3.0,3.0,0.25,0.699999988079071,0.25,0.699999988079071,0.25,12.0,1.0,0.0,0.0,0.25,0.25,0.0,0.0,1.0,8.0,0.0,0.0,0.0,0.0,0.0,0.0,0.0,0.0,-4.1043782234191895,93.51326751708984,-4.233236312866211,93.2203598022461,-0.12885808944702148,-0.29290771484375,0.31999894976615906,-1.985242261181105,0.04384865239262581,-0.9990382194519043,0.0,0.0,0.0,0.0,28.0,28.0,28.0,0.0,1.0,26.0,0.0,0.0,1.0,0.0,1.0,0.0,0.0,0.0,3.32,106.47540003992617,0.6195999449118972,22.980500012636185,74.16259997989982,35.9479000326246,4.0,4.945000051520765,2.9444999527186155,0.7834000280126929,0.000300002284348011
1,84,84,-0.13418334517984185,0,0,3.0,4.0,1.0,0.3350188136100769,0.3366014063358307,1.0,1.0,1.0,0.2862089276313782,1.0,1.0,1.0,0.9484388828277588,0.29987984895706177,0.2862089276313782,0.3350188136100769,1.0,0.2862089276313782,0.29987984895706177,1.0,0.06525617092847824,0.8020532727241516,0.8047035932540894,0.996706485748291,0.4199991822242737,0.32821863889694214,0.4545454680919647,-0.3246757984161377,-0.12148579955101013,-0.9925931692123413,0.0,0.36551764607429504,-0.17218483984470367,1.0,-0.45377373695373535,1.0,96.37763214111328,7.155223369598389,8.375470161437988,25.0,7.4969964027404785,7.155223369598389,0.36551764607429504,0.634482353925705,0.28620893478393555,0.3350188064575195,1.0,1.0,0.0,0.0,0.0,-0.344959877511279,0.10120091423594602,0.4806863091919114,-0.39111069109642027,0.02,-0.0,-0.05768531487647277,-0.017144769245317014,0.0,0.15,-0.0,0.0,0.0,-0.0,0.0,1.1402567968902158,-0.3953009655032613,0.3279311761260033,0.0,0.14169304750182418,0.0,1.3284953518917688,-0.0,0.0,-0.506079069868265,-0.5854544206205986,-0.24765592326225952,0.4875864699482918,-0.0,-1.494384765625,0.0,0.155040122488721,-0.0,-0.186798095703125,-0.186798095703125,-0.05,0.3306863091919114,0.3198235034942627,0.2,0.0,-0.06421751503832637,-0.0,-0.15667822690484443,0.0,0.0,-0.0,-0.06012141731626213,-0.06509353004884802,-0.0,0.0,-0.019248608965426683,0.0,-0.9366380854666971,-0.04500000178813934,-0.0,-0.0,0.02,0.0,0.0,0.0,0.0,0.0,0.0,0.3198235034942627,29.968173684552312,32.4,1.0,0.0,0.25,1.0,3.0,4.0,0.25,1.0,0.25,1.0,0.25,13.0,1.0,0.0,0.0,0.25,0.25,0.0,0.0,1.0,8.0,0.0,0.0,0.0,0.0,0.0,0.0,0.0,0.0,-4.233179092407227,93.22059631347656,-4.454663276672363,92.98963165283203,-0.22148418426513672,-0.23096466064453125,0.3199998736381531,-2.3352438670106888,0.045363593846559525,-0.9989705681800842,0.0,0.0,0.0,0.0,28.0,28.0,28.0,0.0,1.0,25.0,0.0,0.0,1.0,0.0,1.0,0.0,0.0,0.0,3.36,92.52980002202094,0.5986000178381801,25.40949999820441,59.08910010475665,35.2279000217095,4.0,4.066199995577335,2.791699953377247,0.5391000304371119,0.000400003045797348
1,85,85,-1.196259523670153,0,0,3.0,0.0,1.0,0.3350188136100769,0.3366014063358307,1.0,1.0,1.0,0.2862089276313782,1.0,1.0,1.0,0.9484388828277588,0.29987984895706177,0.2862089276313782,0.3350188136100769,1.0,0.2862089276313782,0.29987984895706177,1.0,0.06605872511863708,0.80042564868927,0.8031469583511353,0.9966117143630981,0.4281167685985565,0.493255615234375,0.4545454680919647,-0.3246757984161377,-0.09524007141590118,-0.9954543113708496,0.0,0.36551764607429504,-0.17218483984470367,1.0,-0.5079220533370972,1.0,96.2670669555664,7.3782758712768555,7.7925848960876465,25.0,7.844947338104248,7.3782758712768555,0.41630271077156067,0.5836972892284393,0.2951310348510742,0.31170339584350587,1.0,1.0,0.0,0.0,0.0,-0.35575702571252243,-0.8750614171487073,0.45811539947104746,-0.4435564802799707,0.02,-0.08534789085388184,-0.05138660979794654,-0.015681350282116115,0.19271616935729982,0.15,-0.0,0.0,0.0,-0.0,0.0,0.8492970587709161,-1.283354086543218,0.34570594877004623,0.0,0.1740108159455386,0.3333333333333333,1.0282181354991178,-0.0,0.0,-0.6087441855293892,-0.0,-0.273967159243794,0.5205967620015144,-0.0,-0.884521484375,0.02052060782443732,0.12372236646304025,-0.0,-0.110565185546875,-0.110565185546875,-0.05,0.30811539947104744,0.3179023265838623,0.2,0.0,-0.0628426543963807,-0.0,-0.15571382588359,0.0,0.0,0.0,0.0,0.0,-0.0,0.0,-0.01809515990316868,0.0,-1.0326834978663206,-0.22499999999999998,-0.0,-0.0,0.02,0.0,0.0,0.0,0.0,0.0,0.0,0.3179023265838623,29.326572051644327,0.0,0.0,0.45652173913043476,0.25,-0.5,3.0,0.0,0.25,-0.5,0.25,-0.5,0.25,14.0,1.0,0.0,0.0,0.25,0.25,0.0,0.0,1.0,8.0,0.0,0.0,0.0,0.0,0.0,0.0,0.0,0.0,-4.454768657684326,92.99022674560547,-4.742031097412109,92.84922790527344,-0.2872624397277832,-0.14099884033203125,0.3200005888938904,-2.685302808689046,0.047850895673036575,-0.9988544583320618,0.0,0.0,0.0,0.0,28.0,28.0,28.0,0.0,1.0,25.0,0.0,0.0,1.0,0.0,1.0,0.0,0.0,0.0,3.4,92.28300000540912,0.5242000333964825,19.747299957089126,62.57409998215735,30.06770007777959,4.0,5.1998000126332045,3.4597000339999795,0.7368000224232674,0.000400003045797348
1,86,86,-0.048173525470785475,0,0,3.0,2.0,1.0,0.3117033839225769,0.31486809253692627,1.0,1.0,1.0,0.29513102769851685,1.0,1.0,1.0,0.8612155914306641,0.31379789113998413,0.29513102769851685,0.3117033839225769,1.0,0.29513102769851685,0.31379789113998413,1.0,0.0663040354847908,0.7994808554649353,0.8022255301475525,0.9965786337852478,0.41895103454589844,-0.5569458603858948,0.4545454680919647,-0.3300343155860901,-0.06901849806308746,-0.997615396976471,0.0,0.41630271077156067,-0.1570693701505661,1.0,-0.5262559652328491,1.0,96.15017700195312,7.3782758712768555,7.7925848960876465,25.0,7.844947338104248,7.3782758712768555,0.41630271077156067,0.5836972892284393,0.2951310348510742,0.31170339584350587,1.0,1.0,0.0,0.0,0.0,-0.39576543366982087,0.28374702593040607,0.4568502439435463,-0.41300536167491697,0.02,-0.08534789085388184,-0.05138660979794654,-0.015681350282116115,0.0,0.15,-0.0,0.0,0.0,-0.0,0.0,1.273945588156374,-0.5636013916938358,0.34570594877004623,0.0,0.1740108159455386,0.0,1.5423272032486766,-0.0,0.0,-0.6671222280207592,-0.2512553536454291,-0.30024037358203914,0.5205967620015144,-0.0,-0.93511962890625,0.0,0.10423456633017913,-0.0,-0.11688995361328125,-0.11688995361328125,-0.05,0.30685024394354626,0.31659698486328125,0.2,0.0,-0.06271990342986371,-0.0,-0.18131128056108695,0.0,0.0,-0.0,-0.027296001186982437,-0.014178172920705171,-0.0,0.0,-0.01809515990316868,0.0,-1.0300357812775072,-0.1275000035762787,-0.0,-0.0,0.02,0.0,0.0,0.0,0.0,0.0,0.0,0.31659698486328125,29.26928826726973,23.26086922832157,0.4206521686004555,0.0,0.25,0.3499999940395355,3.0,2.0,0.25,0.3499999940395355,0.25,0.3499999940395355,0.25,15.0,1.0,0.0,0.0,0.25,0.25,0.0,0.0,1.0,8.0,0.0,0.0,0.0,0.0,0.0,0.0,0.0,0.0,-4.742094039916992,92.8499526977539,-5.030552387237549,92.71141815185547,-0.28845834732055664,-0.1385345458984375,0.3200000524520874,-2.6938626843620956,0.05100617930293083,-0.998698353767395,0.0,0.0,0.0,0.0,28.0,28.0,28.0,0.0,1.0,25.0,0.0,0.0,1.0,0.0,1.0,0.0,0.0,0.0,3.44,55.33820006530732,0.7111000595614314,16.106799943372607,28.977700043469667,17.23240001592785,4.0,5.3368000080809,3.467199974693358,0.7044000085443258,0.000300002284348011
1,87,87,0.5526332542113495,0,0,4.0,3.0,1.0,0.3117033839225769,0.31486809253692627,1.0,1.0,1.0,0.29513102769851685,1.0,1.0,1.0,0.8612155914306641,0.31379789113998413,0.29513102769851685,0.3117033839225769,1.0,0.29513102769851685,0.31379789113998413,1.0,0.06653343886137009,0.7984843850135803,0.8012514710426331,0.9965464472770691,0.4181326925754547,-0.04972550645470619,0.4545454680919647,-0.3300343155860901,-0.04278712719678879,-0.9990842342376709,0.0,0.41630271077156067,-0.1570693701505661,1.0,-0.5767234563827515,1.0,96.02547454833984,7.207373142242432,7.207373142242432,25.0,8.175823211669922,7.8237457275390625,0.46452921628952026,0.5354707837104797,0.2882949256896973,0.2882949256896973,1.0,1.0,0.0,0.0,0.0,-0.40522603529639234,1.131688671312609,0.44035528839364685,-0.6341846701985141,0.02,-0.3369647264480591,-0.0460380119702662,-0.013121920910242507,0.26732511520385743,0.15,-0.0,0.0,0.0,-0.0,0.0,1.7218559110449427,-0.04941355189190501,0.3625852257013321,0.0,0.013481407815759985,0.0,1.7453861738506118,-0.0,0.0,-0.7765140321090382,-0.5973943541576834,-0.3274096854523538,0.5519439905881882,-0.0,-0.99761962890625,0.015164699929300696,0.07960926477430696,-0.0,-0.12470245361328125,-0.12470245361328125,-0.05,0.2903552883936468,0.31987133622169495,0.2,0.0,-0.09215512042510299,-0.015061983471074398,-0.2562282846767335,0.0,0.0,-0.0,-0.06797302757019132,-0.14726625334015625,-0.0,0.0,-0.024547411091625698,0.0,-0.9088845202079828,-0.05550000071525574,-0.0,-0.0,0.02,0.0,0.0,0.0,0.0,0.0,0.0,0.31987133622169495,29.057920854762195,32.4,0.7326086850269979,0.0,0.5,0.699999988079071,4.0,3.0,0.5,0.699999988079071,0.3700000047683716,0.699999988079071,0.3700000000000001,16.0,1.0,0.0,0.0,0.5,0.5,1.0,0.1299999999999999,1.0,8.0,0.0,0.0,0.0,0.0,0.0,0.0,0.0,0.0,-5.030622959136963,92.71190643310547,-5.319068908691406,92.57334899902344,-0.28844594955444336,-0.13855743408203125,0.3199988007545471,-2.693781454278755,0.05418110266327858,-0.9985310435295105,0.0,0.0,0.0,0.0,28.0,28.0,28.0,0.0,1.0,25.0,0.0,0.0,1.0,0.0,1.0,0.0,0.0,0.0,3.48,82.1968000382185,0.555400038138032,18.27669993508607,54.47219999041408,44.23279990442097,4.0,4.616199992597103,3.5238999407738447,0.7220000261440873,0.000500003807246685
1,88,88,-2.525782973289206,0,0,3.0,0.0,1.0,0.2882949113845825,0.29357191920280457,1.0,1.0,1.0,0.3129498362541199,1.0,1.0,1.0,0.8012679219245911,0.3270329236984253,0.2882949113845825,0.2882949113845825,1.0,0.3129498362541199,0.3270329236984253,1.0,0.06679458916187286,0.7974196672439575,0.8002122640609741,0.9965102076530457,0.4151131510734558,-0.18347865343093872,0.6727272868156433,-0.3312358558177948,-0.015630247071385384,-0.9998778104782104,0.0,0.46452921628952026,-0.13745129108428955,1.0,-0.5931936502456665,1.0,95.89227294921875,6.618847370147705,6.618847370147705,25.0,8.457159996032715,8.109111785888672,0.5138773918151855,0.48612260818481445,0.2647538948059082,0.2647538948059082,1.0,1.0,0.0,0.0,0.0,-0.42346420859691847,-2.133174534851187,0.4167754708231588,-0.40591970066425953,0.02,-0.6172409653663635,-0.04193193615838265,-0.011706424109410092,0.1626581192016602,0.15,-0.0,0.0,0.0,-0.0,0.0,0.9946783980060219,-1.8798941578275987,0.37985708713531496,0.0,0.23610379479148172,0.3333333333333333,1.3021119770250824,-0.0,0.0,-0.8958430665953335,-0.0,-0.3571568855860241,0.5840203046798706,-0.0,-1.06561279296875,0.020413351710885763,0.05612243969219577,-0.0,-0.13320159912109375,-0.13320159912109375,-0.05,0.2667754708231588,0.31578299403190613,0.2,0.0,-0.06289070800891412,-0.0,-0.16213123226411005,0.0,0.0,0.0,0.0,0.0,-0.0,0.0,-0.01422089897096157,0.0,-1.281785580055901,-0.18089776039123534,-0.0,-0.0,0.02,0.0,0.0,0.0,0.0,0.0,0.0,0.31578299403190613,29.34899707082659,0.0,0.0,0.45652173913043476,0.25,-0.5,3.0,0.0,0.25,-0.5,0.25,-0.5,0.25,17.0,1.0,0.0,0.0,0.25,0.25,0.0,0.0,1.0,8.0,0.0,0.0,0.0,0.0,0.0,0.0,0.0,0.0,-5.318983554840088,92.57362365722656,-5.607422828674316,92.43505096435547,-0.2884392738342285,-0.13857269287109375,0.3199993669986725,-2.693729414138891,0.057362187653779984,-0.9983534216880798,0.0,0.0,0.0,0.0,28.0,28.0,28.0,0.0,1.0,25.0,0.0,0.0,1.0,0.0,1.0,0.0,0.0,0.0,3.52,125.91139995492995,0.6809999467805028,17.425599973648787,86.70740004163235,53.08440001681447,4.0,10.349399992264807,5.942600080743432,4.763499950058758,0.000500003807246685
1,89,89,-1.1150182759981826,0,0,3.0,2.0,0.36229148507118225,0.26475390791893005,0.27260252833366394,1.0,1.0,1.0,0.32436448335647583,1.0,1.0,1.0,0.748136579990387,0.3382863998413086,0.26475390791893005,0.26475390791893005,1.0,0.32436448335647583,0.3382863998413086,1.0,0.06702352315187454,0.7962865829467773,0.799102246761322,0.996476411819458,0.4192713797092438,0.2526703178882599,0.4545454680919647,-0.37698236107826233,0.014115848578512669,-0.9999003410339355,0.0,0.5138773918151855,-0.11007411777973175,1.0,-0.6115487217903137,1.0,95.74920654296875,6.618847370147705,6.618847370147705,25.0,8.457159996032715,8.109111785888672,0.5138773918151855,0.48612260818481445,0.2647538948059082,0.2647538948059082,1.0,1.0,0.0,0.0,0.0,-0.46275540934843207,-0.6705134628860011,0.41565961774171467,-0.417409021505464,0.02,-0.6172409653663635,-0.04193193615838265,-0.011706424109410092,0.0,0.15,-0.0,0.0,0.0,-0.0,0.0,1.4920175970090326,-0.9684157739100409,0.37985708713531496,0.0,0.23610379479148172,0.0,1.9531679655376235,-0.0,0.0,-0.9703526434849667,-0.35070171258306243,-0.3868625443342373,0.5840203046798706,-0.0,-1.14453125,0.0,0.03724459065156793,-0.0,-0.14306640625,-0.14306640625,-0.05,0.26565961774171465,0.31446215510368347,0.2,0.0,-0.06339155569462371,-0.0,-0.18158045503410877,0.0,0.0,-0.0,-0.041591020168166626,-0.0033459870322861606,-0.0,0.0,-0.01422089897096157,0.0,-1.2911286708494694,-0.1275000035762787,-0.0,-0.0,0.02,0.0,0.0,0.0,0.0,0.0,0.0,0.31446215510368347,29.5827259908244,23.26086922832157,0.4206521686004555,0.0,0.25,0.3499999940395355,3.0,2.0,0.25,0.3499999940395355,0.25,0.3499999940395355,0.25,18.0,1.0,0.0,0.0,0.25,0.25,0.0,0.0,1.0,8.0,0.0,0.0,0.0,0.0,0.0,0.0,0.0,0.0,-5.607285499572754,92.43526458740234,-5.895720481872559,92.29668426513672,-0.2884349822998047,-0.138580322265625,0.3199988305568695,-2.6937021167373523,0.06055045127868652,-0.9981651902198792,0.0,0.0,0.0,0.0,28.0,28.0,28.0,0.0,1.0,25.0,0.0,0.0,1.0,0.0,1.0,0.0,0.0,0.0,3.56,49.600600032135844,0.7377000292763114,20.992000005207956,19.750600098632276,11.462099966593087,4.0,4.515299922786653,2.918099984526634,0.6526000797748566,0.000300002284348011
1,90,90,-0.9686300508688133,0,0,3.0,1.0,0.36229148507118225,0.26475390791893005,0.27260252833366394,1.0,1.0,1.0,0.32436448335647583,1.0,1.0,1.0,0.748136579990387,0.3382863998413086,0.26475390791893005,0.26475390791893005,1.0,0.32436448335647583,0.3382863998413086,1.0,0.06724109500646591,0.7950717806816101,0.7979100346565247,0.9964428544044495,0.4226103723049164,0.20288968086242676,0.4545454680919647,-0.37698236107826233,0.04380795359611511,-0.9990399479866028,0.0,0.5138773918151855,-0.11007411777973175,1.0,-0.6624128222465515,1.0,95.59671783447266,6.037041187286377,6.037041187286377,25.0,8.71727466583252,8.40379524230957,0.5609914064407349,0.43900859355926514,0.24148164749145506,0.24148164749145506,1.0,1.0,0.0,0.0,0.0,-0.46084915796613934,-0.6475427178443807,0.3977134003647987,-0.27795157542309185,0.02,-0.9197219014167786,-0.038463364853925215,-0.010404770238148717,0.1514232635498047,0.15,-0.0,0.0,0.0,-0.0,0.0,1.5790485599389854,-1.202237828446207,0.3963469922542572,0.0,0.26608544046228577,0.0,2.1515427639609888,-0.0,0.0,-1.0909183578756354,-0.0,-0.41553244876701384,0.6146444141864777,-0.0,-1.21990966796875,0.021864685812033713,0.017286156221826943,-0.0,-0.15248870849609375,-0.15248870849609375,-0.05,0.24771340036479866,0.3156646490097046,0.2,0.0,-0.06315676279480435,-0.0,-0.16229481352235714,0.0,0.0,0.0,0.0,0.0,-0.0,0.0,-0.01082020066678524,0.0,-1.4069908817966794,-0.052499999105930326,-0.0,-0.0,0.02,0.0,0.0,0.0,0.0,0.0,0.0,0.3156646490097046,29.4731559709087,0.0,0.0,0.0,0.25,0.0,3.0,1.0,0.25,0.0,0.25,0.0,0.25,19.0,1.0,0.0,0.0,0.25,0.25,0.0,0.0,1.0,8.0,0.0,0.0,0.0,0.0,0.0,0.0,0.0,0.0,-5.895552158355713,92.29685974121094,-6.18398380279541,92.15827178955078,-0.28843164443969727,-0.13858795166015625,0.319999098777771,-2.693676121958275,0.06374606490135193,-0.9979661107063293,0.0,0.0,0.0,0.0,28.0,28.0,28.0,0.0,1.0,25.0,0.0,0.0,1.0,0.0,1.0,0.0,0.0,0.0,3.6,106.9356999360025,0.9162999922409654,24.543400038965046,74.08720010425895,39.144699927419424,4.0,4.140300094150007,2.657199976965785,0.5532000213861465,0.000400003045797348
1,91,91,-3.489824268767767,0,0,3.0,0.0,0.31577277183532715,0.24148164689540863,0.2521362602710724,1.0,1.0,1.0,0.3361518085002899,1.0,1.0,1.0,0.706595778465271,0.3486909866333008,0.24148164689540863,0.24148164689540863,1.0,0.3361518085002899,0.3486909866333008,1.0,0.06746578216552734,0.7937774062156677,0.7966393232345581,0.9964075088500977,0.42104509472846985,-0.0951128676533699,0.4545454680919647,-0.3569392263889313,0.07242840528488159,-0.997373640537262,0.0,0.5609914064407349,-0.07518734037876129,1.0,-0.6760534048080444,1.0,95.43489074707031,6.037041187286377,6.037041187286377,25.0,8.71727466583252,8.40379524230957,0.5609914064407349,0.43900859355926514,0.24148164749145506,0.24148164749145506,1.0,1.0,0.0,0.0,0.0,-0.49888166048217375,-3.095256315189503,0.3945116094310684,-0.31019790252715895,0.02,-0.9197219014167786,-0.038463364853925215,-0.010404770238148717,0.0,0.15,-0.0,0.0,0.0,-0.0,0.0,1.0526990399593237,-2.2062911182946685,0.3963469922542572,0.0,0.26608544046228577,0.3333333333333333,1.4343618426406592,-0.0,0.0,-1.162830665421966,-0.0,-0.44292395523079997,0.6146444141864777,-0.0,-1.29461669921875,0.0,0.00111833951782625,-0.0,-0.16182708740234375,-0.16182708740234375,-0.05,0.24451160943106837,0.31158456206321716,0.2,0.0,-0.061840086287792244,-0.0,-0.1733578162393667,0.0,0.0,0.0,0.0,0.0,-0.0,0.0,-0.01082020066678524,0.0,-1.3837851768972136,-0.075,-0.0,-0.0,0.02,0.0,0.0,0.0,0.0,0.0,0.0,0.31158456206321716,28.858706934303047,0.0,0.0,0.45652173913043476,0.25,-0.5,3.0,0.0,0.25,-0.5,0.25,-0.5,0.25,20.0,1.0,0.0,0.0,0.25,0.25,0.0,0.0,1.0,8.0,0.0,0.0,0.0,0.0,0.0,0.0,0.0,0.0,-6.183801174163818,92.15843963623047,-6.472229957580566,92.01984405517578,-0.28842878341674805,-0.1385955810546875,0.3199998438358307,-2.693650743965798,0.06694912910461426,-0.9977564215660095,0.0,0.0,0.0,0.0,28.0,28.0,28.0,0.0,1.0,25.0,0.0,0.0,1.0,0.0,1.0,0.0,0.0,0.0,3.64,78.70039995759726,0.5777999758720398,18.665999989025295,51.74030002672225,29.051000019535422,4.0,4.9996000016108155,2.227799966931343,0.4605000140145421,0.000300002284348011
1,92,92,-0.565889320355844,0,0,4.0,3.0,0.31577277183532715,0.24148164689540863,0.2521362602710724,1.0,1.0,1.0,0.3361518085002899,1.0,1.0,1.0,0.706595778465271,0.3486909866333008,0.24148164689540863,0.24148164689540863,1.0,0.3361518085002899,0.3486909866333008,1.0,0.06765136867761612,0.7924081683158875,0.7952907681465149,0.9963753819465637,0.4122672379016876,-0.5333759188652039,0.4545454680919647,-0.3569392263889313,0.0997173860669136,-0.9950157999992371,0.0,0.5609914064407349,-0.07518734037876129,1.0,-0.7206181883811951,1.0,95.2642593383789,5.467041492462158,5.467041492462158,25.0,9.14069652557373,8.675664901733398,0.6051542162895203,0.39484578371047974,0.21868165969848632,0.21868165969848632,1.0,1.0,0.0,0.0,0.0,-0.5098779936088249,-0.09523666260484057,0.3769020396605523,-0.35767670380273087,0.02,-1.224524974822998,-0.03342247254277487,-0.009332626756333917,0.2764854431152344,0.15,-0.0,0.0,0.0,-0.0,0.0,2.159825191127097,-0.37309911635095977,0.4118039757013321,0.0,0.07600722854787634,0.0,2.3374914370085063,-0.0,0.0,-1.2822933303416222,-0.9122267660532496,-0.47056926613354944,0.6433502405881881,-0.0,-1.36505126953125,0.02236431196797639,-0.0322423055768013,-0.0,-0.17063140869140625,-0.17063140869140625,-0.05,0.22690203966055228,0.3114953339099884,0.2,0.0,-0.09412845238552671,-0.015061983471074398,-0.23124126245135948,0.0,0.0,-0.0,0.23071332013155507,-0.06706056523508996,-0.0,0.0,-0.007946853488683703,0.0,-1.176192593499056,-0.18089776039123534,-0.0,-0.0,0.02,0.0,0.0,0.0,0.0,0.0,0.0,0.3114953339099884,29.680142644084988,32.4,0.7326086850269979,0.0,0.5,0.699999988079071,4.0,3.0,0.5,0.699999988079071,0.3700000047683716,0.699999988079071,0.3700000000000001,21.0,1.0,0.0,0.0,0.5,0.5,1.0,0.1299999999999999,1.0,8.0,0.0,0.0,0.0,0.0,0.0,0.0,0.0,0.0,-6.472039699554443,92.02000427246094,-6.760465145111084,91.88140106201172,-0.2884254455566406,-0.13860321044921875,0.32000014185905457,-2.6936247244216145,0.07015964388847351,-0.9975357055664062,0.0,0.0,0.0,0.0,28.0,28.0,28.0,0.0,1.0,25.0,0.0,0.0,1.0,0.0,1.0,0.0,0.0,0.0,3.68,83.81649991497397,0.4800999304279685,22.085800068452954,50.68729992490262,25.218200054951012,4.0,2.8805999318137765,5.230900016613305,2.4249000707641244,0.0003998866304755211
1,93,93,-2.2632215654389314,0,0,3.0,2.0,0.2751474976539612,0.21868166327476501,0.23191431164741516,1.0,1.0,1.0,0.3470265865325928,1.0,1.0,1.0,0.6791759729385376,0.36562785506248474,0.21868166327476501,0.21868166327476501,1.0,0.3470265865325928,0.36562785506248474,1.0,0.06782913953065872,0.7909658551216125,0.7938688397407532,0.996343195438385,0.4240020513534546,0.7130518555641174,0.6727272868156433,-0.3397468626499176,0.12718330323696136,-0.9918792247772217,0.0,0.6051542162895203,-0.0275915265083313,1.0,-0.7314355969429016,1.0,95.16168212890625,5.467041492462158,5.467041492462158,25.0,9.14069652557373,8.675664901733398,0.6051542162895203,0.39484578371047974,0.21868165969848632,0.21868165969848632,1.0,1.0,0.0,0.0,0.0,-0.5666109696030617,-1.9250740190730904,0.3783618300571467,-0.16989840681992607,0.02,-1.224524974822998,-0.03342247254277487,-0.009332626756333917,0.0,0.15,-0.0,0.0,0.0,-0.0,0.0,1.6498270594161495,-1.444095192943949,0.4118039757013321,0.0,0.2941890467296947,0.0,2.3374914370085063,-0.0,0.0,-1.3650084673885519,-0.4561133830266248,-0.5009236323439235,0.6433502405881881,-0.0,-0.82061767578125,0.0,-0.06661096960306168,-0.0,-0.10257720947265625,-0.10257720947265625,-0.05,0.2283618300571467,0.3134993612766266,0.2,0.0,-0.0630219595644357,-0.0,-0.16673278312369091,0.0,0.0,-0.0,0.11535666006577754,-3.234823212356437e-07,-0.0,0.0,-0.00536949560046196,0.0,-1.5245259024160518,-0.05550000071525574,-0.0,-0.0,0.02,0.0,0.0,0.0,0.0,0.0,0.0,0.3134993612766266,29.41024779673666,23.26086922832157,0.4206521686004555,0.0,0.25,0.3499999940395355,3.0,2.0,0.25,0.3499999940395355,0.25,0.3499999940395355,0.25,22.0,1.0,0.0,0.0,0.25,0.25,0.0,0.0,1.0,8.0,0.0,0.0,0.0,0.0,0.0,0.0,0.0,0.0,-6.760271072387695,91.88156127929688,-7.074648380279541,91.82183837890625,-0.3143773078918457,-0.059722900390625,0.3199998736381531,-2.9538576919259354,0.0733775869011879,-0.9973042607307434,0.0,0.0,0.0,0.0,28.0,28.0,28.0,0.0,1.0,24.0,1.0,0.0,1.0,0.0,1.0,0.0,0.0,0.0,3.72,61.88430008478463,0.5975000094622374,21.620000014081597,27.899099979549646,23.486899910494685,4.0,7.21420010086149,3.783299936912954,0.7397000445052981,0.000500003807246685
1,94,94,-0.6521321927245995,0,0,4.0,0.0,0.2751474976539612,0.21868166327476501,0.23191431164741516,1.0,1.0,1.0,0.3470265865325928,1.0,1.0,1.0,0.6791759729385376,0.36562785506248474,0.21868166327476501,0.21868166327476501,1.0,0.3470265865325928,0.36562785506248474,1.0,0.06779898703098297,0.7901104688644409,0.7930139899253845,0.9963385462760925,0.4201464056968689,-0.2342837154865265,0.4545454680919647,-0.3397468626499176,0.15722794830799103,-0.987562358379364,0.0,0.6051542162895203,-0.0275915265083313,1.0,-0.7786173224449158,1.0,95.05013275146484,4.5983452796936035,4.5983452796936035,25.0,9.419304847717285,8.997323989868164,0.6478255391120911,0.35217446088790894,0.18393381118774413,0.18393381118774413,0.0,0.0,0.0,0.0,0.0,2.011146530508995,-2.5988758129598293,0.3588886635395225,-0.44329157381328776,0.02,-1.5190337896347046,-0.030473238543337815,-0.008205895658820815,0.0909414291381836,0.15,-0.0,0.0,0.0,-0.0,0.0,1.5049904173581488,-1.719991274673553,0.42673893868923185,0.0,0.10316170670769408,0.3333333333333333,1.6781067764549926,-0.0,0.0,-1.4936940191552477,-0.0,-0.5309676915285702,0.6710866004228593,-0.0,-0.89239501953125,0.0,-0.10190023481845856,-0.0,-0.11154937744140625,-0.11154937744140625,-0.05,0.20888866353952248,0.3099135160446167,0.2,0.0,-0.09200066632434088,-0.015061983471074398,-0.20746459863754715,0.0,0.0,0.0,0.0,0.0,-0.0,0.0,0.0,0.0,-1.2515162182454904,-0.1287643253803253,-0.0,-0.0,0.02,0.0,0.0,0.0,0.0,0.0,0.0,0.3099135160446167,29.009219111278654,0.0,0.0,0.45652173913043476,0.5,-0.5,4.0,0.0,0.5,-0.5,0.3700000047683716,-0.5,0.3700000000000001,23.0,1.0,0.0,0.0,0.5,0.5,1.0,0.1299999999999999,1.0,8.0,0.0,0.0,0.0,0.0,0.0,0.0,0.0,0.0,-7.074376106262207,91.82227325439453,-7.3887505531311035,91.76253509521484,-0.3143744468688965,-0.0597381591796875,0.31999990344047546,-2.953809169789649,0.07681658118963242,-0.9970452189445496,0.0,0.0,0.0,0.0,28.0,28.0,28.0,0.0,1.0,24.0,0.0,0.0,1.0,0.0,1.0,0.0,0.0,0.0,3.76,106.65630002040416,0.7165999850258231,21.81950001977384,76.6721999971196,66.54039991553873,4.0,4.447899991646409,2.500200062058866,0.4662000574171543,0.000200001522898674
1,95,95,-2.9331688451676587,0,0,3.0,3.0,0.1839338093996048,0.19598066806793213,0.2120051234960556,1.0,1.0,1.0,0.35989296436309814,1.0,1.0,1.0,0.6521100401878357,0.3767721951007843,0.1839338093996048,0.1839338093996048,1.0,0.35989296436309814,0.3767721951007843,0.0,0.06772705912590027,0.7891836762428284,0.7920844554901123,0.9963377714157104,0.41441741585731506,-0.3481151759624481,0.6727272868156433,-0.3821738660335541,0.18682292103767395,-0.9823936223983765,0.0,0.6478255391120911,0.03174394369125366,1.0,-0.7912059426307678,1.0,94.92904663085938,4.344114780426025,4.344114780426025,25.0,9.764078140258789,9.358194351196289,0.6883569955825806,0.31164300441741943,0.17376459121704102,0.17376459121704102,0.0,0.0,0.0,0.0,0.0,0.1720823049545288,-3.367600032820561,0.3424672592638391,-0.1001183765654658,0.02,-1.7987732887268066,-0.02718313313095014,-0.007102911242617324,0.3438976287841797,0.15,-0.0,0.0,0.0,-0.0,0.0,1.75477949162585,-1.959382818000112,0.4409249484539032,0.0,0.34713626991618757,0.0,2.68781892876876,-0.0,0.0,-1.6261914526593384,-1.1252602799435538,-0.5626162892209889,0.6974320471286775,-0.0,-0.96868896484375,0.0,-0.13956069946289062,-0.0,-0.12108612060546875,-0.12108612060546875,-0.05,0.1924672592638391,0.3092614412307739,0.2,0.0,-0.06313288478108921,-0.0,-0.11891494341238751,0.0,0.0,-0.0,0.26282721201924625,-0.0,-0.0,0.0,0.0,0.0,-1.7602021982959724,-0.18089776039123534,-0.0,-0.0,0.02,0.0,0.0,0.0,0.0,0.0,0.0,0.3092614412307739,29.462012897841632,32.4,0.7326086850269979,0.0,0.25,0.699999988079071,3.0,3.0,0.25,0.699999988079071,0.25,0.699999988079071,0.25,24.0,1.0,0.0,0.0,0.25,0.25,0.0,0.0,1.0,8.0,0.0,0.0,0.0,0.0,0.0,0.0,0.0,0.0,-7.38856315612793,91.76284790039062,-7.702934741973877,91.70309448242188,-0.31437158584594727,-0.05975341796875,0.31999993324279785,-2.953760647653194,0.08025828003883362,-0.9967741370201111,0.0,0.0,0.0,0.0,28.0,28.0,28.0,0.0,1.0,24.0,0.0,0.0,1.0,0.0,1.0,0.0,0.0,0.0,3.8,100.77719995751977,0.45439996756613255,17.423000070266426,73.34239990450442,40.37649999372661,4.0,5.154400016181171,3.6404000129550695,0.7184999994933605,0.0003998866304755211
1,96,96,1.2028182289523672,0,0,4.0,1.0,0.20328937470912933,0.17376458644866943,0.19252783060073853,1.0,1.0,1.0,0.37432777881622314,1.0,1.0,1.0,0.6281234622001648,0.39056313037872314,0.17376458644866943,0.17376458644866943,1.0,0.37432777881622314,0.39056313037872314,0.0,0.06763555109500885,0.7881786823272705,0.7910754084587097,0.9963383078575134,0.4208858907222748,0.3930501639842987,0.4545454680919647,-0.40258482098579407,0.2178155481815338,-0.9759899377822876,0.0,0.6883569955825806,0.07940894365310669,1.0,-0.8066969513893127,1.0,94.7982177734375,4.344114780426025,4.344114780426025,25.0,9.764078140258789,9.358194351196289,0.6883569955825806,0.31164300441741943,0.17376459121704102,0.17376459121704102,0.0,0.0,0.0,0.0,0.0,0.13337664306163788,-0.4467314476309628,1.8935207656597972,-0.3973477321381052,0.02,-1.7987732887268066,-0.02718313313095014,-0.007102911242617324,0.0,0.15,-0.0,0.0,0.0,-0.0,0.0,2.341212712448125,-0.7278730542733336,0.4409249484539032,0.0,0.1289544517343692,0.0,2.68781892876876,-0.0,0.0,-1.717532504700409,-0.0,-0.5942177120847296,0.6974320471286775,-0.0,-1.046630859375,0.0,-0.17826636135578156,-0.0,-0.130828857421875,-0.130828857421875,1.5,0.19352076565979714,0.3109542429447174,0.2,0.0,-0.09187855479902032,-0.015061983471074398,-0.18387551125749868,0.0,0.0,0.0,0.0,0.0,-0.0,0.0,0.0,0.0,-1.3472981967737312,-0.10653168261051178,-0.0,-0.0,0.02,0.0,0.0,0.0,0.0,0.0,0.0,0.3109542429447174,28.97071547716856,0.0,0.0,0.0,0.5,0.0,4.0,1.0,0.5,0.0,0.3700000047683716,0.0,0.3700000000000001,25.0,1.0,0.0,0.0,0.5,0.5,1.0,0.1299999999999999,1.0,8.0,0.0,0.0,0.0,0.0,0.0,0.0,0.0,0.0,-7.702723026275635,91.70328521728516,-8.017093658447266,91.64352416992188,-0.31437063217163086,-0.05976104736328125,0.32000043988227844,-2.9537366720455394,0.08370140194892883,-0.9964908957481384,0.0,0.0,0.0,0.0,28.0,28.0,28.0,0.0,1.0,24.0,0.0,0.0,1.0,0.0,1.0,0.0,0.0,0.0,3.84,38.23449998162687,0.7489999989047647,17.245499999262393,11.40389998909086,8.61870008520782,4.0,4.83460002578795,3.2004000386223197,0.7649000035598874,0.000400003045797348
1,97,97,-3.4868402846671107,0,0,3.0,2.0,0.20328937470912933,0.17376458644866943,0.19252783060073853,1.0,1.0,1.0,0.37432777881622314,1.0,1.0,1.0,0.6281234622001648,0.39056313037872314,0.17376458644866943,0.17376458644866943,1.0,0.37432777881622314,0.39056313037872314,0.0,0.06754104793071747,0.7870925664901733,0.7899851202964783,0.9963384866714478,0.41386735439300537,-0.426473468542099,0.6727272868156433,-0.40258482098579407,0.2485443353652954,-0.9686205387115479,0.0,0.6883569955825806,0.07940894365310669,1.0,-0.852008044719696,1.0,94.6572265625,3.79516339302063,3.79516339302063,25.0,9.860551834106445,9.767473220825195,0.7274910807609558,0.2725089192390442,0.1518065357208252,0.1518065357208252,0.0,0.0,0.0,0.0,0.0,0.05367690324783325,-3.806949990921209,0.3282834544910721,-0.08185065148480741,0.02,-2.068869113922119,-0.026328211469295253,-0.006030278445218419,0.07620508670806886,0.15,-0.0,0.0,0.0,-0.0,0.0,1.7913155748480765,-2.2286847437580173,0.45462187826633454,0.0,0.3720397786660628,0.0,2.852594024256656,-0.0,0.0,-1.8555277300648216,-0.6161693290742103,-0.6269399426314027,0.7228692024946213,-0.0,-1.1279296875,0.0,-0.21883201599121094,-0.0,-0.1409912109375,-0.1409912109375,-0.05,0.17828345449107208,0.31143996119499207,0.2,0.0,-0.0630610770254795,-0.0,-0.1021742322514266,0.0,0.0,-0.0,0.13888465850735443,-0.0,-0.0,0.0,0.0,0.0,-1.8754552700003284,-0.05550000071525574,-0.0,-0.0,0.02,0.0,0.0,0.0,0.0,0.0,0.0,0.31143996119499207,29.428502611890433,23.26086922832157,0.4206521686004555,0.0,0.25,0.3499999940395355,3.0,2.0,0.25,0.3499999940395355,0.25,0.3499999940395355,0.25,26.0,1.0,0.0,0.0,0.25,0.25,0.0,0.0,1.0,8.0,0.0,0.0,0.0,0.0,0.0,0.0,0.0,0.0,-8.01686954498291,91.64366912841797,-8.331238746643066,91.58390045166016,-0.31436920166015625,-0.0597686767578125,0.32000043988227844,-2.953712414789347,0.08714589476585388,-0.9961954951286316,0.0,0.0,0.0,0.0,28.0,28.0,28.0,0.0,1.0,24.0,0.0,0.0,1.0,0.0,1.0,0.0,0.0,0.0,3.88,83.92879995517433,0.6761000258848071,22.061600000597537,51.37960007414222,25.48660000320524,4.0,5.861800047568977,3.30250000115484,0.6025999318808317,0.000300002284348011
1,98,98,-1.3035456536063366,0,0,4.0,2.0,0.1720065325498581,0.1518065333366394,0.17309115827083588,1.0,1.0,1.0,0.39069893956184387,1.0,1.0,1.0,0.6071805357933044,0.39442208409309387,0.1518065333366394,0.1518065333366394,1.0,0.39069893956184387,0.39442208409309387,0.0,0.06742987036705017,0.7859228849411011,0.7888101935386658,0.9963396191596985,0.42040717601776123,0.3973846733570099,0.4545454680919647,-0.4138692319393158,0.28010106086730957,-0.9599705338478088,0.0,0.7274910807609558,0.17099565267562866,1.0,-0.8672937750816345,1.0,94.50570678710938,3.79516339302063,3.79516339302063,25.0,9.860551834106445,9.767473220825195,0.7274910807609558,0.2725089192390442,0.1518065357208252,0.1518065357208252,0.0,0.0,0.0,0.0,0.0,0.01159435510635376,-1.5288891361269983,0.32975251742649847,-0.13600339001219044,0.02,-2.068869113922119,-0.026328211469295253,-0.006030278445218419,0.0,0.15,-0.0,0.0,0.0,-0.0,0.0,2.413699725594984,-0.9216780271895119,0.45462187826633454,0.0,0.1538579604842444,0.0,2.852594024256656,-0.0,0.0,-1.9514011817957666,-0.6161693290742103,-0.6593333665367267,0.7228692024946213,-0.0,-1.212158203125,0.0,-0.26091456413269043,-0.0,-0.151519775390625,-0.151519775390625,-0.05,0.17975251742649845,0.3140062391757965,0.2,0.0,-0.09532064964847481,-0.015061983471074398,-0.16302270261336854,0.0,0.0,-0.0,0.16671162802574205,-0.011309681589759013,-0.0,0.0,0.0,0.0,-1.3547067440825167,-0.018000000715255735,-0.0,-0.0,0.02,0.0,0.0,0.0,0.0,0.0,0.0,0.3140062391757965,30.056060699969528,23.26086922832157,0.4206521686004555,0.0,0.5,0.3499999940395355,4.0,2.0,0.5,0.3499999940395355,0.3700000047683716,0.3499999940395355,0.3700000000000001,27.0,1.0,0.0,0.0,0.5,0.5,1.0,0.1299999999999999,1.0,8.0,0.0,0.0,0.0,0.0,0.0,0.0,0.0,0.0,-8.331009864807129,91.58402252197266,-8.645378112792969,91.52425384521484,-0.31436824798583984,-0.0597686767578125,0.3199995160102844,-2.953711865522117,0.09059172123670578,-0.9958881139755249,0.0,0.0,0.0,0.0,28.0,28.0,28.0,0.0,1.0,24.0,0.0,0.0,1.0,0.0,1.0,0.0,0.0,0.0,3.92,52.931200014427304,0.7362000178545713,23.106399923563004,19.236400024965405,16.154399956576526,4.0,5.247600027360022,3.9123999886214733,0.6612000288441777,0.000300002284348011
1,99,99,-0.4390069484632272,0,0,4.0,3.0,0.1720065325498581,0.1518065333366394,0.17309115827083588,1.0,1.0,1.0,0.39069893956184387,1.0,1.0,1.0,0.6071805357933044,0.39442208409309387,0.1518065333366394,0.1518065333366394,1.0,0.39069893956184387,0.39442208409309387,0.0,0.06731586158275604,0.7846653461456299,0.7875475287437439,0.996340274810791,0.42937228083610535,0.5447552800178528,0.6727272868156433,-0.4138692319393158,0.31104540824890137,-0.9503950476646423,0.0,0.7274910807609558,0.17099565267562866,1.0,-0.9121060371398926,1.0,94.34341430664062,3.2528796195983887,3.2528796195983887,7.954176902770996,10.321775436401367,10.03144645690918,0.7660835981369019,0.23391640186309814,0.13011518478393555,0.13011518478393555,0.0,0.0,0.0,0.0,0.0,-0.07003968954086304,-0.45967582286266706,0.3157126293482363,-0.2450040654079334,0.02,-2.3352270126342773,-0.07181903990122047,-0.005426009102967949,0.07188304424285895,0.15,-0.0,0.0,0.0,-0.0,0.0,2.8951938780113475,-0.25177940812351235,0.46812925934791566,0.0,0.03976498300379009,0.0,3.0150888342606392,-0.0,0.0,-2.098955092298277,-1.3422452480356053,-0.6942515481328917,0.7479543387889862,-0.0,-1.29833984375,0.0,-0.3039560914039612,-0.0,-0.16229248046875,-0.16229248046875,-0.05,0.16571262934823627,0.3167027533054352,0.2,0.0,-0.1302045505060405,-0.11621900826446298,-0.17271241609682894,0.0,0.0,-0.0,0.36973696368407766,-0.14010505350942287,-0.0,0.0,0.0,0.0,-0.48638976928165223,-0.05550000071525574,-0.0,-0.0,0.02,0.0,0.0,0.0,0.0,0.0,0.0,0.3167027533054352,31.001083453819152,32.4,0.7326086850269979,0.0,0.5,0.699999988079071,4.0,3.0,0.5,0.699999988079071,0.49000000953674316,0.699999988079071,0.4900000000000002,28.0,1.0,0.0,0.0,0.5,0.5,1.0,0.009999999999999787,1.0,8.0,0.0,0.0,0.0,0.0,0.0,0.0,0.0,0.0,-8.645147323608398,91.52436065673828,-8.959514617919922,91.46458435058594,-0.31436729431152344,-0.05977630615234375,0.3199999928474426,-2.953687886406997,0.09403874725103378,-0.9955685138702393,0.0,0.0,0.0,0.0,28.0,28.0,28.0,0.0,1.0,24.0,0.0,0.0,1.0,0.0,1.0,0.0,0.0,0.0,3.96,92.56140002980828,0.8304000366479158,21.007999894209206,62.60210007894784,25.263799936510623,4.0,4.296400002203882,3.097799955867231,0.694400048814714,0.000500003807246685
1,100,100,-4.997713415106906,0,0,3.0,0.0,0.14327682554721832,0.13011518120765686,0.1534380465745926,1.0,1.0,0.3181670904159546,0.40125787258148193,1.0,1.0,1.0,0.58939528465271,0.41287100315093994,0.13011518120765686,0.13011518120765686,0.3181670904159546,0.40125787258148193,0.41287100315093994,0.0,0.06719665974378586,0.7833182215690613,0.7861950993537903,0.9963406920433044,0.4428726136684418,0.8203322291374207,0.8909090757369995,-0.4251401424407959,0.3440351188182831,-0.9389567971229553,0.0,0.7660835981369019,0.26290470361709595,1.0,-0.9282004237174988,1.0,94.17198944091797,3.2528796195983887,3.2528796195983887,7.954176902770996,10.321775436401367,10.03144645690918,0.7660835981369019,0.23391640186309814,0.13011518478393555,0.13011518478393555,0.0,0.0,0.0,0.0,0.0,-0.1066707968711853,-4.800265290829197,0.31328099940710763,-0.4240583268136317,0.02,-2.3352270126342773,-0.07181903990122047,-0.005426009102967949,0.0,0.15,-0.0,0.0,0.0,-0.0,0.0,1.6514308177808308,-2.5367209319260255,0.46812925934791566,0.0,0.17841683517802825,0.3333333333333333,2.0100592228404266,-0.0,0.0,-2.217014936107091,-0.0,-0.7333010874190562,0.7479543387889862,-0.0,-1.37139892578125,0.0,-0.34058719873428345,-0.0,-0.17142486572265625,-0.17142486572265625,-0.05,0.1632809994071076,0.3120555281639099,0.2,0.0,-0.09532732085892028,-0.015061983471074398,-0.13277126209240167,0.0,0.0,0.0,0.0,0.0,-0.0,0.0,0.0,0.0,-1.4455474017788716,-0.18089776039123534,-0.0,-0.0,0.02,0.0,0.0,0.0,0.0,0.0,0.0,0.3120555281639099,30.058164234794678,0.0,0.0,0.45652173913043476,0.25,-0.5,3.0,0.0,0.25,-0.5,0.3700000047683716,-0.5,0.3700000000000001,29.0,1.0,0.0,0.0,0.25,0.25,1.0,0.1200000000000001,1.0,8.0,0.0,0.0,0.0,0.0,0.0,0.0,0.0,0.0,-8.959282875061035,91.46469116210938,-9.273649215698242,91.40491485595703,-0.31436634063720703,-0.05977630615234375,0.3199990689754486,-2.9536873371393475,0.09748688340187073,-0.9952367544174194,0.0,0.0,0.0,0.0,28.0,28.0,28.0,0.0,1.0,24.0,0.0,0.0,1.0,0.0,1.0,0.0,0.0,0.0,4.0,52.59679991286248,0.6489999359473586,22.260700003243983,21.660699974745512,17.50809990335256,4.0,4.544799914583564,2.7914000675082207,0.660700025036931,0.000300002284348011
1,101,101,-8.042495300642859,0,0,3.0,0.0,0.14327682554721832,0.13011518120765686,0.1534380465745926,1.0,1.0,0.3181670904159546,0.40125787258148193,1.0,1.0,1.0,0.58939528465271,0.41287100315093994,0.13011518120765686,0.13011518120765686,0.3181670904159546,0.40125787258148193,0.41287100315093994,0.0,0.06701093167066574,0.7819002866744995,0.7847665548324585,0.9963476061820984,0.42940235137939453,-0.8185062408447266,0.6727272868156433,-0.4251401424407959,0.38042935729026794,-0.924809992313385,0.0,0.7660835981369019,0.26290470361709595,1.0,-0.9804089069366455,1.0,93.9910888671875,2.7292470932006836,2.7292470932006836,6.728211879730225,10.53987979888916,10.131765365600586,0.8025026917457581,0.19749730825424194,0.10916988372802734,0.10916988372802734,0.0,0.0,0.0,0.0,0.0,-0.18114230036735535,-8.032220197435517,0.295351768685077,-0.14448457152506303,0.02,-2.5865838527679443,-0.09517627881235154,-0.00521258726471004,-0.08959450721740723,0.15,-0.0,0.0,0.0,-0.0,0.0,1.2256036366815446,-4.271658335951152,0.4808759421110153,0.0,0.41977444020184596,0.3333333333333333,2.1122882575319526,-0.0,0.0,-2.3763242897234464,-0.0,-0.772115986932079,0.7716267496347428,-0.0,-1.44720458984375,0.0,-0.3786396086215973,-0.0,-0.18090057373046875,-0.18090057373046875,-0.05,0.145351768685077,0.3048427104949951,0.2,0.0,-0.061998037071286566,-0.0,-0.06448653373852072,0.0,0.0,0.0,0.0,0.0,-0.0,0.0,0.0,0.0,-2.0955622399120037,-0.018000000715255735,-0.0,-0.0,0.02,0.0,0.0,0.0,0.0,0.0,0.0,0.3048427104949951,28.932417299933732,0.0,0.0,0.45652173913043476,0.25,-0.5,3.0,0.0,0.25,-0.5,0.25,-0.5,0.25,30.0,1.0,0.0,0.0,0.25,0.25,0.0,0.0,1.0,8.0,0.0,0.0,0.0,0.0,0.0,0.0,0.0,0.0,-9.273417472839355,91.40501403808594,-9.587782859802246,91.34523010253906,-0.3143653869628906,-0.059783935546875,0.3199995458126068,-2.9536633433854664,0.10093601047992706,-0.994892954826355,0.0,0.0,0.0,0.0,28.0,28.0,28.0,0.0,1.0,24.0,0.0,0.0,1.0,0.0,1.0,0.0,0.0,0.0,4.04,83.38369999546558,0.7731999503448606,19.826099975034595,53.629200090654194,43.39310002978891,4.0,5.014399997889996,3.402999951504171,0.7047000108286738,0.000400003045797348
1,102,102,-3.0321384884818827,0,0,4.0,2.0,0.11687976866960526,0.10916988551616669,0.13471928238868713,1.0,1.0,0.2691284716129303,0.40527060627937317,1.0,1.0,1.0,0.5679391026496887,0.42159518599510193,0.10916988551616669,0.10916988551616669,0.2691284716129303,0.40527060627937317,0.42159518599510193,0.0,0.06673194468021393,0.7804111838340759,0.7832590937614441,0.9963640570640564,0.41332024335861206,-0.9772108793258667,0.4545454680919647,-0.4963071048259735,0.4160301983356476,-0.9093508124351501,0.0,0.8025026917457581,0.36369946599006653,1.0,-1.0,1.0,93.79855346679688,2.2382051944732666,2.2382051944732666,5.691253185272217,10.801464080810547,10.713862419128418,0.8362744450569153,0.16372555494308472,0.08952820777893067,0.08952820777893067,0.0,0.0,0.0,0.0,0.0,-0.26175200939178467,-2.9845869637015694,0.282307933082891,-0.08810744847141949,0.02,-2.8196704387664795,-0.12412101068661943,-0.004129835216419169,0.1703586339950562,0.15,-0.0,0.0,0.0,-0.0,0.0,2.5720816966134894,-1.5509498460359754,0.4926960557699203,0.0,0.22308373776349127,0.0,3.3106292423449064,-0.0,0.0,-2.48297193175868,-0.7765555075743472,-0.8079759760350511,0.793578389286995,-0.0,-1.540283203125,0.0,-0.4254775643348694,-0.0,-0.192535400390625,-0.192535400390625,-0.05,0.13230793308289096,0.3050326406955719,0.2,0.0,-0.09335861048784963,-0.015061983471074398,-0.06976879287177196,0.0,0.0,-0.0,0.22029680469677193,-0.0014505409571701278,-0.0,0.0,0.0,0.0,-1.4292579666165006,-0.1287643253803253,-0.0,-0.0,0.02,0.0,0.0,0.0,0.0,0.0,0.0,0.3050326406955719,29.437399703376,23.26086922832157,0.4206521686004555,0.0,0.5,0.3499999940395355,4.0,2.0,0.5,0.3499999940395355,0.3700000047683716,0.3499999940395355,0.3700000000000001,31.0,1.0,0.0,0.0,0.5,0.5,1.0,0.1299999999999999,1.0,8.0,0.0,0.0,0.0,0.0,0.0,0.0,0.0,0.0,-9.58755111694336,91.34532928466797,-9.901915550231934,91.28553771972656,-0.3143644332885742,-0.05979156494140625,0.3200000524520874,-2.9536393677726047,0.10438599437475204,-0.9945368766784668,0.0,0.0,0.0,0.0,28.0,28.0,28.0,0.0,1.0,24.0,0.0,0.0,1.0,0.0,1.0,0.0,0.0,0.0,4.08,74.11459996365011,0.8091999916359782,23.993899929337204,41.223600041121244,23.718399927020073,4.0,4.378700046800077,3.13209998421371,0.5341999931260943,0.000400003045797348
1,103,103,0.5283083283813326,0,0,4.0,1.0,0.09373950958251953,0.08952821046113968,0.11616100370883942,1.0,1.0,0.22765012085437775,0.428554505109787,1.0,1.0,1.0,0.5516397953033447,0.43205857276916504,0.08952821046113968,0.08952821046113968,0.22765012085437775,0.428554505109787,0.43205857276916504,0.0,0.06641262024641037,0.7788282036781311,0.7816545963287354,0.9963840246200562,0.42053428292274475,0.4383527934551239,0.6727272868156433,-0.4427071213722229,0.44836506247520447,-0.8938505053520203,0.0,0.8362744450569153,0.44578856229782104,1.0,-1.0,1.0,93.59556579589844,2.2382051944732666,2.2382051944732666,5.691253185272217,10.801464080810547,10.713862419128418,0.8362744450569153,0.16372555494308472,0.08952820777893067,0.08952820777893067,0.0,0.0,0.0,0.0,0.0,-0.3038717806339264,0.9177274336520382,0.28247396438570976,-0.38802128902248906,0.02,-2.8196704387664795,-0.12412101068661943,-0.004129835216419169,0.0,0.15,-0.0,0.0,0.0,-0.0,0.0,3.294400804034197,-0.03407972045248986,0.4926960557699203,0.0,0.004901919581672913,0.0,3.3106292423449064,-0.0,0.0,-2.48297193175868,-0.0,-0.8446762985644887,0.793578389286995,-0.0,-1.6239013671875,0.0,-0.4675973355770111,-0.0,-0.2029876708984375,-0.2029876708984375,-0.05,0.13247396438570974,0.30541542172431946,0.2,0.0,-0.12153093129752583,-0.11621900826446298,-0.09477134874524451,0.0,0.0,0.0,0.0,0.0,-0.0,0.0,0.0,0.0,-0.3723296758463772,-0.05550000071525574,-0.0,-0.0,0.02,0.0,0.0,0.0,0.0,0.0,0.0,0.30541542172431946,28.935936023220425,0.0,0.0,0.0,0.5,0.0,4.0,1.0,0.5,0.0,0.49000000953674316,0.0,0.4900000000000002,32.0,1.0,0.0,0.0,0.5,0.5,1.0,0.009999999999999787,1.0,8.0,0.0,0.0,0.0,0.0,0.0,0.0,0.0,0.0,-9.901683807373047,91.28563690185547,-10.216048240661621,91.22584533691406,-0.3143644332885742,-0.05979156494140625,0.3200000524520874,-2.9536393677726047,0.10783672332763672,-0.9941686987876892,0.0,0.0,0.0,0.0,28.0,28.0,28.0,0.0,1.0,24.0,0.0,0.0,1.0,0.0,1.0,0.0,0.0,0.0,4.12,76.52650005184114,0.48669998068362474,21.415999974124134,45.613600057549775,34.01319996919483,4.0,4.882300039753318,3.413099911995232,0.6827000761404634,0.000500003807246685
1,104,104,-3.7022401326106245,0,0,3.0,2.0,0.09373950958251953,0.08952821046113968,0.11616100370883942,1.0,1.0,0.22765012085437775,0.428554505109787,1.0,1.0,1.0,0.5516397953033447,0.43205857276916504,0.08952821046113968,0.08952821046113968,0.22765012085437775,0.428554505109787,0.43205857276916504,0.0,0.06605521589517593,0.7771608829498291,0.7799630761146545,0.9964073300361633,0.4133705198764801,-0.4352983236312866,0.8909090757369995,-0.4427071213722229,0.4808603823184967,-0.8767971992492676,0.0,0.8362744450569153,0.44578856229782104,1.0,-1.0,1.0,93.38240814208984,1.7729853391647339,1.7729853391647339,4.7701520919799805,10.909914016723633,10.643858909606934,0.8681575655937195,0.13184243440628052,0.07091941356658936,0.07091941356658936,0.0,0.0,0.0,0.0,0.0,-0.3768180012702942,-3.6393343815602215,0.26981895139302314,0.024093298826868392,0.02,-3.0397207736968994,-0.1611792183710058,-0.004247110676063375,-0.16753834962844844,0.15,-0.07000350952148438,0.0,0.0,-0.0,0.0,2.630631024301338,-1.7099101657958673,0.5,0.0,0.23636363636363614,0.0,3.444873960394608,-0.0,0.0,-2.583655470295956,-0.8267848409103877,-0.8852969057533333,0.8143024176359177,-0.0,-1.70526123046875,0.0,-0.5086604356765747,-0.0,-0.21315765380859375,-0.21315765380859375,-0.05,0.11981895139302316,0.3048059642314911,0.2,0.0,-0.0932919524673043,-0.015061983471074398,-0.0491406242741076,0.0,0.0,-0.0,0.2374147269465994,-0.0003268671919889566,-0.0,0.0,0.0,0.0,-1.301799927360055,-0.05550000071525574,-0.0,-0.0,0.02,0.0,0.0,0.0,0.0,0.0,1.0,0.3048059642314911,29.416381408609453,23.26086922832157,0.4206521686004555,0.0,0.25,0.3499999940395355,3.0,2.0,0.25,0.3499999940395355,0.3700000047683716,0.3499999940395355,0.3700000000000001,33.0,1.0,0.0,0.0,0.25,0.25,1.0,0.1200000000000001,1.0,8.0,0.0,0.0,0.0,0.0,0.0,0.0,0.0,0.0,-10.215816497802734,91.22594451904297,-10.530179023742676,91.16614532470703,-0.3143625259399414,-0.0597991943359375,0.3199996054172516,-2.9536148393881807,0.11128805577754974,-0.9937881827354431,0.0,0.0,0.0,0.0,28.0,28.0,28.0,0.0,1.0,24.0,0.0,0.0,1.0,0.0,1.0,0.0,0.0,0.0,4.16,84.41779995337129,0.6528999656438828,21.64309995714575,55.27100001927465,26.866300031542778,4.0,3.906999947503209,2.480600029230118,0.421999953687191,0.000300002284348011
1,105,105,-3.650281593506055,0,0,4.0,0.0,0.0729132667183876,0.07091941684484482,0.09762314707040787,1.0,1.0,0.1908060908317566,0.4257543683052063,1.0,1.0,1.0,0.5371814966201782,0.4363965690135956,0.07091941684484482,0.07091941684484482,0.1908060908317566,0.4257543683052063,0.4363965690135956,0.0,0.06564827263355255,0.7754127383232117,0.7781867384910583,0.996435284614563,0.4202340245246887,0.4170532822608948,0.6727272868156433,-0.5160282254219055,0.5160699486732483,-0.8565464615821838,0.0,0.8681575655937195,0.5201787352561951,1.0,-1.0,1.0,93.05917358398438,1.7729853391647339,1.7729853391647339,4.7701520919799805,10.909914016723633,10.643858909606934,0.8681575655937195,0.13184243440628052,0.07091941356658936,0.07091941356658936,0.0,0.0,0.0,0.0,0.0,-0.4138813614845276,-3.0871607706835174,0.2683029959436649,-0.4375424572816752,0.02,-3.0397207736968994,-0.1611792183710058,-0.004247110676063375,0.0,0.15,-0.0,0.0,0.0,-0.0,0.0,2.25482659225829,-1.7391393993992144,0.5,0.0,0.018181818181817792,0.3333333333333333,2.2965826402630722,-0.0,0.0,-2.583655470295956,-0.0,-0.92616586773549,0.8143024176359177,-0.0,-2.58587646484375,0.0,-0.5457237958908081,-0.0,-0.32323455810546875,-0.32323455810546875,-0.05,0.11830299594366493,0.3009495437145233,0.2,0.0,-0.12440748150908952,-0.11621900826446298,-0.06815164212779734,0.0,0.0,0.0,0.0,0.0,-0.0,0.0,0.0,0.0,-0.2606280307657405,-0.1287643253803253,-0.0,-0.0,0.02,0.0,0.0,0.0,0.0,0.0,1.0,0.3009495437145233,29.620828930735588,0.0,0.0,0.45652173913043476,0.5,-0.5,4.0,0.0,0.5,-0.5,0.49000000953674316,-0.5,0.4900000000000002,34.0,1.0,0.0,0.0,0.5,0.5,1.0,0.009999999999999787,1.0,8.0,0.0,0.0,0.0,0.0,0.0,0.0,0.0,0.0,-10.529947280883789,91.16624450683594,-10.804746627807617,91.00227355957031,-0.2747993469238281,-0.163970947265625,0.3200018107891083,-2.603608052800328,0.11473987251520157,-0.9933955669403076,0.0,0.0,0.0,0.0,28.0,28.0,28.0,0.0,1.0,23.0,0.0,0.0,1.0,0.0,1.0,0.0,0.0,0.0,4.2,45.18879996612668,0.6305000279098749,17.01339997816831,18.668800010345876,15.431700041517615,4.0,4.830399993807077,3.3396000508219004,0.6755000213161111,0.000500003807246685
1,106,106,-0.22977910356720188,0,0,4.0,2.0,0.0729132667183876,0.07091941684484482,0.09762314707040787,1.0,1.0,0.1908060908317566,0.4257543683052063,1.0,1.0,1.0,0.5371814966201782,0.4363965690135956,0.07091941684484482,0.07091941684484482,0.1908060908317566,0.4257543683052063,0.4363965690135956,0.0,0.06549418717622757,0.7727224826812744,0.7754930853843689,0.9964272975921631,0.42315471172332764,0.1774718016386032,0.8909090757369995,-0.5160282254219055,0.5506354570388794,-0.8347458243370056,0.0,0.8681575655937195,0.5201787352561951,1.0,-1.0,1.0,92.71372985839844,1.3480006456375122,1.3480006456375122,3.946655750274658,11.082542419433594,11.185949325561523,0.8973186612129211,0.10268133878707886,0.05392002582550049,0.05392002582550049,0.0,0.0,0.0,0.0,0.0,-0.4814023971557617,0.19041349604446228,0.2560528732666907,-0.21484307572259312,0.02,-3.2409846782684326,-0.2052358038632799,-0.00341918679797746,0.12862391948699953,0.15,-0.0,0.0,0.0,-0.0,0.0,3.56765752089651,-0.0,0.5,0.0,0.0,0.0,3.56765752089651,-0.0,0.0,-2.6757431406723824,-0.8740047123460043,-0.9698336262364224,0.8332571297883987,-0.0,-2.7635498046875,0.0,-0.5840837359428406,-0.0,-0.3454437255859375,-0.3454437255859375,-0.05,0.10605287326669068,0.29796937108039856,0.2,0.0,-0.12861820949374564,-0.1289462809917355,-0.04438081977758653,0.0,0.0,-0.0,0.25363194130537264,-0.03902087872096043,-0.0,0.0,0.0,0.0,-0.2241379432874806,-0.12750882804393768,-0.0,-0.0,0.02,0.0,0.0,0.0,0.0,0.0,1.0,0.29796937108039856,30.010915548540652,23.26086922832157,0.4206521686004555,0.0,0.5,0.3499999940395355,4.0,2.0,0.5,0.3499999940395355,0.5,0.3499999940395355,0.5,35.0,1.0,0.0,0.0,0.5,0.5,0.0,0.0,1.0,8.0,0.0,0.0,0.0,0.0,0.0,0.0,0.0,0.0,-10.804204940795898,91.00201416015625,-11.070526123046875,90.8246078491211,-0.26632118225097656,-0.17740631103515625,0.31999996304512024,-2.5539570626451886,0.1178968995809555,-0.9930258989334106,0.0,0.0,0.0,0.0,28.0,28.0,28.0,0.0,1.0,23.0,0.0,0.0,1.0,0.0,1.0,0.0,0.0,0.0,4.24,87.214499944821,0.6609000265598297,20.826099906116724,56.636900058947504,29.046199982985854,4.0,4.253500024788082,3.9358000503852963,0.8611999219283462,0.000400003045797348
1,107,107,-3.769148428004447,0,0,4.0,0.0,0.054632652550935745,0.05392002686858177,0.07988476008176804,1.0,0.2574542760848999,0.1578662246465683,0.44743797183036804,1.0,1.0,1.0,0.5225905776023865,0.4433017075061798,0.05392002686858177,0.05392002686858177,0.1578662246465683,0.44743797183036804,0.4433017075061798,0.0,0.06533163040876389,0.7698472738265991,0.7726144194602966,0.9964184761047363,0.4287273585796356,0.33861684799194336,0.9090909361839294,-0.5375387072563171,0.5865504145622253,-0.8099126815795898,0.0,0.8973186612129211,0.5532097816467285,1.0,-1.0,1.0,92.35994720458984,1.3480006456375122,1.3480006456375122,3.946655750274658,11.082542419433594,11.185949325561523,0.8973186612129211,0.10268133878707886,0.05392002582550049,0.05392002582550049,0.0,0.0,0.0,0.0,0.0,-0.5155263543128967,-3.100562522625596,0.2543193485162581,-0.4273788995822122,0.02,-3.2409846782684326,-0.2052358038632799,-0.00341918679797746,0.0,0.15,-0.0,0.0,0.0,-0.0,0.0,2.3784383472643404,-1.664906843085038,0.5,0.0,0.0,0.3333333333333333,2.3784383472643404,-0.0,0.0,-2.6757431406723824,-0.0,-1.0157622832963187,0.8332571297883987,-0.0,-2.83026123046875,0.0,-0.6182076930999756,-0.0,-0.35378265380859375,-0.35378265380859375,-0.05,0.10431934851625807,0.2930988073348999,0.2,0.0,-0.12588581666430193,-0.1289462809917355,-0.04504679834989607,0.0,0.0,0.0,0.0,0.0,-0.0,0.0,0.0,0.0,-0.21714956446716688,-0.1275000035762787,-0.0,-0.0,0.02,0.0,0.0,0.0,0.0,0.0,1.0,0.2930988073348999,29.37335722167045,0.0,0.0,0.45652173913043476,0.5,-0.5,4.0,0.0,0.5,-0.5,0.5,-0.5,0.5,36.0,1.0,0.0,0.0,0.5,0.5,0.0,0.0,1.0,8.0,0.0,0.0,0.0,0.0,0.0,0.0,0.0,0.0,-11.070171356201172,90.82444763183594,-11.336501121520996,90.64705657958984,-0.2663297653198242,-0.17739105224609375,0.3199986517429352,-2.5540116161301545,0.12098997086286545,-0.9926537275314331,0.0,0.0,0.0,0.0,28.0,28.0,28.0,0.0,1.0,23.0,0.0,0.0,1.0,0.0,1.0,0.0,0.0,0.0,4.28,88.63029989879578,0.7958998903632164,18.781400052830577,60.90889999177307,34.640499972738326,4.0,4.548499942757189,2.77220003772527,0.7872999412938952,0.000500003807246685
1,108,108,-3.403064327902115,0,0,4.0,0.0,0.054632652550935745,0.05392002686858177,0.07988476008176804,1.0,0.2574542760848999,0.1578662246465683,0.44743797183036804,1.0,1.0,1.0,0.5225905776023865,0.4433017075061798,0.05392002686858177,0.05392002686858177,0.1578662246465683,0.44743797183036804,0.4433017075061798,0.0,0.06507336348295212,0.7669104337692261,0.7696662545204163,0.9964194297790527,0.4196193814277649,-0.5534360408782959,0.9090909361839294,-0.5375387072563171,0.6231170296669006,-0.782128632068634,0.0,0.8973186612129211,0.5532097816467285,1.0,-1.0,1.0,91.9994125366211,0.97646564245224,0.97646564245224,3.2157788276672363,11.306548118591309,11.651618003845215,0.922983705997467,0.07701629400253296,0.0390586256980896,0.0390586256980896,0.0,0.0,0.0,0.0,0.0,-0.5686982274055481,-2.818581977551405,0.24213901639243446,-0.277923139337596,0.02,-3.4181199073791504,-0.25579891906036895,-0.002838101302459144,0.16630629897117616,0.15,-0.0,0.0,0.0,-0.0,0.0,2.4504805782385044,-1.7153364047669526,0.5,0.0,0.0,0.3333333333333333,2.4504805782385044,-0.0,0.0,-2.756790650518317,-0.0,-1.062374571447805,0.8499394088983536,-0.0,-2.88427734375,0.0,-0.645714521408081,-0.0,-0.36053466796875,-0.36053466796875,-0.05,0.09213901639243446,0.28508731722831726,0.2,0.0,-0.1232740319199328,-0.1289462809917355,-0.025702826425927708,0.0,0.0,0.0,0.0,0.0,-0.0,0.0,0.0,0.0,0.11303455002765789,-0.0,-0.0,-0.0,0.02,0.0,0.0,0.0,0.0,0.0,1.0,0.28508731722831726,28.763940781317654,0.0,0.0,0.45652173913043476,0.5,-0.5,4.0,0.0,0.5,-0.5,0.5,-0.5,0.5,37.0,1.0,0.0,0.0,0.5,0.5,0.0,0.0,1.0,8.0,0.0,0.0,0.0,0.0,0.0,0.0,0.0,0.0,-11.336244583129883,90.64707946777344,-11.60257625579834,90.46968841552734,-0.26633167266845703,-0.17739105224609375,0.32000023126602173,-2.5540149223937663,0.12409250438213348,-0.9922706484794617,0.0,0.0,0.0,0.0,28.0,28.0,28.0,0.0,1.0,23.0,0.0,0.0,1.0,0.0,1.0,0.0,0.0,0.0,4.32,94.26949999760836,0.708600040525198,22.25049992557615,61.33589998353273,50.11329997796565,4.0,5.337900016456842,3.6567000206559896,0.9473999962210655,0.000300002284348011
1,109,109,-350.1776472651274,1,0,4.0,2.0,0.039179444313049316,0.0390586256980896,1.0,1.0,0.1943771243095398,0.12863115966320038,0.4660647213459015,1.0,1.0,0.9117138385772705,0.5076812505722046,0.45226192474365234,0.0390586256980896,0.0390586256980896,0.12863115966320038,0.4660647213459015,0.45226192474365234,0.0,0.06469333916902542,0.7639274001121521,0.7666617631912231,0.9964333772659302,0.4109134376049042,-0.5290073156356812,0.9090909361839294,-0.5796547532081604,0.658883810043335,-0.7522447109222412,0.0,0.922983705997467,0.6902399063110352,1.0,-1.0,1.0,91.62930297851562,0.6646592020988464,0.6646592020988464,2.587934732437134,11.375170707702637,11.855104446411133,0.9449816346168518,0.05501836538314819,0.026586368083953857,0.026586368083953857,0.0,0.0,0.0,0.0,0.0,-0.6294074654579163,0.3401794267879344,0.23344567062076724,-0.1418648970781911,0.02,-3.5699450969696045,-0.3112207178381983,-0.002616246602314109,-0.03259057521820066,0.15,-0.0,0.0,0.0,-0.0,0.0,3.7683437247025338,-0.0,0.5,0.0,0.0,0.0,3.7683437247025338,-0.0,0.0,-2.8262577935269,-0.9538148523921391,-1.1105815070640352,0.8642380625009537,-0.0,-2.96087646484375,0.0,-0.6844258308410645,-0.0,-0.37010955810546875,-0.37010955810546875,-0.05,0.08344567062076723,0.28272444009780884,0.2,0.0,-0.12486664478480815,-0.1289462809917355,-0.013744505352912988,0.0,0.0,-0.0,0.281291936485015,-0.028099398857470773,-0.0,0.0,0.0,0.0,0.34993725993022384,-0.1275000035762787,-0.0,-0.0,0.02,0.0,1.0,0.0,1.0,1.0,1.0,0.28272444009780884,29.13555044978857,23.26086922832157,0.4206521686004555,0.0,0.5,0.3499999940395355,4.0,2.0,0.5,0.3499999940395355,0.5,0.3499999940395355,0.5,38.0,1.0,0.0,0.0,0.5,0.5,0.0,0.0,1.0,8.0,0.0,0.0,0.0,0.0,0.0,0.0,0.0,0.0,-11.602367401123047,90.46979522705078,-11.868699073791504,90.29240417480469,-0.26633167266845703,-0.17739105224609375,0.32000023126602173,-2.5540149223937663,0.12720395624637604,-0.9918765425682068,0.0,0.0,0.0,0.0,28.0,28.0,28.0,0.0,1.0,23.0,1.0,0.0,1.0,0.0,1.0,0.0,0.0,0.0,4.36,89.15810007601976,0.670200097374618,23.070800001733005,55.28570001479238,31.59070003312081,4.0,5.276199895888567,3.5902000963687897,1.2021999573335052,0.000500003807246685
2,1,110,-2.1072207365444884,0,0,2.0,4.0,0.8190786242485046,0.5529096126556396,0.6434069871902466,1.0,1.0,1.0,0.5563600659370422,1.0,1.0,0.5859055519104004,0.5235199928283691,0.5262019038200378,0.5235199928283691,0.5529096126556396,1.0,0.5563600659370422,0.5235199928283691,1.0,0.14704301953315735,1.0,1.0,0.9956448078155518,3.285303819211549e-06,0.00019962782971560955,0.0,-0.012343503534793854,0.0026163493748754263,-0.9999966025352478,0.0,0.009990578517317772,-0.001938331755809486,0.0,0.0,0.0,189.2708740234375,13.087109565734863,13.821775436401367,25.0,13.087109565734863,13.913076400756836,0.010044919326901436,0.9899550806730986,0.5234843826293946,0.5528710174560547,1.0,0.0,0.0,0.0,1.0,-0.49540777753890103,-1.4661936613047895,-1.4340022019323466,1.2883829042315484,0.0,-0.0,-0.009091957036198334,-0.0011486093093320765,0.0012339973449707032,0.15,-0.0,0.0,0.0,-1.6071870923042297,0.0,0.0,0.0,0.0,0.35,0.0,0.0,0.0,0.0,0.0,0.0,0.0,0.0,0.25652919756248593,-0.0,0.004592076790231658,0.0,0.004592222461098947,-0.0,0.00115966796875,0.00115966796875,1.5,0.002069668990695638,0.001391661586239934,-3.0,0.0,-0.0,-0.0,-0.0,0.6392812907695771,0.7991016134619713,-0.0,0.0,-0.0,-0.0,0.0,0.0,0.0,0.0,-0.15,-0.0,-0.0,0.0,0.0,0.0,0.0,0.0,0.0,0.0,0.001391661586239934,0.45911398362368344,32.4,1.0,0.0,0.0,1.0,2.0,4.0,0.0,1.0,0.0,1.0,0.0,0.0,0.0,0.0,0.0,0.0,0.0,0.0,0.0,0.0,0.0,0.0,0.0,0.0,0.0,0.0,0.0,0.0,0.0,0.0,0.0,0.0,0.0,0.0,0.0,0.0,0.0,0.0,0.0,0.0,0.0,0.0,0.0,28.0,28.0,28.0,0.0,0.0,0.0,0.0,0.0,1.0,0.0,1.0,0.0,0.0,0.0,0.04,58.16160002723336,0.8146000327542424,0.000600004568696022,49.94619998615235,24.39299994148314,4.0,3.8844000082463026,2.793799969367683,0.6916000274941325,0.000500003807246685
2,2,111,-3.5052735428199178,0,0,2.0,4.0,0.8175442218780518,0.5528709888458252,0.6427769660949707,1.0,1.0,1.0,0.5565230846405029,1.0,1.0,0.5853890776634216,0.5234844088554382,0.5262514352798462,0.5234844088554382,0.5528709888458252,1.0,0.5565230846405029,0.5234844088554382,1.0,0.1470504105091095,1.0,1.0,0.9956444501876831,0.0065587712451815605,0.39853644371032715,0.0,-0.008569939993321896,0.0034148534759879112,-0.999994158744812,0.0,0.010044919326901436,-0.001952841063030064,0.0,0.0,0.0,189.27162170410156,13.087109565734863,13.821775436401367,25.0,13.087109565734863,13.913076400756836,0.010044919326901436,0.9899550806730986,0.5234843826293946,0.5528710174560547,1.0,0.0,0.0,0.0,1.0,-0.4970128582134035,-1.46742765864976,-2.979215930188302,1.4383829042315484,0.0,-0.0,-0.009091957036198334,-0.0011486093093320765,0.0,0.15,-0.0,0.0,0.0,-1.6071870923042297,0.0,0.0,0.0,0.0,0.35,0.0,0.0,0.0,0.0,0.0,0.0,0.0,0.0,0.25652919756248593,-0.0,0.0029606810884388324,0.0,0.0029871417865964633,-0.0,0.0007476806640625,0.0007476806640625,-0.05,0.006855940734740568,0.004609988071024418,-3.0,0.0,-0.0,-0.0,-0.0,0.6392812907695771,0.7991016134619713,-0.0,0.0,-0.0,-0.0,0.0,0.0,0.0,0.0,-0.0,-0.0,-0.0,0.0,0.0,0.0,0.0,0.0,0.0,0.0,0.004609988071024418,0.5793379801511764,32.4,1.0,0.0,0.0,1.0,2.0,4.0,0.0,1.0,0.0,1.0,0.0,0.0,0.0,0.0,0.0,0.0,0.0,0.0,0.0,0.0,0.0,0.0,0.0,0.0,0.0,0.0,0.0,0.0,0.0,0.0,0.0,0.0,0.0,0.0,0.0,0.0,0.0,0.0,0.0,0.0,0.0,0.0,0.0,28.0,28.0,28.0,0.0,0.0,0.0,0.0,0.0,1.0,0.0,1.0,0.0,0.0,0.0,0.08,29.28969997446984,0.6513999542221427,0.000600004568696022,20.333099993877113,17.34629995189607,4.0,4.560900037176907,2.673799986951053,1.0266000172123313,0.000400003045797348
2,3,112,-3.5479506184107885,0,0,2.0,4.0,0.8175442218780518,0.5528709888458252,0.6427769660949707,1.0,1.0,1.0,0.5565230846405029,1.0,1.0,0.5853890776634216,0.5234844088554382,0.5262514352798462,0.5234844088554382,0.5528709888458252,1.0,0.5565230846405029,0.5234844088554382,1.0,0.14708884060382843,1.0,1.0,0.9956421852111816,0.00827625673264265,0.10436110943555832,0.0,-0.008569939993321896,0.003536931471899152,-0.9999937415122986,0.0,0.010044919326901436,-0.001952841063030064,0.0,0.0,0.0,189.27301025390625,13.088927268981934,13.817049980163574,25.0,13.088927268981934,13.916946411132812,0.010311250574886799,0.9896887494251132,0.5235570907592774,0.5526819992065429,1.0,0.0,0.0,0.0,1.0,-0.50784164753588,-1.4951926694267001,-2.973711280752284,1.4287949793040753,0.0,-0.0,-0.009086551795363504,-0.001146832632860119,0.0015845298767089846,0.15,-0.0,0.0,0.0,-1.6498000919818878,0.0,0.0,0.0,0.0,0.35,0.0,0.0,0.0,0.0,0.0,0.0,0.0,0.0,0.2567023128736764,-0.0,0.005496928478862628,-0.01220703125,0.004365383714120031,-0.0,0.0013885498046875,0.0013885498046875,-0.05,0.012786720167535109,0.008599854074418545,-3.0,0.0,-0.0,-0.0,-0.0,0.6350199908018113,0.793774988502264,-0.0,0.0,-0.0,-0.0,0.0,0.0,0.0,0.013256277106702328,-0.0,-0.0,-0.0,0.0,0.0,0.0,0.0,0.0,0.0,0.0,0.008599854074418545,0.9544519516825676,32.4,1.0,0.0,0.0,1.0,2.0,4.0,0.0,1.0,0.0,1.0,0.0,0.0,0.0,0.0,0.0,0.0,0.0,0.0,0.0,0.0,0.0,0.0,0.0,0.0,0.0,0.0,0.0,0.0,0.0,0.0,0.0,0.0,0.0,0.0,0.0,0.0,0.0,0.0,0.0,0.0,0.0,0.0,0.0,28.0,28.0,28.0,0.0,0.0,0.0,0.0,0.0,1.0,0.0,1.0,0.0,0.0,0.0,0.12,46.234100009314716,0.5096000386402011,0.000700005330145359,35.8932000817731,25.561499991454184,4.0,6.181500037200749,2.9486999846994877,0.6757000228390098,0.000400003045797348
2,4,113,-3.4758139866234146,0,0,1.0,4.0,0.8168239593505859,0.5526819825172424,0.6426615715026855,1.0,1.0,1.0,0.5566778779029846,1.0,1.0,0.5853105187416077,0.5235570669174194,0.5263532400131226,0.5235570669174194,0.5526819825172424,1.0,0.5566778779029846,0.5235570669174194,1.0,0.14716145396232605,1.0,1.0,0.9956379532814026,0.013635028153657913,0.32561975717544556,0.0,-0.002103506587445736,0.0037165023386478424,-0.999993085861206,0.0,0.010311250574886799,-0.0020232826936990023,0.0,0.0,0.0,189.275390625,13.092853546142578,13.805144309997559,25.0,13.092853546142578,13.922191619873047,0.010982267558574677,0.9890177324414253,0.5237141418457031,0.5522057723999023,1.0,0.0,0.0,0.0,1.0,-0.4939128859341056,-0.7542988902741197,-2.9690677619357113,0.7414655515205225,0.0,-0.0,-0.00907488753296515,-0.0011444290046284172,0.001667404174804688,0.15,-0.0,0.0,0.0,-0.9137246608734131,0.0,0.0,0.0,0.0,0.35,0.0,0.0,0.0,0.0,0.0,0.0,0.0,0.0,0.25713847391307354,-0.0,0.009416916886038962,0.0,0.006087114065894392,-0.0,0.00238037109375,0.00238037109375,-0.05,0.018503866158007986,0.012452150695025921,-3.0,0.0,-0.0013313758353633537,-0.0,-0.0,0.48807636217637496,0.6100954527204687,-0.17025919610803775,0.00010854918065530961,-0.08815390473499998,-0.0790703362809067,0.0,0.0,0.0,0.017977682962082325,-0.017999999597668646,-0.0,-0.0,0.0,0.0,0.0,0.0,0.0,0.0,0.0,0.012452150695025921,1.2943931732699274,32.4,1.0,0.0,-0.25,1.0,1.0,4.0,-0.25,1.0,-0.11999999731779099,1.0,-0.12,1.0,0.0,0.0,0.0,-0.25,-0.25,1.0,0.13,0.0,0.0,0.0,0.0,0.0,0.0,0.0,0.0,0.0,0.0,0.0,0.0,0.0,0.0,0.0,0.0,0.0,0.0,0.0,0.0,0.0,0.0,0.0,0.0,28.0,28.0,28.0,0.0,0.0,0.0,0.0,0.0,1.0,0.0,1.0,0.0,0.0,0.0,0.16,53.87569998856634,0.6560999900102615,0.000700005330145359,44.19939999934286,24.163999943993986,4.0,5.108000012114644,3.096400061622262,0.7714999374002218,0.000300002284348011
2,5,114,-3.567600648936695,0,0,2.0,4.0,0.8157403469085693,0.5522058010101318,0.6426723599433899,1.0,1.0,1.0,0.556887686252594,1.0,1.0,0.5853624939918518,0.5237141251564026,0.5265333652496338,0.5237141251564026,0.5522058010101318,1.0,0.556887686252594,0.5237141251564026,1.0,0.14726771414279938,1.0,1.0,0.995631754398346,0.018491331487894058,0.29508787393569946,-0.2181818187236786,-0.0032485448755323887,0.003988292068243027,-0.9999920725822449,0.0,0.010982267558574677,-0.0022011087276041508,0.0,0.0,0.0,189.2777557373047,13.092853546142578,13.805144309997559,25.0,13.092853546142578,13.922191619873047,0.010982267558574677,0.9890177324414253,0.5237141418457031,0.5522057723999023,1.0,0.0,0.0,0.0,1.0,-0.49435586332619647,-1.595135510004227,-2.9635855577461827,1.4854762821399106,0.0,-0.0,-0.00907488753296515,-0.0011444290046284172,0.0,0.15,-0.0,0.0,0.0,-1.7571628093719482,0.0,0.0,0.0,0.0,0.35,0.0,0.0,0.0,0.0,0.0,0.0,0.0,0.0,0.25713847391307354,-0.0,0.009356552034205379,0.0,0.005644136673803542,-0.0,0.0023651123046875,0.0023651123046875,-0.05,0.023986070347536713,0.016141392290592194,-3.0,0.0,-0.0,-0.0,-0.0,0.6242837190628052,0.7803546488285065,-0.0,0.0,-0.0,-0.0,0.09883791384626768,0.0,0.0,0.022246615905314685,-0.017999999597668646,-0.0,-0.0,0.0,0.0,0.0,0.0,0.0,0.0,0.0,0.016141392290592194,1.6017563451826573,32.4,1.0,0.0,0.0,1.0,2.0,4.0,0.0,1.0,0.0,1.0,0.0,0.0,0.0,0.0,0.0,0.0,0.0,0.0,0.0,0.0,0.0,0.0,0.0,0.0,0.0,0.0,0.0,0.0,0.0,0.0,0.0,0.0,0.0,0.0,0.0,0.0,0.0,0.0,0.0,0.0,0.0,0.0,0.0,28.0,28.0,28.0,0.0,0.0,0.0,0.0,0.0,1.0,0.0,1.0,0.0,0.0,0.0,0.2,32.19119994901121,0.45489997137337923,0.000600004568696022,23.398399935103953,14.139599981717765,4.0,4.716399940662086,2.9160999692976475,0.6775000365450978,0.000300002284348011
2,6,115,-3.9162545499110237,0,0,2.0,4.0,0.8157403469085693,0.5522058010101318,0.6426723599433899,1.0,1.0,1.0,0.556887686252594,1.0,1.0,0.5853624939918518,0.5237141251564026,0.5265333652496338,0.5237141251564026,0.5522058010101318,1.0,0.556887686252594,0.5237141251564026,1.0,0.14740484952926636,1.0,1.0,0.9956237077713013,0.022882234305143356,0.26680830121040344,0.0,-0.0032485448755323887,0.003845358267426491,-0.9999926090240479,0.0,0.010982267558574677,-0.0022011087276041508,0.0,0.0,0.0,189.28021240234375,13.098237037658691,13.780309677124023,25.0,13.098237037658691,13.926791191101074,0.012381971813738346,0.9876180281862617,0.5239294815063477,0.5512123870849609,1.0,0.0,0.0,0.0,1.0,-0.49358685591593415,-1.8164024424097123,-2.9605142662907964,1.3542490147054196,0.0,-0.0,-0.00905891894467112,-0.00114232538728049,-0.0013037681579589836,0.15,-0.0,0.0,0.0,-1.9811154901981354,0.0,0.0,0.0,0.0,0.35,0.0,0.0,0.0,0.0,0.0,0.0,0.0,0.0,0.2580482816789299,-0.0,0.009704986727172127,0.0,0.006413144084065867,-0.0,0.0024566650390625,0.0024566650390625,-0.05,0.029296888611185033,0.019739005714654922,-3.0,0.0,-0.0,-0.0,-0.0,0.6018884509801865,0.7523605637252331,-0.0,0.0,-0.0,-0.0,0.0,0.0,0.0,0.026218060278333722,-0.0,-0.0,-0.0,0.0,0.0,0.0,0.0,0.0,0.0,0.0,0.019739005714654922,1.887700340040028,32.4,1.0,0.0,0.0,1.0,2.0,4.0,0.0,1.0,0.0,1.0,0.0,0.0,0.0,0.0,0.0,0.0,0.0,0.0,0.0,0.0,0.0,0.0,0.0,0.0,0.0,0.0,0.0,0.0,0.0,0.0,0.0,0.0,0.0,0.0,0.0,0.0,0.0,0.0,0.0,0.0,0.0,0.0,0.0,28.0,28.0,28.0,0.0,0.0,0.0,0.0,0.0,1.0,0.0,1.0,0.0,0.0,0.0,0.24,53.26380010228604,0.42290007695555687,0.000600004568696022,47.25069995038211,23.724199971184134,4.0,3.031899919733405,1.7455000197514892,0.7736000698059797,0.000300002284348011
2,7,116,-3.598676074326338,0,0,3.0,4.0,0.8145255446434021,0.5512123703956604,0.6430096626281738,1.0,1.0,1.0,0.5570716261863708,1.0,1.0,0.5856837630271912,0.5239294767379761,0.5267354249954224,0.5239294767379761,0.5512123703956604,1.0,0.5570716261863708,0.5239294767379761,1.0,0.14757134020328522,1.0,1.0,0.9956138730049133,0.02696714736521244,0.24821527302265167,0.0,0.0015800356632098556,0.0036795467603951693,-0.9999932050704956,0.0,0.012381971813738346,-0.0025719234254211187,0.0,0.0,0.0,189.28253173828125,13.098237037658691,13.780309677124023,25.0,13.098237037658691,13.926791191101074,0.012381971813738346,0.9876180281862617,0.5239294815063477,0.5512123870849609,1.0,0.0,0.0,0.0,1.0,-0.49296291985405727,-0.8618915838711517,-2.955174279570782,0.7113527089696525,0.0,-0.0,-0.00905891894467112,-0.00114232538728049,0.0,0.15,-0.0,0.0,0.0,-1.0301800549030304,0.0,0.0,0.0,0.0,0.35,0.0,0.0,0.0,0.0,0.0,0.0,0.0,0.0,0.2580482816789299,-0.0,0.009162471941181138,0.0,0.007037080145942716,-0.0,0.0023193359375,0.0023193359375,-0.05,0.034636875331199496,0.0233368631452322,-3.0,0.0,-0.0022281823433978215,-0.0,-0.0,0.4705673344026913,0.5882091680033641,-0.16415139572186901,0.0001379819033965898,-0.08727452558050126,-0.07590767209636276,0.0,-0.0015976233780384064,0.0,0.030087338741868738,-0.017999999597668646,-0.0,-0.0,0.0,0.0,0.0,0.0,0.0,0.0,0.0,0.0233368631452322,2.166288389414549,32.4,1.0,0.0,0.25,1.0,3.0,4.0,0.25,1.0,0.11999999731779099,1.0,0.12,1.0,0.0,0.0,0.0,0.25,0.25,1.0,0.13,0.0,0.0,0.0,0.0,0.0,0.0,0.0,0.0,0.0,0.0,0.0,0.0,0.0,0.0,0.0,0.0,0.0,0.0,0.0,0.0,0.0,0.0,0.0,0.0,28.0,28.0,28.0,0.0,0.0,0.0,0.0,0.0,1.0,0.0,1.0,0.0,0.0,0.0,0.28,12.758400058373809,0.4152000183239579,0.000600004568696022,3.896299982443452,1.3152000028640032,4.0,4.660399979911745,3.0478000408038497,0.7155999774113297,0.000500003807246685
2,8,117,-4.290049123642946,0,0,2.0,4.0,0.8145255446434021,0.5512123703956604,0.6430096626281738,1.0,1.0,1.0,0.5570716261863708,1.0,1.0,0.5856837630271912,0.5239294767379761,0.5267354249954224,0.5239294767379761,0.5512123703956604,1.0,0.5570716261863708,0.5239294767379761,1.0,0.14776679873466492,1.0,1.0,0.9956023693084717,0.03094697743654251,0.24182990193367004,0.2181818187236786,0.0015800356632098556,0.0035241630394011736,-0.9999938011169434,0.0,0.012381971813738346,-0.0025719234254211187,0.0,0.0,0.0,189.2849884033203,13.105561256408691,13.738716125488281,25.0,13.105561256408691,13.933882713317871,0.014726228080689907,0.9852737719193101,0.5242224502563476,0.5495486450195313,1.0,0.0,0.0,0.0,1.0,-0.490589823780012,-2.186026301954189,-2.9536201984889052,1.3401872005801596,0.0,-0.0,-0.009037239705703732,-0.0011390896483679397,-0.003782081604003905,0.15,-0.0,0.0,0.0,-2.356196492910385,0.0,0.0,0.0,0.0,0.35,0.0,0.0,0.0,0.0,0.0,0.0,0.0,0.0,0.25957204825244845,-0.0,0.009681950517517635,0.0,0.009410176219988041,-0.0,0.0024566650390625,0.0024566650390625,-0.05,0.03994176644019855,0.02696537785232067,-3.0,0.0,-0.0,-0.0,-0.0,0.5643803507089615,0.7054754383862019,-0.0,0.0,-0.0,-0.0,0.08833141108266498,0.0,0.0,0.034128601914271715,-0.017999999597668646,-0.0,-0.0,0.0,0.0,0.0,0.0,0.0,0.0,0.0,0.02696537785232067,2.4572593378275633,32.4,1.0,0.0,0.0,1.0,2.0,4.0,0.0,1.0,0.0,1.0,0.0,0.0,0.0,0.0,0.0,0.0,0.0,0.0,0.0,0.0,0.0,0.0,0.0,0.0,0.0,0.0,0.0,0.0,0.0,0.0,0.0,0.0,0.0,0.0,0.0,0.0,0.0,0.0,0.0,0.0,0.0,0.0,0.0,28.0,28.0,28.0,0.0,0.0,0.0,0.0,0.0,1.0,0.0,1.0,0.0,0.0,0.0,0.32,62.22690001595765,0.5929000908508897,0.000700005330145359,51.50080006569624,24.799400009214878,4.0,5.115600069984794,3.8981999969109893,1.0933999437838793,0.000300002284348011
2,9,118,-4.345077612442752,0,0,2.0,4.0,0.8121936321258545,0.5495486259460449,0.6433478593826294,1.0,1.0,1.0,0.5573552846908569,1.0,1.0,0.5860444903373718,0.5242224335670471,0.5270240306854248,0.5242224335670471,0.5495486259460449,1.0,0.5573552846908569,0.5242224335670471,1.0,0.1479913294315338,1.0,1.0,0.9955890774726868,0.035103704780340195,0.2525789439678192,0.0,-0.0030834097415208817,0.0038108432199805975,-0.9999927282333374,0.0,0.014726228080689907,-0.0032592585776001215,0.0,0.0,0.0,189.2872772216797,13.105561256408691,13.738716125488281,25.0,13.105561256408691,13.933882713317871,0.014726228080689907,0.9852737719193101,0.5242224502563476,0.5495486450195313,1.0,0.0,0.0,0.0,1.0,-0.4890936699210823,-2.1777769405043363,-2.9480627911124966,1.2698557890951634,0.0,-0.0,-0.009037239705703732,-0.0011390896483679397,0.0,0.15,-0.0,0.0,0.0,-2.356196492910385,0.0,0.0,0.0,0.0,0.35,0.0,0.0,0.0,0.0,0.0,0.0,0.0,0.0,0.25957204825244845,-0.0,0.009020450792718293,0.0,0.010906330078917729,-0.0,0.002288818359375,0.002288818359375,-0.05,0.045499173816607105,0.030717279762029648,-3.0,0.0,-0.0,-0.0,-0.0,0.5643803507089615,0.7054754383862019,-0.0,0.0,-0.0,-0.0,0.0,0.0,0.0,0.03859588176012039,-0.0,-0.0,-0.0,0.0,0.0,0.0,0.0,0.0,0.0,0.0,0.030717279762029648,2.778903486728668,32.4,1.0,0.0,0.0,1.0,2.0,4.0,0.0,1.0,0.0,1.0,0.0,0.0,0.0,0.0,0.0,0.0,0.0,0.0,0.0,0.0,0.0,0.0,0.0,0.0,0.0,0.0,0.0,0.0,0.0,0.0,0.0,0.0,0.0,0.0,0.0,0.0,0.0,0.0,0.0,0.0,0.0,0.0,0.0,28.0,28.0,28.0,0.0,0.0,0.0,0.0,0.0,1.0,0.0,1.0,0.0,0.0,0.0,0.36,31.009200029075146,0.4463000223040581,0.000600004568696022,21.451800013892353,17.732899985276163,4.0,5.332699976861477,3.1078000320121646,0.6416999967768788,0.000300002284348011
2,10,119,-4.131862720334923,0,0,1.0,4.0,0.8121936321258545,0.5495486259460449,0.6433478593826294,1.0,1.0,1.0,0.5573552846908569,1.0,1.0,0.5860444903373718,0.5242224335670471,0.5270240306854248,0.5242224335670471,0.5495486259460449,1.0,0.5573552846908569,0.5242224335670471,1.0,0.14824575185775757,1.0,1.0,0.9955739378929138,0.03969861939549446,0.27920499444007874,0.0,-0.0030834097415208817,0.004093614872545004,-0.9999915957450867,0.0,0.014726228080689907,-0.0032592585776001215,0.0,0.0,0.0,189.28953552246094,13.114837646484375,13.6835298538208,25.0,13.114837646484375,13.944746971130371,0.01783658377826214,0.9821634162217379,0.524593505859375,0.547341194152832,1.0,0.0,0.0,0.0,1.0,-0.4752004039770867,-1.3054304207199487,-2.9474966878808218,0.5962647922429344,0.0,-0.0,-0.009009858018722372,-0.0011341502432908536,-0.004789066314697264,0.15,-0.0,0.0,0.0,-1.48400377035141,0.0,0.0,0.0,0.0,0.35,0.0,0.0,0.0,0.0,0.0,0.0,0.0,0.0,0.26159377945587037,-0.0,0.008872081640674878,0.011989299514425511,0.012810296508487827,-0.0,0.00225830078125,0.00225830078125,-0.05,0.05104184616439748,0.03455173969268799,-3.0,0.0,-0.0032219614727880272,-0.0,-0.0,0.4023350974646482,0.5029188718308102,-0.14034945260394702,0.00028632934879106763,-0.08388966841955607,-0.06381442430735525,0.0,0.0,0.0,0.04350642420817167,-0.017999999597668646,-0.0,-0.0,0.0,0.0,0.0,0.0,0.0,0.0,0.0,0.03455173969268799,3.1324625429883604,32.4,1.0,0.0,-0.25,1.0,1.0,4.0,-0.25,1.0,-0.11999999731779099,1.0,-0.12,1.0,0.0,0.0,0.0,-0.25,-0.25,1.0,0.13,0.0,0.0,0.0,0.0,0.0,0.0,0.0,0.0,0.0,0.0,0.0,0.0,0.0,0.0,0.0,0.0,0.0,0.0,0.0,0.0,0.0,0.0,0.0,0.0,28.0,28.0,28.0,0.0,0.0,0.0,0.0,0.0,1.0,0.0,1.0,0.0,0.0,0.0,0.4,128793.67430007551,0.7457999745383859,0.000600004568696022,128786.65790008381,128739.54199999571,4.0,2.8671000618487597,2.8157999040558934,0.5625000922009349,0.000300002284348011
2,11,120,-5.6149793543031805,0,0,2.0,4.0,0.8083788156509399,0.5473411679267883,0.6435467600822449,1.0,1.0,1.0,0.5577898621559143,1.0,1.0,0.5862995982170105,0.5245935320854187,0.5274257063865662,0.5245935320854187,0.5473411679267883,1.0,0.5577898621559143,0.5245935320854187,1.0,0.14853106439113617,1.0,1.0,0.9955569505691528,0.044749464839696884,0.30690890550613403,-0.2181818187236786,-0.003003261052072048,0.004320119507610798,-0.9999906420707703,0.0,0.01783658377826214,-0.004254738334566355,0.0,0.0,0.0,189.2917938232422,13.126982688903809,13.619454383850098,25.0,13.126982688903809,13.956107139587402,0.02144794352352619,0.9785520564764738,0.5250793075561524,0.5447781753540039,1.0,0.0,0.0,0.0,1.0,-0.49910682295522124,-3.248017890441229,-2.9477418970257925,1.079887256119062,0.0,-0.0,-0.008974136507524412,-0.001129008279725405,-0.00496253967285156,0.15,-0.0,0.0,0.0,-3.4316709637641907,0.0,0.0,0.0,0.0,0.35,0.0,0.0,0.0,0.0,0.0,0.0,0.0,0.0,0.26394116329029205,-0.0,0.00883945949453846,-0.01220703125,0.013100208294778756,-0.0,0.00225830078125,0.00225830078125,-0.05,0.056574812611849525,0.03841691091656685,-3.0,0.0,-0.0,-0.0,-0.0,0.456832903623581,0.5710411295294762,-0.0,0.0,-0.0,-0.0,0.07001322256367352,0.0,0.0,0.048718757783062755,-0.017999999597668646,-0.0,-0.0,0.0,0.0,0.0,0.0,0.0,0.0,0.0,0.03841691091656685,3.5077505603805186,32.4,1.0,0.0,0.0,1.0,2.0,4.0,0.0,1.0,0.0,1.0,0.0,0.0,0.0,0.0,0.0,0.0,0.0,0.0,0.0,0.0,0.0,0.0,0.0,0.0,0.0,0.0,0.0,0.0,0.0,0.0,0.0,0.0,0.0,0.0,0.0,0.0,0.0,0.0,0.0,0.0,0.0,0.0,0.0,28.0,28.0,28.0,0.0,0.0,0.0,0.0,0.0,1.0,0.0,1.0,0.0,0.0,0.0,0.44,147.1511999843642,0.43000001460313797,0.000500003807246685,138.56539991684258,121.49669998325408,4.0,4.6412000665441155,2.8135000029578805,0.6609000265598297,0.000300002284348011
2,12,121,-5.637322714020757,0,0,2.0,4.0,0.8047953844070435,0.5447781682014465,0.6441465020179749,1.0,1.0,1.0,0.5582442879676819,1.0,1.0,0.5868954062461853,0.5250793099403381,0.5279046893119812,0.5250793099403381,0.5447781682014465,1.0,0.5582442879676819,0.5250793099403381,1.0,0.14884866774082184,1.0,1.0,0.9955379962921143,0.050110723823308945,0.32577085494995117,0.0,0.007306129205971956,0.003958916757255793,-0.9999921917915344,0.0,0.02144794352352619,-0.005403941497206688,0.0,0.0,0.0,189.29464721679688,13.126982688903809,13.619454383850098,25.0,13.126982688903809,13.956107139587402,0.02144794352352619,0.9785520564764738,0.5250793075561524,0.5447781753540039,1.0,0.0,0.0,0.0,1.0,-0.48543582020304127,-3.2377448011720533,-2.9420161257987196,1.0278740331530571,0.0,-0.0,-0.008974136507524412,-0.001129008279725405,0.0,0.15,-0.0,0.0,0.0,-3.4316709637641907,0.0,0.0,0.0,0.0,0.35,0.0,0.0,0.0,0.0,0.0,0.0,0.0,0.0,0.26394116329029205,-0.0,0.011168776523504675,0.0,0.01456417979695872,-0.0,0.0028533935546875,0.0028533935546875,-0.05,0.06230058383892245,0.04230497404932976,-3.0,0.0,-0.0,-0.0,-0.0,0.456832903623581,0.5710411295294762,-0.0,0.0,-0.0,-0.0,0.0,0.0,0.0,0.05402930737938732,-0.0,-0.0,-0.0,0.0,0.0,0.0,0.0,0.0,0.0,0.0,0.04230497404932976,3.8901101313158866,32.4,1.0,0.0,0.0,1.0,2.0,4.0,0.0,1.0,0.0,1.0,0.0,0.0,0.0,0.0,0.0,0.0,0.0,0.0,0.0,0.0,0.0,0.0,0.0,0.0,0.0,0.0,0.0,0.0,0.0,0.0,0.0,0.0,0.0,0.0,0.0,0.0,0.0,0.0,0.0,0.0,0.0,0.0,0.0,28.0,28.0,28.0,0.0,0.0,0.0,0.0,0.0,1.0,0.0,1.0,0.0,0.0,0.0,0.48,45.61880009714514,0.5491001065820456,0.0006998889148235321,36.890699993819,14.039299916476011,4.0,4.4772999826818705,2.972800051793456,0.6706999847665429,0.000400003045797348
2,13,122,-6.460497871184889,0,0,2.0,4.0,0.8047953844070435,0.5447781682014465,0.6441465020179749,1.0,1.0,1.0,0.5582442879676819,1.0,1.0,0.5868954062461853,0.5250793099403381,0.5279046893119812,0.5250793099403381,0.5447781682014465,1.0,0.5582442879676819,0.5250793099403381,1.0,0.14919956028461456,1.0,1.0,0.9955170154571533,0.0555730015039444,0.3319093585014343,0.0,0.007306129205971956,0.0035659573040902615,-0.999993622303009,0.0,0.02144794352352619,-0.005403941497206688,0.0,0.0,0.0,189.2984619140625,13.141372680664062,13.547733306884766,25.0,13.141372680664062,13.968838691711426,0.02565234713256359,0.9743476528674364,0.5256549072265625,0.5419093322753906,1.0,0.0,0.0,0.0,1.0,-0.4836027189178838,-3.910119378432705,-2.94329127706201,0.8765155032277108,0.0,-0.0,-0.00893199881181564,-0.0011232732840945072,-0.004911708831787109,0.15,-0.0,0.0,0.0,-4.104375541210175,0.0,0.0,0.0,0.0,0.35,0.0,0.0,0.0,0.0,0.0,0.0,0.0,0.0,0.2666740256361663,-0.0,0.014867365308646185,0.0,0.01639728108211619,-0.0,0.003814697265625,0.003814697265625,-0.05,0.06775247835009165,0.046175144612789154,-3.0,0.0,-0.0,-0.0,-0.0,0.3895624458789826,0.4869530573487282,-0.0,0.0,-0.0,-0.0,0.0,0.0,0.0,0.05922314370516688,-0.0,-0.0,-0.0,0.0,0.0,0.0,0.0,0.0,0.0,0.0,0.046175144612789154,4.264066346772015,32.4,1.0,0.0,0.0,1.0,2.0,4.0,0.0,1.0,0.0,1.0,0.0,0.0,0.0,0.0,0.0,0.0,0.0,0.0,0.0,0.0,0.0,0.0,0.0,0.0,0.0,0.0,0.0,0.0,0.0,0.0,0.0,0.0,0.0,0.0,0.0,0.0,0.0,0.0,0.0,0.0,0.0,0.0,0.0,28.0,28.0,28.0,0.0,0.0,0.0,0.0,0.0,1.0,0.0,1.0,0.0,0.0,0.0,0.52,98.57180004473776,0.6240999791771173,0.000600004568696022,88.98340002633631,78.99579999502748,4.0,4.770600004121661,3.382900031283498,0.7676000241190195,0.000400003045797348
2,14,123,-6.443535563829261,0,0,2.0,4.0,0.801007091999054,0.5419093370437622,0.6449768543243408,1.0,1.0,1.0,0.5587535500526428,1.0,1.0,0.5877118110656738,0.5256549119949341,0.5284522771835327,0.5256549119949341,0.5419093370437622,1.0,0.5587535500526428,0.5256549119949341,1.0,0.14958395063877106,1.0,1.0,0.99549400806427,0.060915231704711914,0.3246147632598877,0.0,0.002715239766985178,0.0033384407870471478,-0.9999944567680359,0.0,0.02565234713256359,-0.006805374752730131,0.0,0.0,0.0,189.30313110351562,13.141372680664062,13.547733306884766,25.0,13.141372680664062,13.968838691711426,0.02565234713256359,0.9743476528674364,0.5256549072265625,0.5419093322753906,1.0,0.0,0.0,0.0,1.0,-0.4821571380563434,-3.9002207791955015,-2.9376731498051267,0.8765155032277108,0.0,-0.0,-0.00893199881181564,-0.0011232732840945072,0.0,0.15,-0.0,0.0,0.0,-4.104375541210175,0.0,0.0,0.0,0.0,0.35,0.0,0.0,0.0,0.0,0.0,0.0,0.0,0.0,0.2666740256361663,-0.0,0.01819765513778293,0.0,0.017842861943656568,-0.0,0.004669189453125,0.004669189453125,-0.05,0.07337060560697485,0.05000405013561249,-3.0,0.0,-0.0,-0.0,-0.0,0.3895624458789826,0.4869530573487282,-0.0,0.0,-0.0,-0.0,0.0,0.0,0.0,0.06421003411058337,-0.0,-0.0,-0.0,0.0,0.0,0.0,0.0,0.0,0.0,0.0,0.05000405013561249,4.623122455962003,32.4,1.0,0.0,0.0,1.0,2.0,4.0,0.0,1.0,0.0,1.0,0.0,0.0,0.0,0.0,0.0,0.0,0.0,0.0,0.0,0.0,0.0,0.0,0.0,0.0,0.0,0.0,0.0,0.0,0.0,0.0,0.0,0.0,0.0,0.0,0.0,0.0,0.0,0.0,0.0,0.0,0.0,0.0,0.0,28.0,28.0,28.0,0.0,0.0,0.0,0.0,0.0,1.0,0.0,1.0,0.0,0.0,0.0,0.56,24.638599948957562,0.6399999838322401,0.000600004568696022,16.831599990837276,13.630799949169159,4.0,3.928300109691918,2.523000002838671,0.6713001057505608,0.000300002284348011
2,15,124,-7.421055521137199,0,0,2.0,4.0,0.801007091999054,0.5419093370437622,0.6449768543243408,1.0,1.0,1.0,0.5587535500526428,1.0,1.0,0.5877118110656738,0.5256549119949341,0.5284522771835327,0.5256549119949341,0.5419093370437622,1.0,0.5587535500526428,0.5256549119949341,1.0,0.15000124275684357,1.0,1.0,0.9954690337181091,0.06604460626840591,0.3116806447505951,0.0,0.002715239766985178,0.0031670399475842714,-0.9999949932098389,0.0,0.02565234713256359,-0.006805374752730131,0.0,0.0,0.0,189.3084716796875,13.157318115234375,13.466041564941406,25.0,13.157318115234375,13.983652114868164,0.030627205967903137,0.9693727940320969,0.526292724609375,0.5386416625976562,1.0,0.0,0.0,0.0,1.0,-0.48084186807852447,-4.6972104465155455,-2.9404237916986165,0.6974205851554871,0.0,-0.0,-0.00888554183543068,-0.0011166371552763837,-0.005825805664062499,0.15,-0.0,0.0,0.0,-4.900352954864502,0.0,0.0,0.0,0.0,0.35,0.0,0.0,0.0,0.0,0.0,0.0,0.0,0.0,0.26990768387913705,-0.0,0.020708036981886835,0.0,0.019158131921475557,-0.0,0.005340576171875,0.005340576171875,-0.05,0.07857973785002878,0.05378672853112221,-3.0,0.0,-0.0,-0.0,-0.0,0.30996470451354985,0.38745588064193726,-0.0,0.0,-0.0,-0.0,0.0,0.0,0.0,0.06897049300372601,-0.0,-0.0,-0.0,0.0,0.0,0.0,0.0,0.0,0.0,0.0,0.05378672853112221,4.965875496268272,32.4,1.0,0.0,0.0,1.0,2.0,4.0,0.0,1.0,0.0,1.0,0.0,0.0,0.0,0.0,0.0,0.0,0.0,0.0,0.0,0.0,0.0,0.0,0.0,0.0,0.0,0.0,0.0,0.0,0.0,0.0,0.0,0.0,0.0,0.0,0.0,0.0,0.0,0.0,0.0,0.0,0.0,0.0,0.0,28.0,28.0,28.0,0.0,0.0,0.0,0.0,0.0,1.0,0.0,1.0,0.0,0.0,0.0,0.6,37.06270002294332,0.6516999565064907,0.000700005330145359,29.896400053985417,20.80060006119311,4.0,4.113100003451109,1.7006000271067023,0.6738000083714724,0.000700005330145359
2,16,125,-6.787644253741995,0,0,2.0,3.0,0.796480119228363,0.5386416912078857,0.6457836031913757,1.0,1.0,1.0,0.559346079826355,1.0,1.0,0.5885120630264282,0.5262927412986755,0.5290778875350952,0.5262927412986755,0.5386416912078857,1.0,0.559346079826355,0.5262927412986755,1.0,0.15045064687728882,1.0,1.0,0.9954420328140259,0.07094107568264008,0.2975286841392517,0.0,0.0016502522630617023,0.003040808252990246,-0.9999953508377075,0.0,0.030627205967903137,-0.008517120964825153,0.0,0.0,0.0,189.31430053710938,13.157318115234375,13.466041564941406,25.0,13.157318115234375,13.983652114868164,0.030627205967903137,0.9693727940320969,0.526292724609375,0.5386416625976562,1.0,0.0,0.0,0.0,1.0,-0.4796357560107104,-3.806004054424116,-2.9451988428139684,0.4431943995068004,0.0,-0.0,-0.00888554183543068,-0.0011166371552763837,0.0,0.15,-0.0,0.0,0.0,-4.018289387938836,0.0,0.0,0.0,0.0,0.35,0.0,0.0,0.0,0.0,0.0,0.0,0.0,0.0,0.26990768387913705,-0.0,0.022601343220230774,0.0,0.0203642439892896,-0.0,0.005828857421875,0.005828857421875,-0.05,0.08310362823959005,0.05688326805830002,-3.0,0.0,-0.0,-0.0,-0.0,0.21697528946441766,0.27121911183052205,-0.0,0.0,-0.0,-0.0,0.0,0.0,0.0,0.072287512505427,-0.04500000178813934,-0.0,-0.0,0.0,0.0,0.0,0.0,0.0,0.0,0.0,0.05688326805830002,5.204700900390744,32.4,0.7326086850269979,0.0,0.0,0.699999988079071,2.0,3.0,0.0,0.699999988079071,0.0,0.699999988079071,0.0,0.0,0.0,0.0,0.0,0.0,0.0,0.0,0.0,0.0,0.0,0.0,0.0,0.0,0.0,0.0,0.0,0.0,0.0,0.0,0.0,0.0,0.0,0.0,0.0,0.0,0.0,0.0,0.0,0.0,0.0,0.0,0.0,28.0,28.0,28.0,0.0,0.0,0.0,0.0,0.0,1.0,0.0,1.0,0.0,0.0,0.0,0.64,11.930500040762126,0.6272000027820468,0.000600004568696022,4.383599967695773,1.6072000144049525,4.0,3.72919999063015,2.5175000773742795,0.6502999458462,0.000300002284348011
2,17,126,-8.541275040046008,0,0,2.0,4.0,0.796480119228363,0.5386416912078857,0.6457836031913757,1.0,1.0,1.0,0.559346079826355,1.0,1.0,0.5885120630264282,0.5262927412986755,0.5290778875350952,0.5262927412986755,0.5386416912078857,1.0,0.559346079826355,0.5262927412986755,1.0,0.15092596411705017,1.0,1.0,0.9954134225845337,0.07435286790132523,0.20731371641159058,0.0,0.0016502522630617023,0.002956717275083065,-0.9999956488609314,0.0,0.030627205967903137,-0.008517120964825153,0.0,0.0,0.0,189.32041931152344,13.175042152404785,13.375275611877441,25.0,13.175042152404785,14.001150131225586,0.03616388142108917,0.9638361185789108,0.5270016860961914,0.5350110244750976,1.0,0.0,0.0,0.0,1.0,-0.47855631201237464,-5.575480996569461,-2.940337998516824,0.4531002670526505,0.0,-0.0,-0.008834191855785793,-0.0011088488689004656,-0.006051349639892577,0.15,-0.0,0.0,0.0,-5.786221027374268,0.0,0.0,0.0,0.0,0.35,0.0,0.0,0.0,0.0,0.0,0.0,0.0,0.0,0.273506522923708,-0.0,0.023589983126839797,0.0,0.02144368798762536,-0.0,0.0061187744140625,0.0061187744140625,-0.05,0.08752421175691895,0.060199979692697525,-3.0,0.0,-0.0,-0.0,-0.0,0.22137789726257326,0.27672237157821655,-0.0,0.0,-0.0,-0.0,0.0,0.0,0.0,0.07673442116938532,-0.04500000178813934,-0.0,-0.0,0.0,0.0,0.0,0.0,0.0,0.0,0.0,0.060199979692697525,5.524878324195742,32.4,1.0,0.0,0.0,1.0,2.0,4.0,0.0,1.0,0.0,1.0,0.0,0.0,0.0,0.0,0.0,0.0,0.0,0.0,0.0,0.0,0.0,0.0,0.0,0.0,0.0,0.0,0.0,0.0,0.0,0.0,0.0,0.0,0.0,0.0,0.0,0.0,0.0,0.0,0.0,0.0,0.0,0.0,0.0,28.0,28.0,28.0,0.0,0.0,0.0,0.0,0.0,1.0,0.0,1.0,0.0,0.0,0.0,0.68,52.889300044626,0.6104999920353293,0.000600004568696022,45.597300049848855,35.781399928964674,4.0,4.077300080098212,1.8795999931171536,0.6991999689489603,0.000400003045797348
2,18,127,-9.727185699672011,0,0,2.0,4.0,0.7912387251853943,0.5350110530853271,0.5420923829078674,1.0,1.0,1.0,0.5600460171699524,1.0,1.0,0.5893483757972717,0.527001678943634,0.529782772064209,0.527001678943634,0.5350110530853271,1.0,0.5600460171699524,0.527001678943634,1.0,0.15142874419689178,1.0,1.0,0.9953830242156982,0.07892683148384094,0.2779317796230316,0.0,0.0010012347484007478,0.002883880864828825,-0.9999958276748657,0.0,0.03616388142108917,-0.01175107341259718,0.0,0.0,0.0,189.3267822265625,13.1945219039917,13.272518157958984,25.0,13.1945219039917,14.020264625549316,0.04243931919336319,0.9575606808066368,0.527780876159668,0.5309007263183594,1.0,0.0,0.0,0.0,1.0,-0.4772630102297427,-6.576611497093316,-2.945495701387878,0.27218450903892516,0.0,-0.0,-0.008778104073383187,-0.001100403162959304,-0.007597637176513667,0.15,-0.0,0.0,0.0,-6.79029107093811,0.0,0.0,0.0,0.0,0.35,0.0,0.0,0.0,0.0,0.0,0.0,0.0,0.0,0.2775855574756861,-0.0,0.024371509026877902,0.0,0.022736989770257315,-0.0,0.0063629150390625,0.0063629150390625,-0.05,0.09240720932150283,0.06391026824712753,-3.0,0.0,-0.0,-0.0,-0.0,0.12097089290618897,0.1512136161327362,-0.0,0.0,-0.0,-0.0,0.0,0.0,0.0,0.08115571825765074,-0.0,-0.0,-0.0,0.0,0.0,0.0,0.0,0.0,0.0,0.0,0.06391026824712753,5.843211714550853,32.4,1.0,0.0,0.0,1.0,2.0,4.0,0.0,1.0,0.0,1.0,0.0,0.0,0.0,0.0,0.0,0.0,0.0,0.0,0.0,0.0,0.0,0.0,0.0,0.0,0.0,0.0,0.0,0.0,0.0,0.0,0.0,0.0,0.0,0.0,0.0,0.0,0.0,0.0,0.0,0.0,0.0,0.0,0.0,28.0,28.0,28.0,0.0,0.0,0.0,0.0,0.0,1.0,0.0,1.0,0.0,0.0,0.0,0.72,63.709900015965104,0.6379999686032534,0.000400003045797348,54.55320002511144,22.6359999505803,4.0,4.761700052767992,2.9944999841973186,0.7179999956861138,0.000400003045797348
2,19,128,-9.70829559835768,0,0,2.0,4.0,0.7852246761322021,0.5309007167816162,0.5379222631454468,1.0,1.0,1.0,0.5608105659484863,1.0,1.0,0.5902499556541443,0.5277808904647827,0.5305606722831726,0.5277808904647827,0.5309007167816162,1.0,0.5608105659484863,0.5277808904647827,1.0,0.1519620418548584,1.0,1.0,0.9953506588935852,0.08347444981336594,0.2763310670852661,0.0,0.0005771696451120079,0.0028311400674283504,-0.9999960064888,0.0,0.04243931919336319,-0.014503106474876404,0.0,0.0,0.0,189.33331298828125,13.1945219039917,13.272518157958984,25.0,13.1945219039917,14.020264625549316,0.04243931919336319,0.9575606808066368,0.527780876159668,0.5309007263183594,1.0,0.0,0.0,0.0,1.0,-0.4758224373921641,-6.564520836135697,-2.9401368338687455,0.27218450903892516,0.0,-0.0,-0.008778104073383187,-0.001100403162959304,0.0,0.15,-0.0,0.0,0.0,-6.79029107093811,0.0,0.0,0.0,0.0,0.35,0.0,0.0,0.0,0.0,0.0,0.0,0.0,0.0,0.2775855574756861,-0.0,0.025014402550368686,0.0,0.024177562607835865,-0.0,0.00653076171875,0.00653076171875,-0.05,0.09776607684063579,0.0676165446639061,-3.0,0.0,-0.0,-0.0,-0.0,0.12097089290618897,0.1512136161327362,-0.0,0.0,-0.0,-0.0,0.0,0.0,0.0,0.08564874203875661,-0.0,-0.0,-0.0,0.0,0.0,0.0,0.0,0.0,0.0,0.0,0.0676165446639061,6.166709426790476,32.4,1.0,0.0,0.0,1.0,2.0,4.0,0.0,1.0,0.0,1.0,0.0,0.0,0.0,0.0,0.0,0.0,0.0,0.0,0.0,0.0,0.0,0.0,0.0,0.0,0.0,0.0,0.0,0.0,0.0,0.0,0.0,0.0,0.0,0.0,0.0,0.0,0.0,0.0,0.0,0.0,0.0,0.0,0.0,28.0,28.0,28.0,0.0,0.0,0.0,0.0,0.0,1.0,0.0,1.0,0.0,0.0,0.0,0.76,20.52790008019656,0.6016000406816602,0.000600004568696022,13.133900007233024,8.32359993364662,4.0,3.654400003142655,2.5144999381154776,0.6002000300213695,0.000400003045797348
2,20,129,-11.090265632222543,0,0,2.0,4.0,0.7852246761322021,0.5309007167816162,0.5379222631454468,1.0,1.0,1.0,0.5608105659484863,1.0,1.0,0.5902499556541443,0.5277808904647827,0.5305606722831726,0.5277808904647827,0.5309007167816162,1.0,0.5608105659484863,0.5277808904647827,1.0,0.15252575278282166,1.0,1.0,0.9953163862228394,0.08809585124254227,0.280813992023468,0.0,0.0005771696451120079,0.0027904140297323465,-0.9999961256980896,0.0,0.04243931919336319,-0.014503106474876404,0.0,0.0,0.0,189.33999633789062,13.157763481140137,13.157763481140137,25.0,13.216302871704102,14.041877746582031,0.04944462701678276,0.9505553729832172,0.5263105392456054,0.5263105392456054,1.0,0.0,0.0,0.0,1.0,-0.47454681130265897,-7.689101672944854,-2.946610575370851,0.01999342739582062,0.0,-0.0,-0.008715820192332108,-0.0010909309082549896,-0.00835638046264648,0.15,-0.0,0.0,0.0,-7.911140322685242,0.0,0.0,0.0,0.0,0.35,0.0,0.0,0.0,0.0,0.0,0.0,0.0,0.0,0.2821390075609088,-0.0,0.02541157552286677,0.0,0.025453188697341055,-0.0,0.006683349609375,0.006683349609375,-0.05,0.10250082785600112,0.07133181393146515,-3.0,0.0,-0.0,-0.0,-0.0,0.008885967731475831,0.011107459664344788,-0.0,0.0,-0.0,-0.0,0.0,0.0,0.0,0.09020178130362183,-0.0,-0.0,-0.0,0.0,0.0,0.0,0.0,0.0,0.0,0.0,0.07133181393146515,6.494528253860772,32.4,1.0,0.0,0.0,1.0,2.0,4.0,0.0,1.0,0.0,1.0,0.0,0.0,0.0,0.0,0.0,0.0,0.0,0.0,0.0,0.0,0.0,0.0,0.0,0.0,0.0,0.0,0.0,0.0,0.0,0.0,0.0,0.0,0.0,0.0,0.0,0.0,0.0,0.0,0.0,0.0,0.0,0.0,0.0,28.0,28.0,28.0,0.0,0.0,0.0,0.0,0.0,1.0,0.0,1.0,0.0,0.0,0.0,0.8,54.67270000372082,0.49480004236102104,0.000400003045797348,45.76859995722771,21.693299990147352,4.0,4.665100015699863,2.990200067870319,0.713299959897995,0.000400003045797348
2,21,130,-11.070451957646673,0,0,2.0,4.0,0.7784988880157471,0.5263105630874634,0.5332595705986023,1.0,1.0,1.0,0.5616751313209534,1.0,1.0,0.5912426710128784,0.5286521315574646,0.5314332246780396,0.5263105630874634,0.5263105630874634,1.0,0.5616751313209534,0.5286521315574646,1.0,0.1531200408935547,1.0,1.0,0.9952800273895264,0.09277897328138351,0.28456494212150574,0.0,0.00038878366467542946,0.002758091315627098,-0.9999961853027344,0.0,0.04944462701678276,-0.017618432641029358,0.0,0.0,0.0,189.34693908691406,13.157763481140137,13.157763481140137,25.0,13.216302871704102,14.041877746582031,0.04944462701678276,0.9505553729832172,0.5263105392456054,0.5263105392456054,1.0,0.0,0.0,0.0,1.0,-0.47307357248932713,-7.6761177278163455,-2.9412540847368214,0.01999342739582062,0.0,-0.0,-0.008715820192332108,-0.0010909309082549896,0.0,0.15,-0.0,0.0,0.0,-7.911140322685242,0.0,0.0,0.0,0.0,0.35,0.0,0.0,0.0,0.0,0.0,0.0,0.0,0.0,0.2821390075609088,-0.0,0.02639786955001,0.0,0.026926427510672868,-0.0,0.0069427490234375,0.0069427490234375,-0.05,0.10785731849003106,0.07505947351455688,-3.0,0.0,-0.0,-0.0,-0.0,0.008885967731475831,0.011107459664344788,-0.0,0.0,-0.0,-0.0,0.0,0.0,0.0,0.09482934596948327,-0.0,-0.0,-0.0,0.0,0.0,0.0,0.0,0.0,0.0,0.0,0.07505947351455688,6.827712909802795,32.4,1.0,0.0,0.0,1.0,2.0,4.0,0.0,1.0,0.0,1.0,0.0,0.0,0.0,0.0,0.0,0.0,0.0,0.0,0.0,0.0,0.0,0.0,0.0,0.0,0.0,0.0,0.0,0.0,0.0,0.0,0.0,0.0,0.0,0.0,0.0,0.0,0.0,0.0,0.0,0.0,0.0,0.0,0.0,28.0,28.0,28.0,0.0,0.0,0.0,0.0,0.0,1.0,0.0,1.0,0.0,0.0,0.0,0.84,27.38589991349727,0.5185999907553196,0.000700005330145359,18.65780004300177,13.398699928075075,4.0,4.531100043095648,3.029300016351044,0.6199999479576945,0.000400003045797348
2,22,131,-11.18819619097048,0,0,2.0,4.0,0.7784988880157471,0.5263105630874634,0.5332595705986023,1.0,1.0,1.0,0.5616751313209534,1.0,1.0,0.5912426710128784,0.5286521315574646,0.5314332246780396,0.5263105630874634,0.5263105630874634,1.0,0.5616751313209534,0.5286521315574646,1.0,0.1537451446056366,1.0,1.0,0.9952417016029358,0.09753875434398651,0.289222776889801,0.0,0.00038878366467542946,0.0027318736538290977,-0.9999962449073792,0.0,0.04944462701678276,-0.017618432641029358,0.0,0.0,0.0,189.3541259765625,13.0319185256958,13.0319185256958,25.0,13.240294456481934,14.065434455871582,0.05713294446468353,0.9428670555353165,0.5212767410278321,0.5212767410278321,1.0,0.0,0.0,0.0,1.0,-0.4603030444171071,-7.790349799406029,-2.937543347147344,0.0,0.0,-0.0,-0.008647736279425215,-0.0010806996898181632,-0.009137535095214842,0.15,-0.0,0.0,0.0,-8.0,0.0,0.01638188202415356,-0.028668293542268727,0.25,0.0,0.45454545454545453,0.0,0.0,-0.0,0.0,-0.0,-0.008720281707221111,0.0,0.2871364139020443,-0.0,0.027105125925118045,0.011509607611515094,0.028187347971377785,-0.0,0.0071868896484375,0.0071868896484375,-0.05,0.11245665285265584,0.07879775762557983,-3.0,0.0,-0.0,-0.0,-0.0,0.0,0.0,-0.0,0.0,-0.0,-0.0,0.0,0.0,0.0,0.09952286488376559,-0.0,-0.0,-0.0,0.0,0.0,0.0,0.0,0.0,0.0,0.0,0.07879775762557983,7.165646271631122,32.4,1.0,0.0,0.0,1.0,2.0,4.0,0.0,1.0,0.0,1.0,0.0,0.0,1.0,0.0,0.0,0.0,0.0,0.0,0.0,0.0,0.0,0.0,0.0,0.0,0.0,0.0,0.0,0.0,0.0,0.0,0.0,0.0,0.0,0.0,0.0,0.0,0.0,0.0,0.0,0.0,0.0,0.0,0.0,28.0,28.0,28.0,0.0,0.0,0.0,0.0,0.0,1.0,0.0,1.0,0.0,0.0,0.0,0.88,35.31659999862313,0.6391999777406454,0.000600004568696022,29.29259999655187,20.395500003360212,4.0,2.989900065585971,1.7964999424293637,0.570200034417212,0.000300002284348011
2,23,132,-6.781586746548761,0,0,1.0,3.0,0.7710991501808167,0.5212767124176025,0.5281588435173035,1.0,1.0,1.0,0.5626173615455627,1.0,1.0,0.5923323035240173,0.5296117663383484,0.5323948860168457,0.5212767124176025,0.5212767124176025,1.0,0.5626173615455627,0.5296117663383484,1.0,0.1544012725353241,1.0,1.0,0.9952012300491333,0.1023663729429245,0.2933449447154999,0.0,0.0002796955523081124,0.0027100578881800175,-0.9999963045120239,0.0,0.05713294446468353,-0.020848067477345467,0.0,0.0,0.0,189.3618927001953,13.0319185256958,13.0319185256958,25.0,13.240294456481934,14.065434455871582,0.05713294446468353,0.9428670555353165,0.5212767410278321,0.5212767410278321,1.0,0.0,0.0,0.0,1.0,-0.4696646286561906,-3.2817211730750913,-2.933125576432628,-0.09707536838485202,0.0,-0.0,-0.008647736279425215,-0.0010806996898181632,0.0,0.15,-0.0,0.0,0.0,-3.4111999702453613,0.0,0.00982912921449214,-0.04242907444255772,0.25,0.0,0.6727272727272726,0.0,0.0,-0.07508362594403716,7.898186622984956e-07,-0.0,-0.006103775329840675,1.9839303020852128e-05,0.2871364139020443,-0.0,0.029291951371305913,0.0,0.030335371343809425,-0.0,0.0077667236328125,0.0077667236328125,-0.05,0.11687442356737204,0.08189326524734497,-3.0,0.0,-0.007627425806305238,-0.0,-0.0,0.0,0.0,-0.0,0.0020564291711981254,-0.04303788750110676,-0.0,0.0,0.0,0.0,0.1029937898227945,-0.04846648424863815,-0.0,-0.0,0.0,0.0,0.0,0.0,0.0,0.0,0.0,0.08189326524734497,7.415552867241204,32.4,0.7326086850269979,0.0,-0.25,0.699999988079071,1.0,3.0,-0.25,0.699999988079071,-0.11999999731779099,0.699999988079071,-0.12,1.0,1.0,0.0,0.0,-0.25,-0.25,1.0,0.13,0.0,0.0,0.0,0.0,0.0,0.0,0.0,0.0,0.0,0.0,0.0,0.0,0.0,0.0,0.0,0.0,0.0,0.0,0.0,0.0,0.0,0.0,0.0,0.0,28.0,28.0,28.0,0.0,0.0,0.0,0.0,0.0,1.0,0.0,1.0,0.0,0.0,0.0,0.92,15.51529997959733,0.42020005639642477,0.0003998866304755211,6.389500107616186,2.1539999870583415,4.0,4.695600015111268,3.3020999981090426,0.6835999665781856,0.000400003045797348
2,24,133,-11.266602912852864,0,0,3.0,4.0,0.7710991501808167,0.5212767124176025,0.5281588435173035,1.0,1.0,1.0,0.5626173615455627,1.0,1.0,0.5923323035240173,0.5296117663383484,0.5323948860168457,0.5212767124176025,0.5212767124176025,1.0,0.5626173615455627,0.5296117663383484,1.0,0.15508323907852173,1.0,1.0,0.9951590895652771,0.10593646764755249,0.21693280339241028,-0.2181818187236786,0.0002796955523081124,0.002690218621864915,-0.9999963641166687,0.0,0.05713294446468353,-0.020848067477345467,1.0,6.909365038154647e-05,0.0,189.36973571777344,12.896614074707031,12.896614074707031,25.0,13.266327857971191,14.091073989868164,0.06539401412010193,0.9346059858798981,0.5158645629882812,0.5158645629882812,1.0,0.0,0.0,0.0,1.0,-0.4819813258142087,-7.806858428721681,-2.9292966740683357,-0.04846648424863815,0.0,-0.0,-0.008574471412810144,-0.0010696728763663862,-0.009508800506591794,0.15,-0.0,0.0,0.0,-8.0,0.0,0.03535467357726758,-0.06187067876021826,0.25,0.0,0.45454545454545453,0.0,0.0,-0.0,8.781076053633407e-05,-0.0,-0.019014407234511255,0.001017370262883066,0.29250610917806624,-0.0,0.029320524703507544,-0.01220703125,0.030225705435791284,-0.0,0.007843017578125,0.007843017578125,-0.05,0.1207033259316644,0.08520499616861343,-3.0,0.0,-0.0,-0.0,-0.0,0.0,0.0,-0.0,0.0,-0.0,-0.0,0.0,0.0,0.0,0.10773711773101241,-0.04846648424863815,-0.0,-0.0,0.0,0.0,0.0,0.0,0.0,0.0,0.0,0.08520499616861343,7.757072476632893,32.4,1.0,0.0,0.25,1.0,3.0,4.0,0.25,1.0,0.0,1.0,0.0,0.0,1.0,0.0,0.0,0.25,0.25,1.0,0.25,0.0,0.0,0.0,0.0,0.0,0.0,0.0,0.0,0.0,0.0,0.0,0.0,0.0,0.0,0.0,0.0,0.0,0.0,0.0,0.0,0.0,0.0,0.0,0.0,28.0,28.0,28.0,0.0,0.0,0.0,0.0,0.0,1.0,0.0,1.0,0.0,0.0,0.0,0.96,52.20999999437481,0.7308999774977565,0.000600004568696022,45.14900001231581,34.379899967461824,4.0,3.778599901124835,1.8831000197678804,0.633800053037703,0.000400003045797348
2,25,134,-6.650096363950955,0,0,3.0,3.0,0.7632456421852112,0.5158645510673523,0.5226641297340393,1.0,1.0,1.0,0.5636429786682129,1.0,1.0,0.5935460329055786,0.5306531190872192,0.5334329605102539,0.5158645510673523,0.5158645510673523,1.0,0.5636429786682129,0.5306531190872192,1.0,0.1557929515838623,1.0,1.0,0.9951149225234985,0.11081532388925552,0.29645800590515137,0.0,0.007037364412099123,0.0016926900716498494,-0.9999985694885254,0.0,0.06539401412010193,-0.024090977385640144,1.0,0.0034781163558363914,0.0,189.37791442871094,12.754493713378906,12.754493713378906,25.0,13.295700073242188,14.114983558654785,0.07399501651525497,0.926004983484745,0.5101797485351562,0.5101797485351562,1.0,0.0,0.0,0.0,1.0,-0.4692218833815167,-3.1647464298418666,-2.9258222764247446,-0.09030577430282688,0.0,-0.0,-0.008492569974379395,-0.0010594914736742282,-0.009574508666992183,0.15,-0.0,0.0,0.0,-3.4111999702453613,0.0,0.07715144066148967,-0.05014843642996828,0.25,0.0,0.23636363636363636,0.0,0.0,-0.0,0.0002561005351874824,-0.0,-0.020980533064821557,0.0019081217274381501,0.29809676073491576,-0.0,0.030294108346424764,0.0,0.03077811661848326,-0.0,0.0081787109375,0.0081787109375,-0.05,0.12417772357525565,0.08834145218133926,-3.0,0.0,-0.008235479891755751,-0.0,-0.0,0.0,0.0,-0.0,0.003449415296785306,-0.03705322545921829,-0.0,0.0,-0.00190285786986351,0.0,0.1112043966865167,-0.04846648424863815,-0.0,-0.0,0.0,0.0,0.0,0.0,0.0,0.0,0.0,0.08834145218133926,8.006716561429203,32.4,0.7326086850269979,0.0,0.25,0.699999988079071,3.0,3.0,0.25,0.699999988079071,0.11999999731779099,0.699999988079071,0.12,1.0,1.0,0.0,0.0,0.25,0.25,1.0,0.13,0.0,0.0,0.0,0.0,0.0,0.0,0.0,0.0,0.0,0.0,0.0,0.0,0.0,0.0,0.0,0.0,0.0,0.0,0.0,0.0,0.0,0.0,0.0,0.0,28.0,28.0,28.0,0.0,0.0,0.0,0.0,0.0,1.0,0.0,1.0,0.0,0.0,0.0,1.0,53.037700010463595,0.5559999262914062,0.000500003807246685,44.49360002763569,22.91129995137453,4.0,4.749499959871173,2.4498000275343657,0.7480999920517206,0.000400003045797348
2,26,135,-3.5631058584456516,0,0,4.0,3.0,0.756243109703064,0.5101797580718994,0.5167382955551147,1.0,1.0,1.0,0.564599335193634,1.0,1.0,0.5953831076622009,0.531827986240387,0.5345204472541809,0.5101797580718994,0.5101797580718994,1.0,0.564599335193634,0.531827986240387,1.0,0.15652894973754883,1.0,1.0,0.9950690269470215,0.11438166350126266,0.21670493483543396,0.2181818187236786,0.005837972741574049,0.000801939342636615,-0.9999997019767761,0.0,0.07399501651525497,-0.027442267164587975,1.0,0.006401014514267445,0.0,189.3866424560547,12.754493713378906,12.754493713378906,25.0,13.295700073242188,14.114983558654785,0.07399501651525497,0.926004983484745,0.5101797485351562,0.5101797485351562,1.0,0.0,0.0,0.0,1.0,-0.46742038615115356,0.06055530614290996,-2.922042837970939,-0.23419794046646894,0.0,-0.0,-0.008492569974379395,-0.0010594914736742282,0.0,0.15,-0.0,0.0,0.0,-0.26239999771118255,0.0,0.09919470942191529,-0.003857572033074486,0.25,0.0,0.018181818181818195,0.0,0.0,-0.0,0.00017231520435710487,-0.0,-0.021025020353217756,0.0012800809926059031,0.29809676073491576,-0.0,0.03232878726521449,0.0,0.03257961384884642,-0.0,0.00872802734375,0.00872802734375,-0.05,0.12795716202906074,0.09103018790483475,-3.0,0.0,-0.016563420439686095,-0.0,-0.0,0.0,0.0,-0.0,0.003449415296785306,-0.2030839357258995,-0.0,0.0,-0.00380571573972702,0.0,0.11182864880189301,-0.017999999597668646,-0.0,-0.0,0.0,0.0,0.0,0.0,0.0,0.0,0.0,0.09103018790483475,8.051662713736297,32.4,0.7326086850269979,0.0,0.5,0.699999988079071,4.0,3.0,0.5,0.699999988079071,0.23999999463558197,0.699999988079071,0.24,2.0,1.0,0.0,0.0,0.5,0.5,1.0,0.26,0.0,0.0,0.0,0.0,0.0,0.0,0.0,0.0,0.0,0.0,0.0,0.0,0.0,0.0,0.0,0.0,0.0,0.0,0.0,0.0,0.0,0.0,0.0,0.0,28.0,28.0,28.0,0.0,0.0,0.0,0.0,0.0,1.0,0.0,1.0,0.0,0.0,0.0,1.04,49.163500079885125,0.5669000092893839,0.000700005330145359,43.054800014942884,15.475000021979213,4.0,2.9169999761506915,1.8859000410884619,0.7006999803707004,0.000300002284348011
2,27,136,-3.2577518110500425,0,0,3.0,4.0,0.756243109703064,0.5101797580718994,0.5167382955551147,1.0,1.0,1.0,0.564599335193634,1.0,1.0,0.5953831076622009,0.531827986240387,0.5345204472541809,0.5101797580718994,0.5101797580718994,1.0,0.564599335193634,0.531827986240387,1.0,0.15728753805160522,1.0,1.0,0.995021402835846,0.11502375453710556,0.0390157587826252,0.4363636374473572,0.005837972741574049,0.0014299796894192696,-0.9999989867210388,0.0,0.07399501651525497,-0.027442267164587975,1.0,0.004294179379940033,0.0,189.3957977294922,12.59878921508789,12.59878921508789,25.0,13.322345733642578,14.149748802185059,0.0843118280172348,0.9156881719827652,0.5039515686035156,0.5039515686035156,1.0,0.0,0.0,0.0,1.0,-0.45541431859765447,0.48995816076453585,-2.919266055691009,-0.3730295975259147,0.0,-0.0,-0.008418961757186195,-0.0010448600508138673,-0.011488723754882814,0.15,-0.0,0.0,0.0,-0.0,0.0,0.1444708548094097,-0.0,0.25,0.0,0.0,0.0,0.1444708548094097,-0.0,0.0,-0.0004507339540505854,-0.04386164279626454,-0.0016353295074860164,0.3048026882112026,-0.0,0.03353350239194697,0.01117783413064899,0.033407847271696545,-0.0,0.0091552734375,0.0091552734375,-0.05,0.13073394430899082,0.09388417750597,-3.0,0.0,-0.01855627325201141,-0.0,-0.0,0.0,0.0,-0.0,-0.003198817954623501,-0.30624951081346996,-0.0,0.0,-0.003990767989307642,0.0,0.12027214144822213,-0.04502499550580978,-0.0,-0.0,0.0,0.0,0.0,0.0,0.0,0.0,0.0,0.09388417750597,8.659594184271992,32.4,1.0,0.0,0.25,1.0,3.0,4.0,0.25,1.0,0.25,1.0,0.25,3.0,1.0,0.0,0.0,0.25,0.25,0.0,0.0,0.0,0.0,0.0,0.0,0.0,0.0,0.0,0.0,0.0,0.0,0.0,0.0,0.0,0.0,0.0,0.0,0.0,0.0,0.0,0.0,0.0,0.0,0.0,0.0,28.0,28.0,28.0,0.0,0.0,0.0,0.0,0.0,1.0,0.0,1.0,0.0,0.0,0.0,1.08,44.88930001389235,0.6696999771520495,0.000700005330145359,35.242300014942884,24.808899965137243,4.0,5.12619991786778,3.0968000646680593,0.7174999918788671,0.000400003045797348
2,28,137,-1.5972585343479553,0,0,3.0,3.0,0.7449215054512024,0.5039515495300293,0.5106666684150696,1.0,1.0,1.0,0.5659899711608887,1.0,1.0,0.5957991480827332,0.5328938364982605,0.5357308983802795,0.5039515495300293,0.5039515495300293,1.0,0.5659899711608887,0.5328938364982605,1.0,0.15807004272937775,1.0,1.0,0.9949721097946167,0.12370848655700684,0.5277183055877686,0.4545454680919647,-0.040203262120485306,0.00434537697583437,-0.9999905824661255,0.0,0.0843118280172348,-0.03063736855983734,1.0,-0.0053652068600058556,1.0,189.4049835205078,12.59878921508789,12.59878921508789,25.0,13.322345733642578,14.149748802185059,0.0843118280172348,0.9156881719827652,0.5039515686035156,0.5039515686035156,1.0,0.0,0.0,0.0,1.0,-0.46666231096639094,0.5156421637358337,-1.3657052789595032,-0.2805331081578949,0.0,-0.0,-0.008418961757186195,-0.0010448600508138673,0.0,0.15,-0.0,0.0,0.0,-0.0,0.0,0.1444708548094097,-0.0,0.25,0.0,0.0,0.0,0.1444708548094097,-0.0,0.0,-0.0017667691021008016,-0.03070314943451365,-0.00638587688068748,0.3048026882112026,-0.0,0.03364528073325346,0.0,0.033337689033609064,-0.0,0.009185791015625,0.009185791015625,1.5,0.13429472104049675,0.09644128382205963,-3.0,0.0,-0.018919279921001623,-0.0,-0.0,0.0,0.0,-0.0,-0.002239172530103569,-0.21437465391865032,-0.0,0.0,-0.003990767989307642,0.0,0.12262496245093644,-0.04500000178813934,-0.0,-0.0,0.0,0.0,0.0,0.0,0.0,0.0,0.0,0.09644128382205963,8.828997296467424,32.4,0.7326086850269979,0.0,0.25,0.699999988079071,3.0,3.0,0.25,0.699999988079071,0.25,0.699999988079071,0.25,4.0,1.0,0.0,0.0,0.25,0.25,0.0,0.0,0.0,0.0,0.0,0.0,0.0,0.0,0.0,0.0,0.0,0.0,0.0,0.0,0.0,0.0,0.0,0.0,0.0,0.0,0.0,0.0,0.0,0.0,0.0,0.0,28.0,28.0,28.0,0.0,0.0,0.0,0.0,0.0,1.0,0.0,1.0,0.0,0.0,0.0,1.12,31.239300034940243,0.39160007145255804,0.000500003807246685,22.261699894443154,16.444799955934286,4.0,4.551499965600669,3.3521000295877457,0.6537999724969268,0.000500003807246685
2,29,138,-3.0210616306798195,0,0,3.0,3.0,0.7449215054512024,0.5039515495300293,0.5106666684150696,1.0,1.0,1.0,0.5659899711608887,1.0,1.0,0.5957991480827332,0.5328938364982605,0.5357308983802795,0.5039515495300293,0.5039515495300293,1.0,0.5659899711608887,0.5328938364982605,1.0,0.15887387096881866,1.0,1.0,0.9949212074279785,0.12612853944301605,0.14705131947994232,0.4545454680919647,-0.040203262120485306,0.0090958122164011,-0.9999586343765259,0.0,0.0843118280172348,-0.03063736855983734,1.0,-0.020950855687260628,1.0,189.41380310058594,12.428086280822754,12.428086280822754,25.0,13.343426704406738,14.198562622070312,0.09629050642251968,0.9037094935774803,0.49712345123291013,0.49712345123291013,1.0,0.0,0.0,0.0,1.0,-0.470820882434403,0.5909618842558257,-2.914184453796675,-0.22701817870456728,0.0,-0.0,-0.00836118737448812,-0.0010246564911416745,-0.014820575714111328,0.15,-0.0,0.0,0.0,-0.0,0.0,0.19490739546324076,-0.0,0.25,0.0,0.0,0.0,0.19490739546324076,-0.0,0.0,-0.004525071458410436,-0.04221872167913917,-0.012364160107918298,0.3125888291746378,-0.0,0.03188135298387351,-0.00244140625,0.03162052381559699,-0.0,0.008819580078125,0.008819580078125,-0.05,0.135815546203325,0.09861503541469574,-3.0,0.0,-0.01945342166987913,-0.0,-0.0,0.0,0.0,-0.0,-0.002920636362800029,-0.2046441206718881,-0.0,0.0,-0.003989686258137226,0.0,0.12608699230477213,-0.0,-0.0,-0.0,0.0,0.0,0.0,0.0,0.0,0.0,0.0,0.09861503541469574,9.078263445943595,32.4,0.7326086850269979,0.0,0.25,0.699999988079071,3.0,3.0,0.25,0.699999988079071,0.25,0.699999988079071,0.25,5.0,1.0,0.0,0.0,0.25,0.25,0.0,0.0,0.0,0.0,0.0,0.0,0.0,0.0,0.0,0.0,0.0,0.0,0.0,0.0,0.0,0.0,0.0,0.0,0.0,0.0,0.0,0.0,0.0,0.0,0.0,0.0,28.0,28.0,28.0,0.0,0.0,0.0,0.0,0.0,1.0,0.0,1.0,0.0,0.0,0.0,1.16,40.6431999290362,0.6235999753698707,0.000800006091594696,30.392399989068508,21.368099958635867,4.0,5.095900036394596,3.7767000030726194,0.7283999584615231,0.000500003807246685
2,30,139,-3.1712312485001766,0,0,3.0,0.0,0.7281466126441956,0.49712345004081726,0.504513680934906,1.0,1.0,1.0,0.5679425001144409,1.0,1.0,0.5941903591156006,0.533737063407898,0.5370386242866516,0.49712345004081726,0.49712345004081726,1.0,0.5679425001144409,0.533737063407898,1.0,0.1596958041191101,1.0,1.0,0.9948688745498657,0.12968948483467102,0.2163768708705902,0.4545454680919647,-0.07289573550224304,0.015073650516569614,-0.9998863935470581,0.0,0.09629050642251968,-0.03389406576752663,1.0,-0.03955407068133354,1.0,189.4217529296875,12.428086280822754,12.428086280822754,25.0,13.343426704406738,14.198562622070312,0.09629050642251968,0.9037094935774803,0.49712345123291013,0.49712345123291013,1.0,0.0,0.0,0.0,1.0,-0.4715553631906738,0.41756905640320513,-2.9189105799912123,-0.19833436172149543,0.0,-0.0,-0.00836118737448812,-0.0010246564911416745,0.0,0.15,-0.0,0.0,0.0,-0.0,0.0,0.12993826364216052,-0.09095678454951235,0.25,0.0,0.0,0.3333333333333333,0.12993826364216052,-0.0,0.0,-0.006808935821323976,-0.0,-0.018822577240052762,0.3125888291746378,-0.0,0.02873734412560225,0.0,0.028444636809326213,-0.0,0.0079498291015625,0.0079498291015625,-0.05,0.1310894200087875,0.09518341720104218,-3.0,0.0,-0.01833435456893806,-0.0,-0.0,0.0,0.0,0.0,0.0,0.0,-0.0,0.0,-0.003989686258137226,0.0,0.11883377961348746,-0.18000000715255737,-0.0,-0.0,0.0,0.0,0.0,0.0,0.0,0.0,0.0,0.09518341720104218,8.556032132171095,0.0,0.0,0.45652173913043476,0.25,-0.5,3.0,0.0,0.25,-0.5,0.25,-0.5,0.25,6.0,1.0,0.0,0.0,0.25,0.25,0.0,0.0,0.0,0.0,0.0,0.0,0.0,0.0,0.0,0.0,0.0,0.0,0.0,0.0,0.0,0.0,0.0,0.0,0.0,0.0,0.0,0.0,0.0,0.0,0.0,0.0,28.0,28.0,28.0,0.0,0.0,0.0,0.0,0.0,1.0,0.0,1.0,0.0,0.0,0.0,1.2,28.68540002964437,0.5661000031977892,0.000700005330145359,20.089900004677474,16.188599984161556,4.0,4.375500022433698,2.9862000374123454,0.6427000043913722,0.000300002284348011
2,31,140,-3.1466104285037204,0,0,3.0,3.0,0.7281466126441956,0.49712345004081726,0.504513680934906,1.0,1.0,1.0,0.5679425001144409,1.0,1.0,0.5941903591156006,0.533737063407898,0.5370386242866516,0.49712345004081726,0.49712345004081726,1.0,0.5679425001144409,0.533737063407898,1.0,0.16048899292945862,1.0,1.0,0.9948180913925171,0.12222903221845627,-0.4533258080482483,0.4545454680919647,-0.07289573550224304,0.02153097465634346,-0.9997681975364685,0.0,0.09629050642251968,-0.03389406576752663,1.0,-0.06021513044834137,1.0,189.42877197265625,12.253769874572754,12.253769874572754,25.0,13.357269287109375,14.251771926879883,0.10872870683670044,0.8912712931632996,0.49015079498291014,0.49015079498291014,1.0,0.0,0.0,0.0,1.0,-0.4936393916464652,0.6662824045404613,-2.9220670461289133,-0.39718639526880284,0.0,-0.0,-0.008323470692895617,-0.0010030784325756972,-0.019937133789062495,0.15,-0.0,0.0,0.0,-0.0,0.0,0.24727876562821238,-0.0,0.25,0.0,0.0,0.0,0.24727876562821238,-0.0,0.0,-0.011523091147824314,-0.05461242227073523,-0.025663575237694136,0.3206736594438553,-0.0,0.02502348601410631,-0.0185546875,0.024915295853534802,-0.0,0.00701904296875,0.00701904296875,-0.05,0.12793295387108683,0.09397362172603607,-3.0,0.0,-0.018683006350563042,-0.0,-0.0,0.0,0.0,-0.0,-0.0037239084190522783,-0.19477947334663018,-0.0,0.0,-0.003969490062445402,0.0,0.12109355967957527,-0.18000000715255737,-0.0,-0.0,0.0,0.0,0.0,0.0,0.0,0.0,0.0,0.09397362172603607,8.71873629692942,32.4,0.7326086850269979,0.0,0.25,0.699999988079071,3.0,3.0,0.25,0.699999988079071,0.25,0.699999988079071,0.25,7.0,1.0,0.0,0.0,0.25,0.25,0.0,0.0,0.0,0.0,0.0,0.0,0.0,0.0,0.0,0.0,0.0,0.0,0.0,0.0,0.0,0.0,0.0,0.0,0.0,0.0,0.0,0.0,0.0,0.0,0.0,0.0,28.0,28.0,28.0,0.0,0.0,0.0,0.0,0.0,1.0,0.0,1.0,0.0,0.0,0.0,1.24,38.12609997112304,0.6087999790906906,0.000600004568696022,31.584299984388053,22.55910006351769,4.0,2.8518999461084604,2.166599966585636,0.8895000210031867,0.000500003807246685
2,32,141,-2.7089640816697402,0,0,3.0,1.0,0.7094431519508362,0.4901508092880249,0.4984276592731476,1.0,1.0,1.0,0.5700708627700806,1.0,1.0,0.5915998220443726,0.5342907905578613,0.5383121371269226,0.4901508092880249,0.4901508092880249,1.0,0.5700708627700806,0.5342907905578613,1.0,0.161271870136261,1.0,1.0,0.9947676658630371,0.1245533749461174,0.14123626053333282,0.4545454680919647,-0.08216606080532074,0.028369829058647156,-0.9995974898338318,0.0,0.10872870683670044,-0.03656824678182602,1.0,-0.08003019541501999,1.0,189.43539428710938,12.0823335647583,12.0823335647583,25.0,13.366645812988281,14.307147026062012,0.12106838077306747,0.8789316192269325,0.483293342590332,0.483293342590332,1.0,0.0,0.0,0.0,1.0,-0.47959104184438706,0.8168837786574188,-2.922578063005701,-0.1236787554770708,0.0,-0.0,-0.008298021299122032,-0.0009811044660207175,-0.021779632568359374,0.15,-0.0,0.0,0.0,-0.0,0.0,0.2992352874655473,-0.0,0.25,0.0,0.0,0.0,0.2992352874655473,-0.0,0.0,-0.017490434386789093,-0.0,-0.03299674589158963,0.3286944475024939,-0.0,0.023282246261260298,-0.0029296875,0.023338645655612972,-0.0,0.006622314453125,0.006622314453125,-0.05,0.12742193699429857,0.09469259530305862,-3.0,0.0,-0.018678757265210153,-0.0,-0.0,0.0,0.0,0.0,0.0,0.0,-0.0,0.0,-0.004103622864931822,0.0,0.12106601931154731,-0.10499999821186065,-0.0,-0.0,0.0,0.0,0.0,0.0,0.0,0.0,0.0,0.09469259530305862,8.716753390431405,0.0,0.0,0.0,0.25,0.0,3.0,1.0,0.25,0.0,0.25,0.0,0.25,8.0,1.0,0.0,0.0,0.25,0.25,0.0,0.0,0.0,0.0,0.0,0.0,0.0,0.0,0.0,0.0,0.0,0.0,0.0,0.0,0.0,0.0,0.0,0.0,0.0,0.0,0.0,0.0,0.0,0.0,0.0,0.0,28.0,28.0,28.0,0.0,0.0,0.0,0.0,0.0,1.0,0.0,1.0,0.0,0.0,0.0,1.28,49.388199928216636,0.46989996917545795,0.000600004568696022,42.48319996986538,36.62270004861057,4.0,3.963200026191771,1.8208000110462308,0.5871000466868281,0.00019988510757684708
2,33,142,-2.781993447708902,0,0,3.0,2.0,0.6904245018959045,0.483293354511261,0.49255287647247314,1.0,1.0,1.0,0.5722858905792236,1.0,1.0,0.5885865688323975,0.5346658229827881,0.5395954251289368,0.483293354511261,0.483293354511261,1.0,0.5722858905792236,0.5346658229827881,1.0,0.16206057369709015,1.0,1.0,0.9947165846824646,0.1245250478386879,-0.0017212729435414076,0.4545454680919647,-0.09287998825311661,0.03569921851158142,-0.999362587928772,0.0,0.12106838077306747,-0.038565851747989655,1.0,-0.10038729012012482,1.0,189.4413299560547,12.0823335647583,12.0823335647583,25.0,13.366645812988281,14.307147026062012,0.12106838077306747,0.8789316192269325,0.483293342590332,0.483293342590332,1.0,0.0,0.0,0.0,1.0,-0.4790119861470189,0.8029197664951818,-2.921709148445411,-0.18419207961165346,0.0,-0.0,-0.008298021299122032,-0.0009811044660207175,0.0,0.15,-0.0,0.0,0.0,-0.0,0.0,0.2992352874655473,-0.0,0.25,0.0,0.0,0.0,0.2992352874655473,-0.0,0.0,-0.02155975021443438,-0.03367363231278079,-0.04054323781556368,0.3286944475024939,-0.0,0.020868188469194138,0.0,0.020988013852981102,-0.0,0.0059356689453125,0.0059356689453125,-0.05,0.12829085155458922,0.09533832222223282,-3.0,0.0,-0.018987221219869597,-0.0,-0.017779422013239735,0.0,0.0,-0.0,-0.002308564530309841,-0.09261687274230396,-0.0,0.0,-0.004103622864931822,0.0,0.12306532272137703,-0.052499999105930326,-0.0,-0.0,0.0,0.0,0.0,0.0,0.0,0.0,0.0,0.09533832222223282,8.860703235939146,23.26086922832157,0.4206521686004555,0.0,0.25,0.3499999940395355,3.0,2.0,0.25,0.3499999940395355,0.25,0.3499999940395355,0.25,9.0,1.0,0.0,0.0,0.25,0.25,0.0,0.0,1.0,8.0,0.0,0.0,0.0,0.0,0.0,0.0,0.0,0.0,0.0,0.0,0.0,0.0,0.0,0.0,0.0,0.0,0.0,0.0,0.0,0.0,0.0,0.0,28.0,28.0,28.0,0.0,0.0,0.0,0.0,0.0,1.0,0.0,1.0,0.0,0.0,0.0,1.32,48.21500007528812,0.4008000250905752,0.000600004568696022,39.3544000107795,15.085099963471293,4.0,4.6119000762701035,3.1120000639930367,0.7063000230118632,0.000400003045797348
2,34,143,-2.847366896177621,0,0,3.0,3.0,0.6904245018959045,0.483293354511261,0.49255287647247314,1.0,1.0,1.0,0.5722858905792236,1.0,1.0,0.5885865688323975,0.5346658229827881,0.5395954251289368,0.483293354511261,0.483293354511261,1.0,0.5722858905792236,0.5346658229827881,1.0,0.1628543734550476,1.0,1.0,0.9946649074554443,0.12658147513866425,0.12495646625757217,0.4545454680919647,-0.09287998825311661,0.043239813297986984,-0.9990647435188293,0.0,0.12106838077306747,-0.038565851747989655,1.0,-0.12334628403186798,1.0,189.4467315673828,11.907563209533691,11.907563209533691,25.0,13.375967979431152,14.366305351257324,0.1345188021659851,0.8654811978340149,0.4763025283813477,0.4763025283813477,1.0,0.0,0.0,0.0,1.0,-0.4811406039718936,0.8426882184245069,-2.9207370857473234,-0.2881774248829111,0.0,-0.0,-0.008272798174875012,-0.0009581607995811713,-0.021310043334960935,0.15,-0.0,0.0,0.0,-0.0,0.0,0.3558686406988847,-0.0,0.25,0.0,0.0,0.0,0.3558686406988847,-0.0,0.0,-0.0299688330834256,-0.08172684802929961,-0.04839638204706587,0.33743722140789034,-0.0,0.018699972169997636,0.0,0.01885939602810638,-0.0,0.005401611328125,0.005401611328125,-0.05,0.12926291425267641,0.09730073809623718,-3.0,0.0,-0.019487735314693836,-0.0,-0.03538772913252996,0.0,0.0,-0.0,-0.005700021965823206,-0.17510193936393378,-0.0,0.0,-0.003121775109320879,0.0,0.1263093955582008,-0.052499999105930326,-0.0,-0.0,0.0,0.0,0.0,0.0,0.0,0.0,0.0,0.09730073809623718,9.094276480190457,32.4,0.7326086850269979,0.0,0.25,0.699999988079071,3.0,3.0,0.25,0.699999988079071,0.25,0.699999988079071,0.25,10.0,1.0,0.0,0.0,0.25,0.25,0.0,0.0,1.0,8.0,0.0,0.0,0.0,0.0,0.0,0.0,0.0,0.0,0.0,0.0,0.0,0.0,0.0,0.0,0.0,0.0,0.0,0.0,0.0,0.0,0.0,0.0,28.0,28.0,28.0,0.0,0.0,0.0,0.0,0.0,1.0,0.0,1.0,0.0,0.0,0.0,1.36,54.153400007635355,0.6491000531241298,0.0005998881533741951,45.01730005722493,21.31129999179393,4.0,4.645800101570785,3.115599974989891,0.6842999719083309,0.000500003807246685
2,35,144,-2.793800049742259,0,0,3.0,3.0,0.671292245388031,0.47630253434181213,0.6389837861061096,1.0,1.0,1.0,0.5746521949768066,1.0,1.0,0.5853695273399353,0.5350387096405029,0.5409445762634277,0.47630253434181213,0.47630253434181213,1.0,0.5746521949768066,0.5350387096405029,1.0,0.16366425156593323,1.0,1.0,0.9946118593215942,0.12991823256015778,0.20275455713272095,0.4545454680919647,-0.09875217080116272,0.05108419805765152,-0.9986943602561951,0.0,0.1345188021659851,-0.03467749059200287,1.0,-0.14342336356639862,1.0,189.45159912109375,11.907563209533691,11.907563209533691,25.0,13.375967979431152,14.366305351257324,0.1345188021659851,0.8654811978340149,0.4763025283813477,0.4763025283813477,1.0,0.0,0.0,0.0,1.0,-0.48295716994261784,0.8619392217592554,-2.917584262455085,-0.2551978391038116,0.0,-0.0,-0.008272798174875012,-0.0009581607995811713,0.0,0.15,-0.0,0.0,0.0,-0.0,0.0,0.3558686406988847,-0.0,0.25,0.0,0.0,0.0,0.3558686406988847,-0.0,0.0,-0.03520704358226251,-0.08172684802929961,-0.056568374865700655,0.33743722140789034,-0.0,0.016851104865054367,0.0,0.017042830057382163,-0.0,0.0048675537109375,0.0048675537109375,-0.05,0.13241573754491515,0.09967397898435593,-3.0,0.0,-0.019978235905910174,-0.0,-0.05441764186814444,0.0,0.0,-0.0,-0.005700021965823206,-0.17510193936393378,-0.0,0.0,-0.003121775109320879,0.0,0.1294885660568252,-0.0,-0.0,-0.0,0.0,0.0,0.0,0.0,0.0,0.0,0.0,0.09967397898435593,9.323176756091415,32.4,0.7326086850269979,0.0,0.25,0.699999988079071,3.0,3.0,0.25,0.699999988079071,0.25,0.699999988079071,0.25,11.0,1.0,0.0,0.0,0.25,0.25,0.0,0.0,1.0,8.0,0.0,0.0,0.0,0.0,0.0,0.0,0.0,0.0,0.0,0.0,0.0,0.0,0.0,0.0,0.0,0.0,0.0,0.0,0.0,0.0,0.0,0.0,28.0,28.0,28.0,0.0,0.0,0.0,0.0,0.0,1.0,0.0,1.0,0.0,0.0,0.0,1.4,9.20670002233237,0.417000032030046,0.000400003045797348,3.751999931409955,1.2848000042140484,4.0,2.648700028657913,1.9020000472664833,0.4697999684140086,0.000300002284348011
2,36,145,0.49212695900601716,0,0,3.0,3.0,0.671292245388031,0.47630253434181213,0.6389837861061096,1.0,1.0,1.0,0.5746521949768066,1.0,1.0,0.5853695273399353,0.5350387096405029,0.5409445762634277,0.47630253434181213,0.47630253434181213,1.0,0.5746521949768066,0.5350387096405029,1.0,0.16449353098869324,1.0,1.0,0.99455726146698,0.13318823277950287,0.19869816303253174,0.4545454680919647,-0.09875217080116272,0.05924372375011444,-0.9982435703277588,0.0,0.1345188021659851,-0.03467749059200287,1.0,-0.16764117777347565,1.0,189.45579528808594,11.723470687866211,11.723470687866211,25.0,13.380670547485352,14.430085182189941,0.1485123336315155,0.8514876663684845,0.46893882751464844,0.46893882751464844,1.0,0.0,0.0,0.0,1.0,-0.47339008419067197,0.9259552939637563,0.28370737356546816,-0.26414562433253536,0.02,-0.0,-0.008260104077036997,-0.0009340254448728961,-0.025953769683837887,0.15,-0.0,0.0,0.0,-0.0,0.0,0.4132960488667814,-0.003134721068948705,0.2519793167710304,0.0,0.003598757765509845,0.0,0.4147887731853284,-0.0,0.0,-0.046139390677758255,-0.09723886152544173,-0.06500237543515208,0.3465330168604851,-0.0,0.014291937759480788,0.01205719840072561,0.014552717408602422,-0.0,0.0041961669921875,0.0041961669921875,-0.05,0.13370737356546814,0.10201632976531982,0.2,0.0,-0.020449249442294242,-0.0,-0.07188530813311181,0.0,0.0,-0.0,-0.006947612552496611,-0.1648634542046327,-0.0,0.0,-0.0030100871808826923,0.0,0.13254143157042564,-0.0,-0.0,-0.0,0.02,0.0,0.0,0.0,0.0,0.0,0.0,0.10201632976531982,9.542983073070646,32.4,0.7326086850269979,0.0,0.25,0.699999988079071,3.0,3.0,0.25,0.699999988079071,0.25,0.699999988079071,0.25,12.0,1.0,0.0,0.0,0.25,0.25,0.0,0.0,1.0,8.0,0.0,0.0,0.0,0.0,0.0,0.0,0.0,0.0,0.0,0.0,0.0,0.0,0.0,0.0,0.0,0.0,0.0,0.0,0.0,0.0,0.0,0.0,28.0,28.0,28.0,0.0,0.0,0.0,0.0,0.0,1.0,0.0,1.0,0.0,0.0,0.0,1.44,53.412299952469766,0.4067999543622136,0.000400003045797348,44.0958000253886,21.97080000769347,4.0,4.770600004121661,3.3896000823006034,0.7220999104902148,0.000300002284348011
2,37,146,0.4826526882472062,0,0,3.0,3.0,0.6518461108207703,0.46893882751464844,0.634555995464325,1.0,1.0,1.0,0.5772033929824829,1.0,1.0,0.5819916725158691,0.5352268218994141,0.5424164533615112,0.46893882751464844,0.46893882751464844,1.0,0.5772033929824829,0.5352268218994141,1.0,0.16534191370010376,1.0,1.0,0.9945010542869568,0.13632832467556,0.19080409407615662,0.4545454680919647,-0.10493939369916916,0.06766070425510406,-0.9977083802223206,0.0,0.1485123336315155,-0.03496905416250229,1.0,-0.1875791698694229,1.0,189.4592742919922,11.723470687866211,11.723470687866211,25.0,13.380670547485352,14.430085182189941,0.1485123336315155,0.8514876663684845,0.46893882751464844,0.46893882751464844,1.0,0.0,0.0,0.0,1.0,-0.48798247587384974,0.9484404019664129,0.28674569014390094,-0.28455092798925796,0.02,-0.0,-0.008260104077036997,-0.0009340254448728961,0.0,0.15,-0.0,0.0,0.0,-0.0,0.0,0.4132960488667814,-0.003134721068948705,0.2519793167710304,0.0,0.003598757765509845,0.0,0.4147887731853284,-0.0,0.0,-0.05253267190416832,-0.09723886152544173,-0.0736687814680317,0.3465330168604851,-0.0,0.011849315669678617,0.0,0.012017524126150259,-0.0,0.00347900390625,0.00347900390625,-0.05,0.13674569014390095,0.1043345108628273,0.2,0.0,-0.020900476457843823,-0.0,-0.09183938477428484,0.0,0.0,-0.0,-0.006947612552496611,-0.1648634542046327,-0.0,0.0,-0.0030100871808826923,0.0,0.13546605111565443,-0.0,-0.0,-0.0,0.02,0.0,0.0,0.0,0.0,0.0,0.0,0.1043345108628273,9.753555680327118,32.4,0.7326086850269979,0.0,0.25,0.699999988079071,3.0,3.0,0.25,0.699999988079071,0.25,0.699999988079071,0.25,13.0,1.0,0.0,0.0,0.25,0.25,0.0,0.0,1.0,8.0,0.0,0.0,0.0,0.0,0.0,0.0,0.0,0.0,0.0,0.0,0.0,0.0,0.0,0.0,0.0,0.0,0.0,0.0,0.0,0.0,0.0,0.0,28.0,28.0,28.0,0.0,0.0,0.0,0.0,0.0,1.0,0.0,1.0,0.0,0.0,0.0,1.48,30.829499941319227,0.6618000334128737,0.000600004568696022,20.55460005067289,14.979000086896122,4.0,4.9437000416219234,3.7740999832749367,0.8630999363958836,0.000500003807246685
2,38,147,0.6156768196194091,0,0,3.0,3.0,0.6518461108207703,0.46893882751464844,0.634555995464325,1.0,1.0,1.0,0.5772033929824829,1.0,1.0,0.5819916725158691,0.5352268218994141,0.5424164533615112,0.46893882751464844,0.46893882751464844,1.0,0.5772033929824829,0.5352268218994141,1.0,0.16620908677577972,1.0,1.0,0.9944432973861694,0.1393365114927292,0.18278871476650238,0.4545454680919647,-0.10493939369916916,0.0763045996427536,-0.9970845580101013,0.0,0.1485123336315155,-0.03496905416250229,1.0,-0.21258805692195892,1.0,189.46192932128906,11.533637046813965,11.533637046813965,25.0,13.385400772094727,14.497893333435059,0.16292276978492737,0.8370772302150726,0.4613454818725586,0.4613454818725586,1.0,0.0,0.0,0.0,1.0,-0.48890965843938206,1.0025634976389746,0.28780581362396174,-0.20578283320414514,0.02,-0.0,-0.00824735538155963,-0.0009090321119801255,-0.02604265213012695,0.15,-0.0,0.0,0.0,-0.0,0.0,0.46939307347104536,-0.012749562756478395,0.2570229694247246,0.0,0.012769035317681051,0.0,0.47546429383127314,-0.0,0.0,-0.06599658171766491,-0.1138011382959213,-0.08254970712501386,0.3558998003602028,-0.0,0.008889858279871987,0.002043645581579767,0.009046695979038177,-0.0,0.002655029296875,0.002655029296875,-0.05,0.13780581362396171,0.10663827508687973,0.2,0.0,-0.02134216355330178,-0.0,-0.10875939994698108,0.0,0.0,-0.0,-0.01710689053608876,-0.0585743791677735,-0.0,0.0,-0.0028763851150870323,0.0,0.1383288378454745,-0.0,-0.0,-0.0,0.02,0.0,0.0,0.0,0.0,0.0,0.0,0.10663827508687973,9.959676324874163,32.4,0.7326086850269979,0.0,0.25,0.699999988079071,3.0,3.0,0.25,0.699999988079071,0.25,0.699999988079071,0.25,14.0,1.0,0.0,0.0,0.25,0.25,0.0,0.0,1.0,8.0,0.0,0.0,0.0,0.0,0.0,0.0,0.0,0.0,0.0,0.0,0.0,0.0,0.0,0.0,0.0,0.0,0.0,0.0,0.0,0.0,0.0,0.0,28.0,28.0,28.0,0.0,0.0,0.0,0.0,0.0,1.0,0.0,1.0,0.0,0.0,0.0,1.52,46.02639994118363,0.4854999715462327,0.000500003807246685,35.94339999835938,25.131799979135394,4.0,5.409499979577959,3.3840000396594405,0.7820000173524022,0.0002998858690261841
2,39,148,0.7175918541781962,0,0,3.0,2.0,0.6321830749511719,0.46134549379348755,0.6299512982368469,1.0,1.0,1.0,0.5799157619476318,1.0,1.0,0.5784977078437805,0.5354160070419312,0.5439894199371338,0.46134549379348755,0.46134549379348755,1.0,0.5799157619476318,0.5354160070419312,1.0,0.1670948565006256,1.0,1.0,0.9943838715553284,0.14228108525276184,0.17892417311668396,0.4545454680919647,-0.10989004373550415,0.08515650779008865,-0.9963675737380981,0.0,0.16292276978492737,-0.03462046757340431,1.0,-0.23194648325443268,1.0,189.4637451171875,11.339017868041992,11.339017868041992,25.0,13.385909080505371,14.568778991699219,0.17766571044921875,0.8223342895507812,0.4535607147216797,0.4535607147216797,1.0,0.0,0.0,0.0,1.0,-0.49391524818804555,1.1400816053879888,0.2878218631247549,-0.23639636614650195,0.02,-0.0,-0.008245986606580397,-0.0008836191614384128,-0.0296248435974121,0.15,-0.0,0.0,0.0,-0.0,0.0,0.5256328387988028,-0.025004688810343213,0.26218299865722655,0.0,0.022150906649502818,0.0,0.5375398334703948,-0.0,0.0,-0.08080640514156467,-0.06568156746870356,-0.09160437353499118,0.3654827117919922,-0.0,0.005972764920443296,0.0,0.0060847518119544475,-0.0,0.0018157958984375,0.0018157958984375,-0.05,0.1378218631247549,0.10822492092847824,0.2,0.0,-0.021562381500564515,-0.0,-0.12371934631638187,0.0,0.0,-0.0,-0.00932744963973846,-0.02928718958388675,-0.0,0.0,-0.0026001324877142906,0.0,0.13975617639254778,-0.052499999105930326,-0.0,-0.0,0.02,0.0,0.0,0.0,0.0,0.0,0.0,0.10822492092847824,10.062444700263441,23.26086922832157,0.4206521686004555,0.0,0.25,0.3499999940395355,3.0,2.0,0.25,0.3499999940395355,0.25,0.3499999940395355,0.25,15.0,1.0,0.0,0.0,0.25,0.25,0.0,0.0,1.0,8.0,0.0,0.0,0.0,0.0,0.0,0.0,0.0,0.0,0.0,0.0,0.0,0.0,0.0,0.0,0.0,0.0,0.0,0.0,0.0,0.0,0.0,0.0,28.0,28.0,28.0,0.0,0.0,0.0,0.0,0.0,1.0,0.0,1.0,0.0,0.0,0.0,1.56,50.87519995868206,0.3885999321937561,0.000400003045797348,41.41000006347895,22.978599998168647,4.0,4.928700043819845,3.3959998982027173,0.7093000458553433,0.000300002284348011
2,40,149,0.615250569466,0,0,3.0,3.0,0.6124224662780762,0.4535607099533081,0.6252260208129883,1.0,1.0,1.0,0.5827511548995972,1.0,1.0,0.574916660785675,0.5354363918304443,0.5456482768058777,0.4535607099533081,0.4535607099533081,1.0,0.5827511548995972,0.5354363918304443,1.0,0.16799309849739075,1.0,1.0,0.9943232536315918,0.1437492072582245,0.08920866250991821,0.4545454680919647,-0.1137688010931015,0.09417467564344406,-0.9955556988716125,0.0,0.17766571044921875,-0.03369433805346489,1.0,-0.250639408826828,1.0,189.46453857421875,11.339017868041992,11.339017868041992,25.0,13.385909080505371,14.568778991699219,0.17766571044921875,0.8223342895507812,0.4535607147216797,0.4535607147216797,1.0,0.0,0.0,0.0,1.0,-0.4973261368177191,1.0984130998345467,0.2902097331280686,-0.29604612667889624,0.02,-0.0,-0.008245986606580397,-0.0008836191614384128,0.0,0.15,-0.0,0.0,0.0,-0.0,0.0,0.5256328387988028,-0.025004688810343213,0.26218299865722655,0.0,0.022150906649502818,0.0,0.5375398334703948,-0.0,0.0,-0.08930062633647479,-0.13136313493740712,-0.10077959207828258,0.3654827117919922,-0.0,0.002609947696328163,0.0,0.002673863182280911,-0.0,0.00079345703125,0.00079345703125,-0.05,0.1402097331280686,0.11010000109672546,0.2,0.0,-0.022007100739675975,-0.0,-0.1443097483860395,0.0,0.0,-0.0,-0.01865489927947692,-0.0585743791677735,-0.0,0.0,-0.0026001324877142906,0.0,0.14263861590530724,-0.052499999105930326,-0.0,-0.0,0.02,0.0,0.0,0.0,0.0,0.0,0.0,0.11010000109672546,10.269980345182121,32.4,0.7326086850269979,0.0,0.25,0.699999988079071,3.0,3.0,0.25,0.699999988079071,0.25,0.699999988079071,0.25,16.0,1.0,0.0,0.0,0.25,0.25,0.0,0.0,1.0,8.0,0.0,0.0,0.0,0.0,0.0,0.0,0.0,0.0,0.0,0.0,0.0,0.0,0.0,0.0,0.0,0.0,0.0,0.0,0.0,0.0,0.0,0.0,28.0,28.0,28.0,0.0,0.0,0.0,0.0,0.0,1.0,0.0,1.0,0.0,0.0,0.0,1.6,47.47809993568808,0.5677998997271061,0.000500003807246685,37.99109999090433,14.32419999036938,4.0,4.664300009608269,3.5087999422103167,0.7169999880716205,0.000500003807246685
2,41,150,0.7570176255020213,0,0,3.0,3.0,0.6124224662780762,0.4535607099533081,0.6252260208129883,1.0,1.0,1.0,0.5827511548995972,1.0,1.0,0.574916660785675,0.5354363918304443,0.5456482768058777,0.4535607099533081,0.4535607099533081,1.0,0.5827511548995972,0.5354363918304443,1.0,0.1689060479402542,1.0,1.0,0.9942612648010254,0.1467140018939972,0.18015247583389282,0.4545454680919647,-0.1137688010931015,0.10330501943826675,-0.9946497082710266,0.0,0.17766571044921875,-0.03369433805346489,1.0,-0.2757438123226166,1.0,189.46437072753906,11.135231018066406,11.135231018066406,25.0,13.384214401245117,14.642127990722656,0.1937842220067978,0.8062157779932022,0.44540924072265625,0.44540924072265625,1.0,0.0,0.0,0.0,1.0,-0.4986614228328108,1.1444216592159688,0.29085888272738086,-0.19960149360851753,0.02,-0.0,-0.008250550948330224,-0.0008580707517619865,-0.03199981689453124,0.15,-0.0,0.0,0.0,-0.0,0.0,0.5857871268488014,-0.04120225978288713,0.2678244777023792,0.0,0.03240814127705312,0.0,0.6054072505549382,-0.0,0.0,-0.10737400925897433,-0.15127847451518184,-0.1101725549375554,0.3759597443044186,-0.0,-0.0013427734375,0.0019683002392412163,-0.000629723072052002,-0.0,-0.0001678466796875,-0.0001678466796875,-0.05,0.14085888272738087,0.11242402344942093,0.2,0.0,-0.02246048595256039,-0.0,-0.15926131441658478,0.0,0.0,-0.0,0.04069468592840115,-0.0585743791677735,-0.0,0.0,-0.001386759802699089,0.0,0.14557722376659513,-0.0,-0.0,-0.0,0.02,0.0,0.0,0.0,0.0,0.0,0.0,0.11242402344942093,10.481560111194849,32.4,0.7326086850269979,0.0,0.25,0.699999988079071,3.0,3.0,0.25,0.699999988079071,0.25,0.699999988079071,0.25,17.0,1.0,0.0,0.0,0.25,0.25,0.0,0.0,1.0,8.0,0.0,0.0,0.0,0.0,0.0,0.0,0.0,0.0,0.0,0.0,0.0,0.0,0.0,0.0,0.0,0.0,0.0,0.0,0.0,0.0,0.0,0.0,28.0,28.0,28.0,0.0,0.0,0.0,0.0,0.0,1.0,0.0,1.0,0.0,0.0,0.0,1.64,51.05620005633682,0.5955999949947,0.000500003807246685,43.865300016477704,34.87139998469502,4.0,3.9173999102786183,1.952200080268085,0.685799983330071,0.000400003045797348
2,42,151,0.757052906160854,0,0,3.0,3.0,0.5928028225898743,0.44540923833847046,0.6204125285148621,1.0,1.0,1.0,0.585685133934021,1.0,1.0,0.5712816715240479,0.5353685617446899,0.5473743677139282,0.44540923833847046,0.44540923833847046,1.0,0.585685133934021,0.5353685617446899,1.0,0.16983738541603088,1.0,1.0,0.9941976070404053,0.14973656833171844,0.1836629956960678,0.4545454680919647,-0.11778764426708221,0.1126430332660675,-0.9936355352401733,0.0,0.1937842220067978,-0.024036899209022522,1.0,-0.29304349422454834,1.0,189.463134765625,11.135231018066406,11.135231018066406,25.0,13.384214401245117,14.642127990722656,0.1937842220067978,0.8062157779932022,0.44540924072265625,0.44540924072265625,1.0,0.0,0.0,0.0,1.0,-0.5048224255442619,1.169546960860161,0.2937728930999845,-0.2214445222550296,0.02,-0.0,-0.008250550948330224,-0.0008580707517619865,0.0,0.15,-0.0,0.0,0.0,-0.0,0.0,0.5857871268488014,-0.04120225978288713,0.2678244777023792,0.0,0.03240814127705312,0.0,0.6054072505549382,-0.0,0.0,-0.11727612414950411,-0.15127847451518184,-0.11977105686442169,0.3759597443044186,-0.0,-0.0098876953125,0.0,-0.004822425544261932,-0.0,-0.0012359619140625,-0.0012359619140625,-0.05,0.14377289309998448,0.11474978923797607,0.2,0.0,-0.02292760132561837,-0.0,-0.18063722769003887,0.0,0.0,-0.0,0.04069468592840115,-0.0585743791677735,-0.0,0.0,-0.001386759802699089,0.0,0.14860482340678577,-0.0,-0.0,-0.0,0.02,0.0,0.0,0.0,0.0,0.0,0.0,0.11474978923797607,10.699547285288574,32.4,0.7326086850269979,0.0,0.25,0.699999988079071,3.0,3.0,0.25,0.699999988079071,0.25,0.699999988079071,0.25,18.0,1.0,0.0,0.0,0.25,0.25,0.0,0.0,1.0,8.0,0.0,0.0,0.0,0.0,0.0,0.0,0.0,0.0,0.0,0.0,0.0,0.0,0.0,0.0,0.0,0.0,0.0,0.0,0.0,0.0,0.0,0.0,28.0,28.0,28.0,0.0,0.0,0.0,0.0,0.0,1.0,0.0,1.0,0.0,0.0,0.0,1.68,12.177300057373941,0.6617000326514244,0.000600004568696022,3.756999969482422,1.2817999813705683,4.0,4.4018999906256795,2.660500002093613,0.6738000083714724,0.000400003045797348
2,43,152,0.7811140245340026,0,0,3.0,3.0,0.5928028225898743,0.44540923833847046,0.6204125285148621,1.0,1.0,1.0,0.585685133934021,1.0,1.0,0.5712816715240479,0.5353685617446899,0.5473743677139282,0.44540923833847046,0.44540923833847046,1.0,0.585685133934021,0.5353685617446899,1.0,0.17078688740730286,1.0,1.0,0.9941322803497314,0.1528506726026535,0.189224973320961,0.4545454680919647,-0.11778764426708221,0.12217511236667633,-0.9925085306167603,0.0,0.1937842220067978,-0.024036899209022522,1.0,-0.3185741603374481,1.0,189.4608154296875,10.92190933227539,10.92190933227539,25.0,13.378188133239746,14.719090461730957,0.21041744947433472,0.7895825505256653,0.43687637329101564,0.43687637329101564,1.0,0.0,0.0,0.0,1.0,-0.5092422142624855,1.208418250411609,0.2942073156355123,-0.23226932725063323,0.02,-0.0,-0.008266802618881495,-0.0008320575165877733,-0.0339346694946289,0.15,-0.0,0.0,0.0,-0.0,0.0,0.6464026716574334,-0.060982363818770806,0.27364610731601713,0.0,0.04299292239275841,0.0,0.6754418925235147,-0.0,0.0,-0.1382399794388047,-0.17261251926157956,-0.12957388616313414,0.38677134215831754,-0.0,-0.0185546875,0.0,-0.009242214262485504,-0.0,-0.0023193359375,-0.0023193359375,-0.05,0.14420731563551228,0.11707821488380432,0.2,0.0,-0.023396686537404145,-0.0,-0.19448592518255442,0.0,0.0,-0.0,0.04418766363709885,-0.0585743791677735,-0.0,0.0,-0.0002031121402978897,0.0,0.15164519052021208,-0.0,-0.0,-0.0,0.02,0.0,0.0,0.0,0.0,0.0,0.0,0.11707821488380432,10.918453717455268,32.4,0.7326086850269979,0.0,0.25,0.699999988079071,3.0,3.0,0.25,0.699999988079071,0.25,0.699999988079071,0.25,19.0,1.0,0.0,0.0,0.25,0.25,0.0,0.0,1.0,8.0,0.0,0.0,0.0,0.0,0.0,0.0,0.0,0.0,0.0,0.0,0.0,0.0,0.0,0.0,0.0,0.0,0.0,0.0,0.0,0.0,0.0,0.0,28.0,28.0,28.0,0.0,0.0,0.0,0.0,0.0,1.0,0.0,1.0,0.0,0.0,0.0,1.72,54.285099962726235,0.623999978415668,0.000600004568696022,45.12839997187257,22.515300079248846,4.0,4.548599943518639,3.380600013770163,0.5773999728262424,0.000400003045797348
2,44,153,0.8241272069715904,0,0,3.0,2.0,0.47546711564064026,0.4368763864040375,0.615470826625824,1.0,1.0,1.0,0.5887635946273804,1.0,1.0,0.5675615072250366,0.5351275205612183,0.5491937398910522,0.4368763864040375,0.4368763864040375,1.0,0.5887635946273804,0.5351275205612183,1.0,0.17175449430942535,1.0,1.0,0.9940652847290039,0.15597790479660034,0.19002294540405273,0.4545454680919647,-0.12210527807474136,0.13189847767353058,-0.991263210773468,0.0,0.21041744947433472,-0.014418099075555801,1.0,-0.3350141942501068,1.0,189.45736694335938,10.92190933227539,10.92190933227539,25.0,13.378188133239746,14.719090461730957,0.21041744947433472,0.7895825505256653,0.43687637329101564,0.43687637329101564,1.0,0.0,0.0,0.0,1.0,-0.5135767012834549,1.3192564528255637,0.296199498191738,-0.29775204276225636,0.02,-0.0,-0.008266802618881495,-0.0008320575165877733,0.0,0.15,-0.0,0.0,0.0,-0.0,0.0,0.6464026716574334,-0.060982363818770806,0.27364610731601713,0.0,0.04299292239275841,0.0,0.6754418925235147,-0.0,0.0,-0.14924922210358596,-0.08630625963078978,-0.13954893979881836,0.38677134215831754,-0.0,-0.027587890625,0.0,-0.013576701283454895,-0.0,-0.003448486328125,-0.003448486328125,-0.05,0.146199498191738,0.11869561672210693,0.2,0.0,-0.0236445489987731,-0.0,-0.2144141368922156,0.0,0.0,-0.0,0.022093831818549424,-0.02928718958388675,-0.0,0.0,-0.0002031121402978897,0.0,0.15325170647352937,-0.052499999105930326,-0.0,-0.0,0.02,0.0,0.0,0.0,0.0,0.0,0.0,0.11869561672210693,11.034122866094114,23.26086922832157,0.4206521686004555,0.0,0.25,0.3499999940395355,3.0,2.0,0.25,0.3499999940395355,0.25,0.3499999940395355,0.25,20.0,1.0,0.0,0.0,0.25,0.25,0.0,0.0,1.0,8.0,0.0,0.0,0.0,0.0,0.0,0.0,0.0,0.0,0.0,0.0,0.0,0.0,0.0,0.0,0.0,0.0,0.0,0.0,0.0,0.0,0.0,0.0,28.0,28.0,28.0,0.0,0.0,0.0,0.0,0.0,1.0,0.0,1.0,0.0,0.0,0.0,1.76,24.13689997047186,0.44520001392811537,0.000400003045797348,17.624900094233453,14.021700015291572,4.0,3.6404000129550695,1.9507999531924725,0.4325000336393714,0.000300002284348011
2,45,154,-0.05495994865572375,0,0,4.0,4.0,0.47546711564064026,0.4368763864040375,0.615470826625824,1.0,1.0,1.0,0.5887635946273804,1.0,1.0,0.5675615072250366,0.5351275205612183,0.5491937398910522,0.4368763864040375,0.4368763864040375,1.0,0.5887635946273804,0.5351275205612183,1.0,0.17273420095443726,1.0,1.0,0.9939969778060913,0.1576303243637085,0.10040725022554398,0.4545454680919647,-0.12210527807474136,0.14177966117858887,-0.9898982644081116,0.0,0.21041744947433472,-0.014418099075555801,1.0,-0.3608047664165497,1.0,189.452392578125,10.706137657165527,10.706137657165527,25.0,13.369490623474121,14.799555778503418,0.22721119225025177,0.7727888077497482,0.4282455062866211,0.4282455062866211,1.0,0.0,0.0,0.0,1.0,-0.5179060217997176,0.9240125444161673,0.2964516816118556,-0.7775181528840291,0.02,-0.0,-0.008290315741814954,-0.0008057032046409168,-0.0335890769958496,0.15,-0.0,0.0,0.0,-0.0,0.0,0.6234088516749441,-0.2577614271690544,0.27952391728758813,0.0,0.16450196856802177,0.0,0.7461523884221128,-0.0,0.0,-0.17317002891204614,-0.27851291167551323,-0.14976511009107396,0.39768727496266365,-0.0,-0.039794921875,0.0018866914251702838,-0.019792713224887848,-0.0,-0.004974365234375,-0.004974365234375,-0.05,0.14645168161185557,0.12100387364625931,0.2,0.0,-0.035932616228364425,-0.015061983471074398,-0.33814260180809685,0.0,0.0,-0.0,0.06816335767507553,-0.35739669421487624,-0.0,0.0,-0.000781790539622307,0.0,0.15736255855765194,-0.09914761483669281,-0.0,-0.0,0.02,0.0,0.0,0.0,0.0,0.0,0.0,0.12100387364625931,11.33010421615094,32.4,1.0,0.0,0.5,1.0,4.0,4.0,0.5,1.0,0.3700000047683716,1.0,0.3700000000000001,21.0,1.0,0.0,0.0,0.5,0.5,1.0,0.1299999999999999,1.0,8.0,0.0,0.0,0.0,0.0,0.0,0.0,0.0,0.0,0.0,0.0,0.0,0.0,0.0,0.0,0.0,0.0,0.0,0.0,0.0,0.0,0.0,0.0,28.0,28.0,28.0,0.0,0.0,0.0,0.0,0.0,1.0,0.0,1.0,0.0,0.0,0.0,1.8,40.45199998654425,0.6621000356972218,0.000600004568696022,31.28410002682358,22.287999978289008,4.0,4.620200023055077,3.1990999123081565,0.6632000440731645,0.000500003807246685
2,46,155,0.8609756705292577,0,0,3.0,2.0,0.5537195801734924,0.42824551463127136,0.6104328036308289,1.0,1.0,1.0,0.5919822454452515,1.0,1.0,0.5637898445129395,0.5347796082496643,0.5511111617088318,0.42824551463127136,0.42824551463127136,1.0,0.5919822454452515,0.5347796082496643,1.0,0.17373107373714447,1.0,1.0,0.9939269423484802,0.16185863316059113,0.2569282650947571,0.6727272868156433,-0.12416819483041763,0.1518850475549698,-0.9883981347084045,0.0,0.22721119225025177,-0.016586661338806152,1.0,-0.37659016251564026,1.0,189.44664001464844,10.485483169555664,10.485483169555664,25.0,13.35443115234375,14.891176223754883,0.24429894983768463,0.7557010501623154,0.41941932678222654,0.41941932678222654,1.0,0.0,0.0,0.0,1.0,-0.5210304512074799,1.4322902156172121,0.29537891163896557,-0.36566300551944003,0.02,-0.0,-0.008331189540463803,-0.0007767101660681957,-0.03135530471801757,0.15,-0.0,0.0,0.0,-0.0,0.0,0.7652892601924733,-0.11090432058164928,0.28550463244318963,0.0,0.06455387716943568,0.0,0.8181008414218301,-0.0,0.0,-0.19983848448424635,-0.10926432617164862,-0.16153862501255523,0.408794317394495,-0.0,-0.0460205078125,0.0018449732669978403,-0.022875424474477768,-0.0,-0.0057525634765625,-0.0057525634765625,-0.05,0.14537891163896555,0.12231940031051636,0.2,0.0,-0.02458858366260039,-0.0,-0.2382910067323764,0.0,0.0,-0.0,0.025651389296116323,-0.02928718958388675,-0.0,0.0,0.0,0.0,0.15937044966500255,-0.09914761483669281,-0.0,-0.0,0.02,0.0,0.0,0.0,0.0,0.0,0.0,0.12231940031051636,11.474672375880182,23.26086922832157,0.4206521686004555,0.0,0.25,0.3499999940395355,3.0,2.0,0.25,0.3499999940395355,0.25,0.3499999940395355,0.25,22.0,1.0,0.0,0.0,0.25,0.25,0.0,0.0,1.0,8.0,0.0,0.0,0.0,0.0,0.0,0.0,0.0,0.0,0.0,0.0,0.0,0.0,0.0,0.0,0.0,0.0,0.0,0.0,0.0,0.0,0.0,0.0,28.0,28.0,28.0,0.0,0.0,0.0,0.0,0.0,1.0,0.0,1.0,0.0,0.0,0.0,1.84,46.067000017501414,0.6495000561699271,0.000600004568696022,39.611199987120926,22.652499959804118,4.0,3.3889999613165855,1.9215999636799097,0.45980000868439674,0.000300002284348011
2,47,156,0.46072592935703083,0,0,4.0,2.0,0.5337594747543335,0.4194193184375763,0.6048640608787537,1.0,1.0,1.0,0.5956470370292664,1.0,1.0,0.5596467852592468,0.5341772437095642,0.5533168911933899,0.4194193184375763,0.4194193184375763,1.0,0.5956470370292664,0.5341772437095642,1.0,0.17473773658275604,1.0,1.0,0.9938557744026184,0.16392388939857483,0.12549319863319397,0.4545454680919647,-0.15221376717090607,0.16351117193698883,-0.9865415096282959,0.0,0.24429894983768463,-0.0015157051384449005,1.0,-0.39515867829322815,1.0,189.4391632080078,10.485483169555664,10.485483169555664,25.0,13.35443115234375,14.891176223754883,0.24429894983768463,0.7557010501623154,0.41941932678222654,0.41941932678222654,1.0,0.0,0.0,0.0,1.0,-0.5297069773077965,1.224049524526021,0.29665230955103966,-0.5502689274122333,0.02,-0.0,-0.008331189540463803,-0.0007767101660681957,0.0,0.15,-0.0,0.0,0.0,-0.0,0.0,0.6924176936136966,-0.26393461039708044,0.28550463244318963,0.0,0.15362794101238267,0.0,0.8181008414218301,-0.0,0.0,-0.21488565212961644,-0.10926432617164862,-0.17334623520080372,0.408794317394495,-0.0,-0.059814453125,0.0,-0.02970697730779648,-0.0,-0.007476806640625,-0.007476806640625,-0.05,0.14665230955103964,0.1233908161520958,0.2,0.0,-0.03670005815256601,-0.015061983471074398,-0.38106943352449707,0.0,0.0,-0.0,0.025651389296116323,-0.1250888408449564,-0.0,0.0,0.0,0.0,0.16072347789537164,-0.018000000715255735,-0.0,-0.0,0.02,0.0,0.0,0.0,0.0,0.0,0.0,0.1233908161520958,11.572090408466757,23.26086922832157,0.4206521686004555,0.0,0.5,0.3499999940395355,4.0,2.0,0.5,0.3499999940395355,0.3700000047683716,0.3499999940395355,0.3700000000000001,23.0,1.0,0.0,0.0,0.5,0.5,1.0,0.1299999999999999,1.0,8.0,0.0,0.0,0.0,0.0,0.0,0.0,0.0,0.0,0.0,0.0,0.0,0.0,0.0,0.0,0.0,0.0,0.0,0.0,0.0,0.0,0.0,0.0,28.0,28.0,28.0,0.0,0.0,0.0,0.0,0.0,1.0,0.0,1.0,0.0,0.0,0.0,1.88,47.15040000155568,0.3907999489456415,0.000500003807246685,38.715300033800304,15.38050000090152,4.0,5.1478000823408365,2.2526999237015843,0.6177000468596816,0.000400003045797348
2,48,157,0.9510853261434423,0,0,3.0,2.0,0.5337594747543335,0.4194193184375763,0.6048640608787537,1.0,1.0,1.0,0.5956470370292664,1.0,1.0,0.5596467852592468,0.5341772437095642,0.5533168911933899,0.4194193184375763,0.4194193184375763,1.0,0.5956470370292664,0.5341772437095642,1.0,0.17575086653232574,1.0,1.0,0.9937835931777954,0.16531558334827423,0.08456426113843918,0.6727272868156433,-0.15221376717090607,0.17514820396900177,-0.9845420718193054,0.0,0.24429894983768463,-0.0015157051384449005,1.0,-0.424042671918869,1.0,189.4304656982422,10.255269050598145,10.255269050598145,25.0,13.335988998413086,14.993330001831055,0.26158642768859863,0.7384135723114014,0.41021076202392576,0.41021076202392576,1.0,0.0,0.0,0.0,1.0,-0.5328595686005428,1.4794356415729464,0.2947746598555418,-0.3102654066845031,0.02,-0.0,-0.008381524773070333,-0.0007456122946983155,-0.030415782928466785,0.15,-0.0,0.0,0.0,-0.0,0.0,0.8235790116356042,-0.1413535414433665,0.29155524969100954,0.0,0.07555499943819917,0.0,0.8908902218467312,-0.0,0.0,-0.24516453028757648,-0.12161380445647013,-0.18606524533322322,0.42003117799758916,-0.0,-0.069580078125,0.0018027675105258822,-0.034662336111068726,-0.0,-0.008697509765625,-0.008697509765625,-0.05,0.1447746598555418,0.12411271035671234,0.2,0.0,-0.025093214373742893,-0.0,-0.2653515764511675,0.0,0.0,-0.0,0.027466574439549873,-0.02928718958388675,-0.0,0.0,0.0,0.0,0.16264120427425952,-0.018000000715255735,-0.0,-0.0,0.02,0.0,0.0,0.0,0.0,0.0,0.0,0.12411271035671234,11.710166707746684,23.26086922832157,0.4206521686004555,0.0,0.25,0.3499999940395355,3.0,2.0,0.25,0.3499999940395355,0.25,0.3499999940395355,0.25,24.0,1.0,0.0,0.0,0.25,0.25,0.0,0.0,1.0,8.0,0.0,0.0,0.0,0.0,0.0,0.0,0.0,0.0,0.0,0.0,0.0,0.0,0.0,0.0,0.0,0.0,0.0,0.0,0.0,0.0,0.0,0.0,28.0,28.0,28.0,0.0,0.0,0.0,0.0,0.0,1.0,0.0,1.0,0.0,0.0,0.0,1.92,40.69070005789399,0.3939999733120203,0.000300002284348011,31.161700026132166,21.216400084085763,4.0,4.999700002372265,3.391900099813938,0.6992000853642821,0.000300002284348011
2,49,158,-0.024527751969292817,0,0,3.0,0.0,0.5137140154838562,0.4102107584476471,0.5989136099815369,1.0,1.0,1.0,0.5997331738471985,1.0,1.0,0.555249035358429,0.533439576625824,0.5558123588562012,0.4102107584476471,0.4102107584476471,1.0,0.5997331738471985,0.533439576625824,1.0,0.17676803469657898,1.0,1.0,0.9937106370925903,0.16728809475898743,0.11985789984464645,0.4545454680919647,-0.16185270249843597,0.18765610456466675,-0.98223477602005,0.0,0.26158642768859863,0.006000213325023651,1.0,-0.4429796040058136,1.0,189.4206085205078,10.255269050598145,10.255269050598145,25.0,13.335988998413086,14.993330001831055,0.26158642768859863,0.7384135723114014,0.41021076202392576,0.41021076202392576,1.0,0.0,0.0,0.0,1.0,-0.5392002016305923,0.6236828075981322,0.29077294574877466,-0.41978330368560735,0.02,-0.0,-0.008381524773070333,-0.0007456122946983155,0.0,0.15,-0.0,0.0,0.0,-0.0,0.0,0.5490526744237362,-0.5571023116385078,0.29155524969100954,0.0,0.07555499943819917,0.3333333333333333,0.5939268145644875,-0.0,0.0,-0.2578971249391809,-0.0,-0.19806332431299098,0.42003117799758916,-0.0,-0.078857421875,0.0,-0.039200201630592346,-0.0,-0.009857177734375,-0.009857177734375,-0.05,0.14077294574877466,0.12068211287260056,0.2,0.0,-0.0238880405193993,-0.0,-0.2683952595899293,0.0,0.0,0.0,0.0,0.0,-0.0,0.0,0.0,0.0,0.15482989225536584,-0.1275000035762787,-0.0,-0.0,0.02,0.0,0.0,0.0,0.0,0.0,0.0,0.12068211287260056,11.14775224238634,0.0,0.0,0.45652173913043476,0.25,-0.5,3.0,0.0,0.25,-0.5,0.25,-0.5,0.25,25.0,1.0,0.0,0.0,0.25,0.25,0.0,0.0,1.0,8.0,0.0,0.0,0.0,0.0,0.0,0.0,0.0,0.0,0.0,0.0,0.0,0.0,0.0,0.0,0.0,0.0,0.0,0.0,0.0,0.0,0.0,0.0,28.0,28.0,28.0,0.0,0.0,0.0,0.0,0.0,1.0,0.0,1.0,0.0,0.0,0.0,1.96,28.856200049631298,0.7410000544041395,0.000700005330145359,20.44769993517548,16.377899912185967,4.0,4.388200002722442,2.3111000191420317,0.9339000098407269,0.000700005330145359
2,50,159,0.6575978914308409,0,0,3.0,3.0,0.5137140154838562,0.4102107584476471,0.5989136099815369,1.0,1.0,1.0,0.5997331738471985,1.0,1.0,0.555249035358429,0.533439576625824,0.5558123588562012,0.4102107584476471,0.4102107584476471,1.0,0.5997331738471985,0.533439576625824,1.0,0.17775480449199677,1.0,1.0,0.9936392903327942,0.15925359725952148,-0.48820701241493225,0.4545454680919647,-0.16185270249843597,0.19942724704742432,-0.9799126386642456,0.0,0.26158642768859863,0.006000213325023651,1.0,-0.4715443253517151,1.0,189.40919494628906,10.034660339355469,10.034660339355469,25.0,13.31114387512207,15.095998764038086,0.27918320894241333,0.7208167910575867,0.4013864135742187,0.4013864135742187,1.0,0.0,0.0,0.0,1.0,-0.554227702319622,1.3825382206828558,0.28721848053602894,-0.4779311074684218,0.02,-0.0,-0.008449827082521504,-0.0007156120911577873,-0.028096523284912113,0.15,-0.0,0.0,0.0,-0.0,0.0,0.8812669019525827,-0.17580156391670496,0.2977141231298447,0.0,0.08675295114517215,0.0,0.9649819323891089,-0.0,0.0,-0.2879587625362847,-0.26925047976674654,-0.2091768789742332,0.4314690858125687,-0.0,-0.09130859375,-0.0087890625,-0.04543863981962204,-0.0,-0.01141357421875,-0.01141357421875,-0.05,0.13721848053602895,0.11994188278913498,0.2,0.0,-0.02415530391729304,-0.0,-0.27382989011026776,0.0,0.0,-0.0,0.05862847287946984,-0.0585743791677735,-0.0,0.0,0.0,0.0,0.15656215501949192,-0.18000000715255737,-0.0,-0.0,0.02,0.0,0.0,0.0,0.0,0.0,0.0,0.11994188278913498,11.272475161403419,32.4,0.7326086850269979,0.0,0.25,0.699999988079071,3.0,3.0,0.25,0.699999988079071,0.25,0.699999988079071,0.25,26.0,1.0,0.0,0.0,0.25,0.25,0.0,0.0,1.0,8.0,0.0,0.0,0.0,0.0,0.0,0.0,0.0,0.0,0.0,0.0,0.0,0.0,0.0,0.0,0.0,0.0,0.0,0.0,0.0,0.0,0.0,0.0,28.0,28.0,28.0,0.0,0.0,0.0,0.0,0.0,1.0,0.0,1.0,0.0,0.0,0.0,2.0,41.512299911119044,0.47669990453869104,0.000400003045797348,32.29420003481209,22.688099998049438,4.0,4.455299931578338,3.5791000118479133,0.6842999719083309,0.000500003807246685
2,51,160,0.9211591723400154,0,0,3.0,2.0,0.49494338035583496,0.40138640999794006,0.5932042002677917,1.0,1.0,1.0,0.6038399338722229,1.0,1.0,0.5510656237602234,0.5324457287788391,0.5583586692810059,0.40138640999794006,0.40138640999794006,1.0,0.6038399338722229,0.5324457287788391,1.0,0.1787327080965042,1.0,1.0,0.9935681223869324,0.16103535890579224,0.1082664206624031,0.4545454680919647,-0.1389220654964447,0.21030502021312714,-0.9776358008384705,0.0,0.27918320894241333,0.025474131107330322,1.0,-0.4848015308380127,1.0,189.39659118652344,10.034660339355469,10.034660339355469,25.0,13.31114387512207,15.095998764038086,0.27918320894241333,0.7208167910575867,0.4013864135742187,0.4013864135742187,1.0,0.0,0.0,0.0,1.0,-0.5503631234169006,1.5309749327374083,0.28940358376814324,-0.3688562207486355,0.02,-0.0,-0.008449827082521504,-0.0007156120911577873,0.0,0.15,-0.0,0.0,0.0,-0.0,0.0,0.8812669019525827,-0.17580156391670496,0.2977141231298447,0.0,0.08675295114517215,0.0,0.9649819323891089,-0.0,0.0,-0.303836090500733,-0.13462523988337327,-0.22017640448536513,0.4314690858125687,-0.0,-0.100830078125,0.0,-0.050363123416900635,-0.0,-0.012603759765625,-0.012603759765625,-0.05,0.13940358376814324,0.12185186892747879,0.2,0.0,-0.024400969488546254,-0.0,-0.29198229901000705,0.0,0.0,-0.0,0.02931423643973492,-0.02928718958388675,-0.0,0.0,0.0,0.0,0.1581544318702072,-0.052499999105930326,-0.0,-0.0,0.02,0.0,0.0,0.0,0.0,0.0,0.0,0.12185186892747879,11.387119094654919,23.26086922832157,0.4206521686004555,0.0,0.25,0.3499999940395355,3.0,2.0,0.25,0.3499999940395355,0.25,0.3499999940395355,0.25,27.0,1.0,0.0,0.0,0.25,0.25,0.0,0.0,1.0,8.0,0.0,0.0,0.0,0.0,0.0,0.0,0.0,0.0,0.0,0.0,0.0,0.0,0.0,0.0,0.0,0.0,0.0,0.0,0.0,0.0,0.0,0.0,28.0,28.0,28.0,0.0,0.0,0.0,0.0,0.0,1.0,0.0,1.0,0.0,0.0,0.0,2.04,28.735099942423403,0.519599998369813,0.000500003807246685,19.66079999692738,15.49759996123612,4.0,4.452100023627281,3.442899906076491,0.6287000142037868,0.000500003807246685
2,52,161,0.5406558056734818,0,0,3.0,3.0,0.49494338035583496,0.40138640999794006,0.5932042002677917,1.0,1.0,1.0,0.6038399338722229,1.0,1.0,0.5510656237602234,0.5324457287788391,0.5583586692810059,0.40138640999794006,0.40138640999794006,1.0,0.6038399338722229,0.5324457287788391,1.0,0.17972418665885925,1.0,1.0,0.9934954643249512,0.16267313063144684,0.09951730072498322,0.4545454680919647,-0.1389220654964447,0.2210455983877182,-0.9752634763717651,0.0,0.27918320894241333,0.025474131107330322,1.0,-0.5102947354316711,1.0,189.3824920654297,9.81561279296875,9.81561279296875,20.42462921142578,13.285867691040039,15.193278312683105,0.2961839437484741,0.7038160562515259,0.39262451171875,0.39262451171875,1.0,0.0,0.0,0.0,1.0,-0.5562372021377087,1.1604357584542613,0.2890798092664168,-0.3726225599094877,0.02,-0.0,-0.009124906846928661,-0.0006883011282352879,-0.26983558654785156,0.15,-0.0,0.0,0.0,-0.0,0.0,0.9354247676757361,-0.2123923326043045,0.30366438031196596,0.0,0.09757160056721084,0.0,1.0365639736777859,-0.0,0.0,-0.335579665797294,-0.29523701807082786,-0.23107822983937654,0.4425195634365082,-0.0,-0.11279296875,0.0,-0.056237202137708664,-0.0,-0.01409912109375,-0.01409912109375,-0.05,0.1390798092664168,0.12391668558120728,0.2,0.0,-0.024887030620553665,-0.0,-0.29885977814317344,0.0,0.0,-0.0,0.06219862712794324,-0.0585743791677735,-0.0,0.0,0.0,0.0,0.16130482809618119,-0.052499999105930326,-0.0,-0.0,0.02,0.0,0.0,0.0,0.0,0.0,0.0,0.12391668558120728,11.613947622925044,32.4,0.7326086850269979,0.0,0.25,0.699999988079071,3.0,3.0,0.25,0.699999988079071,0.25,0.699999988079071,0.25,28.0,1.0,0.0,0.0,0.25,0.25,0.0,0.0,1.0,8.0,0.0,0.0,0.0,0.0,0.0,0.0,0.0,0.0,0.0,0.0,0.0,0.0,0.0,0.0,0.0,0.0,0.0,0.0,0.0,0.0,0.0,0.0,28.0,28.0,28.0,0.0,0.0,0.0,0.0,0.0,1.0,0.0,1.0,0.0,0.0,0.0,2.08,50.862599979154766,0.5258000455796719,0.0004998873919248581,44.83620007522404,36.22919996269047,4.0,3.1603999668732285,1.8514000112190843,0.45870000030845404,0.000500003807246685
2,53,162,0.5734365369503147,0,0,3.0,4.0,0.47753211855888367,0.39262449741363525,0.5880191326141357,1.0,1.0,0.8169851899147034,0.6077311038970947,1.0,1.0,0.5472997426986694,0.5314347147941589,0.5608038902282715,0.39262449741363525,0.39262449741363525,0.8169851899147034,0.6077311038970947,0.5314347147941589,1.0,0.18073000013828278,1.0,1.0,0.9934212565422058,0.16591353714466095,0.19689975678920746,0.4545454680919647,-0.13615256547927856,0.23166440427303314,-0.9727957844734192,0.0,0.2961839437484741,0.034631866961717606,1.0,-0.5221875905990601,1.0,189.3667755126953,9.58829116821289,9.58829116821289,19.564699172973633,13.257988929748535,15.293264389038086,0.3132055401802063,0.6867944598197937,0.38353164672851564,0.38353164672851564,1.0,0.0,0.0,0.0,1.0,-0.5549155136977788,1.1855966139333263,0.2897713060589494,-0.36701586934418223,0.02,-0.0,-0.009459565349797689,-0.000661316138127298,-0.1347391128540039,0.15,-0.0,0.0,0.0,-0.0,0.0,0.9880973965276648,-0.25228655941162303,0.3096219390630722,0.0,0.10840352556922223,0.0,1.1082338533903424,-0.0,0.0,-0.36905590451856335,-0.4601250655798078,-0.2420684230954122,0.45358360111713414,-0.0,-0.125732421875,0.007713023718679324,-0.06262853741645813,-0.0,-0.015716552734375,-0.015716552734375,-0.05,0.13977130605894938,0.12698829174041748,0.2,0.0,-0.025548616985231632,-0.0,-0.3067512266744599,0.0,0.0,-0.0,0.09396166205406188,-0.08367768595041321,-0.0,0.0,0.0,0.0,0.1655928878672421,-0.04500000178813934,-0.0,-0.0,0.02,0.0,0.0,0.0,0.0,0.0,0.0,0.12698829174041748,11.92268792644143,32.4,1.0,0.0,0.25,1.0,3.0,4.0,0.25,1.0,0.25,1.0,0.25,29.0,1.0,0.0,0.0,0.25,0.25,0.0,0.0,1.0,8.0,0.0,0.0,0.0,0.0,0.0,0.0,0.0,0.0,0.0,0.0,0.0,0.0,0.0,0.0,0.0,0.0,0.0,0.0,0.0,0.0,0.0,0.0,28.0,28.0,28.0,0.0,0.0,0.0,0.0,0.0,1.0,0.0,1.0,0.0,0.0,0.0,2.12,36.12860001157969,0.41280000004917383,0.000400003045797348,26.686099939979613,23.676399956457317,4.0,4.890499985776842,3.385300049558282,0.7090000435709953,0.000300002284348011
2,54,163,0.79555484615438,0,0,3.0,3.0,0.4605600833892822,0.3835316598415375,0.5829745531082153,1.0,1.0,0.7825879454612732,0.6117305755615234,1.0,1.0,0.5436702966690063,0.5303195714950562,0.5633547902107239,0.3835316598415375,0.3835316598415375,0.7825879454612732,0.6117305755615234,0.5303195714950562,1.0,0.18175813555717468,1.0,1.0,0.9933448433876038,0.17032411694526672,0.2680037319660187,0.4545454680919647,-0.13839296996593475,0.24234141409397125,-0.9701910018920898,0.0,0.3132055401802063,0.04468739032745361,1.0,-0.5336798429489136,1.0,189.34951782226562,9.58829116821289,9.58829116821289,19.564699172973633,13.257988929748535,15.293264389038086,0.3132055401802063,0.6867944598197937,0.38353164672851564,0.38353164672851564,1.0,0.0,0.0,0.0,1.0,-0.568933978676796,1.4426358140491644,0.29285524819262587,-0.39100223741061435,0.02,-0.0,-0.009459565349797689,-0.000661316138127298,0.0,0.15,-0.0,0.0,0.0,-0.0,0.0,0.9880973965276648,-0.25228655941162303,0.3096219390630722,0.0,0.10840352556922223,0.0,1.1082338533903424,-0.0,0.0,-0.38779771295244475,-0.3220875404207472,-0.25321842771569125,0.45358360111713414,-0.0,-0.1380615234375,0.0,-0.06893397867679596,-0.0,-0.0172576904296875,-0.0172576904296875,-0.05,0.14285524819262588,0.12979018688201904,0.2,0.0,-0.026012148439458437,-0.0,-0.3271888703329761,0.0,0.0,-0.0,0.06577316231773302,-0.0585743791677735,-0.0,0.0,0.0,0.0,0.16859725840389728,-0.04500000178813934,-0.0,-0.0,0.02,0.0,0.0,0.0,0.0,0.0,0.0,0.12979018688201904,12.139002605080604,32.4,0.7326086850269979,0.0,0.25,0.699999988079071,3.0,3.0,0.25,0.699999988079071,0.25,0.699999988079071,0.25,30.0,1.0,0.0,0.0,0.25,0.25,0.0,0.0,1.0,8.0,0.0,0.0,0.0,0.0,0.0,0.0,0.0,0.0,0.0,0.0,0.0,0.0,0.0,0.0,0.0,0.0,0.0,0.0,0.0,0.0,0.0,0.0,28.0,28.0,28.0,0.0,0.0,0.0,0.0,0.0,1.0,0.0,1.0,0.0,0.0,0.0,2.16,30.89129994623363,0.5937999812886119,0.000600004568696022,23.971699993126094,13.774199993349612,4.0,3.63880000077188,2.0112000638619065,0.649099936708808,0.000300002284348011
2,55,164,0.9631617340773899,0,0,3.0,1.0,0.4605600833892822,0.3835316598415375,0.5829745531082153,1.0,1.0,0.7825879454612732,0.6117305755615234,1.0,1.0,0.5436702966690063,0.5303195714950562,0.5633547902107239,0.3835316598415375,0.3835316598415375,0.7825879454612732,0.6117305755615234,0.5303195714950562,1.0,0.18280628323554993,1.0,1.0,0.9932663440704346,0.17341431975364685,0.18777315318584442,0.4545454680919647,-0.13839296996593475,0.2531437575817108,-0.9674286842346191,0.0,0.3132055401802063,0.04468739032745361,1.0,-0.5582618713378906,1.0,189.3308868408203,9.357940673828125,9.357940673828125,18.730857849121094,13.224966049194336,15.397666931152344,0.33042001724243164,0.6695799827575684,0.374317626953125,0.374317626953125,1.0,0.0,0.0,0.0,1.0,-0.5726571681443602,1.6800481652107815,0.2907112582384288,-0.4549405212274602,0.02,-0.0,-0.009882881988596595,-0.0006342676214209968,-0.13136783599853513,0.15,-0.0,0.0,0.0,-0.0,0.0,1.0397877505770752,-0.2959490341422744,0.3156470060348511,0.0,0.1193581927906383,0.0,1.1807158620733964,-0.0,0.0,-0.42064245785877474,-0.0,-0.26439132335177407,0.4647730112075806,-0.0,-0.1490478515625,0.0016347167547792196,-0.0742918848991394,-0.0,-0.0186309814453125,-0.0186309814453125,-0.05,0.14071125823842878,0.13044346868991852,0.2,0.0,-0.025923244654786372,-0.0,-0.32401727836081323,0.0,0.0,0.0,0.0,0.0,-0.0,0.0,0.0,0.0,0.16802103016991168,-0.10499999821186065,-0.0,-0.0,0.02,0.0,0.0,0.0,0.0,0.0,0.0,0.13044346868991852,12.097514172233641,0.0,0.0,0.0,0.25,0.0,3.0,1.0,0.25,0.0,0.25,0.0,0.25,31.0,1.0,0.0,0.0,0.25,0.25,0.0,0.0,1.0,8.0,0.0,0.0,0.0,0.0,0.0,0.0,0.0,0.0,0.0,0.0,0.0,0.0,0.0,0.0,0.0,0.0,0.0,0.0,0.0,0.0,0.0,0.0,28.0,28.0,28.0,0.0,0.0,0.0,0.0,0.0,1.0,0.0,1.0,0.0,0.0,0.0,2.2,51.89640005119145,0.5925999721512198,0.000600004568696022,43.9512999728322,22.204400040209293,4.0,4.648900008760393,1.965800067409873,0.6899000145494938,0.000300002284348011
2,56,165,0.9357122736964053,0,0,3.0,2.0,0.44375771284103394,0.37431761622428894,0.5779163241386414,1.0,1.0,0.7492343187332153,0.6159066557884216,1.0,1.0,0.5400645732879639,0.528998613357544,0.5660575032234192,0.37431761622428894,0.37431761622428894,0.7492343187332153,0.6159066557884216,0.528998613357544,1.0,0.18385687470436096,1.0,1.0,0.9931871294975281,0.17282162606716156,-0.036014266312122345,0.4545454680919647,-0.13949795067310333,0.26393672823905945,-0.9645400047302246,0.0,0.33042001724243164,0.06958486139774323,1.0,-0.568861186504364,1.0,189.31063842773438,9.357940673828125,9.357940673828125,18.730857849121094,13.224966049194336,15.397666931152344,0.33042001724243164,0.6695799827575684,0.374317626953125,0.374317626953125,1.0,0.0,0.0,0.0,1.0,-0.5808315202593803,1.6192042229991972,0.29134210230105834,-0.41400253134446985,0.02,-0.0,-0.009882881988596595,-0.0006342676214209968,0.0,0.15,-0.0,0.0,0.0,-0.0,0.0,1.0397877505770752,-0.2959490341422744,0.3156470060348511,0.0,0.1193581927906383,0.0,1.1807158620733964,-0.0,0.0,-0.4391395241752918,-0.17504456587999223,-0.27546911428480714,0.4647730112075806,-0.0,-0.1619873046875,0.0,-0.08083152025938034,-0.0,-0.0202484130859375,-0.0202484130859375,-0.05,0.14134210230105831,0.13102827966213226,0.2,0.0,-0.02612842212697225,-0.0,-0.3407810217472988,0.0,0.0,-0.0,0.03469410121961829,-0.02928718958388675,-0.0,0.0,0.0,0.0,0.16935088415630162,-0.052499999105930326,-0.0,-0.0,0.02,0.0,0.0,0.0,0.0,0.0,0.0,0.13102827966213226,12.193263659253716,23.26086922832157,0.4206521686004555,0.0,0.25,0.3499999940395355,3.0,2.0,0.25,0.3499999940395355,0.25,0.3499999940395355,0.25,32.0,1.0,0.0,0.0,0.25,0.25,0.0,0.0,1.0,8.0,0.0,0.0,0.0,0.0,0.0,0.0,0.0,0.0,0.0,0.0,0.0,0.0,0.0,0.0,0.0,0.0,0.0,0.0,0.0,0.0,0.0,0.0,28.0,28.0,28.0,0.0,0.0,0.0,0.0,0.0,1.0,0.0,1.0,0.0,0.0,0.0,2.24,13.022500090301037,0.6830000784248114,0.000500003807246685,4.550799960270524,1.6076000174507499,4.0,4.607899929396808,2.5604000547900796,0.5940999835729599,0.000300002284348011
2,57,166,5.301552055514199,0,0,3.0,2.0,0.44375771284103394,0.37431761622428894,0.5779163241386414,1.0,1.0,0.7492343187332153,0.6159066557884216,1.0,1.0,0.5400645732879639,0.528998613357544,0.5660575032234192,0.37431761622428894,0.37431761622428894,0.7492343187332153,0.6159066557884216,0.528998613357544,1.0,0.18490853905677795,1.0,1.0,0.9931071996688843,0.1741894781589508,0.08311587572097778,0.4545454680919647,-0.13949795067310333,0.27460527420043945,-0.9615570306777954,0.0,0.33042001724243164,0.06958486139774323,1.0,-0.5926960110664368,1.0,189.28880310058594,9.125176429748535,9.125176429748535,17.938209533691406,13.189881324768066,15.502846717834473,0.3475205600261688,0.6524794399738312,0.3650070571899414,0.3650070571899414,0.0,0.0,0.0,0.0,0.0,3.8277370259165764,1.518483879278242,0.2897706389576682,-0.35443948863828745,0.02,-0.0,-0.01039440917069041,-0.000608136319479125,-0.1270853233337402,0.15,-0.0,0.0,0.0,-0.0,0.0,1.0895636895069363,-0.34262436174050576,0.3216321960091591,0.0,0.13024035638028927,0.0,1.2527181474786058,-0.0,0.0,-0.47443988606346565,-0.1893742704630171,-0.28662556179352094,0.47588836401700974,-0.0,-0.1746826171875,0.0,-0.08713961392641068,-0.0,-0.0218353271484375,-0.0218353271484375,-0.05,0.13977063895766817,0.13224443793296814,0.2,0.0,-0.02634095767632659,-0.0,-0.3398218370590745,0.0,0.0,-0.0,0.038042719339020474,-0.026319413241906817,-0.0,0.0,0.0,0.0,0.17072842938359828,-0.0,-0.0,-0.0,0.02,0.0,0.0,0.0,0.0,0.0,0.0,0.13224443793296814,12.292446915619076,23.26086922832157,0.4206521686004555,0.0,0.25,0.3499999940395355,3.0,2.0,0.25,0.3499999940395355,0.25,0.3499999940395355,0.25,33.0,1.0,0.0,0.0,0.25,0.25,0.0,0.0,1.0,8.0,0.0,0.0,0.0,0.0,0.0,0.0,0.0,0.0,0.0,0.0,0.0,0.0,0.0,0.0,0.0,0.0,0.0,0.0,0.0,0.0,0.0,0.0,28.0,28.0,28.0,0.0,0.0,0.0,0.0,0.0,1.0,0.0,1.0,0.0,0.0,0.0,2.28,55.69690000265837,0.6078999722376466,0.000900006853044033,46.33699997793883,23.072700016200542,4.0,4.706699983216822,3.3363999100401998,0.68320007994771,0.000500003807246685
2,58,167,1.9824721805649048,0,0,4.0,2.0,0.42745620012283325,0.36500704288482666,0.5729310512542725,1.0,1.0,0.7175284028053284,0.6201138496398926,1.0,1.0,0.5365188717842102,0.5275952816009521,0.5687925815582275,0.36500704288482666,0.36500704288482666,0.7175284028053284,0.6201138496398926,0.5275952816009521,0.0,0.18596653640270233,1.0,1.0,0.9930261969566345,0.1756063848733902,0.08609657734632492,0.4545454680919647,-0.13918834924697876,0.28531551361083984,-0.9584336280822754,0.0,0.3475205600261688,0.08264276385307312,1.0,-0.6022958159446716,1.0,189.26516723632812,9.125176429748535,9.125176429748535,17.938209533691406,13.189881324768066,15.502846717834473,0.3475205600261688,0.6524794399738312,0.3650070571899414,0.3650070571899414,0.0,0.0,0.0,0.0,0.0,0.558136373758316,1.791285900934395,0.2908753354748311,-0.6778254296026375,0.02,-0.0,-0.01039440917069041,-0.000608136319479125,0.0,0.15,-0.0,0.0,0.0,-0.0,0.0,1.1425522823640337,-0.2313483167406014,0.3216321960091591,0.0,0.08794146180152909,0.0,1.2527181474786058,-0.0,0.0,-0.49356403293316176,-0.1893742704630171,-0.2979231821170969,0.47588836401700974,-0.0,-0.1890869140625,0.0,-0.09434306621551514,-0.0,-0.0236358642578125,-0.0236358642578125,-0.05,0.14087533547483105,0.1332896500825882,0.2,0.0,-0.039116190190168376,-0.015061983471074398,-0.5248190746673735,0.0,0.0,-0.0,0.038042719339020474,-0.11887089989778592,-0.0,0.0,0.0,0.0,0.17130463671870533,-0.018000000715255735,-0.0,-0.0,0.02,0.0,0.0,0.0,0.0,0.0,0.0,0.1332896500825882,12.333933843746783,23.26086922832157,0.4206521686004555,0.0,0.5,0.3499999940395355,4.0,2.0,0.5,0.3499999940395355,0.3700000047683716,0.3499999940395355,0.3700000000000001,34.0,1.0,0.0,0.0,0.5,0.5,1.0,0.1299999999999999,1.0,8.0,0.0,0.0,0.0,0.0,0.0,0.0,0.0,0.0,0.0,0.0,0.0,0.0,0.0,0.0,0.0,0.0,0.0,0.0,0.0,0.0,0.0,0.0,28.0,28.0,28.0,0.0,0.0,0.0,0.0,0.0,1.0,0.0,1.0,0.0,0.0,0.0,2.32,27.264899923466146,0.6891998928040266,0.000600004568696022,17.757500056177378,14.485899941064417,4.0,4.771700012497604,3.3301999792456627,0.6899000145494938,0.000300002284348011
2,59,168,1.0373094188761027,0,0,4.0,1.0,0.42745620012283325,0.36500704288482666,0.5729310512542725,1.0,1.0,0.7175284028053284,0.6201138496398926,1.0,1.0,0.5365188717842102,0.5275952816009521,0.5687925815582275,0.36500704288482666,0.36500704288482666,0.7175284028053284,0.6201138496398926,0.5275952816009521,0.0,0.18702872097492218,1.0,1.0,0.9929442405700684,0.1761990487575531,0.036012958735227585,0.6727272868156433,-0.13918834924697876,0.2961251139640808,-0.9551491737365723,0.0,0.3475205600261688,0.08264276385307312,1.0,-0.6260358691215515,1.0,189.2402801513672,8.886168479919434,8.886168479919434,17.171491622924805,13.1456880569458,15.612147331237793,0.3645591735839844,0.6354408264160156,0.35544673919677733,0.35544673919677733,0.0,0.0,0.0,0.0,0.0,0.5360463783144951,1.0883311855044668,0.28714992139160955,-0.8942180663344687,0.02,-0.0,-0.01103816326837409,-0.0005821212859616036,-0.1252914810180664,0.15,-0.0,0.0,0.0,-0.0,0.0,0.9333725279203776,-0.8212830156887531,0.32759571075439453,0.0,0.2952805259011012,0.0,1.3244596782483553,-0.0,0.0,-0.5293859362083274,-0.0,-0.31076384442331045,0.48696346282958985,-0.0,-0.1990966796875,0.0,-0.09939444810152054,-0.0,-0.0248870849609375,-0.0248870849609375,-0.05,0.13714992139160953,0.13248805701732635,0.2,0.0,-0.050827300313897456,-0.11621900826446298,-0.6716717570408525,0.0,0.0,0.0,0.0,0.0,-0.0,0.0,0.0,0.0,0.1680796968052164,-0.05550000071525574,-0.0,-0.0,0.02,0.0,0.0,0.0,0.0,0.0,0.0,0.13248805701732635,12.10173816997558,0.0,0.0,0.0,0.5,0.0,4.0,1.0,0.5,0.0,0.49000000953674316,0.0,0.4900000000000002,35.0,1.0,0.0,0.0,0.5,0.5,1.0,0.009999999999999787,1.0,8.0,0.0,0.0,0.0,0.0,0.0,0.0,0.0,0.0,0.0,0.0,0.0,0.0,0.0,0.0,0.0,0.0,0.0,0.0,0.0,0.0,0.0,0.0,28.0,28.0,28.0,0.0,0.0,0.0,0.0,0.0,1.0,0.0,1.0,0.0,0.0,0.0,2.36,38.09050004929304,0.39549998473376036,0.000400003045797348,31.01290005724877,22.257299977354705,4.0,4.155800095759332,1.7725999932736158,0.7279999554157257,0.000500003807246685
2,60,169,2.0316788966388595,0,0,3.0,2.0,0.41146260499954224,0.3554467260837555,0.5678552389144897,1.0,1.0,0.686859667301178,0.6244859099388123,1.0,1.0,0.5329349040985107,0.5258275270462036,0.5716522336006165,0.3554467260837555,0.3554467260837555,0.686859667301178,0.6244859099388123,0.5258275270462036,0.0,0.1880807727575302,1.0,1.0,0.9928624629974365,0.17288197576999664,-0.20155873894691467,0.8909090757369995,-0.1484292894601822,0.3083651065826416,-0.9512680768966675,0.0,0.3645591735839844,0.09661141037940979,1.0,-0.6381666660308838,1.0,189.21412658691406,8.654685974121094,8.654685974121094,16.339445114135742,13.095236778259277,15.76757526397705,0.38106128573417664,0.6189387142658234,0.3461874389648438,0.3461874389648438,0.0,0.0,0.0,0.0,0.0,0.5145510584115982,1.9020899535680298,0.2830700926795284,-0.6880322080202967,0.02,-0.0,-0.011917569074658888,-0.0005470321895042647,-0.11317331314086909,0.15,-0.0,0.0,0.0,-0.0,0.0,1.3011093764480257,-0.1949490464771293,0.33337145000696183,0.0,0.06659736362370594,0.0,1.3939422557228491,-0.0,0.0,-0.5783308708382994,-0.21870058970755699,-0.3264646945112566,0.4976898357272148,-0.0,-0.209228515625,0.0,-0.10438765585422516,-0.0,-0.026153564453125,-0.026153564453125,-0.05,0.13307009267952835,0.13121382892131805,0.2,0.0,-0.039881619675965194,-0.015061983471074398,-0.5185279455531681,0.0,0.0,-0.0,0.045740425818941076,-0.10480108442377446,-0.0,0.0,0.0,0.0,0.17465674282517285,-0.05550000071525574,-0.0,-0.0,0.02,0.0,0.0,0.0,0.0,0.0,0.0,0.13121382892131805,12.575285483412445,23.26086922832157,0.4206521686004555,0.0,0.25,0.3499999940395355,3.0,2.0,0.25,0.3499999940395355,0.3700000047683716,0.3499999940395355,0.3700000000000001,36.0,1.0,0.0,0.0,0.25,0.25,1.0,0.1200000000000001,1.0,8.0,0.0,0.0,0.0,0.0,0.0,0.0,0.0,0.0,0.0,0.0,0.0,0.0,0.0,0.0,0.0,0.0,0.0,0.0,0.0,0.0,0.0,0.0,28.0,28.0,28.0,0.0,0.0,0.0,0.0,0.0,1.0,0.0,1.0,0.0,0.0,0.0,2.4,49.4320000289008,0.6708001019433141,0.000500003807246685,39.76050007622689,36.44940000958741,4.0,4.862200003117323,3.4003000473603606,0.6948999362066388,0.000400003045797348
2,61,170,1.8096502614491452,0,0,3.0,3.0,0.39488476514816284,0.34618744254112244,0.5618205070495605,1.0,1.0,0.6535778045654297,0.6307030320167542,1.0,1.0,0.5288282632827759,0.5238094925880432,0.5759249925613403,0.34618744254112244,0.34618744254112244,0.6535778045654297,0.6307030320167542,0.5238094925880432,0.0,0.18911856412887573,1.0,1.0,0.9927812218666077,0.17964693903923035,0.41106536984443665,0.6727272868156433,-0.20769254863262177,0.32326221466064453,-0.9463094472885132,0.0,0.38106128573417664,0.12850160896778107,1.0,-0.6559601426124573,1.0,188.86680603027344,8.654685974121094,8.654685974121094,16.339445114135742,13.095236778259277,15.76757526397705,0.38106128573417664,0.6189387142658234,0.3461874389648438,0.3461874389648438,0.0,0.0,0.0,0.0,0.0,0.5058464407920837,1.4002986369529111,0.2847143501233328,-0.4012091664191823,0.02,-0.0,-0.011917569074658888,-0.0005470321895042647,0.0,0.15,-0.0,0.0,0.0,-0.0,0.0,1.1826422792035962,-0.44372995069043125,0.33337145000696183,0.0,0.15158445455811242,0.0,1.3939422557228491,-0.0,0.0,-0.6107102182051687,-0.43740117941511397,-0.34303257248614294,0.4976898357272148,-0.0,-2.778564453125,0.0,-0.11309227347373962,-0.0,-0.347320556640625,-0.347320556640625,-0.05,0.13471435012333277,0.13283514976501465,0.2,0.0,-0.027465950818492898,-0.0,-0.3698571205612037,0.0,0.0,-0.0,0.09148085163788215,-0.039866945962112155,-0.0,0.0,0.0,0.0,0.17802005160134288,-0.05550000071525574,-0.0,-0.0,0.02,0.0,0.0,0.0,0.0,0.0,0.0,0.13283514976501465,12.817443715296687,32.4,0.7326086850269979,0.0,0.25,0.699999988079071,3.0,3.0,0.25,0.699999988079071,0.25,0.699999988079071,0.25,37.0,1.0,0.0,0.0,0.25,0.25,0.0,0.0,1.0,8.0,0.0,0.0,0.0,0.0,0.0,0.0,0.0,0.0,17.64605140686035,188.4433135986328,17.63214874267578,188.1236114501953,-0.013902664184570312,-0.3197021484375,0.32000428438186646,-1.6142552476257404,-0.09323328733444214,-0.9956442713737488,0.0,0.0,0.0,0.0,28.0,28.0,28.0,0.0,1.0,54.0,1.0,0.0,1.0,0.0,1.0,0.0,0.0,0.0,2.44,88.99880002718419,0.6293000187724829,36.318099941127,43.64769998937845,27.2796000353992,4.0,4.903099965304136,2.7053999947384,0.7680000271648169,0.000400003045797348
2,62,171,1.828685652398368,0,0,4.0,3.0,0.39488476514816284,0.34618744254112244,0.5618205070495605,1.0,1.0,0.6535778045654297,0.6307030320167542,1.0,1.0,0.5288282632827759,0.5238094925880432,0.5759249925613403,0.34618744254112244,0.34618744254112244,0.6535778045654297,0.6307030320167542,0.5238094925880432,0.0,0.19004841148853302,1.0,1.0,0.9926828742027283,0.18310633301734924,0.2102067917585373,0.4545454680919647,-0.20769254863262177,0.3388954699039459,-0.940824031829834,0.0,0.38106128573417664,0.12850160896778107,1.0,-0.6892496943473816,1.0,188.54434204101562,8.41911792755127,8.41911792755127,15.513104438781738,13.036297798156738,15.948741912841797,0.39785465598106384,0.6021453440189362,0.3367647171020508,0.3367647171020508,0.0,0.0,0.0,0.0,0.0,0.476359486579895,1.7614608772293872,0.2850039922335257,-0.7141387036444397,0.02,-0.0,-0.01305121117394429,-0.0005087928648808695,-0.10443731307983399,0.15,-0.0,0.0,0.0,-0.0,0.0,1.382761549038617,-0.17196823148304793,0.33924912959337233,0.0,0.05591067346659594,0.0,1.4646511830781637,-0.0,0.0,-0.6584994212411659,-0.46798226426242084,-0.3584312020500051,0.5086055263876915,-0.0,-2.5797119140625,0.0,-0.12578585743904114,-0.0,-0.3224639892578125,-0.3224639892578125,-0.05,0.1350039922335257,0.1359919309616089,0.2,0.0,-0.04121483059169885,-0.015061983471074398,-0.5434048251880209,0.0,0.0,-0.0,0.09972164449181119,-0.19617870817020094,-0.0,0.0,0.0,0.0,0.18049537921790035,-0.018000000715255735,-0.0,-0.0,0.02,0.0,0.0,0.0,0.0,0.0,0.0,0.1359919309616089,12.995667303688824,32.4,0.7326086850269979,0.0,0.5,0.699999988079071,4.0,3.0,0.5,0.699999988079071,0.3700000047683716,0.699999988079071,0.3700000000000001,38.0,1.0,0.0,0.0,0.5,0.5,1.0,0.1299999999999999,1.0,8.0,0.0,0.0,0.0,0.0,0.0,0.0,0.0,0.0,17.632205963134766,188.12364196777344,17.72877311706543,187.8185577392578,0.09656715393066406,-0.305084228515625,0.3200024962425232,-1.2642476664008278,-0.09331770241260529,-0.9956364035606384,0.0,0.0,0.0,0.0,28.0,28.0,28.0,0.0,1.0,54.0,0.0,0.0,1.0,0.0,1.0,0.0,0.0,0.0,2.48,75.91730006970465,0.6660000653937459,20.00040002167225,46.98189999908209,23.351300042122602,4.0,4.317400045692921,3.212600015103817,0.7027999963611364,0.000400003045797348
2,63,172,1.9292990801493959,0,0,3.0,2.0,0.378517746925354,0.33676472306251526,0.555431604385376,1.0,1.0,0.6205241680145264,0.6379497051239014,1.0,1.0,0.5245855450630188,0.5214518904685974,0.5810210704803467,0.33676472306251526,0.33676472306251526,0.6205241680145264,0.6379497051239014,0.5214518904685974,0.0,0.19192002713680267,1.0,1.0,0.9925118684768677,0.18565239012241364,0.15470798313617706,0.6727272868156433,-0.18967723846435547,0.35334211587905884,-0.9354941844940186,0.0,0.39785465598106384,0.16330203413963318,1.0,-0.7047331929206848,1.0,188.2838897705078,8.41911792755127,8.41911792755127,15.513104438781738,13.036297798156738,15.948741912841797,0.39785465598106384,0.6021453440189362,0.3367647171020508,0.3367647171020508,0.0,0.0,0.0,0.0,0.0,0.46882912516593933,1.5880494231177582,0.2865781056728881,-0.4341575738071897,0.02,-0.0,-0.01305121117394429,-0.0005087928648808695,0.0,0.15,-0.0,0.0,0.0,-0.0,0.0,1.2269805589915652,-0.4991083105818566,0.33924912959337233,0.0,0.16227114471522242,0.0,1.4646511830781637,-0.0,0.0,-0.6892785145886533,-0.23399113213121042,-0.37416188595971844,0.5086055263876915,-0.0,-2.0836181640625,0.0,-0.13331621885299683,-0.0,-0.2604522705078125,-0.2604522705078125,-0.05,0.1365781056728881,0.13757756352424622,0.2,0.0,-0.028134870539951538,-0.0,-0.3833145737644639,0.0,0.0,-0.0,0.049860822245905594,-0.017068951033424137,-0.0,0.0,0.0,0.0,0.1823556423885748,-0.05550000071525574,-0.0,-0.0,0.02,0.0,0.0,0.0,0.0,0.0,0.0,0.13757756352424622,13.129606251977384,23.26086922832157,0.4206521686004555,0.0,0.25,0.3499999940395355,3.0,2.0,0.25,0.3499999940395355,0.25,0.3499999940395355,0.25,39.0,1.0,0.0,0.0,0.25,0.25,0.0,0.0,1.0,8.0,0.0,0.0,0.0,0.0,0.0,0.0,0.0,0.0,17.729326248168945,187.8186798095703,17.924646377563477,187.56521606445312,0.19532012939453125,-0.2534637451171875,0.319990336894989,-0.9142386524252419,-0.09397819638252258,-0.9955742955207825,0.0,0.0,0.0,0.0,28.0,28.0,28.0,0.0,1.0,54.0,0.0,0.0,1.0,0.0,1.0,0.0,0.0,0.0,2.52,50.29070004820824,0.7051000138744712,24.143400019966066,17.932799994014204,15.073499991558492,4.0,4.738299991004169,2.30529997497797,0.4379000747576356,0.000300002284348011
2,64,173,2.028991193371237,0,0,3.0,1.0,0.378517746925354,0.33676472306251526,0.555431604385376,1.0,1.0,0.6205241680145264,0.6379497051239014,1.0,1.0,0.5245855450630188,0.5214518904685974,0.5810210704803467,0.33676472306251526,0.33676472306251526,0.6205241680145264,0.6379497051239014,0.5214518904685974,0.0,0.19462189078330994,1.0,1.0,0.9922772645950317,0.18756580352783203,0.11626645177602768,0.4545454680919647,-0.18967723846435547,0.36801373958587646,-0.9298203587532043,0.0,0.39785465598106384,0.16330203413963318,1.0,-0.7356622219085693,1.0,188.04647827148438,8.184286117553711,8.184286117553711,14.751697540283203,12.972042083740234,16.129470825195312,0.4145955443382263,0.5854044556617737,0.32737144470214846,0.32737144470214846,0.0,0.0,0.0,0.0,0.0,0.44453826546669006,1.732337048773482,0.2844207152962352,-0.4523048361651702,0.02,-0.0,-0.014396174459275355,-0.00047330945977503764,-0.097237491607666,0.15,-0.0,0.0,0.0,-0.0,0.0,1.2696760631124686,-0.5574724489807646,0.3451084405183792,0.0,0.17292443730614396,0.0,1.53513913405569,-0.0,0.0,-0.7342049917847939,-0.0,-0.3889830702568551,0.5194871038198472,-0.0,-1.8992919921875,0.0,-0.14086619019508362,-0.0,-0.2374114990234375,-0.2374114990234375,-0.05,0.13442071529623517,0.13837966322898865,0.2,0.0,-0.027972967047058043,-0.0,-0.3718318700121818,0.0,0.0,0.0,0.0,0.0,-0.0,0.0,0.0,0.0,0.18130626789759843,-0.052499999105930326,-0.0,-0.0,0.02,0.0,0.0,0.0,0.0,0.0,0.0,0.13837966322898865,13.054051288627088,0.0,0.0,0.0,0.25,0.0,3.0,1.0,0.25,0.0,0.25,0.0,0.25,40.0,1.0,0.0,0.0,0.25,0.25,0.0,0.0,1.0,8.0,0.0,0.0,0.0,0.0,0.0,0.0,0.0,0.0,17.925235748291016,187.56564331054688,18.14578628540039,187.3337860107422,0.220550537109375,-0.2318572998046875,0.3200005292892456,-0.8103853719003197,-0.09513434767723083,-0.9954645037651062,0.0,0.0,0.0,0.0,28.0,28.0,28.0,0.0,1.0,54.0,0.0,0.0,1.0,0.0,1.0,0.0,0.0,0.0,2.56,70.39219990838319,0.5494999932125211,12.666299939155579,50.708499969914556,25.5314001115039,4.0,4.1096999775618315,1.8103000475093722,0.5226999055594206,0.000200001522898674
2,65,174,1.8689019086971441,0,0,3.0,2.0,0.3629785478115082,0.3273714482784271,0.5493533611297607,1.0,1.0,0.5900679230690002,0.6451788544654846,1.0,1.0,0.5205937027931213,0.5188816785812378,0.5861380696296692,0.3273714482784271,0.3273714482784271,0.5900679230690002,0.6451788544654846,0.5188816785812378,0.0,0.19753243029117584,1.0,1.0,0.9920234680175781,0.18648645281791687,-0.0655859038233757,0.4545454680919647,-0.1877034604549408,0.3817538619041443,-0.9242640137672424,0.0,0.4145955443382263,0.18214935064315796,1.0,-0.7487829327583313,1.0,187.80726623535156,8.184286117553711,8.184286117553711,14.751697540283203,12.972042083740234,16.129470825195312,0.4145955443382263,0.5854044556617737,0.32737144470214846,0.32737144470214846,0.0,0.0,0.0,0.0,0.0,0.43598443269729614,1.5539643180346636,0.28558080207890285,-0.4266276441137184,0.02,-0.0,-0.014396174459275355,-0.00047330945977503764,0.0,0.15,-0.0,0.0,0.0,-0.0,0.0,1.2696760631124686,-0.5574724489807646,0.3451084405183792,0.0,0.17292443730614396,0.0,1.53513913405569,-0.0,0.0,-0.7612417253691341,-0.24963720597932879,-0.40267848010352836,0.5194871038198472,-0.0,-1.9136962890625,0.0,-0.14942002296447754,-0.0,-0.2392120361328125,-0.2392120361328125,-0.05,0.13558080207890283,0.13957391679286957,0.2,0.0,-0.02813708341770938,-0.0,-0.38570131250260364,0.0,0.0,-0.0,0.05414518067422276,-0.014434429761697776,-0.0,0.0,0.0,0.0,0.18236998511478306,-0.052499999105930326,-0.0,-0.0,0.02,0.0,0.0,0.0,0.0,0.0,0.0,0.13957391679286957,13.130638928264379,23.26086922832157,0.4206521686004555,0.0,0.25,0.3499999940395355,3.0,2.0,0.25,0.3499999940395355,0.25,0.3499999940395355,0.25,41.0,1.0,0.0,0.0,0.25,0.25,0.0,0.0,1.0,8.0,0.0,0.0,0.0,0.0,0.0,0.0,0.0,0.0,18.146183013916016,187.33413696289062,18.366716384887695,187.10226440429688,0.2205333709716797,-0.23187255859375,0.3199997842311859,-0.8104570886998919,-0.09641406685113907,-0.9953413009643555,0.0,0.0,0.0,0.0,28.0,28.0,28.0,0.0,1.0,54.0,0.0,0.0,1.0,0.0,1.0,0.0,0.0,0.0,2.6,47.712799976579845,0.571400043554604,19.39549995586276,19.819899927824736,16.929900040850043,4.0,4.517699941061437,2.74560006801039,0.6316000362858176,0.000300002284348011
2,66,175,1.5008740421105276,0,0,3.0,3.0,0.3629785478115082,0.3273714482784271,0.5493533611297607,1.0,1.0,0.5900679230690002,0.6451788544654846,1.0,1.0,0.5205937027931213,0.5188816785812378,0.5861380696296692,0.3273714482784271,0.3273714482784271,0.5900679230690002,0.6451788544654846,0.5188816785812378,0.0,0.20044265687465668,1.0,1.0,0.9917646646499634,0.18758055567741394,0.06648232787847519,0.4545454680919647,-0.1877034604549408,0.39437583088874817,-0.9189492464065552,0.0,0.4145955443382263,0.18214935064315796,1.0,-0.7751462459564209,1.0,187.56631469726562,7.945899963378906,7.945899963378906,14.07572078704834,12.902166366577148,16.29155921936035,0.4311041235923767,0.5688958764076233,0.31783599853515626,0.31783599853515626,0.0,0.0,0.0,0.0,0.0,0.41092562675476074,1.1542563571746198,0.2849008937491785,-0.36920883556803163,0.02,-0.02575507201254368,-0.01590956421731171,-0.0004435959235201489,-0.09618278503417967,0.15,-0.0,0.0,0.0,-0.0,0.0,1.3103083516621605,-0.6181152385367943,0.35088644325733187,0.0,0.18342989683151248,0.0,1.6046489414415863,-0.0,0.0,-0.8085736053151391,-0.5309210111128548,-0.4159155343609169,0.5302176803350449,-0.0,-1.9276123046875,0.0,-0.15797024965286255,-0.0,-0.2409515380859375,-0.2409515380859375,-0.05,0.13490089374917846,0.14194980263710022,0.2,0.0,-0.02857370444586766,-0.0,-0.38111591814948753,0.0,0.0,-0.0,0.11708598019439886,-0.024105194061144957,-0.0,0.0,0.0,0.0,0.18519993622321637,-0.052499999105930326,-0.0,-0.0,0.02,0.0,0.0,0.0,0.0,0.0,0.0,0.14194980263710022,13.334395408071577,32.4,0.7326086850269979,0.0,0.25,0.699999988079071,3.0,3.0,0.25,0.699999988079071,0.25,0.699999988079071,0.25,42.0,1.0,0.0,0.0,0.25,0.25,0.0,0.0,1.0,8.0,0.0,0.0,0.0,0.0,0.0,0.0,0.0,0.0,18.366819381713867,187.10250854492188,18.587339401245117,186.87062072753906,0.22052001953125,-0.2318878173828125,0.32000163197517395,-0.8105202017987644,-0.09769489616155624,-0.995216429233551,0.0,0.0,0.0,0.0,28.0,28.0,28.0,0.0,1.0,54.0,0.0,0.0,1.0,0.0,1.0,0.0,0.0,0.0,2.64,90.16320004593581,0.5201000021770597,20.35110001452267,63.13419993966818,40.09999998379499,4.0,3.554800059646368,1.9887000089511275,0.5910000763833523,0.000300002284348011
2,67,176,1.5759001399576158,0,0,3.0,2.0,0.34849441051483154,0.3178359866142273,0.5438403487205505,1.0,1.0,0.5630288124084473,0.6516623497009277,1.0,1.0,0.5169521570205688,0.5160866379737854,0.5907348394393921,0.3178359866142273,0.3178359866142273,0.5630288124084473,0.6516623497009277,0.5160866379737854,0.0,0.2033635824918747,1.0,1.0,0.9915000200271606,0.19049136340618134,0.17687194049358368,0.4545454680919647,-0.16678693890571594,0.40650510787963867,-0.9136484861373901,0.0,0.4311041235923767,0.21830053627490997,1.0,-0.7844241261482239,1.0,187.32391357421875,7.703130722045898,7.703130722045898,13.443780899047852,12.828588485717773,16.44698143005371,0.44769060611724854,0.5523093938827515,0.3081252288818359,0.3081252288818359,0.0,0.0,0.0,0.0,0.0,0.3866429030895233,1.2862454890660273,0.28372025788511324,-0.40070851008304803,0.02,-0.14132873713970184,-0.01765018938171376,-0.0004168578104916738,-0.09532402038574216,0.15,-0.0,0.0,0.0,-0.0,0.0,1.3496615632186082,-0.6821329186986994,0.356691712141037,0.0,0.19398493116552182,0.0,1.6744867625989412,-0.0,0.0,-0.8546055698509449,-0.28175283793775635,-0.42891949756863657,0.5409988939762116,-0.0,-1.939208984375,0.0,-0.16566649079322815,-0.0,-0.242401123046875,-0.242401123046875,-0.05,0.13372025788511321,0.14390987157821655,0.2,0.0,-0.028796913425704198,-0.0,-0.3726703973208841,0.0,0.0,-0.0,0.06313446574859968,-0.00987566597912916,-0.0,0.0,0.0,0.0,0.18530829445352798,-0.052499999105930326,-0.0,-0.0,0.02,0.0,0.0,0.0,0.0,0.0,0.0,0.14390987157821655,13.438559598661959,23.26086922832157,0.4206521686004555,0.0,0.25,0.3499999940395355,3.0,2.0,0.25,0.3499999940395355,0.25,0.3499999940395355,0.25,43.0,1.0,0.0,0.0,0.25,0.25,0.0,0.0,1.0,8.0,0.0,0.0,0.0,0.0,0.0,0.0,0.0,0.0,18.587282180786133,186.87078857421875,18.80780029296875,186.63890075683594,0.2205181121826172,-0.2318878173828125,0.3200003206729889,-0.8105245447306648,-0.09897754341363907,-0.9950896501541138,0.0,0.0,0.0,0.0,28.0,28.0,28.0,0.0,1.0,54.0,0.0,0.0,1.0,0.0,1.0,0.0,0.0,0.0,2.68,73.72420001775026,0.5269999383017421,18.82680004928261,45.153999933972955,25.194299989379942,4.0,4.950099973939359,3.57810000423342,0.645300024189055,0.000400003045797348
2,68,177,0.5965168594757144,0,0,4.0,0.0,0.334514319896698,0.30812522768974304,0.5379976034164429,1.0,1.0,0.5377512574195862,0.6578792333602905,1.0,1.0,0.513467013835907,0.5131435394287109,0.5951278209686279,0.30812522768974304,0.30812522768974304,0.5377512574195862,0.6578792333602905,0.5131435394287109,0.0,0.20629292726516724,1.0,1.0,0.9912295341491699,0.19197942316532135,0.09042030572891235,0.4545454680919647,-0.16149282455444336,0.4183514714241028,-0.9082852005958557,0.0,0.44769060611724854,0.23722530901432037,1.0,-0.7928287982940674,1.0,187.08151245117188,7.703130722045898,7.703130722045898,13.443780899047852,12.828588485717773,16.44698143005371,0.44769060611724854,0.5523093938827515,0.3081252288818359,0.3081252288818359,0.0,0.0,0.0,0.0,0.0,0.3845623731613159,0.6392858407722082,0.2801927483123321,-0.7275241027701418,0.02,-0.14132873713970184,-0.01765018938171376,-0.0004168578104916738,0.0,0.15,-0.0,0.0,0.0,-0.0,0.0,1.0893129303960338,-0.8665136265897765,0.356691712141037,0.0,0.024196887016296537,0.3333333333333333,1.1163245083992943,-0.0,0.0,-0.8690613712368955,-0.0,-0.441334314547746,0.5409988939762116,-0.0,-1.939208984375,0.0,-0.16774702072143555,-0.0,-0.242401123046875,-0.242401123046875,-0.05,0.1301927483123321,0.14011356234550476,0.2,0.0,-0.0407864148460169,-0.015061983471074398,-0.5429113790727251,0.0,0.0,0.0,0.0,0.0,-0.0,0.0,0.0,0.0,0.17861918413545938,-0.1287643253803253,-0.0,-0.0,0.02,0.0,0.0,0.0,0.0,0.0,0.0,0.14011356234550476,12.860581257753074,0.0,0.0,0.45652173913043476,0.5,-0.5,4.0,0.0,0.5,-0.5,0.3700000047683716,-0.5,0.3700000000000001,44.0,1.0,0.0,0.0,0.5,0.5,1.0,0.1299999999999999,1.0,8.0,0.0,0.0,0.0,0.0,0.0,0.0,0.0,0.0,18.80766487121582,186.63905334472656,19.028182983398438,186.40716552734375,0.2205181121826172,-0.2318878173828125,0.3200003206729889,-0.8105245447306648,-0.10026247054338455,-0.9949610233306885,0.0,0.0,0.0,0.0,28.0,28.0,28.0,0.0,1.0,54.0,0.0,0.0,1.0,0.0,1.0,0.0,0.0,0.0,2.72,40.577500010840595,0.6480000447481871,18.34059995599091,12.674700003117323,8.971800096333027,4.0,4.80940006673336,3.373099956661463,0.7041000062599778,0.000400003045797348
2,69,178,1.0458635108660235,0,0,3.0,3.0,0.334514319896698,0.30812522768974304,0.5379976034164429,1.0,1.0,0.5377512574195862,0.6578792333602905,1.0,1.0,0.513467013835907,0.5131435394287109,0.5951278209686279,0.30812522768974304,0.30812522768974304,0.5377512574195862,0.6578792333602905,0.5131435394287109,0.0,0.20918625593185425,1.0,1.0,0.9909571409225464,0.183722585439682,-0.5017173290252686,0.6727272868156433,-0.16149282455444336,0.42959511280059814,-0.9030216336250305,0.0,0.44769060611724854,0.23722530901432037,1.0,-0.8157767653465271,1.0,186.83880615234375,7.470408916473389,7.470408916473389,12.855666160583496,12.753336906433105,16.60396957397461,0.4635653793811798,0.5364346206188202,0.2988163566589355,0.2988163566589355,0.0,0.0,0.0,0.0,0.0,0.36550992727279663,0.8347963908108285,0.2757803480835283,-0.45022315530113,0.02,-0.25177595019340515,-0.019613257979928377,-0.0003914860662217675,-0.08662524223327633,0.15,-0.0,0.0,0.0,-0.0,0.0,1.3859454195720007,-0.7463032365850208,0.3622478827834129,0.0,0.20408705960620527,0.0,1.7413279131839152,-0.0,0.0,-0.9174968791040322,-0.5954325918744928,-0.4548739948109959,0.551317496597767,-0.0,-1.941650390625,0.0,-0.17092469334602356,-0.0,-0.242706298828125,-0.242706298828125,-0.05,0.1257803480835283,0.13837920129299164,0.2,0.0,-0.027953857381189513,-0.0,-0.3607639373199729,0.0,0.0,-0.0,0.13538250009976455,-0.015990100308496798,-0.0,0.0,0.0,0.0,0.17516170209129003,-0.18089776039123534,-0.0,-0.0,0.02,0.0,0.0,0.0,0.0,0.0,0.0,0.13837920129299164,13.045133444555105,32.4,0.7326086850269979,0.0,0.25,0.699999988079071,3.0,3.0,0.25,0.699999988079071,0.25,0.699999988079071,0.25,45.0,1.0,0.0,0.0,0.25,0.25,0.0,0.0,1.0,8.0,0.0,0.0,0.0,0.0,0.0,0.0,0.0,0.0,19.02800941467285,186.4073028564453,19.2485294342041,186.1754150390625,0.22052001953125,-0.2318878173828125,0.32000163197517395,-0.8105202017987644,-0.10154989361763,-0.9948304295539856,0.0,0.0,0.0,0.0,28.0,28.0,28.0,0.0,1.0,54.0,0.0,0.0,1.0,0.0,1.0,0.0,0.0,0.0,2.76,100.0983000267297,0.7276000687852502,20.454599987715483,67.3160000005737,32.275900011882186,4.0,7.3850000044330955,3.517800010740757,0.6534999702125788,0.000400003045797348
2,70,179,1.4476918385484958,0,0,3.0,2.0,0.3213350176811218,0.29881635308265686,0.5321923494338989,1.0,1.0,0.5142266750335693,0.6641587615013123,1.0,1.0,0.5101335048675537,0.510193407535553,0.5996381640434265,0.29881635308265686,0.29881635308265686,0.5142266750335693,0.6641587615013123,0.5101335048675537,0.0,0.21206040680408478,1.0,1.0,0.990681529045105,0.18635904788970947,0.1602015495300293,0.4545454680919647,-0.17338044941425323,0.44178199768066406,-0.8971224427223206,0.0,0.4635653793811798,0.2755613923072815,1.0,-0.8250672221183777,1.0,186.5945587158203,7.470408916473389,7.470408916473389,12.855666160583496,12.753336906433105,16.60396957397461,0.4635653793811798,0.5364346206188202,0.2988163566589355,0.2988163566589355,0.0,0.0,0.0,0.0,0.0,0.35728001594543457,1.187615965318095,0.2775841737991385,-0.3947883165141724,0.02,-0.25177595019340515,-0.019613257979928377,-0.0003914860662217675,0.0,0.15,-0.0,0.0,0.0,-0.0,0.0,1.3859454195720007,-0.7463032365850208,0.3622478827834129,0.0,0.20408705960620527,0.0,1.7413279131839152,-0.0,0.0,-0.9470668053730367,-0.2977162959372464,-0.46843457798982024,0.551317496597767,-0.0,-1.9539794921875,0.0,-0.17915460467338562,-0.0,-0.2442474365234375,-0.2442474365234375,-0.05,0.1275841737991385,0.14036370813846588,0.2,0.0,-0.028200540653190446,-0.0,-0.3737839766506855,0.0,0.0,-0.0,0.06769125004988227,-0.007995050154248399,-0.0,0.0,0.0,0.0,0.1732096646970384,-0.052499999105930326,-0.0,-0.0,0.02,0.0,0.0,0.0,0.0,0.0,0.0,0.14036370813846588,13.160252304822208,23.26086922832157,0.4206521686004555,0.0,0.25,0.3499999940395355,3.0,2.0,0.25,0.3499999940395355,0.25,0.3499999940395355,0.25,46.0,1.0,0.0,0.0,0.25,0.25,0.0,0.0,1.0,8.0,0.0,0.0,0.0,0.0,0.0,0.0,0.0,0.0,19.248336791992188,186.17555236816406,19.468856811523438,185.94366455078125,0.22052001953125,-0.2318878173828125,0.32000163197517395,-0.8105202017987644,-0.10283992439508438,-0.9946978688240051,0.0,0.0,0.0,0.0,28.0,28.0,28.0,0.0,1.0,54.0,0.0,0.0,1.0,0.0,1.0,0.0,0.0,0.0,2.8,81.45639998838305,0.7183999987319112,24.950799997895956,47.43020003661513,16.587499994784594,4.0,4.108699969947338,3.458600025624037,0.7529999129474163,0.000500003807246685
